date,indicator_id,region,value,source_url
2012-04-01,jepx-spread-top8-kyushu,kyushu,1.8562500000000028,https://www.jepx.jp/_download.php?dir=spot_summary&file=spot_summary_2012.csv
2012-04-02,jepx-spread-top8-kyushu,kyushu,1.4399999999999995,https://www.jepx.jp/_download.php?dir=spot_summary&file=spot_summary_2012.csv
2012-04-03,jepx-spread-top8-kyushu,kyushu,3.266250000000001,https://www.jepx.jp/_download.php?dir=spot_summary&file=spot_summary_2012.csv
2012-04-04,jepx-spread-top8-kyushu,kyushu,3.816250000000002,https://www.jepx.jp/_download.php?dir=spot_summary&file=spot_summary_2012.csv
2012-04-05,jepx-spread-top8-kyushu,kyushu,4.123750000000003,https://www.jepx.jp/_download.php?dir=spot_summary&file=spot_summary_2012.csv
2012-04-06,jepx-spread-top8-kyushu,kyushu,5.975000000000001,https://www.jepx.jp/_download.php?dir=spot_summary&file=spot_summary_2012.csv
2012-04-07,jepx-spread-top8-kyushu,kyushu,5.248749999999998,https://www.jepx.jp/_download.php?dir=spot_summary&file=spot_summary_2012.csv
2012-04-08,jepx-spread-top8-kyushu,kyushu,3.6587499999999977,https://www.jepx.jp/_download.php?dir=spot_summary&file=spot_summary_2012.csv
2012-04-09,jepx-spread-top8-kyushu,kyushu,4.58375,https://www.jepx.jp/_download.php?dir=spot_summary&file=spot_summary_2012.csv
2012-04-10,jepx-spread-top8-kyushu,kyushu,4.727499999999999,https://www.jepx.jp/_download.php?dir=spot_summary&file=spot_summary_2012.csv
2012-04-11,jepx-spread-top8-kyushu,kyushu,6.8475,https://www.jepx.jp/_download.php?dir=spot_summary&file=spot_summary_2012.csv
2012-04-12,jepx-spread-top8-kyushu,kyushu,4.418749999999999,https://www.jepx.jp/_download.php?dir=spot_summary&file=spot_summary_2012.csv
2012-04-13,jepx-spread-top8-kyushu,kyushu,5.382500000000004,https://www.jepx.jp/_download.php?dir=spot_summary&file=spot_summary_2012.csv
2012-04-14,jepx-spread-top8-kyushu,kyushu,2.1012500000000003,https://www.jepx.jp/_download.php?dir=spot_summary&file=spot_summary_2012.csv
2012-04-15,jepx-spread-top8-kyushu,kyushu,2.0312500000000018,https://www.jepx.jp/_download.php?dir=spot_summary&file=spot_summary_2012.csv
2012-04-16,jepx-spread-top8-kyushu,kyushu,3.8374999999999986,https://www.jepx.jp/_download.php?dir=spot_summary&file=spot_summary_2012.csv
2012-04-17,jepx-spread-top8-kyushu,kyushu,3.336249999999996,https://www.jepx.jp/_download.php?dir=spot_summary&file=spot_summary_2012.csv
2012-04-18,jepx-spread-top8-kyushu,kyushu,3.7575000000000003,https://www.jepx.jp/_download.php?dir=spot_summary&file=spot_summary_2012.csv
2012-04-19,jepx-spread-top8-kyushu,kyushu,3.8825000000000003,https://www.jepx.jp/_download.php?dir=spot_summary&file=spot_summary_2012.csv
2012-04-20,jepx-spread-top8-kyushu,kyushu,3.82625,https://www.jepx.jp/_download.php?dir=spot_summary&file=spot_summary_2012.csv
2012-04-21,jepx-spread-top8-kyushu,kyushu,1.2699999999999996,https://www.jepx.jp/_download.php?dir=spot_summary&file=spot_summary_2012.csv
2012-04-22,jepx-spread-top8-kyushu,kyushu,1.7162500000000005,https://www.jepx.jp/_download.php?dir=spot_summary&file=spot_summary_2012.csv
2012-04-23,jepx-spread-top8-kyushu,kyushu,3.327499999999999,https://www.jepx.jp/_download.php?dir=spot_summary&file=spot_summary_2012.csv
2012-04-24,jepx-spread-top8-kyushu,kyushu,4.422499999999999,https://www.jepx.jp/_download.php?dir=spot_summary&file=spot_summary_2012.csv
2012-04-25,jepx-spread-top8-kyushu,kyushu,9.0625,https://www.jepx.jp/_download.php?dir=spot_summary&file=spot_summary_2012.csv
2012-04-26,jepx-spread-top8-kyushu,kyushu,12.10125,https://www.jepx.jp/_download.php?dir=spot_summary&file=spot_summary_2012.csv
2012-04-27,jepx-spread-top8-kyushu,kyushu,6.754999999999999,https://www.jepx.jp/_download.php?dir=spot_summary&file=spot_summary_2012.csv
2012-04-28,jepx-spread-top8-kyushu,kyushu,2.492499999999998,https://www.jepx.jp/_download.php?dir=spot_summary&file=spot_summary_2012.csv
2012-04-29,jepx-spread-top8-kyushu,kyushu,1.8062500000000004,https://www.jepx.jp/_download.php?dir=spot_summary&file=spot_summary_2012.csv
2012-04-30,jepx-spread-top8-kyushu,kyushu,1.96875,https://www.jepx.jp/_download.php?dir=spot_summary&file=spot_summary_2012.csv
2012-05-01,jepx-spread-top8-kyushu,kyushu,7.993749999999999,https://www.jepx.jp/_download.php?dir=spot_summary&file=spot_summary_2012.csv
2012-05-02,jepx-spread-top8-kyushu,kyushu,7.693749999999998,https://www.jepx.jp/_download.php?dir=spot_summary&file=spot_summary_2012.csv
2012-05-03,jepx-spread-top8-kyushu,kyushu,3.2612500000000004,https://www.jepx.jp/_download.php?dir=spot_summary&file=spot_summary_2012.csv
2012-05-04,jepx-spread-top8-kyushu,kyushu,4.828749999999996,https://www.jepx.jp/_download.php?dir=spot_summary&file=spot_summary_2012.csv
2012-05-05,jepx-spread-top8-kyushu,kyushu,3.6125000000000007,https://www.jepx.jp/_download.php?dir=spot_summary&file=spot_summary_2012.csv
2012-05-06,jepx-spread-top8-kyushu,kyushu,2.450000000000003,https://www.jepx.jp/_download.php?dir=spot_summary&file=spot_summary_2012.csv
2012-05-07,jepx-spread-top8-kyushu,kyushu,8.091249999999995,https://www.jepx.jp/_download.php?dir=spot_summary&file=spot_summary_2012.csv
2012-05-08,jepx-spread-top8-kyushu,kyushu,9.80875,https://www.jepx.jp/_download.php?dir=spot_summary&file=spot_summary_2012.csv
2012-05-09,jepx-spread-top8-kyushu,kyushu,9.0925,https://www.jepx.jp/_download.php?dir=spot_summary&file=spot_summary_2012.csv
2012-05-10,jepx-spread-top8-kyushu,kyushu,10.673749999999998,https://www.jepx.jp/_download.php?dir=spot_summary&file=spot_summary_2012.csv
2012-05-11,jepx-spread-top8-kyushu,kyushu,7.536250000000001,https://www.jepx.jp/_download.php?dir=spot_summary&file=spot_summary_2012.csv
2012-05-12,jepx-spread-top8-kyushu,kyushu,1.5124999999999993,https://www.jepx.jp/_download.php?dir=spot_summary&file=spot_summary_2012.csv
2012-05-13,jepx-spread-top8-kyushu,kyushu,1.7674999999999983,https://www.jepx.jp/_download.php?dir=spot_summary&file=spot_summary_2012.csv
2012-05-14,jepx-spread-top8-kyushu,kyushu,6.582500000000001,https://www.jepx.jp/_download.php?dir=spot_summary&file=spot_summary_2012.csv
2012-05-15,jepx-spread-top8-kyushu,kyushu,8.993749999999999,https://www.jepx.jp/_download.php?dir=spot_summary&file=spot_summary_2012.csv
2012-05-16,jepx-spread-top8-kyushu,kyushu,8.908749999999998,https://www.jepx.jp/_download.php?dir=spot_summary&file=spot_summary_2012.csv
2012-05-17,jepx-spread-top8-kyushu,kyushu,7.536250000000001,https://www.jepx.jp/_download.php?dir=spot_summary&file=spot_summary_2012.csv
2012-05-18,jepx-spread-top8-kyushu,kyushu,2.1287499999999984,https://www.jepx.jp/_download.php?dir=spot_summary&file=spot_summary_2012.csv
2012-05-19,jepx-spread-top8-kyushu,kyushu,2.7312499999999993,https://www.jepx.jp/_download.php?dir=spot_summary&file=spot_summary_2012.csv
2012-05-20,jepx-spread-top8-kyushu,kyushu,1.7624999999999993,https://www.jepx.jp/_download.php?dir=spot_summary&file=spot_summary_2012.csv
2012-05-21,jepx-spread-top8-kyushu,kyushu,10.771249999999998,https://www.jepx.jp/_download.php?dir=spot_summary&file=spot_summary_2012.csv
2012-05-22,jepx-spread-top8-kyushu,kyushu,6.411249999999999,https://www.jepx.jp/_download.php?dir=spot_summary&file=spot_summary_2012.csv
2012-05-23,jepx-spread-top8-kyushu,kyushu,2.6499999999999986,https://www.jepx.jp/_download.php?dir=spot_summary&file=spot_summary_2012.csv
2012-05-24,jepx-spread-top8-kyushu,kyushu,7.177499999999998,https://www.jepx.jp/_download.php?dir=spot_summary&file=spot_summary_2012.csv
2012-05-25,jepx-spread-top8-kyushu,kyushu,5.870000000000003,https://www.jepx.jp/_download.php?dir=spot_summary&file=spot_summary_2012.csv
2012-05-26,jepx-spread-top8-kyushu,kyushu,1.7212499999999995,https://www.jepx.jp/_download.php?dir=spot_summary&file=spot_summary_2012.csv
2012-05-27,jepx-spread-top8-kyushu,kyushu,1.0450000000000017,https://www.jepx.jp/_download.php?dir=spot_summary&file=spot_summary_2012.csv
2012-05-28,jepx-spread-top8-kyushu,kyushu,5.927500000000002,https://www.jepx.jp/_download.php?dir=spot_summary&file=spot_summary_2012.csv
2012-05-29,jepx-spread-top8-kyushu,kyushu,5.201249999999996,https://www.jepx.jp/_download.php?dir=spot_summary&file=spot_summary_2012.csv
2012-05-30,jepx-spread-top8-kyushu,kyushu,5.805,https://www.jepx.jp/_download.php?dir=spot_summary&file=spot_summary_2012.csv
2012-05-31,jepx-spread-top8-kyushu,kyushu,6.635000000000002,https://www.jepx.jp/_download.php?dir=spot_summary&file=spot_summary_2012.csv
2012-06-01,jepx-spread-top8-kyushu,kyushu,6.09375,https://www.jepx.jp/_download.php?dir=spot_summary&file=spot_summary_2012.csv
2012-06-02,jepx-spread-top8-kyushu,kyushu,1.6587499999999995,https://www.jepx.jp/_download.php?dir=spot_summary&file=spot_summary_2012.csv
2012-06-03,jepx-spread-top8-kyushu,kyushu,1.1962499999999991,https://www.jepx.jp/_download.php?dir=spot_summary&file=spot_summary_2012.csv
2012-06-04,jepx-spread-top8-kyushu,kyushu,6.530000000000001,https://www.jepx.jp/_download.php?dir=spot_summary&file=spot_summary_2012.csv
2012-06-05,jepx-spread-top8-kyushu,kyushu,6.77,https://www.jepx.jp/_download.php?dir=spot_summary&file=spot_summary_2012.csv
2012-06-06,jepx-spread-top8-kyushu,kyushu,6.2312499999999975,https://www.jepx.jp/_download.php?dir=spot_summary&file=spot_summary_2012.csv
2012-06-07,jepx-spread-top8-kyushu,kyushu,5.770000000000001,https://www.jepx.jp/_download.php?dir=spot_summary&file=spot_summary_2012.csv
2012-06-08,jepx-spread-top8-kyushu,kyushu,2.743750000000002,https://www.jepx.jp/_download.php?dir=spot_summary&file=spot_summary_2012.csv
2012-06-09,jepx-spread-top8-kyushu,kyushu,1.1149999999999984,https://www.jepx.jp/_download.php?dir=spot_summary&file=spot_summary_2012.csv
2012-06-10,jepx-spread-top8-kyushu,kyushu,0.9900000000000002,https://www.jepx.jp/_download.php?dir=spot_summary&file=spot_summary_2012.csv
2012-06-11,jepx-spread-top8-kyushu,kyushu,6.241250000000003,https://www.jepx.jp/_download.php?dir=spot_summary&file=spot_summary_2012.csv
2012-06-12,jepx-spread-top8-kyushu,kyushu,6.261250000000002,https://www.jepx.jp/_download.php?dir=spot_summary&file=spot_summary_2012.csv
2012-06-13,jepx-spread-top8-kyushu,kyushu,2.6462499999999984,https://www.jepx.jp/_download.php?dir=spot_summary&file=spot_summary_2012.csv
2012-06-14,jepx-spread-top8-kyushu,kyushu,3.526250000000001,https://www.jepx.jp/_download.php?dir=spot_summary&file=spot_summary_2012.csv
2012-06-15,jepx-spread-top8-kyushu,kyushu,2.62875,https://www.jepx.jp/_download.php?dir=spot_summary&file=spot_summary_2012.csv
2012-06-16,jepx-spread-top8-kyushu,kyushu,1.4774999999999991,https://www.jepx.jp/_download.php?dir=spot_summary&file=spot_summary_2012.csv
2012-06-17,jepx-spread-top8-kyushu,kyushu,1.6412499999999994,https://www.jepx.jp/_download.php?dir=spot_summary&file=spot_summary_2012.csv
2012-06-18,jepx-spread-top8-kyushu,kyushu,6.087500000000002,https://www.jepx.jp/_download.php?dir=spot_summary&file=spot_summary_2012.csv
2012-06-19,jepx-spread-top8-kyushu,kyushu,5.582500000000001,https://www.jepx.jp/_download.php?dir=spot_summary&file=spot_summary_2012.csv
2012-06-20,jepx-spread-top8-kyushu,kyushu,12.948749999999999,https://www.jepx.jp/_download.php?dir=spot_summary&file=spot_summary_2012.csv
2012-06-21,jepx-spread-top8-kyushu,kyushu,6.556249999999999,https://www.jepx.jp/_download.php?dir=spot_summary&file=spot_summary_2012.csv
2012-06-22,jepx-spread-top8-kyushu,kyushu,5.473749999999999,https://www.jepx.jp/_download.php?dir=spot_summary&file=spot_summary_2012.csv
2012-06-23,jepx-spread-top8-kyushu,kyushu,3.0625000000000018,https://www.jepx.jp/_download.php?dir=spot_summary&file=spot_summary_2012.csv
2012-06-24,jepx-spread-top8-kyushu,kyushu,3.7825000000000006,https://www.jepx.jp/_download.php?dir=spot_summary&file=spot_summary_2012.csv
2012-06-25,jepx-spread-top8-kyushu,kyushu,4.536249999999999,https://www.jepx.jp/_download.php?dir=spot_summary&file=spot_summary_2012.csv
2012-06-26,jepx-spread-top8-kyushu,kyushu,3.9612499999999997,https://www.jepx.jp/_download.php?dir=spot_summary&file=spot_summary_2012.csv
2012-06-27,jepx-spread-top8-kyushu,kyushu,4.10125,https://www.jepx.jp/_download.php?dir=spot_summary&file=spot_summary_2012.csv
2012-06-28,jepx-spread-top8-kyushu,kyushu,4.6325,https://www.jepx.jp/_download.php?dir=spot_summary&file=spot_summary_2012.csv
2012-06-29,jepx-spread-top8-kyushu,kyushu,4.612500000000001,https://www.jepx.jp/_download.php?dir=spot_summary&file=spot_summary_2012.csv
2012-06-30,jepx-spread-top8-kyushu,kyushu,3.4700000000000006,https://www.jepx.jp/_download.php?dir=spot_summary&file=spot_summary_2012.csv
2012-07-01,jepx-spread-top8-kyushu,kyushu,3.045,https://www.jepx.jp/_download.php?dir=spot_summary&file=spot_summary_2012.csv
2012-07-02,jepx-spread-top8-kyushu,kyushu,4.895,https://www.jepx.jp/_download.php?dir=spot_summary&file=spot_summary_2012.csv
2012-07-03,jepx-spread-top8-kyushu,kyushu,4.602500000000003,https://www.jepx.jp/_download.php?dir=spot_summary&file=spot_summary_2012.csv
2012-07-04,jepx-spread-top8-kyushu,kyushu,5.074999999999999,https://www.jepx.jp/_download.php?dir=spot_summary&file=spot_summary_2012.csv
2012-07-05,jepx-spread-top8-kyushu,kyushu,5.000000000000002,https://www.jepx.jp/_download.php?dir=spot_summary&file=spot_summary_2012.csv
2012-07-06,jepx-spread-top8-kyushu,kyushu,5.476250000000002,https://www.jepx.jp/_download.php?dir=spot_summary&file=spot_summary_2012.csv
2012-07-07,jepx-spread-top8-kyushu,kyushu,4.1537500000000005,https://www.jepx.jp/_download.php?dir=spot_summary&file=spot_summary_2012.csv
2012-07-08,jepx-spread-top8-kyushu,kyushu,3.7212499999999995,https://www.jepx.jp/_download.php?dir=spot_summary&file=spot_summary_2012.csv
2012-07-09,jepx-spread-top8-kyushu,kyushu,5.635000000000002,https://www.jepx.jp/_download.php?dir=spot_summary&file=spot_summary_2012.csv
2012-07-10,jepx-spread-top8-kyushu,kyushu,6.001249999999999,https://www.jepx.jp/_download.php?dir=spot_summary&file=spot_summary_2012.csv
2012-07-11,jepx-spread-top8-kyushu,kyushu,5.606249999999999,https://www.jepx.jp/_download.php?dir=spot_summary&file=spot_summary_2012.csv
2012-07-12,jepx-spread-top8-kyushu,kyushu,5.877500000000001,https://www.jepx.jp/_download.php?dir=spot_summary&file=spot_summary_2012.csv
2012-07-13,jepx-spread-top8-kyushu,kyushu,5.587499999999999,https://www.jepx.jp/_download.php?dir=spot_summary&file=spot_summary_2012.csv
2012-07-14,jepx-spread-top8-kyushu,kyushu,4.471250000000001,https://www.jepx.jp/_download.php?dir=spot_summary&file=spot_summary_2012.csv
2012-07-15,jepx-spread-top8-kyushu,kyushu,4.86875,https://www.jepx.jp/_download.php?dir=spot_summary&file=spot_summary_2012.csv
2012-07-16,jepx-spread-top8-kyushu,kyushu,4.9275,https://www.jepx.jp/_download.php?dir=spot_summary&file=spot_summary_2012.csv
2012-07-17,jepx-spread-top8-kyushu,kyushu,5.86875,https://www.jepx.jp/_download.php?dir=spot_summary&file=spot_summary_2012.csv
2012-07-18,jepx-spread-top8-kyushu,kyushu,8.928750000000003,https://www.jepx.jp/_download.php?dir=spot_summary&file=spot_summary_2012.csv
2012-07-19,jepx-spread-top8-kyushu,kyushu,10.5425,https://www.jepx.jp/_download.php?dir=spot_summary&file=spot_summary_2012.csv
2012-07-20,jepx-spread-top8-kyushu,kyushu,6.77375,https://www.jepx.jp/_download.php?dir=spot_summary&file=spot_summary_2012.csv
2012-07-21,jepx-spread-top8-kyushu,kyushu,3.8100000000000023,https://www.jepx.jp/_download.php?dir=spot_summary&file=spot_summary_2012.csv
2012-07-22,jepx-spread-top8-kyushu,kyushu,4.280000000000001,https://www.jepx.jp/_download.php?dir=spot_summary&file=spot_summary_2012.csv
2012-07-23,jepx-spread-top8-kyushu,kyushu,11.8825,https://www.jepx.jp/_download.php?dir=spot_summary&file=spot_summary_2012.csv
2012-07-24,jepx-spread-top8-kyushu,kyushu,12.403749999999999,https://www.jepx.jp/_download.php?dir=spot_summary&file=spot_summary_2012.csv
2012-07-25,jepx-spread-top8-kyushu,kyushu,12.0025,https://www.jepx.jp/_download.php?dir=spot_summary&file=spot_summary_2012.csv
2012-07-26,jepx-spread-top8-kyushu,kyushu,12.253750000000002,https://www.jepx.jp/_download.php?dir=spot_summary&file=spot_summary_2012.csv
2012-07-27,jepx-spread-top8-kyushu,kyushu,13.726249999999999,https://www.jepx.jp/_download.php?dir=spot_summary&file=spot_summary_2012.csv
2012-07-28,jepx-spread-top8-kyushu,kyushu,6.6075,https://www.jepx.jp/_download.php?dir=spot_summary&file=spot_summary_2012.csv
2012-07-29,jepx-spread-top8-kyushu,kyushu,5.380000000000001,https://www.jepx.jp/_download.php?dir=spot_summary&file=spot_summary_2012.csv
2012-07-30,jepx-spread-top8-kyushu,kyushu,14.989999999999998,https://www.jepx.jp/_download.php?dir=spot_summary&file=spot_summary_2012.csv
2012-07-31,jepx-spread-top8-kyushu,kyushu,20.9,https://www.jepx.jp/_download.php?dir=spot_summary&file=spot_summary_2012.csv
2012-08-01,jepx-spread-top8-kyushu,kyushu,15.724999999999998,https://www.jepx.jp/_download.php?dir=spot_summary&file=spot_summary_2012.csv
2012-08-02,jepx-spread-top8-kyushu,kyushu,17.197499999999998,https://www.jepx.jp/_download.php?dir=spot_summary&file=spot_summary_2012.csv
2012-08-03,jepx-spread-top8-kyushu,kyushu,20.385,https://www.jepx.jp/_download.php?dir=spot_summary&file=spot_summary_2012.csv
2012-08-04,jepx-spread-top8-kyushu,kyushu,5.026250000000001,https://www.jepx.jp/_download.php?dir=spot_summary&file=spot_summary_2012.csv
2012-08-05,jepx-spread-top8-kyushu,kyushu,4.35,https://www.jepx.jp/_download.php?dir=spot_summary&file=spot_summary_2012.csv
2012-08-06,jepx-spread-top8-kyushu,kyushu,11.57,https://www.jepx.jp/_download.php?dir=spot_summary&file=spot_summary_2012.csv
2012-08-07,jepx-spread-top8-kyushu,kyushu,11.288749999999999,https://www.jepx.jp/_download.php?dir=spot_summary&file=spot_summary_2012.csv
2012-08-08,jepx-spread-top8-kyushu,kyushu,11.553749999999997,https://www.jepx.jp/_download.php?dir=spot_summary&file=spot_summary_2012.csv
2012-08-09,jepx-spread-top8-kyushu,kyushu,11.471249999999998,https://www.jepx.jp/_download.php?dir=spot_summary&file=spot_summary_2012.csv
2012-08-10,jepx-spread-top8-kyushu,kyushu,11.433749999999998,https://www.jepx.jp/_download.php?dir=spot_summary&file=spot_summary_2012.csv
2012-08-11,jepx-spread-top8-kyushu,kyushu,4.13125,https://www.jepx.jp/_download.php?dir=spot_summary&file=spot_summary_2012.csv
2012-08-12,jepx-spread-top8-kyushu,kyushu,4.25,https://www.jepx.jp/_download.php?dir=spot_summary&file=spot_summary_2012.csv
2012-08-13,jepx-spread-top8-kyushu,kyushu,4.709999999999999,https://www.jepx.jp/_download.php?dir=spot_summary&file=spot_summary_2012.csv
2012-08-14,jepx-spread-top8-kyushu,kyushu,4.728750000000002,https://www.jepx.jp/_download.php?dir=spot_summary&file=spot_summary_2012.csv
2012-08-15,jepx-spread-top8-kyushu,kyushu,4.702500000000001,https://www.jepx.jp/_download.php?dir=spot_summary&file=spot_summary_2012.csv
2012-08-16,jepx-spread-top8-kyushu,kyushu,6.196250000000001,https://www.jepx.jp/_download.php?dir=spot_summary&file=spot_summary_2012.csv
2012-08-17,jepx-spread-top8-kyushu,kyushu,10.285000000000002,https://www.jepx.jp/_download.php?dir=spot_summary&file=spot_summary_2012.csv
2012-08-18,jepx-spread-top8-kyushu,kyushu,4.359999999999999,https://www.jepx.jp/_download.php?dir=spot_summary&file=spot_summary_2012.csv
2012-08-19,jepx-spread-top8-kyushu,kyushu,4.478749999999998,https://www.jepx.jp/_download.php?dir=spot_summary&file=spot_summary_2012.csv
2012-08-20,jepx-spread-top8-kyushu,kyushu,30.090000000000003,https://www.jepx.jp/_download.php?dir=spot_summary&file=spot_summary_2012.csv
2012-08-21,jepx-spread-top8-kyushu,kyushu,29.86875,https://www.jepx.jp/_download.php?dir=spot_summary&file=spot_summary_2012.csv
2012-08-22,jepx-spread-top8-kyushu,kyushu,8.93375,https://www.jepx.jp/_download.php?dir=spot_summary&file=spot_summary_2012.csv
2012-08-23,jepx-spread-top8-kyushu,kyushu,19.78875,https://www.jepx.jp/_download.php?dir=spot_summary&file=spot_summary_2012.csv
2012-08-24,jepx-spread-top8-kyushu,kyushu,23.17875,https://www.jepx.jp/_download.php?dir=spot_summary&file=spot_summary_2012.csv
2012-08-25,jepx-spread-top8-kyushu,kyushu,4.445,https://www.jepx.jp/_download.php?dir=spot_summary&file=spot_summary_2012.csv
2012-08-26,jepx-spread-top8-kyushu,kyushu,3.6537500000000005,https://www.jepx.jp/_download.php?dir=spot_summary&file=spot_summary_2012.csv
2012-08-27,jepx-spread-top8-kyushu,kyushu,11.51125,https://www.jepx.jp/_download.php?dir=spot_summary&file=spot_summary_2012.csv
2012-08-28,jepx-spread-top8-kyushu,kyushu,21.552500000000002,https://www.jepx.jp/_download.php?dir=spot_summary&file=spot_summary_2012.csv
2012-08-29,jepx-spread-top8-kyushu,kyushu,29.278750000000002,https://www.jepx.jp/_download.php?dir=spot_summary&file=spot_summary_2012.csv
2012-08-30,jepx-spread-top8-kyushu,kyushu,20.64875,https://www.jepx.jp/_download.php?dir=spot_summary&file=spot_summary_2012.csv
2012-08-31,jepx-spread-top8-kyushu,kyushu,17.66625,https://www.jepx.jp/_download.php?dir=spot_summary&file=spot_summary_2012.csv
2012-09-01,jepx-spread-top8-kyushu,kyushu,5.518750000000001,https://www.jepx.jp/_download.php?dir=spot_summary&file=spot_summary_2012.csv
2012-09-02,jepx-spread-top8-kyushu,kyushu,5.707500000000001,https://www.jepx.jp/_download.php?dir=spot_summary&file=spot_summary_2012.csv
2012-09-03,jepx-spread-top8-kyushu,kyushu,11.681249999999999,https://www.jepx.jp/_download.php?dir=spot_summary&file=spot_summary_2012.csv
2012-09-04,jepx-spread-top8-kyushu,kyushu,29.46875,https://www.jepx.jp/_download.php?dir=spot_summary&file=spot_summary_2012.csv
2012-09-05,jepx-spread-top8-kyushu,kyushu,9.852500000000001,https://www.jepx.jp/_download.php?dir=spot_summary&file=spot_summary_2012.csv
2012-09-06,jepx-spread-top8-kyushu,kyushu,7.188750000000001,https://www.jepx.jp/_download.php?dir=spot_summary&file=spot_summary_2012.csv
2012-09-07,jepx-spread-top8-kyushu,kyushu,7.366249999999999,https://www.jepx.jp/_download.php?dir=spot_summary&file=spot_summary_2012.csv
2012-09-08,jepx-spread-top8-kyushu,kyushu,3.813749999999999,https://www.jepx.jp/_download.php?dir=spot_summary&file=spot_summary_2012.csv
2012-09-09,jepx-spread-top8-kyushu,kyushu,4.133749999999999,https://www.jepx.jp/_download.php?dir=spot_summary&file=spot_summary_2012.csv
2012-09-10,jepx-spread-top8-kyushu,kyushu,8.206249999999999,https://www.jepx.jp/_download.php?dir=spot_summary&file=spot_summary_2012.csv
2012-09-11,jepx-spread-top8-kyushu,kyushu,9.752500000000001,https://www.jepx.jp/_download.php?dir=spot_summary&file=spot_summary_2012.csv
2012-09-12,jepx-spread-top8-kyushu,kyushu,7.83625,https://www.jepx.jp/_download.php?dir=spot_summary&file=spot_summary_2012.csv
2012-09-13,jepx-spread-top8-kyushu,kyushu,9.38625,https://www.jepx.jp/_download.php?dir=spot_summary&file=spot_summary_2012.csv
2012-09-14,jepx-spread-top8-kyushu,kyushu,10.112499999999999,https://www.jepx.jp/_download.php?dir=spot_summary&file=spot_summary_2012.csv
2012-09-15,jepx-spread-top8-kyushu,kyushu,2.3462499999999995,https://www.jepx.jp/_download.php?dir=spot_summary&file=spot_summary_2012.csv
2012-09-16,jepx-spread-top8-kyushu,kyushu,3.276249999999999,https://www.jepx.jp/_download.php?dir=spot_summary&file=spot_summary_2012.csv
2012-09-17,jepx-spread-top8-kyushu,kyushu,5.467500000000001,https://www.jepx.jp/_download.php?dir=spot_summary&file=spot_summary_2012.csv
2012-09-18,jepx-spread-top8-kyushu,kyushu,8.762500000000001,https://www.jepx.jp/_download.php?dir=spot_summary&file=spot_summary_2012.csv
2012-09-19,jepx-spread-top8-kyushu,kyushu,5.212500000000002,https://www.jepx.jp/_download.php?dir=spot_summary&file=spot_summary_2012.csv
2012-09-20,jepx-spread-top8-kyushu,kyushu,4.58625,https://www.jepx.jp/_download.php?dir=spot_summary&file=spot_summary_2012.csv
2012-09-21,jepx-spread-top8-kyushu,kyushu,6.27125,https://www.jepx.jp/_download.php?dir=spot_summary&file=spot_summary_2012.csv
2012-09-22,jepx-spread-top8-kyushu,kyushu,4.5962499999999995,https://www.jepx.jp/_download.php?dir=spot_summary&file=spot_summary_2012.csv
2012-09-23,jepx-spread-top8-kyushu,kyushu,3.8562499999999993,https://www.jepx.jp/_download.php?dir=spot_summary&file=spot_summary_2012.csv
2012-09-24,jepx-spread-top8-kyushu,kyushu,6.546250000000001,https://www.jepx.jp/_download.php?dir=spot_summary&file=spot_summary_2012.csv
2012-09-25,jepx-spread-top8-kyushu,kyushu,5.9625,https://www.jepx.jp/_download.php?dir=spot_summary&file=spot_summary_2012.csv
2012-09-26,jepx-spread-top8-kyushu,kyushu,6.916250000000001,https://www.jepx.jp/_download.php?dir=spot_summary&file=spot_summary_2012.csv
2012-09-27,jepx-spread-top8-kyushu,kyushu,6.766249999999999,https://www.jepx.jp/_download.php?dir=spot_summary&file=spot_summary_2012.csv
2012-09-28,jepx-spread-top8-kyushu,kyushu,7.0962499999999995,https://www.jepx.jp/_download.php?dir=spot_summary&file=spot_summary_2012.csv
2012-09-29,jepx-spread-top8-kyushu,kyushu,5.870000000000001,https://www.jepx.jp/_download.php?dir=spot_summary&file=spot_summary_2012.csv
2012-09-30,jepx-spread-top8-kyushu,kyushu,4.957500000000001,https://www.jepx.jp/_download.php?dir=spot_summary&file=spot_summary_2012.csv
2012-10-01,jepx-spread-top8-kyushu,kyushu,6.867500000000003,https://www.jepx.jp/_download.php?dir=spot_summary&file=spot_summary_2012.csv
2012-10-02,jepx-spread-top8-kyushu,kyushu,4.92625,https://www.jepx.jp/_download.php?dir=spot_summary&file=spot_summary_2012.csv
2012-10-03,jepx-spread-top8-kyushu,kyushu,4.422500000000003,https://www.jepx.jp/_download.php?dir=spot_summary&file=spot_summary_2012.csv
2012-10-04,jepx-spread-top8-kyushu,kyushu,5.735000000000001,https://www.jepx.jp/_download.php?dir=spot_summary&file=spot_summary_2012.csv
2012-10-05,jepx-spread-top8-kyushu,kyushu,4.453750000000001,https://www.jepx.jp/_download.php?dir=spot_summary&file=spot_summary_2012.csv
2012-10-06,jepx-spread-top8-kyushu,kyushu,2.1675000000000004,https://www.jepx.jp/_download.php?dir=spot_summary&file=spot_summary_2012.csv
2012-10-07,jepx-spread-top8-kyushu,kyushu,2.241249999999999,https://www.jepx.jp/_download.php?dir=spot_summary&file=spot_summary_2012.csv
2012-10-08,jepx-spread-top8-kyushu,kyushu,2.9212500000000006,https://www.jepx.jp/_download.php?dir=spot_summary&file=spot_summary_2012.csv
2012-10-09,jepx-spread-top8-kyushu,kyushu,3.9825000000000017,https://www.jepx.jp/_download.php?dir=spot_summary&file=spot_summary_2012.csv
2012-10-10,jepx-spread-top8-kyushu,kyushu,4.6075,https://www.jepx.jp/_download.php?dir=spot_summary&file=spot_summary_2012.csv
2012-10-11,jepx-spread-top8-kyushu,kyushu,5.679999999999996,https://www.jepx.jp/_download.php?dir=spot_summary&file=spot_summary_2012.csv
2012-10-12,jepx-spread-top8-kyushu,kyushu,6.466250000000002,https://www.jepx.jp/_download.php?dir=spot_summary&file=spot_summary_2012.csv
2012-10-13,jepx-spread-top8-kyushu,kyushu,2.0237499999999997,https://www.jepx.jp/_download.php?dir=spot_summary&file=spot_summary_2012.csv
2012-10-14,jepx-spread-top8-kyushu,kyushu,1.633750000000001,https://www.jepx.jp/_download.php?dir=spot_summary&file=spot_summary_2012.csv
2012-10-15,jepx-spread-top8-kyushu,kyushu,3.3949999999999996,https://www.jepx.jp/_download.php?dir=spot_summary&file=spot_summary_2012.csv
2012-10-16,jepx-spread-top8-kyushu,kyushu,4.004999999999999,https://www.jepx.jp/_download.php?dir=spot_summary&file=spot_summary_2012.csv
2012-10-17,jepx-spread-top8-kyushu,kyushu,5.713749999999999,https://www.jepx.jp/_download.php?dir=spot_summary&file=spot_summary_2012.csv
2012-10-18,jepx-spread-top8-kyushu,kyushu,2.34375,https://www.jepx.jp/_download.php?dir=spot_summary&file=spot_summary_2012.csv
2012-10-19,jepx-spread-top8-kyushu,kyushu,1.8149999999999995,https://www.jepx.jp/_download.php?dir=spot_summary&file=spot_summary_2012.csv
2012-10-20,jepx-spread-top8-kyushu,kyushu,1.1575000000000006,https://www.jepx.jp/_download.php?dir=spot_summary&file=spot_summary_2012.csv
2012-10-21,jepx-spread-top8-kyushu,kyushu,1.5287500000000005,https://www.jepx.jp/_download.php?dir=spot_summary&file=spot_summary_2012.csv
2012-10-22,jepx-spread-top8-kyushu,kyushu,4.5825,https://www.jepx.jp/_download.php?dir=spot_summary&file=spot_summary_2012.csv
2012-10-23,jepx-spread-top8-kyushu,kyushu,2.178750000000001,https://www.jepx.jp/_download.php?dir=spot_summary&file=spot_summary_2012.csv
2012-10-24,jepx-spread-top8-kyushu,kyushu,2.081249999999999,https://www.jepx.jp/_download.php?dir=spot_summary&file=spot_summary_2012.csv
2012-10-25,jepx-spread-top8-kyushu,kyushu,2.268749999999997,https://www.jepx.jp/_download.php?dir=spot_summary&file=spot_summary_2012.csv
2012-10-26,jepx-spread-top8-kyushu,kyushu,2.1799999999999997,https://www.jepx.jp/_download.php?dir=spot_summary&file=spot_summary_2012.csv
2012-10-27,jepx-spread-top8-kyushu,kyushu,1.625,https://www.jepx.jp/_download.php?dir=spot_summary&file=spot_summary_2012.csv
2012-10-28,jepx-spread-top8-kyushu,kyushu,2.1262500000000006,https://www.jepx.jp/_download.php?dir=spot_summary&file=spot_summary_2012.csv
2012-10-29,jepx-spread-top8-kyushu,kyushu,3.0474999999999994,https://www.jepx.jp/_download.php?dir=spot_summary&file=spot_summary_2012.csv
2012-10-30,jepx-spread-top8-kyushu,kyushu,2.8950000000000014,https://www.jepx.jp/_download.php?dir=spot_summary&file=spot_summary_2012.csv
2012-10-31,jepx-spread-top8-kyushu,kyushu,2.133749999999999,https://www.jepx.jp/_download.php?dir=spot_summary&file=spot_summary_2012.csv
2012-11-01,jepx-spread-top8-kyushu,kyushu,2.477500000000001,https://www.jepx.jp/_download.php?dir=spot_summary&file=spot_summary_2012.csv
2012-11-02,jepx-spread-top8-kyushu,kyushu,1.7949999999999982,https://www.jepx.jp/_download.php?dir=spot_summary&file=spot_summary_2012.csv
2012-11-03,jepx-spread-top8-kyushu,kyushu,2.3812500000000014,https://www.jepx.jp/_download.php?dir=spot_summary&file=spot_summary_2012.csv
2012-11-04,jepx-spread-top8-kyushu,kyushu,2.5325000000000006,https://www.jepx.jp/_download.php?dir=spot_summary&file=spot_summary_2012.csv
2012-11-05,jepx-spread-top8-kyushu,kyushu,3.994999999999999,https://www.jepx.jp/_download.php?dir=spot_summary&file=spot_summary_2012.csv
2012-11-06,jepx-spread-top8-kyushu,kyushu,3.136250000000002,https://www.jepx.jp/_download.php?dir=spot_summary&file=spot_summary_2012.csv
2012-11-07,jepx-spread-top8-kyushu,kyushu,2.79125,https://www.jepx.jp/_download.php?dir=spot_summary&file=spot_summary_2012.csv
2012-11-08,jepx-spread-top8-kyushu,kyushu,3.2062500000000007,https://www.jepx.jp/_download.php?dir=spot_summary&file=spot_summary_2012.csv
2012-11-09,jepx-spread-top8-kyushu,kyushu,2.7475000000000005,https://www.jepx.jp/_download.php?dir=spot_summary&file=spot_summary_2012.csv
2012-11-10,jepx-spread-top8-kyushu,kyushu,1.7649999999999988,https://www.jepx.jp/_download.php?dir=spot_summary&file=spot_summary_2012.csv
2012-11-11,jepx-spread-top8-kyushu,kyushu,2.4049999999999994,https://www.jepx.jp/_download.php?dir=spot_summary&file=spot_summary_2012.csv
2012-11-12,jepx-spread-top8-kyushu,kyushu,3.1525000000000016,https://www.jepx.jp/_download.php?dir=spot_summary&file=spot_summary_2012.csv
2012-11-13,jepx-spread-top8-kyushu,kyushu,2.7550000000000026,https://www.jepx.jp/_download.php?dir=spot_summary&file=spot_summary_2012.csv
2012-11-14,jepx-spread-top8-kyushu,kyushu,4.920000000000002,https://www.jepx.jp/_download.php?dir=spot_summary&file=spot_summary_2012.csv
2012-11-15,jepx-spread-top8-kyushu,kyushu,8.60125,https://www.jepx.jp/_download.php?dir=spot_summary&file=spot_summary_2012.csv
2012-11-16,jepx-spread-top8-kyushu,kyushu,8.318750000000001,https://www.jepx.jp/_download.php?dir=spot_summary&file=spot_summary_2012.csv
2012-11-17,jepx-spread-top8-kyushu,kyushu,1.9362499999999994,https://www.jepx.jp/_download.php?dir=spot_summary&file=spot_summary_2012.csv
2012-11-18,jepx-spread-top8-kyushu,kyushu,2.008749999999999,https://www.jepx.jp/_download.php?dir=spot_summary&file=spot_summary_2012.csv
2012-11-19,jepx-spread-top8-kyushu,kyushu,5.391249999999998,https://www.jepx.jp/_download.php?dir=spot_summary&file=spot_summary_2012.csv
2012-11-20,jepx-spread-top8-kyushu,kyushu,2.4762500000000003,https://www.jepx.jp/_download.php?dir=spot_summary&file=spot_summary_2012.csv
2012-11-21,jepx-spread-top8-kyushu,kyushu,3.6012499999999967,https://www.jepx.jp/_download.php?dir=spot_summary&file=spot_summary_2012.csv
2012-11-22,jepx-spread-top8-kyushu,kyushu,2.8149999999999995,https://www.jepx.jp/_download.php?dir=spot_summary&file=spot_summary_2012.csv
2012-11-23,jepx-spread-top8-kyushu,kyushu,3.5687500000000014,https://www.jepx.jp/_download.php?dir=spot_summary&file=spot_summary_2012.csv
2012-11-24,jepx-spread-top8-kyushu,kyushu,2.8312500000000007,https://www.jepx.jp/_download.php?dir=spot_summary&file=spot_summary_2012.csv
2012-11-25,jepx-spread-top8-kyushu,kyushu,2.322499999999998,https://www.jepx.jp/_download.php?dir=spot_summary&file=spot_summary_2012.csv
2012-11-26,jepx-spread-top8-kyushu,kyushu,6.002500000000001,https://www.jepx.jp/_download.php?dir=spot_summary&file=spot_summary_2012.csv
2012-11-27,jepx-spread-top8-kyushu,kyushu,5.93,https://www.jepx.jp/_download.php?dir=spot_summary&file=spot_summary_2012.csv
2012-11-28,jepx-spread-top8-kyushu,kyushu,4.109999999999999,https://www.jepx.jp/_download.php?dir=spot_summary&file=spot_summary_2012.csv
2012-11-29,jepx-spread-top8-kyushu,kyushu,6.352499999999999,https://www.jepx.jp/_download.php?dir=spot_summary&file=spot_summary_2012.csv
2012-11-30,jepx-spread-top8-kyushu,kyushu,5.955000000000002,https://www.jepx.jp/_download.php?dir=spot_summary&file=spot_summary_2012.csv
2012-12-01,jepx-spread-top8-kyushu,kyushu,2.0862500000000015,https://www.jepx.jp/_download.php?dir=spot_summary&file=spot_summary_2012.csv
2012-12-02,jepx-spread-top8-kyushu,kyushu,1.7799999999999994,https://www.jepx.jp/_download.php?dir=spot_summary&file=spot_summary_2012.csv
2012-12-03,jepx-spread-top8-kyushu,kyushu,6.283750000000001,https://www.jepx.jp/_download.php?dir=spot_summary&file=spot_summary_2012.csv
2012-12-04,jepx-spread-top8-kyushu,kyushu,7.036250000000003,https://www.jepx.jp/_download.php?dir=spot_summary&file=spot_summary_2012.csv
2012-12-05,jepx-spread-top8-kyushu,kyushu,8.247500000000002,https://www.jepx.jp/_download.php?dir=spot_summary&file=spot_summary_2012.csv
2012-12-06,jepx-spread-top8-kyushu,kyushu,7.481249999999999,https://www.jepx.jp/_download.php?dir=spot_summary&file=spot_summary_2012.csv
2012-12-07,jepx-spread-top8-kyushu,kyushu,11.00875,https://www.jepx.jp/_download.php?dir=spot_summary&file=spot_summary_2012.csv
2012-12-08,jepx-spread-top8-kyushu,kyushu,1.3600000000000012,https://www.jepx.jp/_download.php?dir=spot_summary&file=spot_summary_2012.csv
2012-12-09,jepx-spread-top8-kyushu,kyushu,2.5,https://www.jepx.jp/_download.php?dir=spot_summary&file=spot_summary_2012.csv
2012-12-10,jepx-spread-top8-kyushu,kyushu,12.767500000000002,https://www.jepx.jp/_download.php?dir=spot_summary&file=spot_summary_2012.csv
2012-12-11,jepx-spread-top8-kyushu,kyushu,18.374999999999996,https://www.jepx.jp/_download.php?dir=spot_summary&file=spot_summary_2012.csv
2012-12-12,jepx-spread-top8-kyushu,kyushu,15.246249999999996,https://www.jepx.jp/_download.php?dir=spot_summary&file=spot_summary_2012.csv
2012-12-13,jepx-spread-top8-kyushu,kyushu,16.31625,https://www.jepx.jp/_download.php?dir=spot_summary&file=spot_summary_2012.csv
2012-12-14,jepx-spread-top8-kyushu,kyushu,12.230000000000002,https://www.jepx.jp/_download.php?dir=spot_summary&file=spot_summary_2012.csv
2012-12-15,jepx-spread-top8-kyushu,kyushu,0.7975000000000012,https://www.jepx.jp/_download.php?dir=spot_summary&file=spot_summary_2012.csv
2012-12-16,jepx-spread-top8-kyushu,kyushu,1.2349999999999994,https://www.jepx.jp/_download.php?dir=spot_summary&file=spot_summary_2012.csv
2012-12-17,jepx-spread-top8-kyushu,kyushu,5.151249999999997,https://www.jepx.jp/_download.php?dir=spot_summary&file=spot_summary_2012.csv
2012-12-18,jepx-spread-top8-kyushu,kyushu,7.35125,https://www.jepx.jp/_download.php?dir=spot_summary&file=spot_summary_2012.csv
2012-12-19,jepx-spread-top8-kyushu,kyushu,9.775000000000002,https://www.jepx.jp/_download.php?dir=spot_summary&file=spot_summary_2012.csv
2012-12-20,jepx-spread-top8-kyushu,kyushu,9.172500000000001,https://www.jepx.jp/_download.php?dir=spot_summary&file=spot_summary_2012.csv
2012-12-21,jepx-spread-top8-kyushu,kyushu,5.734999999999999,https://www.jepx.jp/_download.php?dir=spot_summary&file=spot_summary_2012.csv
2012-12-22,jepx-spread-top8-kyushu,kyushu,1.3825000000000003,https://www.jepx.jp/_download.php?dir=spot_summary&file=spot_summary_2012.csv
2012-12-23,jepx-spread-top8-kyushu,kyushu,0.9187500000000011,https://www.jepx.jp/_download.php?dir=spot_summary&file=spot_summary_2012.csv
2012-12-24,jepx-spread-top8-kyushu,kyushu,3.538750000000002,https://www.jepx.jp/_download.php?dir=spot_summary&file=spot_summary_2012.csv
2012-12-25,jepx-spread-top8-kyushu,kyushu,4.56625,https://www.jepx.jp/_download.php?dir=spot_summary&file=spot_summary_2012.csv
2012-12-26,jepx-spread-top8-kyushu,kyushu,3.544999999999998,https://www.jepx.jp/_download.php?dir=spot_summary&file=spot_summary_2012.csv
2012-12-27,jepx-spread-top8-kyushu,kyushu,3.7662499999999994,https://www.jepx.jp/_download.php?dir=spot_summary&file=spot_summary_2012.csv
2012-12-28,jepx-spread-top8-kyushu,kyushu,3.2412499999999973,https://www.jepx.jp/_download.php?dir=spot_summary&file=spot_summary_2012.csv
2012-12-29,jepx-spread-top8-kyushu,kyushu,0.6225000000000005,https://www.jepx.jp/_download.php?dir=spot_summary&file=spot_summary_2012.csv
2012-12-30,jepx-spread-top8-kyushu,kyushu,2.2362499999999983,https://www.jepx.jp/_download.php?dir=spot_summary&file=spot_summary_2012.csv
2012-12-31,jepx-spread-top8-kyushu,kyushu,2.0549999999999997,https://www.jepx.jp/_download.php?dir=spot_summary&file=spot_summary_2012.csv
2013-01-01,jepx-spread-top8-kyushu,kyushu,2.953750000000003,https://www.jepx.jp/_download.php?dir=spot_summary&file=spot_summary_2012.csv
2013-01-02,jepx-spread-top8-kyushu,kyushu,2.8125,https://www.jepx.jp/_download.php?dir=spot_summary&file=spot_summary_2012.csv
2013-01-03,jepx-spread-top8-kyushu,kyushu,1.554999999999998,https://www.jepx.jp/_download.php?dir=spot_summary&file=spot_summary_2012.csv
2013-01-04,jepx-spread-top8-kyushu,kyushu,1.0050000000000008,https://www.jepx.jp/_download.php?dir=spot_summary&file=spot_summary_2012.csv
2013-01-05,jepx-spread-top8-kyushu,kyushu,1.3224999999999998,https://www.jepx.jp/_download.php?dir=spot_summary&file=spot_summary_2012.csv
2013-01-06,jepx-spread-top8-kyushu,kyushu,0.9212500000000006,https://www.jepx.jp/_download.php?dir=spot_summary&file=spot_summary_2012.csv
2013-01-07,jepx-spread-top8-kyushu,kyushu,7.96875,https://www.jepx.jp/_download.php?dir=spot_summary&file=spot_summary_2012.csv
2013-01-08,jepx-spread-top8-kyushu,kyushu,6.434999999999999,https://www.jepx.jp/_download.php?dir=spot_summary&file=spot_summary_2012.csv
2013-01-09,jepx-spread-top8-kyushu,kyushu,5.127500000000001,https://www.jepx.jp/_download.php?dir=spot_summary&file=spot_summary_2012.csv
2013-01-10,jepx-spread-top8-kyushu,kyushu,4.835000000000001,https://www.jepx.jp/_download.php?dir=spot_summary&file=spot_summary_2012.csv
2013-01-11,jepx-spread-top8-kyushu,kyushu,1.9749999999999996,https://www.jepx.jp/_download.php?dir=spot_summary&file=spot_summary_2012.csv
2013-01-12,jepx-spread-top8-kyushu,kyushu,0.5412499999999998,https://www.jepx.jp/_download.php?dir=spot_summary&file=spot_summary_2012.csv
2013-01-13,jepx-spread-top8-kyushu,kyushu,0.40000000000000213,https://www.jepx.jp/_download.php?dir=spot_summary&file=spot_summary_2012.csv
2013-01-14,jepx-spread-top8-kyushu,kyushu,0.6687499999999993,https://www.jepx.jp/_download.php?dir=spot_summary&file=spot_summary_2012.csv
2013-01-15,jepx-spread-top8-kyushu,kyushu,1.6337499999999991,https://www.jepx.jp/_download.php?dir=spot_summary&file=spot_summary_2012.csv
2013-01-16,jepx-spread-top8-kyushu,kyushu,1.302500000000002,https://www.jepx.jp/_download.php?dir=spot_summary&file=spot_summary_2012.csv
2013-01-17,jepx-spread-top8-kyushu,kyushu,1.598749999999999,https://www.jepx.jp/_download.php?dir=spot_summary&file=spot_summary_2012.csv
2013-01-18,jepx-spread-top8-kyushu,kyushu,4.8100000000000005,https://www.jepx.jp/_download.php?dir=spot_summary&file=spot_summary_2012.csv
2013-01-19,jepx-spread-top8-kyushu,kyushu,1.9062500000000018,https://www.jepx.jp/_download.php?dir=spot_summary&file=spot_summary_2012.csv
2013-01-20,jepx-spread-top8-kyushu,kyushu,1.2287499999999998,https://www.jepx.jp/_download.php?dir=spot_summary&file=spot_summary_2012.csv
2013-01-21,jepx-spread-top8-kyushu,kyushu,2.0512499999999996,https://www.jepx.jp/_download.php?dir=spot_summary&file=spot_summary_2012.csv
2013-01-22,jepx-spread-top8-kyushu,kyushu,1.5262499999999992,https://www.jepx.jp/_download.php?dir=spot_summary&file=spot_summary_2012.csv
2013-01-23,jepx-spread-top8-kyushu,kyushu,2.205,https://www.jepx.jp/_download.php?dir=spot_summary&file=spot_summary_2012.csv
2013-01-24,jepx-spread-top8-kyushu,kyushu,3.7087500000000038,https://www.jepx.jp/_download.php?dir=spot_summary&file=spot_summary_2012.csv
2013-01-25,jepx-spread-top8-kyushu,kyushu,4.6325,https://www.jepx.jp/_download.php?dir=spot_summary&file=spot_summary_2012.csv
2013-01-26,jepx-spread-top8-kyushu,kyushu,3.7375000000000007,https://www.jepx.jp/_download.php?dir=spot_summary&file=spot_summary_2012.csv
2013-01-27,jepx-spread-top8-kyushu,kyushu,0.8774999999999995,https://www.jepx.jp/_download.php?dir=spot_summary&file=spot_summary_2012.csv
2013-01-28,jepx-spread-top8-kyushu,kyushu,6.18,https://www.jepx.jp/_download.php?dir=spot_summary&file=spot_summary_2012.csv
2013-01-29,jepx-spread-top8-kyushu,kyushu,2.9662499999999987,https://www.jepx.jp/_download.php?dir=spot_summary&file=spot_summary_2012.csv
2013-01-30,jepx-spread-top8-kyushu,kyushu,3.8375000000000004,https://www.jepx.jp/_download.php?dir=spot_summary&file=spot_summary_2012.csv
2013-01-31,jepx-spread-top8-kyushu,kyushu,3.5525,https://www.jepx.jp/_download.php?dir=spot_summary&file=spot_summary_2012.csv
2013-02-01,jepx-spread-top8-kyushu,kyushu,4.30875,https://www.jepx.jp/_download.php?dir=spot_summary&file=spot_summary_2012.csv
2013-02-02,jepx-spread-top8-kyushu,kyushu,2.635,https://www.jepx.jp/_download.php?dir=spot_summary&file=spot_summary_2012.csv
2013-02-03,jepx-spread-top8-kyushu,kyushu,3.9624999999999986,https://www.jepx.jp/_download.php?dir=spot_summary&file=spot_summary_2012.csv
2013-02-04,jepx-spread-top8-kyushu,kyushu,4.940000000000001,https://www.jepx.jp/_download.php?dir=spot_summary&file=spot_summary_2012.csv
2013-02-05,jepx-spread-top8-kyushu,kyushu,5.02375,https://www.jepx.jp/_download.php?dir=spot_summary&file=spot_summary_2012.csv
2013-02-06,jepx-spread-top8-kyushu,kyushu,4.932500000000001,https://www.jepx.jp/_download.php?dir=spot_summary&file=spot_summary_2012.csv
2013-02-07,jepx-spread-top8-kyushu,kyushu,4.63625,https://www.jepx.jp/_download.php?dir=spot_summary&file=spot_summary_2012.csv
2013-02-08,jepx-spread-top8-kyushu,kyushu,3.644999999999998,https://www.jepx.jp/_download.php?dir=spot_summary&file=spot_summary_2012.csv
2013-02-09,jepx-spread-top8-kyushu,kyushu,1.3274999999999988,https://www.jepx.jp/_download.php?dir=spot_summary&file=spot_summary_2012.csv
2013-02-10,jepx-spread-top8-kyushu,kyushu,1.4087500000000013,https://www.jepx.jp/_download.php?dir=spot_summary&file=spot_summary_2012.csv
2013-02-11,jepx-spread-top8-kyushu,kyushu,1.3499999999999996,https://www.jepx.jp/_download.php?dir=spot_summary&file=spot_summary_2012.csv
2013-02-12,jepx-spread-top8-kyushu,kyushu,2.29125,https://www.jepx.jp/_download.php?dir=spot_summary&file=spot_summary_2012.csv
2013-02-13,jepx-spread-top8-kyushu,kyushu,3.10375,https://www.jepx.jp/_download.php?dir=spot_summary&file=spot_summary_2012.csv
2013-02-14,jepx-spread-top8-kyushu,kyushu,2.6999999999999993,https://www.jepx.jp/_download.php?dir=spot_summary&file=spot_summary_2012.csv
2013-02-15,jepx-spread-top8-kyushu,kyushu,4.345000000000001,https://www.jepx.jp/_download.php?dir=spot_summary&file=spot_summary_2012.csv
2013-02-16,jepx-spread-top8-kyushu,kyushu,1.379999999999999,https://www.jepx.jp/_download.php?dir=spot_summary&file=spot_summary_2012.csv
2013-02-17,jepx-spread-top8-kyushu,kyushu,3.478749999999998,https://www.jepx.jp/_download.php?dir=spot_summary&file=spot_summary_2012.csv
2013-02-18,jepx-spread-top8-kyushu,kyushu,4.518750000000001,https://www.jepx.jp/_download.php?dir=spot_summary&file=spot_summary_2012.csv
2013-02-19,jepx-spread-top8-kyushu,kyushu,4.962499999999999,https://www.jepx.jp/_download.php?dir=spot_summary&file=spot_summary_2012.csv
2013-02-20,jepx-spread-top8-kyushu,kyushu,5.99625,https://www.jepx.jp/_download.php?dir=spot_summary&file=spot_summary_2012.csv
2013-02-21,jepx-spread-top8-kyushu,kyushu,5.40625,https://www.jepx.jp/_download.php?dir=spot_summary&file=spot_summary_2012.csv
2013-02-22,jepx-spread-top8-kyushu,kyushu,3.91,https://www.jepx.jp/_download.php?dir=spot_summary&file=spot_summary_2012.csv
2013-02-23,jepx-spread-top8-kyushu,kyushu,1.2287500000000016,https://www.jepx.jp/_download.php?dir=spot_summary&file=spot_summary_2012.csv
2013-02-24,jepx-spread-top8-kyushu,kyushu,2.9224999999999994,https://www.jepx.jp/_download.php?dir=spot_summary&file=spot_summary_2012.csv
2013-02-25,jepx-spread-top8-kyushu,kyushu,6.613749999999998,https://www.jepx.jp/_download.php?dir=spot_summary&file=spot_summary_2012.csv
2013-02-26,jepx-spread-top8-kyushu,kyushu,5.1225000000000005,https://www.jepx.jp/_download.php?dir=spot_summary&file=spot_summary_2012.csv
2013-02-27,jepx-spread-top8-kyushu,kyushu,3.077499999999999,https://www.jepx.jp/_download.php?dir=spot_summary&file=spot_summary_2012.csv
2013-02-28,jepx-spread-top8-kyushu,kyushu,1.8862500000000004,https://www.jepx.jp/_download.php?dir=spot_summary&file=spot_summary_2012.csv
2013-03-01,jepx-spread-top8-kyushu,kyushu,3.0512499999999996,https://www.jepx.jp/_download.php?dir=spot_summary&file=spot_summary_2012.csv
2013-03-02,jepx-spread-top8-kyushu,kyushu,1.0837499999999984,https://www.jepx.jp/_download.php?dir=spot_summary&file=spot_summary_2012.csv
2013-03-03,jepx-spread-top8-kyushu,kyushu,3.4274999999999984,https://www.jepx.jp/_download.php?dir=spot_summary&file=spot_summary_2012.csv
2013-03-04,jepx-spread-top8-kyushu,kyushu,11.231249999999998,https://www.jepx.jp/_download.php?dir=spot_summary&file=spot_summary_2012.csv
2013-03-05,jepx-spread-top8-kyushu,kyushu,7.162499999999998,https://www.jepx.jp/_download.php?dir=spot_summary&file=spot_summary_2012.csv
2013-03-06,jepx-spread-top8-kyushu,kyushu,3.15625,https://www.jepx.jp/_download.php?dir=spot_summary&file=spot_summary_2012.csv
2013-03-07,jepx-spread-top8-kyushu,kyushu,2.7787500000000005,https://www.jepx.jp/_download.php?dir=spot_summary&file=spot_summary_2012.csv
2013-03-08,jepx-spread-top8-kyushu,kyushu,3.2624999999999993,https://www.jepx.jp/_download.php?dir=spot_summary&file=spot_summary_2012.csv
2013-03-09,jepx-spread-top8-kyushu,kyushu,2.7112499999999997,https://www.jepx.jp/_download.php?dir=spot_summary&file=spot_summary_2012.csv
2013-03-10,jepx-spread-top8-kyushu,kyushu,3.20875,https://www.jepx.jp/_download.php?dir=spot_summary&file=spot_summary_2012.csv
2013-03-11,jepx-spread-top8-kyushu,kyushu,4.151249999999997,https://www.jepx.jp/_download.php?dir=spot_summary&file=spot_summary_2012.csv
2013-03-12,jepx-spread-top8-kyushu,kyushu,3.370000000000001,https://www.jepx.jp/_download.php?dir=spot_summary&file=spot_summary_2012.csv
2013-03-13,jepx-spread-top8-kyushu,kyushu,3.261249999999997,https://www.jepx.jp/_download.php?dir=spot_summary&file=spot_summary_2012.csv
2013-03-14,jepx-spread-top8-kyushu,kyushu,3.9137499999999985,https://www.jepx.jp/_download.php?dir=spot_summary&file=spot_summary_2012.csv
2013-03-15,jepx-spread-top8-kyushu,kyushu,2.6849999999999987,https://www.jepx.jp/_download.php?dir=spot_summary&file=spot_summary_2012.csv
2013-03-16,jepx-spread-top8-kyushu,kyushu,1.9275000000000002,https://www.jepx.jp/_download.php?dir=spot_summary&file=spot_summary_2012.csv
2013-03-17,jepx-spread-top8-kyushu,kyushu,2.25,https://www.jepx.jp/_download.php?dir=spot_summary&file=spot_summary_2012.csv
2013-03-18,jepx-spread-top8-kyushu,kyushu,3.6187499999999986,https://www.jepx.jp/_download.php?dir=spot_summary&file=spot_summary_2012.csv
2013-03-19,jepx-spread-top8-kyushu,kyushu,3.178750000000001,https://www.jepx.jp/_download.php?dir=spot_summary&file=spot_summary_2012.csv
2013-03-20,jepx-spread-top8-kyushu,kyushu,4.355,https://www.jepx.jp/_download.php?dir=spot_summary&file=spot_summary_2012.csv
2013-03-21,jepx-spread-top8-kyushu,kyushu,3.1324999999999967,https://www.jepx.jp/_download.php?dir=spot_summary&file=spot_summary_2012.csv
2013-03-22,jepx-spread-top8-kyushu,kyushu,2.7612500000000004,https://www.jepx.jp/_download.php?dir=spot_summary&file=spot_summary_2012.csv
2013-03-23,jepx-spread-top8-kyushu,kyushu,2.3099999999999987,https://www.jepx.jp/_download.php?dir=spot_summary&file=spot_summary_2012.csv
2013-03-24,jepx-spread-top8-kyushu,kyushu,2.6324999999999985,https://www.jepx.jp/_download.php?dir=spot_summary&file=spot_summary_2012.csv
2013-03-25,jepx-spread-top8-kyushu,kyushu,2.9624999999999986,https://www.jepx.jp/_download.php?dir=spot_summary&file=spot_summary_2012.csv
2013-03-26,jepx-spread-top8-kyushu,kyushu,1.9199999999999982,https://www.jepx.jp/_download.php?dir=spot_summary&file=spot_summary_2012.csv
2013-03-27,jepx-spread-top8-kyushu,kyushu,2.1524999999999963,https://www.jepx.jp/_download.php?dir=spot_summary&file=spot_summary_2012.csv
2013-03-28,jepx-spread-top8-kyushu,kyushu,2.886249999999997,https://www.jepx.jp/_download.php?dir=spot_summary&file=spot_summary_2012.csv
2013-03-29,jepx-spread-top8-kyushu,kyushu,2.982499999999998,https://www.jepx.jp/_download.php?dir=spot_summary&file=spot_summary_2012.csv
2013-03-30,jepx-spread-top8-kyushu,kyushu,2.0124999999999993,https://www.jepx.jp/_download.php?dir=spot_summary&file=spot_summary_2012.csv
2013-03-31,jepx-spread-top8-kyushu,kyushu,2.763749999999998,https://www.jepx.jp/_download.php?dir=spot_summary&file=spot_summary_2012.csv
2013-04-01,jepx-spread-top8-kyushu,kyushu,3.073749999999997,https://www.jepx.jp/_download.php?dir=spot_summary&file=spot_summary_2013.csv
2013-04-02,jepx-spread-top8-kyushu,kyushu,3.6412499999999994,https://www.jepx.jp/_download.php?dir=spot_summary&file=spot_summary_2013.csv
2013-04-03,jepx-spread-top8-kyushu,kyushu,2.87875,https://www.jepx.jp/_download.php?dir=spot_summary&file=spot_summary_2013.csv
2013-04-04,jepx-spread-top8-kyushu,kyushu,2.6537499999999987,https://www.jepx.jp/_download.php?dir=spot_summary&file=spot_summary_2013.csv
2013-04-05,jepx-spread-top8-kyushu,kyushu,3.0487499999999965,https://www.jepx.jp/_download.php?dir=spot_summary&file=spot_summary_2013.csv
2013-04-06,jepx-spread-top8-kyushu,kyushu,2.641249999999996,https://www.jepx.jp/_download.php?dir=spot_summary&file=spot_summary_2013.csv
2013-04-07,jepx-spread-top8-kyushu,kyushu,3.008750000000001,https://www.jepx.jp/_download.php?dir=spot_summary&file=spot_summary_2013.csv
2013-04-08,jepx-spread-top8-kyushu,kyushu,2.5437499999999993,https://www.jepx.jp/_download.php?dir=spot_summary&file=spot_summary_2013.csv
2013-04-09,jepx-spread-top8-kyushu,kyushu,2.8500000000000014,https://www.jepx.jp/_download.php?dir=spot_summary&file=spot_summary_2013.csv
2013-04-10,jepx-spread-top8-kyushu,kyushu,2.7987499999999983,https://www.jepx.jp/_download.php?dir=spot_summary&file=spot_summary_2013.csv
2013-04-11,jepx-spread-top8-kyushu,kyushu,3.126249999999999,https://www.jepx.jp/_download.php?dir=spot_summary&file=spot_summary_2013.csv
2013-04-12,jepx-spread-top8-kyushu,kyushu,2.522499999999999,https://www.jepx.jp/_download.php?dir=spot_summary&file=spot_summary_2013.csv
2013-04-13,jepx-spread-top8-kyushu,kyushu,2.7074999999999996,https://www.jepx.jp/_download.php?dir=spot_summary&file=spot_summary_2013.csv
2013-04-14,jepx-spread-top8-kyushu,kyushu,3.2887500000000003,https://www.jepx.jp/_download.php?dir=spot_summary&file=spot_summary_2013.csv
2013-04-15,jepx-spread-top8-kyushu,kyushu,2.4924999999999997,https://www.jepx.jp/_download.php?dir=spot_summary&file=spot_summary_2013.csv
2013-04-16,jepx-spread-top8-kyushu,kyushu,2.7699999999999996,https://www.jepx.jp/_download.php?dir=spot_summary&file=spot_summary_2013.csv
2013-04-17,jepx-spread-top8-kyushu,kyushu,2.9624999999999986,https://www.jepx.jp/_download.php?dir=spot_summary&file=spot_summary_2013.csv
2013-04-18,jepx-spread-top8-kyushu,kyushu,3.1650000000000027,https://www.jepx.jp/_download.php?dir=spot_summary&file=spot_summary_2013.csv
2013-04-19,jepx-spread-top8-kyushu,kyushu,2.9037500000000005,https://www.jepx.jp/_download.php?dir=spot_summary&file=spot_summary_2013.csv
2013-04-20,jepx-spread-top8-kyushu,kyushu,2.557500000000001,https://www.jepx.jp/_download.php?dir=spot_summary&file=spot_summary_2013.csv
2013-04-21,jepx-spread-top8-kyushu,kyushu,3.460000000000001,https://www.jepx.jp/_download.php?dir=spot_summary&file=spot_summary_2013.csv
2013-04-22,jepx-spread-top8-kyushu,kyushu,3.2349999999999994,https://www.jepx.jp/_download.php?dir=spot_summary&file=spot_summary_2013.csv
2013-04-23,jepx-spread-top8-kyushu,kyushu,3.103749999999998,https://www.jepx.jp/_download.php?dir=spot_summary&file=spot_summary_2013.csv
2013-04-24,jepx-spread-top8-kyushu,kyushu,4.093749999999998,https://www.jepx.jp/_download.php?dir=spot_summary&file=spot_summary_2013.csv
2013-04-25,jepx-spread-top8-kyushu,kyushu,4.69125,https://www.jepx.jp/_download.php?dir=spot_summary&file=spot_summary_2013.csv
2013-04-26,jepx-spread-top8-kyushu,kyushu,3.8100000000000023,https://www.jepx.jp/_download.php?dir=spot_summary&file=spot_summary_2013.csv
2013-04-27,jepx-spread-top8-kyushu,kyushu,2.1499999999999986,https://www.jepx.jp/_download.php?dir=spot_summary&file=spot_summary_2013.csv
2013-04-28,jepx-spread-top8-kyushu,kyushu,3.6137500000000014,https://www.jepx.jp/_download.php?dir=spot_summary&file=spot_summary_2013.csv
2013-04-29,jepx-spread-top8-kyushu,kyushu,3.964999999999998,https://www.jepx.jp/_download.php?dir=spot_summary&file=spot_summary_2013.csv
2013-04-30,jepx-spread-top8-kyushu,kyushu,11.52875,https://www.jepx.jp/_download.php?dir=spot_summary&file=spot_summary_2013.csv
2013-05-01,jepx-spread-top8-kyushu,kyushu,9.284999999999998,https://www.jepx.jp/_download.php?dir=spot_summary&file=spot_summary_2013.csv
2013-05-02,jepx-spread-top8-kyushu,kyushu,4.609999999999999,https://www.jepx.jp/_download.php?dir=spot_summary&file=spot_summary_2013.csv
2013-05-03,jepx-spread-top8-kyushu,kyushu,2.2200000000000006,https://www.jepx.jp/_download.php?dir=spot_summary&file=spot_summary_2013.csv
2013-05-04,jepx-spread-top8-kyushu,kyushu,1.7887499999999985,https://www.jepx.jp/_download.php?dir=spot_summary&file=spot_summary_2013.csv
2013-05-05,jepx-spread-top8-kyushu,kyushu,2.266250000000003,https://www.jepx.jp/_download.php?dir=spot_summary&file=spot_summary_2013.csv
2013-05-06,jepx-spread-top8-kyushu,kyushu,2.631249999999998,https://www.jepx.jp/_download.php?dir=spot_summary&file=spot_summary_2013.csv
2013-05-07,jepx-spread-top8-kyushu,kyushu,4.292499999999997,https://www.jepx.jp/_download.php?dir=spot_summary&file=spot_summary_2013.csv
2013-05-08,jepx-spread-top8-kyushu,kyushu,2.1937499999999996,https://www.jepx.jp/_download.php?dir=spot_summary&file=spot_summary_2013.csv
2013-05-09,jepx-spread-top8-kyushu,kyushu,2.7174999999999976,https://www.jepx.jp/_download.php?dir=spot_summary&file=spot_summary_2013.csv
2013-05-10,jepx-spread-top8-kyushu,kyushu,3.486250000000002,https://www.jepx.jp/_download.php?dir=spot_summary&file=spot_summary_2013.csv
2013-05-11,jepx-spread-top8-kyushu,kyushu,2.80875,https://www.jepx.jp/_download.php?dir=spot_summary&file=spot_summary_2013.csv
2013-05-12,jepx-spread-top8-kyushu,kyushu,4.137499999999999,https://www.jepx.jp/_download.php?dir=spot_summary&file=spot_summary_2013.csv
2013-05-13,jepx-spread-top8-kyushu,kyushu,4.0337499999999995,https://www.jepx.jp/_download.php?dir=spot_summary&file=spot_summary_2013.csv
2013-05-14,jepx-spread-top8-kyushu,kyushu,4.321249999999996,https://www.jepx.jp/_download.php?dir=spot_summary&file=spot_summary_2013.csv
2013-05-15,jepx-spread-top8-kyushu,kyushu,4.58,https://www.jepx.jp/_download.php?dir=spot_summary&file=spot_summary_2013.csv
2013-05-16,jepx-spread-top8-kyushu,kyushu,6.026250000000001,https://www.jepx.jp/_download.php?dir=spot_summary&file=spot_summary_2013.csv
2013-05-17,jepx-spread-top8-kyushu,kyushu,3.9175000000000004,https://www.jepx.jp/_download.php?dir=spot_summary&file=spot_summary_2013.csv
2013-05-18,jepx-spread-top8-kyushu,kyushu,3.5437499999999993,https://www.jepx.jp/_download.php?dir=spot_summary&file=spot_summary_2013.csv
2013-05-19,jepx-spread-top8-kyushu,kyushu,2.8587500000000006,https://www.jepx.jp/_download.php?dir=spot_summary&file=spot_summary_2013.csv
2013-05-20,jepx-spread-top8-kyushu,kyushu,4.951250000000002,https://www.jepx.jp/_download.php?dir=spot_summary&file=spot_summary_2013.csv
2013-05-21,jepx-spread-top8-kyushu,kyushu,4.540000000000003,https://www.jepx.jp/_download.php?dir=spot_summary&file=spot_summary_2013.csv
2013-05-22,jepx-spread-top8-kyushu,kyushu,4.862500000000001,https://www.jepx.jp/_download.php?dir=spot_summary&file=spot_summary_2013.csv
2013-05-23,jepx-spread-top8-kyushu,kyushu,4.257500000000002,https://www.jepx.jp/_download.php?dir=spot_summary&file=spot_summary_2013.csv
2013-05-24,jepx-spread-top8-kyushu,kyushu,3.2925000000000004,https://www.jepx.jp/_download.php?dir=spot_summary&file=spot_summary_2013.csv
2013-05-25,jepx-spread-top8-kyushu,kyushu,4.536250000000003,https://www.jepx.jp/_download.php?dir=spot_summary&file=spot_summary_2013.csv
2013-05-26,jepx-spread-top8-kyushu,kyushu,5.180000000000003,https://www.jepx.jp/_download.php?dir=spot_summary&file=spot_summary_2013.csv
2013-05-27,jepx-spread-top8-kyushu,kyushu,5.408750000000001,https://www.jepx.jp/_download.php?dir=spot_summary&file=spot_summary_2013.csv
2013-05-28,jepx-spread-top8-kyushu,kyushu,7.615,https://www.jepx.jp/_download.php?dir=spot_summary&file=spot_summary_2013.csv
2013-05-29,jepx-spread-top8-kyushu,kyushu,6.872499999999999,https://www.jepx.jp/_download.php?dir=spot_summary&file=spot_summary_2013.csv
2013-05-30,jepx-spread-top8-kyushu,kyushu,5.895,https://www.jepx.jp/_download.php?dir=spot_summary&file=spot_summary_2013.csv
2013-05-31,jepx-spread-top8-kyushu,kyushu,6.516249999999999,https://www.jepx.jp/_download.php?dir=spot_summary&file=spot_summary_2013.csv
2013-06-01,jepx-spread-top8-kyushu,kyushu,4.981250000000003,https://www.jepx.jp/_download.php?dir=spot_summary&file=spot_summary_2013.csv
2013-06-02,jepx-spread-top8-kyushu,kyushu,3.6024999999999956,https://www.jepx.jp/_download.php?dir=spot_summary&file=spot_summary_2013.csv
2013-06-03,jepx-spread-top8-kyushu,kyushu,7.088749999999999,https://www.jepx.jp/_download.php?dir=spot_summary&file=spot_summary_2013.csv
2013-06-04,jepx-spread-top8-kyushu,kyushu,8.436250000000001,https://www.jepx.jp/_download.php?dir=spot_summary&file=spot_summary_2013.csv
2013-06-05,jepx-spread-top8-kyushu,kyushu,7.390000000000001,https://www.jepx.jp/_download.php?dir=spot_summary&file=spot_summary_2013.csv
2013-06-06,jepx-spread-top8-kyushu,kyushu,7.94125,https://www.jepx.jp/_download.php?dir=spot_summary&file=spot_summary_2013.csv
2013-06-07,jepx-spread-top8-kyushu,kyushu,7.991250000000001,https://www.jepx.jp/_download.php?dir=spot_summary&file=spot_summary_2013.csv
2013-06-08,jepx-spread-top8-kyushu,kyushu,5.125,https://www.jepx.jp/_download.php?dir=spot_summary&file=spot_summary_2013.csv
2013-06-09,jepx-spread-top8-kyushu,kyushu,5.188749999999999,https://www.jepx.jp/_download.php?dir=spot_summary&file=spot_summary_2013.csv
2013-06-10,jepx-spread-top8-kyushu,kyushu,8.213750000000001,https://www.jepx.jp/_download.php?dir=spot_summary&file=spot_summary_2013.csv
2013-06-11,jepx-spread-top8-kyushu,kyushu,5.287500000000001,https://www.jepx.jp/_download.php?dir=spot_summary&file=spot_summary_2013.csv
2013-06-12,jepx-spread-top8-kyushu,kyushu,10.55375,https://www.jepx.jp/_download.php?dir=spot_summary&file=spot_summary_2013.csv
2013-06-13,jepx-spread-top8-kyushu,kyushu,7.048749999999995,https://www.jepx.jp/_download.php?dir=spot_summary&file=spot_summary_2013.csv
2013-06-14,jepx-spread-top8-kyushu,kyushu,10.053749999999997,https://www.jepx.jp/_download.php?dir=spot_summary&file=spot_summary_2013.csv
2013-06-15,jepx-spread-top8-kyushu,kyushu,7.5699999999999985,https://www.jepx.jp/_download.php?dir=spot_summary&file=spot_summary_2013.csv
2013-06-16,jepx-spread-top8-kyushu,kyushu,3.804999999999998,https://www.jepx.jp/_download.php?dir=spot_summary&file=spot_summary_2013.csv
2013-06-17,jepx-spread-top8-kyushu,kyushu,18.447500000000005,https://www.jepx.jp/_download.php?dir=spot_summary&file=spot_summary_2013.csv
2013-06-18,jepx-spread-top8-kyushu,kyushu,11.60625,https://www.jepx.jp/_download.php?dir=spot_summary&file=spot_summary_2013.csv
2013-06-19,jepx-spread-top8-kyushu,kyushu,10.239999999999998,https://www.jepx.jp/_download.php?dir=spot_summary&file=spot_summary_2013.csv
2013-06-20,jepx-spread-top8-kyushu,kyushu,8.5875,https://www.jepx.jp/_download.php?dir=spot_summary&file=spot_summary_2013.csv
2013-06-21,jepx-spread-top8-kyushu,kyushu,8.341249999999999,https://www.jepx.jp/_download.php?dir=spot_summary&file=spot_summary_2013.csv
2013-06-22,jepx-spread-top8-kyushu,kyushu,5.731249999999999,https://www.jepx.jp/_download.php?dir=spot_summary&file=spot_summary_2013.csv
2013-06-23,jepx-spread-top8-kyushu,kyushu,5.562499999999998,https://www.jepx.jp/_download.php?dir=spot_summary&file=spot_summary_2013.csv
2013-06-24,jepx-spread-top8-kyushu,kyushu,10.294999999999998,https://www.jepx.jp/_download.php?dir=spot_summary&file=spot_summary_2013.csv
2013-06-25,jepx-spread-top8-kyushu,kyushu,9.850000000000001,https://www.jepx.jp/_download.php?dir=spot_summary&file=spot_summary_2013.csv
2013-06-26,jepx-spread-top8-kyushu,kyushu,8.887500000000001,https://www.jepx.jp/_download.php?dir=spot_summary&file=spot_summary_2013.csv
2013-06-27,jepx-spread-top8-kyushu,kyushu,6.45125,https://www.jepx.jp/_download.php?dir=spot_summary&file=spot_summary_2013.csv
2013-06-28,jepx-spread-top8-kyushu,kyushu,6.686250000000003,https://www.jepx.jp/_download.php?dir=spot_summary&file=spot_summary_2013.csv
2013-06-29,jepx-spread-top8-kyushu,kyushu,5.973750000000001,https://www.jepx.jp/_download.php?dir=spot_summary&file=spot_summary_2013.csv
2013-06-30,jepx-spread-top8-kyushu,kyushu,3.946249999999999,https://www.jepx.jp/_download.php?dir=spot_summary&file=spot_summary_2013.csv
2013-07-01,jepx-spread-top8-kyushu,kyushu,7.001250000000002,https://www.jepx.jp/_download.php?dir=spot_summary&file=spot_summary_2013.csv
2013-07-02,jepx-spread-top8-kyushu,kyushu,7.612499999999999,https://www.jepx.jp/_download.php?dir=spot_summary&file=spot_summary_2013.csv
2013-07-03,jepx-spread-top8-kyushu,kyushu,5.5875,https://www.jepx.jp/_download.php?dir=spot_summary&file=spot_summary_2013.csv
2013-07-04,jepx-spread-top8-kyushu,kyushu,6.355,https://www.jepx.jp/_download.php?dir=spot_summary&file=spot_summary_2013.csv
2013-07-05,jepx-spread-top8-kyushu,kyushu,7.0387499999999985,https://www.jepx.jp/_download.php?dir=spot_summary&file=spot_summary_2013.csv
2013-07-06,jepx-spread-top8-kyushu,kyushu,4.61125,https://www.jepx.jp/_download.php?dir=spot_summary&file=spot_summary_2013.csv
2013-07-07,jepx-spread-top8-kyushu,kyushu,4.395,https://www.jepx.jp/_download.php?dir=spot_summary&file=spot_summary_2013.csv
2013-07-08,jepx-spread-top8-kyushu,kyushu,10.08875,https://www.jepx.jp/_download.php?dir=spot_summary&file=spot_summary_2013.csv
2013-07-09,jepx-spread-top8-kyushu,kyushu,9.29125,https://www.jepx.jp/_download.php?dir=spot_summary&file=spot_summary_2013.csv
2013-07-10,jepx-spread-top8-kyushu,kyushu,8.604999999999999,https://www.jepx.jp/_download.php?dir=spot_summary&file=spot_summary_2013.csv
2013-07-11,jepx-spread-top8-kyushu,kyushu,10.263749999999998,https://www.jepx.jp/_download.php?dir=spot_summary&file=spot_summary_2013.csv
2013-07-12,jepx-spread-top8-kyushu,kyushu,10.233750000000002,https://www.jepx.jp/_download.php?dir=spot_summary&file=spot_summary_2013.csv
2013-07-13,jepx-spread-top8-kyushu,kyushu,4.5275,https://www.jepx.jp/_download.php?dir=spot_summary&file=spot_summary_2013.csv
2013-07-14,jepx-spread-top8-kyushu,kyushu,5.155000000000001,https://www.jepx.jp/_download.php?dir=spot_summary&file=spot_summary_2013.csv
2013-07-15,jepx-spread-top8-kyushu,kyushu,5.096250000000001,https://www.jepx.jp/_download.php?dir=spot_summary&file=spot_summary_2013.csv
2013-07-16,jepx-spread-top8-kyushu,kyushu,6.193749999999998,https://www.jepx.jp/_download.php?dir=spot_summary&file=spot_summary_2013.csv
2013-07-17,jepx-spread-top8-kyushu,kyushu,6.46125,https://www.jepx.jp/_download.php?dir=spot_summary&file=spot_summary_2013.csv
2013-07-18,jepx-spread-top8-kyushu,kyushu,6.692499999999999,https://www.jepx.jp/_download.php?dir=spot_summary&file=spot_summary_2013.csv
2013-07-19,jepx-spread-top8-kyushu,kyushu,6.023749999999998,https://www.jepx.jp/_download.php?dir=spot_summary&file=spot_summary_2013.csv
2013-07-20,jepx-spread-top8-kyushu,kyushu,4.087499999999999,https://www.jepx.jp/_download.php?dir=spot_summary&file=spot_summary_2013.csv
2013-07-21,jepx-spread-top8-kyushu,kyushu,3.549999999999999,https://www.jepx.jp/_download.php?dir=spot_summary&file=spot_summary_2013.csv
2013-07-22,jepx-spread-top8-kyushu,kyushu,11.597499999999998,https://www.jepx.jp/_download.php?dir=spot_summary&file=spot_summary_2013.csv
2013-07-23,jepx-spread-top8-kyushu,kyushu,9.135000000000002,https://www.jepx.jp/_download.php?dir=spot_summary&file=spot_summary_2013.csv
2013-07-24,jepx-spread-top8-kyushu,kyushu,5.359999999999999,https://www.jepx.jp/_download.php?dir=spot_summary&file=spot_summary_2013.csv
2013-07-25,jepx-spread-top8-kyushu,kyushu,9.032499999999999,https://www.jepx.jp/_download.php?dir=spot_summary&file=spot_summary_2013.csv
2013-07-26,jepx-spread-top8-kyushu,kyushu,7.489999999999998,https://www.jepx.jp/_download.php?dir=spot_summary&file=spot_summary_2013.csv
2013-07-27,jepx-spread-top8-kyushu,kyushu,4.079999999999998,https://www.jepx.jp/_download.php?dir=spot_summary&file=spot_summary_2013.csv
2013-07-28,jepx-spread-top8-kyushu,kyushu,3.8887500000000017,https://www.jepx.jp/_download.php?dir=spot_summary&file=spot_summary_2013.csv
2013-07-29,jepx-spread-top8-kyushu,kyushu,7.40625,https://www.jepx.jp/_download.php?dir=spot_summary&file=spot_summary_2013.csv
2013-07-30,jepx-spread-top8-kyushu,kyushu,7.0975,https://www.jepx.jp/_download.php?dir=spot_summary&file=spot_summary_2013.csv
2013-07-31,jepx-spread-top8-kyushu,kyushu,7.189999999999998,https://www.jepx.jp/_download.php?dir=spot_summary&file=spot_summary_2013.csv
2013-08-01,jepx-spread-top8-kyushu,kyushu,6.8937500000000025,https://www.jepx.jp/_download.php?dir=spot_summary&file=spot_summary_2013.csv
2013-08-02,jepx-spread-top8-kyushu,kyushu,7.142499999999998,https://www.jepx.jp/_download.php?dir=spot_summary&file=spot_summary_2013.csv
2013-08-03,jepx-spread-top8-kyushu,kyushu,5.7575,https://www.jepx.jp/_download.php?dir=spot_summary&file=spot_summary_2013.csv
2013-08-04,jepx-spread-top8-kyushu,kyushu,5.613750000000003,https://www.jepx.jp/_download.php?dir=spot_summary&file=spot_summary_2013.csv
2013-08-05,jepx-spread-top8-kyushu,kyushu,9.842500000000001,https://www.jepx.jp/_download.php?dir=spot_summary&file=spot_summary_2013.csv
2013-08-06,jepx-spread-top8-kyushu,kyushu,6.82375,https://www.jepx.jp/_download.php?dir=spot_summary&file=spot_summary_2013.csv
2013-08-07,jepx-spread-top8-kyushu,kyushu,7.859999999999999,https://www.jepx.jp/_download.php?dir=spot_summary&file=spot_summary_2013.csv
2013-08-08,jepx-spread-top8-kyushu,kyushu,11.627500000000001,https://www.jepx.jp/_download.php?dir=spot_summary&file=spot_summary_2013.csv
2013-08-09,jepx-spread-top8-kyushu,kyushu,9.657499999999999,https://www.jepx.jp/_download.php?dir=spot_summary&file=spot_summary_2013.csv
2013-08-10,jepx-spread-top8-kyushu,kyushu,5.6525,https://www.jepx.jp/_download.php?dir=spot_summary&file=spot_summary_2013.csv
2013-08-11,jepx-spread-top8-kyushu,kyushu,6.026249999999997,https://www.jepx.jp/_download.php?dir=spot_summary&file=spot_summary_2013.csv
2013-08-12,jepx-spread-top8-kyushu,kyushu,6.781250000000002,https://www.jepx.jp/_download.php?dir=spot_summary&file=spot_summary_2013.csv
2013-08-13,jepx-spread-top8-kyushu,kyushu,7.696250000000003,https://www.jepx.jp/_download.php?dir=spot_summary&file=spot_summary_2013.csv
2013-08-14,jepx-spread-top8-kyushu,kyushu,5.1687499999999975,https://www.jepx.jp/_download.php?dir=spot_summary&file=spot_summary_2013.csv
2013-08-15,jepx-spread-top8-kyushu,kyushu,8.42875,https://www.jepx.jp/_download.php?dir=spot_summary&file=spot_summary_2013.csv
2013-08-16,jepx-spread-top8-kyushu,kyushu,7.8475,https://www.jepx.jp/_download.php?dir=spot_summary&file=spot_summary_2013.csv
2013-08-17,jepx-spread-top8-kyushu,kyushu,6.761250000000002,https://www.jepx.jp/_download.php?dir=spot_summary&file=spot_summary_2013.csv
2013-08-18,jepx-spread-top8-kyushu,kyushu,5.7075,https://www.jepx.jp/_download.php?dir=spot_summary&file=spot_summary_2013.csv
2013-08-19,jepx-spread-top8-kyushu,kyushu,12.15375,https://www.jepx.jp/_download.php?dir=spot_summary&file=spot_summary_2013.csv
2013-08-20,jepx-spread-top8-kyushu,kyushu,23.74,https://www.jepx.jp/_download.php?dir=spot_summary&file=spot_summary_2013.csv
2013-08-21,jepx-spread-top8-kyushu,kyushu,11.42125,https://www.jepx.jp/_download.php?dir=spot_summary&file=spot_summary_2013.csv
2013-08-22,jepx-spread-top8-kyushu,kyushu,37.345,https://www.jepx.jp/_download.php?dir=spot_summary&file=spot_summary_2013.csv
2013-08-23,jepx-spread-top8-kyushu,kyushu,15.863750000000003,https://www.jepx.jp/_download.php?dir=spot_summary&file=spot_summary_2013.csv
2013-08-24,jepx-spread-top8-kyushu,kyushu,2.263749999999998,https://www.jepx.jp/_download.php?dir=spot_summary&file=spot_summary_2013.csv
2013-08-25,jepx-spread-top8-kyushu,kyushu,4.202500000000004,https://www.jepx.jp/_download.php?dir=spot_summary&file=spot_summary_2013.csv
2013-08-26,jepx-spread-top8-kyushu,kyushu,7.900000000000002,https://www.jepx.jp/_download.php?dir=spot_summary&file=spot_summary_2013.csv
2013-08-27,jepx-spread-top8-kyushu,kyushu,7.448749999999999,https://www.jepx.jp/_download.php?dir=spot_summary&file=spot_summary_2013.csv
2013-08-28,jepx-spread-top8-kyushu,kyushu,8.162500000000001,https://www.jepx.jp/_download.php?dir=spot_summary&file=spot_summary_2013.csv
2013-08-29,jepx-spread-top8-kyushu,kyushu,7.922499999999999,https://www.jepx.jp/_download.php?dir=spot_summary&file=spot_summary_2013.csv
2013-08-30,jepx-spread-top8-kyushu,kyushu,7.30625,https://www.jepx.jp/_download.php?dir=spot_summary&file=spot_summary_2013.csv
2013-08-31,jepx-spread-top8-kyushu,kyushu,5.548749999999998,https://www.jepx.jp/_download.php?dir=spot_summary&file=spot_summary_2013.csv
2013-09-01,jepx-spread-top8-kyushu,kyushu,5.55875,https://www.jepx.jp/_download.php?dir=spot_summary&file=spot_summary_2013.csv
2013-09-02,jepx-spread-top8-kyushu,kyushu,9.691250000000002,https://www.jepx.jp/_download.php?dir=spot_summary&file=spot_summary_2013.csv
2013-09-03,jepx-spread-top8-kyushu,kyushu,9.1175,https://www.jepx.jp/_download.php?dir=spot_summary&file=spot_summary_2013.csv
2013-09-04,jepx-spread-top8-kyushu,kyushu,7.864999999999998,https://www.jepx.jp/_download.php?dir=spot_summary&file=spot_summary_2013.csv
2013-09-05,jepx-spread-top8-kyushu,kyushu,15.032499999999999,https://www.jepx.jp/_download.php?dir=spot_summary&file=spot_summary_2013.csv
2013-09-06,jepx-spread-top8-kyushu,kyushu,8.8775,https://www.jepx.jp/_download.php?dir=spot_summary&file=spot_summary_2013.csv
2013-09-07,jepx-spread-top8-kyushu,kyushu,5.859999999999999,https://www.jepx.jp/_download.php?dir=spot_summary&file=spot_summary_2013.csv
2013-09-08,jepx-spread-top8-kyushu,kyushu,3.3962499999999993,https://www.jepx.jp/_download.php?dir=spot_summary&file=spot_summary_2013.csv
2013-09-09,jepx-spread-top8-kyushu,kyushu,11.385000000000002,https://www.jepx.jp/_download.php?dir=spot_summary&file=spot_summary_2013.csv
2013-09-10,jepx-spread-top8-kyushu,kyushu,5.522499999999999,https://www.jepx.jp/_download.php?dir=spot_summary&file=spot_summary_2013.csv
2013-09-11,jepx-spread-top8-kyushu,kyushu,6.4037500000000005,https://www.jepx.jp/_download.php?dir=spot_summary&file=spot_summary_2013.csv
2013-09-12,jepx-spread-top8-kyushu,kyushu,6.262500000000003,https://www.jepx.jp/_download.php?dir=spot_summary&file=spot_summary_2013.csv
2013-09-13,jepx-spread-top8-kyushu,kyushu,7.553749999999999,https://www.jepx.jp/_download.php?dir=spot_summary&file=spot_summary_2013.csv
2013-09-14,jepx-spread-top8-kyushu,kyushu,3.7700000000000014,https://www.jepx.jp/_download.php?dir=spot_summary&file=spot_summary_2013.csv
2013-09-15,jepx-spread-top8-kyushu,kyushu,4.517500000000002,https://www.jepx.jp/_download.php?dir=spot_summary&file=spot_summary_2013.csv
2013-09-16,jepx-spread-top8-kyushu,kyushu,6.772500000000001,https://www.jepx.jp/_download.php?dir=spot_summary&file=spot_summary_2013.csv
2013-09-17,jepx-spread-top8-kyushu,kyushu,6.838750000000001,https://www.jepx.jp/_download.php?dir=spot_summary&file=spot_summary_2013.csv
2013-09-18,jepx-spread-top8-kyushu,kyushu,5.881249999999998,https://www.jepx.jp/_download.php?dir=spot_summary&file=spot_summary_2013.csv
2013-09-19,jepx-spread-top8-kyushu,kyushu,6.8325,https://www.jepx.jp/_download.php?dir=spot_summary&file=spot_summary_2013.csv
2013-09-20,jepx-spread-top8-kyushu,kyushu,5.933750000000002,https://www.jepx.jp/_download.php?dir=spot_summary&file=spot_summary_2013.csv
2013-09-21,jepx-spread-top8-kyushu,kyushu,5.222500000000002,https://www.jepx.jp/_download.php?dir=spot_summary&file=spot_summary_2013.csv
2013-09-22,jepx-spread-top8-kyushu,kyushu,4.956249999999999,https://www.jepx.jp/_download.php?dir=spot_summary&file=spot_summary_2013.csv
2013-09-23,jepx-spread-top8-kyushu,kyushu,5.241250000000001,https://www.jepx.jp/_download.php?dir=spot_summary&file=spot_summary_2013.csv
2013-09-24,jepx-spread-top8-kyushu,kyushu,6.401249999999999,https://www.jepx.jp/_download.php?dir=spot_summary&file=spot_summary_2013.csv
2013-09-25,jepx-spread-top8-kyushu,kyushu,6.517500000000002,https://www.jepx.jp/_download.php?dir=spot_summary&file=spot_summary_2013.csv
2013-09-26,jepx-spread-top8-kyushu,kyushu,4.450000000000001,https://www.jepx.jp/_download.php?dir=spot_summary&file=spot_summary_2013.csv
2013-09-27,jepx-spread-top8-kyushu,kyushu,5.005000000000003,https://www.jepx.jp/_download.php?dir=spot_summary&file=spot_summary_2013.csv
2013-09-28,jepx-spread-top8-kyushu,kyushu,3.2437499999999986,https://www.jepx.jp/_download.php?dir=spot_summary&file=spot_summary_2013.csv
2013-09-29,jepx-spread-top8-kyushu,kyushu,4.482500000000002,https://www.jepx.jp/_download.php?dir=spot_summary&file=spot_summary_2013.csv
2013-09-30,jepx-spread-top8-kyushu,kyushu,4.47875,https://www.jepx.jp/_download.php?dir=spot_summary&file=spot_summary_2013.csv
2013-10-01,jepx-spread-top8-kyushu,kyushu,7.662500000000001,https://www.jepx.jp/_download.php?dir=spot_summary&file=spot_summary_2013.csv
2013-10-02,jepx-spread-top8-kyushu,kyushu,6.672500000000001,https://www.jepx.jp/_download.php?dir=spot_summary&file=spot_summary_2013.csv
2013-10-03,jepx-spread-top8-kyushu,kyushu,5.977499999999999,https://www.jepx.jp/_download.php?dir=spot_summary&file=spot_summary_2013.csv
2013-10-04,jepx-spread-top8-kyushu,kyushu,5.076250000000002,https://www.jepx.jp/_download.php?dir=spot_summary&file=spot_summary_2013.csv
2013-10-05,jepx-spread-top8-kyushu,kyushu,3.3599999999999994,https://www.jepx.jp/_download.php?dir=spot_summary&file=spot_summary_2013.csv
2013-10-06,jepx-spread-top8-kyushu,kyushu,3.8674999999999997,https://www.jepx.jp/_download.php?dir=spot_summary&file=spot_summary_2013.csv
2013-10-07,jepx-spread-top8-kyushu,kyushu,7.077500000000001,https://www.jepx.jp/_download.php?dir=spot_summary&file=spot_summary_2013.csv
2013-10-08,jepx-spread-top8-kyushu,kyushu,9.705000000000002,https://www.jepx.jp/_download.php?dir=spot_summary&file=spot_summary_2013.csv
2013-10-09,jepx-spread-top8-kyushu,kyushu,14.848750000000003,https://www.jepx.jp/_download.php?dir=spot_summary&file=spot_summary_2013.csv
2013-10-10,jepx-spread-top8-kyushu,kyushu,11.363750000000001,https://www.jepx.jp/_download.php?dir=spot_summary&file=spot_summary_2013.csv
2013-10-11,jepx-spread-top8-kyushu,kyushu,23.269999999999996,https://www.jepx.jp/_download.php?dir=spot_summary&file=spot_summary_2013.csv
2013-10-12,jepx-spread-top8-kyushu,kyushu,3.217500000000001,https://www.jepx.jp/_download.php?dir=spot_summary&file=spot_summary_2013.csv
2013-10-13,jepx-spread-top8-kyushu,kyushu,4.636250000000004,https://www.jepx.jp/_download.php?dir=spot_summary&file=spot_summary_2013.csv
2013-10-14,jepx-spread-top8-kyushu,kyushu,5.361250000000004,https://www.jepx.jp/_download.php?dir=spot_summary&file=spot_summary_2013.csv
2013-10-15,jepx-spread-top8-kyushu,kyushu,6.177499999999997,https://www.jepx.jp/_download.php?dir=spot_summary&file=spot_summary_2013.csv
2013-10-16,jepx-spread-top8-kyushu,kyushu,8.497499999999999,https://www.jepx.jp/_download.php?dir=spot_summary&file=spot_summary_2013.csv
2013-10-17,jepx-spread-top8-kyushu,kyushu,5.77375,https://www.jepx.jp/_download.php?dir=spot_summary&file=spot_summary_2013.csv
2013-10-18,jepx-spread-top8-kyushu,kyushu,6.262499999999999,https://www.jepx.jp/_download.php?dir=spot_summary&file=spot_summary_2013.csv
2013-10-19,jepx-spread-top8-kyushu,kyushu,4.04125,https://www.jepx.jp/_download.php?dir=spot_summary&file=spot_summary_2013.csv
2013-10-20,jepx-spread-top8-kyushu,kyushu,4.761250000000004,https://www.jepx.jp/_download.php?dir=spot_summary&file=spot_summary_2013.csv
2013-10-21,jepx-spread-top8-kyushu,kyushu,7.834999999999997,https://www.jepx.jp/_download.php?dir=spot_summary&file=spot_summary_2013.csv
2013-10-22,jepx-spread-top8-kyushu,kyushu,8.447499999999998,https://www.jepx.jp/_download.php?dir=spot_summary&file=spot_summary_2013.csv
2013-10-23,jepx-spread-top8-kyushu,kyushu,8.43625,https://www.jepx.jp/_download.php?dir=spot_summary&file=spot_summary_2013.csv
2013-10-24,jepx-spread-top8-kyushu,kyushu,10.681249999999995,https://www.jepx.jp/_download.php?dir=spot_summary&file=spot_summary_2013.csv
2013-10-25,jepx-spread-top8-kyushu,kyushu,11.85375,https://www.jepx.jp/_download.php?dir=spot_summary&file=spot_summary_2013.csv
2013-10-26,jepx-spread-top8-kyushu,kyushu,4.245000000000001,https://www.jepx.jp/_download.php?dir=spot_summary&file=spot_summary_2013.csv
2013-10-27,jepx-spread-top8-kyushu,kyushu,5.293750000000003,https://www.jepx.jp/_download.php?dir=spot_summary&file=spot_summary_2013.csv
2013-10-28,jepx-spread-top8-kyushu,kyushu,7.518749999999997,https://www.jepx.jp/_download.php?dir=spot_summary&file=spot_summary_2013.csv
2013-10-29,jepx-spread-top8-kyushu,kyushu,6.851250000000002,https://www.jepx.jp/_download.php?dir=spot_summary&file=spot_summary_2013.csv
2013-10-30,jepx-spread-top8-kyushu,kyushu,6.952499999999997,https://www.jepx.jp/_download.php?dir=spot_summary&file=spot_summary_2013.csv
2013-10-31,jepx-spread-top8-kyushu,kyushu,5.44875,https://www.jepx.jp/_download.php?dir=spot_summary&file=spot_summary_2013.csv
2013-11-01,jepx-spread-top8-kyushu,kyushu,4.73625,https://www.jepx.jp/_download.php?dir=spot_summary&file=spot_summary_2013.csv
2013-11-02,jepx-spread-top8-kyushu,kyushu,2.3874999999999975,https://www.jepx.jp/_download.php?dir=spot_summary&file=spot_summary_2013.csv
2013-11-03,jepx-spread-top8-kyushu,kyushu,4.11875,https://www.jepx.jp/_download.php?dir=spot_summary&file=spot_summary_2013.csv
2013-11-04,jepx-spread-top8-kyushu,kyushu,4.529999999999999,https://www.jepx.jp/_download.php?dir=spot_summary&file=spot_summary_2013.csv
2013-11-05,jepx-spread-top8-kyushu,kyushu,6.817499999999999,https://www.jepx.jp/_download.php?dir=spot_summary&file=spot_summary_2013.csv
2013-11-06,jepx-spread-top8-kyushu,kyushu,5.592499999999998,https://www.jepx.jp/_download.php?dir=spot_summary&file=spot_summary_2013.csv
2013-11-07,jepx-spread-top8-kyushu,kyushu,7.451250000000002,https://www.jepx.jp/_download.php?dir=spot_summary&file=spot_summary_2013.csv
2013-11-08,jepx-spread-top8-kyushu,kyushu,7.435000000000002,https://www.jepx.jp/_download.php?dir=spot_summary&file=spot_summary_2013.csv
2013-11-09,jepx-spread-top8-kyushu,kyushu,2.942499999999999,https://www.jepx.jp/_download.php?dir=spot_summary&file=spot_summary_2013.csv
2013-11-10,jepx-spread-top8-kyushu,kyushu,5.065000000000003,https://www.jepx.jp/_download.php?dir=spot_summary&file=spot_summary_2013.csv
2013-11-11,jepx-spread-top8-kyushu,kyushu,9.532500000000002,https://www.jepx.jp/_download.php?dir=spot_summary&file=spot_summary_2013.csv
2013-11-12,jepx-spread-top8-kyushu,kyushu,10.94,https://www.jepx.jp/_download.php?dir=spot_summary&file=spot_summary_2013.csv
2013-11-13,jepx-spread-top8-kyushu,kyushu,9.21875,https://www.jepx.jp/_download.php?dir=spot_summary&file=spot_summary_2013.csv
2013-11-14,jepx-spread-top8-kyushu,kyushu,7.087499999999999,https://www.jepx.jp/_download.php?dir=spot_summary&file=spot_summary_2013.csv
2013-11-15,jepx-spread-top8-kyushu,kyushu,5.272499999999997,https://www.jepx.jp/_download.php?dir=spot_summary&file=spot_summary_2013.csv
2013-11-16,jepx-spread-top8-kyushu,kyushu,3.037499999999998,https://www.jepx.jp/_download.php?dir=spot_summary&file=spot_summary_2013.csv
2013-11-17,jepx-spread-top8-kyushu,kyushu,4.843749999999998,https://www.jepx.jp/_download.php?dir=spot_summary&file=spot_summary_2013.csv
2013-11-18,jepx-spread-top8-kyushu,kyushu,10.51375,https://www.jepx.jp/_download.php?dir=spot_summary&file=spot_summary_2013.csv
2013-11-19,jepx-spread-top8-kyushu,kyushu,8.799999999999999,https://www.jepx.jp/_download.php?dir=spot_summary&file=spot_summary_2013.csv
2013-11-20,jepx-spread-top8-kyushu,kyushu,6.684999999999999,https://www.jepx.jp/_download.php?dir=spot_summary&file=spot_summary_2013.csv
2013-11-21,jepx-spread-top8-kyushu,kyushu,4.277500000000003,https://www.jepx.jp/_download.php?dir=spot_summary&file=spot_summary_2013.csv
2013-11-22,jepx-spread-top8-kyushu,kyushu,3.421249999999997,https://www.jepx.jp/_download.php?dir=spot_summary&file=spot_summary_2013.csv
2013-11-23,jepx-spread-top8-kyushu,kyushu,2.746249999999998,https://www.jepx.jp/_download.php?dir=spot_summary&file=spot_summary_2013.csv
2013-11-24,jepx-spread-top8-kyushu,kyushu,4.363750000000003,https://www.jepx.jp/_download.php?dir=spot_summary&file=spot_summary_2013.csv
2013-11-25,jepx-spread-top8-kyushu,kyushu,2.8974999999999973,https://www.jepx.jp/_download.php?dir=spot_summary&file=spot_summary_2013.csv
2013-11-26,jepx-spread-top8-kyushu,kyushu,4.640000000000002,https://www.jepx.jp/_download.php?dir=spot_summary&file=spot_summary_2013.csv
2013-11-27,jepx-spread-top8-kyushu,kyushu,3.860000000000001,https://www.jepx.jp/_download.php?dir=spot_summary&file=spot_summary_2013.csv
2013-11-28,jepx-spread-top8-kyushu,kyushu,5.796250000000001,https://www.jepx.jp/_download.php?dir=spot_summary&file=spot_summary_2013.csv
2013-11-29,jepx-spread-top8-kyushu,kyushu,8.63625,https://www.jepx.jp/_download.php?dir=spot_summary&file=spot_summary_2013.csv
2013-11-30,jepx-spread-top8-kyushu,kyushu,1.5549999999999997,https://www.jepx.jp/_download.php?dir=spot_summary&file=spot_summary_2013.csv
2013-12-01,jepx-spread-top8-kyushu,kyushu,1.6162499999999973,https://www.jepx.jp/_download.php?dir=spot_summary&file=spot_summary_2013.csv
2013-12-02,jepx-spread-top8-kyushu,kyushu,3.657499999999999,https://www.jepx.jp/_download.php?dir=spot_summary&file=spot_summary_2013.csv
2013-12-03,jepx-spread-top8-kyushu,kyushu,3.977499999999999,https://www.jepx.jp/_download.php?dir=spot_summary&file=spot_summary_2013.csv
2013-12-04,jepx-spread-top8-kyushu,kyushu,3.5450000000000017,https://www.jepx.jp/_download.php?dir=spot_summary&file=spot_summary_2013.csv
2013-12-05,jepx-spread-top8-kyushu,kyushu,3.298750000000002,https://www.jepx.jp/_download.php?dir=spot_summary&file=spot_summary_2013.csv
2013-12-06,jepx-spread-top8-kyushu,kyushu,3.3912499999999977,https://www.jepx.jp/_download.php?dir=spot_summary&file=spot_summary_2013.csv
2013-12-07,jepx-spread-top8-kyushu,kyushu,2.8724999999999987,https://www.jepx.jp/_download.php?dir=spot_summary&file=spot_summary_2013.csv
2013-12-08,jepx-spread-top8-kyushu,kyushu,3.5500000000000007,https://www.jepx.jp/_download.php?dir=spot_summary&file=spot_summary_2013.csv
2013-12-09,jepx-spread-top8-kyushu,kyushu,4.2575,https://www.jepx.jp/_download.php?dir=spot_summary&file=spot_summary_2013.csv
2013-12-10,jepx-spread-top8-kyushu,kyushu,4.873749999999999,https://www.jepx.jp/_download.php?dir=spot_summary&file=spot_summary_2013.csv
2013-12-11,jepx-spread-top8-kyushu,kyushu,5.501250000000001,https://www.jepx.jp/_download.php?dir=spot_summary&file=spot_summary_2013.csv
2013-12-12,jepx-spread-top8-kyushu,kyushu,8.678750000000003,https://www.jepx.jp/_download.php?dir=spot_summary&file=spot_summary_2013.csv
2013-12-13,jepx-spread-top8-kyushu,kyushu,7.460000000000001,https://www.jepx.jp/_download.php?dir=spot_summary&file=spot_summary_2013.csv
2013-12-14,jepx-spread-top8-kyushu,kyushu,1.4587499999999984,https://www.jepx.jp/_download.php?dir=spot_summary&file=spot_summary_2013.csv
2013-12-15,jepx-spread-top8-kyushu,kyushu,3.0062500000000014,https://www.jepx.jp/_download.php?dir=spot_summary&file=spot_summary_2013.csv
2013-12-16,jepx-spread-top8-kyushu,kyushu,4.508749999999999,https://www.jepx.jp/_download.php?dir=spot_summary&file=spot_summary_2013.csv
2013-12-17,jepx-spread-top8-kyushu,kyushu,9.564999999999998,https://www.jepx.jp/_download.php?dir=spot_summary&file=spot_summary_2013.csv
2013-12-18,jepx-spread-top8-kyushu,kyushu,9.8925,https://www.jepx.jp/_download.php?dir=spot_summary&file=spot_summary_2013.csv
2013-12-19,jepx-spread-top8-kyushu,kyushu,6.340000000000003,https://www.jepx.jp/_download.php?dir=spot_summary&file=spot_summary_2013.csv
2013-12-20,jepx-spread-top8-kyushu,kyushu,9.998750000000001,https://www.jepx.jp/_download.php?dir=spot_summary&file=spot_summary_2013.csv
2013-12-21,jepx-spread-top8-kyushu,kyushu,2.637500000000003,https://www.jepx.jp/_download.php?dir=spot_summary&file=spot_summary_2013.csv
2013-12-22,jepx-spread-top8-kyushu,kyushu,7.787499999999998,https://www.jepx.jp/_download.php?dir=spot_summary&file=spot_summary_2013.csv
2013-12-23,jepx-spread-top8-kyushu,kyushu,7.021250000000002,https://www.jepx.jp/_download.php?dir=spot_summary&file=spot_summary_2013.csv
2013-12-24,jepx-spread-top8-kyushu,kyushu,9.236249999999998,https://www.jepx.jp/_download.php?dir=spot_summary&file=spot_summary_2013.csv
2013-12-25,jepx-spread-top8-kyushu,kyushu,8.182500000000001,https://www.jepx.jp/_download.php?dir=spot_summary&file=spot_summary_2013.csv
2013-12-26,jepx-spread-top8-kyushu,kyushu,9.2,https://www.jepx.jp/_download.php?dir=spot_summary&file=spot_summary_2013.csv
2013-12-27,jepx-spread-top8-kyushu,kyushu,6.662500000000001,https://www.jepx.jp/_download.php?dir=spot_summary&file=spot_summary_2013.csv
2013-12-28,jepx-spread-top8-kyushu,kyushu,2.9137500000000003,https://www.jepx.jp/_download.php?dir=spot_summary&file=spot_summary_2013.csv
2013-12-29,jepx-spread-top8-kyushu,kyushu,3.272499999999999,https://www.jepx.jp/_download.php?dir=spot_summary&file=spot_summary_2013.csv
2013-12-30,jepx-spread-top8-kyushu,kyushu,3.0650000000000013,https://www.jepx.jp/_download.php?dir=spot_summary&file=spot_summary_2013.csv
2013-12-31,jepx-spread-top8-kyushu,kyushu,3.9162500000000016,https://www.jepx.jp/_download.php?dir=spot_summary&file=spot_summary_2013.csv
2014-01-01,jepx-spread-top8-kyushu,kyushu,3.1099999999999994,https://www.jepx.jp/_download.php?dir=spot_summary&file=spot_summary_2013.csv
2014-01-02,jepx-spread-top8-kyushu,kyushu,4.0625,https://www.jepx.jp/_download.php?dir=spot_summary&file=spot_summary_2013.csv
2014-01-03,jepx-spread-top8-kyushu,kyushu,3.7337500000000006,https://www.jepx.jp/_download.php?dir=spot_summary&file=spot_summary_2013.csv
2014-01-04,jepx-spread-top8-kyushu,kyushu,3.241250000000001,https://www.jepx.jp/_download.php?dir=spot_summary&file=spot_summary_2013.csv
2014-01-05,jepx-spread-top8-kyushu,kyushu,4.317499999999999,https://www.jepx.jp/_download.php?dir=spot_summary&file=spot_summary_2013.csv
2014-01-06,jepx-spread-top8-kyushu,kyushu,6.002499999999998,https://www.jepx.jp/_download.php?dir=spot_summary&file=spot_summary_2013.csv
2014-01-07,jepx-spread-top8-kyushu,kyushu,9.502500000000001,https://www.jepx.jp/_download.php?dir=spot_summary&file=spot_summary_2013.csv
2014-01-08,jepx-spread-top8-kyushu,kyushu,7.602499999999999,https://www.jepx.jp/_download.php?dir=spot_summary&file=spot_summary_2013.csv
2014-01-09,jepx-spread-top8-kyushu,kyushu,5.357500000000002,https://www.jepx.jp/_download.php?dir=spot_summary&file=spot_summary_2013.csv
2014-01-10,jepx-spread-top8-kyushu,kyushu,7.633750000000003,https://www.jepx.jp/_download.php?dir=spot_summary&file=spot_summary_2013.csv
2014-01-11,jepx-spread-top8-kyushu,kyushu,1.6125000000000007,https://www.jepx.jp/_download.php?dir=spot_summary&file=spot_summary_2013.csv
2014-01-12,jepx-spread-top8-kyushu,kyushu,1.7437500000000021,https://www.jepx.jp/_download.php?dir=spot_summary&file=spot_summary_2013.csv
2014-01-13,jepx-spread-top8-kyushu,kyushu,6.297499999999999,https://www.jepx.jp/_download.php?dir=spot_summary&file=spot_summary_2013.csv
2014-01-14,jepx-spread-top8-kyushu,kyushu,8.107500000000002,https://www.jepx.jp/_download.php?dir=spot_summary&file=spot_summary_2013.csv
2014-01-15,jepx-spread-top8-kyushu,kyushu,4.731249999999999,https://www.jepx.jp/_download.php?dir=spot_summary&file=spot_summary_2013.csv
2014-01-16,jepx-spread-top8-kyushu,kyushu,2.6437500000000007,https://www.jepx.jp/_download.php?dir=spot_summary&file=spot_summary_2013.csv
2014-01-17,jepx-spread-top8-kyushu,kyushu,3.5375000000000014,https://www.jepx.jp/_download.php?dir=spot_summary&file=spot_summary_2013.csv
2014-01-18,jepx-spread-top8-kyushu,kyushu,3.8862500000000004,https://www.jepx.jp/_download.php?dir=spot_summary&file=spot_summary_2013.csv
2014-01-19,jepx-spread-top8-kyushu,kyushu,2.4599999999999973,https://www.jepx.jp/_download.php?dir=spot_summary&file=spot_summary_2013.csv
2014-01-20,jepx-spread-top8-kyushu,kyushu,6.229999999999997,https://www.jepx.jp/_download.php?dir=spot_summary&file=spot_summary_2013.csv
2014-01-21,jepx-spread-top8-kyushu,kyushu,6.824999999999999,https://www.jepx.jp/_download.php?dir=spot_summary&file=spot_summary_2013.csv
2014-01-22,jepx-spread-top8-kyushu,kyushu,6.773749999999996,https://www.jepx.jp/_download.php?dir=spot_summary&file=spot_summary_2013.csv
2014-01-23,jepx-spread-top8-kyushu,kyushu,4.042499999999997,https://www.jepx.jp/_download.php?dir=spot_summary&file=spot_summary_2013.csv
2014-01-24,jepx-spread-top8-kyushu,kyushu,4.05125,https://www.jepx.jp/_download.php?dir=spot_summary&file=spot_summary_2013.csv
2014-01-25,jepx-spread-top8-kyushu,kyushu,1.5599999999999987,https://www.jepx.jp/_download.php?dir=spot_summary&file=spot_summary_2013.csv
2014-01-26,jepx-spread-top8-kyushu,kyushu,2.957500000000003,https://www.jepx.jp/_download.php?dir=spot_summary&file=spot_summary_2013.csv
2014-01-27,jepx-spread-top8-kyushu,kyushu,3.8187500000000014,https://www.jepx.jp/_download.php?dir=spot_summary&file=spot_summary_2013.csv
2014-01-28,jepx-spread-top8-kyushu,kyushu,3.4375000000000036,https://www.jepx.jp/_download.php?dir=spot_summary&file=spot_summary_2013.csv
2014-01-29,jepx-spread-top8-kyushu,kyushu,3.6225000000000023,https://www.jepx.jp/_download.php?dir=spot_summary&file=spot_summary_2013.csv
2014-01-30,jepx-spread-top8-kyushu,kyushu,3.401250000000001,https://www.jepx.jp/_download.php?dir=spot_summary&file=spot_summary_2013.csv
2014-01-31,jepx-spread-top8-kyushu,kyushu,3.213750000000001,https://www.jepx.jp/_download.php?dir=spot_summary&file=spot_summary_2013.csv
2014-02-01,jepx-spread-top8-kyushu,kyushu,1.133750000000001,https://www.jepx.jp/_download.php?dir=spot_summary&file=spot_summary_2013.csv
2014-02-02,jepx-spread-top8-kyushu,kyushu,1.6974999999999998,https://www.jepx.jp/_download.php?dir=spot_summary&file=spot_summary_2013.csv
2014-02-03,jepx-spread-top8-kyushu,kyushu,2.817499999999999,https://www.jepx.jp/_download.php?dir=spot_summary&file=spot_summary_2013.csv
2014-02-04,jepx-spread-top8-kyushu,kyushu,9.716250000000002,https://www.jepx.jp/_download.php?dir=spot_summary&file=spot_summary_2013.csv
2014-02-05,jepx-spread-top8-kyushu,kyushu,7.231249999999999,https://www.jepx.jp/_download.php?dir=spot_summary&file=spot_summary_2013.csv
2014-02-06,jepx-spread-top8-kyushu,kyushu,13.531250000000004,https://www.jepx.jp/_download.php?dir=spot_summary&file=spot_summary_2013.csv
2014-02-07,jepx-spread-top8-kyushu,kyushu,8.416249999999998,https://www.jepx.jp/_download.php?dir=spot_summary&file=spot_summary_2013.csv
2014-02-08,jepx-spread-top8-kyushu,kyushu,1.8399999999999963,https://www.jepx.jp/_download.php?dir=spot_summary&file=spot_summary_2013.csv
2014-02-09,jepx-spread-top8-kyushu,kyushu,1.4774999999999991,https://www.jepx.jp/_download.php?dir=spot_summary&file=spot_summary_2013.csv
2014-02-10,jepx-spread-top8-kyushu,kyushu,5.917499999999997,https://www.jepx.jp/_download.php?dir=spot_summary&file=spot_summary_2013.csv
2014-02-11,jepx-spread-top8-kyushu,kyushu,2.1149999999999984,https://www.jepx.jp/_download.php?dir=spot_summary&file=spot_summary_2013.csv
2014-02-12,jepx-spread-top8-kyushu,kyushu,5.199999999999999,https://www.jepx.jp/_download.php?dir=spot_summary&file=spot_summary_2013.csv
2014-02-13,jepx-spread-top8-kyushu,kyushu,7.946249999999999,https://www.jepx.jp/_download.php?dir=spot_summary&file=spot_summary_2013.csv
2014-02-14,jepx-spread-top8-kyushu,kyushu,19.66,https://www.jepx.jp/_download.php?dir=spot_summary&file=spot_summary_2013.csv
2014-02-15,jepx-spread-top8-kyushu,kyushu,1.9987500000000011,https://www.jepx.jp/_download.php?dir=spot_summary&file=spot_summary_2013.csv
2014-02-16,jepx-spread-top8-kyushu,kyushu,1.6312499999999943,https://www.jepx.jp/_download.php?dir=spot_summary&file=spot_summary_2013.csv
2014-02-17,jepx-spread-top8-kyushu,kyushu,6.408750000000001,https://www.jepx.jp/_download.php?dir=spot_summary&file=spot_summary_2013.csv
2014-02-18,jepx-spread-top8-kyushu,kyushu,10.587499999999999,https://www.jepx.jp/_download.php?dir=spot_summary&file=spot_summary_2013.csv
2014-02-19,jepx-spread-top8-kyushu,kyushu,10.847499999999997,https://www.jepx.jp/_download.php?dir=spot_summary&file=spot_summary_2013.csv
2014-02-20,jepx-spread-top8-kyushu,kyushu,7.789999999999999,https://www.jepx.jp/_download.php?dir=spot_summary&file=spot_summary_2013.csv
2014-02-21,jepx-spread-top8-kyushu,kyushu,6.606249999999996,https://www.jepx.jp/_download.php?dir=spot_summary&file=spot_summary_2013.csv
2014-02-22,jepx-spread-top8-kyushu,kyushu,2.6925000000000026,https://www.jepx.jp/_download.php?dir=spot_summary&file=spot_summary_2013.csv
2014-02-23,jepx-spread-top8-kyushu,kyushu,2.2512500000000006,https://www.jepx.jp/_download.php?dir=spot_summary&file=spot_summary_2013.csv
2014-02-24,jepx-spread-top8-kyushu,kyushu,4.59,https://www.jepx.jp/_download.php?dir=spot_summary&file=spot_summary_2013.csv
2014-02-25,jepx-spread-top8-kyushu,kyushu,2.3812500000000014,https://www.jepx.jp/_download.php?dir=spot_summary&file=spot_summary_2013.csv
2014-02-26,jepx-spread-top8-kyushu,kyushu,2.6199999999999974,https://www.jepx.jp/_download.php?dir=spot_summary&file=spot_summary_2013.csv
2014-02-27,jepx-spread-top8-kyushu,kyushu,4.575000000000003,https://www.jepx.jp/_download.php?dir=spot_summary&file=spot_summary_2013.csv
2014-02-28,jepx-spread-top8-kyushu,kyushu,2.988749999999996,https://www.jepx.jp/_download.php?dir=spot_summary&file=spot_summary_2013.csv
2014-03-01,jepx-spread-top8-kyushu,kyushu,0.807500000000001,https://www.jepx.jp/_download.php?dir=spot_summary&file=spot_summary_2013.csv
2014-03-02,jepx-spread-top8-kyushu,kyushu,2.4750000000000014,https://www.jepx.jp/_download.php?dir=spot_summary&file=spot_summary_2013.csv
2014-03-03,jepx-spread-top8-kyushu,kyushu,8.592500000000001,https://www.jepx.jp/_download.php?dir=spot_summary&file=spot_summary_2013.csv
2014-03-04,jepx-spread-top8-kyushu,kyushu,4.514999999999997,https://www.jepx.jp/_download.php?dir=spot_summary&file=spot_summary_2013.csv
2014-03-05,jepx-spread-top8-kyushu,kyushu,8.712499999999999,https://www.jepx.jp/_download.php?dir=spot_summary&file=spot_summary_2013.csv
2014-03-06,jepx-spread-top8-kyushu,kyushu,7.764999999999997,https://www.jepx.jp/_download.php?dir=spot_summary&file=spot_summary_2013.csv
2014-03-07,jepx-spread-top8-kyushu,kyushu,9.143749999999997,https://www.jepx.jp/_download.php?dir=spot_summary&file=spot_summary_2013.csv
2014-03-08,jepx-spread-top8-kyushu,kyushu,2.657499999999999,https://www.jepx.jp/_download.php?dir=spot_summary&file=spot_summary_2013.csv
2014-03-09,jepx-spread-top8-kyushu,kyushu,2.596250000000005,https://www.jepx.jp/_download.php?dir=spot_summary&file=spot_summary_2013.csv
2014-03-10,jepx-spread-top8-kyushu,kyushu,9.0075,https://www.jepx.jp/_download.php?dir=spot_summary&file=spot_summary_2013.csv
2014-03-11,jepx-spread-top8-kyushu,kyushu,7.083749999999998,https://www.jepx.jp/_download.php?dir=spot_summary&file=spot_summary_2013.csv
2014-03-12,jepx-spread-top8-kyushu,kyushu,2.006249999999998,https://www.jepx.jp/_download.php?dir=spot_summary&file=spot_summary_2013.csv
2014-03-13,jepx-spread-top8-kyushu,kyushu,7.648750000000003,https://www.jepx.jp/_download.php?dir=spot_summary&file=spot_summary_2013.csv
2014-03-14,jepx-spread-top8-kyushu,kyushu,4.171250000000004,https://www.jepx.jp/_download.php?dir=spot_summary&file=spot_summary_2013.csv
2014-03-15,jepx-spread-top8-kyushu,kyushu,2.4612499999999997,https://www.jepx.jp/_download.php?dir=spot_summary&file=spot_summary_2013.csv
2014-03-16,jepx-spread-top8-kyushu,kyushu,1.7687499999999972,https://www.jepx.jp/_download.php?dir=spot_summary&file=spot_summary_2013.csv
2014-03-17,jepx-spread-top8-kyushu,kyushu,2.458750000000002,https://www.jepx.jp/_download.php?dir=spot_summary&file=spot_summary_2013.csv
2014-03-18,jepx-spread-top8-kyushu,kyushu,3.2049999999999983,https://www.jepx.jp/_download.php?dir=spot_summary&file=spot_summary_2013.csv
2014-03-19,jepx-spread-top8-kyushu,kyushu,2.9099999999999966,https://www.jepx.jp/_download.php?dir=spot_summary&file=spot_summary_2013.csv
2014-03-20,jepx-spread-top8-kyushu,kyushu,8.347499999999998,https://www.jepx.jp/_download.php?dir=spot_summary&file=spot_summary_2013.csv
2014-03-21,jepx-spread-top8-kyushu,kyushu,4.7925,https://www.jepx.jp/_download.php?dir=spot_summary&file=spot_summary_2013.csv
2014-03-22,jepx-spread-top8-kyushu,kyushu,2.261249999999997,https://www.jepx.jp/_download.php?dir=spot_summary&file=spot_summary_2013.csv
2014-03-23,jepx-spread-top8-kyushu,kyushu,2.1625000000000014,https://www.jepx.jp/_download.php?dir=spot_summary&file=spot_summary_2013.csv
2014-03-24,jepx-spread-top8-kyushu,kyushu,2.164999999999999,https://www.jepx.jp/_download.php?dir=spot_summary&file=spot_summary_2013.csv
2014-03-25,jepx-spread-top8-kyushu,kyushu,2.5950000000000024,https://www.jepx.jp/_download.php?dir=spot_summary&file=spot_summary_2013.csv
2014-03-26,jepx-spread-top8-kyushu,kyushu,2.7049999999999983,https://www.jepx.jp/_download.php?dir=spot_summary&file=spot_summary_2013.csv
2014-03-27,jepx-spread-top8-kyushu,kyushu,2.466249999999997,https://www.jepx.jp/_download.php?dir=spot_summary&file=spot_summary_2013.csv
2014-03-28,jepx-spread-top8-kyushu,kyushu,1.0999999999999979,https://www.jepx.jp/_download.php?dir=spot_summary&file=spot_summary_2013.csv
2014-03-29,jepx-spread-top8-kyushu,kyushu,1.995000000000001,https://www.jepx.jp/_download.php?dir=spot_summary&file=spot_summary_2013.csv
2014-03-30,jepx-spread-top8-kyushu,kyushu,3.668750000000001,https://www.jepx.jp/_download.php?dir=spot_summary&file=spot_summary_2013.csv
2014-03-31,jepx-spread-top8-kyushu,kyushu,1.9274999999999984,https://www.jepx.jp/_download.php?dir=spot_summary&file=spot_summary_2013.csv
2014-04-01,jepx-spread-top8-kyushu,kyushu,1.7987499999999983,https://www.jepx.jp/_download.php?dir=spot_summary&file=spot_summary_2014.csv
2014-04-02,jepx-spread-top8-kyushu,kyushu,2.6300000000000026,https://www.jepx.jp/_download.php?dir=spot_summary&file=spot_summary_2014.csv
2014-04-03,jepx-spread-top8-kyushu,kyushu,1.7437499999999986,https://www.jepx.jp/_download.php?dir=spot_summary&file=spot_summary_2014.csv
2014-04-04,jepx-spread-top8-kyushu,kyushu,2.4949999999999974,https://www.jepx.jp/_download.php?dir=spot_summary&file=spot_summary_2014.csv
2014-04-05,jepx-spread-top8-kyushu,kyushu,2.522500000000001,https://www.jepx.jp/_download.php?dir=spot_summary&file=spot_summary_2014.csv
2014-04-06,jepx-spread-top8-kyushu,kyushu,3.0650000000000013,https://www.jepx.jp/_download.php?dir=spot_summary&file=spot_summary_2014.csv
2014-04-07,jepx-spread-top8-kyushu,kyushu,4.585000000000001,https://www.jepx.jp/_download.php?dir=spot_summary&file=spot_summary_2014.csv
2014-04-08,jepx-spread-top8-kyushu,kyushu,1.8825000000000003,https://www.jepx.jp/_download.php?dir=spot_summary&file=spot_summary_2014.csv
2014-04-09,jepx-spread-top8-kyushu,kyushu,2.1387500000000017,https://www.jepx.jp/_download.php?dir=spot_summary&file=spot_summary_2014.csv
2014-04-10,jepx-spread-top8-kyushu,kyushu,2.80875,https://www.jepx.jp/_download.php?dir=spot_summary&file=spot_summary_2014.csv
2014-04-11,jepx-spread-top8-kyushu,kyushu,2.0799999999999983,https://www.jepx.jp/_download.php?dir=spot_summary&file=spot_summary_2014.csv
2014-04-12,jepx-spread-top8-kyushu,kyushu,1.1500000000000021,https://www.jepx.jp/_download.php?dir=spot_summary&file=spot_summary_2014.csv
2014-04-13,jepx-spread-top8-kyushu,kyushu,1.3237500000000004,https://www.jepx.jp/_download.php?dir=spot_summary&file=spot_summary_2014.csv
2014-04-14,jepx-spread-top8-kyushu,kyushu,5.603749999999998,https://www.jepx.jp/_download.php?dir=spot_summary&file=spot_summary_2014.csv
2014-04-15,jepx-spread-top8-kyushu,kyushu,3.1525,https://www.jepx.jp/_download.php?dir=spot_summary&file=spot_summary_2014.csv
2014-04-16,jepx-spread-top8-kyushu,kyushu,2.4362499999999976,https://www.jepx.jp/_download.php?dir=spot_summary&file=spot_summary_2014.csv
2014-04-17,jepx-spread-top8-kyushu,kyushu,2.6112499999999983,https://www.jepx.jp/_download.php?dir=spot_summary&file=spot_summary_2014.csv
2014-04-18,jepx-spread-top8-kyushu,kyushu,4.606250000000003,https://www.jepx.jp/_download.php?dir=spot_summary&file=spot_summary_2014.csv
2014-04-19,jepx-spread-top8-kyushu,kyushu,2.8012499999999996,https://www.jepx.jp/_download.php?dir=spot_summary&file=spot_summary_2014.csv
2014-04-20,jepx-spread-top8-kyushu,kyushu,3.0812500000000007,https://www.jepx.jp/_download.php?dir=spot_summary&file=spot_summary_2014.csv
2014-04-21,jepx-spread-top8-kyushu,kyushu,3.463750000000001,https://www.jepx.jp/_download.php?dir=spot_summary&file=spot_summary_2014.csv
2014-04-22,jepx-spread-top8-kyushu,kyushu,2.7575000000000003,https://www.jepx.jp/_download.php?dir=spot_summary&file=spot_summary_2014.csv
2014-04-23,jepx-spread-top8-kyushu,kyushu,2.719999999999999,https://www.jepx.jp/_download.php?dir=spot_summary&file=spot_summary_2014.csv
2014-04-24,jepx-spread-top8-kyushu,kyushu,2.2849999999999966,https://www.jepx.jp/_download.php?dir=spot_summary&file=spot_summary_2014.csv
2014-04-25,jepx-spread-top8-kyushu,kyushu,2.2799999999999994,https://www.jepx.jp/_download.php?dir=spot_summary&file=spot_summary_2014.csv
2014-04-26,jepx-spread-top8-kyushu,kyushu,3.75375,https://www.jepx.jp/_download.php?dir=spot_summary&file=spot_summary_2014.csv
2014-04-27,jepx-spread-top8-kyushu,kyushu,3.26375,https://www.jepx.jp/_download.php?dir=spot_summary&file=spot_summary_2014.csv
2014-04-28,jepx-spread-top8-kyushu,kyushu,3.7062500000000007,https://www.jepx.jp/_download.php?dir=spot_summary&file=spot_summary_2014.csv
2014-04-29,jepx-spread-top8-kyushu,kyushu,3.2524999999999977,https://www.jepx.jp/_download.php?dir=spot_summary&file=spot_summary_2014.csv
2014-04-30,jepx-spread-top8-kyushu,kyushu,7.307500000000001,https://www.jepx.jp/_download.php?dir=spot_summary&file=spot_summary_2014.csv
2014-05-01,jepx-spread-top8-kyushu,kyushu,2.572499999999998,https://www.jepx.jp/_download.php?dir=spot_summary&file=spot_summary_2014.csv
2014-05-02,jepx-spread-top8-kyushu,kyushu,3.358749999999999,https://www.jepx.jp/_download.php?dir=spot_summary&file=spot_summary_2014.csv
2014-05-03,jepx-spread-top8-kyushu,kyushu,4.493750000000002,https://www.jepx.jp/_download.php?dir=spot_summary&file=spot_summary_2014.csv
2014-05-04,jepx-spread-top8-kyushu,kyushu,3.868750000000002,https://www.jepx.jp/_download.php?dir=spot_summary&file=spot_summary_2014.csv
2014-05-05,jepx-spread-top8-kyushu,kyushu,2.193749999999998,https://www.jepx.jp/_download.php?dir=spot_summary&file=spot_summary_2014.csv
2014-05-06,jepx-spread-top8-kyushu,kyushu,2.838750000000001,https://www.jepx.jp/_download.php?dir=spot_summary&file=spot_summary_2014.csv
2014-05-07,jepx-spread-top8-kyushu,kyushu,4.977499999999999,https://www.jepx.jp/_download.php?dir=spot_summary&file=spot_summary_2014.csv
2014-05-08,jepx-spread-top8-kyushu,kyushu,5.669999999999998,https://www.jepx.jp/_download.php?dir=spot_summary&file=spot_summary_2014.csv
2014-05-09,jepx-spread-top8-kyushu,kyushu,3.543750000000001,https://www.jepx.jp/_download.php?dir=spot_summary&file=spot_summary_2014.csv
2014-05-10,jepx-spread-top8-kyushu,kyushu,4.039999999999999,https://www.jepx.jp/_download.php?dir=spot_summary&file=spot_summary_2014.csv
2014-05-11,jepx-spread-top8-kyushu,kyushu,2.615,https://www.jepx.jp/_download.php?dir=spot_summary&file=spot_summary_2014.csv
2014-05-12,jepx-spread-top8-kyushu,kyushu,6.465,https://www.jepx.jp/_download.php?dir=spot_summary&file=spot_summary_2014.csv
2014-05-13,jepx-spread-top8-kyushu,kyushu,5.313749999999999,https://www.jepx.jp/_download.php?dir=spot_summary&file=spot_summary_2014.csv
2014-05-14,jepx-spread-top8-kyushu,kyushu,9.126249999999997,https://www.jepx.jp/_download.php?dir=spot_summary&file=spot_summary_2014.csv
2014-05-15,jepx-spread-top8-kyushu,kyushu,8.974999999999998,https://www.jepx.jp/_download.php?dir=spot_summary&file=spot_summary_2014.csv
2014-05-16,jepx-spread-top8-kyushu,kyushu,4.2499999999999964,https://www.jepx.jp/_download.php?dir=spot_summary&file=spot_summary_2014.csv
2014-05-17,jepx-spread-top8-kyushu,kyushu,3.1799999999999997,https://www.jepx.jp/_download.php?dir=spot_summary&file=spot_summary_2014.csv
2014-05-18,jepx-spread-top8-kyushu,kyushu,4.761249999999997,https://www.jepx.jp/_download.php?dir=spot_summary&file=spot_summary_2014.csv
2014-05-19,jepx-spread-top8-kyushu,kyushu,8.3975,https://www.jepx.jp/_download.php?dir=spot_summary&file=spot_summary_2014.csv
2014-05-20,jepx-spread-top8-kyushu,kyushu,7.417499999999999,https://www.jepx.jp/_download.php?dir=spot_summary&file=spot_summary_2014.csv
2014-05-21,jepx-spread-top8-kyushu,kyushu,2.7212499999999995,https://www.jepx.jp/_download.php?dir=spot_summary&file=spot_summary_2014.csv
2014-05-22,jepx-spread-top8-kyushu,kyushu,3.99625,https://www.jepx.jp/_download.php?dir=spot_summary&file=spot_summary_2014.csv
2014-05-23,jepx-spread-top8-kyushu,kyushu,3.5549999999999997,https://www.jepx.jp/_download.php?dir=spot_summary&file=spot_summary_2014.csv
2014-05-24,jepx-spread-top8-kyushu,kyushu,3.80875,https://www.jepx.jp/_download.php?dir=spot_summary&file=spot_summary_2014.csv
2014-05-25,jepx-spread-top8-kyushu,kyushu,3.672500000000003,https://www.jepx.jp/_download.php?dir=spot_summary&file=spot_summary_2014.csv
2014-05-26,jepx-spread-top8-kyushu,kyushu,5.598750000000003,https://www.jepx.jp/_download.php?dir=spot_summary&file=spot_summary_2014.csv
2014-05-27,jepx-spread-top8-kyushu,kyushu,4.111250000000002,https://www.jepx.jp/_download.php?dir=spot_summary&file=spot_summary_2014.csv
2014-05-28,jepx-spread-top8-kyushu,kyushu,4.700000000000001,https://www.jepx.jp/_download.php?dir=spot_summary&file=spot_summary_2014.csv
2014-05-29,jepx-spread-top8-kyushu,kyushu,5.331250000000001,https://www.jepx.jp/_download.php?dir=spot_summary&file=spot_summary_2014.csv
2014-05-30,jepx-spread-top8-kyushu,kyushu,5.65625,https://www.jepx.jp/_download.php?dir=spot_summary&file=spot_summary_2014.csv
2014-05-31,jepx-spread-top8-kyushu,kyushu,5.091249999999999,https://www.jepx.jp/_download.php?dir=spot_summary&file=spot_summary_2014.csv
2014-06-01,jepx-spread-top8-kyushu,kyushu,5.277499999999998,https://www.jepx.jp/_download.php?dir=spot_summary&file=spot_summary_2014.csv
2014-06-02,jepx-spread-top8-kyushu,kyushu,7.797499999999999,https://www.jepx.jp/_download.php?dir=spot_summary&file=spot_summary_2014.csv
2014-06-03,jepx-spread-top8-kyushu,kyushu,9.932500000000005,https://www.jepx.jp/_download.php?dir=spot_summary&file=spot_summary_2014.csv
2014-06-04,jepx-spread-top8-kyushu,kyushu,9.930000000000001,https://www.jepx.jp/_download.php?dir=spot_summary&file=spot_summary_2014.csv
2014-06-05,jepx-spread-top8-kyushu,kyushu,8.71,https://www.jepx.jp/_download.php?dir=spot_summary&file=spot_summary_2014.csv
2014-06-06,jepx-spread-top8-kyushu,kyushu,8.116249999999999,https://www.jepx.jp/_download.php?dir=spot_summary&file=spot_summary_2014.csv
2014-06-07,jepx-spread-top8-kyushu,kyushu,2.6400000000000023,https://www.jepx.jp/_download.php?dir=spot_summary&file=spot_summary_2014.csv
2014-06-08,jepx-spread-top8-kyushu,kyushu,4.431249999999999,https://www.jepx.jp/_download.php?dir=spot_summary&file=spot_summary_2014.csv
2014-06-09,jepx-spread-top8-kyushu,kyushu,6.518749999999999,https://www.jepx.jp/_download.php?dir=spot_summary&file=spot_summary_2014.csv
2014-06-10,jepx-spread-top8-kyushu,kyushu,8.0775,https://www.jepx.jp/_download.php?dir=spot_summary&file=spot_summary_2014.csv
2014-06-11,jepx-spread-top8-kyushu,kyushu,6.21875,https://www.jepx.jp/_download.php?dir=spot_summary&file=spot_summary_2014.csv
2014-06-12,jepx-spread-top8-kyushu,kyushu,5.767499999999998,https://www.jepx.jp/_download.php?dir=spot_summary&file=spot_summary_2014.csv
2014-06-13,jepx-spread-top8-kyushu,kyushu,5.432500000000003,https://www.jepx.jp/_download.php?dir=spot_summary&file=spot_summary_2014.csv
2014-06-14,jepx-spread-top8-kyushu,kyushu,3.2650000000000006,https://www.jepx.jp/_download.php?dir=spot_summary&file=spot_summary_2014.csv
2014-06-15,jepx-spread-top8-kyushu,kyushu,3.3712500000000016,https://www.jepx.jp/_download.php?dir=spot_summary&file=spot_summary_2014.csv
2014-06-16,jepx-spread-top8-kyushu,kyushu,7.929999999999996,https://www.jepx.jp/_download.php?dir=spot_summary&file=spot_summary_2014.csv
2014-06-17,jepx-spread-top8-kyushu,kyushu,5.918750000000001,https://www.jepx.jp/_download.php?dir=spot_summary&file=spot_summary_2014.csv
2014-06-18,jepx-spread-top8-kyushu,kyushu,6.032500000000001,https://www.jepx.jp/_download.php?dir=spot_summary&file=spot_summary_2014.csv
2014-06-19,jepx-spread-top8-kyushu,kyushu,6.107499999999998,https://www.jepx.jp/_download.php?dir=spot_summary&file=spot_summary_2014.csv
2014-06-20,jepx-spread-top8-kyushu,kyushu,6.974999999999998,https://www.jepx.jp/_download.php?dir=spot_summary&file=spot_summary_2014.csv
2014-06-21,jepx-spread-top8-kyushu,kyushu,4.498750000000001,https://www.jepx.jp/_download.php?dir=spot_summary&file=spot_summary_2014.csv
2014-06-22,jepx-spread-top8-kyushu,kyushu,3.7925000000000004,https://www.jepx.jp/_download.php?dir=spot_summary&file=spot_summary_2014.csv
2014-06-23,jepx-spread-top8-kyushu,kyushu,7.473749999999999,https://www.jepx.jp/_download.php?dir=spot_summary&file=spot_summary_2014.csv
2014-06-24,jepx-spread-top8-kyushu,kyushu,6.18,https://www.jepx.jp/_download.php?dir=spot_summary&file=spot_summary_2014.csv
2014-06-25,jepx-spread-top8-kyushu,kyushu,6.657500000000002,https://www.jepx.jp/_download.php?dir=spot_summary&file=spot_summary_2014.csv
2014-06-26,jepx-spread-top8-kyushu,kyushu,6.641250000000003,https://www.jepx.jp/_download.php?dir=spot_summary&file=spot_summary_2014.csv
2014-06-27,jepx-spread-top8-kyushu,kyushu,7.192499999999999,https://www.jepx.jp/_download.php?dir=spot_summary&file=spot_summary_2014.csv
2014-06-28,jepx-spread-top8-kyushu,kyushu,3.3062500000000004,https://www.jepx.jp/_download.php?dir=spot_summary&file=spot_summary_2014.csv
2014-06-29,jepx-spread-top8-kyushu,kyushu,3.6849999999999987,https://www.jepx.jp/_download.php?dir=spot_summary&file=spot_summary_2014.csv
2014-06-30,jepx-spread-top8-kyushu,kyushu,6.984999999999998,https://www.jepx.jp/_download.php?dir=spot_summary&file=spot_summary_2014.csv
2014-07-01,jepx-spread-top8-kyushu,kyushu,6.901249999999997,https://www.jepx.jp/_download.php?dir=spot_summary&file=spot_summary_2014.csv
2014-07-02,jepx-spread-top8-kyushu,kyushu,7.4499999999999975,https://www.jepx.jp/_download.php?dir=spot_summary&file=spot_summary_2014.csv
2014-07-03,jepx-spread-top8-kyushu,kyushu,6.961249999999998,https://www.jepx.jp/_download.php?dir=spot_summary&file=spot_summary_2014.csv
2014-07-04,jepx-spread-top8-kyushu,kyushu,6.928750000000001,https://www.jepx.jp/_download.php?dir=spot_summary&file=spot_summary_2014.csv
2014-07-05,jepx-spread-top8-kyushu,kyushu,4.077500000000001,https://www.jepx.jp/_download.php?dir=spot_summary&file=spot_summary_2014.csv
2014-07-06,jepx-spread-top8-kyushu,kyushu,5.070000000000004,https://www.jepx.jp/_download.php?dir=spot_summary&file=spot_summary_2014.csv
2014-07-07,jepx-spread-top8-kyushu,kyushu,7.658750000000003,https://www.jepx.jp/_download.php?dir=spot_summary&file=spot_summary_2014.csv
2014-07-08,jepx-spread-top8-kyushu,kyushu,8.010000000000002,https://www.jepx.jp/_download.php?dir=spot_summary&file=spot_summary_2014.csv
2014-07-09,jepx-spread-top8-kyushu,kyushu,9.630000000000003,https://www.jepx.jp/_download.php?dir=spot_summary&file=spot_summary_2014.csv
2014-07-10,jepx-spread-top8-kyushu,kyushu,9.793750000000003,https://www.jepx.jp/_download.php?dir=spot_summary&file=spot_summary_2014.csv
2014-07-11,jepx-spread-top8-kyushu,kyushu,11.776249999999997,https://www.jepx.jp/_download.php?dir=spot_summary&file=spot_summary_2014.csv
2014-07-12,jepx-spread-top8-kyushu,kyushu,5.0625,https://www.jepx.jp/_download.php?dir=spot_summary&file=spot_summary_2014.csv
2014-07-13,jepx-spread-top8-kyushu,kyushu,5.067500000000003,https://www.jepx.jp/_download.php?dir=spot_summary&file=spot_summary_2014.csv
2014-07-14,jepx-spread-top8-kyushu,kyushu,10.042500000000002,https://www.jepx.jp/_download.php?dir=spot_summary&file=spot_summary_2014.csv
2014-07-15,jepx-spread-top8-kyushu,kyushu,7.578750000000001,https://www.jepx.jp/_download.php?dir=spot_summary&file=spot_summary_2014.csv
2014-07-16,jepx-spread-top8-kyushu,kyushu,10.201250000000002,https://www.jepx.jp/_download.php?dir=spot_summary&file=spot_summary_2014.csv
2014-07-17,jepx-spread-top8-kyushu,kyushu,9.84375,https://www.jepx.jp/_download.php?dir=spot_summary&file=spot_summary_2014.csv
2014-07-18,jepx-spread-top8-kyushu,kyushu,9.950000000000001,https://www.jepx.jp/_download.php?dir=spot_summary&file=spot_summary_2014.csv
2014-07-19,jepx-spread-top8-kyushu,kyushu,4.340000000000003,https://www.jepx.jp/_download.php?dir=spot_summary&file=spot_summary_2014.csv
2014-07-20,jepx-spread-top8-kyushu,kyushu,4.666250000000002,https://www.jepx.jp/_download.php?dir=spot_summary&file=spot_summary_2014.csv
2014-07-21,jepx-spread-top8-kyushu,kyushu,6.074999999999999,https://www.jepx.jp/_download.php?dir=spot_summary&file=spot_summary_2014.csv
2014-07-22,jepx-spread-top8-kyushu,kyushu,9.817500000000003,https://www.jepx.jp/_download.php?dir=spot_summary&file=spot_summary_2014.csv
2014-07-23,jepx-spread-top8-kyushu,kyushu,9.49,https://www.jepx.jp/_download.php?dir=spot_summary&file=spot_summary_2014.csv
2014-07-24,jepx-spread-top8-kyushu,kyushu,12.4725,https://www.jepx.jp/_download.php?dir=spot_summary&file=spot_summary_2014.csv
2014-07-25,jepx-spread-top8-kyushu,kyushu,26.76,https://www.jepx.jp/_download.php?dir=spot_summary&file=spot_summary_2014.csv
2014-07-26,jepx-spread-top8-kyushu,kyushu,5.8125,https://www.jepx.jp/_download.php?dir=spot_summary&file=spot_summary_2014.csv
2014-07-27,jepx-spread-top8-kyushu,kyushu,5.287499999999998,https://www.jepx.jp/_download.php?dir=spot_summary&file=spot_summary_2014.csv
2014-07-28,jepx-spread-top8-kyushu,kyushu,9.083750000000002,https://www.jepx.jp/_download.php?dir=spot_summary&file=spot_summary_2014.csv
2014-07-29,jepx-spread-top8-kyushu,kyushu,8.06125,https://www.jepx.jp/_download.php?dir=spot_summary&file=spot_summary_2014.csv
2014-07-30,jepx-spread-top8-kyushu,kyushu,10.330000000000002,https://www.jepx.jp/_download.php?dir=spot_summary&file=spot_summary_2014.csv
2014-07-31,jepx-spread-top8-kyushu,kyushu,10.431250000000002,https://www.jepx.jp/_download.php?dir=spot_summary&file=spot_summary_2014.csv
2014-08-01,jepx-spread-top8-kyushu,kyushu,9.708749999999997,https://www.jepx.jp/_download.php?dir=spot_summary&file=spot_summary_2014.csv
2014-08-02,jepx-spread-top8-kyushu,kyushu,5.131249999999998,https://www.jepx.jp/_download.php?dir=spot_summary&file=spot_summary_2014.csv
2014-08-03,jepx-spread-top8-kyushu,kyushu,4.50375,https://www.jepx.jp/_download.php?dir=spot_summary&file=spot_summary_2014.csv
2014-08-04,jepx-spread-top8-kyushu,kyushu,9.372499999999995,https://www.jepx.jp/_download.php?dir=spot_summary&file=spot_summary_2014.csv
2014-08-05,jepx-spread-top8-kyushu,kyushu,9.805000000000003,https://www.jepx.jp/_download.php?dir=spot_summary&file=spot_summary_2014.csv
2014-08-06,jepx-spread-top8-kyushu,kyushu,9.61,https://www.jepx.jp/_download.php?dir=spot_summary&file=spot_summary_2014.csv
2014-08-07,jepx-spread-top8-kyushu,kyushu,8.342499999999998,https://www.jepx.jp/_download.php?dir=spot_summary&file=spot_summary_2014.csv
2014-08-08,jepx-spread-top8-kyushu,kyushu,7.698749999999999,https://www.jepx.jp/_download.php?dir=spot_summary&file=spot_summary_2014.csv
2014-08-09,jepx-spread-top8-kyushu,kyushu,4.65,https://www.jepx.jp/_download.php?dir=spot_summary&file=spot_summary_2014.csv
2014-08-10,jepx-spread-top8-kyushu,kyushu,4.328749999999999,https://www.jepx.jp/_download.php?dir=spot_summary&file=spot_summary_2014.csv
2014-08-11,jepx-spread-top8-kyushu,kyushu,9.35375,https://www.jepx.jp/_download.php?dir=spot_summary&file=spot_summary_2014.csv
2014-08-12,jepx-spread-top8-kyushu,kyushu,5.598749999999999,https://www.jepx.jp/_download.php?dir=spot_summary&file=spot_summary_2014.csv
2014-08-13,jepx-spread-top8-kyushu,kyushu,6.588750000000001,https://www.jepx.jp/_download.php?dir=spot_summary&file=spot_summary_2014.csv
2014-08-14,jepx-spread-top8-kyushu,kyushu,5.843750000000002,https://www.jepx.jp/_download.php?dir=spot_summary&file=spot_summary_2014.csv
2014-08-15,jepx-spread-top8-kyushu,kyushu,7.5649999999999995,https://www.jepx.jp/_download.php?dir=spot_summary&file=spot_summary_2014.csv
2014-08-16,jepx-spread-top8-kyushu,kyushu,4.3012500000000005,https://www.jepx.jp/_download.php?dir=spot_summary&file=spot_summary_2014.csv
2014-08-17,jepx-spread-top8-kyushu,kyushu,4.704999999999998,https://www.jepx.jp/_download.php?dir=spot_summary&file=spot_summary_2014.csv
2014-08-18,jepx-spread-top8-kyushu,kyushu,12.729999999999997,https://www.jepx.jp/_download.php?dir=spot_summary&file=spot_summary_2014.csv
2014-08-19,jepx-spread-top8-kyushu,kyushu,10.203750000000003,https://www.jepx.jp/_download.php?dir=spot_summary&file=spot_summary_2014.csv
2014-08-20,jepx-spread-top8-kyushu,kyushu,9.35125,https://www.jepx.jp/_download.php?dir=spot_summary&file=spot_summary_2014.csv
2014-08-21,jepx-spread-top8-kyushu,kyushu,9.291250000000002,https://www.jepx.jp/_download.php?dir=spot_summary&file=spot_summary_2014.csv
2014-08-22,jepx-spread-top8-kyushu,kyushu,8.002500000000001,https://www.jepx.jp/_download.php?dir=spot_summary&file=spot_summary_2014.csv
2014-08-23,jepx-spread-top8-kyushu,kyushu,4.695,https://www.jepx.jp/_download.php?dir=spot_summary&file=spot_summary_2014.csv
2014-08-24,jepx-spread-top8-kyushu,kyushu,3.8237500000000004,https://www.jepx.jp/_download.php?dir=spot_summary&file=spot_summary_2014.csv
2014-08-25,jepx-spread-top8-kyushu,kyushu,9.386250000000004,https://www.jepx.jp/_download.php?dir=spot_summary&file=spot_summary_2014.csv
2014-08-26,jepx-spread-top8-kyushu,kyushu,8.2025,https://www.jepx.jp/_download.php?dir=spot_summary&file=spot_summary_2014.csv
2014-08-27,jepx-spread-top8-kyushu,kyushu,6.098750000000003,https://www.jepx.jp/_download.php?dir=spot_summary&file=spot_summary_2014.csv
2014-08-28,jepx-spread-top8-kyushu,kyushu,6.178750000000001,https://www.jepx.jp/_download.php?dir=spot_summary&file=spot_summary_2014.csv
2014-08-29,jepx-spread-top8-kyushu,kyushu,5.085000000000001,https://www.jepx.jp/_download.php?dir=spot_summary&file=spot_summary_2014.csv
2014-08-30,jepx-spread-top8-kyushu,kyushu,2.4762499999999985,https://www.jepx.jp/_download.php?dir=spot_summary&file=spot_summary_2014.csv
2014-08-31,jepx-spread-top8-kyushu,kyushu,2.295,https://www.jepx.jp/_download.php?dir=spot_summary&file=spot_summary_2014.csv
2014-09-01,jepx-spread-top8-kyushu,kyushu,7.552499999999998,https://www.jepx.jp/_download.php?dir=spot_summary&file=spot_summary_2014.csv
2014-09-02,jepx-spread-top8-kyushu,kyushu,5.392499999999998,https://www.jepx.jp/_download.php?dir=spot_summary&file=spot_summary_2014.csv
2014-09-03,jepx-spread-top8-kyushu,kyushu,5.9025,https://www.jepx.jp/_download.php?dir=spot_summary&file=spot_summary_2014.csv
2014-09-04,jepx-spread-top8-kyushu,kyushu,5.594999999999997,https://www.jepx.jp/_download.php?dir=spot_summary&file=spot_summary_2014.csv
2014-09-05,jepx-spread-top8-kyushu,kyushu,5.4975000000000005,https://www.jepx.jp/_download.php?dir=spot_summary&file=spot_summary_2014.csv
2014-09-06,jepx-spread-top8-kyushu,kyushu,5.109999999999998,https://www.jepx.jp/_download.php?dir=spot_summary&file=spot_summary_2014.csv
2014-09-07,jepx-spread-top8-kyushu,kyushu,4.9037500000000005,https://www.jepx.jp/_download.php?dir=spot_summary&file=spot_summary_2014.csv
2014-09-08,jepx-spread-top8-kyushu,kyushu,5.890000000000001,https://www.jepx.jp/_download.php?dir=spot_summary&file=spot_summary_2014.csv
2014-09-09,jepx-spread-top8-kyushu,kyushu,5.277499999999998,https://www.jepx.jp/_download.php?dir=spot_summary&file=spot_summary_2014.csv
2014-09-10,jepx-spread-top8-kyushu,kyushu,5.4175,https://www.jepx.jp/_download.php?dir=spot_summary&file=spot_summary_2014.csv
2014-09-11,jepx-spread-top8-kyushu,kyushu,5.5,https://www.jepx.jp/_download.php?dir=spot_summary&file=spot_summary_2014.csv
2014-09-12,jepx-spread-top8-kyushu,kyushu,7.407500000000001,https://www.jepx.jp/_download.php?dir=spot_summary&file=spot_summary_2014.csv
2014-09-13,jepx-spread-top8-kyushu,kyushu,4.967499999999998,https://www.jepx.jp/_download.php?dir=spot_summary&file=spot_summary_2014.csv
2014-09-14,jepx-spread-top8-kyushu,kyushu,6.855,https://www.jepx.jp/_download.php?dir=spot_summary&file=spot_summary_2014.csv
2014-09-15,jepx-spread-top8-kyushu,kyushu,8.299999999999999,https://www.jepx.jp/_download.php?dir=spot_summary&file=spot_summary_2014.csv
2014-09-16,jepx-spread-top8-kyushu,kyushu,8.3175,https://www.jepx.jp/_download.php?dir=spot_summary&file=spot_summary_2014.csv
2014-09-17,jepx-spread-top8-kyushu,kyushu,7.926249999999998,https://www.jepx.jp/_download.php?dir=spot_summary&file=spot_summary_2014.csv
2014-09-18,jepx-spread-top8-kyushu,kyushu,5.638750000000002,https://www.jepx.jp/_download.php?dir=spot_summary&file=spot_summary_2014.csv
2014-09-19,jepx-spread-top8-kyushu,kyushu,5.203749999999999,https://www.jepx.jp/_download.php?dir=spot_summary&file=spot_summary_2014.csv
2014-09-20,jepx-spread-top8-kyushu,kyushu,3.5799999999999983,https://www.jepx.jp/_download.php?dir=spot_summary&file=spot_summary_2014.csv
2014-09-21,jepx-spread-top8-kyushu,kyushu,3.7700000000000014,https://www.jepx.jp/_download.php?dir=spot_summary&file=spot_summary_2014.csv
2014-09-22,jepx-spread-top8-kyushu,kyushu,6.452499999999997,https://www.jepx.jp/_download.php?dir=spot_summary&file=spot_summary_2014.csv
2014-09-23,jepx-spread-top8-kyushu,kyushu,4.63875,https://www.jepx.jp/_download.php?dir=spot_summary&file=spot_summary_2014.csv
2014-09-24,jepx-spread-top8-kyushu,kyushu,5.880000000000001,https://www.jepx.jp/_download.php?dir=spot_summary&file=spot_summary_2014.csv
2014-09-25,jepx-spread-top8-kyushu,kyushu,6.376249999999999,https://www.jepx.jp/_download.php?dir=spot_summary&file=spot_summary_2014.csv
2014-09-26,jepx-spread-top8-kyushu,kyushu,6.065000000000001,https://www.jepx.jp/_download.php?dir=spot_summary&file=spot_summary_2014.csv
2014-09-27,jepx-spread-top8-kyushu,kyushu,4.116250000000001,https://www.jepx.jp/_download.php?dir=spot_summary&file=spot_summary_2014.csv
2014-09-28,jepx-spread-top8-kyushu,kyushu,6.192499999999999,https://www.jepx.jp/_download.php?dir=spot_summary&file=spot_summary_2014.csv
2014-09-29,jepx-spread-top8-kyushu,kyushu,5.800000000000001,https://www.jepx.jp/_download.php?dir=spot_summary&file=spot_summary_2014.csv
2014-09-30,jepx-spread-top8-kyushu,kyushu,5.488750000000003,https://www.jepx.jp/_download.php?dir=spot_summary&file=spot_summary_2014.csv
2014-10-01,jepx-spread-top8-kyushu,kyushu,5.482500000000002,https://www.jepx.jp/_download.php?dir=spot_summary&file=spot_summary_2014.csv
2014-10-02,jepx-spread-top8-kyushu,kyushu,5.53125,https://www.jepx.jp/_download.php?dir=spot_summary&file=spot_summary_2014.csv
2014-10-03,jepx-spread-top8-kyushu,kyushu,6.401250000000001,https://www.jepx.jp/_download.php?dir=spot_summary&file=spot_summary_2014.csv
2014-10-04,jepx-spread-top8-kyushu,kyushu,1.5250000000000021,https://www.jepx.jp/_download.php?dir=spot_summary&file=spot_summary_2014.csv
2014-10-05,jepx-spread-top8-kyushu,kyushu,0.8737500000000011,https://www.jepx.jp/_download.php?dir=spot_summary&file=spot_summary_2014.csv
2014-10-06,jepx-spread-top8-kyushu,kyushu,2.9937499999999986,https://www.jepx.jp/_download.php?dir=spot_summary&file=spot_summary_2014.csv
2014-10-07,jepx-spread-top8-kyushu,kyushu,4.24375,https://www.jepx.jp/_download.php?dir=spot_summary&file=spot_summary_2014.csv
2014-10-08,jepx-spread-top8-kyushu,kyushu,5.041249999999998,https://www.jepx.jp/_download.php?dir=spot_summary&file=spot_summary_2014.csv
2014-10-09,jepx-spread-top8-kyushu,kyushu,5.344999999999999,https://www.jepx.jp/_download.php?dir=spot_summary&file=spot_summary_2014.csv
2014-10-10,jepx-spread-top8-kyushu,kyushu,5.86125,https://www.jepx.jp/_download.php?dir=spot_summary&file=spot_summary_2014.csv
2014-10-11,jepx-spread-top8-kyushu,kyushu,3.594999999999999,https://www.jepx.jp/_download.php?dir=spot_summary&file=spot_summary_2014.csv
2014-10-12,jepx-spread-top8-kyushu,kyushu,2.5012500000000006,https://www.jepx.jp/_download.php?dir=spot_summary&file=spot_summary_2014.csv
2014-10-13,jepx-spread-top8-kyushu,kyushu,4.0799999999999965,https://www.jepx.jp/_download.php?dir=spot_summary&file=spot_summary_2014.csv
2014-10-14,jepx-spread-top8-kyushu,kyushu,6.450000000000001,https://www.jepx.jp/_download.php?dir=spot_summary&file=spot_summary_2014.csv
2014-10-15,jepx-spread-top8-kyushu,kyushu,6.681250000000002,https://www.jepx.jp/_download.php?dir=spot_summary&file=spot_summary_2014.csv
2014-10-16,jepx-spread-top8-kyushu,kyushu,7.276250000000001,https://www.jepx.jp/_download.php?dir=spot_summary&file=spot_summary_2014.csv
2014-10-17,jepx-spread-top8-kyushu,kyushu,5.809999999999999,https://www.jepx.jp/_download.php?dir=spot_summary&file=spot_summary_2014.csv
2014-10-18,jepx-spread-top8-kyushu,kyushu,5.73875,https://www.jepx.jp/_download.php?dir=spot_summary&file=spot_summary_2014.csv
2014-10-19,jepx-spread-top8-kyushu,kyushu,5.192499999999999,https://www.jepx.jp/_download.php?dir=spot_summary&file=spot_summary_2014.csv
2014-10-20,jepx-spread-top8-kyushu,kyushu,6.151250000000001,https://www.jepx.jp/_download.php?dir=spot_summary&file=spot_summary_2014.csv
2014-10-21,jepx-spread-top8-kyushu,kyushu,4.66,https://www.jepx.jp/_download.php?dir=spot_summary&file=spot_summary_2014.csv
2014-10-22,jepx-spread-top8-kyushu,kyushu,4.532500000000001,https://www.jepx.jp/_download.php?dir=spot_summary&file=spot_summary_2014.csv
2014-10-23,jepx-spread-top8-kyushu,kyushu,3.8275000000000023,https://www.jepx.jp/_download.php?dir=spot_summary&file=spot_summary_2014.csv
2014-10-24,jepx-spread-top8-kyushu,kyushu,3.4462500000000027,https://www.jepx.jp/_download.php?dir=spot_summary&file=spot_summary_2014.csv
2014-10-25,jepx-spread-top8-kyushu,kyushu,2.9487500000000004,https://www.jepx.jp/_download.php?dir=spot_summary&file=spot_summary_2014.csv
2014-10-26,jepx-spread-top8-kyushu,kyushu,3.4799999999999986,https://www.jepx.jp/_download.php?dir=spot_summary&file=spot_summary_2014.csv
2014-10-27,jepx-spread-top8-kyushu,kyushu,4.094999999999999,https://www.jepx.jp/_download.php?dir=spot_summary&file=spot_summary_2014.csv
2014-10-28,jepx-spread-top8-kyushu,kyushu,3.7087499999999984,https://www.jepx.jp/_download.php?dir=spot_summary&file=spot_summary_2014.csv
2014-10-29,jepx-spread-top8-kyushu,kyushu,3.728749999999998,https://www.jepx.jp/_download.php?dir=spot_summary&file=spot_summary_2014.csv
2014-10-30,jepx-spread-top8-kyushu,kyushu,3.2562500000000014,https://www.jepx.jp/_download.php?dir=spot_summary&file=spot_summary_2014.csv
2014-10-31,jepx-spread-top8-kyushu,kyushu,4.172499999999999,https://www.jepx.jp/_download.php?dir=spot_summary&file=spot_summary_2014.csv
2014-11-01,jepx-spread-top8-kyushu,kyushu,4.208750000000002,https://www.jepx.jp/_download.php?dir=spot_summary&file=spot_summary_2014.csv
2014-11-02,jepx-spread-top8-kyushu,kyushu,5.08,https://www.jepx.jp/_download.php?dir=spot_summary&file=spot_summary_2014.csv
2014-11-03,jepx-spread-top8-kyushu,kyushu,2.8187499999999996,https://www.jepx.jp/_download.php?dir=spot_summary&file=spot_summary_2014.csv
2014-11-04,jepx-spread-top8-kyushu,kyushu,4.365,https://www.jepx.jp/_download.php?dir=spot_summary&file=spot_summary_2014.csv
2014-11-05,jepx-spread-top8-kyushu,kyushu,2.0962500000000013,https://www.jepx.jp/_download.php?dir=spot_summary&file=spot_summary_2014.csv
2014-11-06,jepx-spread-top8-kyushu,kyushu,2.75375,https://www.jepx.jp/_download.php?dir=spot_summary&file=spot_summary_2014.csv
2014-11-07,jepx-spread-top8-kyushu,kyushu,4.42375,https://www.jepx.jp/_download.php?dir=spot_summary&file=spot_summary_2014.csv
2014-11-08,jepx-spread-top8-kyushu,kyushu,2.7562499999999996,https://www.jepx.jp/_download.php?dir=spot_summary&file=spot_summary_2014.csv
2014-11-09,jepx-spread-top8-kyushu,kyushu,2.397500000000001,https://www.jepx.jp/_download.php?dir=spot_summary&file=spot_summary_2014.csv
2014-11-10,jepx-spread-top8-kyushu,kyushu,4.798750000000002,https://www.jepx.jp/_download.php?dir=spot_summary&file=spot_summary_2014.csv
2014-11-11,jepx-spread-top8-kyushu,kyushu,3.5325000000000006,https://www.jepx.jp/_download.php?dir=spot_summary&file=spot_summary_2014.csv
2014-11-12,jepx-spread-top8-kyushu,kyushu,3.767500000000002,https://www.jepx.jp/_download.php?dir=spot_summary&file=spot_summary_2014.csv
2014-11-13,jepx-spread-top8-kyushu,kyushu,4.5075,https://www.jepx.jp/_download.php?dir=spot_summary&file=spot_summary_2014.csv
2014-11-14,jepx-spread-top8-kyushu,kyushu,4.621249999999998,https://www.jepx.jp/_download.php?dir=spot_summary&file=spot_summary_2014.csv
2014-11-15,jepx-spread-top8-kyushu,kyushu,3.6412499999999994,https://www.jepx.jp/_download.php?dir=spot_summary&file=spot_summary_2014.csv
2014-11-16,jepx-spread-top8-kyushu,kyushu,3.5862499999999997,https://www.jepx.jp/_download.php?dir=spot_summary&file=spot_summary_2014.csv
2014-11-17,jepx-spread-top8-kyushu,kyushu,4.946249999999999,https://www.jepx.jp/_download.php?dir=spot_summary&file=spot_summary_2014.csv
2014-11-18,jepx-spread-top8-kyushu,kyushu,3.49,https://www.jepx.jp/_download.php?dir=spot_summary&file=spot_summary_2014.csv
2014-11-19,jepx-spread-top8-kyushu,kyushu,3.50375,https://www.jepx.jp/_download.php?dir=spot_summary&file=spot_summary_2014.csv
2014-11-20,jepx-spread-top8-kyushu,kyushu,3.450000000000001,https://www.jepx.jp/_download.php?dir=spot_summary&file=spot_summary_2014.csv
2014-11-21,jepx-spread-top8-kyushu,kyushu,3.0737500000000004,https://www.jepx.jp/_download.php?dir=spot_summary&file=spot_summary_2014.csv
2014-11-22,jepx-spread-top8-kyushu,kyushu,2.793750000000001,https://www.jepx.jp/_download.php?dir=spot_summary&file=spot_summary_2014.csv
2014-11-23,jepx-spread-top8-kyushu,kyushu,3.628750000000002,https://www.jepx.jp/_download.php?dir=spot_summary&file=spot_summary_2014.csv
2014-11-24,jepx-spread-top8-kyushu,kyushu,3.4775000000000027,https://www.jepx.jp/_download.php?dir=spot_summary&file=spot_summary_2014.csv
2014-11-25,jepx-spread-top8-kyushu,kyushu,3.2525000000000013,https://www.jepx.jp/_download.php?dir=spot_summary&file=spot_summary_2014.csv
2014-11-26,jepx-spread-top8-kyushu,kyushu,3.6800000000000015,https://www.jepx.jp/_download.php?dir=spot_summary&file=spot_summary_2014.csv
2014-11-27,jepx-spread-top8-kyushu,kyushu,3.2962500000000006,https://www.jepx.jp/_download.php?dir=spot_summary&file=spot_summary_2014.csv
2014-11-28,jepx-spread-top8-kyushu,kyushu,3.3249999999999993,https://www.jepx.jp/_download.php?dir=spot_summary&file=spot_summary_2014.csv
2014-11-29,jepx-spread-top8-kyushu,kyushu,3.2125000000000004,https://www.jepx.jp/_download.php?dir=spot_summary&file=spot_summary_2014.csv
2014-11-30,jepx-spread-top8-kyushu,kyushu,2.927500000000002,https://www.jepx.jp/_download.php?dir=spot_summary&file=spot_summary_2014.csv
2014-12-01,jepx-spread-top8-kyushu,kyushu,4.267499999999998,https://www.jepx.jp/_download.php?dir=spot_summary&file=spot_summary_2014.csv
2014-12-02,jepx-spread-top8-kyushu,kyushu,5.130000000000003,https://www.jepx.jp/_download.php?dir=spot_summary&file=spot_summary_2014.csv
2014-12-03,jepx-spread-top8-kyushu,kyushu,4.849999999999998,https://www.jepx.jp/_download.php?dir=spot_summary&file=spot_summary_2014.csv
2014-12-04,jepx-spread-top8-kyushu,kyushu,4.469999999999997,https://www.jepx.jp/_download.php?dir=spot_summary&file=spot_summary_2014.csv
2014-12-05,jepx-spread-top8-kyushu,kyushu,6.050000000000001,https://www.jepx.jp/_download.php?dir=spot_summary&file=spot_summary_2014.csv
2014-12-06,jepx-spread-top8-kyushu,kyushu,2.46875,https://www.jepx.jp/_download.php?dir=spot_summary&file=spot_summary_2014.csv
2014-12-07,jepx-spread-top8-kyushu,kyushu,2.807499999999999,https://www.jepx.jp/_download.php?dir=spot_summary&file=spot_summary_2014.csv
2014-12-08,jepx-spread-top8-kyushu,kyushu,3.3475,https://www.jepx.jp/_download.php?dir=spot_summary&file=spot_summary_2014.csv
2014-12-09,jepx-spread-top8-kyushu,kyushu,3.1975,https://www.jepx.jp/_download.php?dir=spot_summary&file=spot_summary_2014.csv
2014-12-10,jepx-spread-top8-kyushu,kyushu,2.7862500000000026,https://www.jepx.jp/_download.php?dir=spot_summary&file=spot_summary_2014.csv
2014-12-11,jepx-spread-top8-kyushu,kyushu,2.5275,https://www.jepx.jp/_download.php?dir=spot_summary&file=spot_summary_2014.csv
2014-12-12,jepx-spread-top8-kyushu,kyushu,2.9337500000000016,https://www.jepx.jp/_download.php?dir=spot_summary&file=spot_summary_2014.csv
2014-12-13,jepx-spread-top8-kyushu,kyushu,2.3987500000000015,https://www.jepx.jp/_download.php?dir=spot_summary&file=spot_summary_2014.csv
2014-12-14,jepx-spread-top8-kyushu,kyushu,1.9475000000000016,https://www.jepx.jp/_download.php?dir=spot_summary&file=spot_summary_2014.csv
2014-12-15,jepx-spread-top8-kyushu,kyushu,4.916250000000002,https://www.jepx.jp/_download.php?dir=spot_summary&file=spot_summary_2014.csv
2014-12-16,jepx-spread-top8-kyushu,kyushu,5.407500000000002,https://www.jepx.jp/_download.php?dir=spot_summary&file=spot_summary_2014.csv
2014-12-17,jepx-spread-top8-kyushu,kyushu,13.719999999999999,https://www.jepx.jp/_download.php?dir=spot_summary&file=spot_summary_2014.csv
2014-12-18,jepx-spread-top8-kyushu,kyushu,10.95875,https://www.jepx.jp/_download.php?dir=spot_summary&file=spot_summary_2014.csv
2014-12-19,jepx-spread-top8-kyushu,kyushu,18.8825,https://www.jepx.jp/_download.php?dir=spot_summary&file=spot_summary_2014.csv
2014-12-20,jepx-spread-top8-kyushu,kyushu,3.0075000000000003,https://www.jepx.jp/_download.php?dir=spot_summary&file=spot_summary_2014.csv
2014-12-21,jepx-spread-top8-kyushu,kyushu,2.2712499999999984,https://www.jepx.jp/_download.php?dir=spot_summary&file=spot_summary_2014.csv
2014-12-22,jepx-spread-top8-kyushu,kyushu,6.764999999999997,https://www.jepx.jp/_download.php?dir=spot_summary&file=spot_summary_2014.csv
2014-12-23,jepx-spread-top8-kyushu,kyushu,3.1737499999999983,https://www.jepx.jp/_download.php?dir=spot_summary&file=spot_summary_2014.csv
2014-12-24,jepx-spread-top8-kyushu,kyushu,3.737499999999999,https://www.jepx.jp/_download.php?dir=spot_summary&file=spot_summary_2014.csv
2014-12-25,jepx-spread-top8-kyushu,kyushu,2.987499999999997,https://www.jepx.jp/_download.php?dir=spot_summary&file=spot_summary_2014.csv
2014-12-26,jepx-spread-top8-kyushu,kyushu,1.8850000000000016,https://www.jepx.jp/_download.php?dir=spot_summary&file=spot_summary_2014.csv
2014-12-27,jepx-spread-top8-kyushu,kyushu,3.583750000000002,https://www.jepx.jp/_download.php?dir=spot_summary&file=spot_summary_2014.csv
2014-12-28,jepx-spread-top8-kyushu,kyushu,3.3337499999999984,https://www.jepx.jp/_download.php?dir=spot_summary&file=spot_summary_2014.csv
2014-12-29,jepx-spread-top8-kyushu,kyushu,2.370000000000001,https://www.jepx.jp/_download.php?dir=spot_summary&file=spot_summary_2014.csv
2014-12-30,jepx-spread-top8-kyushu,kyushu,2.7162500000000005,https://www.jepx.jp/_download.php?dir=spot_summary&file=spot_summary_2014.csv
2014-12-31,jepx-spread-top8-kyushu,kyushu,3.6549999999999976,https://www.jepx.jp/_download.php?dir=spot_summary&file=spot_summary_2014.csv
2015-01-01,jepx-spread-top8-kyushu,kyushu,1.6550000000000011,https://www.jepx.jp/_download.php?dir=spot_summary&file=spot_summary_2014.csv
2015-01-02,jepx-spread-top8-kyushu,kyushu,2.0687499999999996,https://www.jepx.jp/_download.php?dir=spot_summary&file=spot_summary_2014.csv
2015-01-03,jepx-spread-top8-kyushu,kyushu,2.1712500000000006,https://www.jepx.jp/_download.php?dir=spot_summary&file=spot_summary_2014.csv
2015-01-04,jepx-spread-top8-kyushu,kyushu,3.13875,https://www.jepx.jp/_download.php?dir=spot_summary&file=spot_summary_2014.csv
2015-01-05,jepx-spread-top8-kyushu,kyushu,5.204999999999998,https://www.jepx.jp/_download.php?dir=spot_summary&file=spot_summary_2014.csv
2015-01-06,jepx-spread-top8-kyushu,kyushu,4.287500000000001,https://www.jepx.jp/_download.php?dir=spot_summary&file=spot_summary_2014.csv
2015-01-07,jepx-spread-top8-kyushu,kyushu,5.385,https://www.jepx.jp/_download.php?dir=spot_summary&file=spot_summary_2014.csv
2015-01-08,jepx-spread-top8-kyushu,kyushu,5.438750000000002,https://www.jepx.jp/_download.php?dir=spot_summary&file=spot_summary_2014.csv
2015-01-09,jepx-spread-top8-kyushu,kyushu,5.074999999999999,https://www.jepx.jp/_download.php?dir=spot_summary&file=spot_summary_2014.csv
2015-01-10,jepx-spread-top8-kyushu,kyushu,3.3587500000000006,https://www.jepx.jp/_download.php?dir=spot_summary&file=spot_summary_2014.csv
2015-01-11,jepx-spread-top8-kyushu,kyushu,3.977499999999999,https://www.jepx.jp/_download.php?dir=spot_summary&file=spot_summary_2014.csv
2015-01-12,jepx-spread-top8-kyushu,kyushu,4.146249999999998,https://www.jepx.jp/_download.php?dir=spot_summary&file=spot_summary_2014.csv
2015-01-13,jepx-spread-top8-kyushu,kyushu,4.337500000000002,https://www.jepx.jp/_download.php?dir=spot_summary&file=spot_summary_2014.csv
2015-01-14,jepx-spread-top8-kyushu,kyushu,3.2699999999999996,https://www.jepx.jp/_download.php?dir=spot_summary&file=spot_summary_2014.csv
2015-01-15,jepx-spread-top8-kyushu,kyushu,5.672499999999999,https://www.jepx.jp/_download.php?dir=spot_summary&file=spot_summary_2014.csv
2015-01-16,jepx-spread-top8-kyushu,kyushu,2.6850000000000005,https://www.jepx.jp/_download.php?dir=spot_summary&file=spot_summary_2014.csv
2015-01-17,jepx-spread-top8-kyushu,kyushu,3.317499999999999,https://www.jepx.jp/_download.php?dir=spot_summary&file=spot_summary_2014.csv
2015-01-18,jepx-spread-top8-kyushu,kyushu,2.995000000000001,https://www.jepx.jp/_download.php?dir=spot_summary&file=spot_summary_2014.csv
2015-01-19,jepx-spread-top8-kyushu,kyushu,5.18375,https://www.jepx.jp/_download.php?dir=spot_summary&file=spot_summary_2014.csv
2015-01-20,jepx-spread-top8-kyushu,kyushu,4.23,https://www.jepx.jp/_download.php?dir=spot_summary&file=spot_summary_2014.csv
2015-01-21,jepx-spread-top8-kyushu,kyushu,4.436249999999998,https://www.jepx.jp/_download.php?dir=spot_summary&file=spot_summary_2014.csv
2015-01-22,jepx-spread-top8-kyushu,kyushu,5.082500000000003,https://www.jepx.jp/_download.php?dir=spot_summary&file=spot_summary_2014.csv
2015-01-23,jepx-spread-top8-kyushu,kyushu,3.973750000000001,https://www.jepx.jp/_download.php?dir=spot_summary&file=spot_summary_2014.csv
2015-01-24,jepx-spread-top8-kyushu,kyushu,1.9350000000000005,https://www.jepx.jp/_download.php?dir=spot_summary&file=spot_summary_2014.csv
2015-01-25,jepx-spread-top8-kyushu,kyushu,1.1737499999999983,https://www.jepx.jp/_download.php?dir=spot_summary&file=spot_summary_2014.csv
2015-01-26,jepx-spread-top8-kyushu,kyushu,3.619999999999999,https://www.jepx.jp/_download.php?dir=spot_summary&file=spot_summary_2014.csv
2015-01-27,jepx-spread-top8-kyushu,kyushu,2.715,https://www.jepx.jp/_download.php?dir=spot_summary&file=spot_summary_2014.csv
2015-01-28,jepx-spread-top8-kyushu,kyushu,4.971250000000001,https://www.jepx.jp/_download.php?dir=spot_summary&file=spot_summary_2014.csv
2015-01-29,jepx-spread-top8-kyushu,kyushu,5.027500000000002,https://www.jepx.jp/_download.php?dir=spot_summary&file=spot_summary_2014.csv
2015-01-30,jepx-spread-top8-kyushu,kyushu,8.7875,https://www.jepx.jp/_download.php?dir=spot_summary&file=spot_summary_2014.csv
2015-01-31,jepx-spread-top8-kyushu,kyushu,2.2087499999999984,https://www.jepx.jp/_download.php?dir=spot_summary&file=spot_summary_2014.csv
2015-02-01,jepx-spread-top8-kyushu,kyushu,2.1624999999999996,https://www.jepx.jp/_download.php?dir=spot_summary&file=spot_summary_2014.csv
2015-02-02,jepx-spread-top8-kyushu,kyushu,4.87125,https://www.jepx.jp/_download.php?dir=spot_summary&file=spot_summary_2014.csv
2015-02-03,jepx-spread-top8-kyushu,kyushu,3.1987499999999986,https://www.jepx.jp/_download.php?dir=spot_summary&file=spot_summary_2014.csv
2015-02-04,jepx-spread-top8-kyushu,kyushu,3.375,https://www.jepx.jp/_download.php?dir=spot_summary&file=spot_summary_2014.csv
2015-02-05,jepx-spread-top8-kyushu,kyushu,3.9475,https://www.jepx.jp/_download.php?dir=spot_summary&file=spot_summary_2014.csv
2015-02-06,jepx-spread-top8-kyushu,kyushu,3.7262500000000003,https://www.jepx.jp/_download.php?dir=spot_summary&file=spot_summary_2014.csv
2015-02-07,jepx-spread-top8-kyushu,kyushu,2.481250000000001,https://www.jepx.jp/_download.php?dir=spot_summary&file=spot_summary_2014.csv
2015-02-08,jepx-spread-top8-kyushu,kyushu,2.267500000000002,https://www.jepx.jp/_download.php?dir=spot_summary&file=spot_summary_2014.csv
2015-02-09,jepx-spread-top8-kyushu,kyushu,5.375,https://www.jepx.jp/_download.php?dir=spot_summary&file=spot_summary_2014.csv
2015-02-10,jepx-spread-top8-kyushu,kyushu,4.301250000000001,https://www.jepx.jp/_download.php?dir=spot_summary&file=spot_summary_2014.csv
2015-02-11,jepx-spread-top8-kyushu,kyushu,2.61125,https://www.jepx.jp/_download.php?dir=spot_summary&file=spot_summary_2014.csv
2015-02-12,jepx-spread-top8-kyushu,kyushu,5.022499999999999,https://www.jepx.jp/_download.php?dir=spot_summary&file=spot_summary_2014.csv
2015-02-13,jepx-spread-top8-kyushu,kyushu,4.044999999999998,https://www.jepx.jp/_download.php?dir=spot_summary&file=spot_summary_2014.csv
2015-02-14,jepx-spread-top8-kyushu,kyushu,2.321249999999999,https://www.jepx.jp/_download.php?dir=spot_summary&file=spot_summary_2014.csv
2015-02-15,jepx-spread-top8-kyushu,kyushu,1.9649999999999999,https://www.jepx.jp/_download.php?dir=spot_summary&file=spot_summary_2014.csv
2015-02-16,jepx-spread-top8-kyushu,kyushu,5.7425000000000015,https://www.jepx.jp/_download.php?dir=spot_summary&file=spot_summary_2014.csv
2015-02-17,jepx-spread-top8-kyushu,kyushu,5.462500000000002,https://www.jepx.jp/_download.php?dir=spot_summary&file=spot_summary_2014.csv
2015-02-18,jepx-spread-top8-kyushu,kyushu,6.8125,https://www.jepx.jp/_download.php?dir=spot_summary&file=spot_summary_2014.csv
2015-02-19,jepx-spread-top8-kyushu,kyushu,4.491249999999999,https://www.jepx.jp/_download.php?dir=spot_summary&file=spot_summary_2014.csv
2015-02-20,jepx-spread-top8-kyushu,kyushu,2.7375000000000007,https://www.jepx.jp/_download.php?dir=spot_summary&file=spot_summary_2014.csv
2015-02-21,jepx-spread-top8-kyushu,kyushu,2.0150000000000006,https://www.jepx.jp/_download.php?dir=spot_summary&file=spot_summary_2014.csv
2015-02-22,jepx-spread-top8-kyushu,kyushu,1.487499999999999,https://www.jepx.jp/_download.php?dir=spot_summary&file=spot_summary_2014.csv
2015-02-23,jepx-spread-top8-kyushu,kyushu,3.2837500000000013,https://www.jepx.jp/_download.php?dir=spot_summary&file=spot_summary_2014.csv
2015-02-24,jepx-spread-top8-kyushu,kyushu,2.8575,https://www.jepx.jp/_download.php?dir=spot_summary&file=spot_summary_2014.csv
2015-02-25,jepx-spread-top8-kyushu,kyushu,2.9049999999999994,https://www.jepx.jp/_download.php?dir=spot_summary&file=spot_summary_2014.csv
2015-02-26,jepx-spread-top8-kyushu,kyushu,6.07,https://www.jepx.jp/_download.php?dir=spot_summary&file=spot_summary_2014.csv
2015-02-27,jepx-spread-top8-kyushu,kyushu,2.7612499999999986,https://www.jepx.jp/_download.php?dir=spot_summary&file=spot_summary_2014.csv
2015-02-28,jepx-spread-top8-kyushu,kyushu,2.334999999999999,https://www.jepx.jp/_download.php?dir=spot_summary&file=spot_summary_2014.csv
2015-03-01,jepx-spread-top8-kyushu,kyushu,2.1525,https://www.jepx.jp/_download.php?dir=spot_summary&file=spot_summary_2014.csv
2015-03-02,jepx-spread-top8-kyushu,kyushu,2.9087499999999995,https://www.jepx.jp/_download.php?dir=spot_summary&file=spot_summary_2014.csv
2015-03-03,jepx-spread-top8-kyushu,kyushu,5.46875,https://www.jepx.jp/_download.php?dir=spot_summary&file=spot_summary_2014.csv
2015-03-04,jepx-spread-top8-kyushu,kyushu,3.43375,https://www.jepx.jp/_download.php?dir=spot_summary&file=spot_summary_2014.csv
2015-03-05,jepx-spread-top8-kyushu,kyushu,5.0912500000000005,https://www.jepx.jp/_download.php?dir=spot_summary&file=spot_summary_2014.csv
2015-03-06,jepx-spread-top8-kyushu,kyushu,4.3675000000000015,https://www.jepx.jp/_download.php?dir=spot_summary&file=spot_summary_2014.csv
2015-03-07,jepx-spread-top8-kyushu,kyushu,1.4362500000000011,https://www.jepx.jp/_download.php?dir=spot_summary&file=spot_summary_2014.csv
2015-03-08,jepx-spread-top8-kyushu,kyushu,1.8450000000000006,https://www.jepx.jp/_download.php?dir=spot_summary&file=spot_summary_2014.csv
2015-03-09,jepx-spread-top8-kyushu,kyushu,3.0,https://www.jepx.jp/_download.php?dir=spot_summary&file=spot_summary_2014.csv
2015-03-10,jepx-spread-top8-kyushu,kyushu,9.0425,https://www.jepx.jp/_download.php?dir=spot_summary&file=spot_summary_2014.csv
2015-03-11,jepx-spread-top8-kyushu,kyushu,8.721249999999998,https://www.jepx.jp/_download.php?dir=spot_summary&file=spot_summary_2014.csv
2015-03-12,jepx-spread-top8-kyushu,kyushu,4.908749999999998,https://www.jepx.jp/_download.php?dir=spot_summary&file=spot_summary_2014.csv
2015-03-13,jepx-spread-top8-kyushu,kyushu,4.392499999999998,https://www.jepx.jp/_download.php?dir=spot_summary&file=spot_summary_2014.csv
2015-03-14,jepx-spread-top8-kyushu,kyushu,0.9874999999999989,https://www.jepx.jp/_download.php?dir=spot_summary&file=spot_summary_2014.csv
2015-03-15,jepx-spread-top8-kyushu,kyushu,1.42375,https://www.jepx.jp/_download.php?dir=spot_summary&file=spot_summary_2014.csv
2015-03-16,jepx-spread-top8-kyushu,kyushu,3.652499999999998,https://www.jepx.jp/_download.php?dir=spot_summary&file=spot_summary_2014.csv
2015-03-17,jepx-spread-top8-kyushu,kyushu,1.7662500000000012,https://www.jepx.jp/_download.php?dir=spot_summary&file=spot_summary_2014.csv
2015-03-18,jepx-spread-top8-kyushu,kyushu,2.1624999999999996,https://www.jepx.jp/_download.php?dir=spot_summary&file=spot_summary_2014.csv
2015-03-19,jepx-spread-top8-kyushu,kyushu,3.0437499999999993,https://www.jepx.jp/_download.php?dir=spot_summary&file=spot_summary_2014.csv
2015-03-20,jepx-spread-top8-kyushu,kyushu,1.6312500000000014,https://www.jepx.jp/_download.php?dir=spot_summary&file=spot_summary_2014.csv
2015-03-21,jepx-spread-top8-kyushu,kyushu,1.4675000000000011,https://www.jepx.jp/_download.php?dir=spot_summary&file=spot_summary_2014.csv
2015-03-22,jepx-spread-top8-kyushu,kyushu,1.5450000000000017,https://www.jepx.jp/_download.php?dir=spot_summary&file=spot_summary_2014.csv
2015-03-23,jepx-spread-top8-kyushu,kyushu,5.428750000000001,https://www.jepx.jp/_download.php?dir=spot_summary&file=spot_summary_2014.csv
2015-03-24,jepx-spread-top8-kyushu,kyushu,4.7675,https://www.jepx.jp/_download.php?dir=spot_summary&file=spot_summary_2014.csv
2015-03-25,jepx-spread-top8-kyushu,kyushu,4.125000000000002,https://www.jepx.jp/_download.php?dir=spot_summary&file=spot_summary_2014.csv
2015-03-26,jepx-spread-top8-kyushu,kyushu,2.741250000000001,https://www.jepx.jp/_download.php?dir=spot_summary&file=spot_summary_2014.csv
2015-03-27,jepx-spread-top8-kyushu,kyushu,1.4387500000000024,https://www.jepx.jp/_download.php?dir=spot_summary&file=spot_summary_2014.csv
2015-03-28,jepx-spread-top8-kyushu,kyushu,2.883750000000001,https://www.jepx.jp/_download.php?dir=spot_summary&file=spot_summary_2014.csv
2015-03-29,jepx-spread-top8-kyushu,kyushu,3.1987500000000004,https://www.jepx.jp/_download.php?dir=spot_summary&file=spot_summary_2014.csv
2015-03-30,jepx-spread-top8-kyushu,kyushu,1.9149999999999991,https://www.jepx.jp/_download.php?dir=spot_summary&file=spot_summary_2014.csv
2015-03-31,jepx-spread-top8-kyushu,kyushu,1.6862499999999976,https://www.jepx.jp/_download.php?dir=spot_summary&file=spot_summary_2014.csv
2015-04-01,jepx-spread-top8-kyushu,kyushu,3.9662500000000005,https://www.jepx.jp/_download.php?dir=spot_summary&file=spot_summary_2015.csv
2015-04-02,jepx-spread-top8-kyushu,kyushu,2.1262500000000006,https://www.jepx.jp/_download.php?dir=spot_summary&file=spot_summary_2015.csv
2015-04-03,jepx-spread-top8-kyushu,kyushu,4.914999999999999,https://www.jepx.jp/_download.php?dir=spot_summary&file=spot_summary_2015.csv
2015-04-04,jepx-spread-top8-kyushu,kyushu,1.8674999999999997,https://www.jepx.jp/_download.php?dir=spot_summary&file=spot_summary_2015.csv
2015-04-05,jepx-spread-top8-kyushu,kyushu,2.7162499999999987,https://www.jepx.jp/_download.php?dir=spot_summary&file=spot_summary_2015.csv
2015-04-06,jepx-spread-top8-kyushu,kyushu,4.706250000000001,https://www.jepx.jp/_download.php?dir=spot_summary&file=spot_summary_2015.csv
2015-04-07,jepx-spread-top8-kyushu,kyushu,5.477499999999999,https://www.jepx.jp/_download.php?dir=spot_summary&file=spot_summary_2015.csv
2015-04-08,jepx-spread-top8-kyushu,kyushu,4.530000000000001,https://www.jepx.jp/_download.php?dir=spot_summary&file=spot_summary_2015.csv
2015-04-09,jepx-spread-top8-kyushu,kyushu,3.9875000000000007,https://www.jepx.jp/_download.php?dir=spot_summary&file=spot_summary_2015.csv
2015-04-10,jepx-spread-top8-kyushu,kyushu,4.883750000000001,https://www.jepx.jp/_download.php?dir=spot_summary&file=spot_summary_2015.csv
2015-04-11,jepx-spread-top8-kyushu,kyushu,1.5100000000000016,https://www.jepx.jp/_download.php?dir=spot_summary&file=spot_summary_2015.csv
2015-04-12,jepx-spread-top8-kyushu,kyushu,2.5599999999999987,https://www.jepx.jp/_download.php?dir=spot_summary&file=spot_summary_2015.csv
2015-04-13,jepx-spread-top8-kyushu,kyushu,4.471249999999998,https://www.jepx.jp/_download.php?dir=spot_summary&file=spot_summary_2015.csv
2015-04-14,jepx-spread-top8-kyushu,kyushu,4.217500000000001,https://www.jepx.jp/_download.php?dir=spot_summary&file=spot_summary_2015.csv
2015-04-15,jepx-spread-top8-kyushu,kyushu,4.4725,https://www.jepx.jp/_download.php?dir=spot_summary&file=spot_summary_2015.csv
2015-04-16,jepx-spread-top8-kyushu,kyushu,3.26,https://www.jepx.jp/_download.php?dir=spot_summary&file=spot_summary_2015.csv
2015-04-17,jepx-spread-top8-kyushu,kyushu,3.2062500000000007,https://www.jepx.jp/_download.php?dir=spot_summary&file=spot_summary_2015.csv
2015-04-18,jepx-spread-top8-kyushu,kyushu,2.6087500000000006,https://www.jepx.jp/_download.php?dir=spot_summary&file=spot_summary_2015.csv
2015-04-19,jepx-spread-top8-kyushu,kyushu,2.2025000000000006,https://www.jepx.jp/_download.php?dir=spot_summary&file=spot_summary_2015.csv
2015-04-20,jepx-spread-top8-kyushu,kyushu,5.117499999999998,https://www.jepx.jp/_download.php?dir=spot_summary&file=spot_summary_2015.csv
2015-04-21,jepx-spread-top8-kyushu,kyushu,3.7875000000000014,https://www.jepx.jp/_download.php?dir=spot_summary&file=spot_summary_2015.csv
2015-04-22,jepx-spread-top8-kyushu,kyushu,3.053750000000001,https://www.jepx.jp/_download.php?dir=spot_summary&file=spot_summary_2015.csv
2015-04-23,jepx-spread-top8-kyushu,kyushu,1.8475000000000001,https://www.jepx.jp/_download.php?dir=spot_summary&file=spot_summary_2015.csv
2015-04-24,jepx-spread-top8-kyushu,kyushu,1.9487500000000004,https://www.jepx.jp/_download.php?dir=spot_summary&file=spot_summary_2015.csv
2015-04-25,jepx-spread-top8-kyushu,kyushu,2.1674999999999986,https://www.jepx.jp/_download.php?dir=spot_summary&file=spot_summary_2015.csv
2015-04-26,jepx-spread-top8-kyushu,kyushu,2.7387499999999996,https://www.jepx.jp/_download.php?dir=spot_summary&file=spot_summary_2015.csv
2015-04-27,jepx-spread-top8-kyushu,kyushu,3.0700000000000003,https://www.jepx.jp/_download.php?dir=spot_summary&file=spot_summary_2015.csv
2015-04-28,jepx-spread-top8-kyushu,kyushu,2.981250000000001,https://www.jepx.jp/_download.php?dir=spot_summary&file=spot_summary_2015.csv
2015-04-29,jepx-spread-top8-kyushu,kyushu,3.178749999999999,https://www.jepx.jp/_download.php?dir=spot_summary&file=spot_summary_2015.csv
2015-04-30,jepx-spread-top8-kyushu,kyushu,3.266250000000001,https://www.jepx.jp/_download.php?dir=spot_summary&file=spot_summary_2015.csv
2015-05-01,jepx-spread-top8-kyushu,kyushu,3.141250000000001,https://www.jepx.jp/_download.php?dir=spot_summary&file=spot_summary_2015.csv
2015-05-02,jepx-spread-top8-kyushu,kyushu,4.381250000000001,https://www.jepx.jp/_download.php?dir=spot_summary&file=spot_summary_2015.csv
2015-05-03,jepx-spread-top8-kyushu,kyushu,3.41,https://www.jepx.jp/_download.php?dir=spot_summary&file=spot_summary_2015.csv
2015-05-04,jepx-spread-top8-kyushu,kyushu,3.25,https://www.jepx.jp/_download.php?dir=spot_summary&file=spot_summary_2015.csv
2015-05-05,jepx-spread-top8-kyushu,kyushu,3.70875,https://www.jepx.jp/_download.php?dir=spot_summary&file=spot_summary_2015.csv
2015-05-06,jepx-spread-top8-kyushu,kyushu,2.89625,https://www.jepx.jp/_download.php?dir=spot_summary&file=spot_summary_2015.csv
2015-05-07,jepx-spread-top8-kyushu,kyushu,3.5412500000000016,https://www.jepx.jp/_download.php?dir=spot_summary&file=spot_summary_2015.csv
2015-05-08,jepx-spread-top8-kyushu,kyushu,4.138750000000002,https://www.jepx.jp/_download.php?dir=spot_summary&file=spot_summary_2015.csv
2015-05-09,jepx-spread-top8-kyushu,kyushu,3.2612500000000013,https://www.jepx.jp/_download.php?dir=spot_summary&file=spot_summary_2015.csv
2015-05-10,jepx-spread-top8-kyushu,kyushu,4.069999999999999,https://www.jepx.jp/_download.php?dir=spot_summary&file=spot_summary_2015.csv
2015-05-11,jepx-spread-top8-kyushu,kyushu,4.991250000000001,https://www.jepx.jp/_download.php?dir=spot_summary&file=spot_summary_2015.csv
2015-05-12,jepx-spread-top8-kyushu,kyushu,5.195,https://www.jepx.jp/_download.php?dir=spot_summary&file=spot_summary_2015.csv
2015-05-13,jepx-spread-top8-kyushu,kyushu,2.660000000000002,https://www.jepx.jp/_download.php?dir=spot_summary&file=spot_summary_2015.csv
2015-05-14,jepx-spread-top8-kyushu,kyushu,3.4687500000000018,https://www.jepx.jp/_download.php?dir=spot_summary&file=spot_summary_2015.csv
2015-05-15,jepx-spread-top8-kyushu,kyushu,5.0287500000000005,https://www.jepx.jp/_download.php?dir=spot_summary&file=spot_summary_2015.csv
2015-05-16,jepx-spread-top8-kyushu,kyushu,3.142500000000002,https://www.jepx.jp/_download.php?dir=spot_summary&file=spot_summary_2015.csv
2015-05-17,jepx-spread-top8-kyushu,kyushu,3.703750000000001,https://www.jepx.jp/_download.php?dir=spot_summary&file=spot_summary_2015.csv
2015-05-18,jepx-spread-top8-kyushu,kyushu,5.018750000000001,https://www.jepx.jp/_download.php?dir=spot_summary&file=spot_summary_2015.csv
2015-05-19,jepx-spread-top8-kyushu,kyushu,5.577500000000001,https://www.jepx.jp/_download.php?dir=spot_summary&file=spot_summary_2015.csv
2015-05-20,jepx-spread-top8-kyushu,kyushu,4.24375,https://www.jepx.jp/_download.php?dir=spot_summary&file=spot_summary_2015.csv
2015-05-21,jepx-spread-top8-kyushu,kyushu,3.7375000000000007,https://www.jepx.jp/_download.php?dir=spot_summary&file=spot_summary_2015.csv
2015-05-22,jepx-spread-top8-kyushu,kyushu,4.49625,https://www.jepx.jp/_download.php?dir=spot_summary&file=spot_summary_2015.csv
2015-05-23,jepx-spread-top8-kyushu,kyushu,3.4312500000000004,https://www.jepx.jp/_download.php?dir=spot_summary&file=spot_summary_2015.csv
2015-05-24,jepx-spread-top8-kyushu,kyushu,2.919999999999998,https://www.jepx.jp/_download.php?dir=spot_summary&file=spot_summary_2015.csv
2015-05-25,jepx-spread-top8-kyushu,kyushu,4.30625,https://www.jepx.jp/_download.php?dir=spot_summary&file=spot_summary_2015.csv
2015-05-26,jepx-spread-top8-kyushu,kyushu,5.365,https://www.jepx.jp/_download.php?dir=spot_summary&file=spot_summary_2015.csv
2015-05-27,jepx-spread-top8-kyushu,kyushu,6.26125,https://www.jepx.jp/_download.php?dir=spot_summary&file=spot_summary_2015.csv
2015-05-28,jepx-spread-top8-kyushu,kyushu,5.793750000000001,https://www.jepx.jp/_download.php?dir=spot_summary&file=spot_summary_2015.csv
2015-05-29,jepx-spread-top8-kyushu,kyushu,6.11375,https://www.jepx.jp/_download.php?dir=spot_summary&file=spot_summary_2015.csv
2015-05-30,jepx-spread-top8-kyushu,kyushu,3.563749999999999,https://www.jepx.jp/_download.php?dir=spot_summary&file=spot_summary_2015.csv
2015-05-31,jepx-spread-top8-kyushu,kyushu,1.4525000000000006,https://www.jepx.jp/_download.php?dir=spot_summary&file=spot_summary_2015.csv
2015-06-01,jepx-spread-top8-kyushu,kyushu,5.817499999999999,https://www.jepx.jp/_download.php?dir=spot_summary&file=spot_summary_2015.csv
2015-06-02,jepx-spread-top8-kyushu,kyushu,6.283750000000001,https://www.jepx.jp/_download.php?dir=spot_summary&file=spot_summary_2015.csv
2015-06-03,jepx-spread-top8-kyushu,kyushu,9.02375,https://www.jepx.jp/_download.php?dir=spot_summary&file=spot_summary_2015.csv
2015-06-04,jepx-spread-top8-kyushu,kyushu,4.916249999999998,https://www.jepx.jp/_download.php?dir=spot_summary&file=spot_summary_2015.csv
2015-06-05,jepx-spread-top8-kyushu,kyushu,6.8675000000000015,https://www.jepx.jp/_download.php?dir=spot_summary&file=spot_summary_2015.csv
2015-06-06,jepx-spread-top8-kyushu,kyushu,6.141250000000001,https://www.jepx.jp/_download.php?dir=spot_summary&file=spot_summary_2015.csv
2015-06-07,jepx-spread-top8-kyushu,kyushu,3.0824999999999996,https://www.jepx.jp/_download.php?dir=spot_summary&file=spot_summary_2015.csv
2015-06-08,jepx-spread-top8-kyushu,kyushu,8.861250000000002,https://www.jepx.jp/_download.php?dir=spot_summary&file=spot_summary_2015.csv
2015-06-09,jepx-spread-top8-kyushu,kyushu,8.420000000000002,https://www.jepx.jp/_download.php?dir=spot_summary&file=spot_summary_2015.csv
2015-06-10,jepx-spread-top8-kyushu,kyushu,7.412500000000001,https://www.jepx.jp/_download.php?dir=spot_summary&file=spot_summary_2015.csv
2015-06-11,jepx-spread-top8-kyushu,kyushu,5.401250000000001,https://www.jepx.jp/_download.php?dir=spot_summary&file=spot_summary_2015.csv
2015-06-12,jepx-spread-top8-kyushu,kyushu,4.979999999999999,https://www.jepx.jp/_download.php?dir=spot_summary&file=spot_summary_2015.csv
2015-06-13,jepx-spread-top8-kyushu,kyushu,5.577500000000001,https://www.jepx.jp/_download.php?dir=spot_summary&file=spot_summary_2015.csv
2015-06-14,jepx-spread-top8-kyushu,kyushu,4.013750000000002,https://www.jepx.jp/_download.php?dir=spot_summary&file=spot_summary_2015.csv
2015-06-15,jepx-spread-top8-kyushu,kyushu,8.622499999999999,https://www.jepx.jp/_download.php?dir=spot_summary&file=spot_summary_2015.csv
2015-06-16,jepx-spread-top8-kyushu,kyushu,4.309999999999999,https://www.jepx.jp/_download.php?dir=spot_summary&file=spot_summary_2015.csv
2015-06-17,jepx-spread-top8-kyushu,kyushu,4.666250000000002,https://www.jepx.jp/_download.php?dir=spot_summary&file=spot_summary_2015.csv
2015-06-18,jepx-spread-top8-kyushu,kyushu,4.206249999999999,https://www.jepx.jp/_download.php?dir=spot_summary&file=spot_summary_2015.csv
2015-06-19,jepx-spread-top8-kyushu,kyushu,4.45125,https://www.jepx.jp/_download.php?dir=spot_summary&file=spot_summary_2015.csv
2015-06-20,jepx-spread-top8-kyushu,kyushu,4.206250000000001,https://www.jepx.jp/_download.php?dir=spot_summary&file=spot_summary_2015.csv
2015-06-21,jepx-spread-top8-kyushu,kyushu,4.07625,https://www.jepx.jp/_download.php?dir=spot_summary&file=spot_summary_2015.csv
2015-06-22,jepx-spread-top8-kyushu,kyushu,5.33625,https://www.jepx.jp/_download.php?dir=spot_summary&file=spot_summary_2015.csv
2015-06-23,jepx-spread-top8-kyushu,kyushu,4.639999999999999,https://www.jepx.jp/_download.php?dir=spot_summary&file=spot_summary_2015.csv
2015-06-24,jepx-spread-top8-kyushu,kyushu,5.122499999999999,https://www.jepx.jp/_download.php?dir=spot_summary&file=spot_summary_2015.csv
2015-06-25,jepx-spread-top8-kyushu,kyushu,5.109999999999999,https://www.jepx.jp/_download.php?dir=spot_summary&file=spot_summary_2015.csv
2015-06-26,jepx-spread-top8-kyushu,kyushu,4.816249999999998,https://www.jepx.jp/_download.php?dir=spot_summary&file=spot_summary_2015.csv
2015-06-27,jepx-spread-top8-kyushu,kyushu,7.20875,https://www.jepx.jp/_download.php?dir=spot_summary&file=spot_summary_2015.csv
2015-06-28,jepx-spread-top8-kyushu,kyushu,4.468750000000002,https://www.jepx.jp/_download.php?dir=spot_summary&file=spot_summary_2015.csv
2015-06-29,jepx-spread-top8-kyushu,kyushu,6.022499999999999,https://www.jepx.jp/_download.php?dir=spot_summary&file=spot_summary_2015.csv
2015-06-30,jepx-spread-top8-kyushu,kyushu,5.157499999999999,https://www.jepx.jp/_download.php?dir=spot_summary&file=spot_summary_2015.csv
2015-07-01,jepx-spread-top8-kyushu,kyushu,5.0625,https://www.jepx.jp/_download.php?dir=spot_summary&file=spot_summary_2015.csv
2015-07-02,jepx-spread-top8-kyushu,kyushu,5.251250000000001,https://www.jepx.jp/_download.php?dir=spot_summary&file=spot_summary_2015.csv
2015-07-03,jepx-spread-top8-kyushu,kyushu,4.76125,https://www.jepx.jp/_download.php?dir=spot_summary&file=spot_summary_2015.csv
2015-07-04,jepx-spread-top8-kyushu,kyushu,2.5699999999999994,https://www.jepx.jp/_download.php?dir=spot_summary&file=spot_summary_2015.csv
2015-07-05,jepx-spread-top8-kyushu,kyushu,2.30875,https://www.jepx.jp/_download.php?dir=spot_summary&file=spot_summary_2015.csv
2015-07-06,jepx-spread-top8-kyushu,kyushu,6.39625,https://www.jepx.jp/_download.php?dir=spot_summary&file=spot_summary_2015.csv
2015-07-07,jepx-spread-top8-kyushu,kyushu,5.448749999999999,https://www.jepx.jp/_download.php?dir=spot_summary&file=spot_summary_2015.csv
2015-07-08,jepx-spread-top8-kyushu,kyushu,5.60375,https://www.jepx.jp/_download.php?dir=spot_summary&file=spot_summary_2015.csv
2015-07-09,jepx-spread-top8-kyushu,kyushu,5.903749999999999,https://www.jepx.jp/_download.php?dir=spot_summary&file=spot_summary_2015.csv
2015-07-10,jepx-spread-top8-kyushu,kyushu,6.197500000000002,https://www.jepx.jp/_download.php?dir=spot_summary&file=spot_summary_2015.csv
2015-07-11,jepx-spread-top8-kyushu,kyushu,3.47875,https://www.jepx.jp/_download.php?dir=spot_summary&file=spot_summary_2015.csv
2015-07-12,jepx-spread-top8-kyushu,kyushu,2.5200000000000005,https://www.jepx.jp/_download.php?dir=spot_summary&file=spot_summary_2015.csv
2015-07-13,jepx-spread-top8-kyushu,kyushu,9.008749999999997,https://www.jepx.jp/_download.php?dir=spot_summary&file=spot_summary_2015.csv
2015-07-14,jepx-spread-top8-kyushu,kyushu,9.541249999999998,https://www.jepx.jp/_download.php?dir=spot_summary&file=spot_summary_2015.csv
2015-07-15,jepx-spread-top8-kyushu,kyushu,6.258750000000001,https://www.jepx.jp/_download.php?dir=spot_summary&file=spot_summary_2015.csv
2015-07-16,jepx-spread-top8-kyushu,kyushu,7.922499999999998,https://www.jepx.jp/_download.php?dir=spot_summary&file=spot_summary_2015.csv
2015-07-17,jepx-spread-top8-kyushu,kyushu,17.575000000000003,https://www.jepx.jp/_download.php?dir=spot_summary&file=spot_summary_2015.csv
2015-07-18,jepx-spread-top8-kyushu,kyushu,3.8474999999999984,https://www.jepx.jp/_download.php?dir=spot_summary&file=spot_summary_2015.csv
2015-07-19,jepx-spread-top8-kyushu,kyushu,3.54875,https://www.jepx.jp/_download.php?dir=spot_summary&file=spot_summary_2015.csv
2015-07-20,jepx-spread-top8-kyushu,kyushu,4.775,https://www.jepx.jp/_download.php?dir=spot_summary&file=spot_summary_2015.csv
2015-07-21,jepx-spread-top8-kyushu,kyushu,7.978750000000002,https://www.jepx.jp/_download.php?dir=spot_summary&file=spot_summary_2015.csv
2015-07-22,jepx-spread-top8-kyushu,kyushu,8.165,https://www.jepx.jp/_download.php?dir=spot_summary&file=spot_summary_2015.csv
2015-07-23,jepx-spread-top8-kyushu,kyushu,8.818749999999998,https://www.jepx.jp/_download.php?dir=spot_summary&file=spot_summary_2015.csv
2015-07-24,jepx-spread-top8-kyushu,kyushu,6.688750000000001,https://www.jepx.jp/_download.php?dir=spot_summary&file=spot_summary_2015.csv
2015-07-25,jepx-spread-top8-kyushu,kyushu,5.203749999999999,https://www.jepx.jp/_download.php?dir=spot_summary&file=spot_summary_2015.csv
2015-07-26,jepx-spread-top8-kyushu,kyushu,5.62875,https://www.jepx.jp/_download.php?dir=spot_summary&file=spot_summary_2015.csv
2015-07-27,jepx-spread-top8-kyushu,kyushu,8.14875,https://www.jepx.jp/_download.php?dir=spot_summary&file=spot_summary_2015.csv
2015-07-28,jepx-spread-top8-kyushu,kyushu,9.2725,https://www.jepx.jp/_download.php?dir=spot_summary&file=spot_summary_2015.csv
2015-07-29,jepx-spread-top8-kyushu,kyushu,5.475,https://www.jepx.jp/_download.php?dir=spot_summary&file=spot_summary_2015.csv
2015-07-30,jepx-spread-top8-kyushu,kyushu,6.50625,https://www.jepx.jp/_download.php?dir=spot_summary&file=spot_summary_2015.csv
2015-07-31,jepx-spread-top8-kyushu,kyushu,8.14375,https://www.jepx.jp/_download.php?dir=spot_summary&file=spot_summary_2015.csv
2015-08-01,jepx-spread-top8-kyushu,kyushu,3.0287499999999987,https://www.jepx.jp/_download.php?dir=spot_summary&file=spot_summary_2015.csv
2015-08-02,jepx-spread-top8-kyushu,kyushu,3.773749999999998,https://www.jepx.jp/_download.php?dir=spot_summary&file=spot_summary_2015.csv
2015-08-03,jepx-spread-top8-kyushu,kyushu,9.6025,https://www.jepx.jp/_download.php?dir=spot_summary&file=spot_summary_2015.csv
2015-08-04,jepx-spread-top8-kyushu,kyushu,14.838750000000001,https://www.jepx.jp/_download.php?dir=spot_summary&file=spot_summary_2015.csv
2015-08-05,jepx-spread-top8-kyushu,kyushu,9.14,https://www.jepx.jp/_download.php?dir=spot_summary&file=spot_summary_2015.csv
2015-08-06,jepx-spread-top8-kyushu,kyushu,12.640000000000004,https://www.jepx.jp/_download.php?dir=spot_summary&file=spot_summary_2015.csv
2015-08-07,jepx-spread-top8-kyushu,kyushu,19.68625,https://www.jepx.jp/_download.php?dir=spot_summary&file=spot_summary_2015.csv
2015-08-08,jepx-spread-top8-kyushu,kyushu,6.85,https://www.jepx.jp/_download.php?dir=spot_summary&file=spot_summary_2015.csv
2015-08-09,jepx-spread-top8-kyushu,kyushu,2.724999999999998,https://www.jepx.jp/_download.php?dir=spot_summary&file=spot_summary_2015.csv
2015-08-10,jepx-spread-top8-kyushu,kyushu,5.72875,https://www.jepx.jp/_download.php?dir=spot_summary&file=spot_summary_2015.csv
2015-08-11,jepx-spread-top8-kyushu,kyushu,6.80875,https://www.jepx.jp/_download.php?dir=spot_summary&file=spot_summary_2015.csv
2015-08-12,jepx-spread-top8-kyushu,kyushu,5.251249999999999,https://www.jepx.jp/_download.php?dir=spot_summary&file=spot_summary_2015.csv
2015-08-13,jepx-spread-top8-kyushu,kyushu,5.558749999999999,https://www.jepx.jp/_download.php?dir=spot_summary&file=spot_summary_2015.csv
2015-08-14,jepx-spread-top8-kyushu,kyushu,4.000000000000001,https://www.jepx.jp/_download.php?dir=spot_summary&file=spot_summary_2015.csv
2015-08-15,jepx-spread-top8-kyushu,kyushu,6.268750000000001,https://www.jepx.jp/_download.php?dir=spot_summary&file=spot_summary_2015.csv
2015-08-16,jepx-spread-top8-kyushu,kyushu,2.526250000000001,https://www.jepx.jp/_download.php?dir=spot_summary&file=spot_summary_2015.csv
2015-08-17,jepx-spread-top8-kyushu,kyushu,6.17,https://www.jepx.jp/_download.php?dir=spot_summary&file=spot_summary_2015.csv
2015-08-18,jepx-spread-top8-kyushu,kyushu,5.467499999999998,https://www.jepx.jp/_download.php?dir=spot_summary&file=spot_summary_2015.csv
2015-08-19,jepx-spread-top8-kyushu,kyushu,5.58,https://www.jepx.jp/_download.php?dir=spot_summary&file=spot_summary_2015.csv
2015-08-20,jepx-spread-top8-kyushu,kyushu,6.08,https://www.jepx.jp/_download.php?dir=spot_summary&file=spot_summary_2015.csv
2015-08-21,jepx-spread-top8-kyushu,kyushu,5.936249999999999,https://www.jepx.jp/_download.php?dir=spot_summary&file=spot_summary_2015.csv
2015-08-22,jepx-spread-top8-kyushu,kyushu,2.8512499999999985,https://www.jepx.jp/_download.php?dir=spot_summary&file=spot_summary_2015.csv
2015-08-23,jepx-spread-top8-kyushu,kyushu,3.52125,https://www.jepx.jp/_download.php?dir=spot_summary&file=spot_summary_2015.csv
2015-08-24,jepx-spread-top8-kyushu,kyushu,5.8125,https://www.jepx.jp/_download.php?dir=spot_summary&file=spot_summary_2015.csv
2015-08-25,jepx-spread-top8-kyushu,kyushu,4.906250000000001,https://www.jepx.jp/_download.php?dir=spot_summary&file=spot_summary_2015.csv
2015-08-26,jepx-spread-top8-kyushu,kyushu,3.133749999999999,https://www.jepx.jp/_download.php?dir=spot_summary&file=spot_summary_2015.csv
2015-08-27,jepx-spread-top8-kyushu,kyushu,4.442499999999999,https://www.jepx.jp/_download.php?dir=spot_summary&file=spot_summary_2015.csv
2015-08-28,jepx-spread-top8-kyushu,kyushu,4.47875,https://www.jepx.jp/_download.php?dir=spot_summary&file=spot_summary_2015.csv
2015-08-29,jepx-spread-top8-kyushu,kyushu,3.215,https://www.jepx.jp/_download.php?dir=spot_summary&file=spot_summary_2015.csv
2015-08-30,jepx-spread-top8-kyushu,kyushu,2.9924999999999997,https://www.jepx.jp/_download.php?dir=spot_summary&file=spot_summary_2015.csv
2015-08-31,jepx-spread-top8-kyushu,kyushu,6.85375,https://www.jepx.jp/_download.php?dir=spot_summary&file=spot_summary_2015.csv
2015-09-01,jepx-spread-top8-kyushu,kyushu,5.78125,https://www.jepx.jp/_download.php?dir=spot_summary&file=spot_summary_2015.csv
2015-09-02,jepx-spread-top8-kyushu,kyushu,4.853749999999999,https://www.jepx.jp/_download.php?dir=spot_summary&file=spot_summary_2015.csv
2015-09-03,jepx-spread-top8-kyushu,kyushu,7.02125,https://www.jepx.jp/_download.php?dir=spot_summary&file=spot_summary_2015.csv
2015-09-04,jepx-spread-top8-kyushu,kyushu,5.774999999999999,https://www.jepx.jp/_download.php?dir=spot_summary&file=spot_summary_2015.csv
2015-09-05,jepx-spread-top8-kyushu,kyushu,1.9312500000000004,https://www.jepx.jp/_download.php?dir=spot_summary&file=spot_summary_2015.csv
2015-09-06,jepx-spread-top8-kyushu,kyushu,0.5975000000000001,https://www.jepx.jp/_download.php?dir=spot_summary&file=spot_summary_2015.csv
2015-09-07,jepx-spread-top8-kyushu,kyushu,6.96125,https://www.jepx.jp/_download.php?dir=spot_summary&file=spot_summary_2015.csv
2015-09-08,jepx-spread-top8-kyushu,kyushu,6.1587499999999995,https://www.jepx.jp/_download.php?dir=spot_summary&file=spot_summary_2015.csv
2015-09-09,jepx-spread-top8-kyushu,kyushu,6.96875,https://www.jepx.jp/_download.php?dir=spot_summary&file=spot_summary_2015.csv
2015-09-10,jepx-spread-top8-kyushu,kyushu,5.3225,https://www.jepx.jp/_download.php?dir=spot_summary&file=spot_summary_2015.csv
2015-09-11,jepx-spread-top8-kyushu,kyushu,3.911249999999999,https://www.jepx.jp/_download.php?dir=spot_summary&file=spot_summary_2015.csv
2015-09-12,jepx-spread-top8-kyushu,kyushu,2.3275000000000006,https://www.jepx.jp/_download.php?dir=spot_summary&file=spot_summary_2015.csv
2015-09-13,jepx-spread-top8-kyushu,kyushu,1.9500000000000002,https://www.jepx.jp/_download.php?dir=spot_summary&file=spot_summary_2015.csv
2015-09-14,jepx-spread-top8-kyushu,kyushu,5.677499999999999,https://www.jepx.jp/_download.php?dir=spot_summary&file=spot_summary_2015.csv
2015-09-15,jepx-spread-top8-kyushu,kyushu,6.242500000000001,https://www.jepx.jp/_download.php?dir=spot_summary&file=spot_summary_2015.csv
2015-09-16,jepx-spread-top8-kyushu,kyushu,6.862500000000001,https://www.jepx.jp/_download.php?dir=spot_summary&file=spot_summary_2015.csv
2015-09-17,jepx-spread-top8-kyushu,kyushu,4.954999999999998,https://www.jepx.jp/_download.php?dir=spot_summary&file=spot_summary_2015.csv
2015-09-18,jepx-spread-top8-kyushu,kyushu,3.79375,https://www.jepx.jp/_download.php?dir=spot_summary&file=spot_summary_2015.csv
2015-09-19,jepx-spread-top8-kyushu,kyushu,2.4562500000000007,https://www.jepx.jp/_download.php?dir=spot_summary&file=spot_summary_2015.csv
2015-09-20,jepx-spread-top8-kyushu,kyushu,1.8899999999999997,https://www.jepx.jp/_download.php?dir=spot_summary&file=spot_summary_2015.csv
2015-09-21,jepx-spread-top8-kyushu,kyushu,1.81,https://www.jepx.jp/_download.php?dir=spot_summary&file=spot_summary_2015.csv
2015-09-22,jepx-spread-top8-kyushu,kyushu,2.965,https://www.jepx.jp/_download.php?dir=spot_summary&file=spot_summary_2015.csv
2015-09-23,jepx-spread-top8-kyushu,kyushu,4.96375,https://www.jepx.jp/_download.php?dir=spot_summary&file=spot_summary_2015.csv
2015-09-24,jepx-spread-top8-kyushu,kyushu,4.683749999999999,https://www.jepx.jp/_download.php?dir=spot_summary&file=spot_summary_2015.csv
2015-09-25,jepx-spread-top8-kyushu,kyushu,3.615000000000001,https://www.jepx.jp/_download.php?dir=spot_summary&file=spot_summary_2015.csv
2015-09-26,jepx-spread-top8-kyushu,kyushu,3.5512499999999996,https://www.jepx.jp/_download.php?dir=spot_summary&file=spot_summary_2015.csv
2015-09-27,jepx-spread-top8-kyushu,kyushu,4.089999999999999,https://www.jepx.jp/_download.php?dir=spot_summary&file=spot_summary_2015.csv
2015-09-28,jepx-spread-top8-kyushu,kyushu,7.138749999999998,https://www.jepx.jp/_download.php?dir=spot_summary&file=spot_summary_2015.csv
2015-09-29,jepx-spread-top8-kyushu,kyushu,6.5075,https://www.jepx.jp/_download.php?dir=spot_summary&file=spot_summary_2015.csv
2015-09-30,jepx-spread-top8-kyushu,kyushu,5.063749999999999,https://www.jepx.jp/_download.php?dir=spot_summary&file=spot_summary_2015.csv
2015-10-01,jepx-spread-top8-kyushu,kyushu,4.388749999999998,https://www.jepx.jp/_download.php?dir=spot_summary&file=spot_summary_2015.csv
2015-10-02,jepx-spread-top8-kyushu,kyushu,4.141250000000001,https://www.jepx.jp/_download.php?dir=spot_summary&file=spot_summary_2015.csv
2015-10-03,jepx-spread-top8-kyushu,kyushu,3.3425000000000002,https://www.jepx.jp/_download.php?dir=spot_summary&file=spot_summary_2015.csv
2015-10-04,jepx-spread-top8-kyushu,kyushu,2.836249999999999,https://www.jepx.jp/_download.php?dir=spot_summary&file=spot_summary_2015.csv
2015-10-05,jepx-spread-top8-kyushu,kyushu,4.0474999999999985,https://www.jepx.jp/_download.php?dir=spot_summary&file=spot_summary_2015.csv
2015-10-06,jepx-spread-top8-kyushu,kyushu,4.039999999999999,https://www.jepx.jp/_download.php?dir=spot_summary&file=spot_summary_2015.csv
2015-10-07,jepx-spread-top8-kyushu,kyushu,4.459999999999999,https://www.jepx.jp/_download.php?dir=spot_summary&file=spot_summary_2015.csv
2015-10-08,jepx-spread-top8-kyushu,kyushu,3.9125000000000005,https://www.jepx.jp/_download.php?dir=spot_summary&file=spot_summary_2015.csv
2015-10-09,jepx-spread-top8-kyushu,kyushu,3.932499999999999,https://www.jepx.jp/_download.php?dir=spot_summary&file=spot_summary_2015.csv
2015-10-10,jepx-spread-top8-kyushu,kyushu,2.932499999999999,https://www.jepx.jp/_download.php?dir=spot_summary&file=spot_summary_2015.csv
2015-10-11,jepx-spread-top8-kyushu,kyushu,3.1324999999999985,https://www.jepx.jp/_download.php?dir=spot_summary&file=spot_summary_2015.csv
2015-10-12,jepx-spread-top8-kyushu,kyushu,2.6537499999999987,https://www.jepx.jp/_download.php?dir=spot_summary&file=spot_summary_2015.csv
2015-10-13,jepx-spread-top8-kyushu,kyushu,4.331250000000001,https://www.jepx.jp/_download.php?dir=spot_summary&file=spot_summary_2015.csv
2015-10-14,jepx-spread-top8-kyushu,kyushu,4.937500000000002,https://www.jepx.jp/_download.php?dir=spot_summary&file=spot_summary_2015.csv
2015-10-15,jepx-spread-top8-kyushu,kyushu,4.36375,https://www.jepx.jp/_download.php?dir=spot_summary&file=spot_summary_2015.csv
2015-10-16,jepx-spread-top8-kyushu,kyushu,4.375,https://www.jepx.jp/_download.php?dir=spot_summary&file=spot_summary_2015.csv
2015-10-17,jepx-spread-top8-kyushu,kyushu,2.4049999999999994,https://www.jepx.jp/_download.php?dir=spot_summary&file=spot_summary_2015.csv
2015-10-18,jepx-spread-top8-kyushu,kyushu,2.736249999999999,https://www.jepx.jp/_download.php?dir=spot_summary&file=spot_summary_2015.csv
2015-10-19,jepx-spread-top8-kyushu,kyushu,4.266250000000001,https://www.jepx.jp/_download.php?dir=spot_summary&file=spot_summary_2015.csv
2015-10-20,jepx-spread-top8-kyushu,kyushu,3.45875,https://www.jepx.jp/_download.php?dir=spot_summary&file=spot_summary_2015.csv
2015-10-21,jepx-spread-top8-kyushu,kyushu,3.8149999999999977,https://www.jepx.jp/_download.php?dir=spot_summary&file=spot_summary_2015.csv
2015-10-22,jepx-spread-top8-kyushu,kyushu,4.285,https://www.jepx.jp/_download.php?dir=spot_summary&file=spot_summary_2015.csv
2015-10-23,jepx-spread-top8-kyushu,kyushu,3.8637500000000014,https://www.jepx.jp/_download.php?dir=spot_summary&file=spot_summary_2015.csv
2015-10-24,jepx-spread-top8-kyushu,kyushu,2.3099999999999987,https://www.jepx.jp/_download.php?dir=spot_summary&file=spot_summary_2015.csv
2015-10-25,jepx-spread-top8-kyushu,kyushu,1.7387499999999978,https://www.jepx.jp/_download.php?dir=spot_summary&file=spot_summary_2015.csv
2015-10-26,jepx-spread-top8-kyushu,kyushu,5.041250000000002,https://www.jepx.jp/_download.php?dir=spot_summary&file=spot_summary_2015.csv
2015-10-27,jepx-spread-top8-kyushu,kyushu,7.017499999999998,https://www.jepx.jp/_download.php?dir=spot_summary&file=spot_summary_2015.csv
2015-10-28,jepx-spread-top8-kyushu,kyushu,4.4399999999999995,https://www.jepx.jp/_download.php?dir=spot_summary&file=spot_summary_2015.csv
2015-10-29,jepx-spread-top8-kyushu,kyushu,4.1775,https://www.jepx.jp/_download.php?dir=spot_summary&file=spot_summary_2015.csv
2015-10-30,jepx-spread-top8-kyushu,kyushu,3.7699999999999996,https://www.jepx.jp/_download.php?dir=spot_summary&file=spot_summary_2015.csv
2015-10-31,jepx-spread-top8-kyushu,kyushu,1.6500000000000004,https://www.jepx.jp/_download.php?dir=spot_summary&file=spot_summary_2015.csv
2015-11-01,jepx-spread-top8-kyushu,kyushu,1.6975000000000016,https://www.jepx.jp/_download.php?dir=spot_summary&file=spot_summary_2015.csv
2015-11-02,jepx-spread-top8-kyushu,kyushu,3.8362499999999997,https://www.jepx.jp/_download.php?dir=spot_summary&file=spot_summary_2015.csv
2015-11-03,jepx-spread-top8-kyushu,kyushu,1.8475000000000001,https://www.jepx.jp/_download.php?dir=spot_summary&file=spot_summary_2015.csv
2015-11-04,jepx-spread-top8-kyushu,kyushu,4.100000000000001,https://www.jepx.jp/_download.php?dir=spot_summary&file=spot_summary_2015.csv
2015-11-05,jepx-spread-top8-kyushu,kyushu,4.12,https://www.jepx.jp/_download.php?dir=spot_summary&file=spot_summary_2015.csv
2015-11-06,jepx-spread-top8-kyushu,kyushu,3.8462499999999995,https://www.jepx.jp/_download.php?dir=spot_summary&file=spot_summary_2015.csv
2015-11-07,jepx-spread-top8-kyushu,kyushu,1.9475000000000016,https://www.jepx.jp/_download.php?dir=spot_summary&file=spot_summary_2015.csv
2015-11-08,jepx-spread-top8-kyushu,kyushu,2.255,https://www.jepx.jp/_download.php?dir=spot_summary&file=spot_summary_2015.csv
2015-11-09,jepx-spread-top8-kyushu,kyushu,3.9075000000000006,https://www.jepx.jp/_download.php?dir=spot_summary&file=spot_summary_2015.csv
2015-11-10,jepx-spread-top8-kyushu,kyushu,4.234999999999999,https://www.jepx.jp/_download.php?dir=spot_summary&file=spot_summary_2015.csv
2015-11-11,jepx-spread-top8-kyushu,kyushu,4.77625,https://www.jepx.jp/_download.php?dir=spot_summary&file=spot_summary_2015.csv
2015-11-12,jepx-spread-top8-kyushu,kyushu,4.587499999999999,https://www.jepx.jp/_download.php?dir=spot_summary&file=spot_summary_2015.csv
2015-11-13,jepx-spread-top8-kyushu,kyushu,4.387499999999999,https://www.jepx.jp/_download.php?dir=spot_summary&file=spot_summary_2015.csv
2015-11-14,jepx-spread-top8-kyushu,kyushu,2.3324999999999987,https://www.jepx.jp/_download.php?dir=spot_summary&file=spot_summary_2015.csv
2015-11-15,jepx-spread-top8-kyushu,kyushu,1.48625,https://www.jepx.jp/_download.php?dir=spot_summary&file=spot_summary_2015.csv
2015-11-16,jepx-spread-top8-kyushu,kyushu,4.206250000000001,https://www.jepx.jp/_download.php?dir=spot_summary&file=spot_summary_2015.csv
2015-11-17,jepx-spread-top8-kyushu,kyushu,4.713750000000001,https://www.jepx.jp/_download.php?dir=spot_summary&file=spot_summary_2015.csv
2015-11-18,jepx-spread-top8-kyushu,kyushu,5.895,https://www.jepx.jp/_download.php?dir=spot_summary&file=spot_summary_2015.csv
2015-11-19,jepx-spread-top8-kyushu,kyushu,3.567499999999999,https://www.jepx.jp/_download.php?dir=spot_summary&file=spot_summary_2015.csv
2015-11-20,jepx-spread-top8-kyushu,kyushu,3.9299999999999997,https://www.jepx.jp/_download.php?dir=spot_summary&file=spot_summary_2015.csv
2015-11-21,jepx-spread-top8-kyushu,kyushu,1.58,https://www.jepx.jp/_download.php?dir=spot_summary&file=spot_summary_2015.csv
2015-11-22,jepx-spread-top8-kyushu,kyushu,1.3399999999999999,https://www.jepx.jp/_download.php?dir=spot_summary&file=spot_summary_2015.csv
2015-11-23,jepx-spread-top8-kyushu,kyushu,1.7100000000000009,https://www.jepx.jp/_download.php?dir=spot_summary&file=spot_summary_2015.csv
2015-11-24,jepx-spread-top8-kyushu,kyushu,2.4637499999999983,https://www.jepx.jp/_download.php?dir=spot_summary&file=spot_summary_2015.csv
2015-11-25,jepx-spread-top8-kyushu,kyushu,4.377500000000001,https://www.jepx.jp/_download.php?dir=spot_summary&file=spot_summary_2015.csv
2015-11-26,jepx-spread-top8-kyushu,kyushu,1.901250000000001,https://www.jepx.jp/_download.php?dir=spot_summary&file=spot_summary_2015.csv
2015-11-27,jepx-spread-top8-kyushu,kyushu,2.07625,https://www.jepx.jp/_download.php?dir=spot_summary&file=spot_summary_2015.csv
2015-11-28,jepx-spread-top8-kyushu,kyushu,0.9550000000000018,https://www.jepx.jp/_download.php?dir=spot_summary&file=spot_summary_2015.csv
2015-11-29,jepx-spread-top8-kyushu,kyushu,2.2349999999999994,https://www.jepx.jp/_download.php?dir=spot_summary&file=spot_summary_2015.csv
2015-11-30,jepx-spread-top8-kyushu,kyushu,2.491249999999999,https://www.jepx.jp/_download.php?dir=spot_summary&file=spot_summary_2015.csv
2015-12-01,jepx-spread-top8-kyushu,kyushu,1.65625,https://www.jepx.jp/_download.php?dir=spot_summary&file=spot_summary_2015.csv
2015-12-02,jepx-spread-top8-kyushu,kyushu,0.9174999999999986,https://www.jepx.jp/_download.php?dir=spot_summary&file=spot_summary_2015.csv
2015-12-03,jepx-spread-top8-kyushu,kyushu,2.7537499999999984,https://www.jepx.jp/_download.php?dir=spot_summary&file=spot_summary_2015.csv
2015-12-04,jepx-spread-top8-kyushu,kyushu,2.7349999999999994,https://www.jepx.jp/_download.php?dir=spot_summary&file=spot_summary_2015.csv
2015-12-05,jepx-spread-top8-kyushu,kyushu,1.4900000000000002,https://www.jepx.jp/_download.php?dir=spot_summary&file=spot_summary_2015.csv
2015-12-06,jepx-spread-top8-kyushu,kyushu,0.9199999999999982,https://www.jepx.jp/_download.php?dir=spot_summary&file=spot_summary_2015.csv
2015-12-07,jepx-spread-top8-kyushu,kyushu,3.2387499999999996,https://www.jepx.jp/_download.php?dir=spot_summary&file=spot_summary_2015.csv
2015-12-08,jepx-spread-top8-kyushu,kyushu,3.630000000000001,https://www.jepx.jp/_download.php?dir=spot_summary&file=spot_summary_2015.csv
2015-12-09,jepx-spread-top8-kyushu,kyushu,3.3225,https://www.jepx.jp/_download.php?dir=spot_summary&file=spot_summary_2015.csv
2015-12-10,jepx-spread-top8-kyushu,kyushu,3.68375,https://www.jepx.jp/_download.php?dir=spot_summary&file=spot_summary_2015.csv
2015-12-11,jepx-spread-top8-kyushu,kyushu,3.7350000000000003,https://www.jepx.jp/_download.php?dir=spot_summary&file=spot_summary_2015.csv
2015-12-12,jepx-spread-top8-kyushu,kyushu,1.13875,https://www.jepx.jp/_download.php?dir=spot_summary&file=spot_summary_2015.csv
2015-12-13,jepx-spread-top8-kyushu,kyushu,2.102500000000001,https://www.jepx.jp/_download.php?dir=spot_summary&file=spot_summary_2015.csv
2015-12-14,jepx-spread-top8-kyushu,kyushu,2.7787499999999996,https://www.jepx.jp/_download.php?dir=spot_summary&file=spot_summary_2015.csv
2015-12-15,jepx-spread-top8-kyushu,kyushu,4.18125,https://www.jepx.jp/_download.php?dir=spot_summary&file=spot_summary_2015.csv
2015-12-16,jepx-spread-top8-kyushu,kyushu,2.89625,https://www.jepx.jp/_download.php?dir=spot_summary&file=spot_summary_2015.csv
2015-12-17,jepx-spread-top8-kyushu,kyushu,3.505000000000001,https://www.jepx.jp/_download.php?dir=spot_summary&file=spot_summary_2015.csv
2015-12-18,jepx-spread-top8-kyushu,kyushu,4.268750000000001,https://www.jepx.jp/_download.php?dir=spot_summary&file=spot_summary_2015.csv
2015-12-19,jepx-spread-top8-kyushu,kyushu,0.8112499999999994,https://www.jepx.jp/_download.php?dir=spot_summary&file=spot_summary_2015.csv
2015-12-20,jepx-spread-top8-kyushu,kyushu,0.6312499999999996,https://www.jepx.jp/_download.php?dir=spot_summary&file=spot_summary_2015.csv
2015-12-21,jepx-spread-top8-kyushu,kyushu,3.978749999999999,https://www.jepx.jp/_download.php?dir=spot_summary&file=spot_summary_2015.csv
2015-12-22,jepx-spread-top8-kyushu,kyushu,3.079999999999999,https://www.jepx.jp/_download.php?dir=spot_summary&file=spot_summary_2015.csv
2015-12-23,jepx-spread-top8-kyushu,kyushu,1.5624999999999991,https://www.jepx.jp/_download.php?dir=spot_summary&file=spot_summary_2015.csv
2015-12-24,jepx-spread-top8-kyushu,kyushu,3.088749999999999,https://www.jepx.jp/_download.php?dir=spot_summary&file=spot_summary_2015.csv
2015-12-25,jepx-spread-top8-kyushu,kyushu,3.0874999999999986,https://www.jepx.jp/_download.php?dir=spot_summary&file=spot_summary_2015.csv
2015-12-26,jepx-spread-top8-kyushu,kyushu,1.7774999999999999,https://www.jepx.jp/_download.php?dir=spot_summary&file=spot_summary_2015.csv
2015-12-27,jepx-spread-top8-kyushu,kyushu,1.491249999999999,https://www.jepx.jp/_download.php?dir=spot_summary&file=spot_summary_2015.csv
2015-12-28,jepx-spread-top8-kyushu,kyushu,2.388749999999999,https://www.jepx.jp/_download.php?dir=spot_summary&file=spot_summary_2015.csv
2015-12-29,jepx-spread-top8-kyushu,kyushu,1.4075000000000006,https://www.jepx.jp/_download.php?dir=spot_summary&file=spot_summary_2015.csv
2015-12-30,jepx-spread-top8-kyushu,kyushu,0.8137500000000006,https://www.jepx.jp/_download.php?dir=spot_summary&file=spot_summary_2015.csv
2015-12-31,jepx-spread-top8-kyushu,kyushu,0.9062500000000009,https://www.jepx.jp/_download.php?dir=spot_summary&file=spot_summary_2015.csv
2016-01-01,jepx-spread-top8-kyushu,kyushu,2.2387500000000005,https://www.jepx.jp/_download.php?dir=spot_summary&file=spot_summary_2015.csv
2016-01-02,jepx-spread-top8-kyushu,kyushu,0.9799999999999986,https://www.jepx.jp/_download.php?dir=spot_summary&file=spot_summary_2015.csv
2016-01-03,jepx-spread-top8-kyushu,kyushu,0.5824999999999996,https://www.jepx.jp/_download.php?dir=spot_summary&file=spot_summary_2015.csv
2016-01-04,jepx-spread-top8-kyushu,kyushu,2.4299999999999997,https://www.jepx.jp/_download.php?dir=spot_summary&file=spot_summary_2015.csv
2016-01-05,jepx-spread-top8-kyushu,kyushu,3.6362499999999995,https://www.jepx.jp/_download.php?dir=spot_summary&file=spot_summary_2015.csv
2016-01-06,jepx-spread-top8-kyushu,kyushu,2.29125,https://www.jepx.jp/_download.php?dir=spot_summary&file=spot_summary_2015.csv
2016-01-07,jepx-spread-top8-kyushu,kyushu,3.3112500000000002,https://www.jepx.jp/_download.php?dir=spot_summary&file=spot_summary_2015.csv
2016-01-08,jepx-spread-top8-kyushu,kyushu,3.869999999999999,https://www.jepx.jp/_download.php?dir=spot_summary&file=spot_summary_2015.csv
2016-01-09,jepx-spread-top8-kyushu,kyushu,1.3350000000000009,https://www.jepx.jp/_download.php?dir=spot_summary&file=spot_summary_2015.csv
2016-01-10,jepx-spread-top8-kyushu,kyushu,1.036249999999999,https://www.jepx.jp/_download.php?dir=spot_summary&file=spot_summary_2015.csv
2016-01-11,jepx-spread-top8-kyushu,kyushu,0.6537500000000005,https://www.jepx.jp/_download.php?dir=spot_summary&file=spot_summary_2015.csv
2016-01-12,jepx-spread-top8-kyushu,kyushu,4.30625,https://www.jepx.jp/_download.php?dir=spot_summary&file=spot_summary_2015.csv
2016-01-13,jepx-spread-top8-kyushu,kyushu,4.54875,https://www.jepx.jp/_download.php?dir=spot_summary&file=spot_summary_2015.csv
2016-01-14,jepx-spread-top8-kyushu,kyushu,4.545,https://www.jepx.jp/_download.php?dir=spot_summary&file=spot_summary_2015.csv
2016-01-15,jepx-spread-top8-kyushu,kyushu,3.7162500000000005,https://www.jepx.jp/_download.php?dir=spot_summary&file=spot_summary_2015.csv
2016-01-16,jepx-spread-top8-kyushu,kyushu,1.4562499999999998,https://www.jepx.jp/_download.php?dir=spot_summary&file=spot_summary_2015.csv
2016-01-17,jepx-spread-top8-kyushu,kyushu,1.0550000000000006,https://www.jepx.jp/_download.php?dir=spot_summary&file=spot_summary_2015.csv
2016-01-18,jepx-spread-top8-kyushu,kyushu,4.323750000000001,https://www.jepx.jp/_download.php?dir=spot_summary&file=spot_summary_2015.csv
2016-01-19,jepx-spread-top8-kyushu,kyushu,4.317500000000002,https://www.jepx.jp/_download.php?dir=spot_summary&file=spot_summary_2015.csv
2016-01-20,jepx-spread-top8-kyushu,kyushu,5.004999999999999,https://www.jepx.jp/_download.php?dir=spot_summary&file=spot_summary_2015.csv
2016-01-21,jepx-spread-top8-kyushu,kyushu,3.4700000000000006,https://www.jepx.jp/_download.php?dir=spot_summary&file=spot_summary_2015.csv
2016-01-22,jepx-spread-top8-kyushu,kyushu,3.4875000000000007,https://www.jepx.jp/_download.php?dir=spot_summary&file=spot_summary_2015.csv
2016-01-23,jepx-spread-top8-kyushu,kyushu,3.9037500000000005,https://www.jepx.jp/_download.php?dir=spot_summary&file=spot_summary_2015.csv
2016-01-24,jepx-spread-top8-kyushu,kyushu,2.2337499999999997,https://www.jepx.jp/_download.php?dir=spot_summary&file=spot_summary_2015.csv
2016-01-25,jepx-spread-top8-kyushu,kyushu,26.727500000000006,https://www.jepx.jp/_download.php?dir=spot_summary&file=spot_summary_2015.csv
2016-01-26,jepx-spread-top8-kyushu,kyushu,5.672499999999999,https://www.jepx.jp/_download.php?dir=spot_summary&file=spot_summary_2015.csv
2016-01-27,jepx-spread-top8-kyushu,kyushu,3.485000000000001,https://www.jepx.jp/_download.php?dir=spot_summary&file=spot_summary_2015.csv
2016-01-28,jepx-spread-top8-kyushu,kyushu,4.012500000000001,https://www.jepx.jp/_download.php?dir=spot_summary&file=spot_summary_2015.csv
2016-01-29,jepx-spread-top8-kyushu,kyushu,5.3149999999999995,https://www.jepx.jp/_download.php?dir=spot_summary&file=spot_summary_2015.csv
2016-01-30,jepx-spread-top8-kyushu,kyushu,2.4437499999999996,https://www.jepx.jp/_download.php?dir=spot_summary&file=spot_summary_2015.csv
2016-01-31,jepx-spread-top8-kyushu,kyushu,1.3000000000000007,https://www.jepx.jp/_download.php?dir=spot_summary&file=spot_summary_2015.csv
2016-02-01,jepx-spread-top8-kyushu,kyushu,3.8862499999999995,https://www.jepx.jp/_download.php?dir=spot_summary&file=spot_summary_2015.csv
2016-02-02,jepx-spread-top8-kyushu,kyushu,3.8312500000000007,https://www.jepx.jp/_download.php?dir=spot_summary&file=spot_summary_2015.csv
2016-02-03,jepx-spread-top8-kyushu,kyushu,3.987499999999999,https://www.jepx.jp/_download.php?dir=spot_summary&file=spot_summary_2015.csv
2016-02-04,jepx-spread-top8-kyushu,kyushu,4.131250000000001,https://www.jepx.jp/_download.php?dir=spot_summary&file=spot_summary_2015.csv
2016-02-05,jepx-spread-top8-kyushu,kyushu,4.2325,https://www.jepx.jp/_download.php?dir=spot_summary&file=spot_summary_2015.csv
2016-02-06,jepx-spread-top8-kyushu,kyushu,1.0025000000000004,https://www.jepx.jp/_download.php?dir=spot_summary&file=spot_summary_2015.csv
2016-02-07,jepx-spread-top8-kyushu,kyushu,1.8712499999999999,https://www.jepx.jp/_download.php?dir=spot_summary&file=spot_summary_2015.csv
2016-02-08,jepx-spread-top8-kyushu,kyushu,4.1262500000000015,https://www.jepx.jp/_download.php?dir=spot_summary&file=spot_summary_2015.csv
2016-02-09,jepx-spread-top8-kyushu,kyushu,3.6987499999999995,https://www.jepx.jp/_download.php?dir=spot_summary&file=spot_summary_2015.csv
2016-02-10,jepx-spread-top8-kyushu,kyushu,3.3424999999999994,https://www.jepx.jp/_download.php?dir=spot_summary&file=spot_summary_2015.csv
2016-02-11,jepx-spread-top8-kyushu,kyushu,2.1637499999999994,https://www.jepx.jp/_download.php?dir=spot_summary&file=spot_summary_2015.csv
2016-02-12,jepx-spread-top8-kyushu,kyushu,1.78125,https://www.jepx.jp/_download.php?dir=spot_summary&file=spot_summary_2015.csv
2016-02-13,jepx-spread-top8-kyushu,kyushu,1.0437500000000002,https://www.jepx.jp/_download.php?dir=spot_summary&file=spot_summary_2015.csv
2016-02-14,jepx-spread-top8-kyushu,kyushu,1.1400000000000006,https://www.jepx.jp/_download.php?dir=spot_summary&file=spot_summary_2015.csv
2016-02-15,jepx-spread-top8-kyushu,kyushu,4.6099999999999985,https://www.jepx.jp/_download.php?dir=spot_summary&file=spot_summary_2015.csv
2016-02-16,jepx-spread-top8-kyushu,kyushu,4.3325,https://www.jepx.jp/_download.php?dir=spot_summary&file=spot_summary_2015.csv
2016-02-17,jepx-spread-top8-kyushu,kyushu,2.4662500000000005,https://www.jepx.jp/_download.php?dir=spot_summary&file=spot_summary_2015.csv
2016-02-18,jepx-spread-top8-kyushu,kyushu,4.1899999999999995,https://www.jepx.jp/_download.php?dir=spot_summary&file=spot_summary_2015.csv
2016-02-19,jepx-spread-top8-kyushu,kyushu,3.478749999999999,https://www.jepx.jp/_download.php?dir=spot_summary&file=spot_summary_2015.csv
2016-02-20,jepx-spread-top8-kyushu,kyushu,1.7650000000000006,https://www.jepx.jp/_download.php?dir=spot_summary&file=spot_summary_2015.csv
2016-02-21,jepx-spread-top8-kyushu,kyushu,1.4974999999999996,https://www.jepx.jp/_download.php?dir=spot_summary&file=spot_summary_2015.csv
2016-02-22,jepx-spread-top8-kyushu,kyushu,3.0737500000000004,https://www.jepx.jp/_download.php?dir=spot_summary&file=spot_summary_2015.csv
2016-02-23,jepx-spread-top8-kyushu,kyushu,3.1362500000000004,https://www.jepx.jp/_download.php?dir=spot_summary&file=spot_summary_2015.csv
2016-02-24,jepx-spread-top8-kyushu,kyushu,3.1187500000000004,https://www.jepx.jp/_download.php?dir=spot_summary&file=spot_summary_2015.csv
2016-02-25,jepx-spread-top8-kyushu,kyushu,3.758749999999999,https://www.jepx.jp/_download.php?dir=spot_summary&file=spot_summary_2015.csv
2016-02-26,jepx-spread-top8-kyushu,kyushu,3.8149999999999995,https://www.jepx.jp/_download.php?dir=spot_summary&file=spot_summary_2015.csv
2016-02-27,jepx-spread-top8-kyushu,kyushu,1.23625,https://www.jepx.jp/_download.php?dir=spot_summary&file=spot_summary_2015.csv
2016-02-28,jepx-spread-top8-kyushu,kyushu,0.7162500000000005,https://www.jepx.jp/_download.php?dir=spot_summary&file=spot_summary_2015.csv
2016-02-29,jepx-spread-top8-kyushu,kyushu,4.297499999999999,https://www.jepx.jp/_download.php?dir=spot_summary&file=spot_summary_2015.csv
2016-03-01,jepx-spread-top8-kyushu,kyushu,4.465000000000001,https://www.jepx.jp/_download.php?dir=spot_summary&file=spot_summary_2015.csv
2016-03-02,jepx-spread-top8-kyushu,kyushu,2.733749999999999,https://www.jepx.jp/_download.php?dir=spot_summary&file=spot_summary_2015.csv
2016-03-03,jepx-spread-top8-kyushu,kyushu,1.9387500000000006,https://www.jepx.jp/_download.php?dir=spot_summary&file=spot_summary_2015.csv
2016-03-04,jepx-spread-top8-kyushu,kyushu,2.4624999999999995,https://www.jepx.jp/_download.php?dir=spot_summary&file=spot_summary_2015.csv
2016-03-05,jepx-spread-top8-kyushu,kyushu,1.9675000000000011,https://www.jepx.jp/_download.php?dir=spot_summary&file=spot_summary_2015.csv
2016-03-06,jepx-spread-top8-kyushu,kyushu,1.57625,https://www.jepx.jp/_download.php?dir=spot_summary&file=spot_summary_2015.csv
2016-03-07,jepx-spread-top8-kyushu,kyushu,2.0374999999999996,https://www.jepx.jp/_download.php?dir=spot_summary&file=spot_summary_2015.csv
2016-03-08,jepx-spread-top8-kyushu,kyushu,1.48625,https://www.jepx.jp/_download.php?dir=spot_summary&file=spot_summary_2015.csv
2016-03-09,jepx-spread-top8-kyushu,kyushu,4.404999999999999,https://www.jepx.jp/_download.php?dir=spot_summary&file=spot_summary_2015.csv
2016-03-10,jepx-spread-top8-kyushu,kyushu,2.558749999999999,https://www.jepx.jp/_download.php?dir=spot_summary&file=spot_summary_2015.csv
2016-03-11,jepx-spread-top8-kyushu,kyushu,3.0337499999999995,https://www.jepx.jp/_download.php?dir=spot_summary&file=spot_summary_2015.csv
2016-03-12,jepx-spread-top8-kyushu,kyushu,1.5949999999999998,https://www.jepx.jp/_download.php?dir=spot_summary&file=spot_summary_2015.csv
2016-03-13,jepx-spread-top8-kyushu,kyushu,1.73625,https://www.jepx.jp/_download.php?dir=spot_summary&file=spot_summary_2015.csv
2016-03-14,jepx-spread-top8-kyushu,kyushu,3.4825,https://www.jepx.jp/_download.php?dir=spot_summary&file=spot_summary_2015.csv
2016-03-15,jepx-spread-top8-kyushu,kyushu,1.8537499999999998,https://www.jepx.jp/_download.php?dir=spot_summary&file=spot_summary_2015.csv
2016-03-16,jepx-spread-top8-kyushu,kyushu,2.3362499999999997,https://www.jepx.jp/_download.php?dir=spot_summary&file=spot_summary_2015.csv
2016-03-17,jepx-spread-top8-kyushu,kyushu,1.5974999999999993,https://www.jepx.jp/_download.php?dir=spot_summary&file=spot_summary_2015.csv
2016-03-18,jepx-spread-top8-kyushu,kyushu,1.825000000000001,https://www.jepx.jp/_download.php?dir=spot_summary&file=spot_summary_2015.csv
2016-03-19,jepx-spread-top8-kyushu,kyushu,1.5775000000000006,https://www.jepx.jp/_download.php?dir=spot_summary&file=spot_summary_2015.csv
2016-03-20,jepx-spread-top8-kyushu,kyushu,2.705,https://www.jepx.jp/_download.php?dir=spot_summary&file=spot_summary_2015.csv
2016-03-21,jepx-spread-top8-kyushu,kyushu,3.1625000000000005,https://www.jepx.jp/_download.php?dir=spot_summary&file=spot_summary_2015.csv
2016-03-22,jepx-spread-top8-kyushu,kyushu,2.0562499999999995,https://www.jepx.jp/_download.php?dir=spot_summary&file=spot_summary_2015.csv
2016-03-23,jepx-spread-top8-kyushu,kyushu,1.7287499999999998,https://www.jepx.jp/_download.php?dir=spot_summary&file=spot_summary_2015.csv
2016-03-24,jepx-spread-top8-kyushu,kyushu,2.1975000000000007,https://www.jepx.jp/_download.php?dir=spot_summary&file=spot_summary_2015.csv
2016-03-25,jepx-spread-top8-kyushu,kyushu,1.9387499999999998,https://www.jepx.jp/_download.php?dir=spot_summary&file=spot_summary_2015.csv
2016-03-26,jepx-spread-top8-kyushu,kyushu,2.4562500000000007,https://www.jepx.jp/_download.php?dir=spot_summary&file=spot_summary_2015.csv
2016-03-27,jepx-spread-top8-kyushu,kyushu,2.5649999999999995,https://www.jepx.jp/_download.php?dir=spot_summary&file=spot_summary_2015.csv
2016-03-28,jepx-spread-top8-kyushu,kyushu,1.8599999999999985,https://www.jepx.jp/_download.php?dir=spot_summary&file=spot_summary_2015.csv
2016-03-29,jepx-spread-top8-kyushu,kyushu,1.7412500000000009,https://www.jepx.jp/_download.php?dir=spot_summary&file=spot_summary_2015.csv
2016-03-30,jepx-spread-top8-kyushu,kyushu,1.7475000000000005,https://www.jepx.jp/_download.php?dir=spot_summary&file=spot_summary_2015.csv
2016-03-31,jepx-spread-top8-kyushu,kyushu,2.1525,https://www.jepx.jp/_download.php?dir=spot_summary&file=spot_summary_2015.csv
2016-04-01,jepx-spread-top8-kyushu,kyushu,3.2737500000000006,https://www.jepx.jp/_download.php?dir=spot_summary&file=spot_summary_2016.csv
2016-04-02,jepx-spread-top8-kyushu,kyushu,0.692499999999999,https://www.jepx.jp/_download.php?dir=spot_summary&file=spot_summary_2016.csv
2016-04-03,jepx-spread-top8-kyushu,kyushu,2.2074999999999996,https://www.jepx.jp/_download.php?dir=spot_summary&file=spot_summary_2016.csv
2016-04-04,jepx-spread-top8-kyushu,kyushu,6.102499999999999,https://www.jepx.jp/_download.php?dir=spot_summary&file=spot_summary_2016.csv
2016-04-05,jepx-spread-top8-kyushu,kyushu,2.4675000000000002,https://www.jepx.jp/_download.php?dir=spot_summary&file=spot_summary_2016.csv
2016-04-06,jepx-spread-top8-kyushu,kyushu,1.6187500000000004,https://www.jepx.jp/_download.php?dir=spot_summary&file=spot_summary_2016.csv
2016-04-07,jepx-spread-top8-kyushu,kyushu,4.868749999999999,https://www.jepx.jp/_download.php?dir=spot_summary&file=spot_summary_2016.csv
2016-04-08,jepx-spread-top8-kyushu,kyushu,2.2337500000000006,https://www.jepx.jp/_download.php?dir=spot_summary&file=spot_summary_2016.csv
2016-04-09,jepx-spread-top8-kyushu,kyushu,2.23625,https://www.jepx.jp/_download.php?dir=spot_summary&file=spot_summary_2016.csv
2016-04-10,jepx-spread-top8-kyushu,kyushu,1.6462500000000002,https://www.jepx.jp/_download.php?dir=spot_summary&file=spot_summary_2016.csv
2016-04-11,jepx-spread-top8-kyushu,kyushu,2.6425,https://www.jepx.jp/_download.php?dir=spot_summary&file=spot_summary_2016.csv
2016-04-12,jepx-spread-top8-kyushu,kyushu,2.3462500000000004,https://www.jepx.jp/_download.php?dir=spot_summary&file=spot_summary_2016.csv
2016-04-13,jepx-spread-top8-kyushu,kyushu,2.9924999999999997,https://www.jepx.jp/_download.php?dir=spot_summary&file=spot_summary_2016.csv
2016-04-14,jepx-spread-top8-kyushu,kyushu,2.00875,https://www.jepx.jp/_download.php?dir=spot_summary&file=spot_summary_2016.csv
2016-04-15,jepx-spread-top8-kyushu,kyushu,2.19625,https://www.jepx.jp/_download.php?dir=spot_summary&file=spot_summary_2016.csv
2016-04-16,jepx-spread-top8-kyushu,kyushu,2.80875,https://www.jepx.jp/_download.php?dir=spot_summary&file=spot_summary_2016.csv
2016-04-17,jepx-spread-top8-kyushu,kyushu,1.9949999999999992,https://www.jepx.jp/_download.php?dir=spot_summary&file=spot_summary_2016.csv
2016-04-18,jepx-spread-top8-kyushu,kyushu,3.5287500000000014,https://www.jepx.jp/_download.php?dir=spot_summary&file=spot_summary_2016.csv
2016-04-19,jepx-spread-top8-kyushu,kyushu,2.4025,https://www.jepx.jp/_download.php?dir=spot_summary&file=spot_summary_2016.csv
2016-04-20,jepx-spread-top8-kyushu,kyushu,1.9412500000000001,https://www.jepx.jp/_download.php?dir=spot_summary&file=spot_summary_2016.csv
2016-04-21,jepx-spread-top8-kyushu,kyushu,3.914999999999999,https://www.jepx.jp/_download.php?dir=spot_summary&file=spot_summary_2016.csv
2016-04-22,jepx-spread-top8-kyushu,kyushu,1.9775,https://www.jepx.jp/_download.php?dir=spot_summary&file=spot_summary_2016.csv
2016-04-23,jepx-spread-top8-kyushu,kyushu,2.2975000000000003,https://www.jepx.jp/_download.php?dir=spot_summary&file=spot_summary_2016.csv
2016-04-24,jepx-spread-top8-kyushu,kyushu,1.9474999999999998,https://www.jepx.jp/_download.php?dir=spot_summary&file=spot_summary_2016.csv
2016-04-25,jepx-spread-top8-kyushu,kyushu,3.0337500000000004,https://www.jepx.jp/_download.php?dir=spot_summary&file=spot_summary_2016.csv
2016-04-26,jepx-spread-top8-kyushu,kyushu,2.282499999999999,https://www.jepx.jp/_download.php?dir=spot_summary&file=spot_summary_2016.csv
2016-04-27,jepx-spread-top8-kyushu,kyushu,6.1475,https://www.jepx.jp/_download.php?dir=spot_summary&file=spot_summary_2016.csv
2016-04-28,jepx-spread-top8-kyushu,kyushu,3.6812499999999986,https://www.jepx.jp/_download.php?dir=spot_summary&file=spot_summary_2016.csv
2016-04-29,jepx-spread-top8-kyushu,kyushu,2.6399999999999997,https://www.jepx.jp/_download.php?dir=spot_summary&file=spot_summary_2016.csv
2016-04-30,jepx-spread-top8-kyushu,kyushu,2.0112499999999995,https://www.jepx.jp/_download.php?dir=spot_summary&file=spot_summary_2016.csv
2016-05-01,jepx-spread-top8-kyushu,kyushu,2.8274999999999997,https://www.jepx.jp/_download.php?dir=spot_summary&file=spot_summary_2016.csv
2016-05-02,jepx-spread-top8-kyushu,kyushu,4.289999999999999,https://www.jepx.jp/_download.php?dir=spot_summary&file=spot_summary_2016.csv
2016-05-03,jepx-spread-top8-kyushu,kyushu,3.5587500000000003,https://www.jepx.jp/_download.php?dir=spot_summary&file=spot_summary_2016.csv
2016-05-04,jepx-spread-top8-kyushu,kyushu,2.0200000000000005,https://www.jepx.jp/_download.php?dir=spot_summary&file=spot_summary_2016.csv
2016-05-05,jepx-spread-top8-kyushu,kyushu,2.3899999999999997,https://www.jepx.jp/_download.php?dir=spot_summary&file=spot_summary_2016.csv
2016-05-06,jepx-spread-top8-kyushu,kyushu,6.199999999999999,https://www.jepx.jp/_download.php?dir=spot_summary&file=spot_summary_2016.csv
2016-05-07,jepx-spread-top8-kyushu,kyushu,2.42,https://www.jepx.jp/_download.php?dir=spot_summary&file=spot_summary_2016.csv
2016-05-08,jepx-spread-top8-kyushu,kyushu,2.125000000000001,https://www.jepx.jp/_download.php?dir=spot_summary&file=spot_summary_2016.csv
2016-05-09,jepx-spread-top8-kyushu,kyushu,6.736249999999999,https://www.jepx.jp/_download.php?dir=spot_summary&file=spot_summary_2016.csv
2016-05-10,jepx-spread-top8-kyushu,kyushu,5.51,https://www.jepx.jp/_download.php?dir=spot_summary&file=spot_summary_2016.csv
2016-05-11,jepx-spread-top8-kyushu,kyushu,3.8325000000000005,https://www.jepx.jp/_download.php?dir=spot_summary&file=spot_summary_2016.csv
2016-05-12,jepx-spread-top8-kyushu,kyushu,3.8450000000000006,https://www.jepx.jp/_download.php?dir=spot_summary&file=spot_summary_2016.csv
2016-05-13,jepx-spread-top8-kyushu,kyushu,2.03625,https://www.jepx.jp/_download.php?dir=spot_summary&file=spot_summary_2016.csv
2016-05-14,jepx-spread-top8-kyushu,kyushu,1.5637499999999998,https://www.jepx.jp/_download.php?dir=spot_summary&file=spot_summary_2016.csv
2016-05-15,jepx-spread-top8-kyushu,kyushu,1.5812499999999998,https://www.jepx.jp/_download.php?dir=spot_summary&file=spot_summary_2016.csv
2016-05-16,jepx-spread-top8-kyushu,kyushu,7.4,https://www.jepx.jp/_download.php?dir=spot_summary&file=spot_summary_2016.csv
2016-05-17,jepx-spread-top8-kyushu,kyushu,2.1487500000000006,https://www.jepx.jp/_download.php?dir=spot_summary&file=spot_summary_2016.csv
2016-05-18,jepx-spread-top8-kyushu,kyushu,2.2900000000000005,https://www.jepx.jp/_download.php?dir=spot_summary&file=spot_summary_2016.csv
2016-05-19,jepx-spread-top8-kyushu,kyushu,3.3099999999999996,https://www.jepx.jp/_download.php?dir=spot_summary&file=spot_summary_2016.csv
2016-05-20,jepx-spread-top8-kyushu,kyushu,4.30875,https://www.jepx.jp/_download.php?dir=spot_summary&file=spot_summary_2016.csv
2016-05-21,jepx-spread-top8-kyushu,kyushu,1.9350000000000005,https://www.jepx.jp/_download.php?dir=spot_summary&file=spot_summary_2016.csv
2016-05-22,jepx-spread-top8-kyushu,kyushu,1.98625,https://www.jepx.jp/_download.php?dir=spot_summary&file=spot_summary_2016.csv
2016-05-23,jepx-spread-top8-kyushu,kyushu,7.161250000000001,https://www.jepx.jp/_download.php?dir=spot_summary&file=spot_summary_2016.csv
2016-05-24,jepx-spread-top8-kyushu,kyushu,7.12375,https://www.jepx.jp/_download.php?dir=spot_summary&file=spot_summary_2016.csv
2016-05-25,jepx-spread-top8-kyushu,kyushu,6.646249999999998,https://www.jepx.jp/_download.php?dir=spot_summary&file=spot_summary_2016.csv
2016-05-26,jepx-spread-top8-kyushu,kyushu,9.802499999999998,https://www.jepx.jp/_download.php?dir=spot_summary&file=spot_summary_2016.csv
2016-05-27,jepx-spread-top8-kyushu,kyushu,3.4799999999999986,https://www.jepx.jp/_download.php?dir=spot_summary&file=spot_summary_2016.csv
2016-05-28,jepx-spread-top8-kyushu,kyushu,2.6625000000000005,https://www.jepx.jp/_download.php?dir=spot_summary&file=spot_summary_2016.csv
2016-05-29,jepx-spread-top8-kyushu,kyushu,2.6987500000000013,https://www.jepx.jp/_download.php?dir=spot_summary&file=spot_summary_2016.csv
2016-05-30,jepx-spread-top8-kyushu,kyushu,6.23875,https://www.jepx.jp/_download.php?dir=spot_summary&file=spot_summary_2016.csv
2016-05-31,jepx-spread-top8-kyushu,kyushu,7.098750000000001,https://www.jepx.jp/_download.php?dir=spot_summary&file=spot_summary_2016.csv
2016-06-01,jepx-spread-top8-kyushu,kyushu,6.84875,https://www.jepx.jp/_download.php?dir=spot_summary&file=spot_summary_2016.csv
2016-06-02,jepx-spread-top8-kyushu,kyushu,6.8625,https://www.jepx.jp/_download.php?dir=spot_summary&file=spot_summary_2016.csv
2016-06-03,jepx-spread-top8-kyushu,kyushu,5.71125,https://www.jepx.jp/_download.php?dir=spot_summary&file=spot_summary_2016.csv
2016-06-04,jepx-spread-top8-kyushu,kyushu,1.6925,https://www.jepx.jp/_download.php?dir=spot_summary&file=spot_summary_2016.csv
2016-06-05,jepx-spread-top8-kyushu,kyushu,1.7712500000000002,https://www.jepx.jp/_download.php?dir=spot_summary&file=spot_summary_2016.csv
2016-06-06,jepx-spread-top8-kyushu,kyushu,6.785,https://www.jepx.jp/_download.php?dir=spot_summary&file=spot_summary_2016.csv
2016-06-07,jepx-spread-top8-kyushu,kyushu,5.4425,https://www.jepx.jp/_download.php?dir=spot_summary&file=spot_summary_2016.csv
2016-06-08,jepx-spread-top8-kyushu,kyushu,7.70125,https://www.jepx.jp/_download.php?dir=spot_summary&file=spot_summary_2016.csv
2016-06-09,jepx-spread-top8-kyushu,kyushu,7.12125,https://www.jepx.jp/_download.php?dir=spot_summary&file=spot_summary_2016.csv
2016-06-10,jepx-spread-top8-kyushu,kyushu,5.5074999999999985,https://www.jepx.jp/_download.php?dir=spot_summary&file=spot_summary_2016.csv
2016-06-11,jepx-spread-top8-kyushu,kyushu,2.8862499999999995,https://www.jepx.jp/_download.php?dir=spot_summary&file=spot_summary_2016.csv
2016-06-12,jepx-spread-top8-kyushu,kyushu,2.9662500000000005,https://www.jepx.jp/_download.php?dir=spot_summary&file=spot_summary_2016.csv
2016-06-13,jepx-spread-top8-kyushu,kyushu,8.14,https://www.jepx.jp/_download.php?dir=spot_summary&file=spot_summary_2016.csv
2016-06-14,jepx-spread-top8-kyushu,kyushu,7.061250000000001,https://www.jepx.jp/_download.php?dir=spot_summary&file=spot_summary_2016.csv
2016-06-15,jepx-spread-top8-kyushu,kyushu,7.454999999999999,https://www.jepx.jp/_download.php?dir=spot_summary&file=spot_summary_2016.csv
2016-06-16,jepx-spread-top8-kyushu,kyushu,12.13375,https://www.jepx.jp/_download.php?dir=spot_summary&file=spot_summary_2016.csv
2016-06-17,jepx-spread-top8-kyushu,kyushu,11.635,https://www.jepx.jp/_download.php?dir=spot_summary&file=spot_summary_2016.csv
2016-06-18,jepx-spread-top8-kyushu,kyushu,2.9962500000000007,https://www.jepx.jp/_download.php?dir=spot_summary&file=spot_summary_2016.csv
2016-06-19,jepx-spread-top8-kyushu,kyushu,2.692499999999999,https://www.jepx.jp/_download.php?dir=spot_summary&file=spot_summary_2016.csv
2016-06-20,jepx-spread-top8-kyushu,kyushu,8.51125,https://www.jepx.jp/_download.php?dir=spot_summary&file=spot_summary_2016.csv
2016-06-21,jepx-spread-top8-kyushu,kyushu,8.219999999999999,https://www.jepx.jp/_download.php?dir=spot_summary&file=spot_summary_2016.csv
2016-06-22,jepx-spread-top8-kyushu,kyushu,8.23,https://www.jepx.jp/_download.php?dir=spot_summary&file=spot_summary_2016.csv
2016-06-23,jepx-spread-top8-kyushu,kyushu,10.03125,https://www.jepx.jp/_download.php?dir=spot_summary&file=spot_summary_2016.csv
2016-06-24,jepx-spread-top8-kyushu,kyushu,8.158750000000001,https://www.jepx.jp/_download.php?dir=spot_summary&file=spot_summary_2016.csv
2016-06-25,jepx-spread-top8-kyushu,kyushu,3.0425000000000004,https://www.jepx.jp/_download.php?dir=spot_summary&file=spot_summary_2016.csv
2016-06-26,jepx-spread-top8-kyushu,kyushu,1.33,https://www.jepx.jp/_download.php?dir=spot_summary&file=spot_summary_2016.csv
2016-06-27,jepx-spread-top8-kyushu,kyushu,7.143749999999999,https://www.jepx.jp/_download.php?dir=spot_summary&file=spot_summary_2016.csv
2016-06-28,jepx-spread-top8-kyushu,kyushu,6.446250000000001,https://www.jepx.jp/_download.php?dir=spot_summary&file=spot_summary_2016.csv
2016-06-29,jepx-spread-top8-kyushu,kyushu,6.87125,https://www.jepx.jp/_download.php?dir=spot_summary&file=spot_summary_2016.csv
2016-06-30,jepx-spread-top8-kyushu,kyushu,6.1187499999999995,https://www.jepx.jp/_download.php?dir=spot_summary&file=spot_summary_2016.csv
2016-07-01,jepx-spread-top8-kyushu,kyushu,6.69875,https://www.jepx.jp/_download.php?dir=spot_summary&file=spot_summary_2016.csv
2016-07-02,jepx-spread-top8-kyushu,kyushu,2.168750000000001,https://www.jepx.jp/_download.php?dir=spot_summary&file=spot_summary_2016.csv
2016-07-03,jepx-spread-top8-kyushu,kyushu,2.63,https://www.jepx.jp/_download.php?dir=spot_summary&file=spot_summary_2016.csv
2016-07-04,jepx-spread-top8-kyushu,kyushu,8.91625,https://www.jepx.jp/_download.php?dir=spot_summary&file=spot_summary_2016.csv
2016-07-05,jepx-spread-top8-kyushu,kyushu,14.473750000000003,https://www.jepx.jp/_download.php?dir=spot_summary&file=spot_summary_2016.csv
2016-07-06,jepx-spread-top8-kyushu,kyushu,10.922500000000001,https://www.jepx.jp/_download.php?dir=spot_summary&file=spot_summary_2016.csv
2016-07-07,jepx-spread-top8-kyushu,kyushu,17.10125,https://www.jepx.jp/_download.php?dir=spot_summary&file=spot_summary_2016.csv
2016-07-08,jepx-spread-top8-kyushu,kyushu,13.073749999999999,https://www.jepx.jp/_download.php?dir=spot_summary&file=spot_summary_2016.csv
2016-07-09,jepx-spread-top8-kyushu,kyushu,3.085,https://www.jepx.jp/_download.php?dir=spot_summary&file=spot_summary_2016.csv
2016-07-10,jepx-spread-top8-kyushu,kyushu,4.542499999999999,https://www.jepx.jp/_download.php?dir=spot_summary&file=spot_summary_2016.csv
2016-07-11,jepx-spread-top8-kyushu,kyushu,10.334999999999999,https://www.jepx.jp/_download.php?dir=spot_summary&file=spot_summary_2016.csv
2016-07-12,jepx-spread-top8-kyushu,kyushu,9.10875,https://www.jepx.jp/_download.php?dir=spot_summary&file=spot_summary_2016.csv
2016-07-13,jepx-spread-top8-kyushu,kyushu,12.669999999999998,https://www.jepx.jp/_download.php?dir=spot_summary&file=spot_summary_2016.csv
2016-07-14,jepx-spread-top8-kyushu,kyushu,10.974999999999998,https://www.jepx.jp/_download.php?dir=spot_summary&file=spot_summary_2016.csv
2016-07-15,jepx-spread-top8-kyushu,kyushu,6.361249999999999,https://www.jepx.jp/_download.php?dir=spot_summary&file=spot_summary_2016.csv
2016-07-16,jepx-spread-top8-kyushu,kyushu,1.9362500000000002,https://www.jepx.jp/_download.php?dir=spot_summary&file=spot_summary_2016.csv
2016-07-17,jepx-spread-top8-kyushu,kyushu,2.963749999999999,https://www.jepx.jp/_download.php?dir=spot_summary&file=spot_summary_2016.csv
2016-07-18,jepx-spread-top8-kyushu,kyushu,3.3199999999999994,https://www.jepx.jp/_download.php?dir=spot_summary&file=spot_summary_2016.csv
2016-07-19,jepx-spread-top8-kyushu,kyushu,6.371250000000002,https://www.jepx.jp/_download.php?dir=spot_summary&file=spot_summary_2016.csv
2016-07-20,jepx-spread-top8-kyushu,kyushu,9.15125,https://www.jepx.jp/_download.php?dir=spot_summary&file=spot_summary_2016.csv
2016-07-21,jepx-spread-top8-kyushu,kyushu,10.87375,https://www.jepx.jp/_download.php?dir=spot_summary&file=spot_summary_2016.csv
2016-07-22,jepx-spread-top8-kyushu,kyushu,6.827500000000002,https://www.jepx.jp/_download.php?dir=spot_summary&file=spot_summary_2016.csv
2016-07-23,jepx-spread-top8-kyushu,kyushu,1.7700000000000005,https://www.jepx.jp/_download.php?dir=spot_summary&file=spot_summary_2016.csv
2016-07-24,jepx-spread-top8-kyushu,kyushu,1.692499999999999,https://www.jepx.jp/_download.php?dir=spot_summary&file=spot_summary_2016.csv
2016-07-25,jepx-spread-top8-kyushu,kyushu,7.25875,https://www.jepx.jp/_download.php?dir=spot_summary&file=spot_summary_2016.csv
2016-07-26,jepx-spread-top8-kyushu,kyushu,6.3175,https://www.jepx.jp/_download.php?dir=spot_summary&file=spot_summary_2016.csv
2016-07-27,jepx-spread-top8-kyushu,kyushu,6.618749999999999,https://www.jepx.jp/_download.php?dir=spot_summary&file=spot_summary_2016.csv
2016-07-28,jepx-spread-top8-kyushu,kyushu,10.07125,https://www.jepx.jp/_download.php?dir=spot_summary&file=spot_summary_2016.csv
2016-07-29,jepx-spread-top8-kyushu,kyushu,8.4025,https://www.jepx.jp/_download.php?dir=spot_summary&file=spot_summary_2016.csv
2016-07-30,jepx-spread-top8-kyushu,kyushu,3.4662499999999987,https://www.jepx.jp/_download.php?dir=spot_summary&file=spot_summary_2016.csv
2016-07-31,jepx-spread-top8-kyushu,kyushu,2.4125000000000005,https://www.jepx.jp/_download.php?dir=spot_summary&file=spot_summary_2016.csv
2016-08-01,jepx-spread-top8-kyushu,kyushu,6.987499999999999,https://www.jepx.jp/_download.php?dir=spot_summary&file=spot_summary_2016.csv
2016-08-02,jepx-spread-top8-kyushu,kyushu,10.618750000000002,https://www.jepx.jp/_download.php?dir=spot_summary&file=spot_summary_2016.csv
2016-08-03,jepx-spread-top8-kyushu,kyushu,10.95125,https://www.jepx.jp/_download.php?dir=spot_summary&file=spot_summary_2016.csv
2016-08-04,jepx-spread-top8-kyushu,kyushu,10.809999999999999,https://www.jepx.jp/_download.php?dir=spot_summary&file=spot_summary_2016.csv
2016-08-05,jepx-spread-top8-kyushu,kyushu,12.277499999999998,https://www.jepx.jp/_download.php?dir=spot_summary&file=spot_summary_2016.csv
2016-08-06,jepx-spread-top8-kyushu,kyushu,5.285,https://www.jepx.jp/_download.php?dir=spot_summary&file=spot_summary_2016.csv
2016-08-07,jepx-spread-top8-kyushu,kyushu,2.0562500000000004,https://www.jepx.jp/_download.php?dir=spot_summary&file=spot_summary_2016.csv
2016-08-08,jepx-spread-top8-kyushu,kyushu,19.82125,https://www.jepx.jp/_download.php?dir=spot_summary&file=spot_summary_2016.csv
2016-08-09,jepx-spread-top8-kyushu,kyushu,11.8875,https://www.jepx.jp/_download.php?dir=spot_summary&file=spot_summary_2016.csv
2016-08-10,jepx-spread-top8-kyushu,kyushu,12.48375,https://www.jepx.jp/_download.php?dir=spot_summary&file=spot_summary_2016.csv
2016-08-11,jepx-spread-top8-kyushu,kyushu,4.293749999999999,https://www.jepx.jp/_download.php?dir=spot_summary&file=spot_summary_2016.csv
2016-08-12,jepx-spread-top8-kyushu,kyushu,7.2975,https://www.jepx.jp/_download.php?dir=spot_summary&file=spot_summary_2016.csv
2016-08-13,jepx-spread-top8-kyushu,kyushu,3.8337499999999993,https://www.jepx.jp/_download.php?dir=spot_summary&file=spot_summary_2016.csv
2016-08-14,jepx-spread-top8-kyushu,kyushu,2.080000000000001,https://www.jepx.jp/_download.php?dir=spot_summary&file=spot_summary_2016.csv
2016-08-15,jepx-spread-top8-kyushu,kyushu,4.18125,https://www.jepx.jp/_download.php?dir=spot_summary&file=spot_summary_2016.csv
2016-08-16,jepx-spread-top8-kyushu,kyushu,5.039999999999999,https://www.jepx.jp/_download.php?dir=spot_summary&file=spot_summary_2016.csv
2016-08-17,jepx-spread-top8-kyushu,kyushu,7.161250000000001,https://www.jepx.jp/_download.php?dir=spot_summary&file=spot_summary_2016.csv
2016-08-18,jepx-spread-top8-kyushu,kyushu,9.424999999999999,https://www.jepx.jp/_download.php?dir=spot_summary&file=spot_summary_2016.csv
2016-08-19,jepx-spread-top8-kyushu,kyushu,10.79375,https://www.jepx.jp/_download.php?dir=spot_summary&file=spot_summary_2016.csv
2016-08-20,jepx-spread-top8-kyushu,kyushu,3.6799999999999997,https://www.jepx.jp/_download.php?dir=spot_summary&file=spot_summary_2016.csv
2016-08-21,jepx-spread-top8-kyushu,kyushu,5.591249999999999,https://www.jepx.jp/_download.php?dir=spot_summary&file=spot_summary_2016.csv
2016-08-22,jepx-spread-top8-kyushu,kyushu,17.03,https://www.jepx.jp/_download.php?dir=spot_summary&file=spot_summary_2016.csv
2016-08-23,jepx-spread-top8-kyushu,kyushu,11.674999999999999,https://www.jepx.jp/_download.php?dir=spot_summary&file=spot_summary_2016.csv
2016-08-24,jepx-spread-top8-kyushu,kyushu,10.48625,https://www.jepx.jp/_download.php?dir=spot_summary&file=spot_summary_2016.csv
2016-08-25,jepx-spread-top8-kyushu,kyushu,7.710000000000001,https://www.jepx.jp/_download.php?dir=spot_summary&file=spot_summary_2016.csv
2016-08-26,jepx-spread-top8-kyushu,kyushu,11.535000000000002,https://www.jepx.jp/_download.php?dir=spot_summary&file=spot_summary_2016.csv
2016-08-27,jepx-spread-top8-kyushu,kyushu,4.5200000000000005,https://www.jepx.jp/_download.php?dir=spot_summary&file=spot_summary_2016.csv
2016-08-28,jepx-spread-top8-kyushu,kyushu,1.7674999999999992,https://www.jepx.jp/_download.php?dir=spot_summary&file=spot_summary_2016.csv
2016-08-29,jepx-spread-top8-kyushu,kyushu,9.401250000000001,https://www.jepx.jp/_download.php?dir=spot_summary&file=spot_summary_2016.csv
2016-08-30,jepx-spread-top8-kyushu,kyushu,5.85125,https://www.jepx.jp/_download.php?dir=spot_summary&file=spot_summary_2016.csv
2016-08-31,jepx-spread-top8-kyushu,kyushu,6.386249999999999,https://www.jepx.jp/_download.php?dir=spot_summary&file=spot_summary_2016.csv
2016-09-01,jepx-spread-top8-kyushu,kyushu,10.638750000000002,https://www.jepx.jp/_download.php?dir=spot_summary&file=spot_summary_2016.csv
2016-09-02,jepx-spread-top8-kyushu,kyushu,6.7475,https://www.jepx.jp/_download.php?dir=spot_summary&file=spot_summary_2016.csv
2016-09-03,jepx-spread-top8-kyushu,kyushu,3.4212499999999997,https://www.jepx.jp/_download.php?dir=spot_summary&file=spot_summary_2016.csv
2016-09-04,jepx-spread-top8-kyushu,kyushu,3.1187499999999995,https://www.jepx.jp/_download.php?dir=spot_summary&file=spot_summary_2016.csv
2016-09-05,jepx-spread-top8-kyushu,kyushu,8.8125,https://www.jepx.jp/_download.php?dir=spot_summary&file=spot_summary_2016.csv
2016-09-06,jepx-spread-top8-kyushu,kyushu,7.907499999999999,https://www.jepx.jp/_download.php?dir=spot_summary&file=spot_summary_2016.csv
2016-09-07,jepx-spread-top8-kyushu,kyushu,9.11875,https://www.jepx.jp/_download.php?dir=spot_summary&file=spot_summary_2016.csv
2016-09-08,jepx-spread-top8-kyushu,kyushu,10.04375,https://www.jepx.jp/_download.php?dir=spot_summary&file=spot_summary_2016.csv
2016-09-09,jepx-spread-top8-kyushu,kyushu,7.011250000000001,https://www.jepx.jp/_download.php?dir=spot_summary&file=spot_summary_2016.csv
2016-09-10,jepx-spread-top8-kyushu,kyushu,3.3812500000000005,https://www.jepx.jp/_download.php?dir=spot_summary&file=spot_summary_2016.csv
2016-09-11,jepx-spread-top8-kyushu,kyushu,1.8275000000000006,https://www.jepx.jp/_download.php?dir=spot_summary&file=spot_summary_2016.csv
2016-09-12,jepx-spread-top8-kyushu,kyushu,10.8775,https://www.jepx.jp/_download.php?dir=spot_summary&file=spot_summary_2016.csv
2016-09-13,jepx-spread-top8-kyushu,kyushu,11.62875,https://www.jepx.jp/_download.php?dir=spot_summary&file=spot_summary_2016.csv
2016-09-14,jepx-spread-top8-kyushu,kyushu,10.25875,https://www.jepx.jp/_download.php?dir=spot_summary&file=spot_summary_2016.csv
2016-09-15,jepx-spread-top8-kyushu,kyushu,8.283750000000001,https://www.jepx.jp/_download.php?dir=spot_summary&file=spot_summary_2016.csv
2016-09-16,jepx-spread-top8-kyushu,kyushu,9.879999999999999,https://www.jepx.jp/_download.php?dir=spot_summary&file=spot_summary_2016.csv
2016-09-17,jepx-spread-top8-kyushu,kyushu,3.9099999999999984,https://www.jepx.jp/_download.php?dir=spot_summary&file=spot_summary_2016.csv
2016-09-18,jepx-spread-top8-kyushu,kyushu,1.6762500000000005,https://www.jepx.jp/_download.php?dir=spot_summary&file=spot_summary_2016.csv
2016-09-19,jepx-spread-top8-kyushu,kyushu,4.518749999999999,https://www.jepx.jp/_download.php?dir=spot_summary&file=spot_summary_2016.csv
2016-09-20,jepx-spread-top8-kyushu,kyushu,9.33625,https://www.jepx.jp/_download.php?dir=spot_summary&file=spot_summary_2016.csv
2016-09-21,jepx-spread-top8-kyushu,kyushu,7.097499999999999,https://www.jepx.jp/_download.php?dir=spot_summary&file=spot_summary_2016.csv
2016-09-22,jepx-spread-top8-kyushu,kyushu,3.6262500000000006,https://www.jepx.jp/_download.php?dir=spot_summary&file=spot_summary_2016.csv
2016-09-23,jepx-spread-top8-kyushu,kyushu,5.969999999999999,https://www.jepx.jp/_download.php?dir=spot_summary&file=spot_summary_2016.csv
2016-09-24,jepx-spread-top8-kyushu,kyushu,1.9787499999999998,https://www.jepx.jp/_download.php?dir=spot_summary&file=spot_summary_2016.csv
2016-09-25,jepx-spread-top8-kyushu,kyushu,2.375,https://www.jepx.jp/_download.php?dir=spot_summary&file=spot_summary_2016.csv
2016-09-26,jepx-spread-top8-kyushu,kyushu,7.395,https://www.jepx.jp/_download.php?dir=spot_summary&file=spot_summary_2016.csv
2016-09-27,jepx-spread-top8-kyushu,kyushu,9.4375,https://www.jepx.jp/_download.php?dir=spot_summary&file=spot_summary_2016.csv
2016-09-28,jepx-spread-top8-kyushu,kyushu,7.187500000000002,https://www.jepx.jp/_download.php?dir=spot_summary&file=spot_summary_2016.csv
2016-09-29,jepx-spread-top8-kyushu,kyushu,4.55625,https://www.jepx.jp/_download.php?dir=spot_summary&file=spot_summary_2016.csv
2016-09-30,jepx-spread-top8-kyushu,kyushu,5.288749999999999,https://www.jepx.jp/_download.php?dir=spot_summary&file=spot_summary_2016.csv
2016-10-01,jepx-spread-top8-kyushu,kyushu,3.7249999999999996,https://www.jepx.jp/_download.php?dir=spot_summary&file=spot_summary_2016.csv
2016-10-02,jepx-spread-top8-kyushu,kyushu,2.629999999999999,https://www.jepx.jp/_download.php?dir=spot_summary&file=spot_summary_2016.csv
2016-10-03,jepx-spread-top8-kyushu,kyushu,8.338750000000001,https://www.jepx.jp/_download.php?dir=spot_summary&file=spot_summary_2016.csv
2016-10-04,jepx-spread-top8-kyushu,kyushu,10.346250000000001,https://www.jepx.jp/_download.php?dir=spot_summary&file=spot_summary_2016.csv
2016-10-05,jepx-spread-top8-kyushu,kyushu,8.795,https://www.jepx.jp/_download.php?dir=spot_summary&file=spot_summary_2016.csv
2016-10-06,jepx-spread-top8-kyushu,kyushu,7.005000000000001,https://www.jepx.jp/_download.php?dir=spot_summary&file=spot_summary_2016.csv
2016-10-07,jepx-spread-top8-kyushu,kyushu,4.85125,https://www.jepx.jp/_download.php?dir=spot_summary&file=spot_summary_2016.csv
2016-10-08,jepx-spread-top8-kyushu,kyushu,4.244999999999999,https://www.jepx.jp/_download.php?dir=spot_summary&file=spot_summary_2016.csv
2016-10-09,jepx-spread-top8-kyushu,kyushu,4.48875,https://www.jepx.jp/_download.php?dir=spot_summary&file=spot_summary_2016.csv
2016-10-10,jepx-spread-top8-kyushu,kyushu,3.963749999999999,https://www.jepx.jp/_download.php?dir=spot_summary&file=spot_summary_2016.csv
2016-10-11,jepx-spread-top8-kyushu,kyushu,6.170000000000002,https://www.jepx.jp/_download.php?dir=spot_summary&file=spot_summary_2016.csv
2016-10-12,jepx-spread-top8-kyushu,kyushu,5.740000000000002,https://www.jepx.jp/_download.php?dir=spot_summary&file=spot_summary_2016.csv
2016-10-13,jepx-spread-top8-kyushu,kyushu,5.911250000000001,https://www.jepx.jp/_download.php?dir=spot_summary&file=spot_summary_2016.csv
2016-10-14,jepx-spread-top8-kyushu,kyushu,4.290000000000001,https://www.jepx.jp/_download.php?dir=spot_summary&file=spot_summary_2016.csv
2016-10-15,jepx-spread-top8-kyushu,kyushu,2.4887500000000005,https://www.jepx.jp/_download.php?dir=spot_summary&file=spot_summary_2016.csv
2016-10-16,jepx-spread-top8-kyushu,kyushu,2.076250000000001,https://www.jepx.jp/_download.php?dir=spot_summary&file=spot_summary_2016.csv
2016-10-17,jepx-spread-top8-kyushu,kyushu,6.03125,https://www.jepx.jp/_download.php?dir=spot_summary&file=spot_summary_2016.csv
2016-10-18,jepx-spread-top8-kyushu,kyushu,6.23,https://www.jepx.jp/_download.php?dir=spot_summary&file=spot_summary_2016.csv
2016-10-19,jepx-spread-top8-kyushu,kyushu,5.3325,https://www.jepx.jp/_download.php?dir=spot_summary&file=spot_summary_2016.csv
2016-10-20,jepx-spread-top8-kyushu,kyushu,5.813750000000002,https://www.jepx.jp/_download.php?dir=spot_summary&file=spot_summary_2016.csv
2016-10-21,jepx-spread-top8-kyushu,kyushu,6.505000000000001,https://www.jepx.jp/_download.php?dir=spot_summary&file=spot_summary_2016.csv
2016-10-22,jepx-spread-top8-kyushu,kyushu,2.1587500000000004,https://www.jepx.jp/_download.php?dir=spot_summary&file=spot_summary_2016.csv
2016-10-23,jepx-spread-top8-kyushu,kyushu,1.8137499999999998,https://www.jepx.jp/_download.php?dir=spot_summary&file=spot_summary_2016.csv
2016-10-24,jepx-spread-top8-kyushu,kyushu,4.964999999999999,https://www.jepx.jp/_download.php?dir=spot_summary&file=spot_summary_2016.csv
2016-10-25,jepx-spread-top8-kyushu,kyushu,5.628749999999999,https://www.jepx.jp/_download.php?dir=spot_summary&file=spot_summary_2016.csv
2016-10-26,jepx-spread-top8-kyushu,kyushu,5.736250000000002,https://www.jepx.jp/_download.php?dir=spot_summary&file=spot_summary_2016.csv
2016-10-27,jepx-spread-top8-kyushu,kyushu,5.514999999999999,https://www.jepx.jp/_download.php?dir=spot_summary&file=spot_summary_2016.csv
2016-10-28,jepx-spread-top8-kyushu,kyushu,5.442500000000001,https://www.jepx.jp/_download.php?dir=spot_summary&file=spot_summary_2016.csv
2016-10-29,jepx-spread-top8-kyushu,kyushu,2.4887500000000005,https://www.jepx.jp/_download.php?dir=spot_summary&file=spot_summary_2016.csv
2016-10-30,jepx-spread-top8-kyushu,kyushu,2.4124999999999996,https://www.jepx.jp/_download.php?dir=spot_summary&file=spot_summary_2016.csv
2016-10-31,jepx-spread-top8-kyushu,kyushu,5.182499999999999,https://www.jepx.jp/_download.php?dir=spot_summary&file=spot_summary_2016.csv
2016-11-01,jepx-spread-top8-kyushu,kyushu,5.345000000000001,https://www.jepx.jp/_download.php?dir=spot_summary&file=spot_summary_2016.csv
2016-11-02,jepx-spread-top8-kyushu,kyushu,4.678750000000001,https://www.jepx.jp/_download.php?dir=spot_summary&file=spot_summary_2016.csv
2016-11-03,jepx-spread-top8-kyushu,kyushu,2.80375,https://www.jepx.jp/_download.php?dir=spot_summary&file=spot_summary_2016.csv
2016-11-04,jepx-spread-top8-kyushu,kyushu,5.591249999999999,https://www.jepx.jp/_download.php?dir=spot_summary&file=spot_summary_2016.csv
2016-11-05,jepx-spread-top8-kyushu,kyushu,3.481250000000001,https://www.jepx.jp/_download.php?dir=spot_summary&file=spot_summary_2016.csv
2016-11-06,jepx-spread-top8-kyushu,kyushu,3.036250000000001,https://www.jepx.jp/_download.php?dir=spot_summary&file=spot_summary_2016.csv
2016-11-07,jepx-spread-top8-kyushu,kyushu,6.458750000000001,https://www.jepx.jp/_download.php?dir=spot_summary&file=spot_summary_2016.csv
2016-11-08,jepx-spread-top8-kyushu,kyushu,4.55875,https://www.jepx.jp/_download.php?dir=spot_summary&file=spot_summary_2016.csv
2016-11-09,jepx-spread-top8-kyushu,kyushu,5.3975,https://www.jepx.jp/_download.php?dir=spot_summary&file=spot_summary_2016.csv
2016-11-10,jepx-spread-top8-kyushu,kyushu,5.327500000000001,https://www.jepx.jp/_download.php?dir=spot_summary&file=spot_summary_2016.csv
2016-11-11,jepx-spread-top8-kyushu,kyushu,4.765000000000002,https://www.jepx.jp/_download.php?dir=spot_summary&file=spot_summary_2016.csv
2016-11-12,jepx-spread-top8-kyushu,kyushu,3.54375,https://www.jepx.jp/_download.php?dir=spot_summary&file=spot_summary_2016.csv
2016-11-13,jepx-spread-top8-kyushu,kyushu,3.1687499999999993,https://www.jepx.jp/_download.php?dir=spot_summary&file=spot_summary_2016.csv
2016-11-14,jepx-spread-top8-kyushu,kyushu,6.1362499999999995,https://www.jepx.jp/_download.php?dir=spot_summary&file=spot_summary_2016.csv
2016-11-15,jepx-spread-top8-kyushu,kyushu,4.157499999999999,https://www.jepx.jp/_download.php?dir=spot_summary&file=spot_summary_2016.csv
2016-11-16,jepx-spread-top8-kyushu,kyushu,6.791250000000002,https://www.jepx.jp/_download.php?dir=spot_summary&file=spot_summary_2016.csv
2016-11-17,jepx-spread-top8-kyushu,kyushu,5.582500000000001,https://www.jepx.jp/_download.php?dir=spot_summary&file=spot_summary_2016.csv
2016-11-18,jepx-spread-top8-kyushu,kyushu,5.3575,https://www.jepx.jp/_download.php?dir=spot_summary&file=spot_summary_2016.csv
2016-11-19,jepx-spread-top8-kyushu,kyushu,3.981250000000001,https://www.jepx.jp/_download.php?dir=spot_summary&file=spot_summary_2016.csv
2016-11-20,jepx-spread-top8-kyushu,kyushu,2.8237500000000004,https://www.jepx.jp/_download.php?dir=spot_summary&file=spot_summary_2016.csv
2016-11-21,jepx-spread-top8-kyushu,kyushu,6.202500000000001,https://www.jepx.jp/_download.php?dir=spot_summary&file=spot_summary_2016.csv
2016-11-22,jepx-spread-top8-kyushu,kyushu,4.858750000000001,https://www.jepx.jp/_download.php?dir=spot_summary&file=spot_summary_2016.csv
2016-11-23,jepx-spread-top8-kyushu,kyushu,5.465,https://www.jepx.jp/_download.php?dir=spot_summary&file=spot_summary_2016.csv
2016-11-24,jepx-spread-top8-kyushu,kyushu,6.6875,https://www.jepx.jp/_download.php?dir=spot_summary&file=spot_summary_2016.csv
2016-11-25,jepx-spread-top8-kyushu,kyushu,6.141249999999999,https://www.jepx.jp/_download.php?dir=spot_summary&file=spot_summary_2016.csv
2016-11-26,jepx-spread-top8-kyushu,kyushu,3.731250000000002,https://www.jepx.jp/_download.php?dir=spot_summary&file=spot_summary_2016.csv
2016-11-27,jepx-spread-top8-kyushu,kyushu,4.498750000000001,https://www.jepx.jp/_download.php?dir=spot_summary&file=spot_summary_2016.csv
2016-11-28,jepx-spread-top8-kyushu,kyushu,7.262500000000001,https://www.jepx.jp/_download.php?dir=spot_summary&file=spot_summary_2016.csv
2016-11-29,jepx-spread-top8-kyushu,kyushu,5.482499999999998,https://www.jepx.jp/_download.php?dir=spot_summary&file=spot_summary_2016.csv
2016-11-30,jepx-spread-top8-kyushu,kyushu,8.041250000000002,https://www.jepx.jp/_download.php?dir=spot_summary&file=spot_summary_2016.csv
2016-12-01,jepx-spread-top8-kyushu,kyushu,5.821250000000001,https://www.jepx.jp/_download.php?dir=spot_summary&file=spot_summary_2016.csv
2016-12-02,jepx-spread-top8-kyushu,kyushu,10.091250000000002,https://www.jepx.jp/_download.php?dir=spot_summary&file=spot_summary_2016.csv
2016-12-03,jepx-spread-top8-kyushu,kyushu,3.5725,https://www.jepx.jp/_download.php?dir=spot_summary&file=spot_summary_2016.csv
2016-12-04,jepx-spread-top8-kyushu,kyushu,3.0387500000000003,https://www.jepx.jp/_download.php?dir=spot_summary&file=spot_summary_2016.csv
2016-12-05,jepx-spread-top8-kyushu,kyushu,5.338750000000003,https://www.jepx.jp/_download.php?dir=spot_summary&file=spot_summary_2016.csv
2016-12-06,jepx-spread-top8-kyushu,kyushu,6.137499999999999,https://www.jepx.jp/_download.php?dir=spot_summary&file=spot_summary_2016.csv
2016-12-07,jepx-spread-top8-kyushu,kyushu,6.018750000000001,https://www.jepx.jp/_download.php?dir=spot_summary&file=spot_summary_2016.csv
2016-12-08,jepx-spread-top8-kyushu,kyushu,5.0025,https://www.jepx.jp/_download.php?dir=spot_summary&file=spot_summary_2016.csv
2016-12-09,jepx-spread-top8-kyushu,kyushu,4.57,https://www.jepx.jp/_download.php?dir=spot_summary&file=spot_summary_2016.csv
2016-12-10,jepx-spread-top8-kyushu,kyushu,4.01375,https://www.jepx.jp/_download.php?dir=spot_summary&file=spot_summary_2016.csv
2016-12-11,jepx-spread-top8-kyushu,kyushu,4.188750000000001,https://www.jepx.jp/_download.php?dir=spot_summary&file=spot_summary_2016.csv
2016-12-12,jepx-spread-top8-kyushu,kyushu,4.787499999999999,https://www.jepx.jp/_download.php?dir=spot_summary&file=spot_summary_2016.csv
2016-12-13,jepx-spread-top8-kyushu,kyushu,5.784999999999999,https://www.jepx.jp/_download.php?dir=spot_summary&file=spot_summary_2016.csv
2016-12-14,jepx-spread-top8-kyushu,kyushu,5.67,https://www.jepx.jp/_download.php?dir=spot_summary&file=spot_summary_2016.csv
2016-12-15,jepx-spread-top8-kyushu,kyushu,6.67125,https://www.jepx.jp/_download.php?dir=spot_summary&file=spot_summary_2016.csv
2016-12-16,jepx-spread-top8-kyushu,kyushu,6.831249999999999,https://www.jepx.jp/_download.php?dir=spot_summary&file=spot_summary_2016.csv
2016-12-17,jepx-spread-top8-kyushu,kyushu,4.577499999999999,https://www.jepx.jp/_download.php?dir=spot_summary&file=spot_summary_2016.csv
2016-12-18,jepx-spread-top8-kyushu,kyushu,4.078749999999999,https://www.jepx.jp/_download.php?dir=spot_summary&file=spot_summary_2016.csv
2016-12-19,jepx-spread-top8-kyushu,kyushu,5.516249999999999,https://www.jepx.jp/_download.php?dir=spot_summary&file=spot_summary_2016.csv
2016-12-20,jepx-spread-top8-kyushu,kyushu,6.0625,https://www.jepx.jp/_download.php?dir=spot_summary&file=spot_summary_2016.csv
2016-12-21,jepx-spread-top8-kyushu,kyushu,5.393750000000001,https://www.jepx.jp/_download.php?dir=spot_summary&file=spot_summary_2016.csv
2016-12-22,jepx-spread-top8-kyushu,kyushu,4.8725000000000005,https://www.jepx.jp/_download.php?dir=spot_summary&file=spot_summary_2016.csv
2016-12-23,jepx-spread-top8-kyushu,kyushu,3.3499999999999996,https://www.jepx.jp/_download.php?dir=spot_summary&file=spot_summary_2016.csv
2016-12-24,jepx-spread-top8-kyushu,kyushu,4.19125,https://www.jepx.jp/_download.php?dir=spot_summary&file=spot_summary_2016.csv
2016-12-25,jepx-spread-top8-kyushu,kyushu,4.015000000000001,https://www.jepx.jp/_download.php?dir=spot_summary&file=spot_summary_2016.csv
2016-12-26,jepx-spread-top8-kyushu,kyushu,7.141249999999999,https://www.jepx.jp/_download.php?dir=spot_summary&file=spot_summary_2016.csv
2016-12-27,jepx-spread-top8-kyushu,kyushu,4.721250000000001,https://www.jepx.jp/_download.php?dir=spot_summary&file=spot_summary_2016.csv
2016-12-28,jepx-spread-top8-kyushu,kyushu,6.199999999999999,https://www.jepx.jp/_download.php?dir=spot_summary&file=spot_summary_2016.csv
2016-12-29,jepx-spread-top8-kyushu,kyushu,2.965,https://www.jepx.jp/_download.php?dir=spot_summary&file=spot_summary_2016.csv
2016-12-30,jepx-spread-top8-kyushu,kyushu,4.49,https://www.jepx.jp/_download.php?dir=spot_summary&file=spot_summary_2016.csv
2016-12-31,jepx-spread-top8-kyushu,kyushu,3.04125,https://www.jepx.jp/_download.php?dir=spot_summary&file=spot_summary_2016.csv
2017-01-01,jepx-spread-top8-kyushu,kyushu,1.847500000000001,https://www.jepx.jp/_download.php?dir=spot_summary&file=spot_summary_2016.csv
2017-01-02,jepx-spread-top8-kyushu,kyushu,0.9275000000000011,https://www.jepx.jp/_download.php?dir=spot_summary&file=spot_summary_2016.csv
2017-01-03,jepx-spread-top8-kyushu,kyushu,2.5975,https://www.jepx.jp/_download.php?dir=spot_summary&file=spot_summary_2016.csv
2017-01-04,jepx-spread-top8-kyushu,kyushu,3.0875000000000012,https://www.jepx.jp/_download.php?dir=spot_summary&file=spot_summary_2016.csv
2017-01-05,jepx-spread-top8-kyushu,kyushu,7.173749999999999,https://www.jepx.jp/_download.php?dir=spot_summary&file=spot_summary_2016.csv
2017-01-06,jepx-spread-top8-kyushu,kyushu,5.465000000000002,https://www.jepx.jp/_download.php?dir=spot_summary&file=spot_summary_2016.csv
2017-01-07,jepx-spread-top8-kyushu,kyushu,4.11125,https://www.jepx.jp/_download.php?dir=spot_summary&file=spot_summary_2016.csv
2017-01-08,jepx-spread-top8-kyushu,kyushu,3.1950000000000003,https://www.jepx.jp/_download.php?dir=spot_summary&file=spot_summary_2016.csv
2017-01-09,jepx-spread-top8-kyushu,kyushu,5.0825,https://www.jepx.jp/_download.php?dir=spot_summary&file=spot_summary_2016.csv
2017-01-10,jepx-spread-top8-kyushu,kyushu,6.769999999999998,https://www.jepx.jp/_download.php?dir=spot_summary&file=spot_summary_2016.csv
2017-01-11,jepx-spread-top8-kyushu,kyushu,6.904999999999999,https://www.jepx.jp/_download.php?dir=spot_summary&file=spot_summary_2016.csv
2017-01-12,jepx-spread-top8-kyushu,kyushu,5.629999999999999,https://www.jepx.jp/_download.php?dir=spot_summary&file=spot_summary_2016.csv
2017-01-13,jepx-spread-top8-kyushu,kyushu,7.296250000000001,https://www.jepx.jp/_download.php?dir=spot_summary&file=spot_summary_2016.csv
2017-01-14,jepx-spread-top8-kyushu,kyushu,4.46125,https://www.jepx.jp/_download.php?dir=spot_summary&file=spot_summary_2016.csv
2017-01-15,jepx-spread-top8-kyushu,kyushu,6.123749999999999,https://www.jepx.jp/_download.php?dir=spot_summary&file=spot_summary_2016.csv
2017-01-16,jepx-spread-top8-kyushu,kyushu,12.10125,https://www.jepx.jp/_download.php?dir=spot_summary&file=spot_summary_2016.csv
2017-01-17,jepx-spread-top8-kyushu,kyushu,6.449999999999999,https://www.jepx.jp/_download.php?dir=spot_summary&file=spot_summary_2016.csv
2017-01-18,jepx-spread-top8-kyushu,kyushu,6.2875,https://www.jepx.jp/_download.php?dir=spot_summary&file=spot_summary_2016.csv
2017-01-19,jepx-spread-top8-kyushu,kyushu,5.667499999999999,https://www.jepx.jp/_download.php?dir=spot_summary&file=spot_summary_2016.csv
2017-01-20,jepx-spread-top8-kyushu,kyushu,10.188749999999999,https://www.jepx.jp/_download.php?dir=spot_summary&file=spot_summary_2016.csv
2017-01-21,jepx-spread-top8-kyushu,kyushu,3.68375,https://www.jepx.jp/_download.php?dir=spot_summary&file=spot_summary_2016.csv
2017-01-22,jepx-spread-top8-kyushu,kyushu,2.6325000000000003,https://www.jepx.jp/_download.php?dir=spot_summary&file=spot_summary_2016.csv
2017-01-23,jepx-spread-top8-kyushu,kyushu,10.38125,https://www.jepx.jp/_download.php?dir=spot_summary&file=spot_summary_2016.csv
2017-01-24,jepx-spread-top8-kyushu,kyushu,12.5825,https://www.jepx.jp/_download.php?dir=spot_summary&file=spot_summary_2016.csv
2017-01-25,jepx-spread-top8-kyushu,kyushu,12.485000000000003,https://www.jepx.jp/_download.php?dir=spot_summary&file=spot_summary_2016.csv
2017-01-26,jepx-spread-top8-kyushu,kyushu,11.021250000000002,https://www.jepx.jp/_download.php?dir=spot_summary&file=spot_summary_2016.csv
2017-01-27,jepx-spread-top8-kyushu,kyushu,5.1012499999999985,https://www.jepx.jp/_download.php?dir=spot_summary&file=spot_summary_2016.csv
2017-01-28,jepx-spread-top8-kyushu,kyushu,4.697500000000002,https://www.jepx.jp/_download.php?dir=spot_summary&file=spot_summary_2016.csv
2017-01-29,jepx-spread-top8-kyushu,kyushu,4.1975,https://www.jepx.jp/_download.php?dir=spot_summary&file=spot_summary_2016.csv
2017-01-30,jepx-spread-top8-kyushu,kyushu,9.01,https://www.jepx.jp/_download.php?dir=spot_summary&file=spot_summary_2016.csv
2017-01-31,jepx-spread-top8-kyushu,kyushu,6.50375,https://www.jepx.jp/_download.php?dir=spot_summary&file=spot_summary_2016.csv
2017-02-01,jepx-spread-top8-kyushu,kyushu,7.3987500000000015,https://www.jepx.jp/_download.php?dir=spot_summary&file=spot_summary_2016.csv
2017-02-02,jepx-spread-top8-kyushu,kyushu,7.0725,https://www.jepx.jp/_download.php?dir=spot_summary&file=spot_summary_2016.csv
2017-02-03,jepx-spread-top8-kyushu,kyushu,6.567499999999999,https://www.jepx.jp/_download.php?dir=spot_summary&file=spot_summary_2016.csv
2017-02-04,jepx-spread-top8-kyushu,kyushu,4.411250000000001,https://www.jepx.jp/_download.php?dir=spot_summary&file=spot_summary_2016.csv
2017-02-05,jepx-spread-top8-kyushu,kyushu,5.152500000000001,https://www.jepx.jp/_download.php?dir=spot_summary&file=spot_summary_2016.csv
2017-02-06,jepx-spread-top8-kyushu,kyushu,5.685,https://www.jepx.jp/_download.php?dir=spot_summary&file=spot_summary_2016.csv
2017-02-07,jepx-spread-top8-kyushu,kyushu,5.866249999999999,https://www.jepx.jp/_download.php?dir=spot_summary&file=spot_summary_2016.csv
2017-02-08,jepx-spread-top8-kyushu,kyushu,6.662500000000001,https://www.jepx.jp/_download.php?dir=spot_summary&file=spot_summary_2016.csv
2017-02-09,jepx-spread-top8-kyushu,kyushu,9.68125,https://www.jepx.jp/_download.php?dir=spot_summary&file=spot_summary_2016.csv
2017-02-10,jepx-spread-top8-kyushu,kyushu,10.558750000000003,https://www.jepx.jp/_download.php?dir=spot_summary&file=spot_summary_2016.csv
2017-02-11,jepx-spread-top8-kyushu,kyushu,4.4575,https://www.jepx.jp/_download.php?dir=spot_summary&file=spot_summary_2016.csv
2017-02-12,jepx-spread-top8-kyushu,kyushu,5.332500000000001,https://www.jepx.jp/_download.php?dir=spot_summary&file=spot_summary_2016.csv
2017-02-13,jepx-spread-top8-kyushu,kyushu,7.381249999999998,https://www.jepx.jp/_download.php?dir=spot_summary&file=spot_summary_2016.csv
2017-02-14,jepx-spread-top8-kyushu,kyushu,7.011250000000002,https://www.jepx.jp/_download.php?dir=spot_summary&file=spot_summary_2016.csv
2017-02-15,jepx-spread-top8-kyushu,kyushu,5.72625,https://www.jepx.jp/_download.php?dir=spot_summary&file=spot_summary_2016.csv
2017-02-16,jepx-spread-top8-kyushu,kyushu,4.881250000000001,https://www.jepx.jp/_download.php?dir=spot_summary&file=spot_summary_2016.csv
2017-02-17,jepx-spread-top8-kyushu,kyushu,6.855,https://www.jepx.jp/_download.php?dir=spot_summary&file=spot_summary_2016.csv
2017-02-18,jepx-spread-top8-kyushu,kyushu,5.35375,https://www.jepx.jp/_download.php?dir=spot_summary&file=spot_summary_2016.csv
2017-02-19,jepx-spread-top8-kyushu,kyushu,7.326249999999998,https://www.jepx.jp/_download.php?dir=spot_summary&file=spot_summary_2016.csv
2017-02-20,jepx-spread-top8-kyushu,kyushu,9.84,https://www.jepx.jp/_download.php?dir=spot_summary&file=spot_summary_2016.csv
2017-02-21,jepx-spread-top8-kyushu,kyushu,6.717499999999999,https://www.jepx.jp/_download.php?dir=spot_summary&file=spot_summary_2016.csv
2017-02-22,jepx-spread-top8-kyushu,kyushu,5.94875,https://www.jepx.jp/_download.php?dir=spot_summary&file=spot_summary_2016.csv
2017-02-23,jepx-spread-top8-kyushu,kyushu,9.2925,https://www.jepx.jp/_download.php?dir=spot_summary&file=spot_summary_2016.csv
2017-02-24,jepx-spread-top8-kyushu,kyushu,7.016249999999999,https://www.jepx.jp/_download.php?dir=spot_summary&file=spot_summary_2016.csv
2017-02-25,jepx-spread-top8-kyushu,kyushu,4.35625,https://www.jepx.jp/_download.php?dir=spot_summary&file=spot_summary_2016.csv
2017-02-26,jepx-spread-top8-kyushu,kyushu,5.220000000000001,https://www.jepx.jp/_download.php?dir=spot_summary&file=spot_summary_2016.csv
2017-02-27,jepx-spread-top8-kyushu,kyushu,6.075,https://www.jepx.jp/_download.php?dir=spot_summary&file=spot_summary_2016.csv
2017-02-28,jepx-spread-top8-kyushu,kyushu,5.44875,https://www.jepx.jp/_download.php?dir=spot_summary&file=spot_summary_2016.csv
2017-03-01,jepx-spread-top8-kyushu,kyushu,6.41375,https://www.jepx.jp/_download.php?dir=spot_summary&file=spot_summary_2016.csv
2017-03-02,jepx-spread-top8-kyushu,kyushu,9.502499999999998,https://www.jepx.jp/_download.php?dir=spot_summary&file=spot_summary_2016.csv
2017-03-03,jepx-spread-top8-kyushu,kyushu,6.390000000000001,https://www.jepx.jp/_download.php?dir=spot_summary&file=spot_summary_2016.csv
2017-03-04,jepx-spread-top8-kyushu,kyushu,3.407499999999999,https://www.jepx.jp/_download.php?dir=spot_summary&file=spot_summary_2016.csv
2017-03-05,jepx-spread-top8-kyushu,kyushu,5.251249999999999,https://www.jepx.jp/_download.php?dir=spot_summary&file=spot_summary_2016.csv
2017-03-06,jepx-spread-top8-kyushu,kyushu,9.291249999999998,https://www.jepx.jp/_download.php?dir=spot_summary&file=spot_summary_2016.csv
2017-03-07,jepx-spread-top8-kyushu,kyushu,7.22875,https://www.jepx.jp/_download.php?dir=spot_summary&file=spot_summary_2016.csv
2017-03-08,jepx-spread-top8-kyushu,kyushu,6.778749999999999,https://www.jepx.jp/_download.php?dir=spot_summary&file=spot_summary_2016.csv
2017-03-09,jepx-spread-top8-kyushu,kyushu,4.709999999999999,https://www.jepx.jp/_download.php?dir=spot_summary&file=spot_summary_2016.csv
2017-03-10,jepx-spread-top8-kyushu,kyushu,5.536249999999999,https://www.jepx.jp/_download.php?dir=spot_summary&file=spot_summary_2016.csv
2017-03-11,jepx-spread-top8-kyushu,kyushu,5.042500000000001,https://www.jepx.jp/_download.php?dir=spot_summary&file=spot_summary_2016.csv
2017-03-12,jepx-spread-top8-kyushu,kyushu,5.4037500000000005,https://www.jepx.jp/_download.php?dir=spot_summary&file=spot_summary_2016.csv
2017-03-13,jepx-spread-top8-kyushu,kyushu,7.058749999999996,https://www.jepx.jp/_download.php?dir=spot_summary&file=spot_summary_2016.csv
2017-03-14,jepx-spread-top8-kyushu,kyushu,7.2574999999999985,https://www.jepx.jp/_download.php?dir=spot_summary&file=spot_summary_2016.csv
2017-03-15,jepx-spread-top8-kyushu,kyushu,11.1775,https://www.jepx.jp/_download.php?dir=spot_summary&file=spot_summary_2016.csv
2017-03-16,jepx-spread-top8-kyushu,kyushu,6.6587499999999995,https://www.jepx.jp/_download.php?dir=spot_summary&file=spot_summary_2016.csv
2017-03-17,jepx-spread-top8-kyushu,kyushu,6.68,https://www.jepx.jp/_download.php?dir=spot_summary&file=spot_summary_2016.csv
2017-03-18,jepx-spread-top8-kyushu,kyushu,5.04125,https://www.jepx.jp/_download.php?dir=spot_summary&file=spot_summary_2016.csv
2017-03-19,jepx-spread-top8-kyushu,kyushu,4.812500000000002,https://www.jepx.jp/_download.php?dir=spot_summary&file=spot_summary_2016.csv
2017-03-20,jepx-spread-top8-kyushu,kyushu,3.1174999999999997,https://www.jepx.jp/_download.php?dir=spot_summary&file=spot_summary_2016.csv
2017-03-21,jepx-spread-top8-kyushu,kyushu,12.291249999999998,https://www.jepx.jp/_download.php?dir=spot_summary&file=spot_summary_2016.csv
2017-03-22,jepx-spread-top8-kyushu,kyushu,5.788749999999999,https://www.jepx.jp/_download.php?dir=spot_summary&file=spot_summary_2016.csv
2017-03-23,jepx-spread-top8-kyushu,kyushu,7.362500000000001,https://www.jepx.jp/_download.php?dir=spot_summary&file=spot_summary_2016.csv
2017-03-24,jepx-spread-top8-kyushu,kyushu,7.335000000000001,https://www.jepx.jp/_download.php?dir=spot_summary&file=spot_summary_2016.csv
2017-03-25,jepx-spread-top8-kyushu,kyushu,3.8587500000000023,https://www.jepx.jp/_download.php?dir=spot_summary&file=spot_summary_2016.csv
2017-03-26,jepx-spread-top8-kyushu,kyushu,4.797499999999999,https://www.jepx.jp/_download.php?dir=spot_summary&file=spot_summary_2016.csv
2017-03-27,jepx-spread-top8-kyushu,kyushu,9.7275,https://www.jepx.jp/_download.php?dir=spot_summary&file=spot_summary_2016.csv
2017-03-28,jepx-spread-top8-kyushu,kyushu,6.526250000000001,https://www.jepx.jp/_download.php?dir=spot_summary&file=spot_summary_2016.csv
2017-03-29,jepx-spread-top8-kyushu,kyushu,7.393750000000001,https://www.jepx.jp/_download.php?dir=spot_summary&file=spot_summary_2016.csv
2017-03-30,jepx-spread-top8-kyushu,kyushu,6.2737500000000015,https://www.jepx.jp/_download.php?dir=spot_summary&file=spot_summary_2016.csv
2017-03-31,jepx-spread-top8-kyushu,kyushu,9.362499999999999,https://www.jepx.jp/_download.php?dir=spot_summary&file=spot_summary_2016.csv
2017-04-01,jepx-spread-top8-kyushu,kyushu,3.6099999999999994,https://www.jepx.jp/_download.php?dir=spot_summary&file=spot_summary_2017.csv
2017-04-02,jepx-spread-top8-kyushu,kyushu,4.4025,https://www.jepx.jp/_download.php?dir=spot_summary&file=spot_summary_2017.csv
2017-04-03,jepx-spread-top8-kyushu,kyushu,8.249999999999998,https://www.jepx.jp/_download.php?dir=spot_summary&file=spot_summary_2017.csv
2017-04-04,jepx-spread-top8-kyushu,kyushu,5.718749999999999,https://www.jepx.jp/_download.php?dir=spot_summary&file=spot_summary_2017.csv
2017-04-05,jepx-spread-top8-kyushu,kyushu,5.297500000000001,https://www.jepx.jp/_download.php?dir=spot_summary&file=spot_summary_2017.csv
2017-04-06,jepx-spread-top8-kyushu,kyushu,6.04375,https://www.jepx.jp/_download.php?dir=spot_summary&file=spot_summary_2017.csv
2017-04-07,jepx-spread-top8-kyushu,kyushu,6.89,https://www.jepx.jp/_download.php?dir=spot_summary&file=spot_summary_2017.csv
2017-04-08,jepx-spread-top8-kyushu,kyushu,5.618749999999999,https://www.jepx.jp/_download.php?dir=spot_summary&file=spot_summary_2017.csv
2017-04-09,jepx-spread-top8-kyushu,kyushu,3.169999999999998,https://www.jepx.jp/_download.php?dir=spot_summary&file=spot_summary_2017.csv
2017-04-10,jepx-spread-top8-kyushu,kyushu,7.4025,https://www.jepx.jp/_download.php?dir=spot_summary&file=spot_summary_2017.csv
2017-04-11,jepx-spread-top8-kyushu,kyushu,11.477500000000003,https://www.jepx.jp/_download.php?dir=spot_summary&file=spot_summary_2017.csv
2017-04-12,jepx-spread-top8-kyushu,kyushu,6.49375,https://www.jepx.jp/_download.php?dir=spot_summary&file=spot_summary_2017.csv
2017-04-13,jepx-spread-top8-kyushu,kyushu,6.170000000000001,https://www.jepx.jp/_download.php?dir=spot_summary&file=spot_summary_2017.csv
2017-04-14,jepx-spread-top8-kyushu,kyushu,5.81,https://www.jepx.jp/_download.php?dir=spot_summary&file=spot_summary_2017.csv
2017-04-15,jepx-spread-top8-kyushu,kyushu,3.126249999999999,https://www.jepx.jp/_download.php?dir=spot_summary&file=spot_summary_2017.csv
2017-04-16,jepx-spread-top8-kyushu,kyushu,3.3412499999999996,https://www.jepx.jp/_download.php?dir=spot_summary&file=spot_summary_2017.csv
2017-04-17,jepx-spread-top8-kyushu,kyushu,7.81625,https://www.jepx.jp/_download.php?dir=spot_summary&file=spot_summary_2017.csv
2017-04-18,jepx-spread-top8-kyushu,kyushu,5.186249999999999,https://www.jepx.jp/_download.php?dir=spot_summary&file=spot_summary_2017.csv
2017-04-19,jepx-spread-top8-kyushu,kyushu,4.646250000000001,https://www.jepx.jp/_download.php?dir=spot_summary&file=spot_summary_2017.csv
2017-04-20,jepx-spread-top8-kyushu,kyushu,3.9975000000000014,https://www.jepx.jp/_download.php?dir=spot_summary&file=spot_summary_2017.csv
2017-04-21,jepx-spread-top8-kyushu,kyushu,5.845,https://www.jepx.jp/_download.php?dir=spot_summary&file=spot_summary_2017.csv
2017-04-22,jepx-spread-top8-kyushu,kyushu,2.1362499999999995,https://www.jepx.jp/_download.php?dir=spot_summary&file=spot_summary_2017.csv
2017-04-23,jepx-spread-top8-kyushu,kyushu,3.767499999999999,https://www.jepx.jp/_download.php?dir=spot_summary&file=spot_summary_2017.csv
2017-04-24,jepx-spread-top8-kyushu,kyushu,4.03375,https://www.jepx.jp/_download.php?dir=spot_summary&file=spot_summary_2017.csv
2017-04-25,jepx-spread-top8-kyushu,kyushu,4.307499999999999,https://www.jepx.jp/_download.php?dir=spot_summary&file=spot_summary_2017.csv
2017-04-26,jepx-spread-top8-kyushu,kyushu,5.932499999999997,https://www.jepx.jp/_download.php?dir=spot_summary&file=spot_summary_2017.csv
2017-04-27,jepx-spread-top8-kyushu,kyushu,2.647499999999999,https://www.jepx.jp/_download.php?dir=spot_summary&file=spot_summary_2017.csv
2017-04-28,jepx-spread-top8-kyushu,kyushu,2.8225,https://www.jepx.jp/_download.php?dir=spot_summary&file=spot_summary_2017.csv
2017-04-29,jepx-spread-top8-kyushu,kyushu,3.7887500000000003,https://www.jepx.jp/_download.php?dir=spot_summary&file=spot_summary_2017.csv
2017-04-30,jepx-spread-top8-kyushu,kyushu,2.3837499999999996,https://www.jepx.jp/_download.php?dir=spot_summary&file=spot_summary_2017.csv
2017-05-01,jepx-spread-top8-kyushu,kyushu,5.708750000000001,https://www.jepx.jp/_download.php?dir=spot_summary&file=spot_summary_2017.csv
2017-05-02,jepx-spread-top8-kyushu,kyushu,2.865,https://www.jepx.jp/_download.php?dir=spot_summary&file=spot_summary_2017.csv
2017-05-03,jepx-spread-top8-kyushu,kyushu,3.2612500000000004,https://www.jepx.jp/_download.php?dir=spot_summary&file=spot_summary_2017.csv
2017-05-04,jepx-spread-top8-kyushu,kyushu,4.077500000000002,https://www.jepx.jp/_download.php?dir=spot_summary&file=spot_summary_2017.csv
2017-05-05,jepx-spread-top8-kyushu,kyushu,2.165,https://www.jepx.jp/_download.php?dir=spot_summary&file=spot_summary_2017.csv
2017-05-06,jepx-spread-top8-kyushu,kyushu,1.8475000000000001,https://www.jepx.jp/_download.php?dir=spot_summary&file=spot_summary_2017.csv
2017-05-07,jepx-spread-top8-kyushu,kyushu,2.8949999999999996,https://www.jepx.jp/_download.php?dir=spot_summary&file=spot_summary_2017.csv
2017-05-08,jepx-spread-top8-kyushu,kyushu,5.397500000000001,https://www.jepx.jp/_download.php?dir=spot_summary&file=spot_summary_2017.csv
2017-05-09,jepx-spread-top8-kyushu,kyushu,5.751249999999999,https://www.jepx.jp/_download.php?dir=spot_summary&file=spot_summary_2017.csv
2017-05-10,jepx-spread-top8-kyushu,kyushu,2.77125,https://www.jepx.jp/_download.php?dir=spot_summary&file=spot_summary_2017.csv
2017-05-11,jepx-spread-top8-kyushu,kyushu,3.1312499999999996,https://www.jepx.jp/_download.php?dir=spot_summary&file=spot_summary_2017.csv
2017-05-12,jepx-spread-top8-kyushu,kyushu,5.475,https://www.jepx.jp/_download.php?dir=spot_summary&file=spot_summary_2017.csv
2017-05-13,jepx-spread-top8-kyushu,kyushu,0.9050000000000002,https://www.jepx.jp/_download.php?dir=spot_summary&file=spot_summary_2017.csv
2017-05-14,jepx-spread-top8-kyushu,kyushu,2.05,https://www.jepx.jp/_download.php?dir=spot_summary&file=spot_summary_2017.csv
2017-05-15,jepx-spread-top8-kyushu,kyushu,2.879999999999999,https://www.jepx.jp/_download.php?dir=spot_summary&file=spot_summary_2017.csv
2017-05-16,jepx-spread-top8-kyushu,kyushu,2.7824999999999998,https://www.jepx.jp/_download.php?dir=spot_summary&file=spot_summary_2017.csv
2017-05-17,jepx-spread-top8-kyushu,kyushu,1.7175000000000002,https://www.jepx.jp/_download.php?dir=spot_summary&file=spot_summary_2017.csv
2017-05-18,jepx-spread-top8-kyushu,kyushu,1.008750000000001,https://www.jepx.jp/_download.php?dir=spot_summary&file=spot_summary_2017.csv
2017-05-19,jepx-spread-top8-kyushu,kyushu,3.1712500000000006,https://www.jepx.jp/_download.php?dir=spot_summary&file=spot_summary_2017.csv
2017-05-20,jepx-spread-top8-kyushu,kyushu,3.593749999999999,https://www.jepx.jp/_download.php?dir=spot_summary&file=spot_summary_2017.csv
2017-05-21,jepx-spread-top8-kyushu,kyushu,4.555,https://www.jepx.jp/_download.php?dir=spot_summary&file=spot_summary_2017.csv
2017-05-22,jepx-spread-top8-kyushu,kyushu,2.722500000000001,https://www.jepx.jp/_download.php?dir=spot_summary&file=spot_summary_2017.csv
2017-05-23,jepx-spread-top8-kyushu,kyushu,4.72,https://www.jepx.jp/_download.php?dir=spot_summary&file=spot_summary_2017.csv
2017-05-24,jepx-spread-top8-kyushu,kyushu,5.563750000000001,https://www.jepx.jp/_download.php?dir=spot_summary&file=spot_summary_2017.csv
2017-05-25,jepx-spread-top8-kyushu,kyushu,6.146249999999999,https://www.jepx.jp/_download.php?dir=spot_summary&file=spot_summary_2017.csv
2017-05-26,jepx-spread-top8-kyushu,kyushu,2.6775,https://www.jepx.jp/_download.php?dir=spot_summary&file=spot_summary_2017.csv
2017-05-27,jepx-spread-top8-kyushu,kyushu,2.3462500000000004,https://www.jepx.jp/_download.php?dir=spot_summary&file=spot_summary_2017.csv
2017-05-28,jepx-spread-top8-kyushu,kyushu,3.6049999999999995,https://www.jepx.jp/_download.php?dir=spot_summary&file=spot_summary_2017.csv
2017-05-29,jepx-spread-top8-kyushu,kyushu,3.9625000000000004,https://www.jepx.jp/_download.php?dir=spot_summary&file=spot_summary_2017.csv
2017-05-30,jepx-spread-top8-kyushu,kyushu,5.63875,https://www.jepx.jp/_download.php?dir=spot_summary&file=spot_summary_2017.csv
2017-05-31,jepx-spread-top8-kyushu,kyushu,6.153749999999999,https://www.jepx.jp/_download.php?dir=spot_summary&file=spot_summary_2017.csv
2017-06-01,jepx-spread-top8-kyushu,kyushu,4.141249999999999,https://www.jepx.jp/_download.php?dir=spot_summary&file=spot_summary_2017.csv
2017-06-02,jepx-spread-top8-kyushu,kyushu,4.013749999999999,https://www.jepx.jp/_download.php?dir=spot_summary&file=spot_summary_2017.csv
2017-06-03,jepx-spread-top8-kyushu,kyushu,2.7925000000000004,https://www.jepx.jp/_download.php?dir=spot_summary&file=spot_summary_2017.csv
2017-06-04,jepx-spread-top8-kyushu,kyushu,4.418749999999999,https://www.jepx.jp/_download.php?dir=spot_summary&file=spot_summary_2017.csv
2017-06-05,jepx-spread-top8-kyushu,kyushu,3.657499999999999,https://www.jepx.jp/_download.php?dir=spot_summary&file=spot_summary_2017.csv
2017-06-06,jepx-spread-top8-kyushu,kyushu,3.803749999999999,https://www.jepx.jp/_download.php?dir=spot_summary&file=spot_summary_2017.csv
2017-06-07,jepx-spread-top8-kyushu,kyushu,4.652500000000001,https://www.jepx.jp/_download.php?dir=spot_summary&file=spot_summary_2017.csv
2017-06-08,jepx-spread-top8-kyushu,kyushu,4.07625,https://www.jepx.jp/_download.php?dir=spot_summary&file=spot_summary_2017.csv
2017-06-09,jepx-spread-top8-kyushu,kyushu,4.313749999999999,https://www.jepx.jp/_download.php?dir=spot_summary&file=spot_summary_2017.csv
2017-06-10,jepx-spread-top8-kyushu,kyushu,3.1987500000000004,https://www.jepx.jp/_download.php?dir=spot_summary&file=spot_summary_2017.csv
2017-06-11,jepx-spread-top8-kyushu,kyushu,2.7125000000000012,https://www.jepx.jp/_download.php?dir=spot_summary&file=spot_summary_2017.csv
2017-06-12,jepx-spread-top8-kyushu,kyushu,4.84875,https://www.jepx.jp/_download.php?dir=spot_summary&file=spot_summary_2017.csv
2017-06-13,jepx-spread-top8-kyushu,kyushu,3.47375,https://www.jepx.jp/_download.php?dir=spot_summary&file=spot_summary_2017.csv
2017-06-14,jepx-spread-top8-kyushu,kyushu,2.87,https://www.jepx.jp/_download.php?dir=spot_summary&file=spot_summary_2017.csv
2017-06-15,jepx-spread-top8-kyushu,kyushu,2.9849999999999994,https://www.jepx.jp/_download.php?dir=spot_summary&file=spot_summary_2017.csv
2017-06-16,jepx-spread-top8-kyushu,kyushu,3.7575000000000003,https://www.jepx.jp/_download.php?dir=spot_summary&file=spot_summary_2017.csv
2017-06-17,jepx-spread-top8-kyushu,kyushu,2.6950000000000003,https://www.jepx.jp/_download.php?dir=spot_summary&file=spot_summary_2017.csv
2017-06-18,jepx-spread-top8-kyushu,kyushu,4.16,https://www.jepx.jp/_download.php?dir=spot_summary&file=spot_summary_2017.csv
2017-06-19,jepx-spread-top8-kyushu,kyushu,4.469999999999999,https://www.jepx.jp/_download.php?dir=spot_summary&file=spot_summary_2017.csv
2017-06-20,jepx-spread-top8-kyushu,kyushu,6.02,https://www.jepx.jp/_download.php?dir=spot_summary&file=spot_summary_2017.csv
2017-06-21,jepx-spread-top8-kyushu,kyushu,5.691249999999998,https://www.jepx.jp/_download.php?dir=spot_summary&file=spot_summary_2017.csv
2017-06-22,jepx-spread-top8-kyushu,kyushu,5.3100000000000005,https://www.jepx.jp/_download.php?dir=spot_summary&file=spot_summary_2017.csv
2017-06-23,jepx-spread-top8-kyushu,kyushu,6.127500000000002,https://www.jepx.jp/_download.php?dir=spot_summary&file=spot_summary_2017.csv
2017-06-24,jepx-spread-top8-kyushu,kyushu,3.6212500000000007,https://www.jepx.jp/_download.php?dir=spot_summary&file=spot_summary_2017.csv
2017-06-25,jepx-spread-top8-kyushu,kyushu,3.5612499999999994,https://www.jepx.jp/_download.php?dir=spot_summary&file=spot_summary_2017.csv
2017-06-26,jepx-spread-top8-kyushu,kyushu,6.48,https://www.jepx.jp/_download.php?dir=spot_summary&file=spot_summary_2017.csv
2017-06-27,jepx-spread-top8-kyushu,kyushu,6.6537500000000005,https://www.jepx.jp/_download.php?dir=spot_summary&file=spot_summary_2017.csv
2017-06-28,jepx-spread-top8-kyushu,kyushu,6.48875,https://www.jepx.jp/_download.php?dir=spot_summary&file=spot_summary_2017.csv
2017-06-29,jepx-spread-top8-kyushu,kyushu,5.703750000000001,https://www.jepx.jp/_download.php?dir=spot_summary&file=spot_summary_2017.csv
2017-06-30,jepx-spread-top8-kyushu,kyushu,5.522500000000001,https://www.jepx.jp/_download.php?dir=spot_summary&file=spot_summary_2017.csv
2017-07-01,jepx-spread-top8-kyushu,kyushu,3.5474999999999994,https://www.jepx.jp/_download.php?dir=spot_summary&file=spot_summary_2017.csv
2017-07-02,jepx-spread-top8-kyushu,kyushu,5.276250000000001,https://www.jepx.jp/_download.php?dir=spot_summary&file=spot_summary_2017.csv
2017-07-03,jepx-spread-top8-kyushu,kyushu,9.1925,https://www.jepx.jp/_download.php?dir=spot_summary&file=spot_summary_2017.csv
2017-07-04,jepx-spread-top8-kyushu,kyushu,14.496250000000002,https://www.jepx.jp/_download.php?dir=spot_summary&file=spot_summary_2017.csv
2017-07-05,jepx-spread-top8-kyushu,kyushu,14.505,https://www.jepx.jp/_download.php?dir=spot_summary&file=spot_summary_2017.csv
2017-07-06,jepx-spread-top8-kyushu,kyushu,13.992499999999998,https://www.jepx.jp/_download.php?dir=spot_summary&file=spot_summary_2017.csv
2017-07-07,jepx-spread-top8-kyushu,kyushu,13.551250000000001,https://www.jepx.jp/_download.php?dir=spot_summary&file=spot_summary_2017.csv
2017-07-08,jepx-spread-top8-kyushu,kyushu,4.040000000000001,https://www.jepx.jp/_download.php?dir=spot_summary&file=spot_summary_2017.csv
2017-07-09,jepx-spread-top8-kyushu,kyushu,4.459999999999999,https://www.jepx.jp/_download.php?dir=spot_summary&file=spot_summary_2017.csv
2017-07-10,jepx-spread-top8-kyushu,kyushu,8.580000000000002,https://www.jepx.jp/_download.php?dir=spot_summary&file=spot_summary_2017.csv
2017-07-11,jepx-spread-top8-kyushu,kyushu,14.03,https://www.jepx.jp/_download.php?dir=spot_summary&file=spot_summary_2017.csv
2017-07-12,jepx-spread-top8-kyushu,kyushu,14.985,https://www.jepx.jp/_download.php?dir=spot_summary&file=spot_summary_2017.csv
2017-07-13,jepx-spread-top8-kyushu,kyushu,15.297500000000001,https://www.jepx.jp/_download.php?dir=spot_summary&file=spot_summary_2017.csv
2017-07-14,jepx-spread-top8-kyushu,kyushu,16.31875,https://www.jepx.jp/_download.php?dir=spot_summary&file=spot_summary_2017.csv
2017-07-15,jepx-spread-top8-kyushu,kyushu,6.616250000000002,https://www.jepx.jp/_download.php?dir=spot_summary&file=spot_summary_2017.csv
2017-07-16,jepx-spread-top8-kyushu,kyushu,5.516249999999999,https://www.jepx.jp/_download.php?dir=spot_summary&file=spot_summary_2017.csv
2017-07-17,jepx-spread-top8-kyushu,kyushu,7.012499999999999,https://www.jepx.jp/_download.php?dir=spot_summary&file=spot_summary_2017.csv
2017-07-18,jepx-spread-top8-kyushu,kyushu,17.755000000000003,https://www.jepx.jp/_download.php?dir=spot_summary&file=spot_summary_2017.csv
2017-07-19,jepx-spread-top8-kyushu,kyushu,16.38625,https://www.jepx.jp/_download.php?dir=spot_summary&file=spot_summary_2017.csv
2017-07-20,jepx-spread-top8-kyushu,kyushu,20.195,https://www.jepx.jp/_download.php?dir=spot_summary&file=spot_summary_2017.csv
2017-07-21,jepx-spread-top8-kyushu,kyushu,16.67875,https://www.jepx.jp/_download.php?dir=spot_summary&file=spot_summary_2017.csv
2017-07-22,jepx-spread-top8-kyushu,kyushu,5.3149999999999995,https://www.jepx.jp/_download.php?dir=spot_summary&file=spot_summary_2017.csv
2017-07-23,jepx-spread-top8-kyushu,kyushu,5.282500000000001,https://www.jepx.jp/_download.php?dir=spot_summary&file=spot_summary_2017.csv
2017-07-24,jepx-spread-top8-kyushu,kyushu,19.272499999999997,https://www.jepx.jp/_download.php?dir=spot_summary&file=spot_summary_2017.csv
2017-07-25,jepx-spread-top8-kyushu,kyushu,17.044999999999998,https://www.jepx.jp/_download.php?dir=spot_summary&file=spot_summary_2017.csv
2017-07-26,jepx-spread-top8-kyushu,kyushu,14.326249999999998,https://www.jepx.jp/_download.php?dir=spot_summary&file=spot_summary_2017.csv
2017-07-27,jepx-spread-top8-kyushu,kyushu,13.997500000000002,https://www.jepx.jp/_download.php?dir=spot_summary&file=spot_summary_2017.csv
2017-07-28,jepx-spread-top8-kyushu,kyushu,11.63375,https://www.jepx.jp/_download.php?dir=spot_summary&file=spot_summary_2017.csv
2017-07-29,jepx-spread-top8-kyushu,kyushu,7.1899999999999995,https://www.jepx.jp/_download.php?dir=spot_summary&file=spot_summary_2017.csv
2017-07-30,jepx-spread-top8-kyushu,kyushu,5.5275,https://www.jepx.jp/_download.php?dir=spot_summary&file=spot_summary_2017.csv
2017-07-31,jepx-spread-top8-kyushu,kyushu,17.07125,https://www.jepx.jp/_download.php?dir=spot_summary&file=spot_summary_2017.csv
2017-08-01,jepx-spread-top8-kyushu,kyushu,18.87,https://www.jepx.jp/_download.php?dir=spot_summary&file=spot_summary_2017.csv
2017-08-02,jepx-spread-top8-kyushu,kyushu,10.1225,https://www.jepx.jp/_download.php?dir=spot_summary&file=spot_summary_2017.csv
2017-08-03,jepx-spread-top8-kyushu,kyushu,10.617500000000001,https://www.jepx.jp/_download.php?dir=spot_summary&file=spot_summary_2017.csv
2017-08-04,jepx-spread-top8-kyushu,kyushu,13.36375,https://www.jepx.jp/_download.php?dir=spot_summary&file=spot_summary_2017.csv
2017-08-05,jepx-spread-top8-kyushu,kyushu,6.74375,https://www.jepx.jp/_download.php?dir=spot_summary&file=spot_summary_2017.csv
2017-08-06,jepx-spread-top8-kyushu,kyushu,5.108750000000001,https://www.jepx.jp/_download.php?dir=spot_summary&file=spot_summary_2017.csv
2017-08-07,jepx-spread-top8-kyushu,kyushu,16.2,https://www.jepx.jp/_download.php?dir=spot_summary&file=spot_summary_2017.csv
2017-08-08,jepx-spread-top8-kyushu,kyushu,14.90625,https://www.jepx.jp/_download.php?dir=spot_summary&file=spot_summary_2017.csv
2017-08-09,jepx-spread-top8-kyushu,kyushu,14.816249999999998,https://www.jepx.jp/_download.php?dir=spot_summary&file=spot_summary_2017.csv
2017-08-10,jepx-spread-top8-kyushu,kyushu,17.642500000000005,https://www.jepx.jp/_download.php?dir=spot_summary&file=spot_summary_2017.csv
2017-08-11,jepx-spread-top8-kyushu,kyushu,5.957499999999998,https://www.jepx.jp/_download.php?dir=spot_summary&file=spot_summary_2017.csv
2017-08-12,jepx-spread-top8-kyushu,kyushu,4.062499999999999,https://www.jepx.jp/_download.php?dir=spot_summary&file=spot_summary_2017.csv
2017-08-13,jepx-spread-top8-kyushu,kyushu,5.810000000000001,https://www.jepx.jp/_download.php?dir=spot_summary&file=spot_summary_2017.csv
2017-08-14,jepx-spread-top8-kyushu,kyushu,5.365,https://www.jepx.jp/_download.php?dir=spot_summary&file=spot_summary_2017.csv
2017-08-15,jepx-spread-top8-kyushu,kyushu,4.63625,https://www.jepx.jp/_download.php?dir=spot_summary&file=spot_summary_2017.csv
2017-08-16,jepx-spread-top8-kyushu,kyushu,5.675000000000001,https://www.jepx.jp/_download.php?dir=spot_summary&file=spot_summary_2017.csv
2017-08-17,jepx-spread-top8-kyushu,kyushu,7.615000000000001,https://www.jepx.jp/_download.php?dir=spot_summary&file=spot_summary_2017.csv
2017-08-18,jepx-spread-top8-kyushu,kyushu,7.383749999999999,https://www.jepx.jp/_download.php?dir=spot_summary&file=spot_summary_2017.csv
2017-08-19,jepx-spread-top8-kyushu,kyushu,4.16375,https://www.jepx.jp/_download.php?dir=spot_summary&file=spot_summary_2017.csv
2017-08-20,jepx-spread-top8-kyushu,kyushu,4.4662500000000005,https://www.jepx.jp/_download.php?dir=spot_summary&file=spot_summary_2017.csv
2017-08-21,jepx-spread-top8-kyushu,kyushu,7.758749999999999,https://www.jepx.jp/_download.php?dir=spot_summary&file=spot_summary_2017.csv
2017-08-22,jepx-spread-top8-kyushu,kyushu,12.546249999999999,https://www.jepx.jp/_download.php?dir=spot_summary&file=spot_summary_2017.csv
2017-08-23,jepx-spread-top8-kyushu,kyushu,12.55125,https://www.jepx.jp/_download.php?dir=spot_summary&file=spot_summary_2017.csv
2017-08-24,jepx-spread-top8-kyushu,kyushu,16.96125,https://www.jepx.jp/_download.php?dir=spot_summary&file=spot_summary_2017.csv
2017-08-25,jepx-spread-top8-kyushu,kyushu,16.62125,https://www.jepx.jp/_download.php?dir=spot_summary&file=spot_summary_2017.csv
2017-08-26,jepx-spread-top8-kyushu,kyushu,6.182499999999999,https://www.jepx.jp/_download.php?dir=spot_summary&file=spot_summary_2017.csv
2017-08-27,jepx-spread-top8-kyushu,kyushu,5.09875,https://www.jepx.jp/_download.php?dir=spot_summary&file=spot_summary_2017.csv
2017-08-28,jepx-spread-top8-kyushu,kyushu,11.4925,https://www.jepx.jp/_download.php?dir=spot_summary&file=spot_summary_2017.csv
2017-08-29,jepx-spread-top8-kyushu,kyushu,15.134999999999998,https://www.jepx.jp/_download.php?dir=spot_summary&file=spot_summary_2017.csv
2017-08-30,jepx-spread-top8-kyushu,kyushu,12.395,https://www.jepx.jp/_download.php?dir=spot_summary&file=spot_summary_2017.csv
2017-08-31,jepx-spread-top8-kyushu,kyushu,6.720000000000001,https://www.jepx.jp/_download.php?dir=spot_summary&file=spot_summary_2017.csv
2017-09-01,jepx-spread-top8-kyushu,kyushu,7.098750000000001,https://www.jepx.jp/_download.php?dir=spot_summary&file=spot_summary_2017.csv
2017-09-02,jepx-spread-top8-kyushu,kyushu,3.855000000000002,https://www.jepx.jp/_download.php?dir=spot_summary&file=spot_summary_2017.csv
2017-09-03,jepx-spread-top8-kyushu,kyushu,3.7262500000000003,https://www.jepx.jp/_download.php?dir=spot_summary&file=spot_summary_2017.csv
2017-09-04,jepx-spread-top8-kyushu,kyushu,7.826250000000001,https://www.jepx.jp/_download.php?dir=spot_summary&file=spot_summary_2017.csv
2017-09-05,jepx-spread-top8-kyushu,kyushu,7.55125,https://www.jepx.jp/_download.php?dir=spot_summary&file=spot_summary_2017.csv
2017-09-06,jepx-spread-top8-kyushu,kyushu,7.347499999999999,https://www.jepx.jp/_download.php?dir=spot_summary&file=spot_summary_2017.csv
2017-09-07,jepx-spread-top8-kyushu,kyushu,6.567500000000001,https://www.jepx.jp/_download.php?dir=spot_summary&file=spot_summary_2017.csv
2017-09-08,jepx-spread-top8-kyushu,kyushu,5.91,https://www.jepx.jp/_download.php?dir=spot_summary&file=spot_summary_2017.csv
2017-09-09,jepx-spread-top8-kyushu,kyushu,2.772500000000001,https://www.jepx.jp/_download.php?dir=spot_summary&file=spot_summary_2017.csv
2017-09-10,jepx-spread-top8-kyushu,kyushu,2.744999999999999,https://www.jepx.jp/_download.php?dir=spot_summary&file=spot_summary_2017.csv
2017-09-11,jepx-spread-top8-kyushu,kyushu,7.30125,https://www.jepx.jp/_download.php?dir=spot_summary&file=spot_summary_2017.csv
2017-09-12,jepx-spread-top8-kyushu,kyushu,10.059999999999999,https://www.jepx.jp/_download.php?dir=spot_summary&file=spot_summary_2017.csv
2017-09-13,jepx-spread-top8-kyushu,kyushu,8.432500000000001,https://www.jepx.jp/_download.php?dir=spot_summary&file=spot_summary_2017.csv
2017-09-14,jepx-spread-top8-kyushu,kyushu,6.5275,https://www.jepx.jp/_download.php?dir=spot_summary&file=spot_summary_2017.csv
2017-09-15,jepx-spread-top8-kyushu,kyushu,7.2425000000000015,https://www.jepx.jp/_download.php?dir=spot_summary&file=spot_summary_2017.csv
2017-09-16,jepx-spread-top8-kyushu,kyushu,2.62125,https://www.jepx.jp/_download.php?dir=spot_summary&file=spot_summary_2017.csv
2017-09-17,jepx-spread-top8-kyushu,kyushu,2.8100000000000005,https://www.jepx.jp/_download.php?dir=spot_summary&file=spot_summary_2017.csv
2017-09-18,jepx-spread-top8-kyushu,kyushu,4.946249999999999,https://www.jepx.jp/_download.php?dir=spot_summary&file=spot_summary_2017.csv
2017-09-19,jepx-spread-top8-kyushu,kyushu,7.818750000000001,https://www.jepx.jp/_download.php?dir=spot_summary&file=spot_summary_2017.csv
2017-09-20,jepx-spread-top8-kyushu,kyushu,7.7524999999999995,https://www.jepx.jp/_download.php?dir=spot_summary&file=spot_summary_2017.csv
2017-09-21,jepx-spread-top8-kyushu,kyushu,7.55,https://www.jepx.jp/_download.php?dir=spot_summary&file=spot_summary_2017.csv
2017-09-22,jepx-spread-top8-kyushu,kyushu,5.813749999999999,https://www.jepx.jp/_download.php?dir=spot_summary&file=spot_summary_2017.csv
2017-09-23,jepx-spread-top8-kyushu,kyushu,2.678749999999999,https://www.jepx.jp/_download.php?dir=spot_summary&file=spot_summary_2017.csv
2017-09-24,jepx-spread-top8-kyushu,kyushu,1.5987500000000008,https://www.jepx.jp/_download.php?dir=spot_summary&file=spot_summary_2017.csv
2017-09-25,jepx-spread-top8-kyushu,kyushu,7.3075,https://www.jepx.jp/_download.php?dir=spot_summary&file=spot_summary_2017.csv
2017-09-26,jepx-spread-top8-kyushu,kyushu,5.415000000000002,https://www.jepx.jp/_download.php?dir=spot_summary&file=spot_summary_2017.csv
2017-09-27,jepx-spread-top8-kyushu,kyushu,6.088749999999999,https://www.jepx.jp/_download.php?dir=spot_summary&file=spot_summary_2017.csv
2017-09-28,jepx-spread-top8-kyushu,kyushu,6.427499999999999,https://www.jepx.jp/_download.php?dir=spot_summary&file=spot_summary_2017.csv
2017-09-29,jepx-spread-top8-kyushu,kyushu,4.521249999999998,https://www.jepx.jp/_download.php?dir=spot_summary&file=spot_summary_2017.csv
2017-09-30,jepx-spread-top8-kyushu,kyushu,3.6537499999999987,https://www.jepx.jp/_download.php?dir=spot_summary&file=spot_summary_2017.csv
2017-10-01,jepx-spread-top8-kyushu,kyushu,3.2625,https://www.jepx.jp/_download.php?dir=spot_summary&file=spot_summary_2017.csv
2017-10-02,jepx-spread-top8-kyushu,kyushu,10.49,https://www.jepx.jp/_download.php?dir=spot_summary&file=spot_summary_2017.csv
2017-10-03,jepx-spread-top8-kyushu,kyushu,10.018750000000002,https://www.jepx.jp/_download.php?dir=spot_summary&file=spot_summary_2017.csv
2017-10-04,jepx-spread-top8-kyushu,kyushu,5.85375,https://www.jepx.jp/_download.php?dir=spot_summary&file=spot_summary_2017.csv
2017-10-05,jepx-spread-top8-kyushu,kyushu,8.085,https://www.jepx.jp/_download.php?dir=spot_summary&file=spot_summary_2017.csv
2017-10-06,jepx-spread-top8-kyushu,kyushu,7.9175,https://www.jepx.jp/_download.php?dir=spot_summary&file=spot_summary_2017.csv
2017-10-07,jepx-spread-top8-kyushu,kyushu,4.066249999999998,https://www.jepx.jp/_download.php?dir=spot_summary&file=spot_summary_2017.csv
2017-10-08,jepx-spread-top8-kyushu,kyushu,3.342500000000001,https://www.jepx.jp/_download.php?dir=spot_summary&file=spot_summary_2017.csv
2017-10-09,jepx-spread-top8-kyushu,kyushu,5.095000000000001,https://www.jepx.jp/_download.php?dir=spot_summary&file=spot_summary_2017.csv
2017-10-10,jepx-spread-top8-kyushu,kyushu,8.775,https://www.jepx.jp/_download.php?dir=spot_summary&file=spot_summary_2017.csv
2017-10-11,jepx-spread-top8-kyushu,kyushu,9.721249999999998,https://www.jepx.jp/_download.php?dir=spot_summary&file=spot_summary_2017.csv
2017-10-12,jepx-spread-top8-kyushu,kyushu,8.084999999999999,https://www.jepx.jp/_download.php?dir=spot_summary&file=spot_summary_2017.csv
2017-10-13,jepx-spread-top8-kyushu,kyushu,7.8675000000000015,https://www.jepx.jp/_download.php?dir=spot_summary&file=spot_summary_2017.csv
2017-10-14,jepx-spread-top8-kyushu,kyushu,4.545,https://www.jepx.jp/_download.php?dir=spot_summary&file=spot_summary_2017.csv
2017-10-15,jepx-spread-top8-kyushu,kyushu,3.1525,https://www.jepx.jp/_download.php?dir=spot_summary&file=spot_summary_2017.csv
2017-10-16,jepx-spread-top8-kyushu,kyushu,9.42,https://www.jepx.jp/_download.php?dir=spot_summary&file=spot_summary_2017.csv
2017-10-17,jepx-spread-top8-kyushu,kyushu,8.26625,https://www.jepx.jp/_download.php?dir=spot_summary&file=spot_summary_2017.csv
2017-10-18,jepx-spread-top8-kyushu,kyushu,7.385000000000001,https://www.jepx.jp/_download.php?dir=spot_summary&file=spot_summary_2017.csv
2017-10-19,jepx-spread-top8-kyushu,kyushu,7.313749999999999,https://www.jepx.jp/_download.php?dir=spot_summary&file=spot_summary_2017.csv
2017-10-20,jepx-spread-top8-kyushu,kyushu,7.461250000000001,https://www.jepx.jp/_download.php?dir=spot_summary&file=spot_summary_2017.csv
2017-10-21,jepx-spread-top8-kyushu,kyushu,3.5425000000000004,https://www.jepx.jp/_download.php?dir=spot_summary&file=spot_summary_2017.csv
2017-10-22,jepx-spread-top8-kyushu,kyushu,2.91625,https://www.jepx.jp/_download.php?dir=spot_summary&file=spot_summary_2017.csv
2017-10-23,jepx-spread-top8-kyushu,kyushu,5.983750000000001,https://www.jepx.jp/_download.php?dir=spot_summary&file=spot_summary_2017.csv
2017-10-24,jepx-spread-top8-kyushu,kyushu,6.19375,https://www.jepx.jp/_download.php?dir=spot_summary&file=spot_summary_2017.csv
2017-10-25,jepx-spread-top8-kyushu,kyushu,5.393749999999998,https://www.jepx.jp/_download.php?dir=spot_summary&file=spot_summary_2017.csv
2017-10-26,jepx-spread-top8-kyushu,kyushu,3.7475000000000005,https://www.jepx.jp/_download.php?dir=spot_summary&file=spot_summary_2017.csv
2017-10-27,jepx-spread-top8-kyushu,kyushu,3.838749999999999,https://www.jepx.jp/_download.php?dir=spot_summary&file=spot_summary_2017.csv
2017-10-28,jepx-spread-top8-kyushu,kyushu,4.022499999999999,https://www.jepx.jp/_download.php?dir=spot_summary&file=spot_summary_2017.csv
2017-10-29,jepx-spread-top8-kyushu,kyushu,2.3237499999999995,https://www.jepx.jp/_download.php?dir=spot_summary&file=spot_summary_2017.csv
2017-10-30,jepx-spread-top8-kyushu,kyushu,5.298749999999999,https://www.jepx.jp/_download.php?dir=spot_summary&file=spot_summary_2017.csv
2017-10-31,jepx-spread-top8-kyushu,kyushu,4.425000000000001,https://www.jepx.jp/_download.php?dir=spot_summary&file=spot_summary_2017.csv
2017-11-01,jepx-spread-top8-kyushu,kyushu,4.625,https://www.jepx.jp/_download.php?dir=spot_summary&file=spot_summary_2017.csv
2017-11-02,jepx-spread-top8-kyushu,kyushu,5.806250000000001,https://www.jepx.jp/_download.php?dir=spot_summary&file=spot_summary_2017.csv
2017-11-03,jepx-spread-top8-kyushu,kyushu,3.608749999999999,https://www.jepx.jp/_download.php?dir=spot_summary&file=spot_summary_2017.csv
2017-11-04,jepx-spread-top8-kyushu,kyushu,2.5687500000000005,https://www.jepx.jp/_download.php?dir=spot_summary&file=spot_summary_2017.csv
2017-11-05,jepx-spread-top8-kyushu,kyushu,3.41625,https://www.jepx.jp/_download.php?dir=spot_summary&file=spot_summary_2017.csv
2017-11-06,jepx-spread-top8-kyushu,kyushu,6.387499999999999,https://www.jepx.jp/_download.php?dir=spot_summary&file=spot_summary_2017.csv
2017-11-07,jepx-spread-top8-kyushu,kyushu,6.580000000000001,https://www.jepx.jp/_download.php?dir=spot_summary&file=spot_summary_2017.csv
2017-11-08,jepx-spread-top8-kyushu,kyushu,6.525,https://www.jepx.jp/_download.php?dir=spot_summary&file=spot_summary_2017.csv
2017-11-09,jepx-spread-top8-kyushu,kyushu,5.683749999999998,https://www.jepx.jp/_download.php?dir=spot_summary&file=spot_summary_2017.csv
2017-11-10,jepx-spread-top8-kyushu,kyushu,4.0687500000000005,https://www.jepx.jp/_download.php?dir=spot_summary&file=spot_summary_2017.csv
2017-11-11,jepx-spread-top8-kyushu,kyushu,3.5824999999999996,https://www.jepx.jp/_download.php?dir=spot_summary&file=spot_summary_2017.csv
2017-11-12,jepx-spread-top8-kyushu,kyushu,3.601250000000001,https://www.jepx.jp/_download.php?dir=spot_summary&file=spot_summary_2017.csv
2017-11-13,jepx-spread-top8-kyushu,kyushu,8.598749999999999,https://www.jepx.jp/_download.php?dir=spot_summary&file=spot_summary_2017.csv
2017-11-14,jepx-spread-top8-kyushu,kyushu,7.816249999999999,https://www.jepx.jp/_download.php?dir=spot_summary&file=spot_summary_2017.csv
2017-11-15,jepx-spread-top8-kyushu,kyushu,5.575000000000001,https://www.jepx.jp/_download.php?dir=spot_summary&file=spot_summary_2017.csv
2017-11-16,jepx-spread-top8-kyushu,kyushu,12.2075,https://www.jepx.jp/_download.php?dir=spot_summary&file=spot_summary_2017.csv
2017-11-17,jepx-spread-top8-kyushu,kyushu,8.927500000000002,https://www.jepx.jp/_download.php?dir=spot_summary&file=spot_summary_2017.csv
2017-11-18,jepx-spread-top8-kyushu,kyushu,4.01125,https://www.jepx.jp/_download.php?dir=spot_summary&file=spot_summary_2017.csv
2017-11-19,jepx-spread-top8-kyushu,kyushu,3.6137499999999987,https://www.jepx.jp/_download.php?dir=spot_summary&file=spot_summary_2017.csv
2017-11-20,jepx-spread-top8-kyushu,kyushu,11.421249999999999,https://www.jepx.jp/_download.php?dir=spot_summary&file=spot_summary_2017.csv
2017-11-21,jepx-spread-top8-kyushu,kyushu,8.6725,https://www.jepx.jp/_download.php?dir=spot_summary&file=spot_summary_2017.csv
2017-11-22,jepx-spread-top8-kyushu,kyushu,12.501249999999999,https://www.jepx.jp/_download.php?dir=spot_summary&file=spot_summary_2017.csv
2017-11-23,jepx-spread-top8-kyushu,kyushu,6.234999999999999,https://www.jepx.jp/_download.php?dir=spot_summary&file=spot_summary_2017.csv
2017-11-24,jepx-spread-top8-kyushu,kyushu,13.9725,https://www.jepx.jp/_download.php?dir=spot_summary&file=spot_summary_2017.csv
2017-11-25,jepx-spread-top8-kyushu,kyushu,5.892499999999998,https://www.jepx.jp/_download.php?dir=spot_summary&file=spot_summary_2017.csv
2017-11-26,jepx-spread-top8-kyushu,kyushu,3.285,https://www.jepx.jp/_download.php?dir=spot_summary&file=spot_summary_2017.csv
2017-11-27,jepx-spread-top8-kyushu,kyushu,7.858750000000001,https://www.jepx.jp/_download.php?dir=spot_summary&file=spot_summary_2017.csv
2017-11-28,jepx-spread-top8-kyushu,kyushu,7.4725,https://www.jepx.jp/_download.php?dir=spot_summary&file=spot_summary_2017.csv
2017-11-29,jepx-spread-top8-kyushu,kyushu,6.840000000000002,https://www.jepx.jp/_download.php?dir=spot_summary&file=spot_summary_2017.csv
2017-11-30,jepx-spread-top8-kyushu,kyushu,12.708749999999998,https://www.jepx.jp/_download.php?dir=spot_summary&file=spot_summary_2017.csv
2017-12-01,jepx-spread-top8-kyushu,kyushu,7.7974999999999985,https://www.jepx.jp/_download.php?dir=spot_summary&file=spot_summary_2017.csv
2017-12-02,jepx-spread-top8-kyushu,kyushu,5.63125,https://www.jepx.jp/_download.php?dir=spot_summary&file=spot_summary_2017.csv
2017-12-03,jepx-spread-top8-kyushu,kyushu,6.3412500000000005,https://www.jepx.jp/_download.php?dir=spot_summary&file=spot_summary_2017.csv
2017-12-04,jepx-spread-top8-kyushu,kyushu,11.618750000000002,https://www.jepx.jp/_download.php?dir=spot_summary&file=spot_summary_2017.csv
2017-12-05,jepx-spread-top8-kyushu,kyushu,10.82375,https://www.jepx.jp/_download.php?dir=spot_summary&file=spot_summary_2017.csv
2017-12-06,jepx-spread-top8-kyushu,kyushu,11.544999999999998,https://www.jepx.jp/_download.php?dir=spot_summary&file=spot_summary_2017.csv
2017-12-07,jepx-spread-top8-kyushu,kyushu,9.51125,https://www.jepx.jp/_download.php?dir=spot_summary&file=spot_summary_2017.csv
2017-12-08,jepx-spread-top8-kyushu,kyushu,16.584999999999997,https://www.jepx.jp/_download.php?dir=spot_summary&file=spot_summary_2017.csv
2017-12-09,jepx-spread-top8-kyushu,kyushu,7.4087499999999995,https://www.jepx.jp/_download.php?dir=spot_summary&file=spot_summary_2017.csv
2017-12-10,jepx-spread-top8-kyushu,kyushu,5.146249999999998,https://www.jepx.jp/_download.php?dir=spot_summary&file=spot_summary_2017.csv
2017-12-11,jepx-spread-top8-kyushu,kyushu,17.22625,https://www.jepx.jp/_download.php?dir=spot_summary&file=spot_summary_2017.csv
2017-12-12,jepx-spread-top8-kyushu,kyushu,20.107499999999998,https://www.jepx.jp/_download.php?dir=spot_summary&file=spot_summary_2017.csv
2017-12-13,jepx-spread-top8-kyushu,kyushu,18.62875,https://www.jepx.jp/_download.php?dir=spot_summary&file=spot_summary_2017.csv
2017-12-14,jepx-spread-top8-kyushu,kyushu,18.135000000000005,https://www.jepx.jp/_download.php?dir=spot_summary&file=spot_summary_2017.csv
2017-12-15,jepx-spread-top8-kyushu,kyushu,17.646250000000002,https://www.jepx.jp/_download.php?dir=spot_summary&file=spot_summary_2017.csv
2017-12-16,jepx-spread-top8-kyushu,kyushu,9.048750000000002,https://www.jepx.jp/_download.php?dir=spot_summary&file=spot_summary_2017.csv
2017-12-17,jepx-spread-top8-kyushu,kyushu,5.9925,https://www.jepx.jp/_download.php?dir=spot_summary&file=spot_summary_2017.csv
2017-12-18,jepx-spread-top8-kyushu,kyushu,15.436250000000001,https://www.jepx.jp/_download.php?dir=spot_summary&file=spot_summary_2017.csv
2017-12-19,jepx-spread-top8-kyushu,kyushu,14.635000000000002,https://www.jepx.jp/_download.php?dir=spot_summary&file=spot_summary_2017.csv
2017-12-20,jepx-spread-top8-kyushu,kyushu,17.552500000000002,https://www.jepx.jp/_download.php?dir=spot_summary&file=spot_summary_2017.csv
2017-12-21,jepx-spread-top8-kyushu,kyushu,17.42125,https://www.jepx.jp/_download.php?dir=spot_summary&file=spot_summary_2017.csv
2017-12-22,jepx-spread-top8-kyushu,kyushu,16.2375,https://www.jepx.jp/_download.php?dir=spot_summary&file=spot_summary_2017.csv
2017-12-23,jepx-spread-top8-kyushu,kyushu,7.356249999999999,https://www.jepx.jp/_download.php?dir=spot_summary&file=spot_summary_2017.csv
2017-12-24,jepx-spread-top8-kyushu,kyushu,5.681250000000001,https://www.jepx.jp/_download.php?dir=spot_summary&file=spot_summary_2017.csv
2017-12-25,jepx-spread-top8-kyushu,kyushu,16.69125,https://www.jepx.jp/_download.php?dir=spot_summary&file=spot_summary_2017.csv
2017-12-26,jepx-spread-top8-kyushu,kyushu,15.070000000000002,https://www.jepx.jp/_download.php?dir=spot_summary&file=spot_summary_2017.csv
2017-12-27,jepx-spread-top8-kyushu,kyushu,14.96125,https://www.jepx.jp/_download.php?dir=spot_summary&file=spot_summary_2017.csv
2017-12-28,jepx-spread-top8-kyushu,kyushu,12.46875,https://www.jepx.jp/_download.php?dir=spot_summary&file=spot_summary_2017.csv
2017-12-29,jepx-spread-top8-kyushu,kyushu,7.69625,https://www.jepx.jp/_download.php?dir=spot_summary&file=spot_summary_2017.csv
2017-12-30,jepx-spread-top8-kyushu,kyushu,9.34125,https://www.jepx.jp/_download.php?dir=spot_summary&file=spot_summary_2017.csv
2017-12-31,jepx-spread-top8-kyushu,kyushu,5.5375,https://www.jepx.jp/_download.php?dir=spot_summary&file=spot_summary_2017.csv
2018-01-01,jepx-spread-top8-kyushu,kyushu,4.919999999999999,https://www.jepx.jp/_download.php?dir=spot_summary&file=spot_summary_2017.csv
2018-01-02,jepx-spread-top8-kyushu,kyushu,7.62375,https://www.jepx.jp/_download.php?dir=spot_summary&file=spot_summary_2017.csv
2018-01-03,jepx-spread-top8-kyushu,kyushu,6.8025,https://www.jepx.jp/_download.php?dir=spot_summary&file=spot_summary_2017.csv
2018-01-04,jepx-spread-top8-kyushu,kyushu,4.95625,https://www.jepx.jp/_download.php?dir=spot_summary&file=spot_summary_2017.csv
2018-01-05,jepx-spread-top8-kyushu,kyushu,16.32375,https://www.jepx.jp/_download.php?dir=spot_summary&file=spot_summary_2017.csv
2018-01-06,jepx-spread-top8-kyushu,kyushu,10.7725,https://www.jepx.jp/_download.php?dir=spot_summary&file=spot_summary_2017.csv
2018-01-07,jepx-spread-top8-kyushu,kyushu,4.746249999999998,https://www.jepx.jp/_download.php?dir=spot_summary&file=spot_summary_2017.csv
2018-01-08,jepx-spread-top8-kyushu,kyushu,5.878749999999998,https://www.jepx.jp/_download.php?dir=spot_summary&file=spot_summary_2017.csv
2018-01-09,jepx-spread-top8-kyushu,kyushu,15.9,https://www.jepx.jp/_download.php?dir=spot_summary&file=spot_summary_2017.csv
2018-01-10,jepx-spread-top8-kyushu,kyushu,15.600000000000001,https://www.jepx.jp/_download.php?dir=spot_summary&file=spot_summary_2017.csv
2018-01-11,jepx-spread-top8-kyushu,kyushu,14.17625,https://www.jepx.jp/_download.php?dir=spot_summary&file=spot_summary_2017.csv
2018-01-12,jepx-spread-top8-kyushu,kyushu,19.555,https://www.jepx.jp/_download.php?dir=spot_summary&file=spot_summary_2017.csv
2018-01-13,jepx-spread-top8-kyushu,kyushu,8.516249999999998,https://www.jepx.jp/_download.php?dir=spot_summary&file=spot_summary_2017.csv
2018-01-14,jepx-spread-top8-kyushu,kyushu,6.9875,https://www.jepx.jp/_download.php?dir=spot_summary&file=spot_summary_2017.csv
2018-01-15,jepx-spread-top8-kyushu,kyushu,12.367500000000001,https://www.jepx.jp/_download.php?dir=spot_summary&file=spot_summary_2017.csv
2018-01-16,jepx-spread-top8-kyushu,kyushu,10.67125,https://www.jepx.jp/_download.php?dir=spot_summary&file=spot_summary_2017.csv
2018-01-17,jepx-spread-top8-kyushu,kyushu,9.862499999999999,https://www.jepx.jp/_download.php?dir=spot_summary&file=spot_summary_2017.csv
2018-01-18,jepx-spread-top8-kyushu,kyushu,7.266249999999999,https://www.jepx.jp/_download.php?dir=spot_summary&file=spot_summary_2017.csv
2018-01-19,jepx-spread-top8-kyushu,kyushu,7.90625,https://www.jepx.jp/_download.php?dir=spot_summary&file=spot_summary_2017.csv
2018-01-20,jepx-spread-top8-kyushu,kyushu,4.737500000000001,https://www.jepx.jp/_download.php?dir=spot_summary&file=spot_summary_2017.csv
2018-01-21,jepx-spread-top8-kyushu,kyushu,3.6675000000000004,https://www.jepx.jp/_download.php?dir=spot_summary&file=spot_summary_2017.csv
2018-01-22,jepx-spread-top8-kyushu,kyushu,17.70625,https://www.jepx.jp/_download.php?dir=spot_summary&file=spot_summary_2017.csv
2018-01-23,jepx-spread-top8-kyushu,kyushu,13.656249999999998,https://www.jepx.jp/_download.php?dir=spot_summary&file=spot_summary_2017.csv
2018-01-24,jepx-spread-top8-kyushu,kyushu,18.619999999999997,https://www.jepx.jp/_download.php?dir=spot_summary&file=spot_summary_2017.csv
2018-01-25,jepx-spread-top8-kyushu,kyushu,18.917500000000004,https://www.jepx.jp/_download.php?dir=spot_summary&file=spot_summary_2017.csv
2018-01-26,jepx-spread-top8-kyushu,kyushu,18.7575,https://www.jepx.jp/_download.php?dir=spot_summary&file=spot_summary_2017.csv
2018-01-27,jepx-spread-top8-kyushu,kyushu,8.995000000000001,https://www.jepx.jp/_download.php?dir=spot_summary&file=spot_summary_2017.csv
2018-01-28,jepx-spread-top8-kyushu,kyushu,2.751249999999999,https://www.jepx.jp/_download.php?dir=spot_summary&file=spot_summary_2017.csv
2018-01-29,jepx-spread-top8-kyushu,kyushu,10.14875,https://www.jepx.jp/_download.php?dir=spot_summary&file=spot_summary_2017.csv
2018-01-30,jepx-spread-top8-kyushu,kyushu,12.770000000000001,https://www.jepx.jp/_download.php?dir=spot_summary&file=spot_summary_2017.csv
2018-01-31,jepx-spread-top8-kyushu,kyushu,15.583750000000002,https://www.jepx.jp/_download.php?dir=spot_summary&file=spot_summary_2017.csv
2018-02-01,jepx-spread-top8-kyushu,kyushu,13.8025,https://www.jepx.jp/_download.php?dir=spot_summary&file=spot_summary_2017.csv
2018-02-02,jepx-spread-top8-kyushu,kyushu,14.442499999999999,https://www.jepx.jp/_download.php?dir=spot_summary&file=spot_summary_2017.csv
2018-02-03,jepx-spread-top8-kyushu,kyushu,5.93,https://www.jepx.jp/_download.php?dir=spot_summary&file=spot_summary_2017.csv
2018-02-04,jepx-spread-top8-kyushu,kyushu,6.3125,https://www.jepx.jp/_download.php?dir=spot_summary&file=spot_summary_2017.csv
2018-02-05,jepx-spread-top8-kyushu,kyushu,26.468749999999993,https://www.jepx.jp/_download.php?dir=spot_summary&file=spot_summary_2017.csv
2018-02-06,jepx-spread-top8-kyushu,kyushu,24.82125,https://www.jepx.jp/_download.php?dir=spot_summary&file=spot_summary_2017.csv
2018-02-07,jepx-spread-top8-kyushu,kyushu,27.112500000000004,https://www.jepx.jp/_download.php?dir=spot_summary&file=spot_summary_2017.csv
2018-02-08,jepx-spread-top8-kyushu,kyushu,19.875,https://www.jepx.jp/_download.php?dir=spot_summary&file=spot_summary_2017.csv
2018-02-09,jepx-spread-top8-kyushu,kyushu,10.21875,https://www.jepx.jp/_download.php?dir=spot_summary&file=spot_summary_2017.csv
2018-02-10,jepx-spread-top8-kyushu,kyushu,6.30625,https://www.jepx.jp/_download.php?dir=spot_summary&file=spot_summary_2017.csv
2018-02-11,jepx-spread-top8-kyushu,kyushu,7.578749999999999,https://www.jepx.jp/_download.php?dir=spot_summary&file=spot_summary_2017.csv
2018-02-12,jepx-spread-top8-kyushu,kyushu,7.8825,https://www.jepx.jp/_download.php?dir=spot_summary&file=spot_summary_2017.csv
2018-02-13,jepx-spread-top8-kyushu,kyushu,12.2375,https://www.jepx.jp/_download.php?dir=spot_summary&file=spot_summary_2017.csv
2018-02-14,jepx-spread-top8-kyushu,kyushu,11.508749999999997,https://www.jepx.jp/_download.php?dir=spot_summary&file=spot_summary_2017.csv
2018-02-15,jepx-spread-top8-kyushu,kyushu,11.12,https://www.jepx.jp/_download.php?dir=spot_summary&file=spot_summary_2017.csv
2018-02-16,jepx-spread-top8-kyushu,kyushu,8.9525,https://www.jepx.jp/_download.php?dir=spot_summary&file=spot_summary_2017.csv
2018-02-17,jepx-spread-top8-kyushu,kyushu,6.046249999999999,https://www.jepx.jp/_download.php?dir=spot_summary&file=spot_summary_2017.csv
2018-02-18,jepx-spread-top8-kyushu,kyushu,9.245000000000001,https://www.jepx.jp/_download.php?dir=spot_summary&file=spot_summary_2017.csv
2018-02-19,jepx-spread-top8-kyushu,kyushu,12.42625,https://www.jepx.jp/_download.php?dir=spot_summary&file=spot_summary_2017.csv
2018-02-20,jepx-spread-top8-kyushu,kyushu,7.860000000000003,https://www.jepx.jp/_download.php?dir=spot_summary&file=spot_summary_2017.csv
2018-02-21,jepx-spread-top8-kyushu,kyushu,8.943750000000001,https://www.jepx.jp/_download.php?dir=spot_summary&file=spot_summary_2017.csv
2018-02-22,jepx-spread-top8-kyushu,kyushu,8.556250000000002,https://www.jepx.jp/_download.php?dir=spot_summary&file=spot_summary_2017.csv
2018-02-23,jepx-spread-top8-kyushu,kyushu,9.475000000000001,https://www.jepx.jp/_download.php?dir=spot_summary&file=spot_summary_2017.csv
2018-02-24,jepx-spread-top8-kyushu,kyushu,3.8949999999999996,https://www.jepx.jp/_download.php?dir=spot_summary&file=spot_summary_2017.csv
2018-02-25,jepx-spread-top8-kyushu,kyushu,4.537499999999998,https://www.jepx.jp/_download.php?dir=spot_summary&file=spot_summary_2017.csv
2018-02-26,jepx-spread-top8-kyushu,kyushu,10.655000000000001,https://www.jepx.jp/_download.php?dir=spot_summary&file=spot_summary_2017.csv
2018-02-27,jepx-spread-top8-kyushu,kyushu,7.877500000000001,https://www.jepx.jp/_download.php?dir=spot_summary&file=spot_summary_2017.csv
2018-02-28,jepx-spread-top8-kyushu,kyushu,6.531249999999998,https://www.jepx.jp/_download.php?dir=spot_summary&file=spot_summary_2017.csv
2018-03-01,jepx-spread-top8-kyushu,kyushu,4.1899999999999995,https://www.jepx.jp/_download.php?dir=spot_summary&file=spot_summary_2017.csv
2018-03-02,jepx-spread-top8-kyushu,kyushu,4.787500000000001,https://www.jepx.jp/_download.php?dir=spot_summary&file=spot_summary_2017.csv
2018-03-03,jepx-spread-top8-kyushu,kyushu,3.6012500000000003,https://www.jepx.jp/_download.php?dir=spot_summary&file=spot_summary_2017.csv
2018-03-04,jepx-spread-top8-kyushu,kyushu,3.727500000000001,https://www.jepx.jp/_download.php?dir=spot_summary&file=spot_summary_2017.csv
2018-03-05,jepx-spread-top8-kyushu,kyushu,6.98625,https://www.jepx.jp/_download.php?dir=spot_summary&file=spot_summary_2017.csv
2018-03-06,jepx-spread-top8-kyushu,kyushu,5.3762500000000015,https://www.jepx.jp/_download.php?dir=spot_summary&file=spot_summary_2017.csv
2018-03-07,jepx-spread-top8-kyushu,kyushu,7.135000000000001,https://www.jepx.jp/_download.php?dir=spot_summary&file=spot_summary_2017.csv
2018-03-08,jepx-spread-top8-kyushu,kyushu,8.33375,https://www.jepx.jp/_download.php?dir=spot_summary&file=spot_summary_2017.csv
2018-03-09,jepx-spread-top8-kyushu,kyushu,6.951249999999998,https://www.jepx.jp/_download.php?dir=spot_summary&file=spot_summary_2017.csv
2018-03-10,jepx-spread-top8-kyushu,kyushu,4.16,https://www.jepx.jp/_download.php?dir=spot_summary&file=spot_summary_2017.csv
2018-03-11,jepx-spread-top8-kyushu,kyushu,5.821249999999999,https://www.jepx.jp/_download.php?dir=spot_summary&file=spot_summary_2017.csv
2018-03-12,jepx-spread-top8-kyushu,kyushu,6.988750000000001,https://www.jepx.jp/_download.php?dir=spot_summary&file=spot_summary_2017.csv
2018-03-13,jepx-spread-top8-kyushu,kyushu,5.34375,https://www.jepx.jp/_download.php?dir=spot_summary&file=spot_summary_2017.csv
2018-03-14,jepx-spread-top8-kyushu,kyushu,4.50375,https://www.jepx.jp/_download.php?dir=spot_summary&file=spot_summary_2017.csv
2018-03-15,jepx-spread-top8-kyushu,kyushu,3.4262500000000014,https://www.jepx.jp/_download.php?dir=spot_summary&file=spot_summary_2017.csv
2018-03-16,jepx-spread-top8-kyushu,kyushu,5.07375,https://www.jepx.jp/_download.php?dir=spot_summary&file=spot_summary_2017.csv
2018-03-17,jepx-spread-top8-kyushu,kyushu,5.590000000000002,https://www.jepx.jp/_download.php?dir=spot_summary&file=spot_summary_2017.csv
2018-03-18,jepx-spread-top8-kyushu,kyushu,5.17625,https://www.jepx.jp/_download.php?dir=spot_summary&file=spot_summary_2017.csv
2018-03-19,jepx-spread-top8-kyushu,kyushu,4.53625,https://www.jepx.jp/_download.php?dir=spot_summary&file=spot_summary_2017.csv
2018-03-20,jepx-spread-top8-kyushu,kyushu,7.705,https://www.jepx.jp/_download.php?dir=spot_summary&file=spot_summary_2017.csv
2018-03-21,jepx-spread-top8-kyushu,kyushu,6.503750000000001,https://www.jepx.jp/_download.php?dir=spot_summary&file=spot_summary_2017.csv
2018-03-22,jepx-spread-top8-kyushu,kyushu,7.853750000000001,https://www.jepx.jp/_download.php?dir=spot_summary&file=spot_summary_2017.csv
2018-03-23,jepx-spread-top8-kyushu,kyushu,5.965,https://www.jepx.jp/_download.php?dir=spot_summary&file=spot_summary_2017.csv
2018-03-24,jepx-spread-top8-kyushu,kyushu,4.237499999999998,https://www.jepx.jp/_download.php?dir=spot_summary&file=spot_summary_2017.csv
2018-03-25,jepx-spread-top8-kyushu,kyushu,7.4712499999999995,https://www.jepx.jp/_download.php?dir=spot_summary&file=spot_summary_2017.csv
2018-03-26,jepx-spread-top8-kyushu,kyushu,3.8275000000000006,https://www.jepx.jp/_download.php?dir=spot_summary&file=spot_summary_2017.csv
2018-03-27,jepx-spread-top8-kyushu,kyushu,3.660000000000001,https://www.jepx.jp/_download.php?dir=spot_summary&file=spot_summary_2017.csv
2018-03-28,jepx-spread-top8-kyushu,kyushu,3.6500000000000004,https://www.jepx.jp/_download.php?dir=spot_summary&file=spot_summary_2017.csv
2018-03-29,jepx-spread-top8-kyushu,kyushu,3.6137499999999996,https://www.jepx.jp/_download.php?dir=spot_summary&file=spot_summary_2017.csv
2018-03-30,jepx-spread-top8-kyushu,kyushu,4.438750000000001,https://www.jepx.jp/_download.php?dir=spot_summary&file=spot_summary_2017.csv
2018-03-31,jepx-spread-top8-kyushu,kyushu,3.883750000000001,https://www.jepx.jp/_download.php?dir=spot_summary&file=spot_summary_2017.csv
2018-04-01,jepx-spread-top8-kyushu,kyushu,4.90125,https://www.jepx.jp/_download.php?dir=spot_summary&file=spot_summary_2018.csv
2018-04-02,jepx-spread-top8-kyushu,kyushu,3.1687499999999993,https://www.jepx.jp/_download.php?dir=spot_summary&file=spot_summary_2018.csv
2018-04-03,jepx-spread-top8-kyushu,kyushu,4.1175,https://www.jepx.jp/_download.php?dir=spot_summary&file=spot_summary_2018.csv
2018-04-04,jepx-spread-top8-kyushu,kyushu,3.6262499999999998,https://www.jepx.jp/_download.php?dir=spot_summary&file=spot_summary_2018.csv
2018-04-05,jepx-spread-top8-kyushu,kyushu,2.8987500000000015,https://www.jepx.jp/_download.php?dir=spot_summary&file=spot_summary_2018.csv
2018-04-06,jepx-spread-top8-kyushu,kyushu,6.527499999999999,https://www.jepx.jp/_download.php?dir=spot_summary&file=spot_summary_2018.csv
2018-04-07,jepx-spread-top8-kyushu,kyushu,4.0024999999999995,https://www.jepx.jp/_download.php?dir=spot_summary&file=spot_summary_2018.csv
2018-04-08,jepx-spread-top8-kyushu,kyushu,5.418750000000001,https://www.jepx.jp/_download.php?dir=spot_summary&file=spot_summary_2018.csv
2018-04-09,jepx-spread-top8-kyushu,kyushu,6.8475,https://www.jepx.jp/_download.php?dir=spot_summary&file=spot_summary_2018.csv
2018-04-10,jepx-spread-top8-kyushu,kyushu,5.282500000000001,https://www.jepx.jp/_download.php?dir=spot_summary&file=spot_summary_2018.csv
2018-04-11,jepx-spread-top8-kyushu,kyushu,5.383750000000001,https://www.jepx.jp/_download.php?dir=spot_summary&file=spot_summary_2018.csv
2018-04-12,jepx-spread-top8-kyushu,kyushu,3.5487499999999983,https://www.jepx.jp/_download.php?dir=spot_summary&file=spot_summary_2018.csv
2018-04-13,jepx-spread-top8-kyushu,kyushu,3.545000000000001,https://www.jepx.jp/_download.php?dir=spot_summary&file=spot_summary_2018.csv
2018-04-14,jepx-spread-top8-kyushu,kyushu,4.088749999999999,https://www.jepx.jp/_download.php?dir=spot_summary&file=spot_summary_2018.csv
2018-04-15,jepx-spread-top8-kyushu,kyushu,3.0549999999999997,https://www.jepx.jp/_download.php?dir=spot_summary&file=spot_summary_2018.csv
2018-04-16,jepx-spread-top8-kyushu,kyushu,4.188749999999999,https://www.jepx.jp/_download.php?dir=spot_summary&file=spot_summary_2018.csv
2018-04-17,jepx-spread-top8-kyushu,kyushu,5.75375,https://www.jepx.jp/_download.php?dir=spot_summary&file=spot_summary_2018.csv
2018-04-18,jepx-spread-top8-kyushu,kyushu,3.3225000000000016,https://www.jepx.jp/_download.php?dir=spot_summary&file=spot_summary_2018.csv
2018-04-19,jepx-spread-top8-kyushu,kyushu,3.861249999999999,https://www.jepx.jp/_download.php?dir=spot_summary&file=spot_summary_2018.csv
2018-04-20,jepx-spread-top8-kyushu,kyushu,3.7825000000000006,https://www.jepx.jp/_download.php?dir=spot_summary&file=spot_summary_2018.csv
2018-04-21,jepx-spread-top8-kyushu,kyushu,3.76,https://www.jepx.jp/_download.php?dir=spot_summary&file=spot_summary_2018.csv
2018-04-22,jepx-spread-top8-kyushu,kyushu,5.1,https://www.jepx.jp/_download.php?dir=spot_summary&file=spot_summary_2018.csv
2018-04-23,jepx-spread-top8-kyushu,kyushu,3.788750000000002,https://www.jepx.jp/_download.php?dir=spot_summary&file=spot_summary_2018.csv
2018-04-24,jepx-spread-top8-kyushu,kyushu,6.229999999999999,https://www.jepx.jp/_download.php?dir=spot_summary&file=spot_summary_2018.csv
2018-04-25,jepx-spread-top8-kyushu,kyushu,3.264999999999999,https://www.jepx.jp/_download.php?dir=spot_summary&file=spot_summary_2018.csv
2018-04-26,jepx-spread-top8-kyushu,kyushu,3.401250000000001,https://www.jepx.jp/_download.php?dir=spot_summary&file=spot_summary_2018.csv
2018-04-27,jepx-spread-top8-kyushu,kyushu,3.598749999999999,https://www.jepx.jp/_download.php?dir=spot_summary&file=spot_summary_2018.csv
2018-04-28,jepx-spread-top8-kyushu,kyushu,4.267500000000001,https://www.jepx.jp/_download.php?dir=spot_summary&file=spot_summary_2018.csv
2018-04-29,jepx-spread-top8-kyushu,kyushu,5.287499999999999,https://www.jepx.jp/_download.php?dir=spot_summary&file=spot_summary_2018.csv
2018-04-30,jepx-spread-top8-kyushu,kyushu,4.501250000000001,https://www.jepx.jp/_download.php?dir=spot_summary&file=spot_summary_2018.csv
2018-05-01,jepx-spread-top8-kyushu,kyushu,5.41625,https://www.jepx.jp/_download.php?dir=spot_summary&file=spot_summary_2018.csv
2018-05-02,jepx-spread-top8-kyushu,kyushu,5.765,https://www.jepx.jp/_download.php?dir=spot_summary&file=spot_summary_2018.csv
2018-05-03,jepx-spread-top8-kyushu,kyushu,4.954999999999999,https://www.jepx.jp/_download.php?dir=spot_summary&file=spot_summary_2018.csv
2018-05-04,jepx-spread-top8-kyushu,kyushu,5.51,https://www.jepx.jp/_download.php?dir=spot_summary&file=spot_summary_2018.csv
2018-05-05,jepx-spread-top8-kyushu,kyushu,5.605,https://www.jepx.jp/_download.php?dir=spot_summary&file=spot_summary_2018.csv
2018-05-06,jepx-spread-top8-kyushu,kyushu,5.14875,https://www.jepx.jp/_download.php?dir=spot_summary&file=spot_summary_2018.csv
2018-05-07,jepx-spread-top8-kyushu,kyushu,7.52,https://www.jepx.jp/_download.php?dir=spot_summary&file=spot_summary_2018.csv
2018-05-08,jepx-spread-top8-kyushu,kyushu,4.638750000000001,https://www.jepx.jp/_download.php?dir=spot_summary&file=spot_summary_2018.csv
2018-05-09,jepx-spread-top8-kyushu,kyushu,4.196249999999999,https://www.jepx.jp/_download.php?dir=spot_summary&file=spot_summary_2018.csv
2018-05-10,jepx-spread-top8-kyushu,kyushu,4.797499999999999,https://www.jepx.jp/_download.php?dir=spot_summary&file=spot_summary_2018.csv
2018-05-11,jepx-spread-top8-kyushu,kyushu,4.116250000000001,https://www.jepx.jp/_download.php?dir=spot_summary&file=spot_summary_2018.csv
2018-05-12,jepx-spread-top8-kyushu,kyushu,4.6625,https://www.jepx.jp/_download.php?dir=spot_summary&file=spot_summary_2018.csv
2018-05-13,jepx-spread-top8-kyushu,kyushu,3.5725,https://www.jepx.jp/_download.php?dir=spot_summary&file=spot_summary_2018.csv
2018-05-14,jepx-spread-top8-kyushu,kyushu,3.9425,https://www.jepx.jp/_download.php?dir=spot_summary&file=spot_summary_2018.csv
2018-05-15,jepx-spread-top8-kyushu,kyushu,4.07625,https://www.jepx.jp/_download.php?dir=spot_summary&file=spot_summary_2018.csv
2018-05-16,jepx-spread-top8-kyushu,kyushu,3.9262499999999987,https://www.jepx.jp/_download.php?dir=spot_summary&file=spot_summary_2018.csv
2018-05-17,jepx-spread-top8-kyushu,kyushu,3.017500000000001,https://www.jepx.jp/_download.php?dir=spot_summary&file=spot_summary_2018.csv
2018-05-18,jepx-spread-top8-kyushu,kyushu,3.714999999999999,https://www.jepx.jp/_download.php?dir=spot_summary&file=spot_summary_2018.csv
2018-05-19,jepx-spread-top8-kyushu,kyushu,2.6587500000000004,https://www.jepx.jp/_download.php?dir=spot_summary&file=spot_summary_2018.csv
2018-05-20,jepx-spread-top8-kyushu,kyushu,4.0474999999999985,https://www.jepx.jp/_download.php?dir=spot_summary&file=spot_summary_2018.csv
2018-05-21,jepx-spread-top8-kyushu,kyushu,3.0287499999999987,https://www.jepx.jp/_download.php?dir=spot_summary&file=spot_summary_2018.csv
2018-05-22,jepx-spread-top8-kyushu,kyushu,3.4662499999999996,https://www.jepx.jp/_download.php?dir=spot_summary&file=spot_summary_2018.csv
2018-05-23,jepx-spread-top8-kyushu,kyushu,6.648750000000001,https://www.jepx.jp/_download.php?dir=spot_summary&file=spot_summary_2018.csv
2018-05-24,jepx-spread-top8-kyushu,kyushu,3.4899999999999993,https://www.jepx.jp/_download.php?dir=spot_summary&file=spot_summary_2018.csv
2018-05-25,jepx-spread-top8-kyushu,kyushu,6.733750000000001,https://www.jepx.jp/_download.php?dir=spot_summary&file=spot_summary_2018.csv
2018-05-26,jepx-spread-top8-kyushu,kyushu,2.418750000000001,https://www.jepx.jp/_download.php?dir=spot_summary&file=spot_summary_2018.csv
2018-05-27,jepx-spread-top8-kyushu,kyushu,5.069999999999999,https://www.jepx.jp/_download.php?dir=spot_summary&file=spot_summary_2018.csv
2018-05-28,jepx-spread-top8-kyushu,kyushu,5.4712499999999995,https://www.jepx.jp/_download.php?dir=spot_summary&file=spot_summary_2018.csv
2018-05-29,jepx-spread-top8-kyushu,kyushu,4.21125,https://www.jepx.jp/_download.php?dir=spot_summary&file=spot_summary_2018.csv
2018-05-30,jepx-spread-top8-kyushu,kyushu,3.7887499999999985,https://www.jepx.jp/_download.php?dir=spot_summary&file=spot_summary_2018.csv
2018-05-31,jepx-spread-top8-kyushu,kyushu,3.5237499999999997,https://www.jepx.jp/_download.php?dir=spot_summary&file=spot_summary_2018.csv
2018-06-01,jepx-spread-top8-kyushu,kyushu,4.11,https://www.jepx.jp/_download.php?dir=spot_summary&file=spot_summary_2018.csv
2018-06-02,jepx-spread-top8-kyushu,kyushu,4.769999999999998,https://www.jepx.jp/_download.php?dir=spot_summary&file=spot_summary_2018.csv
2018-06-03,jepx-spread-top8-kyushu,kyushu,5.5337499999999995,https://www.jepx.jp/_download.php?dir=spot_summary&file=spot_summary_2018.csv
2018-06-04,jepx-spread-top8-kyushu,kyushu,5.478749999999999,https://www.jepx.jp/_download.php?dir=spot_summary&file=spot_summary_2018.csv
2018-06-05,jepx-spread-top8-kyushu,kyushu,4.45125,https://www.jepx.jp/_download.php?dir=spot_summary&file=spot_summary_2018.csv
2018-06-06,jepx-spread-top8-kyushu,kyushu,3.333750000000002,https://www.jepx.jp/_download.php?dir=spot_summary&file=spot_summary_2018.csv
2018-06-07,jepx-spread-top8-kyushu,kyushu,4.02,https://www.jepx.jp/_download.php?dir=spot_summary&file=spot_summary_2018.csv
2018-06-08,jepx-spread-top8-kyushu,kyushu,3.6574999999999998,https://www.jepx.jp/_download.php?dir=spot_summary&file=spot_summary_2018.csv
2018-06-09,jepx-spread-top8-kyushu,kyushu,3.46875,https://www.jepx.jp/_download.php?dir=spot_summary&file=spot_summary_2018.csv
2018-06-10,jepx-spread-top8-kyushu,kyushu,2.9587499999999993,https://www.jepx.jp/_download.php?dir=spot_summary&file=spot_summary_2018.csv
2018-06-11,jepx-spread-top8-kyushu,kyushu,3.268749999999999,https://www.jepx.jp/_download.php?dir=spot_summary&file=spot_summary_2018.csv
2018-06-12,jepx-spread-top8-kyushu,kyushu,2.8099999999999987,https://www.jepx.jp/_download.php?dir=spot_summary&file=spot_summary_2018.csv
2018-06-13,jepx-spread-top8-kyushu,kyushu,3.8274999999999997,https://www.jepx.jp/_download.php?dir=spot_summary&file=spot_summary_2018.csv
2018-06-14,jepx-spread-top8-kyushu,kyushu,3.9849999999999994,https://www.jepx.jp/_download.php?dir=spot_summary&file=spot_summary_2018.csv
2018-06-15,jepx-spread-top8-kyushu,kyushu,2.7962500000000006,https://www.jepx.jp/_download.php?dir=spot_summary&file=spot_summary_2018.csv
2018-06-16,jepx-spread-top8-kyushu,kyushu,3.5675,https://www.jepx.jp/_download.php?dir=spot_summary&file=spot_summary_2018.csv
2018-06-17,jepx-spread-top8-kyushu,kyushu,4.516249999999999,https://www.jepx.jp/_download.php?dir=spot_summary&file=spot_summary_2018.csv
2018-06-18,jepx-spread-top8-kyushu,kyushu,4.362499999999999,https://www.jepx.jp/_download.php?dir=spot_summary&file=spot_summary_2018.csv
2018-06-19,jepx-spread-top8-kyushu,kyushu,4.234999999999998,https://www.jepx.jp/_download.php?dir=spot_summary&file=spot_summary_2018.csv
2018-06-20,jepx-spread-top8-kyushu,kyushu,3.5562500000000004,https://www.jepx.jp/_download.php?dir=spot_summary&file=spot_summary_2018.csv
2018-06-21,jepx-spread-top8-kyushu,kyushu,3.321249999999999,https://www.jepx.jp/_download.php?dir=spot_summary&file=spot_summary_2018.csv
2018-06-22,jepx-spread-top8-kyushu,kyushu,3.607499999999999,https://www.jepx.jp/_download.php?dir=spot_summary&file=spot_summary_2018.csv
2018-06-23,jepx-spread-top8-kyushu,kyushu,4.61125,https://www.jepx.jp/_download.php?dir=spot_summary&file=spot_summary_2018.csv
2018-06-24,jepx-spread-top8-kyushu,kyushu,3.807500000000001,https://www.jepx.jp/_download.php?dir=spot_summary&file=spot_summary_2018.csv
2018-06-25,jepx-spread-top8-kyushu,kyushu,6.662500000000001,https://www.jepx.jp/_download.php?dir=spot_summary&file=spot_summary_2018.csv
2018-06-26,jepx-spread-top8-kyushu,kyushu,4.003749999999999,https://www.jepx.jp/_download.php?dir=spot_summary&file=spot_summary_2018.csv
2018-06-27,jepx-spread-top8-kyushu,kyushu,4.6675,https://www.jepx.jp/_download.php?dir=spot_summary&file=spot_summary_2018.csv
2018-06-28,jepx-spread-top8-kyushu,kyushu,6.07,https://www.jepx.jp/_download.php?dir=spot_summary&file=spot_summary_2018.csv
2018-06-29,jepx-spread-top8-kyushu,kyushu,5.892499999999999,https://www.jepx.jp/_download.php?dir=spot_summary&file=spot_summary_2018.csv
2018-06-30,jepx-spread-top8-kyushu,kyushu,2.861250000000001,https://www.jepx.jp/_download.php?dir=spot_summary&file=spot_summary_2018.csv
2018-07-01,jepx-spread-top8-kyushu,kyushu,4.54875,https://www.jepx.jp/_download.php?dir=spot_summary&file=spot_summary_2018.csv
2018-07-02,jepx-spread-top8-kyushu,kyushu,8.155000000000001,https://www.jepx.jp/_download.php?dir=spot_summary&file=spot_summary_2018.csv
2018-07-03,jepx-spread-top8-kyushu,kyushu,7.972500000000001,https://www.jepx.jp/_download.php?dir=spot_summary&file=spot_summary_2018.csv
2018-07-04,jepx-spread-top8-kyushu,kyushu,5.442500000000001,https://www.jepx.jp/_download.php?dir=spot_summary&file=spot_summary_2018.csv
2018-07-05,jepx-spread-top8-kyushu,kyushu,5.21125,https://www.jepx.jp/_download.php?dir=spot_summary&file=spot_summary_2018.csv
2018-07-06,jepx-spread-top8-kyushu,kyushu,4.743749999999999,https://www.jepx.jp/_download.php?dir=spot_summary&file=spot_summary_2018.csv
2018-07-07,jepx-spread-top8-kyushu,kyushu,2.1499999999999995,https://www.jepx.jp/_download.php?dir=spot_summary&file=spot_summary_2018.csv
2018-07-08,jepx-spread-top8-kyushu,kyushu,3.1525000000000007,https://www.jepx.jp/_download.php?dir=spot_summary&file=spot_summary_2018.csv
2018-07-09,jepx-spread-top8-kyushu,kyushu,7.69625,https://www.jepx.jp/_download.php?dir=spot_summary&file=spot_summary_2018.csv
2018-07-10,jepx-spread-top8-kyushu,kyushu,5.5874999999999995,https://www.jepx.jp/_download.php?dir=spot_summary&file=spot_summary_2018.csv
2018-07-11,jepx-spread-top8-kyushu,kyushu,7.571249999999999,https://www.jepx.jp/_download.php?dir=spot_summary&file=spot_summary_2018.csv
2018-07-12,jepx-spread-top8-kyushu,kyushu,7.706249999999999,https://www.jepx.jp/_download.php?dir=spot_summary&file=spot_summary_2018.csv
2018-07-13,jepx-spread-top8-kyushu,kyushu,7.80375,https://www.jepx.jp/_download.php?dir=spot_summary&file=spot_summary_2018.csv
2018-07-14,jepx-spread-top8-kyushu,kyushu,5.444999999999999,https://www.jepx.jp/_download.php?dir=spot_summary&file=spot_summary_2018.csv
2018-07-15,jepx-spread-top8-kyushu,kyushu,4.751250000000001,https://www.jepx.jp/_download.php?dir=spot_summary&file=spot_summary_2018.csv
2018-07-16,jepx-spread-top8-kyushu,kyushu,6.73625,https://www.jepx.jp/_download.php?dir=spot_summary&file=spot_summary_2018.csv
2018-07-17,jepx-spread-top8-kyushu,kyushu,10.737499999999997,https://www.jepx.jp/_download.php?dir=spot_summary&file=spot_summary_2018.csv
2018-07-18,jepx-spread-top8-kyushu,kyushu,15.40375,https://www.jepx.jp/_download.php?dir=spot_summary&file=spot_summary_2018.csv
2018-07-19,jepx-spread-top8-kyushu,kyushu,20.88125,https://www.jepx.jp/_download.php?dir=spot_summary&file=spot_summary_2018.csv
2018-07-20,jepx-spread-top8-kyushu,kyushu,21.707499999999996,https://www.jepx.jp/_download.php?dir=spot_summary&file=spot_summary_2018.csv
2018-07-21,jepx-spread-top8-kyushu,kyushu,6.68,https://www.jepx.jp/_download.php?dir=spot_summary&file=spot_summary_2018.csv
2018-07-22,jepx-spread-top8-kyushu,kyushu,6.804999999999999,https://www.jepx.jp/_download.php?dir=spot_summary&file=spot_summary_2018.csv
2018-07-23,jepx-spread-top8-kyushu,kyushu,33.39375,https://www.jepx.jp/_download.php?dir=spot_summary&file=spot_summary_2018.csv
2018-07-24,jepx-spread-top8-kyushu,kyushu,52.627500000000005,https://www.jepx.jp/_download.php?dir=spot_summary&file=spot_summary_2018.csv
2018-07-25,jepx-spread-top8-kyushu,kyushu,47.91875,https://www.jepx.jp/_download.php?dir=spot_summary&file=spot_summary_2018.csv
2018-07-26,jepx-spread-top8-kyushu,kyushu,28.446250000000003,https://www.jepx.jp/_download.php?dir=spot_summary&file=spot_summary_2018.csv
2018-07-27,jepx-spread-top8-kyushu,kyushu,15.052500000000002,https://www.jepx.jp/_download.php?dir=spot_summary&file=spot_summary_2018.csv
2018-07-28,jepx-spread-top8-kyushu,kyushu,4.852500000000001,https://www.jepx.jp/_download.php?dir=spot_summary&file=spot_summary_2018.csv
2018-07-29,jepx-spread-top8-kyushu,kyushu,5.087499999999999,https://www.jepx.jp/_download.php?dir=spot_summary&file=spot_summary_2018.csv
2018-07-30,jepx-spread-top8-kyushu,kyushu,8.022499999999999,https://www.jepx.jp/_download.php?dir=spot_summary&file=spot_summary_2018.csv
2018-07-31,jepx-spread-top8-kyushu,kyushu,9.752500000000001,https://www.jepx.jp/_download.php?dir=spot_summary&file=spot_summary_2018.csv
2018-08-01,jepx-spread-top8-kyushu,kyushu,7.49125,https://www.jepx.jp/_download.php?dir=spot_summary&file=spot_summary_2018.csv
2018-08-02,jepx-spread-top8-kyushu,kyushu,21.3425,https://www.jepx.jp/_download.php?dir=spot_summary&file=spot_summary_2018.csv
2018-08-03,jepx-spread-top8-kyushu,kyushu,23.986250000000002,https://www.jepx.jp/_download.php?dir=spot_summary&file=spot_summary_2018.csv
2018-08-04,jepx-spread-top8-kyushu,kyushu,6.472500000000001,https://www.jepx.jp/_download.php?dir=spot_summary&file=spot_summary_2018.csv
2018-08-05,jepx-spread-top8-kyushu,kyushu,6.12,https://www.jepx.jp/_download.php?dir=spot_summary&file=spot_summary_2018.csv
2018-08-06,jepx-spread-top8-kyushu,kyushu,39.26375,https://www.jepx.jp/_download.php?dir=spot_summary&file=spot_summary_2018.csv
2018-08-07,jepx-spread-top8-kyushu,kyushu,13.06875,https://www.jepx.jp/_download.php?dir=spot_summary&file=spot_summary_2018.csv
2018-08-08,jepx-spread-top8-kyushu,kyushu,16.37375,https://www.jepx.jp/_download.php?dir=spot_summary&file=spot_summary_2018.csv
2018-08-09,jepx-spread-top8-kyushu,kyushu,7.073750000000002,https://www.jepx.jp/_download.php?dir=spot_summary&file=spot_summary_2018.csv
2018-08-10,jepx-spread-top8-kyushu,kyushu,9.688750000000002,https://www.jepx.jp/_download.php?dir=spot_summary&file=spot_summary_2018.csv
2018-08-11,jepx-spread-top8-kyushu,kyushu,7.468750000000002,https://www.jepx.jp/_download.php?dir=spot_summary&file=spot_summary_2018.csv
2018-08-12,jepx-spread-top8-kyushu,kyushu,6.1175000000000015,https://www.jepx.jp/_download.php?dir=spot_summary&file=spot_summary_2018.csv
2018-08-13,jepx-spread-top8-kyushu,kyushu,6.527500000000002,https://www.jepx.jp/_download.php?dir=spot_summary&file=spot_summary_2018.csv
2018-08-14,jepx-spread-top8-kyushu,kyushu,5.47875,https://www.jepx.jp/_download.php?dir=spot_summary&file=spot_summary_2018.csv
2018-08-15,jepx-spread-top8-kyushu,kyushu,4.416250000000002,https://www.jepx.jp/_download.php?dir=spot_summary&file=spot_summary_2018.csv
2018-08-16,jepx-spread-top8-kyushu,kyushu,7.233749999999999,https://www.jepx.jp/_download.php?dir=spot_summary&file=spot_summary_2018.csv
2018-08-17,jepx-spread-top8-kyushu,kyushu,5.47625,https://www.jepx.jp/_download.php?dir=spot_summary&file=spot_summary_2018.csv
2018-08-18,jepx-spread-top8-kyushu,kyushu,4.56875,https://www.jepx.jp/_download.php?dir=spot_summary&file=spot_summary_2018.csv
2018-08-19,jepx-spread-top8-kyushu,kyushu,4.382499999999999,https://www.jepx.jp/_download.php?dir=spot_summary&file=spot_summary_2018.csv
2018-08-20,jepx-spread-top8-kyushu,kyushu,7.101250000000001,https://www.jepx.jp/_download.php?dir=spot_summary&file=spot_summary_2018.csv
2018-08-21,jepx-spread-top8-kyushu,kyushu,6.6325,https://www.jepx.jp/_download.php?dir=spot_summary&file=spot_summary_2018.csv
2018-08-22,jepx-spread-top8-kyushu,kyushu,8.98,https://www.jepx.jp/_download.php?dir=spot_summary&file=spot_summary_2018.csv
2018-08-23,jepx-spread-top8-kyushu,kyushu,16.3425,https://www.jepx.jp/_download.php?dir=spot_summary&file=spot_summary_2018.csv
2018-08-24,jepx-spread-top8-kyushu,kyushu,15.618749999999999,https://www.jepx.jp/_download.php?dir=spot_summary&file=spot_summary_2018.csv
2018-08-25,jepx-spread-top8-kyushu,kyushu,4.7225,https://www.jepx.jp/_download.php?dir=spot_summary&file=spot_summary_2018.csv
2018-08-26,jepx-spread-top8-kyushu,kyushu,10.1425,https://www.jepx.jp/_download.php?dir=spot_summary&file=spot_summary_2018.csv
2018-08-27,jepx-spread-top8-kyushu,kyushu,16.7675,https://www.jepx.jp/_download.php?dir=spot_summary&file=spot_summary_2018.csv
2018-08-28,jepx-spread-top8-kyushu,kyushu,12.195,https://www.jepx.jp/_download.php?dir=spot_summary&file=spot_summary_2018.csv
2018-08-29,jepx-spread-top8-kyushu,kyushu,9.62125,https://www.jepx.jp/_download.php?dir=spot_summary&file=spot_summary_2018.csv
2018-08-30,jepx-spread-top8-kyushu,kyushu,12.5725,https://www.jepx.jp/_download.php?dir=spot_summary&file=spot_summary_2018.csv
2018-08-31,jepx-spread-top8-kyushu,kyushu,12.59,https://www.jepx.jp/_download.php?dir=spot_summary&file=spot_summary_2018.csv
2018-09-01,jepx-spread-top8-kyushu,kyushu,3.84375,https://www.jepx.jp/_download.php?dir=spot_summary&file=spot_summary_2018.csv
2018-09-02,jepx-spread-top8-kyushu,kyushu,4.715,https://www.jepx.jp/_download.php?dir=spot_summary&file=spot_summary_2018.csv
2018-09-03,jepx-spread-top8-kyushu,kyushu,7.918750000000001,https://www.jepx.jp/_download.php?dir=spot_summary&file=spot_summary_2018.csv
2018-09-04,jepx-spread-top8-kyushu,kyushu,9.023750000000001,https://www.jepx.jp/_download.php?dir=spot_summary&file=spot_summary_2018.csv
2018-09-05,jepx-spread-top8-kyushu,kyushu,8.425,https://www.jepx.jp/_download.php?dir=spot_summary&file=spot_summary_2018.csv
2018-09-06,jepx-spread-top8-kyushu,kyushu,9.587499999999999,https://www.jepx.jp/_download.php?dir=spot_summary&file=spot_summary_2018.csv
2018-09-07,jepx-spread-top8-kyushu,kyushu,7.4625,https://www.jepx.jp/_download.php?dir=spot_summary&file=spot_summary_2018.csv
2018-09-08,jepx-spread-top8-kyushu,kyushu,2.348749999999999,https://www.jepx.jp/_download.php?dir=spot_summary&file=spot_summary_2018.csv
2018-09-09,jepx-spread-top8-kyushu,kyushu,3.0287499999999996,https://www.jepx.jp/_download.php?dir=spot_summary&file=spot_summary_2018.csv
2018-09-10,jepx-spread-top8-kyushu,kyushu,3.5725,https://www.jepx.jp/_download.php?dir=spot_summary&file=spot_summary_2018.csv
2018-09-11,jepx-spread-top8-kyushu,kyushu,3.476250000000001,https://www.jepx.jp/_download.php?dir=spot_summary&file=spot_summary_2018.csv
2018-09-12,jepx-spread-top8-kyushu,kyushu,3.9574999999999987,https://www.jepx.jp/_download.php?dir=spot_summary&file=spot_summary_2018.csv
2018-09-13,jepx-spread-top8-kyushu,kyushu,3.422500000000001,https://www.jepx.jp/_download.php?dir=spot_summary&file=spot_summary_2018.csv
2018-09-14,jepx-spread-top8-kyushu,kyushu,3.030000000000001,https://www.jepx.jp/_download.php?dir=spot_summary&file=spot_summary_2018.csv
2018-09-15,jepx-spread-top8-kyushu,kyushu,2.9662499999999996,https://www.jepx.jp/_download.php?dir=spot_summary&file=spot_summary_2018.csv
2018-09-16,jepx-spread-top8-kyushu,kyushu,5.630000000000001,https://www.jepx.jp/_download.php?dir=spot_summary&file=spot_summary_2018.csv
2018-09-17,jepx-spread-top8-kyushu,kyushu,6.0062500000000005,https://www.jepx.jp/_download.php?dir=spot_summary&file=spot_summary_2018.csv
2018-09-18,jepx-spread-top8-kyushu,kyushu,4.98625,https://www.jepx.jp/_download.php?dir=spot_summary&file=spot_summary_2018.csv
2018-09-19,jepx-spread-top8-kyushu,kyushu,3.74,https://www.jepx.jp/_download.php?dir=spot_summary&file=spot_summary_2018.csv
2018-09-20,jepx-spread-top8-kyushu,kyushu,3.9162500000000016,https://www.jepx.jp/_download.php?dir=spot_summary&file=spot_summary_2018.csv
2018-09-21,jepx-spread-top8-kyushu,kyushu,4.125,https://www.jepx.jp/_download.php?dir=spot_summary&file=spot_summary_2018.csv
2018-09-22,jepx-spread-top8-kyushu,kyushu,3.307499999999999,https://www.jepx.jp/_download.php?dir=spot_summary&file=spot_summary_2018.csv
2018-09-23,jepx-spread-top8-kyushu,kyushu,3.6075,https://www.jepx.jp/_download.php?dir=spot_summary&file=spot_summary_2018.csv
2018-09-24,jepx-spread-top8-kyushu,kyushu,3.5812500000000007,https://www.jepx.jp/_download.php?dir=spot_summary&file=spot_summary_2018.csv
2018-09-25,jepx-spread-top8-kyushu,kyushu,3.205,https://www.jepx.jp/_download.php?dir=spot_summary&file=spot_summary_2018.csv
2018-09-26,jepx-spread-top8-kyushu,kyushu,2.9224999999999994,https://www.jepx.jp/_download.php?dir=spot_summary&file=spot_summary_2018.csv
2018-09-27,jepx-spread-top8-kyushu,kyushu,2.425,https://www.jepx.jp/_download.php?dir=spot_summary&file=spot_summary_2018.csv
2018-09-28,jepx-spread-top8-kyushu,kyushu,3.0162499999999994,https://www.jepx.jp/_download.php?dir=spot_summary&file=spot_summary_2018.csv
2018-09-29,jepx-spread-top8-kyushu,kyushu,2.40625,https://www.jepx.jp/_download.php?dir=spot_summary&file=spot_summary_2018.csv
2018-09-30,jepx-spread-top8-kyushu,kyushu,2.4612499999999997,https://www.jepx.jp/_download.php?dir=spot_summary&file=spot_summary_2018.csv
2018-10-01,jepx-spread-top8-kyushu,kyushu,5.691249999999999,https://www.jepx.jp/_download.php?dir=spot_summary&file=spot_summary_2018.csv
2018-10-02,jepx-spread-top8-kyushu,kyushu,3.83,https://www.jepx.jp/_download.php?dir=spot_summary&file=spot_summary_2018.csv
2018-10-03,jepx-spread-top8-kyushu,kyushu,4.1362499999999995,https://www.jepx.jp/_download.php?dir=spot_summary&file=spot_summary_2018.csv
2018-10-04,jepx-spread-top8-kyushu,kyushu,4.6087500000000015,https://www.jepx.jp/_download.php?dir=spot_summary&file=spot_summary_2018.csv
2018-10-05,jepx-spread-top8-kyushu,kyushu,4.9375,https://www.jepx.jp/_download.php?dir=spot_summary&file=spot_summary_2018.csv
2018-10-06,jepx-spread-top8-kyushu,kyushu,2.5612500000000002,https://www.jepx.jp/_download.php?dir=spot_summary&file=spot_summary_2018.csv
2018-10-07,jepx-spread-top8-kyushu,kyushu,2.498750000000001,https://www.jepx.jp/_download.php?dir=spot_summary&file=spot_summary_2018.csv
2018-10-08,jepx-spread-top8-kyushu,kyushu,2.4937500000000004,https://www.jepx.jp/_download.php?dir=spot_summary&file=spot_summary_2018.csv
2018-10-09,jepx-spread-top8-kyushu,kyushu,4.4475,https://www.jepx.jp/_download.php?dir=spot_summary&file=spot_summary_2018.csv
2018-10-10,jepx-spread-top8-kyushu,kyushu,4.483750000000001,https://www.jepx.jp/_download.php?dir=spot_summary&file=spot_summary_2018.csv
2018-10-11,jepx-spread-top8-kyushu,kyushu,3.1975,https://www.jepx.jp/_download.php?dir=spot_summary&file=spot_summary_2018.csv
2018-10-12,jepx-spread-top8-kyushu,kyushu,5.2162500000000005,https://www.jepx.jp/_download.php?dir=spot_summary&file=spot_summary_2018.csv
2018-10-13,jepx-spread-top8-kyushu,kyushu,3.95125,https://www.jepx.jp/_download.php?dir=spot_summary&file=spot_summary_2018.csv
2018-10-14,jepx-spread-top8-kyushu,kyushu,4.57125,https://www.jepx.jp/_download.php?dir=spot_summary&file=spot_summary_2018.csv
2018-10-15,jepx-spread-top8-kyushu,kyushu,5.6275,https://www.jepx.jp/_download.php?dir=spot_summary&file=spot_summary_2018.csv
2018-10-16,jepx-spread-top8-kyushu,kyushu,5.311250000000001,https://www.jepx.jp/_download.php?dir=spot_summary&file=spot_summary_2018.csv
2018-10-17,jepx-spread-top8-kyushu,kyushu,5.826250000000001,https://www.jepx.jp/_download.php?dir=spot_summary&file=spot_summary_2018.csv
2018-10-18,jepx-spread-top8-kyushu,kyushu,6.3975,https://www.jepx.jp/_download.php?dir=spot_summary&file=spot_summary_2018.csv
2018-10-19,jepx-spread-top8-kyushu,kyushu,5.58375,https://www.jepx.jp/_download.php?dir=spot_summary&file=spot_summary_2018.csv
2018-10-20,jepx-spread-top8-kyushu,kyushu,4.9312499999999995,https://www.jepx.jp/_download.php?dir=spot_summary&file=spot_summary_2018.csv
2018-10-21,jepx-spread-top8-kyushu,kyushu,7.483749999999999,https://www.jepx.jp/_download.php?dir=spot_summary&file=spot_summary_2018.csv
2018-10-22,jepx-spread-top8-kyushu,kyushu,5.11625,https://www.jepx.jp/_download.php?dir=spot_summary&file=spot_summary_2018.csv
2018-10-23,jepx-spread-top8-kyushu,kyushu,5.5025,https://www.jepx.jp/_download.php?dir=spot_summary&file=spot_summary_2018.csv
2018-10-24,jepx-spread-top8-kyushu,kyushu,4.5375,https://www.jepx.jp/_download.php?dir=spot_summary&file=spot_summary_2018.csv
2018-10-25,jepx-spread-top8-kyushu,kyushu,5.4025000000000025,https://www.jepx.jp/_download.php?dir=spot_summary&file=spot_summary_2018.csv
2018-10-26,jepx-spread-top8-kyushu,kyushu,4.885,https://www.jepx.jp/_download.php?dir=spot_summary&file=spot_summary_2018.csv
2018-10-27,jepx-spread-top8-kyushu,kyushu,4.92625,https://www.jepx.jp/_download.php?dir=spot_summary&file=spot_summary_2018.csv
2018-10-28,jepx-spread-top8-kyushu,kyushu,5.752499999999998,https://www.jepx.jp/_download.php?dir=spot_summary&file=spot_summary_2018.csv
2018-10-29,jepx-spread-top8-kyushu,kyushu,4.9887500000000005,https://www.jepx.jp/_download.php?dir=spot_summary&file=spot_summary_2018.csv
2018-10-30,jepx-spread-top8-kyushu,kyushu,3.9825,https://www.jepx.jp/_download.php?dir=spot_summary&file=spot_summary_2018.csv
2018-10-31,jepx-spread-top8-kyushu,kyushu,4.322500000000001,https://www.jepx.jp/_download.php?dir=spot_summary&file=spot_summary_2018.csv
2018-11-01,jepx-spread-top8-kyushu,kyushu,4.4125000000000005,https://www.jepx.jp/_download.php?dir=spot_summary&file=spot_summary_2018.csv
2018-11-02,jepx-spread-top8-kyushu,kyushu,4.875,https://www.jepx.jp/_download.php?dir=spot_summary&file=spot_summary_2018.csv
2018-11-03,jepx-spread-top8-kyushu,kyushu,4.071249999999999,https://www.jepx.jp/_download.php?dir=spot_summary&file=spot_summary_2018.csv
2018-11-04,jepx-spread-top8-kyushu,kyushu,4.432500000000001,https://www.jepx.jp/_download.php?dir=spot_summary&file=spot_summary_2018.csv
2018-11-05,jepx-spread-top8-kyushu,kyushu,5.169999999999999,https://www.jepx.jp/_download.php?dir=spot_summary&file=spot_summary_2018.csv
2018-11-06,jepx-spread-top8-kyushu,kyushu,5.14,https://www.jepx.jp/_download.php?dir=spot_summary&file=spot_summary_2018.csv
2018-11-07,jepx-spread-top8-kyushu,kyushu,4.6012499999999985,https://www.jepx.jp/_download.php?dir=spot_summary&file=spot_summary_2018.csv
2018-11-08,jepx-spread-top8-kyushu,kyushu,3.919999999999999,https://www.jepx.jp/_download.php?dir=spot_summary&file=spot_summary_2018.csv
2018-11-09,jepx-spread-top8-kyushu,kyushu,3.6149999999999984,https://www.jepx.jp/_download.php?dir=spot_summary&file=spot_summary_2018.csv
2018-11-10,jepx-spread-top8-kyushu,kyushu,5.0875,https://www.jepx.jp/_download.php?dir=spot_summary&file=spot_summary_2018.csv
2018-11-11,jepx-spread-top8-kyushu,kyushu,5.91375,https://www.jepx.jp/_download.php?dir=spot_summary&file=spot_summary_2018.csv
2018-11-12,jepx-spread-top8-kyushu,kyushu,5.045000000000002,https://www.jepx.jp/_download.php?dir=spot_summary&file=spot_summary_2018.csv
2018-11-13,jepx-spread-top8-kyushu,kyushu,4.081249999999999,https://www.jepx.jp/_download.php?dir=spot_summary&file=spot_summary_2018.csv
2018-11-14,jepx-spread-top8-kyushu,kyushu,4.01125,https://www.jepx.jp/_download.php?dir=spot_summary&file=spot_summary_2018.csv
2018-11-15,jepx-spread-top8-kyushu,kyushu,4.933750000000001,https://www.jepx.jp/_download.php?dir=spot_summary&file=spot_summary_2018.csv
2018-11-16,jepx-spread-top8-kyushu,kyushu,4.346249999999999,https://www.jepx.jp/_download.php?dir=spot_summary&file=spot_summary_2018.csv
2018-11-17,jepx-spread-top8-kyushu,kyushu,3.038750000000002,https://www.jepx.jp/_download.php?dir=spot_summary&file=spot_summary_2018.csv
2018-11-18,jepx-spread-top8-kyushu,kyushu,3.075000000000001,https://www.jepx.jp/_download.php?dir=spot_summary&file=spot_summary_2018.csv
2018-11-19,jepx-spread-top8-kyushu,kyushu,5.55875,https://www.jepx.jp/_download.php?dir=spot_summary&file=spot_summary_2018.csv
2018-11-20,jepx-spread-top8-kyushu,kyushu,5.112499999999999,https://www.jepx.jp/_download.php?dir=spot_summary&file=spot_summary_2018.csv
2018-11-21,jepx-spread-top8-kyushu,kyushu,5.0024999999999995,https://www.jepx.jp/_download.php?dir=spot_summary&file=spot_summary_2018.csv
2018-11-22,jepx-spread-top8-kyushu,kyushu,4.998750000000001,https://www.jepx.jp/_download.php?dir=spot_summary&file=spot_summary_2018.csv
2018-11-23,jepx-spread-top8-kyushu,kyushu,3.280000000000001,https://www.jepx.jp/_download.php?dir=spot_summary&file=spot_summary_2018.csv
2018-11-24,jepx-spread-top8-kyushu,kyushu,4.361249999999999,https://www.jepx.jp/_download.php?dir=spot_summary&file=spot_summary_2018.csv
2018-11-25,jepx-spread-top8-kyushu,kyushu,4.51,https://www.jepx.jp/_download.php?dir=spot_summary&file=spot_summary_2018.csv
2018-11-26,jepx-spread-top8-kyushu,kyushu,4.11125,https://www.jepx.jp/_download.php?dir=spot_summary&file=spot_summary_2018.csv
2018-11-27,jepx-spread-top8-kyushu,kyushu,3.4987500000000002,https://www.jepx.jp/_download.php?dir=spot_summary&file=spot_summary_2018.csv
2018-11-28,jepx-spread-top8-kyushu,kyushu,4.0225,https://www.jepx.jp/_download.php?dir=spot_summary&file=spot_summary_2018.csv
2018-11-29,jepx-spread-top8-kyushu,kyushu,3.5950000000000006,https://www.jepx.jp/_download.php?dir=spot_summary&file=spot_summary_2018.csv
2018-11-30,jepx-spread-top8-kyushu,kyushu,4.7325,https://www.jepx.jp/_download.php?dir=spot_summary&file=spot_summary_2018.csv
2018-12-01,jepx-spread-top8-kyushu,kyushu,3.932500000000001,https://www.jepx.jp/_download.php?dir=spot_summary&file=spot_summary_2018.csv
2018-12-02,jepx-spread-top8-kyushu,kyushu,6.254999999999999,https://www.jepx.jp/_download.php?dir=spot_summary&file=spot_summary_2018.csv
2018-12-03,jepx-spread-top8-kyushu,kyushu,5.9487499999999995,https://www.jepx.jp/_download.php?dir=spot_summary&file=spot_summary_2018.csv
2018-12-04,jepx-spread-top8-kyushu,kyushu,3.3637499999999996,https://www.jepx.jp/_download.php?dir=spot_summary&file=spot_summary_2018.csv
2018-12-05,jepx-spread-top8-kyushu,kyushu,3.7962499999999997,https://www.jepx.jp/_download.php?dir=spot_summary&file=spot_summary_2018.csv
2018-12-06,jepx-spread-top8-kyushu,kyushu,3.5287500000000005,https://www.jepx.jp/_download.php?dir=spot_summary&file=spot_summary_2018.csv
2018-12-07,jepx-spread-top8-kyushu,kyushu,3.777499999999999,https://www.jepx.jp/_download.php?dir=spot_summary&file=spot_summary_2018.csv
2018-12-08,jepx-spread-top8-kyushu,kyushu,3.210000000000001,https://www.jepx.jp/_download.php?dir=spot_summary&file=spot_summary_2018.csv
2018-12-09,jepx-spread-top8-kyushu,kyushu,3.602499999999999,https://www.jepx.jp/_download.php?dir=spot_summary&file=spot_summary_2018.csv
2018-12-10,jepx-spread-top8-kyushu,kyushu,4.747499999999999,https://www.jepx.jp/_download.php?dir=spot_summary&file=spot_summary_2018.csv
2018-12-11,jepx-spread-top8-kyushu,kyushu,4.07625,https://www.jepx.jp/_download.php?dir=spot_summary&file=spot_summary_2018.csv
2018-12-12,jepx-spread-top8-kyushu,kyushu,5.8275,https://www.jepx.jp/_download.php?dir=spot_summary&file=spot_summary_2018.csv
2018-12-13,jepx-spread-top8-kyushu,kyushu,7.787500000000001,https://www.jepx.jp/_download.php?dir=spot_summary&file=spot_summary_2018.csv
2018-12-14,jepx-spread-top8-kyushu,kyushu,5.2837499999999995,https://www.jepx.jp/_download.php?dir=spot_summary&file=spot_summary_2018.csv
2018-12-15,jepx-spread-top8-kyushu,kyushu,4.352499999999999,https://www.jepx.jp/_download.php?dir=spot_summary&file=spot_summary_2018.csv
2018-12-16,jepx-spread-top8-kyushu,kyushu,3.129999999999998,https://www.jepx.jp/_download.php?dir=spot_summary&file=spot_summary_2018.csv
2018-12-17,jepx-spread-top8-kyushu,kyushu,4.112500000000001,https://www.jepx.jp/_download.php?dir=spot_summary&file=spot_summary_2018.csv
2018-12-18,jepx-spread-top8-kyushu,kyushu,6.878749999999998,https://www.jepx.jp/_download.php?dir=spot_summary&file=spot_summary_2018.csv
2018-12-19,jepx-spread-top8-kyushu,kyushu,3.4049999999999994,https://www.jepx.jp/_download.php?dir=spot_summary&file=spot_summary_2018.csv
2018-12-20,jepx-spread-top8-kyushu,kyushu,3.584999999999999,https://www.jepx.jp/_download.php?dir=spot_summary&file=spot_summary_2018.csv
2018-12-21,jepx-spread-top8-kyushu,kyushu,2.956249999999999,https://www.jepx.jp/_download.php?dir=spot_summary&file=spot_summary_2018.csv
2018-12-22,jepx-spread-top8-kyushu,kyushu,4.4975000000000005,https://www.jepx.jp/_download.php?dir=spot_summary&file=spot_summary_2018.csv
2018-12-23,jepx-spread-top8-kyushu,kyushu,3.192500000000001,https://www.jepx.jp/_download.php?dir=spot_summary&file=spot_summary_2018.csv
2018-12-24,jepx-spread-top8-kyushu,kyushu,4.480000000000002,https://www.jepx.jp/_download.php?dir=spot_summary&file=spot_summary_2018.csv
2018-12-25,jepx-spread-top8-kyushu,kyushu,4.47875,https://www.jepx.jp/_download.php?dir=spot_summary&file=spot_summary_2018.csv
2018-12-26,jepx-spread-top8-kyushu,kyushu,4.107499999999999,https://www.jepx.jp/_download.php?dir=spot_summary&file=spot_summary_2018.csv
2018-12-27,jepx-spread-top8-kyushu,kyushu,4.49,https://www.jepx.jp/_download.php?dir=spot_summary&file=spot_summary_2018.csv
2018-12-28,jepx-spread-top8-kyushu,kyushu,3.1137500000000014,https://www.jepx.jp/_download.php?dir=spot_summary&file=spot_summary_2018.csv
2018-12-29,jepx-spread-top8-kyushu,kyushu,3.44125,https://www.jepx.jp/_download.php?dir=spot_summary&file=spot_summary_2018.csv
2018-12-30,jepx-spread-top8-kyushu,kyushu,3.307500000000001,https://www.jepx.jp/_download.php?dir=spot_summary&file=spot_summary_2018.csv
2018-12-31,jepx-spread-top8-kyushu,kyushu,8.3775,https://www.jepx.jp/_download.php?dir=spot_summary&file=spot_summary_2018.csv
2019-01-01,jepx-spread-top8-kyushu,kyushu,8.0375,https://www.jepx.jp/_download.php?dir=spot_summary&file=spot_summary_2018.csv
2019-01-02,jepx-spread-top8-kyushu,kyushu,8.1,https://www.jepx.jp/_download.php?dir=spot_summary&file=spot_summary_2018.csv
2019-01-03,jepx-spread-top8-kyushu,kyushu,8.16,https://www.jepx.jp/_download.php?dir=spot_summary&file=spot_summary_2018.csv
2019-01-04,jepx-spread-top8-kyushu,kyushu,4.00625,https://www.jepx.jp/_download.php?dir=spot_summary&file=spot_summary_2018.csv
2019-01-05,jepx-spread-top8-kyushu,kyushu,3.1899999999999995,https://www.jepx.jp/_download.php?dir=spot_summary&file=spot_summary_2018.csv
2019-01-06,jepx-spread-top8-kyushu,kyushu,2.9575000000000014,https://www.jepx.jp/_download.php?dir=spot_summary&file=spot_summary_2018.csv
2019-01-07,jepx-spread-top8-kyushu,kyushu,4.916250000000001,https://www.jepx.jp/_download.php?dir=spot_summary&file=spot_summary_2018.csv
2019-01-08,jepx-spread-top8-kyushu,kyushu,3.3962499999999993,https://www.jepx.jp/_download.php?dir=spot_summary&file=spot_summary_2018.csv
2019-01-09,jepx-spread-top8-kyushu,kyushu,2.9487500000000004,https://www.jepx.jp/_download.php?dir=spot_summary&file=spot_summary_2018.csv
2019-01-10,jepx-spread-top8-kyushu,kyushu,6.161249999999999,https://www.jepx.jp/_download.php?dir=spot_summary&file=spot_summary_2018.csv
2019-01-11,jepx-spread-top8-kyushu,kyushu,4.516249999999999,https://www.jepx.jp/_download.php?dir=spot_summary&file=spot_summary_2018.csv
2019-01-12,jepx-spread-top8-kyushu,kyushu,2.5562499999999986,https://www.jepx.jp/_download.php?dir=spot_summary&file=spot_summary_2018.csv
2019-01-13,jepx-spread-top8-kyushu,kyushu,3.5175,https://www.jepx.jp/_download.php?dir=spot_summary&file=spot_summary_2018.csv
2019-01-14,jepx-spread-top8-kyushu,kyushu,5.353750000000001,https://www.jepx.jp/_download.php?dir=spot_summary&file=spot_summary_2018.csv
2019-01-15,jepx-spread-top8-kyushu,kyushu,4.147500000000001,https://www.jepx.jp/_download.php?dir=spot_summary&file=spot_summary_2018.csv
2019-01-16,jepx-spread-top8-kyushu,kyushu,3.6637500000000003,https://www.jepx.jp/_download.php?dir=spot_summary&file=spot_summary_2018.csv
2019-01-17,jepx-spread-top8-kyushu,kyushu,3.9937499999999986,https://www.jepx.jp/_download.php?dir=spot_summary&file=spot_summary_2018.csv
2019-01-18,jepx-spread-top8-kyushu,kyushu,4.16,https://www.jepx.jp/_download.php?dir=spot_summary&file=spot_summary_2018.csv
2019-01-19,jepx-spread-top8-kyushu,kyushu,4.015000000000001,https://www.jepx.jp/_download.php?dir=spot_summary&file=spot_summary_2018.csv
2019-01-20,jepx-spread-top8-kyushu,kyushu,2.7299999999999986,https://www.jepx.jp/_download.php?dir=spot_summary&file=spot_summary_2018.csv
2019-01-21,jepx-spread-top8-kyushu,kyushu,4.135000000000001,https://www.jepx.jp/_download.php?dir=spot_summary&file=spot_summary_2018.csv
2019-01-22,jepx-spread-top8-kyushu,kyushu,5.011249999999999,https://www.jepx.jp/_download.php?dir=spot_summary&file=spot_summary_2018.csv
2019-01-23,jepx-spread-top8-kyushu,kyushu,4.253750000000001,https://www.jepx.jp/_download.php?dir=spot_summary&file=spot_summary_2018.csv
2019-01-24,jepx-spread-top8-kyushu,kyushu,4.97625,https://www.jepx.jp/_download.php?dir=spot_summary&file=spot_summary_2018.csv
2019-01-25,jepx-spread-top8-kyushu,kyushu,4.934999999999999,https://www.jepx.jp/_download.php?dir=spot_summary&file=spot_summary_2018.csv
2019-01-26,jepx-spread-top8-kyushu,kyushu,4.0125,https://www.jepx.jp/_download.php?dir=spot_summary&file=spot_summary_2018.csv
2019-01-27,jepx-spread-top8-kyushu,kyushu,3.8950000000000005,https://www.jepx.jp/_download.php?dir=spot_summary&file=spot_summary_2018.csv
2019-01-28,jepx-spread-top8-kyushu,kyushu,4.895,https://www.jepx.jp/_download.php?dir=spot_summary&file=spot_summary_2018.csv
2019-01-29,jepx-spread-top8-kyushu,kyushu,4.731249999999999,https://www.jepx.jp/_download.php?dir=spot_summary&file=spot_summary_2018.csv
2019-01-30,jepx-spread-top8-kyushu,kyushu,5.4712499999999995,https://www.jepx.jp/_download.php?dir=spot_summary&file=spot_summary_2018.csv
2019-01-31,jepx-spread-top8-kyushu,kyushu,5.454999999999998,https://www.jepx.jp/_download.php?dir=spot_summary&file=spot_summary_2018.csv
2019-02-01,jepx-spread-top8-kyushu,kyushu,4.555,https://www.jepx.jp/_download.php?dir=spot_summary&file=spot_summary_2018.csv
2019-02-02,jepx-spread-top8-kyushu,kyushu,4.41625,https://www.jepx.jp/_download.php?dir=spot_summary&file=spot_summary_2018.csv
2019-02-03,jepx-spread-top8-kyushu,kyushu,3.1662500000000016,https://www.jepx.jp/_download.php?dir=spot_summary&file=spot_summary_2018.csv
2019-02-04,jepx-spread-top8-kyushu,kyushu,4.652500000000001,https://www.jepx.jp/_download.php?dir=spot_summary&file=spot_summary_2018.csv
2019-02-05,jepx-spread-top8-kyushu,kyushu,5.279999999999999,https://www.jepx.jp/_download.php?dir=spot_summary&file=spot_summary_2018.csv
2019-02-06,jepx-spread-top8-kyushu,kyushu,3.437500000000001,https://www.jepx.jp/_download.php?dir=spot_summary&file=spot_summary_2018.csv
2019-02-07,jepx-spread-top8-kyushu,kyushu,3.1175000000000006,https://www.jepx.jp/_download.php?dir=spot_summary&file=spot_summary_2018.csv
2019-02-08,jepx-spread-top8-kyushu,kyushu,3.55875,https://www.jepx.jp/_download.php?dir=spot_summary&file=spot_summary_2018.csv
2019-02-09,jepx-spread-top8-kyushu,kyushu,3.233749999999999,https://www.jepx.jp/_download.php?dir=spot_summary&file=spot_summary_2018.csv
2019-02-10,jepx-spread-top8-kyushu,kyushu,4.6075,https://www.jepx.jp/_download.php?dir=spot_summary&file=spot_summary_2018.csv
2019-02-11,jepx-spread-top8-kyushu,kyushu,4.20125,https://www.jepx.jp/_download.php?dir=spot_summary&file=spot_summary_2018.csv
2019-02-12,jepx-spread-top8-kyushu,kyushu,3.9537499999999994,https://www.jepx.jp/_download.php?dir=spot_summary&file=spot_summary_2018.csv
2019-02-13,jepx-spread-top8-kyushu,kyushu,3.82625,https://www.jepx.jp/_download.php?dir=spot_summary&file=spot_summary_2018.csv
2019-02-14,jepx-spread-top8-kyushu,kyushu,3.7874999999999996,https://www.jepx.jp/_download.php?dir=spot_summary&file=spot_summary_2018.csv
2019-02-15,jepx-spread-top8-kyushu,kyushu,2.7537499999999984,https://www.jepx.jp/_download.php?dir=spot_summary&file=spot_summary_2018.csv
2019-02-16,jepx-spread-top8-kyushu,kyushu,3.2525000000000004,https://www.jepx.jp/_download.php?dir=spot_summary&file=spot_summary_2018.csv
2019-02-17,jepx-spread-top8-kyushu,kyushu,6.159999999999998,https://www.jepx.jp/_download.php?dir=spot_summary&file=spot_summary_2018.csv
2019-02-18,jepx-spread-top8-kyushu,kyushu,4.5725,https://www.jepx.jp/_download.php?dir=spot_summary&file=spot_summary_2018.csv
2019-02-19,jepx-spread-top8-kyushu,kyushu,4.370000000000001,https://www.jepx.jp/_download.php?dir=spot_summary&file=spot_summary_2018.csv
2019-02-20,jepx-spread-top8-kyushu,kyushu,3.713749999999999,https://www.jepx.jp/_download.php?dir=spot_summary&file=spot_summary_2018.csv
2019-02-21,jepx-spread-top8-kyushu,kyushu,4.0175,https://www.jepx.jp/_download.php?dir=spot_summary&file=spot_summary_2018.csv
2019-02-22,jepx-spread-top8-kyushu,kyushu,4.248749999999999,https://www.jepx.jp/_download.php?dir=spot_summary&file=spot_summary_2018.csv
2019-02-23,jepx-spread-top8-kyushu,kyushu,3.3412499999999996,https://www.jepx.jp/_download.php?dir=spot_summary&file=spot_summary_2018.csv
2019-02-24,jepx-spread-top8-kyushu,kyushu,7.76375,https://www.jepx.jp/_download.php?dir=spot_summary&file=spot_summary_2018.csv
2019-02-25,jepx-spread-top8-kyushu,kyushu,2.89625,https://www.jepx.jp/_download.php?dir=spot_summary&file=spot_summary_2018.csv
2019-02-26,jepx-spread-top8-kyushu,kyushu,2.6937499999999996,https://www.jepx.jp/_download.php?dir=spot_summary&file=spot_summary_2018.csv
2019-02-27,jepx-spread-top8-kyushu,kyushu,2.36125,https://www.jepx.jp/_download.php?dir=spot_summary&file=spot_summary_2018.csv
2019-02-28,jepx-spread-top8-kyushu,kyushu,2.952499999999999,https://www.jepx.jp/_download.php?dir=spot_summary&file=spot_summary_2018.csv
2019-03-01,jepx-spread-top8-kyushu,kyushu,3.4924999999999997,https://www.jepx.jp/_download.php?dir=spot_summary&file=spot_summary_2018.csv
2019-03-02,jepx-spread-top8-kyushu,kyushu,3.825000000000001,https://www.jepx.jp/_download.php?dir=spot_summary&file=spot_summary_2018.csv
2019-03-03,jepx-spread-top8-kyushu,kyushu,2.921249999999999,https://www.jepx.jp/_download.php?dir=spot_summary&file=spot_summary_2018.csv
2019-03-04,jepx-spread-top8-kyushu,kyushu,3.5912499999999996,https://www.jepx.jp/_download.php?dir=spot_summary&file=spot_summary_2018.csv
2019-03-05,jepx-spread-top8-kyushu,kyushu,4.2749999999999995,https://www.jepx.jp/_download.php?dir=spot_summary&file=spot_summary_2018.csv
2019-03-06,jepx-spread-top8-kyushu,kyushu,3.4025000000000007,https://www.jepx.jp/_download.php?dir=spot_summary&file=spot_summary_2018.csv
2019-03-07,jepx-spread-top8-kyushu,kyushu,2.7249999999999996,https://www.jepx.jp/_download.php?dir=spot_summary&file=spot_summary_2018.csv
2019-03-08,jepx-spread-top8-kyushu,kyushu,6.01375,https://www.jepx.jp/_download.php?dir=spot_summary&file=spot_summary_2018.csv
2019-03-09,jepx-spread-top8-kyushu,kyushu,5.005000000000001,https://www.jepx.jp/_download.php?dir=spot_summary&file=spot_summary_2018.csv
2019-03-10,jepx-spread-top8-kyushu,kyushu,2.4662499999999996,https://www.jepx.jp/_download.php?dir=spot_summary&file=spot_summary_2018.csv
2019-03-11,jepx-spread-top8-kyushu,kyushu,2.4362500000000002,https://www.jepx.jp/_download.php?dir=spot_summary&file=spot_summary_2018.csv
2019-03-12,jepx-spread-top8-kyushu,kyushu,3.852499999999999,https://www.jepx.jp/_download.php?dir=spot_summary&file=spot_summary_2018.csv
2019-03-13,jepx-spread-top8-kyushu,kyushu,5.033750000000001,https://www.jepx.jp/_download.php?dir=spot_summary&file=spot_summary_2018.csv
2019-03-14,jepx-spread-top8-kyushu,kyushu,4.158750000000001,https://www.jepx.jp/_download.php?dir=spot_summary&file=spot_summary_2018.csv
2019-03-15,jepx-spread-top8-kyushu,kyushu,3.951249999999999,https://www.jepx.jp/_download.php?dir=spot_summary&file=spot_summary_2018.csv
2019-03-16,jepx-spread-top8-kyushu,kyushu,5.1049999999999995,https://www.jepx.jp/_download.php?dir=spot_summary&file=spot_summary_2018.csv
2019-03-17,jepx-spread-top8-kyushu,kyushu,8.770000000000001,https://www.jepx.jp/_download.php?dir=spot_summary&file=spot_summary_2018.csv
2019-03-18,jepx-spread-top8-kyushu,kyushu,4.155000000000001,https://www.jepx.jp/_download.php?dir=spot_summary&file=spot_summary_2018.csv
2019-03-19,jepx-spread-top8-kyushu,kyushu,3.588750000000001,https://www.jepx.jp/_download.php?dir=spot_summary&file=spot_summary_2018.csv
2019-03-20,jepx-spread-top8-kyushu,kyushu,3.38625,https://www.jepx.jp/_download.php?dir=spot_summary&file=spot_summary_2018.csv
2019-03-21,jepx-spread-top8-kyushu,kyushu,3.450000000000001,https://www.jepx.jp/_download.php?dir=spot_summary&file=spot_summary_2018.csv
2019-03-22,jepx-spread-top8-kyushu,kyushu,3.42375,https://www.jepx.jp/_download.php?dir=spot_summary&file=spot_summary_2018.csv
2019-03-23,jepx-spread-top8-kyushu,kyushu,5.9925,https://www.jepx.jp/_download.php?dir=spot_summary&file=spot_summary_2018.csv
2019-03-24,jepx-spread-top8-kyushu,kyushu,8.9675,https://www.jepx.jp/_download.php?dir=spot_summary&file=spot_summary_2018.csv
2019-03-25,jepx-spread-top8-kyushu,kyushu,3.6549999999999994,https://www.jepx.jp/_download.php?dir=spot_summary&file=spot_summary_2018.csv
2019-03-26,jepx-spread-top8-kyushu,kyushu,5.075000000000001,https://www.jepx.jp/_download.php?dir=spot_summary&file=spot_summary_2018.csv
2019-03-27,jepx-spread-top8-kyushu,kyushu,3.0250000000000004,https://www.jepx.jp/_download.php?dir=spot_summary&file=spot_summary_2018.csv
2019-03-28,jepx-spread-top8-kyushu,kyushu,2.570000000000001,https://www.jepx.jp/_download.php?dir=spot_summary&file=spot_summary_2018.csv
2019-03-29,jepx-spread-top8-kyushu,kyushu,1.6825,https://www.jepx.jp/_download.php?dir=spot_summary&file=spot_summary_2018.csv
2019-03-30,jepx-spread-top8-kyushu,kyushu,5.2375,https://www.jepx.jp/_download.php?dir=spot_summary&file=spot_summary_2018.csv
2019-03-31,jepx-spread-top8-kyushu,kyushu,4.545,https://www.jepx.jp/_download.php?dir=spot_summary&file=spot_summary_2018.csv
2019-04-01,jepx-spread-top8-kyushu,kyushu,5.34375,https://www.jepx.jp/_download.php?dir=spot_summary&file=spot_summary_2019.csv
2019-04-02,jepx-spread-top8-kyushu,kyushu,4.83375,https://www.jepx.jp/_download.php?dir=spot_summary&file=spot_summary_2019.csv
2019-04-03,jepx-spread-top8-kyushu,kyushu,5.463749999999999,https://www.jepx.jp/_download.php?dir=spot_summary&file=spot_summary_2019.csv
2019-04-04,jepx-spread-top8-kyushu,kyushu,5.308750000000002,https://www.jepx.jp/_download.php?dir=spot_summary&file=spot_summary_2019.csv
2019-04-05,jepx-spread-top8-kyushu,kyushu,2.70875,https://www.jepx.jp/_download.php?dir=spot_summary&file=spot_summary_2019.csv
2019-04-06,jepx-spread-top8-kyushu,kyushu,7.683750000000001,https://www.jepx.jp/_download.php?dir=spot_summary&file=spot_summary_2019.csv
2019-04-07,jepx-spread-top8-kyushu,kyushu,7.20625,https://www.jepx.jp/_download.php?dir=spot_summary&file=spot_summary_2019.csv
2019-04-08,jepx-spread-top8-kyushu,kyushu,4.20625,https://www.jepx.jp/_download.php?dir=spot_summary&file=spot_summary_2019.csv
2019-04-09,jepx-spread-top8-kyushu,kyushu,5.23,https://www.jepx.jp/_download.php?dir=spot_summary&file=spot_summary_2019.csv
2019-04-10,jepx-spread-top8-kyushu,kyushu,4.38125,https://www.jepx.jp/_download.php?dir=spot_summary&file=spot_summary_2019.csv
2019-04-11,jepx-spread-top8-kyushu,kyushu,4.43125,https://www.jepx.jp/_download.php?dir=spot_summary&file=spot_summary_2019.csv
2019-04-12,jepx-spread-top8-kyushu,kyushu,4.992500000000001,https://www.jepx.jp/_download.php?dir=spot_summary&file=spot_summary_2019.csv
2019-04-13,jepx-spread-top8-kyushu,kyushu,9.280000000000001,https://www.jepx.jp/_download.php?dir=spot_summary&file=spot_summary_2019.csv
2019-04-14,jepx-spread-top8-kyushu,kyushu,2.981250000000001,https://www.jepx.jp/_download.php?dir=spot_summary&file=spot_summary_2019.csv
2019-04-15,jepx-spread-top8-kyushu,kyushu,5.040000000000001,https://www.jepx.jp/_download.php?dir=spot_summary&file=spot_summary_2019.csv
2019-04-16,jepx-spread-top8-kyushu,kyushu,4.1625000000000005,https://www.jepx.jp/_download.php?dir=spot_summary&file=spot_summary_2019.csv
2019-04-17,jepx-spread-top8-kyushu,kyushu,3.2387500000000005,https://www.jepx.jp/_download.php?dir=spot_summary&file=spot_summary_2019.csv
2019-04-18,jepx-spread-top8-kyushu,kyushu,4.956250000000001,https://www.jepx.jp/_download.php?dir=spot_summary&file=spot_summary_2019.csv
2019-04-19,jepx-spread-top8-kyushu,kyushu,4.55,https://www.jepx.jp/_download.php?dir=spot_summary&file=spot_summary_2019.csv
2019-04-20,jepx-spread-top8-kyushu,kyushu,8.615,https://www.jepx.jp/_download.php?dir=spot_summary&file=spot_summary_2019.csv
2019-04-21,jepx-spread-top8-kyushu,kyushu,5.6587499999999995,https://www.jepx.jp/_download.php?dir=spot_summary&file=spot_summary_2019.csv
2019-04-22,jepx-spread-top8-kyushu,kyushu,4.1,https://www.jepx.jp/_download.php?dir=spot_summary&file=spot_summary_2019.csv
2019-04-23,jepx-spread-top8-kyushu,kyushu,3.1037500000000007,https://www.jepx.jp/_download.php?dir=spot_summary&file=spot_summary_2019.csv
2019-04-24,jepx-spread-top8-kyushu,kyushu,2.9612499999999997,https://www.jepx.jp/_download.php?dir=spot_summary&file=spot_summary_2019.csv
2019-04-25,jepx-spread-top8-kyushu,kyushu,3.4775,https://www.jepx.jp/_download.php?dir=spot_summary&file=spot_summary_2019.csv
2019-04-26,jepx-spread-top8-kyushu,kyushu,3.41625,https://www.jepx.jp/_download.php?dir=spot_summary&file=spot_summary_2019.csv
2019-04-27,jepx-spread-top8-kyushu,kyushu,7.055000000000001,https://www.jepx.jp/_download.php?dir=spot_summary&file=spot_summary_2019.csv
2019-04-28,jepx-spread-top8-kyushu,kyushu,9.086250000000001,https://www.jepx.jp/_download.php?dir=spot_summary&file=spot_summary_2019.csv
2019-04-29,jepx-spread-top8-kyushu,kyushu,3.879999999999999,https://www.jepx.jp/_download.php?dir=spot_summary&file=spot_summary_2019.csv
2019-04-30,jepx-spread-top8-kyushu,kyushu,4.606249999999999,https://www.jepx.jp/_download.php?dir=spot_summary&file=spot_summary_2019.csv
2019-05-01,jepx-spread-top8-kyushu,kyushu,6.0925,https://www.jepx.jp/_download.php?dir=spot_summary&file=spot_summary_2019.csv
2019-05-02,jepx-spread-top8-kyushu,kyushu,9.02625,https://www.jepx.jp/_download.php?dir=spot_summary&file=spot_summary_2019.csv
2019-05-03,jepx-spread-top8-kyushu,kyushu,9.284999999999998,https://www.jepx.jp/_download.php?dir=spot_summary&file=spot_summary_2019.csv
2019-05-04,jepx-spread-top8-kyushu,kyushu,8.116249999999999,https://www.jepx.jp/_download.php?dir=spot_summary&file=spot_summary_2019.csv
2019-05-05,jepx-spread-top8-kyushu,kyushu,7.450000000000001,https://www.jepx.jp/_download.php?dir=spot_summary&file=spot_summary_2019.csv
2019-05-06,jepx-spread-top8-kyushu,kyushu,7.824999999999999,https://www.jepx.jp/_download.php?dir=spot_summary&file=spot_summary_2019.csv
2019-05-07,jepx-spread-top8-kyushu,kyushu,4.3549999999999995,https://www.jepx.jp/_download.php?dir=spot_summary&file=spot_summary_2019.csv
2019-05-08,jepx-spread-top8-kyushu,kyushu,4.035,https://www.jepx.jp/_download.php?dir=spot_summary&file=spot_summary_2019.csv
2019-05-09,jepx-spread-top8-kyushu,kyushu,4.0912500000000005,https://www.jepx.jp/_download.php?dir=spot_summary&file=spot_summary_2019.csv
2019-05-10,jepx-spread-top8-kyushu,kyushu,3.2974999999999994,https://www.jepx.jp/_download.php?dir=spot_summary&file=spot_summary_2019.csv
2019-05-11,jepx-spread-top8-kyushu,kyushu,6.713749999999998,https://www.jepx.jp/_download.php?dir=spot_summary&file=spot_summary_2019.csv
2019-05-12,jepx-spread-top8-kyushu,kyushu,7.258749999999999,https://www.jepx.jp/_download.php?dir=spot_summary&file=spot_summary_2019.csv
2019-05-13,jepx-spread-top8-kyushu,kyushu,4.297499999999999,https://www.jepx.jp/_download.php?dir=spot_summary&file=spot_summary_2019.csv
2019-05-14,jepx-spread-top8-kyushu,kyushu,3.6950000000000003,https://www.jepx.jp/_download.php?dir=spot_summary&file=spot_summary_2019.csv
2019-05-15,jepx-spread-top8-kyushu,kyushu,3.59,https://www.jepx.jp/_download.php?dir=spot_summary&file=spot_summary_2019.csv
2019-05-16,jepx-spread-top8-kyushu,kyushu,3.585,https://www.jepx.jp/_download.php?dir=spot_summary&file=spot_summary_2019.csv
2019-05-17,jepx-spread-top8-kyushu,kyushu,3.7937499999999993,https://www.jepx.jp/_download.php?dir=spot_summary&file=spot_summary_2019.csv
2019-05-18,jepx-spread-top8-kyushu,kyushu,2.37125,https://www.jepx.jp/_download.php?dir=spot_summary&file=spot_summary_2019.csv
2019-05-19,jepx-spread-top8-kyushu,kyushu,2.7525000000000013,https://www.jepx.jp/_download.php?dir=spot_summary&file=spot_summary_2019.csv
2019-05-20,jepx-spread-top8-kyushu,kyushu,4.15625,https://www.jepx.jp/_download.php?dir=spot_summary&file=spot_summary_2019.csv
2019-05-21,jepx-spread-top8-kyushu,kyushu,6.95125,https://www.jepx.jp/_download.php?dir=spot_summary&file=spot_summary_2019.csv
2019-05-22,jepx-spread-top8-kyushu,kyushu,6.67375,https://www.jepx.jp/_download.php?dir=spot_summary&file=spot_summary_2019.csv
2019-05-23,jepx-spread-top8-kyushu,kyushu,5.08,https://www.jepx.jp/_download.php?dir=spot_summary&file=spot_summary_2019.csv
2019-05-24,jepx-spread-top8-kyushu,kyushu,5.0337499999999995,https://www.jepx.jp/_download.php?dir=spot_summary&file=spot_summary_2019.csv
2019-05-25,jepx-spread-top8-kyushu,kyushu,9.16,https://www.jepx.jp/_download.php?dir=spot_summary&file=spot_summary_2019.csv
2019-05-26,jepx-spread-top8-kyushu,kyushu,4.651249999999999,https://www.jepx.jp/_download.php?dir=spot_summary&file=spot_summary_2019.csv
2019-05-27,jepx-spread-top8-kyushu,kyushu,4.38875,https://www.jepx.jp/_download.php?dir=spot_summary&file=spot_summary_2019.csv
2019-05-28,jepx-spread-top8-kyushu,kyushu,3.835000000000001,https://www.jepx.jp/_download.php?dir=spot_summary&file=spot_summary_2019.csv
2019-05-29,jepx-spread-top8-kyushu,kyushu,3.7699999999999996,https://www.jepx.jp/_download.php?dir=spot_summary&file=spot_summary_2019.csv
2019-05-30,jepx-spread-top8-kyushu,kyushu,4.625,https://www.jepx.jp/_download.php?dir=spot_summary&file=spot_summary_2019.csv
2019-05-31,jepx-spread-top8-kyushu,kyushu,3.873750000000001,https://www.jepx.jp/_download.php?dir=spot_summary&file=spot_summary_2019.csv
2019-06-01,jepx-spread-top8-kyushu,kyushu,4.061249999999999,https://www.jepx.jp/_download.php?dir=spot_summary&file=spot_summary_2019.csv
2019-06-02,jepx-spread-top8-kyushu,kyushu,3.094999999999999,https://www.jepx.jp/_download.php?dir=spot_summary&file=spot_summary_2019.csv
2019-06-03,jepx-spread-top8-kyushu,kyushu,4.24625,https://www.jepx.jp/_download.php?dir=spot_summary&file=spot_summary_2019.csv
2019-06-04,jepx-spread-top8-kyushu,kyushu,3.57125,https://www.jepx.jp/_download.php?dir=spot_summary&file=spot_summary_2019.csv
2019-06-05,jepx-spread-top8-kyushu,kyushu,5.335,https://www.jepx.jp/_download.php?dir=spot_summary&file=spot_summary_2019.csv
2019-06-06,jepx-spread-top8-kyushu,kyushu,4.971249999999999,https://www.jepx.jp/_download.php?dir=spot_summary&file=spot_summary_2019.csv
2019-06-07,jepx-spread-top8-kyushu,kyushu,5.83,https://www.jepx.jp/_download.php?dir=spot_summary&file=spot_summary_2019.csv
2019-06-08,jepx-spread-top8-kyushu,kyushu,3.771250000000002,https://www.jepx.jp/_download.php?dir=spot_summary&file=spot_summary_2019.csv
2019-06-09,jepx-spread-top8-kyushu,kyushu,4.067500000000001,https://www.jepx.jp/_download.php?dir=spot_summary&file=spot_summary_2019.csv
2019-06-10,jepx-spread-top8-kyushu,kyushu,4.39,https://www.jepx.jp/_download.php?dir=spot_summary&file=spot_summary_2019.csv
2019-06-11,jepx-spread-top8-kyushu,kyushu,3.9699999999999998,https://www.jepx.jp/_download.php?dir=spot_summary&file=spot_summary_2019.csv
2019-06-12,jepx-spread-top8-kyushu,kyushu,4.54375,https://www.jepx.jp/_download.php?dir=spot_summary&file=spot_summary_2019.csv
2019-06-13,jepx-spread-top8-kyushu,kyushu,4.045,https://www.jepx.jp/_download.php?dir=spot_summary&file=spot_summary_2019.csv
2019-06-14,jepx-spread-top8-kyushu,kyushu,3.6637499999999994,https://www.jepx.jp/_download.php?dir=spot_summary&file=spot_summary_2019.csv
2019-06-15,jepx-spread-top8-kyushu,kyushu,3.0287499999999996,https://www.jepx.jp/_download.php?dir=spot_summary&file=spot_summary_2019.csv
2019-06-16,jepx-spread-top8-kyushu,kyushu,6.452500000000001,https://www.jepx.jp/_download.php?dir=spot_summary&file=spot_summary_2019.csv
2019-06-17,jepx-spread-top8-kyushu,kyushu,4.21125,https://www.jepx.jp/_download.php?dir=spot_summary&file=spot_summary_2019.csv
2019-06-18,jepx-spread-top8-kyushu,kyushu,3.8125,https://www.jepx.jp/_download.php?dir=spot_summary&file=spot_summary_2019.csv
2019-06-19,jepx-spread-top8-kyushu,kyushu,3.1937499999999996,https://www.jepx.jp/_download.php?dir=spot_summary&file=spot_summary_2019.csv
2019-06-20,jepx-spread-top8-kyushu,kyushu,3.436250000000001,https://www.jepx.jp/_download.php?dir=spot_summary&file=spot_summary_2019.csv
2019-06-21,jepx-spread-top8-kyushu,kyushu,3.78125,https://www.jepx.jp/_download.php?dir=spot_summary&file=spot_summary_2019.csv
2019-06-22,jepx-spread-top8-kyushu,kyushu,2.675,https://www.jepx.jp/_download.php?dir=spot_summary&file=spot_summary_2019.csv
2019-06-23,jepx-spread-top8-kyushu,kyushu,2.827499999999999,https://www.jepx.jp/_download.php?dir=spot_summary&file=spot_summary_2019.csv
2019-06-24,jepx-spread-top8-kyushu,kyushu,3.067500000000001,https://www.jepx.jp/_download.php?dir=spot_summary&file=spot_summary_2019.csv
2019-06-25,jepx-spread-top8-kyushu,kyushu,3.0737500000000004,https://www.jepx.jp/_download.php?dir=spot_summary&file=spot_summary_2019.csv
2019-06-26,jepx-spread-top8-kyushu,kyushu,3.62125,https://www.jepx.jp/_download.php?dir=spot_summary&file=spot_summary_2019.csv
2019-06-27,jepx-spread-top8-kyushu,kyushu,6.216249999999999,https://www.jepx.jp/_download.php?dir=spot_summary&file=spot_summary_2019.csv
2019-06-28,jepx-spread-top8-kyushu,kyushu,4.04,https://www.jepx.jp/_download.php?dir=spot_summary&file=spot_summary_2019.csv
2019-06-29,jepx-spread-top8-kyushu,kyushu,3.5199999999999996,https://www.jepx.jp/_download.php?dir=spot_summary&file=spot_summary_2019.csv
2019-06-30,jepx-spread-top8-kyushu,kyushu,3.0787499999999994,https://www.jepx.jp/_download.php?dir=spot_summary&file=spot_summary_2019.csv
2019-07-01,jepx-spread-top8-kyushu,kyushu,4.53125,https://www.jepx.jp/_download.php?dir=spot_summary&file=spot_summary_2019.csv
2019-07-02,jepx-spread-top8-kyushu,kyushu,3.6449999999999996,https://www.jepx.jp/_download.php?dir=spot_summary&file=spot_summary_2019.csv
2019-07-03,jepx-spread-top8-kyushu,kyushu,3.8275000000000006,https://www.jepx.jp/_download.php?dir=spot_summary&file=spot_summary_2019.csv
2019-07-04,jepx-spread-top8-kyushu,kyushu,3.178749999999999,https://www.jepx.jp/_download.php?dir=spot_summary&file=spot_summary_2019.csv
2019-07-05,jepx-spread-top8-kyushu,kyushu,3.370000000000001,https://www.jepx.jp/_download.php?dir=spot_summary&file=spot_summary_2019.csv
2019-07-06,jepx-spread-top8-kyushu,kyushu,2.5062499999999996,https://www.jepx.jp/_download.php?dir=spot_summary&file=spot_summary_2019.csv
2019-07-07,jepx-spread-top8-kyushu,kyushu,3.1499999999999986,https://www.jepx.jp/_download.php?dir=spot_summary&file=spot_summary_2019.csv
2019-07-08,jepx-spread-top8-kyushu,kyushu,2.8162499999999993,https://www.jepx.jp/_download.php?dir=spot_summary&file=spot_summary_2019.csv
2019-07-09,jepx-spread-top8-kyushu,kyushu,2.0250000000000004,https://www.jepx.jp/_download.php?dir=spot_summary&file=spot_summary_2019.csv
2019-07-10,jepx-spread-top8-kyushu,kyushu,2.2662499999999994,https://www.jepx.jp/_download.php?dir=spot_summary&file=spot_summary_2019.csv
2019-07-11,jepx-spread-top8-kyushu,kyushu,1.7650000000000006,https://www.jepx.jp/_download.php?dir=spot_summary&file=spot_summary_2019.csv
2019-07-12,jepx-spread-top8-kyushu,kyushu,3.4124999999999988,https://www.jepx.jp/_download.php?dir=spot_summary&file=spot_summary_2019.csv
2019-07-13,jepx-spread-top8-kyushu,kyushu,4.01,https://www.jepx.jp/_download.php?dir=spot_summary&file=spot_summary_2019.csv
2019-07-14,jepx-spread-top8-kyushu,kyushu,2.8525,https://www.jepx.jp/_download.php?dir=spot_summary&file=spot_summary_2019.csv
2019-07-15,jepx-spread-top8-kyushu,kyushu,3.219999999999999,https://www.jepx.jp/_download.php?dir=spot_summary&file=spot_summary_2019.csv
2019-07-16,jepx-spread-top8-kyushu,kyushu,4.053750000000001,https://www.jepx.jp/_download.php?dir=spot_summary&file=spot_summary_2019.csv
2019-07-17,jepx-spread-top8-kyushu,kyushu,3.0387499999999985,https://www.jepx.jp/_download.php?dir=spot_summary&file=spot_summary_2019.csv
2019-07-18,jepx-spread-top8-kyushu,kyushu,3.4899999999999984,https://www.jepx.jp/_download.php?dir=spot_summary&file=spot_summary_2019.csv
2019-07-19,jepx-spread-top8-kyushu,kyushu,3.747499999999998,https://www.jepx.jp/_download.php?dir=spot_summary&file=spot_summary_2019.csv
2019-07-20,jepx-spread-top8-kyushu,kyushu,2.7125000000000004,https://www.jepx.jp/_download.php?dir=spot_summary&file=spot_summary_2019.csv
2019-07-21,jepx-spread-top8-kyushu,kyushu,3.057499999999999,https://www.jepx.jp/_download.php?dir=spot_summary&file=spot_summary_2019.csv
2019-07-22,jepx-spread-top8-kyushu,kyushu,3.584999999999999,https://www.jepx.jp/_download.php?dir=spot_summary&file=spot_summary_2019.csv
2019-07-23,jepx-spread-top8-kyushu,kyushu,3.3149999999999986,https://www.jepx.jp/_download.php?dir=spot_summary&file=spot_summary_2019.csv
2019-07-24,jepx-spread-top8-kyushu,kyushu,4.43375,https://www.jepx.jp/_download.php?dir=spot_summary&file=spot_summary_2019.csv
2019-07-25,jepx-spread-top8-kyushu,kyushu,4.105,https://www.jepx.jp/_download.php?dir=spot_summary&file=spot_summary_2019.csv
2019-07-26,jepx-spread-top8-kyushu,kyushu,4.512500000000002,https://www.jepx.jp/_download.php?dir=spot_summary&file=spot_summary_2019.csv
2019-07-27,jepx-spread-top8-kyushu,kyushu,3.22375,https://www.jepx.jp/_download.php?dir=spot_summary&file=spot_summary_2019.csv
2019-07-28,jepx-spread-top8-kyushu,kyushu,4.88625,https://www.jepx.jp/_download.php?dir=spot_summary&file=spot_summary_2019.csv
2019-07-29,jepx-spread-top8-kyushu,kyushu,8.3525,https://www.jepx.jp/_download.php?dir=spot_summary&file=spot_summary_2019.csv
2019-07-30,jepx-spread-top8-kyushu,kyushu,5.936249999999999,https://www.jepx.jp/_download.php?dir=spot_summary&file=spot_summary_2019.csv
2019-07-31,jepx-spread-top8-kyushu,kyushu,7.179999999999999,https://www.jepx.jp/_download.php?dir=spot_summary&file=spot_summary_2019.csv
2019-08-01,jepx-spread-top8-kyushu,kyushu,12.82875,https://www.jepx.jp/_download.php?dir=spot_summary&file=spot_summary_2019.csv
2019-08-02,jepx-spread-top8-kyushu,kyushu,12.16625,https://www.jepx.jp/_download.php?dir=spot_summary&file=spot_summary_2019.csv
2019-08-03,jepx-spread-top8-kyushu,kyushu,5.946249999999999,https://www.jepx.jp/_download.php?dir=spot_summary&file=spot_summary_2019.csv
2019-08-04,jepx-spread-top8-kyushu,kyushu,9.0125,https://www.jepx.jp/_download.php?dir=spot_summary&file=spot_summary_2019.csv
2019-08-05,jepx-spread-top8-kyushu,kyushu,10.939999999999998,https://www.jepx.jp/_download.php?dir=spot_summary&file=spot_summary_2019.csv
2019-08-06,jepx-spread-top8-kyushu,kyushu,15.578749999999996,https://www.jepx.jp/_download.php?dir=spot_summary&file=spot_summary_2019.csv
2019-08-07,jepx-spread-top8-kyushu,kyushu,14.523749999999998,https://www.jepx.jp/_download.php?dir=spot_summary&file=spot_summary_2019.csv
2019-08-08,jepx-spread-top8-kyushu,kyushu,23.745,https://www.jepx.jp/_download.php?dir=spot_summary&file=spot_summary_2019.csv
2019-08-09,jepx-spread-top8-kyushu,kyushu,20.515,https://www.jepx.jp/_download.php?dir=spot_summary&file=spot_summary_2019.csv
2019-08-10,jepx-spread-top8-kyushu,kyushu,10.202500000000002,https://www.jepx.jp/_download.php?dir=spot_summary&file=spot_summary_2019.csv
2019-08-11,jepx-spread-top8-kyushu,kyushu,7.233750000000001,https://www.jepx.jp/_download.php?dir=spot_summary&file=spot_summary_2019.csv
2019-08-12,jepx-spread-top8-kyushu,kyushu,5.703749999999999,https://www.jepx.jp/_download.php?dir=spot_summary&file=spot_summary_2019.csv
2019-08-13,jepx-spread-top8-kyushu,kyushu,5.880000000000001,https://www.jepx.jp/_download.php?dir=spot_summary&file=spot_summary_2019.csv
2019-08-14,jepx-spread-top8-kyushu,kyushu,6.21,https://www.jepx.jp/_download.php?dir=spot_summary&file=spot_summary_2019.csv
2019-08-15,jepx-spread-top8-kyushu,kyushu,5.419999999999999,https://www.jepx.jp/_download.php?dir=spot_summary&file=spot_summary_2019.csv
2019-08-16,jepx-spread-top8-kyushu,kyushu,7.777500000000002,https://www.jepx.jp/_download.php?dir=spot_summary&file=spot_summary_2019.csv
2019-08-17,jepx-spread-top8-kyushu,kyushu,12.615,https://www.jepx.jp/_download.php?dir=spot_summary&file=spot_summary_2019.csv
2019-08-18,jepx-spread-top8-kyushu,kyushu,7.907500000000001,https://www.jepx.jp/_download.php?dir=spot_summary&file=spot_summary_2019.csv
2019-08-19,jepx-spread-top8-kyushu,kyushu,24.0775,https://www.jepx.jp/_download.php?dir=spot_summary&file=spot_summary_2019.csv
2019-08-20,jepx-spread-top8-kyushu,kyushu,17.58,https://www.jepx.jp/_download.php?dir=spot_summary&file=spot_summary_2019.csv
2019-08-21,jepx-spread-top8-kyushu,kyushu,6.8950000000000005,https://www.jepx.jp/_download.php?dir=spot_summary&file=spot_summary_2019.csv
2019-08-22,jepx-spread-top8-kyushu,kyushu,5.487500000000001,https://www.jepx.jp/_download.php?dir=spot_summary&file=spot_summary_2019.csv
2019-08-23,jepx-spread-top8-kyushu,kyushu,5.31625,https://www.jepx.jp/_download.php?dir=spot_summary&file=spot_summary_2019.csv
2019-08-24,jepx-spread-top8-kyushu,kyushu,3.987499999999999,https://www.jepx.jp/_download.php?dir=spot_summary&file=spot_summary_2019.csv
2019-08-25,jepx-spread-top8-kyushu,kyushu,4.32,https://www.jepx.jp/_download.php?dir=spot_summary&file=spot_summary_2019.csv
2019-08-26,jepx-spread-top8-kyushu,kyushu,6.4175,https://www.jepx.jp/_download.php?dir=spot_summary&file=spot_summary_2019.csv
2019-08-27,jepx-spread-top8-kyushu,kyushu,5.51,https://www.jepx.jp/_download.php?dir=spot_summary&file=spot_summary_2019.csv
2019-08-28,jepx-spread-top8-kyushu,kyushu,4.2875000000000005,https://www.jepx.jp/_download.php?dir=spot_summary&file=spot_summary_2019.csv
2019-08-29,jepx-spread-top8-kyushu,kyushu,4.33375,https://www.jepx.jp/_download.php?dir=spot_summary&file=spot_summary_2019.csv
2019-08-30,jepx-spread-top8-kyushu,kyushu,4.27125,https://www.jepx.jp/_download.php?dir=spot_summary&file=spot_summary_2019.csv
2019-08-31,jepx-spread-top8-kyushu,kyushu,3.6450000000000005,https://www.jepx.jp/_download.php?dir=spot_summary&file=spot_summary_2019.csv
2019-09-01,jepx-spread-top8-kyushu,kyushu,5.765000000000001,https://www.jepx.jp/_download.php?dir=spot_summary&file=spot_summary_2019.csv
2019-09-02,jepx-spread-top8-kyushu,kyushu,8.41,https://www.jepx.jp/_download.php?dir=spot_summary&file=spot_summary_2019.csv
2019-09-03,jepx-spread-top8-kyushu,kyushu,5.918750000000001,https://www.jepx.jp/_download.php?dir=spot_summary&file=spot_summary_2019.csv
2019-09-04,jepx-spread-top8-kyushu,kyushu,4.6625,https://www.jepx.jp/_download.php?dir=spot_summary&file=spot_summary_2019.csv
2019-09-05,jepx-spread-top8-kyushu,kyushu,5.125,https://www.jepx.jp/_download.php?dir=spot_summary&file=spot_summary_2019.csv
2019-09-06,jepx-spread-top8-kyushu,kyushu,6.250000000000001,https://www.jepx.jp/_download.php?dir=spot_summary&file=spot_summary_2019.csv
2019-09-07,jepx-spread-top8-kyushu,kyushu,4.81125,https://www.jepx.jp/_download.php?dir=spot_summary&file=spot_summary_2019.csv
2019-09-08,jepx-spread-top8-kyushu,kyushu,6.639999999999999,https://www.jepx.jp/_download.php?dir=spot_summary&file=spot_summary_2019.csv
2019-09-09,jepx-spread-top8-kyushu,kyushu,24.828750000000003,https://www.jepx.jp/_download.php?dir=spot_summary&file=spot_summary_2019.csv
2019-09-10,jepx-spread-top8-kyushu,kyushu,36.48625,https://www.jepx.jp/_download.php?dir=spot_summary&file=spot_summary_2019.csv
2019-09-11,jepx-spread-top8-kyushu,kyushu,22.3125,https://www.jepx.jp/_download.php?dir=spot_summary&file=spot_summary_2019.csv
2019-09-12,jepx-spread-top8-kyushu,kyushu,27.654999999999998,https://www.jepx.jp/_download.php?dir=spot_summary&file=spot_summary_2019.csv
2019-09-13,jepx-spread-top8-kyushu,kyushu,4.936249999999999,https://www.jepx.jp/_download.php?dir=spot_summary&file=spot_summary_2019.csv
2019-09-14,jepx-spread-top8-kyushu,kyushu,4.188749999999999,https://www.jepx.jp/_download.php?dir=spot_summary&file=spot_summary_2019.csv
2019-09-15,jepx-spread-top8-kyushu,kyushu,5.115,https://www.jepx.jp/_download.php?dir=spot_summary&file=spot_summary_2019.csv
2019-09-16,jepx-spread-top8-kyushu,kyushu,7.866249999999998,https://www.jepx.jp/_download.php?dir=spot_summary&file=spot_summary_2019.csv
2019-09-17,jepx-spread-top8-kyushu,kyushu,18.661250000000003,https://www.jepx.jp/_download.php?dir=spot_summary&file=spot_summary_2019.csv
2019-09-18,jepx-spread-top8-kyushu,kyushu,4.002499999999999,https://www.jepx.jp/_download.php?dir=spot_summary&file=spot_summary_2019.csv
2019-09-19,jepx-spread-top8-kyushu,kyushu,4.266249999999999,https://www.jepx.jp/_download.php?dir=spot_summary&file=spot_summary_2019.csv
2019-09-20,jepx-spread-top8-kyushu,kyushu,3.14375,https://www.jepx.jp/_download.php?dir=spot_summary&file=spot_summary_2019.csv
2019-09-21,jepx-spread-top8-kyushu,kyushu,2.388749999999999,https://www.jepx.jp/_download.php?dir=spot_summary&file=spot_summary_2019.csv
2019-09-22,jepx-spread-top8-kyushu,kyushu,3.0250000000000004,https://www.jepx.jp/_download.php?dir=spot_summary&file=spot_summary_2019.csv
2019-09-23,jepx-spread-top8-kyushu,kyushu,4.057500000000001,https://www.jepx.jp/_download.php?dir=spot_summary&file=spot_summary_2019.csv
2019-09-24,jepx-spread-top8-kyushu,kyushu,5.323750000000002,https://www.jepx.jp/_download.php?dir=spot_summary&file=spot_summary_2019.csv
2019-09-25,jepx-spread-top8-kyushu,kyushu,5.029999999999999,https://www.jepx.jp/_download.php?dir=spot_summary&file=spot_summary_2019.csv
2019-09-26,jepx-spread-top8-kyushu,kyushu,4.1412499999999985,https://www.jepx.jp/_download.php?dir=spot_summary&file=spot_summary_2019.csv
2019-09-27,jepx-spread-top8-kyushu,kyushu,3.478749999999998,https://www.jepx.jp/_download.php?dir=spot_summary&file=spot_summary_2019.csv
2019-09-28,jepx-spread-top8-kyushu,kyushu,2.959999999999999,https://www.jepx.jp/_download.php?dir=spot_summary&file=spot_summary_2019.csv
2019-09-29,jepx-spread-top8-kyushu,kyushu,3.772500000000001,https://www.jepx.jp/_download.php?dir=spot_summary&file=spot_summary_2019.csv
2019-09-30,jepx-spread-top8-kyushu,kyushu,6.617500000000001,https://www.jepx.jp/_download.php?dir=spot_summary&file=spot_summary_2019.csv
2019-10-01,jepx-spread-top8-kyushu,kyushu,7.43625,https://www.jepx.jp/_download.php?dir=spot_summary&file=spot_summary_2019.csv
2019-10-02,jepx-spread-top8-kyushu,kyushu,10.588750000000003,https://www.jepx.jp/_download.php?dir=spot_summary&file=spot_summary_2019.csv
2019-10-03,jepx-spread-top8-kyushu,kyushu,7.060000000000001,https://www.jepx.jp/_download.php?dir=spot_summary&file=spot_summary_2019.csv
2019-10-04,jepx-spread-top8-kyushu,kyushu,11.00375,https://www.jepx.jp/_download.php?dir=spot_summary&file=spot_summary_2019.csv
2019-10-05,jepx-spread-top8-kyushu,kyushu,6.063749999999999,https://www.jepx.jp/_download.php?dir=spot_summary&file=spot_summary_2019.csv
2019-10-06,jepx-spread-top8-kyushu,kyushu,4.8,https://www.jepx.jp/_download.php?dir=spot_summary&file=spot_summary_2019.csv
2019-10-07,jepx-spread-top8-kyushu,kyushu,6.851250000000001,https://www.jepx.jp/_download.php?dir=spot_summary&file=spot_summary_2019.csv
2019-10-08,jepx-spread-top8-kyushu,kyushu,4.51125,https://www.jepx.jp/_download.php?dir=spot_summary&file=spot_summary_2019.csv
2019-10-09,jepx-spread-top8-kyushu,kyushu,5.9762499999999985,https://www.jepx.jp/_download.php?dir=spot_summary&file=spot_summary_2019.csv
2019-10-10,jepx-spread-top8-kyushu,kyushu,4.473750000000001,https://www.jepx.jp/_download.php?dir=spot_summary&file=spot_summary_2019.csv
2019-10-11,jepx-spread-top8-kyushu,kyushu,3.677500000000001,https://www.jepx.jp/_download.php?dir=spot_summary&file=spot_summary_2019.csv
2019-10-12,jepx-spread-top8-kyushu,kyushu,3.1987499999999995,https://www.jepx.jp/_download.php?dir=spot_summary&file=spot_summary_2019.csv
2019-10-13,jepx-spread-top8-kyushu,kyushu,8.2175,https://www.jepx.jp/_download.php?dir=spot_summary&file=spot_summary_2019.csv
2019-10-14,jepx-spread-top8-kyushu,kyushu,9.477500000000001,https://www.jepx.jp/_download.php?dir=spot_summary&file=spot_summary_2019.csv
2019-10-15,jepx-spread-top8-kyushu,kyushu,7.296249999999999,https://www.jepx.jp/_download.php?dir=spot_summary&file=spot_summary_2019.csv
2019-10-16,jepx-spread-top8-kyushu,kyushu,8.135,https://www.jepx.jp/_download.php?dir=spot_summary&file=spot_summary_2019.csv
2019-10-17,jepx-spread-top8-kyushu,kyushu,3.7337500000000006,https://www.jepx.jp/_download.php?dir=spot_summary&file=spot_summary_2019.csv
2019-10-18,jepx-spread-top8-kyushu,kyushu,4.532500000000001,https://www.jepx.jp/_download.php?dir=spot_summary&file=spot_summary_2019.csv
2019-10-19,jepx-spread-top8-kyushu,kyushu,1.9549999999999992,https://www.jepx.jp/_download.php?dir=spot_summary&file=spot_summary_2019.csv
2019-10-20,jepx-spread-top8-kyushu,kyushu,3.5549999999999997,https://www.jepx.jp/_download.php?dir=spot_summary&file=spot_summary_2019.csv
2019-10-21,jepx-spread-top8-kyushu,kyushu,3.7437500000000004,https://www.jepx.jp/_download.php?dir=spot_summary&file=spot_summary_2019.csv
2019-10-22,jepx-spread-top8-kyushu,kyushu,3.20125,https://www.jepx.jp/_download.php?dir=spot_summary&file=spot_summary_2019.csv
2019-10-23,jepx-spread-top8-kyushu,kyushu,3.85375,https://www.jepx.jp/_download.php?dir=spot_summary&file=spot_summary_2019.csv
2019-10-24,jepx-spread-top8-kyushu,kyushu,3.8324999999999996,https://www.jepx.jp/_download.php?dir=spot_summary&file=spot_summary_2019.csv
2019-10-25,jepx-spread-top8-kyushu,kyushu,3.1549999999999994,https://www.jepx.jp/_download.php?dir=spot_summary&file=spot_summary_2019.csv
2019-10-26,jepx-spread-top8-kyushu,kyushu,3.0062499999999996,https://www.jepx.jp/_download.php?dir=spot_summary&file=spot_summary_2019.csv
2019-10-27,jepx-spread-top8-kyushu,kyushu,7.92375,https://www.jepx.jp/_download.php?dir=spot_summary&file=spot_summary_2019.csv
2019-10-28,jepx-spread-top8-kyushu,kyushu,4.982499999999999,https://www.jepx.jp/_download.php?dir=spot_summary&file=spot_summary_2019.csv
2019-10-29,jepx-spread-top8-kyushu,kyushu,3.8412500000000005,https://www.jepx.jp/_download.php?dir=spot_summary&file=spot_summary_2019.csv
2019-10-30,jepx-spread-top8-kyushu,kyushu,4.443749999999999,https://www.jepx.jp/_download.php?dir=spot_summary&file=spot_summary_2019.csv
2019-10-31,jepx-spread-top8-kyushu,kyushu,7.816250000000001,https://www.jepx.jp/_download.php?dir=spot_summary&file=spot_summary_2019.csv
2019-11-01,jepx-spread-top8-kyushu,kyushu,7.139999999999999,https://www.jepx.jp/_download.php?dir=spot_summary&file=spot_summary_2019.csv
2019-11-02,jepx-spread-top8-kyushu,kyushu,7.6575,https://www.jepx.jp/_download.php?dir=spot_summary&file=spot_summary_2019.csv
2019-11-03,jepx-spread-top8-kyushu,kyushu,4.12875,https://www.jepx.jp/_download.php?dir=spot_summary&file=spot_summary_2019.csv
2019-11-04,jepx-spread-top8-kyushu,kyushu,7.960000000000001,https://www.jepx.jp/_download.php?dir=spot_summary&file=spot_summary_2019.csv
2019-11-05,jepx-spread-top8-kyushu,kyushu,6.90125,https://www.jepx.jp/_download.php?dir=spot_summary&file=spot_summary_2019.csv
2019-11-06,jepx-spread-top8-kyushu,kyushu,8.3425,https://www.jepx.jp/_download.php?dir=spot_summary&file=spot_summary_2019.csv
2019-11-07,jepx-spread-top8-kyushu,kyushu,4.151250000000001,https://www.jepx.jp/_download.php?dir=spot_summary&file=spot_summary_2019.csv
2019-11-08,jepx-spread-top8-kyushu,kyushu,6.192500000000001,https://www.jepx.jp/_download.php?dir=spot_summary&file=spot_summary_2019.csv
2019-11-09,jepx-spread-top8-kyushu,kyushu,7.5275,https://www.jepx.jp/_download.php?dir=spot_summary&file=spot_summary_2019.csv
2019-11-10,jepx-spread-top8-kyushu,kyushu,8.40375,https://www.jepx.jp/_download.php?dir=spot_summary&file=spot_summary_2019.csv
2019-11-11,jepx-spread-top8-kyushu,kyushu,8.272499999999999,https://www.jepx.jp/_download.php?dir=spot_summary&file=spot_summary_2019.csv
2019-11-12,jepx-spread-top8-kyushu,kyushu,8.55125,https://www.jepx.jp/_download.php?dir=spot_summary&file=spot_summary_2019.csv
2019-11-13,jepx-spread-top8-kyushu,kyushu,5.1674999999999995,https://www.jepx.jp/_download.php?dir=spot_summary&file=spot_summary_2019.csv
2019-11-14,jepx-spread-top8-kyushu,kyushu,5.883749999999999,https://www.jepx.jp/_download.php?dir=spot_summary&file=spot_summary_2019.csv
2019-11-15,jepx-spread-top8-kyushu,kyushu,10.4525,https://www.jepx.jp/_download.php?dir=spot_summary&file=spot_summary_2019.csv
2019-11-16,jepx-spread-top8-kyushu,kyushu,8.587500000000002,https://www.jepx.jp/_download.php?dir=spot_summary&file=spot_summary_2019.csv
2019-11-17,jepx-spread-top8-kyushu,kyushu,7.47875,https://www.jepx.jp/_download.php?dir=spot_summary&file=spot_summary_2019.csv
2019-11-18,jepx-spread-top8-kyushu,kyushu,4.186250000000002,https://www.jepx.jp/_download.php?dir=spot_summary&file=spot_summary_2019.csv
2019-11-19,jepx-spread-top8-kyushu,kyushu,5.803749999999999,https://www.jepx.jp/_download.php?dir=spot_summary&file=spot_summary_2019.csv
2019-11-20,jepx-spread-top8-kyushu,kyushu,7.73125,https://www.jepx.jp/_download.php?dir=spot_summary&file=spot_summary_2019.csv
2019-11-21,jepx-spread-top8-kyushu,kyushu,9.934999999999999,https://www.jepx.jp/_download.php?dir=spot_summary&file=spot_summary_2019.csv
2019-11-22,jepx-spread-top8-kyushu,kyushu,3.679999999999999,https://www.jepx.jp/_download.php?dir=spot_summary&file=spot_summary_2019.csv
2019-11-23,jepx-spread-top8-kyushu,kyushu,6.97,https://www.jepx.jp/_download.php?dir=spot_summary&file=spot_summary_2019.csv
2019-11-24,jepx-spread-top8-kyushu,kyushu,2.928749999999999,https://www.jepx.jp/_download.php?dir=spot_summary&file=spot_summary_2019.csv
2019-11-25,jepx-spread-top8-kyushu,kyushu,3.151249999999999,https://www.jepx.jp/_download.php?dir=spot_summary&file=spot_summary_2019.csv
2019-11-26,jepx-spread-top8-kyushu,kyushu,4.90875,https://www.jepx.jp/_download.php?dir=spot_summary&file=spot_summary_2019.csv
2019-11-27,jepx-spread-top8-kyushu,kyushu,4.39,https://www.jepx.jp/_download.php?dir=spot_summary&file=spot_summary_2019.csv
2019-11-28,jepx-spread-top8-kyushu,kyushu,4.1375,https://www.jepx.jp/_download.php?dir=spot_summary&file=spot_summary_2019.csv
2019-11-29,jepx-spread-top8-kyushu,kyushu,7.715,https://www.jepx.jp/_download.php?dir=spot_summary&file=spot_summary_2019.csv
2019-11-30,jepx-spread-top8-kyushu,kyushu,8.53625,https://www.jepx.jp/_download.php?dir=spot_summary&file=spot_summary_2019.csv
2019-12-01,jepx-spread-top8-kyushu,kyushu,3.6049999999999995,https://www.jepx.jp/_download.php?dir=spot_summary&file=spot_summary_2019.csv
2019-12-02,jepx-spread-top8-kyushu,kyushu,3.8137500000000006,https://www.jepx.jp/_download.php?dir=spot_summary&file=spot_summary_2019.csv
2019-12-03,jepx-spread-top8-kyushu,kyushu,4.78875,https://www.jepx.jp/_download.php?dir=spot_summary&file=spot_summary_2019.csv
2019-12-04,jepx-spread-top8-kyushu,kyushu,4.872499999999999,https://www.jepx.jp/_download.php?dir=spot_summary&file=spot_summary_2019.csv
2019-12-05,jepx-spread-top8-kyushu,kyushu,5.871250000000002,https://www.jepx.jp/_download.php?dir=spot_summary&file=spot_summary_2019.csv
2019-12-06,jepx-spread-top8-kyushu,kyushu,6.97625,https://www.jepx.jp/_download.php?dir=spot_summary&file=spot_summary_2019.csv
2019-12-07,jepx-spread-top8-kyushu,kyushu,4.1,https://www.jepx.jp/_download.php?dir=spot_summary&file=spot_summary_2019.csv
2019-12-08,jepx-spread-top8-kyushu,kyushu,5.791249999999998,https://www.jepx.jp/_download.php?dir=spot_summary&file=spot_summary_2019.csv
2019-12-09,jepx-spread-top8-kyushu,kyushu,9.82625,https://www.jepx.jp/_download.php?dir=spot_summary&file=spot_summary_2019.csv
2019-12-10,jepx-spread-top8-kyushu,kyushu,7.83625,https://www.jepx.jp/_download.php?dir=spot_summary&file=spot_summary_2019.csv
2019-12-11,jepx-spread-top8-kyushu,kyushu,3.4887499999999996,https://www.jepx.jp/_download.php?dir=spot_summary&file=spot_summary_2019.csv
2019-12-12,jepx-spread-top8-kyushu,kyushu,4.5637500000000015,https://www.jepx.jp/_download.php?dir=spot_summary&file=spot_summary_2019.csv
2019-12-13,jepx-spread-top8-kyushu,kyushu,6.751249999999999,https://www.jepx.jp/_download.php?dir=spot_summary&file=spot_summary_2019.csv
2019-12-14,jepx-spread-top8-kyushu,kyushu,3.33,https://www.jepx.jp/_download.php?dir=spot_summary&file=spot_summary_2019.csv
2019-12-15,jepx-spread-top8-kyushu,kyushu,8.790000000000001,https://www.jepx.jp/_download.php?dir=spot_summary&file=spot_summary_2019.csv
2019-12-16,jepx-spread-top8-kyushu,kyushu,5.065000000000001,https://www.jepx.jp/_download.php?dir=spot_summary&file=spot_summary_2019.csv
2019-12-17,jepx-spread-top8-kyushu,kyushu,4.31625,https://www.jepx.jp/_download.php?dir=spot_summary&file=spot_summary_2019.csv
2019-12-18,jepx-spread-top8-kyushu,kyushu,4.228749999999999,https://www.jepx.jp/_download.php?dir=spot_summary&file=spot_summary_2019.csv
2019-12-19,jepx-spread-top8-kyushu,kyushu,4.8774999999999995,https://www.jepx.jp/_download.php?dir=spot_summary&file=spot_summary_2019.csv
2019-12-20,jepx-spread-top8-kyushu,kyushu,3.4312500000000012,https://www.jepx.jp/_download.php?dir=spot_summary&file=spot_summary_2019.csv
2019-12-21,jepx-spread-top8-kyushu,kyushu,3.012500000000001,https://www.jepx.jp/_download.php?dir=spot_summary&file=spot_summary_2019.csv
2019-12-22,jepx-spread-top8-kyushu,kyushu,3.84,https://www.jepx.jp/_download.php?dir=spot_summary&file=spot_summary_2019.csv
2019-12-23,jepx-spread-top8-kyushu,kyushu,5.58375,https://www.jepx.jp/_download.php?dir=spot_summary&file=spot_summary_2019.csv
2019-12-24,jepx-spread-top8-kyushu,kyushu,5.322500000000001,https://www.jepx.jp/_download.php?dir=spot_summary&file=spot_summary_2019.csv
2019-12-25,jepx-spread-top8-kyushu,kyushu,4.746250000000002,https://www.jepx.jp/_download.php?dir=spot_summary&file=spot_summary_2019.csv
2019-12-26,jepx-spread-top8-kyushu,kyushu,2.53125,https://www.jepx.jp/_download.php?dir=spot_summary&file=spot_summary_2019.csv
2019-12-27,jepx-spread-top8-kyushu,kyushu,3.7187500000000018,https://www.jepx.jp/_download.php?dir=spot_summary&file=spot_summary_2019.csv
2019-12-28,jepx-spread-top8-kyushu,kyushu,8.218750000000002,https://www.jepx.jp/_download.php?dir=spot_summary&file=spot_summary_2019.csv
2019-12-29,jepx-spread-top8-kyushu,kyushu,4.176250000000001,https://www.jepx.jp/_download.php?dir=spot_summary&file=spot_summary_2019.csv
2019-12-30,jepx-spread-top8-kyushu,kyushu,5.38875,https://www.jepx.jp/_download.php?dir=spot_summary&file=spot_summary_2019.csv
2019-12-31,jepx-spread-top8-kyushu,kyushu,7.67,https://www.jepx.jp/_download.php?dir=spot_summary&file=spot_summary_2019.csv
2020-01-01,jepx-spread-top8-kyushu,kyushu,6.32625,https://www.jepx.jp/_download.php?dir=spot_summary&file=spot_summary_2019.csv
2020-01-02,jepx-spread-top8-kyushu,kyushu,7.3412500000000005,https://www.jepx.jp/_download.php?dir=spot_summary&file=spot_summary_2019.csv
2020-01-03,jepx-spread-top8-kyushu,kyushu,7.1425,https://www.jepx.jp/_download.php?dir=spot_summary&file=spot_summary_2019.csv
2020-01-04,jepx-spread-top8-kyushu,kyushu,8.12375,https://www.jepx.jp/_download.php?dir=spot_summary&file=spot_summary_2019.csv
2020-01-05,jepx-spread-top8-kyushu,kyushu,8.183750000000002,https://www.jepx.jp/_download.php?dir=spot_summary&file=spot_summary_2019.csv
2020-01-06,jepx-spread-top8-kyushu,kyushu,4.175000000000002,https://www.jepx.jp/_download.php?dir=spot_summary&file=spot_summary_2019.csv
2020-01-07,jepx-spread-top8-kyushu,kyushu,3.4700000000000006,https://www.jepx.jp/_download.php?dir=spot_summary&file=spot_summary_2019.csv
2020-01-08,jepx-spread-top8-kyushu,kyushu,3.4700000000000006,https://www.jepx.jp/_download.php?dir=spot_summary&file=spot_summary_2019.csv
2020-01-09,jepx-spread-top8-kyushu,kyushu,6.849999999999999,https://www.jepx.jp/_download.php?dir=spot_summary&file=spot_summary_2019.csv
2020-01-10,jepx-spread-top8-kyushu,kyushu,6.311250000000001,https://www.jepx.jp/_download.php?dir=spot_summary&file=spot_summary_2019.csv
2020-01-11,jepx-spread-top8-kyushu,kyushu,3.2562500000000005,https://www.jepx.jp/_download.php?dir=spot_summary&file=spot_summary_2019.csv
2020-01-12,jepx-spread-top8-kyushu,kyushu,3.1687499999999993,https://www.jepx.jp/_download.php?dir=spot_summary&file=spot_summary_2019.csv
2020-01-13,jepx-spread-top8-kyushu,kyushu,3.878750000000001,https://www.jepx.jp/_download.php?dir=spot_summary&file=spot_summary_2019.csv
2020-01-14,jepx-spread-top8-kyushu,kyushu,4.23375,https://www.jepx.jp/_download.php?dir=spot_summary&file=spot_summary_2019.csv
2020-01-15,jepx-spread-top8-kyushu,kyushu,4.795,https://www.jepx.jp/_download.php?dir=spot_summary&file=spot_summary_2019.csv
2020-01-16,jepx-spread-top8-kyushu,kyushu,4.2925,https://www.jepx.jp/_download.php?dir=spot_summary&file=spot_summary_2019.csv
2020-01-17,jepx-spread-top8-kyushu,kyushu,3.7162499999999987,https://www.jepx.jp/_download.php?dir=spot_summary&file=spot_summary_2019.csv
2020-01-18,jepx-spread-top8-kyushu,kyushu,3.500000000000001,https://www.jepx.jp/_download.php?dir=spot_summary&file=spot_summary_2019.csv
2020-01-19,jepx-spread-top8-kyushu,kyushu,3.5100000000000007,https://www.jepx.jp/_download.php?dir=spot_summary&file=spot_summary_2019.csv
2020-01-20,jepx-spread-top8-kyushu,kyushu,4.34,https://www.jepx.jp/_download.php?dir=spot_summary&file=spot_summary_2019.csv
2020-01-21,jepx-spread-top8-kyushu,kyushu,8.9625,https://www.jepx.jp/_download.php?dir=spot_summary&file=spot_summary_2019.csv
2020-01-22,jepx-spread-top8-kyushu,kyushu,3.7612500000000004,https://www.jepx.jp/_download.php?dir=spot_summary&file=spot_summary_2019.csv
2020-01-23,jepx-spread-top8-kyushu,kyushu,3.2612500000000004,https://www.jepx.jp/_download.php?dir=spot_summary&file=spot_summary_2019.csv
2020-01-24,jepx-spread-top8-kyushu,kyushu,3.116250000000001,https://www.jepx.jp/_download.php?dir=spot_summary&file=spot_summary_2019.csv
2020-01-25,jepx-spread-top8-kyushu,kyushu,2.922500000000001,https://www.jepx.jp/_download.php?dir=spot_summary&file=spot_summary_2019.csv
2020-01-26,jepx-spread-top8-kyushu,kyushu,3.080000000000002,https://www.jepx.jp/_download.php?dir=spot_summary&file=spot_summary_2019.csv
2020-01-27,jepx-spread-top8-kyushu,kyushu,4.231250000000001,https://www.jepx.jp/_download.php?dir=spot_summary&file=spot_summary_2019.csv
2020-01-28,jepx-spread-top8-kyushu,kyushu,3.965,https://www.jepx.jp/_download.php?dir=spot_summary&file=spot_summary_2019.csv
2020-01-29,jepx-spread-top8-kyushu,kyushu,3.8825000000000003,https://www.jepx.jp/_download.php?dir=spot_summary&file=spot_summary_2019.csv
2020-01-30,jepx-spread-top8-kyushu,kyushu,4.282500000000001,https://www.jepx.jp/_download.php?dir=spot_summary&file=spot_summary_2019.csv
2020-01-31,jepx-spread-top8-kyushu,kyushu,3.616250000000001,https://www.jepx.jp/_download.php?dir=spot_summary&file=spot_summary_2019.csv
2020-02-01,jepx-spread-top8-kyushu,kyushu,7.16625,https://www.jepx.jp/_download.php?dir=spot_summary&file=spot_summary_2019.csv
2020-02-02,jepx-spread-top8-kyushu,kyushu,7.67375,https://www.jepx.jp/_download.php?dir=spot_summary&file=spot_summary_2019.csv
2020-02-03,jepx-spread-top8-kyushu,kyushu,2.9937500000000004,https://www.jepx.jp/_download.php?dir=spot_summary&file=spot_summary_2019.csv
2020-02-04,jepx-spread-top8-kyushu,kyushu,3.692499999999999,https://www.jepx.jp/_download.php?dir=spot_summary&file=spot_summary_2019.csv
2020-02-05,jepx-spread-top8-kyushu,kyushu,7.3675,https://www.jepx.jp/_download.php?dir=spot_summary&file=spot_summary_2019.csv
2020-02-06,jepx-spread-top8-kyushu,kyushu,7.917500000000001,https://www.jepx.jp/_download.php?dir=spot_summary&file=spot_summary_2019.csv
2020-02-07,jepx-spread-top8-kyushu,kyushu,7.256249999999999,https://www.jepx.jp/_download.php?dir=spot_summary&file=spot_summary_2019.csv
2020-02-08,jepx-spread-top8-kyushu,kyushu,7.53625,https://www.jepx.jp/_download.php?dir=spot_summary&file=spot_summary_2019.csv
2020-02-09,jepx-spread-top8-kyushu,kyushu,4.1000000000000005,https://www.jepx.jp/_download.php?dir=spot_summary&file=spot_summary_2019.csv
2020-02-10,jepx-spread-top8-kyushu,kyushu,5.592499999999999,https://www.jepx.jp/_download.php?dir=spot_summary&file=spot_summary_2019.csv
2020-02-11,jepx-spread-top8-kyushu,kyushu,8.07,https://www.jepx.jp/_download.php?dir=spot_summary&file=spot_summary_2019.csv
2020-02-12,jepx-spread-top8-kyushu,kyushu,2.9362500000000002,https://www.jepx.jp/_download.php?dir=spot_summary&file=spot_summary_2019.csv
2020-02-13,jepx-spread-top8-kyushu,kyushu,3.28625,https://www.jepx.jp/_download.php?dir=spot_summary&file=spot_summary_2019.csv
2020-02-14,jepx-spread-top8-kyushu,kyushu,2.0075000000000003,https://www.jepx.jp/_download.php?dir=spot_summary&file=spot_summary_2019.csv
2020-02-15,jepx-spread-top8-kyushu,kyushu,1.7712500000000002,https://www.jepx.jp/_download.php?dir=spot_summary&file=spot_summary_2019.csv
2020-02-16,jepx-spread-top8-kyushu,kyushu,2.6650000000000005,https://www.jepx.jp/_download.php?dir=spot_summary&file=spot_summary_2019.csv
2020-02-17,jepx-spread-top8-kyushu,kyushu,3.9562500000000007,https://www.jepx.jp/_download.php?dir=spot_summary&file=spot_summary_2019.csv
2020-02-18,jepx-spread-top8-kyushu,kyushu,5.2700000000000005,https://www.jepx.jp/_download.php?dir=spot_summary&file=spot_summary_2019.csv
2020-02-19,jepx-spread-top8-kyushu,kyushu,8.73625,https://www.jepx.jp/_download.php?dir=spot_summary&file=spot_summary_2019.csv
2020-02-20,jepx-spread-top8-kyushu,kyushu,5.463750000000001,https://www.jepx.jp/_download.php?dir=spot_summary&file=spot_summary_2019.csv
2020-02-21,jepx-spread-top8-kyushu,kyushu,6.813750000000001,https://www.jepx.jp/_download.php?dir=spot_summary&file=spot_summary_2019.csv
2020-02-22,jepx-spread-top8-kyushu,kyushu,5.5475,https://www.jepx.jp/_download.php?dir=spot_summary&file=spot_summary_2019.csv
2020-02-23,jepx-spread-top8-kyushu,kyushu,6.532500000000001,https://www.jepx.jp/_download.php?dir=spot_summary&file=spot_summary_2019.csv
2020-02-24,jepx-spread-top8-kyushu,kyushu,7.4725,https://www.jepx.jp/_download.php?dir=spot_summary&file=spot_summary_2019.csv
2020-02-25,jepx-spread-top8-kyushu,kyushu,2.90625,https://www.jepx.jp/_download.php?dir=spot_summary&file=spot_summary_2019.csv
2020-02-26,jepx-spread-top8-kyushu,kyushu,5.2375,https://www.jepx.jp/_download.php?dir=spot_summary&file=spot_summary_2019.csv
2020-02-27,jepx-spread-top8-kyushu,kyushu,7.8175,https://www.jepx.jp/_download.php?dir=spot_summary&file=spot_summary_2019.csv
2020-02-28,jepx-spread-top8-kyushu,kyushu,3.039999999999999,https://www.jepx.jp/_download.php?dir=spot_summary&file=spot_summary_2019.csv
2020-02-29,jepx-spread-top8-kyushu,kyushu,3.04375,https://www.jepx.jp/_download.php?dir=spot_summary&file=spot_summary_2019.csv
2020-03-01,jepx-spread-top8-kyushu,kyushu,2.2112499999999997,https://www.jepx.jp/_download.php?dir=spot_summary&file=spot_summary_2019.csv
2020-03-02,jepx-spread-top8-kyushu,kyushu,6.7,https://www.jepx.jp/_download.php?dir=spot_summary&file=spot_summary_2019.csv
2020-03-03,jepx-spread-top8-kyushu,kyushu,7.35125,https://www.jepx.jp/_download.php?dir=spot_summary&file=spot_summary_2019.csv
2020-03-04,jepx-spread-top8-kyushu,kyushu,5.243750000000001,https://www.jepx.jp/_download.php?dir=spot_summary&file=spot_summary_2019.csv
2020-03-05,jepx-spread-top8-kyushu,kyushu,8.81625,https://www.jepx.jp/_download.php?dir=spot_summary&file=spot_summary_2019.csv
2020-03-06,jepx-spread-top8-kyushu,kyushu,8.531249999999998,https://www.jepx.jp/_download.php?dir=spot_summary&file=spot_summary_2019.csv
2020-03-07,jepx-spread-top8-kyushu,kyushu,2.0737500000000004,https://www.jepx.jp/_download.php?dir=spot_summary&file=spot_summary_2019.csv
2020-03-08,jepx-spread-top8-kyushu,kyushu,5.125,https://www.jepx.jp/_download.php?dir=spot_summary&file=spot_summary_2019.csv
2020-03-09,jepx-spread-top8-kyushu,kyushu,2.1862500000000002,https://www.jepx.jp/_download.php?dir=spot_summary&file=spot_summary_2019.csv
2020-03-10,jepx-spread-top8-kyushu,kyushu,0.3600000000000003,https://www.jepx.jp/_download.php?dir=spot_summary&file=spot_summary_2019.csv
2020-03-11,jepx-spread-top8-kyushu,kyushu,6.843750000000001,https://www.jepx.jp/_download.php?dir=spot_summary&file=spot_summary_2019.csv
2020-03-12,jepx-spread-top8-kyushu,kyushu,7.28125,https://www.jepx.jp/_download.php?dir=spot_summary&file=spot_summary_2019.csv
2020-03-13,jepx-spread-top8-kyushu,kyushu,1.3187499999999996,https://www.jepx.jp/_download.php?dir=spot_summary&file=spot_summary_2019.csv
2020-03-14,jepx-spread-top8-kyushu,kyushu,5.897500000000001,https://www.jepx.jp/_download.php?dir=spot_summary&file=spot_summary_2019.csv
2020-03-15,jepx-spread-top8-kyushu,kyushu,5.3775,https://www.jepx.jp/_download.php?dir=spot_summary&file=spot_summary_2019.csv
2020-03-16,jepx-spread-top8-kyushu,kyushu,8.17625,https://www.jepx.jp/_download.php?dir=spot_summary&file=spot_summary_2019.csv
2020-03-17,jepx-spread-top8-kyushu,kyushu,6.26,https://www.jepx.jp/_download.php?dir=spot_summary&file=spot_summary_2019.csv
2020-03-18,jepx-spread-top8-kyushu,kyushu,3.6062500000000006,https://www.jepx.jp/_download.php?dir=spot_summary&file=spot_summary_2019.csv
2020-03-19,jepx-spread-top8-kyushu,kyushu,1.4162499999999998,https://www.jepx.jp/_download.php?dir=spot_summary&file=spot_summary_2019.csv
2020-03-20,jepx-spread-top8-kyushu,kyushu,6.4725,https://www.jepx.jp/_download.php?dir=spot_summary&file=spot_summary_2019.csv
2020-03-21,jepx-spread-top8-kyushu,kyushu,6.1537500000000005,https://www.jepx.jp/_download.php?dir=spot_summary&file=spot_summary_2019.csv
2020-03-22,jepx-spread-top8-kyushu,kyushu,1.5674999999999994,https://www.jepx.jp/_download.php?dir=spot_summary&file=spot_summary_2019.csv
2020-03-23,jepx-spread-top8-kyushu,kyushu,6.3575,https://www.jepx.jp/_download.php?dir=spot_summary&file=spot_summary_2019.csv
2020-03-24,jepx-spread-top8-kyushu,kyushu,5.3575,https://www.jepx.jp/_download.php?dir=spot_summary&file=spot_summary_2019.csv
2020-03-25,jepx-spread-top8-kyushu,kyushu,4.827499999999999,https://www.jepx.jp/_download.php?dir=spot_summary&file=spot_summary_2019.csv
2020-03-26,jepx-spread-top8-kyushu,kyushu,1.3887499999999995,https://www.jepx.jp/_download.php?dir=spot_summary&file=spot_summary_2019.csv
2020-03-27,jepx-spread-top8-kyushu,kyushu,1.3362499999999997,https://www.jepx.jp/_download.php?dir=spot_summary&file=spot_summary_2019.csv
2020-03-28,jepx-spread-top8-kyushu,kyushu,1.3812499999999996,https://www.jepx.jp/_download.php?dir=spot_summary&file=spot_summary_2019.csv
2020-03-29,jepx-spread-top8-kyushu,kyushu,5.0875,https://www.jepx.jp/_download.php?dir=spot_summary&file=spot_summary_2019.csv
2020-03-30,jepx-spread-top8-kyushu,kyushu,1.9674999999999998,https://www.jepx.jp/_download.php?dir=spot_summary&file=spot_summary_2019.csv
2020-03-31,jepx-spread-top8-kyushu,kyushu,0.9137499999999998,https://www.jepx.jp/_download.php?dir=spot_summary&file=spot_summary_2019.csv
2020-04-01,jepx-spread-top8-kyushu,kyushu,2.676250000000001,https://www.jepx.jp/_download.php?dir=spot_summary&file=spot_summary_2020.csv
2020-04-02,jepx-spread-top8-kyushu,kyushu,7.25625,https://www.jepx.jp/_download.php?dir=spot_summary&file=spot_summary_2020.csv
2020-04-03,jepx-spread-top8-kyushu,kyushu,3.7449999999999997,https://www.jepx.jp/_download.php?dir=spot_summary&file=spot_summary_2020.csv
2020-04-04,jepx-spread-top8-kyushu,kyushu,6.338750000000001,https://www.jepx.jp/_download.php?dir=spot_summary&file=spot_summary_2020.csv
2020-04-05,jepx-spread-top8-kyushu,kyushu,5.63875,https://www.jepx.jp/_download.php?dir=spot_summary&file=spot_summary_2020.csv
2020-04-06,jepx-spread-top8-kyushu,kyushu,7.56125,https://www.jepx.jp/_download.php?dir=spot_summary&file=spot_summary_2020.csv
2020-04-07,jepx-spread-top8-kyushu,kyushu,6.42625,https://www.jepx.jp/_download.php?dir=spot_summary&file=spot_summary_2020.csv
2020-04-08,jepx-spread-top8-kyushu,kyushu,5.6775,https://www.jepx.jp/_download.php?dir=spot_summary&file=spot_summary_2020.csv
2020-04-09,jepx-spread-top8-kyushu,kyushu,4.880000000000001,https://www.jepx.jp/_download.php?dir=spot_summary&file=spot_summary_2020.csv
2020-04-10,jepx-spread-top8-kyushu,kyushu,4.475,https://www.jepx.jp/_download.php?dir=spot_summary&file=spot_summary_2020.csv
2020-04-11,jepx-spread-top8-kyushu,kyushu,4.223749999999999,https://www.jepx.jp/_download.php?dir=spot_summary&file=spot_summary_2020.csv
2020-04-12,jepx-spread-top8-kyushu,kyushu,2.71375,https://www.jepx.jp/_download.php?dir=spot_summary&file=spot_summary_2020.csv
2020-04-13,jepx-spread-top8-kyushu,kyushu,3.4800000000000004,https://www.jepx.jp/_download.php?dir=spot_summary&file=spot_summary_2020.csv
2020-04-14,jepx-spread-top8-kyushu,kyushu,6.25,https://www.jepx.jp/_download.php?dir=spot_summary&file=spot_summary_2020.csv
2020-04-15,jepx-spread-top8-kyushu,kyushu,2.27,https://www.jepx.jp/_download.php?dir=spot_summary&file=spot_summary_2020.csv
2020-04-16,jepx-spread-top8-kyushu,kyushu,5.2612499999999995,https://www.jepx.jp/_download.php?dir=spot_summary&file=spot_summary_2020.csv
2020-04-17,jepx-spread-top8-kyushu,kyushu,2.1225000000000014,https://www.jepx.jp/_download.php?dir=spot_summary&file=spot_summary_2020.csv
2020-04-18,jepx-spread-top8-kyushu,kyushu,5.73875,https://www.jepx.jp/_download.php?dir=spot_summary&file=spot_summary_2020.csv
2020-04-19,jepx-spread-top8-kyushu,kyushu,5.720000000000001,https://www.jepx.jp/_download.php?dir=spot_summary&file=spot_summary_2020.csv
2020-04-20,jepx-spread-top8-kyushu,kyushu,2.2737499999999997,https://www.jepx.jp/_download.php?dir=spot_summary&file=spot_summary_2020.csv
2020-04-21,jepx-spread-top8-kyushu,kyushu,1.5112500000000009,https://www.jepx.jp/_download.php?dir=spot_summary&file=spot_summary_2020.csv
2020-04-22,jepx-spread-top8-kyushu,kyushu,4.88125,https://www.jepx.jp/_download.php?dir=spot_summary&file=spot_summary_2020.csv
2020-04-23,jepx-spread-top8-kyushu,kyushu,1.834999999999999,https://www.jepx.jp/_download.php?dir=spot_summary&file=spot_summary_2020.csv
2020-04-24,jepx-spread-top8-kyushu,kyushu,5.3525,https://www.jepx.jp/_download.php?dir=spot_summary&file=spot_summary_2020.csv
2020-04-25,jepx-spread-top8-kyushu,kyushu,5.135,https://www.jepx.jp/_download.php?dir=spot_summary&file=spot_summary_2020.csv
2020-04-26,jepx-spread-top8-kyushu,kyushu,5.03875,https://www.jepx.jp/_download.php?dir=spot_summary&file=spot_summary_2020.csv
2020-04-27,jepx-spread-top8-kyushu,kyushu,4.750000000000001,https://www.jepx.jp/_download.php?dir=spot_summary&file=spot_summary_2020.csv
2020-04-28,jepx-spread-top8-kyushu,kyushu,6.425000000000001,https://www.jepx.jp/_download.php?dir=spot_summary&file=spot_summary_2020.csv
2020-04-29,jepx-spread-top8-kyushu,kyushu,5.34375,https://www.jepx.jp/_download.php?dir=spot_summary&file=spot_summary_2020.csv
2020-04-30,jepx-spread-top8-kyushu,kyushu,5.827500000000001,https://www.jepx.jp/_download.php?dir=spot_summary&file=spot_summary_2020.csv
2020-05-01,jepx-spread-top8-kyushu,kyushu,6.07,https://www.jepx.jp/_download.php?dir=spot_summary&file=spot_summary_2020.csv
2020-05-02,jepx-spread-top8-kyushu,kyushu,6.42375,https://www.jepx.jp/_download.php?dir=spot_summary&file=spot_summary_2020.csv
2020-05-03,jepx-spread-top8-kyushu,kyushu,3.11875,https://www.jepx.jp/_download.php?dir=spot_summary&file=spot_summary_2020.csv
2020-05-04,jepx-spread-top8-kyushu,kyushu,4.571250000000001,https://www.jepx.jp/_download.php?dir=spot_summary&file=spot_summary_2020.csv
2020-05-05,jepx-spread-top8-kyushu,kyushu,6.10375,https://www.jepx.jp/_download.php?dir=spot_summary&file=spot_summary_2020.csv
2020-05-06,jepx-spread-top8-kyushu,kyushu,5.165,https://www.jepx.jp/_download.php?dir=spot_summary&file=spot_summary_2020.csv
2020-05-07,jepx-spread-top8-kyushu,kyushu,7.175000000000001,https://www.jepx.jp/_download.php?dir=spot_summary&file=spot_summary_2020.csv
2020-05-08,jepx-spread-top8-kyushu,kyushu,4.4725,https://www.jepx.jp/_download.php?dir=spot_summary&file=spot_summary_2020.csv
2020-05-09,jepx-spread-top8-kyushu,kyushu,2.39375,https://www.jepx.jp/_download.php?dir=spot_summary&file=spot_summary_2020.csv
2020-05-10,jepx-spread-top8-kyushu,kyushu,1.5512500000000005,https://www.jepx.jp/_download.php?dir=spot_summary&file=spot_summary_2020.csv
2020-05-11,jepx-spread-top8-kyushu,kyushu,4.6899999999999995,https://www.jepx.jp/_download.php?dir=spot_summary&file=spot_summary_2020.csv
2020-05-12,jepx-spread-top8-kyushu,kyushu,4.16875,https://www.jepx.jp/_download.php?dir=spot_summary&file=spot_summary_2020.csv
2020-05-13,jepx-spread-top8-kyushu,kyushu,4.28625,https://www.jepx.jp/_download.php?dir=spot_summary&file=spot_summary_2020.csv
2020-05-14,jepx-spread-top8-kyushu,kyushu,6.227500000000001,https://www.jepx.jp/_download.php?dir=spot_summary&file=spot_summary_2020.csv
2020-05-15,jepx-spread-top8-kyushu,kyushu,3.7137499999999997,https://www.jepx.jp/_download.php?dir=spot_summary&file=spot_summary_2020.csv
2020-05-16,jepx-spread-top8-kyushu,kyushu,3.2175000000000002,https://www.jepx.jp/_download.php?dir=spot_summary&file=spot_summary_2020.csv
2020-05-17,jepx-spread-top8-kyushu,kyushu,5.7162500000000005,https://www.jepx.jp/_download.php?dir=spot_summary&file=spot_summary_2020.csv
2020-05-18,jepx-spread-top8-kyushu,kyushu,5.8425,https://www.jepx.jp/_download.php?dir=spot_summary&file=spot_summary_2020.csv
2020-05-19,jepx-spread-top8-kyushu,kyushu,4.85,https://www.jepx.jp/_download.php?dir=spot_summary&file=spot_summary_2020.csv
2020-05-20,jepx-spread-top8-kyushu,kyushu,5.021249999999999,https://www.jepx.jp/_download.php?dir=spot_summary&file=spot_summary_2020.csv
2020-05-21,jepx-spread-top8-kyushu,kyushu,3.48875,https://www.jepx.jp/_download.php?dir=spot_summary&file=spot_summary_2020.csv
2020-05-22,jepx-spread-top8-kyushu,kyushu,3.957499999999999,https://www.jepx.jp/_download.php?dir=spot_summary&file=spot_summary_2020.csv
2020-05-23,jepx-spread-top8-kyushu,kyushu,6.569999999999999,https://www.jepx.jp/_download.php?dir=spot_summary&file=spot_summary_2020.csv
2020-05-24,jepx-spread-top8-kyushu,kyushu,6.1325,https://www.jepx.jp/_download.php?dir=spot_summary&file=spot_summary_2020.csv
2020-05-25,jepx-spread-top8-kyushu,kyushu,3.928750000000001,https://www.jepx.jp/_download.php?dir=spot_summary&file=spot_summary_2020.csv
2020-05-26,jepx-spread-top8-kyushu,kyushu,4.5825,https://www.jepx.jp/_download.php?dir=spot_summary&file=spot_summary_2020.csv
2020-05-27,jepx-spread-top8-kyushu,kyushu,4.616250000000001,https://www.jepx.jp/_download.php?dir=spot_summary&file=spot_summary_2020.csv
2020-05-28,jepx-spread-top8-kyushu,kyushu,6.98,https://www.jepx.jp/_download.php?dir=spot_summary&file=spot_summary_2020.csv
2020-05-29,jepx-spread-top8-kyushu,kyushu,4.199999999999999,https://www.jepx.jp/_download.php?dir=spot_summary&file=spot_summary_2020.csv
2020-05-30,jepx-spread-top8-kyushu,kyushu,6.2775,https://www.jepx.jp/_download.php?dir=spot_summary&file=spot_summary_2020.csv
2020-05-31,jepx-spread-top8-kyushu,kyushu,3.9999999999999996,https://www.jepx.jp/_download.php?dir=spot_summary&file=spot_summary_2020.csv
2020-06-01,jepx-spread-top8-kyushu,kyushu,1.5974999999999997,https://www.jepx.jp/_download.php?dir=spot_summary&file=spot_summary_2020.csv
2020-06-02,jepx-spread-top8-kyushu,kyushu,2.5575000000000006,https://www.jepx.jp/_download.php?dir=spot_summary&file=spot_summary_2020.csv
2020-06-03,jepx-spread-top8-kyushu,kyushu,3.2612499999999995,https://www.jepx.jp/_download.php?dir=spot_summary&file=spot_summary_2020.csv
2020-06-04,jepx-spread-top8-kyushu,kyushu,3.8712500000000003,https://www.jepx.jp/_download.php?dir=spot_summary&file=spot_summary_2020.csv
2020-06-05,jepx-spread-top8-kyushu,kyushu,1.9324999999999997,https://www.jepx.jp/_download.php?dir=spot_summary&file=spot_summary_2020.csv
2020-06-06,jepx-spread-top8-kyushu,kyushu,1.7824999999999998,https://www.jepx.jp/_download.php?dir=spot_summary&file=spot_summary_2020.csv
2020-06-07,jepx-spread-top8-kyushu,kyushu,4.33875,https://www.jepx.jp/_download.php?dir=spot_summary&file=spot_summary_2020.csv
2020-06-08,jepx-spread-top8-kyushu,kyushu,3.78125,https://www.jepx.jp/_download.php?dir=spot_summary&file=spot_summary_2020.csv
2020-06-09,jepx-spread-top8-kyushu,kyushu,4.2325,https://www.jepx.jp/_download.php?dir=spot_summary&file=spot_summary_2020.csv
2020-06-10,jepx-spread-top8-kyushu,kyushu,4.9775,https://www.jepx.jp/_download.php?dir=spot_summary&file=spot_summary_2020.csv
2020-06-11,jepx-spread-top8-kyushu,kyushu,10.905,https://www.jepx.jp/_download.php?dir=spot_summary&file=spot_summary_2020.csv
2020-06-12,jepx-spread-top8-kyushu,kyushu,5.188750000000001,https://www.jepx.jp/_download.php?dir=spot_summary&file=spot_summary_2020.csv
2020-06-13,jepx-spread-top8-kyushu,kyushu,3.45125,https://www.jepx.jp/_download.php?dir=spot_summary&file=spot_summary_2020.csv
2020-06-14,jepx-spread-top8-kyushu,kyushu,2.9137499999999994,https://www.jepx.jp/_download.php?dir=spot_summary&file=spot_summary_2020.csv
2020-06-15,jepx-spread-top8-kyushu,kyushu,5.3687499999999995,https://www.jepx.jp/_download.php?dir=spot_summary&file=spot_summary_2020.csv
2020-06-16,jepx-spread-top8-kyushu,kyushu,5.061249999999999,https://www.jepx.jp/_download.php?dir=spot_summary&file=spot_summary_2020.csv
2020-06-17,jepx-spread-top8-kyushu,kyushu,4.14125,https://www.jepx.jp/_download.php?dir=spot_summary&file=spot_summary_2020.csv
2020-06-18,jepx-spread-top8-kyushu,kyushu,3.81875,https://www.jepx.jp/_download.php?dir=spot_summary&file=spot_summary_2020.csv
2020-06-19,jepx-spread-top8-kyushu,kyushu,3.5949999999999993,https://www.jepx.jp/_download.php?dir=spot_summary&file=spot_summary_2020.csv
2020-06-20,jepx-spread-top8-kyushu,kyushu,4.22875,https://www.jepx.jp/_download.php?dir=spot_summary&file=spot_summary_2020.csv
2020-06-21,jepx-spread-top8-kyushu,kyushu,4.61,https://www.jepx.jp/_download.php?dir=spot_summary&file=spot_summary_2020.csv
2020-06-22,jepx-spread-top8-kyushu,kyushu,6.6425,https://www.jepx.jp/_download.php?dir=spot_summary&file=spot_summary_2020.csv
2020-06-23,jepx-spread-top8-kyushu,kyushu,3.325,https://www.jepx.jp/_download.php?dir=spot_summary&file=spot_summary_2020.csv
2020-06-24,jepx-spread-top8-kyushu,kyushu,3.5112500000000004,https://www.jepx.jp/_download.php?dir=spot_summary&file=spot_summary_2020.csv
2020-06-25,jepx-spread-top8-kyushu,kyushu,4.1762500000000005,https://www.jepx.jp/_download.php?dir=spot_summary&file=spot_summary_2020.csv
2020-06-26,jepx-spread-top8-kyushu,kyushu,3.99125,https://www.jepx.jp/_download.php?dir=spot_summary&file=spot_summary_2020.csv
2020-06-27,jepx-spread-top8-kyushu,kyushu,3.31875,https://www.jepx.jp/_download.php?dir=spot_summary&file=spot_summary_2020.csv
2020-06-28,jepx-spread-top8-kyushu,kyushu,2.9087499999999995,https://www.jepx.jp/_download.php?dir=spot_summary&file=spot_summary_2020.csv
2020-06-29,jepx-spread-top8-kyushu,kyushu,3.1287499999999993,https://www.jepx.jp/_download.php?dir=spot_summary&file=spot_summary_2020.csv
2020-06-30,jepx-spread-top8-kyushu,kyushu,2.821249999999999,https://www.jepx.jp/_download.php?dir=spot_summary&file=spot_summary_2020.csv
2020-07-01,jepx-spread-top8-kyushu,kyushu,1.3987500000000002,https://www.jepx.jp/_download.php?dir=spot_summary&file=spot_summary_2020.csv
2020-07-02,jepx-spread-top8-kyushu,kyushu,2.9175000000000004,https://www.jepx.jp/_download.php?dir=spot_summary&file=spot_summary_2020.csv
2020-07-03,jepx-spread-top8-kyushu,kyushu,2.928749999999999,https://www.jepx.jp/_download.php?dir=spot_summary&file=spot_summary_2020.csv
2020-07-04,jepx-spread-top8-kyushu,kyushu,2.5337499999999995,https://www.jepx.jp/_download.php?dir=spot_summary&file=spot_summary_2020.csv
2020-07-05,jepx-spread-top8-kyushu,kyushu,2.6374999999999997,https://www.jepx.jp/_download.php?dir=spot_summary&file=spot_summary_2020.csv
2020-07-06,jepx-spread-top8-kyushu,kyushu,4.89625,https://www.jepx.jp/_download.php?dir=spot_summary&file=spot_summary_2020.csv
2020-07-07,jepx-spread-top8-kyushu,kyushu,4.032499999999999,https://www.jepx.jp/_download.php?dir=spot_summary&file=spot_summary_2020.csv
2020-07-08,jepx-spread-top8-kyushu,kyushu,3.3012500000000005,https://www.jepx.jp/_download.php?dir=spot_summary&file=spot_summary_2020.csv
2020-07-09,jepx-spread-top8-kyushu,kyushu,4.16625,https://www.jepx.jp/_download.php?dir=spot_summary&file=spot_summary_2020.csv
2020-07-10,jepx-spread-top8-kyushu,kyushu,3.4212499999999997,https://www.jepx.jp/_download.php?dir=spot_summary&file=spot_summary_2020.csv
2020-07-11,jepx-spread-top8-kyushu,kyushu,2.96375,https://www.jepx.jp/_download.php?dir=spot_summary&file=spot_summary_2020.csv
2020-07-12,jepx-spread-top8-kyushu,kyushu,3.3412500000000005,https://www.jepx.jp/_download.php?dir=spot_summary&file=spot_summary_2020.csv
2020-07-13,jepx-spread-top8-kyushu,kyushu,4.97,https://www.jepx.jp/_download.php?dir=spot_summary&file=spot_summary_2020.csv
2020-07-14,jepx-spread-top8-kyushu,kyushu,2.9362500000000002,https://www.jepx.jp/_download.php?dir=spot_summary&file=spot_summary_2020.csv
2020-07-15,jepx-spread-top8-kyushu,kyushu,2.5374999999999996,https://www.jepx.jp/_download.php?dir=spot_summary&file=spot_summary_2020.csv
2020-07-16,jepx-spread-top8-kyushu,kyushu,2.02875,https://www.jepx.jp/_download.php?dir=spot_summary&file=spot_summary_2020.csv
2020-07-17,jepx-spread-top8-kyushu,kyushu,2.5287499999999996,https://www.jepx.jp/_download.php?dir=spot_summary&file=spot_summary_2020.csv
2020-07-18,jepx-spread-top8-kyushu,kyushu,1.7787499999999996,https://www.jepx.jp/_download.php?dir=spot_summary&file=spot_summary_2020.csv
2020-07-19,jepx-spread-top8-kyushu,kyushu,4.50875,https://www.jepx.jp/_download.php?dir=spot_summary&file=spot_summary_2020.csv
2020-07-20,jepx-spread-top8-kyushu,kyushu,4.985,https://www.jepx.jp/_download.php?dir=spot_summary&file=spot_summary_2020.csv
2020-07-21,jepx-spread-top8-kyushu,kyushu,2.4425,https://www.jepx.jp/_download.php?dir=spot_summary&file=spot_summary_2020.csv
2020-07-22,jepx-spread-top8-kyushu,kyushu,4.24,https://www.jepx.jp/_download.php?dir=spot_summary&file=spot_summary_2020.csv
2020-07-23,jepx-spread-top8-kyushu,kyushu,2.670000000000001,https://www.jepx.jp/_download.php?dir=spot_summary&file=spot_summary_2020.csv
2020-07-24,jepx-spread-top8-kyushu,kyushu,2.49375,https://www.jepx.jp/_download.php?dir=spot_summary&file=spot_summary_2020.csv
2020-07-25,jepx-spread-top8-kyushu,kyushu,2.201250000000001,https://www.jepx.jp/_download.php?dir=spot_summary&file=spot_summary_2020.csv
2020-07-26,jepx-spread-top8-kyushu,kyushu,3.59,https://www.jepx.jp/_download.php?dir=spot_summary&file=spot_summary_2020.csv
2020-07-27,jepx-spread-top8-kyushu,kyushu,9.575,https://www.jepx.jp/_download.php?dir=spot_summary&file=spot_summary_2020.csv
2020-07-28,jepx-spread-top8-kyushu,kyushu,4.6725,https://www.jepx.jp/_download.php?dir=spot_summary&file=spot_summary_2020.csv
2020-07-29,jepx-spread-top8-kyushu,kyushu,3.3512499999999994,https://www.jepx.jp/_download.php?dir=spot_summary&file=spot_summary_2020.csv
2020-07-30,jepx-spread-top8-kyushu,kyushu,4.276250000000001,https://www.jepx.jp/_download.php?dir=spot_summary&file=spot_summary_2020.csv
2020-07-31,jepx-spread-top8-kyushu,kyushu,4.0649999999999995,https://www.jepx.jp/_download.php?dir=spot_summary&file=spot_summary_2020.csv
2020-08-01,jepx-spread-top8-kyushu,kyushu,3.2349999999999994,https://www.jepx.jp/_download.php?dir=spot_summary&file=spot_summary_2020.csv
2020-08-02,jepx-spread-top8-kyushu,kyushu,4.5325,https://www.jepx.jp/_download.php?dir=spot_summary&file=spot_summary_2020.csv
2020-08-03,jepx-spread-top8-kyushu,kyushu,4.7325,https://www.jepx.jp/_download.php?dir=spot_summary&file=spot_summary_2020.csv
2020-08-04,jepx-spread-top8-kyushu,kyushu,3.727500000000001,https://www.jepx.jp/_download.php?dir=spot_summary&file=spot_summary_2020.csv
2020-08-05,jepx-spread-top8-kyushu,kyushu,8.1575,https://www.jepx.jp/_download.php?dir=spot_summary&file=spot_summary_2020.csv
2020-08-06,jepx-spread-top8-kyushu,kyushu,6.22,https://www.jepx.jp/_download.php?dir=spot_summary&file=spot_summary_2020.csv
2020-08-07,jepx-spread-top8-kyushu,kyushu,6.7875,https://www.jepx.jp/_download.php?dir=spot_summary&file=spot_summary_2020.csv
2020-08-08,jepx-spread-top8-kyushu,kyushu,3.8600000000000003,https://www.jepx.jp/_download.php?dir=spot_summary&file=spot_summary_2020.csv
2020-08-09,jepx-spread-top8-kyushu,kyushu,6.473750000000001,https://www.jepx.jp/_download.php?dir=spot_summary&file=spot_summary_2020.csv
2020-08-10,jepx-spread-top8-kyushu,kyushu,3.77625,https://www.jepx.jp/_download.php?dir=spot_summary&file=spot_summary_2020.csv
2020-08-11,jepx-spread-top8-kyushu,kyushu,5.426250000000001,https://www.jepx.jp/_download.php?dir=spot_summary&file=spot_summary_2020.csv
2020-08-12,jepx-spread-top8-kyushu,kyushu,4.641249999999999,https://www.jepx.jp/_download.php?dir=spot_summary&file=spot_summary_2020.csv
2020-08-13,jepx-spread-top8-kyushu,kyushu,3.6012500000000003,https://www.jepx.jp/_download.php?dir=spot_summary&file=spot_summary_2020.csv
2020-08-14,jepx-spread-top8-kyushu,kyushu,3.25,https://www.jepx.jp/_download.php?dir=spot_summary&file=spot_summary_2020.csv
2020-08-15,jepx-spread-top8-kyushu,kyushu,6.145000000000001,https://www.jepx.jp/_download.php?dir=spot_summary&file=spot_summary_2020.csv
2020-08-16,jepx-spread-top8-kyushu,kyushu,5.4037500000000005,https://www.jepx.jp/_download.php?dir=spot_summary&file=spot_summary_2020.csv
2020-08-17,jepx-spread-top8-kyushu,kyushu,37.50750000000001,https://www.jepx.jp/_download.php?dir=spot_summary&file=spot_summary_2020.csv
2020-08-18,jepx-spread-top8-kyushu,kyushu,32.616249999999994,https://www.jepx.jp/_download.php?dir=spot_summary&file=spot_summary_2020.csv
2020-08-19,jepx-spread-top8-kyushu,kyushu,23.7975,https://www.jepx.jp/_download.php?dir=spot_summary&file=spot_summary_2020.csv
2020-08-20,jepx-spread-top8-kyushu,kyushu,30.763750000000005,https://www.jepx.jp/_download.php?dir=spot_summary&file=spot_summary_2020.csv
2020-08-21,jepx-spread-top8-kyushu,kyushu,27.38375,https://www.jepx.jp/_download.php?dir=spot_summary&file=spot_summary_2020.csv
2020-08-22,jepx-spread-top8-kyushu,kyushu,4.619999999999999,https://www.jepx.jp/_download.php?dir=spot_summary&file=spot_summary_2020.csv
2020-08-23,jepx-spread-top8-kyushu,kyushu,4.008750000000001,https://www.jepx.jp/_download.php?dir=spot_summary&file=spot_summary_2020.csv
2020-08-24,jepx-spread-top8-kyushu,kyushu,19.07875,https://www.jepx.jp/_download.php?dir=spot_summary&file=spot_summary_2020.csv
2020-08-25,jepx-spread-top8-kyushu,kyushu,26.168750000000003,https://www.jepx.jp/_download.php?dir=spot_summary&file=spot_summary_2020.csv
2020-08-26,jepx-spread-top8-kyushu,kyushu,37.4075,https://www.jepx.jp/_download.php?dir=spot_summary&file=spot_summary_2020.csv
2020-08-27,jepx-spread-top8-kyushu,kyushu,39.31125,https://www.jepx.jp/_download.php?dir=spot_summary&file=spot_summary_2020.csv
2020-08-28,jepx-spread-top8-kyushu,kyushu,40.9175,https://www.jepx.jp/_download.php?dir=spot_summary&file=spot_summary_2020.csv
2020-08-29,jepx-spread-top8-kyushu,kyushu,8.24625,https://www.jepx.jp/_download.php?dir=spot_summary&file=spot_summary_2020.csv
2020-08-30,jepx-spread-top8-kyushu,kyushu,11.09,https://www.jepx.jp/_download.php?dir=spot_summary&file=spot_summary_2020.csv
2020-08-31,jepx-spread-top8-kyushu,kyushu,39.24875,https://www.jepx.jp/_download.php?dir=spot_summary&file=spot_summary_2020.csv
2020-09-01,jepx-spread-top8-kyushu,kyushu,44.55,https://www.jepx.jp/_download.php?dir=spot_summary&file=spot_summary_2020.csv
2020-09-02,jepx-spread-top8-kyushu,kyushu,41.74125,https://www.jepx.jp/_download.php?dir=spot_summary&file=spot_summary_2020.csv
2020-09-03,jepx-spread-top8-kyushu,kyushu,29.8375,https://www.jepx.jp/_download.php?dir=spot_summary&file=spot_summary_2020.csv
2020-09-04,jepx-spread-top8-kyushu,kyushu,28.380000000000003,https://www.jepx.jp/_download.php?dir=spot_summary&file=spot_summary_2020.csv
2020-09-05,jepx-spread-top8-kyushu,kyushu,7.0200000000000005,https://www.jepx.jp/_download.php?dir=spot_summary&file=spot_summary_2020.csv
2020-09-06,jepx-spread-top8-kyushu,kyushu,5.361250000000001,https://www.jepx.jp/_download.php?dir=spot_summary&file=spot_summary_2020.csv
2020-09-07,jepx-spread-top8-kyushu,kyushu,13.885000000000002,https://www.jepx.jp/_download.php?dir=spot_summary&file=spot_summary_2020.csv
2020-09-08,jepx-spread-top8-kyushu,kyushu,8.6725,https://www.jepx.jp/_download.php?dir=spot_summary&file=spot_summary_2020.csv
2020-09-09,jepx-spread-top8-kyushu,kyushu,17.365000000000002,https://www.jepx.jp/_download.php?dir=spot_summary&file=spot_summary_2020.csv
2020-09-10,jepx-spread-top8-kyushu,kyushu,6.3812500000000005,https://www.jepx.jp/_download.php?dir=spot_summary&file=spot_summary_2020.csv
2020-09-11,jepx-spread-top8-kyushu,kyushu,8.2325,https://www.jepx.jp/_download.php?dir=spot_summary&file=spot_summary_2020.csv
2020-09-12,jepx-spread-top8-kyushu,kyushu,3.5200000000000005,https://www.jepx.jp/_download.php?dir=spot_summary&file=spot_summary_2020.csv
2020-09-13,jepx-spread-top8-kyushu,kyushu,2.50375,https://www.jepx.jp/_download.php?dir=spot_summary&file=spot_summary_2020.csv
2020-09-14,jepx-spread-top8-kyushu,kyushu,5.48625,https://www.jepx.jp/_download.php?dir=spot_summary&file=spot_summary_2020.csv
2020-09-15,jepx-spread-top8-kyushu,kyushu,5.60875,https://www.jepx.jp/_download.php?dir=spot_summary&file=spot_summary_2020.csv
2020-09-16,jepx-spread-top8-kyushu,kyushu,5.453749999999999,https://www.jepx.jp/_download.php?dir=spot_summary&file=spot_summary_2020.csv
2020-09-17,jepx-spread-top8-kyushu,kyushu,7.973750000000001,https://www.jepx.jp/_download.php?dir=spot_summary&file=spot_summary_2020.csv
2020-09-18,jepx-spread-top8-kyushu,kyushu,8.1075,https://www.jepx.jp/_download.php?dir=spot_summary&file=spot_summary_2020.csv
2020-09-19,jepx-spread-top8-kyushu,kyushu,4.5625,https://www.jepx.jp/_download.php?dir=spot_summary&file=spot_summary_2020.csv
2020-09-20,jepx-spread-top8-kyushu,kyushu,2.3112500000000002,https://www.jepx.jp/_download.php?dir=spot_summary&file=spot_summary_2020.csv
2020-09-21,jepx-spread-top8-kyushu,kyushu,2.2624999999999997,https://www.jepx.jp/_download.php?dir=spot_summary&file=spot_summary_2020.csv
2020-09-22,jepx-spread-top8-kyushu,kyushu,2.2425,https://www.jepx.jp/_download.php?dir=spot_summary&file=spot_summary_2020.csv
2020-09-23,jepx-spread-top8-kyushu,kyushu,8.35375,https://www.jepx.jp/_download.php?dir=spot_summary&file=spot_summary_2020.csv
2020-09-24,jepx-spread-top8-kyushu,kyushu,6.172500000000001,https://www.jepx.jp/_download.php?dir=spot_summary&file=spot_summary_2020.csv
2020-09-25,jepx-spread-top8-kyushu,kyushu,5.681249999999999,https://www.jepx.jp/_download.php?dir=spot_summary&file=spot_summary_2020.csv
2020-09-26,jepx-spread-top8-kyushu,kyushu,2.0275000000000003,https://www.jepx.jp/_download.php?dir=spot_summary&file=spot_summary_2020.csv
2020-09-27,jepx-spread-top8-kyushu,kyushu,5.60625,https://www.jepx.jp/_download.php?dir=spot_summary&file=spot_summary_2020.csv
2020-09-28,jepx-spread-top8-kyushu,kyushu,3.9212499999999997,https://www.jepx.jp/_download.php?dir=spot_summary&file=spot_summary_2020.csv
2020-09-29,jepx-spread-top8-kyushu,kyushu,3.77625,https://www.jepx.jp/_download.php?dir=spot_summary&file=spot_summary_2020.csv
2020-09-30,jepx-spread-top8-kyushu,kyushu,3.5375,https://www.jepx.jp/_download.php?dir=spot_summary&file=spot_summary_2020.csv
2020-10-01,jepx-spread-top8-kyushu,kyushu,6.403749999999999,https://www.jepx.jp/_download.php?dir=spot_summary&file=spot_summary_2020.csv
2020-10-02,jepx-spread-top8-kyushu,kyushu,6.2725,https://www.jepx.jp/_download.php?dir=spot_summary&file=spot_summary_2020.csv
2020-10-03,jepx-spread-top8-kyushu,kyushu,3.0649999999999995,https://www.jepx.jp/_download.php?dir=spot_summary&file=spot_summary_2020.csv
2020-10-04,jepx-spread-top8-kyushu,kyushu,2.9650000000000003,https://www.jepx.jp/_download.php?dir=spot_summary&file=spot_summary_2020.csv
2020-10-05,jepx-spread-top8-kyushu,kyushu,6.4762499999999985,https://www.jepx.jp/_download.php?dir=spot_summary&file=spot_summary_2020.csv
2020-10-06,jepx-spread-top8-kyushu,kyushu,6.3575,https://www.jepx.jp/_download.php?dir=spot_summary&file=spot_summary_2020.csv
2020-10-07,jepx-spread-top8-kyushu,kyushu,7.406250000000001,https://www.jepx.jp/_download.php?dir=spot_summary&file=spot_summary_2020.csv
2020-10-08,jepx-spread-top8-kyushu,kyushu,5.44125,https://www.jepx.jp/_download.php?dir=spot_summary&file=spot_summary_2020.csv
2020-10-09,jepx-spread-top8-kyushu,kyushu,8.4975,https://www.jepx.jp/_download.php?dir=spot_summary&file=spot_summary_2020.csv
2020-10-10,jepx-spread-top8-kyushu,kyushu,2.53125,https://www.jepx.jp/_download.php?dir=spot_summary&file=spot_summary_2020.csv
2020-10-11,jepx-spread-top8-kyushu,kyushu,6.640000000000001,https://www.jepx.jp/_download.php?dir=spot_summary&file=spot_summary_2020.csv
2020-10-12,jepx-spread-top8-kyushu,kyushu,7.745,https://www.jepx.jp/_download.php?dir=spot_summary&file=spot_summary_2020.csv
2020-10-13,jepx-spread-top8-kyushu,kyushu,4.04125,https://www.jepx.jp/_download.php?dir=spot_summary&file=spot_summary_2020.csv
2020-10-14,jepx-spread-top8-kyushu,kyushu,5.086250000000001,https://www.jepx.jp/_download.php?dir=spot_summary&file=spot_summary_2020.csv
2020-10-15,jepx-spread-top8-kyushu,kyushu,7.0600000000000005,https://www.jepx.jp/_download.php?dir=spot_summary&file=spot_summary_2020.csv
2020-10-16,jepx-spread-top8-kyushu,kyushu,3.8287499999999994,https://www.jepx.jp/_download.php?dir=spot_summary&file=spot_summary_2020.csv
2020-10-17,jepx-spread-top8-kyushu,kyushu,3.68375,https://www.jepx.jp/_download.php?dir=spot_summary&file=spot_summary_2020.csv
2020-10-18,jepx-spread-top8-kyushu,kyushu,4.711250000000001,https://www.jepx.jp/_download.php?dir=spot_summary&file=spot_summary_2020.csv
2020-10-19,jepx-spread-top8-kyushu,kyushu,3.7887500000000003,https://www.jepx.jp/_download.php?dir=spot_summary&file=spot_summary_2020.csv
2020-10-20,jepx-spread-top8-kyushu,kyushu,7.32,https://www.jepx.jp/_download.php?dir=spot_summary&file=spot_summary_2020.csv
2020-10-21,jepx-spread-top8-kyushu,kyushu,7.4675,https://www.jepx.jp/_download.php?dir=spot_summary&file=spot_summary_2020.csv
2020-10-22,jepx-spread-top8-kyushu,kyushu,8.72375,https://www.jepx.jp/_download.php?dir=spot_summary&file=spot_summary_2020.csv
2020-10-23,jepx-spread-top8-kyushu,kyushu,8.44375,https://www.jepx.jp/_download.php?dir=spot_summary&file=spot_summary_2020.csv
2020-10-24,jepx-spread-top8-kyushu,kyushu,3.90375,https://www.jepx.jp/_download.php?dir=spot_summary&file=spot_summary_2020.csv
2020-10-25,jepx-spread-top8-kyushu,kyushu,5.7825,https://www.jepx.jp/_download.php?dir=spot_summary&file=spot_summary_2020.csv
2020-10-26,jepx-spread-top8-kyushu,kyushu,8.348749999999999,https://www.jepx.jp/_download.php?dir=spot_summary&file=spot_summary_2020.csv
2020-10-27,jepx-spread-top8-kyushu,kyushu,7.963750000000001,https://www.jepx.jp/_download.php?dir=spot_summary&file=spot_summary_2020.csv
2020-10-28,jepx-spread-top8-kyushu,kyushu,6.902499999999999,https://www.jepx.jp/_download.php?dir=spot_summary&file=spot_summary_2020.csv
2020-10-29,jepx-spread-top8-kyushu,kyushu,9.6275,https://www.jepx.jp/_download.php?dir=spot_summary&file=spot_summary_2020.csv
2020-10-30,jepx-spread-top8-kyushu,kyushu,7.463749999999999,https://www.jepx.jp/_download.php?dir=spot_summary&file=spot_summary_2020.csv
2020-10-31,jepx-spread-top8-kyushu,kyushu,6.694999999999999,https://www.jepx.jp/_download.php?dir=spot_summary&file=spot_summary_2020.csv
2020-11-01,jepx-spread-top8-kyushu,kyushu,3.15875,https://www.jepx.jp/_download.php?dir=spot_summary&file=spot_summary_2020.csv
2020-11-02,jepx-spread-top8-kyushu,kyushu,10.16875,https://www.jepx.jp/_download.php?dir=spot_summary&file=spot_summary_2020.csv
2020-11-03,jepx-spread-top8-kyushu,kyushu,3.91375,https://www.jepx.jp/_download.php?dir=spot_summary&file=spot_summary_2020.csv
2020-11-04,jepx-spread-top8-kyushu,kyushu,9.913749999999999,https://www.jepx.jp/_download.php?dir=spot_summary&file=spot_summary_2020.csv
2020-11-05,jepx-spread-top8-kyushu,kyushu,9.24875,https://www.jepx.jp/_download.php?dir=spot_summary&file=spot_summary_2020.csv
2020-11-06,jepx-spread-top8-kyushu,kyushu,10.50375,https://www.jepx.jp/_download.php?dir=spot_summary&file=spot_summary_2020.csv
2020-11-07,jepx-spread-top8-kyushu,kyushu,3.06625,https://www.jepx.jp/_download.php?dir=spot_summary&file=spot_summary_2020.csv
2020-11-08,jepx-spread-top8-kyushu,kyushu,3.77875,https://www.jepx.jp/_download.php?dir=spot_summary&file=spot_summary_2020.csv
2020-11-09,jepx-spread-top8-kyushu,kyushu,11.001249999999999,https://www.jepx.jp/_download.php?dir=spot_summary&file=spot_summary_2020.csv
2020-11-10,jepx-spread-top8-kyushu,kyushu,6.2575,https://www.jepx.jp/_download.php?dir=spot_summary&file=spot_summary_2020.csv
2020-11-11,jepx-spread-top8-kyushu,kyushu,9.98375,https://www.jepx.jp/_download.php?dir=spot_summary&file=spot_summary_2020.csv
2020-11-12,jepx-spread-top8-kyushu,kyushu,9.37125,https://www.jepx.jp/_download.php?dir=spot_summary&file=spot_summary_2020.csv
2020-11-13,jepx-spread-top8-kyushu,kyushu,8.7275,https://www.jepx.jp/_download.php?dir=spot_summary&file=spot_summary_2020.csv
2020-11-14,jepx-spread-top8-kyushu,kyushu,3.5699999999999994,https://www.jepx.jp/_download.php?dir=spot_summary&file=spot_summary_2020.csv
2020-11-15,jepx-spread-top8-kyushu,kyushu,3.6075,https://www.jepx.jp/_download.php?dir=spot_summary&file=spot_summary_2020.csv
2020-11-16,jepx-spread-top8-kyushu,kyushu,9.754999999999999,https://www.jepx.jp/_download.php?dir=spot_summary&file=spot_summary_2020.csv
2020-11-17,jepx-spread-top8-kyushu,kyushu,8.24625,https://www.jepx.jp/_download.php?dir=spot_summary&file=spot_summary_2020.csv
2020-11-18,jepx-spread-top8-kyushu,kyushu,5.010000000000002,https://www.jepx.jp/_download.php?dir=spot_summary&file=spot_summary_2020.csv
2020-11-19,jepx-spread-top8-kyushu,kyushu,5.113749999999999,https://www.jepx.jp/_download.php?dir=spot_summary&file=spot_summary_2020.csv
2020-11-20,jepx-spread-top8-kyushu,kyushu,4.4799999999999995,https://www.jepx.jp/_download.php?dir=spot_summary&file=spot_summary_2020.csv
2020-11-21,jepx-spread-top8-kyushu,kyushu,3.8475000000000006,https://www.jepx.jp/_download.php?dir=spot_summary&file=spot_summary_2020.csv
2020-11-22,jepx-spread-top8-kyushu,kyushu,2.6824999999999997,https://www.jepx.jp/_download.php?dir=spot_summary&file=spot_summary_2020.csv
2020-11-23,jepx-spread-top8-kyushu,kyushu,3.26875,https://www.jepx.jp/_download.php?dir=spot_summary&file=spot_summary_2020.csv
2020-11-24,jepx-spread-top8-kyushu,kyushu,6.45875,https://www.jepx.jp/_download.php?dir=spot_summary&file=spot_summary_2020.csv
2020-11-25,jepx-spread-top8-kyushu,kyushu,4.8525,https://www.jepx.jp/_download.php?dir=spot_summary&file=spot_summary_2020.csv
2020-11-26,jepx-spread-top8-kyushu,kyushu,4.731250000000001,https://www.jepx.jp/_download.php?dir=spot_summary&file=spot_summary_2020.csv
2020-11-27,jepx-spread-top8-kyushu,kyushu,4.915,https://www.jepx.jp/_download.php?dir=spot_summary&file=spot_summary_2020.csv
2020-11-28,jepx-spread-top8-kyushu,kyushu,2.6474999999999995,https://www.jepx.jp/_download.php?dir=spot_summary&file=spot_summary_2020.csv
2020-11-29,jepx-spread-top8-kyushu,kyushu,3.4300000000000006,https://www.jepx.jp/_download.php?dir=spot_summary&file=spot_summary_2020.csv
2020-11-30,jepx-spread-top8-kyushu,kyushu,7.4125,https://www.jepx.jp/_download.php?dir=spot_summary&file=spot_summary_2020.csv
2020-12-01,jepx-spread-top8-kyushu,kyushu,4.989999999999999,https://www.jepx.jp/_download.php?dir=spot_summary&file=spot_summary_2020.csv
2020-12-02,jepx-spread-top8-kyushu,kyushu,4.8675,https://www.jepx.jp/_download.php?dir=spot_summary&file=spot_summary_2020.csv
2020-12-03,jepx-spread-top8-kyushu,kyushu,4.53625,https://www.jepx.jp/_download.php?dir=spot_summary&file=spot_summary_2020.csv
2020-12-04,jepx-spread-top8-kyushu,kyushu,4.5112499999999995,https://www.jepx.jp/_download.php?dir=spot_summary&file=spot_summary_2020.csv
2020-12-05,jepx-spread-top8-kyushu,kyushu,5.547499999999999,https://www.jepx.jp/_download.php?dir=spot_summary&file=spot_summary_2020.csv
2020-12-06,jepx-spread-top8-kyushu,kyushu,5.5287500000000005,https://www.jepx.jp/_download.php?dir=spot_summary&file=spot_summary_2020.csv
2020-12-07,jepx-spread-top8-kyushu,kyushu,4.7700000000000005,https://www.jepx.jp/_download.php?dir=spot_summary&file=spot_summary_2020.csv
2020-12-08,jepx-spread-top8-kyushu,kyushu,4.20625,https://www.jepx.jp/_download.php?dir=spot_summary&file=spot_summary_2020.csv
2020-12-09,jepx-spread-top8-kyushu,kyushu,6.697500000000002,https://www.jepx.jp/_download.php?dir=spot_summary&file=spot_summary_2020.csv
2020-12-10,jepx-spread-top8-kyushu,kyushu,3.3550000000000004,https://www.jepx.jp/_download.php?dir=spot_summary&file=spot_summary_2020.csv
2020-12-11,jepx-spread-top8-kyushu,kyushu,4.50625,https://www.jepx.jp/_download.php?dir=spot_summary&file=spot_summary_2020.csv
2020-12-12,jepx-spread-top8-kyushu,kyushu,2.9475,https://www.jepx.jp/_download.php?dir=spot_summary&file=spot_summary_2020.csv
2020-12-13,jepx-spread-top8-kyushu,kyushu,2.8225,https://www.jepx.jp/_download.php?dir=spot_summary&file=spot_summary_2020.csv
2020-12-14,jepx-spread-top8-kyushu,kyushu,7.905000000000001,https://www.jepx.jp/_download.php?dir=spot_summary&file=spot_summary_2020.csv
2020-12-15,jepx-spread-top8-kyushu,kyushu,17.73125,https://www.jepx.jp/_download.php?dir=spot_summary&file=spot_summary_2020.csv
2020-12-16,jepx-spread-top8-kyushu,kyushu,40.040000000000006,https://www.jepx.jp/_download.php?dir=spot_summary&file=spot_summary_2020.csv
2020-12-17,jepx-spread-top8-kyushu,kyushu,49.07,https://www.jepx.jp/_download.php?dir=spot_summary&file=spot_summary_2020.csv
2020-12-18,jepx-spread-top8-kyushu,kyushu,42.73625,https://www.jepx.jp/_download.php?dir=spot_summary&file=spot_summary_2020.csv
2020-12-19,jepx-spread-top8-kyushu,kyushu,22.31875,https://www.jepx.jp/_download.php?dir=spot_summary&file=spot_summary_2020.csv
2020-12-20,jepx-spread-top8-kyushu,kyushu,13.230000000000002,https://www.jepx.jp/_download.php?dir=spot_summary&file=spot_summary_2020.csv
2020-12-21,jepx-spread-top8-kyushu,kyushu,41.55624999999999,https://www.jepx.jp/_download.php?dir=spot_summary&file=spot_summary_2020.csv
2020-12-22,jepx-spread-top8-kyushu,kyushu,30.025,https://www.jepx.jp/_download.php?dir=spot_summary&file=spot_summary_2020.csv
2020-12-23,jepx-spread-top8-kyushu,kyushu,12.47875,https://www.jepx.jp/_download.php?dir=spot_summary&file=spot_summary_2020.csv
2020-12-24,jepx-spread-top8-kyushu,kyushu,29.8625,https://www.jepx.jp/_download.php?dir=spot_summary&file=spot_summary_2020.csv
2020-12-25,jepx-spread-top8-kyushu,kyushu,27.218750000000007,https://www.jepx.jp/_download.php?dir=spot_summary&file=spot_summary_2020.csv
2020-12-26,jepx-spread-top8-kyushu,kyushu,71.53,https://www.jepx.jp/_download.php?dir=spot_summary&file=spot_summary_2020.csv
2020-12-27,jepx-spread-top8-kyushu,kyushu,62.3625,https://www.jepx.jp/_download.php?dir=spot_summary&file=spot_summary_2020.csv
2020-12-28,jepx-spread-top8-kyushu,kyushu,62.214999999999996,https://www.jepx.jp/_download.php?dir=spot_summary&file=spot_summary_2020.csv
2020-12-29,jepx-spread-top8-kyushu,kyushu,40.26625,https://www.jepx.jp/_download.php?dir=spot_summary&file=spot_summary_2020.csv
2020-12-30,jepx-spread-top8-kyushu,kyushu,50.99250000000001,https://www.jepx.jp/_download.php?dir=spot_summary&file=spot_summary_2020.csv
2020-12-31,jepx-spread-top8-kyushu,kyushu,53.38125,https://www.jepx.jp/_download.php?dir=spot_summary&file=spot_summary_2020.csv
2021-01-01,jepx-spread-top8-kyushu,kyushu,52.025000000000006,https://www.jepx.jp/_download.php?dir=spot_summary&file=spot_summary_2020.csv
2021-01-02,jepx-spread-top8-kyushu,kyushu,51.2425,https://www.jepx.jp/_download.php?dir=spot_summary&file=spot_summary_2020.csv
2021-01-03,jepx-spread-top8-kyushu,kyushu,61.6125,https://www.jepx.jp/_download.php?dir=spot_summary&file=spot_summary_2020.csv
2021-01-04,jepx-spread-top8-kyushu,kyushu,60.92250000000001,https://www.jepx.jp/_download.php?dir=spot_summary&file=spot_summary_2020.csv
2021-01-05,jepx-spread-top8-kyushu,kyushu,57.9775,https://www.jepx.jp/_download.php?dir=spot_summary&file=spot_summary_2020.csv
2021-01-06,jepx-spread-top8-kyushu,kyushu,33.495000000000005,https://www.jepx.jp/_download.php?dir=spot_summary&file=spot_summary_2020.csv
2021-01-07,jepx-spread-top8-kyushu,kyushu,38.10625,https://www.jepx.jp/_download.php?dir=spot_summary&file=spot_summary_2020.csv
2021-01-08,jepx-spread-top8-kyushu,kyushu,35.053749999999994,https://www.jepx.jp/_download.php?dir=spot_summary&file=spot_summary_2020.csv
2021-01-09,jepx-spread-top8-kyushu,kyushu,69.70750000000001,https://www.jepx.jp/_download.php?dir=spot_summary&file=spot_summary_2020.csv
2021-01-10,jepx-spread-top8-kyushu,kyushu,117.41875,https://www.jepx.jp/_download.php?dir=spot_summary&file=spot_summary_2020.csv
2021-01-11,jepx-spread-top8-kyushu,kyushu,85.48749999999998,https://www.jepx.jp/_download.php?dir=spot_summary&file=spot_summary_2020.csv
2021-01-12,jepx-spread-top8-kyushu,kyushu,157.76624999999999,https://www.jepx.jp/_download.php?dir=spot_summary&file=spot_summary_2020.csv
2021-01-13,jepx-spread-top8-kyushu,kyushu,122.8425,https://www.jepx.jp/_download.php?dir=spot_summary&file=spot_summary_2020.csv
2021-01-14,jepx-spread-top8-kyushu,kyushu,196.72625,https://www.jepx.jp/_download.php?dir=spot_summary&file=spot_summary_2020.csv
2021-01-15,jepx-spread-top8-kyushu,kyushu,203.07750000000001,https://www.jepx.jp/_download.php?dir=spot_summary&file=spot_summary_2020.csv
2021-01-16,jepx-spread-top8-kyushu,kyushu,95.69,https://www.jepx.jp/_download.php?dir=spot_summary&file=spot_summary_2020.csv
2021-01-17,jepx-spread-top8-kyushu,kyushu,72.16624999999999,https://www.jepx.jp/_download.php?dir=spot_summary&file=spot_summary_2020.csv
2021-01-18,jepx-spread-top8-kyushu,kyushu,169.955,https://www.jepx.jp/_download.php?dir=spot_summary&file=spot_summary_2020.csv
2021-01-19,jepx-spread-top8-kyushu,kyushu,169.99875,https://www.jepx.jp/_download.php?dir=spot_summary&file=spot_summary_2020.csv
2021-01-20,jepx-spread-top8-kyushu,kyushu,182.11875,https://www.jepx.jp/_download.php?dir=spot_summary&file=spot_summary_2020.csv
2021-01-21,jepx-spread-top8-kyushu,kyushu,164.82000000000002,https://www.jepx.jp/_download.php?dir=spot_summary&file=spot_summary_2020.csv
2021-01-22,jepx-spread-top8-kyushu,kyushu,72.375,https://www.jepx.jp/_download.php?dir=spot_summary&file=spot_summary_2020.csv
2021-01-23,jepx-spread-top8-kyushu,kyushu,24.635,https://www.jepx.jp/_download.php?dir=spot_summary&file=spot_summary_2020.csv
2021-01-24,jepx-spread-top8-kyushu,kyushu,16.995,https://www.jepx.jp/_download.php?dir=spot_summary&file=spot_summary_2020.csv
2021-01-25,jepx-spread-top8-kyushu,kyushu,18.1875,https://www.jepx.jp/_download.php?dir=spot_summary&file=spot_summary_2020.csv
2021-01-26,jepx-spread-top8-kyushu,kyushu,12.07,https://www.jepx.jp/_download.php?dir=spot_summary&file=spot_summary_2020.csv
2021-01-27,jepx-spread-top8-kyushu,kyushu,7.673749999999999,https://www.jepx.jp/_download.php?dir=spot_summary&file=spot_summary_2020.csv
2021-01-28,jepx-spread-top8-kyushu,kyushu,8.31125,https://www.jepx.jp/_download.php?dir=spot_summary&file=spot_summary_2020.csv
2021-01-29,jepx-spread-top8-kyushu,kyushu,9.66375,https://www.jepx.jp/_download.php?dir=spot_summary&file=spot_summary_2020.csv
2021-01-30,jepx-spread-top8-kyushu,kyushu,9.82,https://www.jepx.jp/_download.php?dir=spot_summary&file=spot_summary_2020.csv
2021-01-31,jepx-spread-top8-kyushu,kyushu,9.70375,https://www.jepx.jp/_download.php?dir=spot_summary&file=spot_summary_2020.csv
2021-02-01,jepx-spread-top8-kyushu,kyushu,3.31625,https://www.jepx.jp/_download.php?dir=spot_summary&file=spot_summary_2020.csv
2021-02-02,jepx-spread-top8-kyushu,kyushu,4.99125,https://www.jepx.jp/_download.php?dir=spot_summary&file=spot_summary_2020.csv
2021-02-03,jepx-spread-top8-kyushu,kyushu,8.28,https://www.jepx.jp/_download.php?dir=spot_summary&file=spot_summary_2020.csv
2021-02-04,jepx-spread-top8-kyushu,kyushu,5.5337499999999995,https://www.jepx.jp/_download.php?dir=spot_summary&file=spot_summary_2020.csv
2021-02-05,jepx-spread-top8-kyushu,kyushu,5.633749999999999,https://www.jepx.jp/_download.php?dir=spot_summary&file=spot_summary_2020.csv
2021-02-06,jepx-spread-top8-kyushu,kyushu,7.1625000000000005,https://www.jepx.jp/_download.php?dir=spot_summary&file=spot_summary_2020.csv
2021-02-07,jepx-spread-top8-kyushu,kyushu,7.95875,https://www.jepx.jp/_download.php?dir=spot_summary&file=spot_summary_2020.csv
2021-02-08,jepx-spread-top8-kyushu,kyushu,9.64875,https://www.jepx.jp/_download.php?dir=spot_summary&file=spot_summary_2020.csv
2021-02-09,jepx-spread-top8-kyushu,kyushu,9.34375,https://www.jepx.jp/_download.php?dir=spot_summary&file=spot_summary_2020.csv
2021-02-10,jepx-spread-top8-kyushu,kyushu,6.517500000000001,https://www.jepx.jp/_download.php?dir=spot_summary&file=spot_summary_2020.csv
2021-02-11,jepx-spread-top8-kyushu,kyushu,4.0425,https://www.jepx.jp/_download.php?dir=spot_summary&file=spot_summary_2020.csv
2021-02-12,jepx-spread-top8-kyushu,kyushu,2.2712499999999993,https://www.jepx.jp/_download.php?dir=spot_summary&file=spot_summary_2020.csv
2021-02-13,jepx-spread-top8-kyushu,kyushu,2.46375,https://www.jepx.jp/_download.php?dir=spot_summary&file=spot_summary_2020.csv
2021-02-14,jepx-spread-top8-kyushu,kyushu,2.49125,https://www.jepx.jp/_download.php?dir=spot_summary&file=spot_summary_2020.csv
2021-02-15,jepx-spread-top8-kyushu,kyushu,2.7725,https://www.jepx.jp/_download.php?dir=spot_summary&file=spot_summary_2020.csv
2021-02-16,jepx-spread-top8-kyushu,kyushu,5.9087499999999995,https://www.jepx.jp/_download.php?dir=spot_summary&file=spot_summary_2020.csv
2021-02-17,jepx-spread-top8-kyushu,kyushu,11.9075,https://www.jepx.jp/_download.php?dir=spot_summary&file=spot_summary_2020.csv
2021-02-18,jepx-spread-top8-kyushu,kyushu,14.889999999999999,https://www.jepx.jp/_download.php?dir=spot_summary&file=spot_summary_2020.csv
2021-02-19,jepx-spread-top8-kyushu,kyushu,6.125,https://www.jepx.jp/_download.php?dir=spot_summary&file=spot_summary_2020.csv
2021-02-20,jepx-spread-top8-kyushu,kyushu,7.141249999999999,https://www.jepx.jp/_download.php?dir=spot_summary&file=spot_summary_2020.csv
2021-02-21,jepx-spread-top8-kyushu,kyushu,5.15,https://www.jepx.jp/_download.php?dir=spot_summary&file=spot_summary_2020.csv
2021-02-22,jepx-spread-top8-kyushu,kyushu,3.3362500000000006,https://www.jepx.jp/_download.php?dir=spot_summary&file=spot_summary_2020.csv
2021-02-23,jepx-spread-top8-kyushu,kyushu,8.06625,https://www.jepx.jp/_download.php?dir=spot_summary&file=spot_summary_2020.csv
2021-02-24,jepx-spread-top8-kyushu,kyushu,9.44375,https://www.jepx.jp/_download.php?dir=spot_summary&file=spot_summary_2020.csv
2021-02-25,jepx-spread-top8-kyushu,kyushu,4.299999999999999,https://www.jepx.jp/_download.php?dir=spot_summary&file=spot_summary_2020.csv
2021-02-26,jepx-spread-top8-kyushu,kyushu,6.978750000000002,https://www.jepx.jp/_download.php?dir=spot_summary&file=spot_summary_2020.csv
2021-02-27,jepx-spread-top8-kyushu,kyushu,3.4662500000000005,https://www.jepx.jp/_download.php?dir=spot_summary&file=spot_summary_2020.csv
2021-02-28,jepx-spread-top8-kyushu,kyushu,3.1587499999999995,https://www.jepx.jp/_download.php?dir=spot_summary&file=spot_summary_2020.csv
2021-03-01,jepx-spread-top8-kyushu,kyushu,2.0875000000000004,https://www.jepx.jp/_download.php?dir=spot_summary&file=spot_summary_2020.csv
2021-03-02,jepx-spread-top8-kyushu,kyushu,5.294999999999999,https://www.jepx.jp/_download.php?dir=spot_summary&file=spot_summary_2020.csv
2021-03-03,jepx-spread-top8-kyushu,kyushu,10.32875,https://www.jepx.jp/_download.php?dir=spot_summary&file=spot_summary_2020.csv
2021-03-04,jepx-spread-top8-kyushu,kyushu,3.1425,https://www.jepx.jp/_download.php?dir=spot_summary&file=spot_summary_2020.csv
2021-03-05,jepx-spread-top8-kyushu,kyushu,2.7262500000000003,https://www.jepx.jp/_download.php?dir=spot_summary&file=spot_summary_2020.csv
2021-03-06,jepx-spread-top8-kyushu,kyushu,2.81625,https://www.jepx.jp/_download.php?dir=spot_summary&file=spot_summary_2020.csv
2021-03-07,jepx-spread-top8-kyushu,kyushu,3.8200000000000003,https://www.jepx.jp/_download.php?dir=spot_summary&file=spot_summary_2020.csv
2021-03-08,jepx-spread-top8-kyushu,kyushu,4.149999999999999,https://www.jepx.jp/_download.php?dir=spot_summary&file=spot_summary_2020.csv
2021-03-09,jepx-spread-top8-kyushu,kyushu,6.611249999999998,https://www.jepx.jp/_download.php?dir=spot_summary&file=spot_summary_2020.csv
2021-03-10,jepx-spread-top8-kyushu,kyushu,9.56,https://www.jepx.jp/_download.php?dir=spot_summary&file=spot_summary_2020.csv
2021-03-11,jepx-spread-top8-kyushu,kyushu,6.294999999999998,https://www.jepx.jp/_download.php?dir=spot_summary&file=spot_summary_2020.csv
2021-03-12,jepx-spread-top8-kyushu,kyushu,4.33375,https://www.jepx.jp/_download.php?dir=spot_summary&file=spot_summary_2020.csv
2021-03-13,jepx-spread-top8-kyushu,kyushu,6.904999999999999,https://www.jepx.jp/_download.php?dir=spot_summary&file=spot_summary_2020.csv
2021-03-14,jepx-spread-top8-kyushu,kyushu,7.550000000000001,https://www.jepx.jp/_download.php?dir=spot_summary&file=spot_summary_2020.csv
2021-03-15,jepx-spread-top8-kyushu,kyushu,7.6225000000000005,https://www.jepx.jp/_download.php?dir=spot_summary&file=spot_summary_2020.csv
2021-03-16,jepx-spread-top8-kyushu,kyushu,3.4587499999999993,https://www.jepx.jp/_download.php?dir=spot_summary&file=spot_summary_2020.csv
2021-03-17,jepx-spread-top8-kyushu,kyushu,8.105,https://www.jepx.jp/_download.php?dir=spot_summary&file=spot_summary_2020.csv
2021-03-18,jepx-spread-top8-kyushu,kyushu,7.60625,https://www.jepx.jp/_download.php?dir=spot_summary&file=spot_summary_2020.csv
2021-03-19,jepx-spread-top8-kyushu,kyushu,5.3225,https://www.jepx.jp/_download.php?dir=spot_summary&file=spot_summary_2020.csv
2021-03-20,jepx-spread-top8-kyushu,kyushu,3.5124999999999993,https://www.jepx.jp/_download.php?dir=spot_summary&file=spot_summary_2020.csv
2021-03-21,jepx-spread-top8-kyushu,kyushu,2.20125,https://www.jepx.jp/_download.php?dir=spot_summary&file=spot_summary_2020.csv
2021-03-22,jepx-spread-top8-kyushu,kyushu,8.80625,https://www.jepx.jp/_download.php?dir=spot_summary&file=spot_summary_2020.csv
2021-03-23,jepx-spread-top8-kyushu,kyushu,8.06625,https://www.jepx.jp/_download.php?dir=spot_summary&file=spot_summary_2020.csv
2021-03-24,jepx-spread-top8-kyushu,kyushu,6.016249999999999,https://www.jepx.jp/_download.php?dir=spot_summary&file=spot_summary_2020.csv
2021-03-25,jepx-spread-top8-kyushu,kyushu,7.077500000000001,https://www.jepx.jp/_download.php?dir=spot_summary&file=spot_summary_2020.csv
2021-03-26,jepx-spread-top8-kyushu,kyushu,6.58,https://www.jepx.jp/_download.php?dir=spot_summary&file=spot_summary_2020.csv
2021-03-27,jepx-spread-top8-kyushu,kyushu,5.62,https://www.jepx.jp/_download.php?dir=spot_summary&file=spot_summary_2020.csv
2021-03-28,jepx-spread-top8-kyushu,kyushu,5.30125,https://www.jepx.jp/_download.php?dir=spot_summary&file=spot_summary_2020.csv
2021-03-29,jepx-spread-top8-kyushu,kyushu,5.92625,https://www.jepx.jp/_download.php?dir=spot_summary&file=spot_summary_2020.csv
2021-03-30,jepx-spread-top8-kyushu,kyushu,1.6275000000000013,https://www.jepx.jp/_download.php?dir=spot_summary&file=spot_summary_2020.csv
2021-03-31,jepx-spread-top8-kyushu,kyushu,5.66125,https://www.jepx.jp/_download.php?dir=spot_summary&file=spot_summary_2020.csv
2021-04-01,jepx-spread-top8-kyushu,kyushu,3.25375,https://www.jepx.jp/_download.php?dir=spot_summary&file=spot_summary_2021.csv
2021-04-02,jepx-spread-top8-kyushu,kyushu,4.81125,https://www.jepx.jp/_download.php?dir=spot_summary&file=spot_summary_2021.csv
2021-04-03,jepx-spread-top8-kyushu,kyushu,7.19,https://www.jepx.jp/_download.php?dir=spot_summary&file=spot_summary_2021.csv
2021-04-04,jepx-spread-top8-kyushu,kyushu,1.955,https://www.jepx.jp/_download.php?dir=spot_summary&file=spot_summary_2021.csv
2021-04-05,jepx-spread-top8-kyushu,kyushu,7.575,https://www.jepx.jp/_download.php?dir=spot_summary&file=spot_summary_2021.csv
2021-04-06,jepx-spread-top8-kyushu,kyushu,8.28375,https://www.jepx.jp/_download.php?dir=spot_summary&file=spot_summary_2021.csv
2021-04-07,jepx-spread-top8-kyushu,kyushu,8.297500000000001,https://www.jepx.jp/_download.php?dir=spot_summary&file=spot_summary_2021.csv
2021-04-08,jepx-spread-top8-kyushu,kyushu,8.96125,https://www.jepx.jp/_download.php?dir=spot_summary&file=spot_summary_2021.csv
2021-04-09,jepx-spread-top8-kyushu,kyushu,9.116249999999999,https://www.jepx.jp/_download.php?dir=spot_summary&file=spot_summary_2021.csv
2021-04-10,jepx-spread-top8-kyushu,kyushu,9.3925,https://www.jepx.jp/_download.php?dir=spot_summary&file=spot_summary_2021.csv
2021-04-11,jepx-spread-top8-kyushu,kyushu,8.3675,https://www.jepx.jp/_download.php?dir=spot_summary&file=spot_summary_2021.csv
2021-04-12,jepx-spread-top8-kyushu,kyushu,3.4849999999999994,https://www.jepx.jp/_download.php?dir=spot_summary&file=spot_summary_2021.csv
2021-04-13,jepx-spread-top8-kyushu,kyushu,1.9187499999999993,https://www.jepx.jp/_download.php?dir=spot_summary&file=spot_summary_2021.csv
2021-04-14,jepx-spread-top8-kyushu,kyushu,10.48625,https://www.jepx.jp/_download.php?dir=spot_summary&file=spot_summary_2021.csv
2021-04-15,jepx-spread-top8-kyushu,kyushu,11.82625,https://www.jepx.jp/_download.php?dir=spot_summary&file=spot_summary_2021.csv
2021-04-16,jepx-spread-top8-kyushu,kyushu,4.078750000000001,https://www.jepx.jp/_download.php?dir=spot_summary&file=spot_summary_2021.csv
2021-04-17,jepx-spread-top8-kyushu,kyushu,2.2312499999999993,https://www.jepx.jp/_download.php?dir=spot_summary&file=spot_summary_2021.csv
2021-04-18,jepx-spread-top8-kyushu,kyushu,9.1325,https://www.jepx.jp/_download.php?dir=spot_summary&file=spot_summary_2021.csv
2021-04-19,jepx-spread-top8-kyushu,kyushu,10.022499999999999,https://www.jepx.jp/_download.php?dir=spot_summary&file=spot_summary_2021.csv
2021-04-20,jepx-spread-top8-kyushu,kyushu,9.76125,https://www.jepx.jp/_download.php?dir=spot_summary&file=spot_summary_2021.csv
2021-04-21,jepx-spread-top8-kyushu,kyushu,10.28125,https://www.jepx.jp/_download.php?dir=spot_summary&file=spot_summary_2021.csv
2021-04-22,jepx-spread-top8-kyushu,kyushu,9.840000000000002,https://www.jepx.jp/_download.php?dir=spot_summary&file=spot_summary_2021.csv
2021-04-23,jepx-spread-top8-kyushu,kyushu,5.252500000000001,https://www.jepx.jp/_download.php?dir=spot_summary&file=spot_summary_2021.csv
2021-04-24,jepx-spread-top8-kyushu,kyushu,9.21625,https://www.jepx.jp/_download.php?dir=spot_summary&file=spot_summary_2021.csv
2021-04-25,jepx-spread-top8-kyushu,kyushu,8.74,https://www.jepx.jp/_download.php?dir=spot_summary&file=spot_summary_2021.csv
2021-04-26,jepx-spread-top8-kyushu,kyushu,13.196250000000001,https://www.jepx.jp/_download.php?dir=spot_summary&file=spot_summary_2021.csv
2021-04-27,jepx-spread-top8-kyushu,kyushu,13.136249999999999,https://www.jepx.jp/_download.php?dir=spot_summary&file=spot_summary_2021.csv
2021-04-28,jepx-spread-top8-kyushu,kyushu,10.2025,https://www.jepx.jp/_download.php?dir=spot_summary&file=spot_summary_2021.csv
2021-04-29,jepx-spread-top8-kyushu,kyushu,3.978749999999999,https://www.jepx.jp/_download.php?dir=spot_summary&file=spot_summary_2021.csv
2021-04-30,jepx-spread-top8-kyushu,kyushu,9.6275,https://www.jepx.jp/_download.php?dir=spot_summary&file=spot_summary_2021.csv
2021-05-01,jepx-spread-top8-kyushu,kyushu,9.05625,https://www.jepx.jp/_download.php?dir=spot_summary&file=spot_summary_2021.csv
2021-05-02,jepx-spread-top8-kyushu,kyushu,8.523750000000001,https://www.jepx.jp/_download.php?dir=spot_summary&file=spot_summary_2021.csv
2021-05-03,jepx-spread-top8-kyushu,kyushu,8.5375,https://www.jepx.jp/_download.php?dir=spot_summary&file=spot_summary_2021.csv
2021-05-04,jepx-spread-top8-kyushu,kyushu,8.11875,https://www.jepx.jp/_download.php?dir=spot_summary&file=spot_summary_2021.csv
2021-05-05,jepx-spread-top8-kyushu,kyushu,2.5637500000000015,https://www.jepx.jp/_download.php?dir=spot_summary&file=spot_summary_2021.csv
2021-05-06,jepx-spread-top8-kyushu,kyushu,8.805,https://www.jepx.jp/_download.php?dir=spot_summary&file=spot_summary_2021.csv
2021-05-07,jepx-spread-top8-kyushu,kyushu,1.8875000000000002,https://www.jepx.jp/_download.php?dir=spot_summary&file=spot_summary_2021.csv
2021-05-08,jepx-spread-top8-kyushu,kyushu,3.6412499999999994,https://www.jepx.jp/_download.php?dir=spot_summary&file=spot_summary_2021.csv
2021-05-09,jepx-spread-top8-kyushu,kyushu,7.265000000000001,https://www.jepx.jp/_download.php?dir=spot_summary&file=spot_summary_2021.csv
2021-05-10,jepx-spread-top8-kyushu,kyushu,9.56375,https://www.jepx.jp/_download.php?dir=spot_summary&file=spot_summary_2021.csv
2021-05-11,jepx-spread-top8-kyushu,kyushu,6.45875,https://www.jepx.jp/_download.php?dir=spot_summary&file=spot_summary_2021.csv
2021-05-12,jepx-spread-top8-kyushu,kyushu,3.995,https://www.jepx.jp/_download.php?dir=spot_summary&file=spot_summary_2021.csv
2021-05-13,jepx-spread-top8-kyushu,kyushu,2.833750000000001,https://www.jepx.jp/_download.php?dir=spot_summary&file=spot_summary_2021.csv
2021-05-14,jepx-spread-top8-kyushu,kyushu,3.982499999999998,https://www.jepx.jp/_download.php?dir=spot_summary&file=spot_summary_2021.csv
2021-05-15,jepx-spread-top8-kyushu,kyushu,2.6525,https://www.jepx.jp/_download.php?dir=spot_summary&file=spot_summary_2021.csv
2021-05-16,jepx-spread-top8-kyushu,kyushu,2.4487500000000004,https://www.jepx.jp/_download.php?dir=spot_summary&file=spot_summary_2021.csv
2021-05-17,jepx-spread-top8-kyushu,kyushu,5.985,https://www.jepx.jp/_download.php?dir=spot_summary&file=spot_summary_2021.csv
2021-05-18,jepx-spread-top8-kyushu,kyushu,4.205,https://www.jepx.jp/_download.php?dir=spot_summary&file=spot_summary_2021.csv
2021-05-19,jepx-spread-top8-kyushu,kyushu,3.5024999999999995,https://www.jepx.jp/_download.php?dir=spot_summary&file=spot_summary_2021.csv
2021-05-20,jepx-spread-top8-kyushu,kyushu,9.25125,https://www.jepx.jp/_download.php?dir=spot_summary&file=spot_summary_2021.csv
2021-05-21,jepx-spread-top8-kyushu,kyushu,6.188750000000001,https://www.jepx.jp/_download.php?dir=spot_summary&file=spot_summary_2021.csv
2021-05-22,jepx-spread-top8-kyushu,kyushu,8.5375,https://www.jepx.jp/_download.php?dir=spot_summary&file=spot_summary_2021.csv
2021-05-23,jepx-spread-top8-kyushu,kyushu,8.3425,https://www.jepx.jp/_download.php?dir=spot_summary&file=spot_summary_2021.csv
2021-05-24,jepx-spread-top8-kyushu,kyushu,8.71875,https://www.jepx.jp/_download.php?dir=spot_summary&file=spot_summary_2021.csv
2021-05-25,jepx-spread-top8-kyushu,kyushu,9.47375,https://www.jepx.jp/_download.php?dir=spot_summary&file=spot_summary_2021.csv
2021-05-26,jepx-spread-top8-kyushu,kyushu,3.29125,https://www.jepx.jp/_download.php?dir=spot_summary&file=spot_summary_2021.csv
2021-05-27,jepx-spread-top8-kyushu,kyushu,3.286249999999999,https://www.jepx.jp/_download.php?dir=spot_summary&file=spot_summary_2021.csv
2021-05-28,jepx-spread-top8-kyushu,kyushu,3.24625,https://www.jepx.jp/_download.php?dir=spot_summary&file=spot_summary_2021.csv
2021-05-29,jepx-spread-top8-kyushu,kyushu,7.67375,https://www.jepx.jp/_download.php?dir=spot_summary&file=spot_summary_2021.csv
2021-05-30,jepx-spread-top8-kyushu,kyushu,6.765000000000001,https://www.jepx.jp/_download.php?dir=spot_summary&file=spot_summary_2021.csv
2021-05-31,jepx-spread-top8-kyushu,kyushu,8.28125,https://www.jepx.jp/_download.php?dir=spot_summary&file=spot_summary_2021.csv
2021-06-01,jepx-spread-top8-kyushu,kyushu,8.6775,https://www.jepx.jp/_download.php?dir=spot_summary&file=spot_summary_2021.csv
2021-06-02,jepx-spread-top8-kyushu,kyushu,2.64625,https://www.jepx.jp/_download.php?dir=spot_summary&file=spot_summary_2021.csv
2021-06-03,jepx-spread-top8-kyushu,kyushu,3.8812500000000014,https://www.jepx.jp/_download.php?dir=spot_summary&file=spot_summary_2021.csv
2021-06-04,jepx-spread-top8-kyushu,kyushu,6.610000000000001,https://www.jepx.jp/_download.php?dir=spot_summary&file=spot_summary_2021.csv
2021-06-05,jepx-spread-top8-kyushu,kyushu,2.7887500000000003,https://www.jepx.jp/_download.php?dir=spot_summary&file=spot_summary_2021.csv
2021-06-06,jepx-spread-top8-kyushu,kyushu,7.876250000000001,https://www.jepx.jp/_download.php?dir=spot_summary&file=spot_summary_2021.csv
2021-06-07,jepx-spread-top8-kyushu,kyushu,8.93375,https://www.jepx.jp/_download.php?dir=spot_summary&file=spot_summary_2021.csv
2021-06-08,jepx-spread-top8-kyushu,kyushu,6.8100000000000005,https://www.jepx.jp/_download.php?dir=spot_summary&file=spot_summary_2021.csv
2021-06-09,jepx-spread-top8-kyushu,kyushu,7.868750000000001,https://www.jepx.jp/_download.php?dir=spot_summary&file=spot_summary_2021.csv
2021-06-10,jepx-spread-top8-kyushu,kyushu,5.959999999999999,https://www.jepx.jp/_download.php?dir=spot_summary&file=spot_summary_2021.csv
2021-06-11,jepx-spread-top8-kyushu,kyushu,6.530000000000001,https://www.jepx.jp/_download.php?dir=spot_summary&file=spot_summary_2021.csv
2021-06-12,jepx-spread-top8-kyushu,kyushu,2.04125,https://www.jepx.jp/_download.php?dir=spot_summary&file=spot_summary_2021.csv
2021-06-13,jepx-spread-top8-kyushu,kyushu,2.45,https://www.jepx.jp/_download.php?dir=spot_summary&file=spot_summary_2021.csv
2021-06-14,jepx-spread-top8-kyushu,kyushu,3.5525,https://www.jepx.jp/_download.php?dir=spot_summary&file=spot_summary_2021.csv
2021-06-15,jepx-spread-top8-kyushu,kyushu,3.2437500000000004,https://www.jepx.jp/_download.php?dir=spot_summary&file=spot_summary_2021.csv
2021-06-16,jepx-spread-top8-kyushu,kyushu,5.8625,https://www.jepx.jp/_download.php?dir=spot_summary&file=spot_summary_2021.csv
2021-06-17,jepx-spread-top8-kyushu,kyushu,4.036250000000001,https://www.jepx.jp/_download.php?dir=spot_summary&file=spot_summary_2021.csv
2021-06-18,jepx-spread-top8-kyushu,kyushu,8.328750000000001,https://www.jepx.jp/_download.php?dir=spot_summary&file=spot_summary_2021.csv
2021-06-19,jepx-spread-top8-kyushu,kyushu,1.8674999999999997,https://www.jepx.jp/_download.php?dir=spot_summary&file=spot_summary_2021.csv
2021-06-20,jepx-spread-top8-kyushu,kyushu,8.3725,https://www.jepx.jp/_download.php?dir=spot_summary&file=spot_summary_2021.csv
2021-06-21,jepx-spread-top8-kyushu,kyushu,5.365,https://www.jepx.jp/_download.php?dir=spot_summary&file=spot_summary_2021.csv
2021-06-22,jepx-spread-top8-kyushu,kyushu,2.6662500000000007,https://www.jepx.jp/_download.php?dir=spot_summary&file=spot_summary_2021.csv
2021-06-23,jepx-spread-top8-kyushu,kyushu,8.668750000000001,https://www.jepx.jp/_download.php?dir=spot_summary&file=spot_summary_2021.csv
2021-06-24,jepx-spread-top8-kyushu,kyushu,2.75,https://www.jepx.jp/_download.php?dir=spot_summary&file=spot_summary_2021.csv
2021-06-25,jepx-spread-top8-kyushu,kyushu,2.317500000000001,https://www.jepx.jp/_download.php?dir=spot_summary&file=spot_summary_2021.csv
2021-06-26,jepx-spread-top8-kyushu,kyushu,2.360000000000001,https://www.jepx.jp/_download.php?dir=spot_summary&file=spot_summary_2021.csv
2021-06-27,jepx-spread-top8-kyushu,kyushu,2.755,https://www.jepx.jp/_download.php?dir=spot_summary&file=spot_summary_2021.csv
2021-06-28,jepx-spread-top8-kyushu,kyushu,3.5012500000000006,https://www.jepx.jp/_download.php?dir=spot_summary&file=spot_summary_2021.csv
2021-06-29,jepx-spread-top8-kyushu,kyushu,2.2350000000000003,https://www.jepx.jp/_download.php?dir=spot_summary&file=spot_summary_2021.csv
2021-06-30,jepx-spread-top8-kyushu,kyushu,2.9837499999999997,https://www.jepx.jp/_download.php?dir=spot_summary&file=spot_summary_2021.csv
2021-07-01,jepx-spread-top8-kyushu,kyushu,2.905000000000001,https://www.jepx.jp/_download.php?dir=spot_summary&file=spot_summary_2021.csv
2021-07-02,jepx-spread-top8-kyushu,kyushu,3.182499999999999,https://www.jepx.jp/_download.php?dir=spot_summary&file=spot_summary_2021.csv
2021-07-03,jepx-spread-top8-kyushu,kyushu,1.4825000000000008,https://www.jepx.jp/_download.php?dir=spot_summary&file=spot_summary_2021.csv
2021-07-04,jepx-spread-top8-kyushu,kyushu,2.2424999999999997,https://www.jepx.jp/_download.php?dir=spot_summary&file=spot_summary_2021.csv
2021-07-05,jepx-spread-top8-kyushu,kyushu,4.556249999999999,https://www.jepx.jp/_download.php?dir=spot_summary&file=spot_summary_2021.csv
2021-07-06,jepx-spread-top8-kyushu,kyushu,5.51625,https://www.jepx.jp/_download.php?dir=spot_summary&file=spot_summary_2021.csv
2021-07-07,jepx-spread-top8-kyushu,kyushu,4.3975,https://www.jepx.jp/_download.php?dir=spot_summary&file=spot_summary_2021.csv
2021-07-08,jepx-spread-top8-kyushu,kyushu,5.656250000000001,https://www.jepx.jp/_download.php?dir=spot_summary&file=spot_summary_2021.csv
2021-07-09,jepx-spread-top8-kyushu,kyushu,2.898749999999999,https://www.jepx.jp/_download.php?dir=spot_summary&file=spot_summary_2021.csv
2021-07-10,jepx-spread-top8-kyushu,kyushu,2.7025000000000006,https://www.jepx.jp/_download.php?dir=spot_summary&file=spot_summary_2021.csv
2021-07-11,jepx-spread-top8-kyushu,kyushu,3.7487499999999994,https://www.jepx.jp/_download.php?dir=spot_summary&file=spot_summary_2021.csv
2021-07-12,jepx-spread-top8-kyushu,kyushu,3.8062499999999995,https://www.jepx.jp/_download.php?dir=spot_summary&file=spot_summary_2021.csv
2021-07-13,jepx-spread-top8-kyushu,kyushu,5.5075,https://www.jepx.jp/_download.php?dir=spot_summary&file=spot_summary_2021.csv
2021-07-14,jepx-spread-top8-kyushu,kyushu,4.8475,https://www.jepx.jp/_download.php?dir=spot_summary&file=spot_summary_2021.csv
2021-07-15,jepx-spread-top8-kyushu,kyushu,3.6287499999999993,https://www.jepx.jp/_download.php?dir=spot_summary&file=spot_summary_2021.csv
2021-07-16,jepx-spread-top8-kyushu,kyushu,4.4037500000000005,https://www.jepx.jp/_download.php?dir=spot_summary&file=spot_summary_2021.csv
2021-07-17,jepx-spread-top8-kyushu,kyushu,3.2225,https://www.jepx.jp/_download.php?dir=spot_summary&file=spot_summary_2021.csv
2021-07-18,jepx-spread-top8-kyushu,kyushu,3.428749999999999,https://www.jepx.jp/_download.php?dir=spot_summary&file=spot_summary_2021.csv
2021-07-19,jepx-spread-top8-kyushu,kyushu,6.3025,https://www.jepx.jp/_download.php?dir=spot_summary&file=spot_summary_2021.csv
2021-07-20,jepx-spread-top8-kyushu,kyushu,6.5975,https://www.jepx.jp/_download.php?dir=spot_summary&file=spot_summary_2021.csv
2021-07-21,jepx-spread-top8-kyushu,kyushu,9.835000000000003,https://www.jepx.jp/_download.php?dir=spot_summary&file=spot_summary_2021.csv
2021-07-22,jepx-spread-top8-kyushu,kyushu,6.825000000000002,https://www.jepx.jp/_download.php?dir=spot_summary&file=spot_summary_2021.csv
2021-07-23,jepx-spread-top8-kyushu,kyushu,3.713749999999999,https://www.jepx.jp/_download.php?dir=spot_summary&file=spot_summary_2021.csv
2021-07-24,jepx-spread-top8-kyushu,kyushu,4.89125,https://www.jepx.jp/_download.php?dir=spot_summary&file=spot_summary_2021.csv
2021-07-25,jepx-spread-top8-kyushu,kyushu,3.5687500000000005,https://www.jepx.jp/_download.php?dir=spot_summary&file=spot_summary_2021.csv
2021-07-26,jepx-spread-top8-kyushu,kyushu,7.323750000000001,https://www.jepx.jp/_download.php?dir=spot_summary&file=spot_summary_2021.csv
2021-07-27,jepx-spread-top8-kyushu,kyushu,3.9362499999999994,https://www.jepx.jp/_download.php?dir=spot_summary&file=spot_summary_2021.csv
2021-07-28,jepx-spread-top8-kyushu,kyushu,4.421250000000001,https://www.jepx.jp/_download.php?dir=spot_summary&file=spot_summary_2021.csv
2021-07-29,jepx-spread-top8-kyushu,kyushu,5.56875,https://www.jepx.jp/_download.php?dir=spot_summary&file=spot_summary_2021.csv
2021-07-30,jepx-spread-top8-kyushu,kyushu,5.625000000000002,https://www.jepx.jp/_download.php?dir=spot_summary&file=spot_summary_2021.csv
2021-07-31,jepx-spread-top8-kyushu,kyushu,3.6624999999999988,https://www.jepx.jp/_download.php?dir=spot_summary&file=spot_summary_2021.csv
2021-08-01,jepx-spread-top8-kyushu,kyushu,3.2424999999999997,https://www.jepx.jp/_download.php?dir=spot_summary&file=spot_summary_2021.csv
2021-08-02,jepx-spread-top8-kyushu,kyushu,7.755000000000001,https://www.jepx.jp/_download.php?dir=spot_summary&file=spot_summary_2021.csv
2021-08-03,jepx-spread-top8-kyushu,kyushu,5.8824999999999985,https://www.jepx.jp/_download.php?dir=spot_summary&file=spot_summary_2021.csv
2021-08-04,jepx-spread-top8-kyushu,kyushu,8.89,https://www.jepx.jp/_download.php?dir=spot_summary&file=spot_summary_2021.csv
2021-08-05,jepx-spread-top8-kyushu,kyushu,11.391250000000001,https://www.jepx.jp/_download.php?dir=spot_summary&file=spot_summary_2021.csv
2021-08-06,jepx-spread-top8-kyushu,kyushu,10.21,https://www.jepx.jp/_download.php?dir=spot_summary&file=spot_summary_2021.csv
2021-08-07,jepx-spread-top8-kyushu,kyushu,5.107499999999999,https://www.jepx.jp/_download.php?dir=spot_summary&file=spot_summary_2021.csv
2021-08-08,jepx-spread-top8-kyushu,kyushu,3.4350000000000005,https://www.jepx.jp/_download.php?dir=spot_summary&file=spot_summary_2021.csv
2021-08-09,jepx-spread-top8-kyushu,kyushu,6.0025,https://www.jepx.jp/_download.php?dir=spot_summary&file=spot_summary_2021.csv
2021-08-10,jepx-spread-top8-kyushu,kyushu,5.672499999999999,https://www.jepx.jp/_download.php?dir=spot_summary&file=spot_summary_2021.csv
2021-08-11,jepx-spread-top8-kyushu,kyushu,5.92,https://www.jepx.jp/_download.php?dir=spot_summary&file=spot_summary_2021.csv
2021-08-12,jepx-spread-top8-kyushu,kyushu,3.6724999999999985,https://www.jepx.jp/_download.php?dir=spot_summary&file=spot_summary_2021.csv
2021-08-13,jepx-spread-top8-kyushu,kyushu,2.197499999999999,https://www.jepx.jp/_download.php?dir=spot_summary&file=spot_summary_2021.csv
2021-08-14,jepx-spread-top8-kyushu,kyushu,3.54,https://www.jepx.jp/_download.php?dir=spot_summary&file=spot_summary_2021.csv
2021-08-15,jepx-spread-top8-kyushu,kyushu,3.0062499999999996,https://www.jepx.jp/_download.php?dir=spot_summary&file=spot_summary_2021.csv
2021-08-16,jepx-spread-top8-kyushu,kyushu,3.505,https://www.jepx.jp/_download.php?dir=spot_summary&file=spot_summary_2021.csv
2021-08-17,jepx-spread-top8-kyushu,kyushu,6.307499999999999,https://www.jepx.jp/_download.php?dir=spot_summary&file=spot_summary_2021.csv
2021-08-18,jepx-spread-top8-kyushu,kyushu,4.76,https://www.jepx.jp/_download.php?dir=spot_summary&file=spot_summary_2021.csv
2021-08-19,jepx-spread-top8-kyushu,kyushu,2.9075000000000006,https://www.jepx.jp/_download.php?dir=spot_summary&file=spot_summary_2021.csv
2021-08-20,jepx-spread-top8-kyushu,kyushu,2.9124999999999996,https://www.jepx.jp/_download.php?dir=spot_summary&file=spot_summary_2021.csv
2021-08-21,jepx-spread-top8-kyushu,kyushu,1.9825,https://www.jepx.jp/_download.php?dir=spot_summary&file=spot_summary_2021.csv
2021-08-22,jepx-spread-top8-kyushu,kyushu,4.657499999999999,https://www.jepx.jp/_download.php?dir=spot_summary&file=spot_summary_2021.csv
2021-08-23,jepx-spread-top8-kyushu,kyushu,4.163749999999999,https://www.jepx.jp/_download.php?dir=spot_summary&file=spot_summary_2021.csv
2021-08-24,jepx-spread-top8-kyushu,kyushu,2.71,https://www.jepx.jp/_download.php?dir=spot_summary&file=spot_summary_2021.csv
2021-08-25,jepx-spread-top8-kyushu,kyushu,2.7700000000000005,https://www.jepx.jp/_download.php?dir=spot_summary&file=spot_summary_2021.csv
2021-08-26,jepx-spread-top8-kyushu,kyushu,4.937500000000001,https://www.jepx.jp/_download.php?dir=spot_summary&file=spot_summary_2021.csv
2021-08-27,jepx-spread-top8-kyushu,kyushu,4.404999999999999,https://www.jepx.jp/_download.php?dir=spot_summary&file=spot_summary_2021.csv
2021-08-28,jepx-spread-top8-kyushu,kyushu,7.22125,https://www.jepx.jp/_download.php?dir=spot_summary&file=spot_summary_2021.csv
2021-08-29,jepx-spread-top8-kyushu,kyushu,10.176250000000001,https://www.jepx.jp/_download.php?dir=spot_summary&file=spot_summary_2021.csv
2021-08-30,jepx-spread-top8-kyushu,kyushu,5.6425,https://www.jepx.jp/_download.php?dir=spot_summary&file=spot_summary_2021.csv
2021-08-31,jepx-spread-top8-kyushu,kyushu,4.498749999999999,https://www.jepx.jp/_download.php?dir=spot_summary&file=spot_summary_2021.csv
2021-09-01,jepx-spread-top8-kyushu,kyushu,3.0412500000000007,https://www.jepx.jp/_download.php?dir=spot_summary&file=spot_summary_2021.csv
2021-09-02,jepx-spread-top8-kyushu,kyushu,3.458750000000002,https://www.jepx.jp/_download.php?dir=spot_summary&file=spot_summary_2021.csv
2021-09-03,jepx-spread-top8-kyushu,kyushu,3.462500000000002,https://www.jepx.jp/_download.php?dir=spot_summary&file=spot_summary_2021.csv
2021-09-04,jepx-spread-top8-kyushu,kyushu,2.696250000000001,https://www.jepx.jp/_download.php?dir=spot_summary&file=spot_summary_2021.csv
2021-09-05,jepx-spread-top8-kyushu,kyushu,3.088749999999999,https://www.jepx.jp/_download.php?dir=spot_summary&file=spot_summary_2021.csv
2021-09-06,jepx-spread-top8-kyushu,kyushu,3.27125,https://www.jepx.jp/_download.php?dir=spot_summary&file=spot_summary_2021.csv
2021-09-07,jepx-spread-top8-kyushu,kyushu,3.5825000000000014,https://www.jepx.jp/_download.php?dir=spot_summary&file=spot_summary_2021.csv
2021-09-08,jepx-spread-top8-kyushu,kyushu,3.0012499999999998,https://www.jepx.jp/_download.php?dir=spot_summary&file=spot_summary_2021.csv
2021-09-09,jepx-spread-top8-kyushu,kyushu,9.495000000000001,https://www.jepx.jp/_download.php?dir=spot_summary&file=spot_summary_2021.csv
2021-09-10,jepx-spread-top8-kyushu,kyushu,4.01,https://www.jepx.jp/_download.php?dir=spot_summary&file=spot_summary_2021.csv
2021-09-11,jepx-spread-top8-kyushu,kyushu,4.982500000000001,https://www.jepx.jp/_download.php?dir=spot_summary&file=spot_summary_2021.csv
2021-09-12,jepx-spread-top8-kyushu,kyushu,6.41125,https://www.jepx.jp/_download.php?dir=spot_summary&file=spot_summary_2021.csv
2021-09-13,jepx-spread-top8-kyushu,kyushu,7.705000000000001,https://www.jepx.jp/_download.php?dir=spot_summary&file=spot_summary_2021.csv
2021-09-14,jepx-spread-top8-kyushu,kyushu,6.161249999999999,https://www.jepx.jp/_download.php?dir=spot_summary&file=spot_summary_2021.csv
2021-09-15,jepx-spread-top8-kyushu,kyushu,3.84375,https://www.jepx.jp/_download.php?dir=spot_summary&file=spot_summary_2021.csv
2021-09-16,jepx-spread-top8-kyushu,kyushu,3.888749999999999,https://www.jepx.jp/_download.php?dir=spot_summary&file=spot_summary_2021.csv
2021-09-17,jepx-spread-top8-kyushu,kyushu,4.923750000000002,https://www.jepx.jp/_download.php?dir=spot_summary&file=spot_summary_2021.csv
2021-09-18,jepx-spread-top8-kyushu,kyushu,10.422500000000001,https://www.jepx.jp/_download.php?dir=spot_summary&file=spot_summary_2021.csv
2021-09-19,jepx-spread-top8-kyushu,kyushu,10.742500000000001,https://www.jepx.jp/_download.php?dir=spot_summary&file=spot_summary_2021.csv
2021-09-20,jepx-spread-top8-kyushu,kyushu,11.1725,https://www.jepx.jp/_download.php?dir=spot_summary&file=spot_summary_2021.csv
2021-09-21,jepx-spread-top8-kyushu,kyushu,10.90125,https://www.jepx.jp/_download.php?dir=spot_summary&file=spot_summary_2021.csv
2021-09-22,jepx-spread-top8-kyushu,kyushu,7.692500000000002,https://www.jepx.jp/_download.php?dir=spot_summary&file=spot_summary_2021.csv
2021-09-23,jepx-spread-top8-kyushu,kyushu,10.246250000000002,https://www.jepx.jp/_download.php?dir=spot_summary&file=spot_summary_2021.csv
2021-09-24,jepx-spread-top8-kyushu,kyushu,11.076250000000002,https://www.jepx.jp/_download.php?dir=spot_summary&file=spot_summary_2021.csv
2021-09-25,jepx-spread-top8-kyushu,kyushu,9.6675,https://www.jepx.jp/_download.php?dir=spot_summary&file=spot_summary_2021.csv
2021-09-26,jepx-spread-top8-kyushu,kyushu,8.21125,https://www.jepx.jp/_download.php?dir=spot_summary&file=spot_summary_2021.csv
2021-09-27,jepx-spread-top8-kyushu,kyushu,12.38625,https://www.jepx.jp/_download.php?dir=spot_summary&file=spot_summary_2021.csv
2021-09-28,jepx-spread-top8-kyushu,kyushu,4.768750000000002,https://www.jepx.jp/_download.php?dir=spot_summary&file=spot_summary_2021.csv
2021-09-29,jepx-spread-top8-kyushu,kyushu,4.20125,https://www.jepx.jp/_download.php?dir=spot_summary&file=spot_summary_2021.csv
2021-09-30,jepx-spread-top8-kyushu,kyushu,11.755000000000003,https://www.jepx.jp/_download.php?dir=spot_summary&file=spot_summary_2021.csv
2021-10-01,jepx-spread-top8-kyushu,kyushu,11.6,https://www.jepx.jp/_download.php?dir=spot_summary&file=spot_summary_2021.csv
2021-10-02,jepx-spread-top8-kyushu,kyushu,10.437499999999998,https://www.jepx.jp/_download.php?dir=spot_summary&file=spot_summary_2021.csv
2021-10-03,jepx-spread-top8-kyushu,kyushu,12.261249999999999,https://www.jepx.jp/_download.php?dir=spot_summary&file=spot_summary_2021.csv
2021-10-04,jepx-spread-top8-kyushu,kyushu,16.16125,https://www.jepx.jp/_download.php?dir=spot_summary&file=spot_summary_2021.csv
2021-10-05,jepx-spread-top8-kyushu,kyushu,14.617500000000001,https://www.jepx.jp/_download.php?dir=spot_summary&file=spot_summary_2021.csv
2021-10-06,jepx-spread-top8-kyushu,kyushu,15.963750000000001,https://www.jepx.jp/_download.php?dir=spot_summary&file=spot_summary_2021.csv
2021-10-07,jepx-spread-top8-kyushu,kyushu,15.07625,https://www.jepx.jp/_download.php?dir=spot_summary&file=spot_summary_2021.csv
2021-10-08,jepx-spread-top8-kyushu,kyushu,3.45125,https://www.jepx.jp/_download.php?dir=spot_summary&file=spot_summary_2021.csv
2021-10-09,jepx-spread-top8-kyushu,kyushu,9.24625,https://www.jepx.jp/_download.php?dir=spot_summary&file=spot_summary_2021.csv
2021-10-10,jepx-spread-top8-kyushu,kyushu,10.49,https://www.jepx.jp/_download.php?dir=spot_summary&file=spot_summary_2021.csv
2021-10-11,jepx-spread-top8-kyushu,kyushu,16.81375,https://www.jepx.jp/_download.php?dir=spot_summary&file=spot_summary_2021.csv
2021-10-12,jepx-spread-top8-kyushu,kyushu,16.582500000000003,https://www.jepx.jp/_download.php?dir=spot_summary&file=spot_summary_2021.csv
2021-10-13,jepx-spread-top8-kyushu,kyushu,9.37375,https://www.jepx.jp/_download.php?dir=spot_summary&file=spot_summary_2021.csv
2021-10-14,jepx-spread-top8-kyushu,kyushu,7.652500000000002,https://www.jepx.jp/_download.php?dir=spot_summary&file=spot_summary_2021.csv
2021-10-15,jepx-spread-top8-kyushu,kyushu,19.04125,https://www.jepx.jp/_download.php?dir=spot_summary&file=spot_summary_2021.csv
2021-10-16,jepx-spread-top8-kyushu,kyushu,3.3687499999999995,https://www.jepx.jp/_download.php?dir=spot_summary&file=spot_summary_2021.csv
2021-10-17,jepx-spread-top8-kyushu,kyushu,4.8549999999999995,https://www.jepx.jp/_download.php?dir=spot_summary&file=spot_summary_2021.csv
2021-10-18,jepx-spread-top8-kyushu,kyushu,11.236250000000002,https://www.jepx.jp/_download.php?dir=spot_summary&file=spot_summary_2021.csv
2021-10-19,jepx-spread-top8-kyushu,kyushu,3.4825000000000017,https://www.jepx.jp/_download.php?dir=spot_summary&file=spot_summary_2021.csv
2021-10-20,jepx-spread-top8-kyushu,kyushu,12.486249999999998,https://www.jepx.jp/_download.php?dir=spot_summary&file=spot_summary_2021.csv
2021-10-21,jepx-spread-top8-kyushu,kyushu,14.436250000000001,https://www.jepx.jp/_download.php?dir=spot_summary&file=spot_summary_2021.csv
2021-10-22,jepx-spread-top8-kyushu,kyushu,11.9925,https://www.jepx.jp/_download.php?dir=spot_summary&file=spot_summary_2021.csv
2021-10-23,jepx-spread-top8-kyushu,kyushu,10.49,https://www.jepx.jp/_download.php?dir=spot_summary&file=spot_summary_2021.csv
2021-10-24,jepx-spread-top8-kyushu,kyushu,10.49,https://www.jepx.jp/_download.php?dir=spot_summary&file=spot_summary_2021.csv
2021-10-25,jepx-spread-top8-kyushu,kyushu,15.284999999999998,https://www.jepx.jp/_download.php?dir=spot_summary&file=spot_summary_2021.csv
2021-10-26,jepx-spread-top8-kyushu,kyushu,16.7775,https://www.jepx.jp/_download.php?dir=spot_summary&file=spot_summary_2021.csv
2021-10-27,jepx-spread-top8-kyushu,kyushu,18.8475,https://www.jepx.jp/_download.php?dir=spot_summary&file=spot_summary_2021.csv
2021-10-28,jepx-spread-top8-kyushu,kyushu,18.037499999999998,https://www.jepx.jp/_download.php?dir=spot_summary&file=spot_summary_2021.csv
2021-10-29,jepx-spread-top8-kyushu,kyushu,21.75375,https://www.jepx.jp/_download.php?dir=spot_summary&file=spot_summary_2021.csv
2021-10-30,jepx-spread-top8-kyushu,kyushu,13.87875,https://www.jepx.jp/_download.php?dir=spot_summary&file=spot_summary_2021.csv
2021-10-31,jepx-spread-top8-kyushu,kyushu,20.655,https://www.jepx.jp/_download.php?dir=spot_summary&file=spot_summary_2021.csv
2021-11-01,jepx-spread-top8-kyushu,kyushu,13.147499999999999,https://www.jepx.jp/_download.php?dir=spot_summary&file=spot_summary_2021.csv
2021-11-02,jepx-spread-top8-kyushu,kyushu,26.131250000000005,https://www.jepx.jp/_download.php?dir=spot_summary&file=spot_summary_2021.csv
2021-11-03,jepx-spread-top8-kyushu,kyushu,22.978749999999998,https://www.jepx.jp/_download.php?dir=spot_summary&file=spot_summary_2021.csv
2021-11-04,jepx-spread-top8-kyushu,kyushu,26.178749999999997,https://www.jepx.jp/_download.php?dir=spot_summary&file=spot_summary_2021.csv
2021-11-05,jepx-spread-top8-kyushu,kyushu,22.815,https://www.jepx.jp/_download.php?dir=spot_summary&file=spot_summary_2021.csv
2021-11-06,jepx-spread-top8-kyushu,kyushu,9.8525,https://www.jepx.jp/_download.php?dir=spot_summary&file=spot_summary_2021.csv
2021-11-07,jepx-spread-top8-kyushu,kyushu,13.6,https://www.jepx.jp/_download.php?dir=spot_summary&file=spot_summary_2021.csv
2021-11-08,jepx-spread-top8-kyushu,kyushu,14.92625,https://www.jepx.jp/_download.php?dir=spot_summary&file=spot_summary_2021.csv
2021-11-09,jepx-spread-top8-kyushu,kyushu,13.782500000000002,https://www.jepx.jp/_download.php?dir=spot_summary&file=spot_summary_2021.csv
2021-11-10,jepx-spread-top8-kyushu,kyushu,17.07,https://www.jepx.jp/_download.php?dir=spot_summary&file=spot_summary_2021.csv
2021-11-11,jepx-spread-top8-kyushu,kyushu,14.425,https://www.jepx.jp/_download.php?dir=spot_summary&file=spot_summary_2021.csv
2021-11-12,jepx-spread-top8-kyushu,kyushu,19.23375,https://www.jepx.jp/_download.php?dir=spot_summary&file=spot_summary_2021.csv
2021-11-13,jepx-spread-top8-kyushu,kyushu,21.89,https://www.jepx.jp/_download.php?dir=spot_summary&file=spot_summary_2021.csv
2021-11-14,jepx-spread-top8-kyushu,kyushu,27.272499999999997,https://www.jepx.jp/_download.php?dir=spot_summary&file=spot_summary_2021.csv
2021-11-15,jepx-spread-top8-kyushu,kyushu,24.95125,https://www.jepx.jp/_download.php?dir=spot_summary&file=spot_summary_2021.csv
2021-11-16,jepx-spread-top8-kyushu,kyushu,23.223750000000003,https://www.jepx.jp/_download.php?dir=spot_summary&file=spot_summary_2021.csv
2021-11-17,jepx-spread-top8-kyushu,kyushu,37.112500000000004,https://www.jepx.jp/_download.php?dir=spot_summary&file=spot_summary_2021.csv
2021-11-18,jepx-spread-top8-kyushu,kyushu,28.81125,https://www.jepx.jp/_download.php?dir=spot_summary&file=spot_summary_2021.csv
2021-11-19,jepx-spread-top8-kyushu,kyushu,26.862500000000004,https://www.jepx.jp/_download.php?dir=spot_summary&file=spot_summary_2021.csv
2021-11-20,jepx-spread-top8-kyushu,kyushu,29.85875,https://www.jepx.jp/_download.php?dir=spot_summary&file=spot_summary_2021.csv
2021-11-21,jepx-spread-top8-kyushu,kyushu,21.7525,https://www.jepx.jp/_download.php?dir=spot_summary&file=spot_summary_2021.csv
2021-11-22,jepx-spread-top8-kyushu,kyushu,54.70625,https://www.jepx.jp/_download.php?dir=spot_summary&file=spot_summary_2021.csv
2021-11-23,jepx-spread-top8-kyushu,kyushu,21.2475,https://www.jepx.jp/_download.php?dir=spot_summary&file=spot_summary_2021.csv
2021-11-24,jepx-spread-top8-kyushu,kyushu,22.205000000000005,https://www.jepx.jp/_download.php?dir=spot_summary&file=spot_summary_2021.csv
2021-11-25,jepx-spread-top8-kyushu,kyushu,14.53625,https://www.jepx.jp/_download.php?dir=spot_summary&file=spot_summary_2021.csv
2021-11-26,jepx-spread-top8-kyushu,kyushu,20.72625,https://www.jepx.jp/_download.php?dir=spot_summary&file=spot_summary_2021.csv
2021-11-27,jepx-spread-top8-kyushu,kyushu,27.29,https://www.jepx.jp/_download.php?dir=spot_summary&file=spot_summary_2021.csv
2021-11-28,jepx-spread-top8-kyushu,kyushu,26.19125,https://www.jepx.jp/_download.php?dir=spot_summary&file=spot_summary_2021.csv
2021-11-29,jepx-spread-top8-kyushu,kyushu,27.42875,https://www.jepx.jp/_download.php?dir=spot_summary&file=spot_summary_2021.csv
2021-11-30,jepx-spread-top8-kyushu,kyushu,12.839999999999996,https://www.jepx.jp/_download.php?dir=spot_summary&file=spot_summary_2021.csv
2021-12-01,jepx-spread-top8-kyushu,kyushu,19.947499999999998,https://www.jepx.jp/_download.php?dir=spot_summary&file=spot_summary_2021.csv
2021-12-02,jepx-spread-top8-kyushu,kyushu,20.6925,https://www.jepx.jp/_download.php?dir=spot_summary&file=spot_summary_2021.csv
2021-12-03,jepx-spread-top8-kyushu,kyushu,23.039999999999992,https://www.jepx.jp/_download.php?dir=spot_summary&file=spot_summary_2021.csv
2021-12-04,jepx-spread-top8-kyushu,kyushu,15.775000000000002,https://www.jepx.jp/_download.php?dir=spot_summary&file=spot_summary_2021.csv
2021-12-05,jepx-spread-top8-kyushu,kyushu,26.773749999999996,https://www.jepx.jp/_download.php?dir=spot_summary&file=spot_summary_2021.csv
2021-12-06,jepx-spread-top8-kyushu,kyushu,13.93375,https://www.jepx.jp/_download.php?dir=spot_summary&file=spot_summary_2021.csv
2021-12-07,jepx-spread-top8-kyushu,kyushu,14.286249999999997,https://www.jepx.jp/_download.php?dir=spot_summary&file=spot_summary_2021.csv
2021-12-08,jepx-spread-top8-kyushu,kyushu,17.512499999999996,https://www.jepx.jp/_download.php?dir=spot_summary&file=spot_summary_2021.csv
2021-12-09,jepx-spread-top8-kyushu,kyushu,21.61,https://www.jepx.jp/_download.php?dir=spot_summary&file=spot_summary_2021.csv
2021-12-10,jepx-spread-top8-kyushu,kyushu,17.8925,https://www.jepx.jp/_download.php?dir=spot_summary&file=spot_summary_2021.csv
2021-12-11,jepx-spread-top8-kyushu,kyushu,18.27875,https://www.jepx.jp/_download.php?dir=spot_summary&file=spot_summary_2021.csv
2021-12-12,jepx-spread-top8-kyushu,kyushu,8.095,https://www.jepx.jp/_download.php?dir=spot_summary&file=spot_summary_2021.csv
2021-12-13,jepx-spread-top8-kyushu,kyushu,20.212500000000002,https://www.jepx.jp/_download.php?dir=spot_summary&file=spot_summary_2021.csv
2021-12-14,jepx-spread-top8-kyushu,kyushu,23.3,https://www.jepx.jp/_download.php?dir=spot_summary&file=spot_summary_2021.csv
2021-12-15,jepx-spread-top8-kyushu,kyushu,16.6175,https://www.jepx.jp/_download.php?dir=spot_summary&file=spot_summary_2021.csv
2021-12-16,jepx-spread-top8-kyushu,kyushu,10.423750000000002,https://www.jepx.jp/_download.php?dir=spot_summary&file=spot_summary_2021.csv
2021-12-17,jepx-spread-top8-kyushu,kyushu,14.435,https://www.jepx.jp/_download.php?dir=spot_summary&file=spot_summary_2021.csv
2021-12-18,jepx-spread-top8-kyushu,kyushu,26.782500000000006,https://www.jepx.jp/_download.php?dir=spot_summary&file=spot_summary_2021.csv
2021-12-19,jepx-spread-top8-kyushu,kyushu,10.89,https://www.jepx.jp/_download.php?dir=spot_summary&file=spot_summary_2021.csv
2021-12-20,jepx-spread-top8-kyushu,kyushu,17.8375,https://www.jepx.jp/_download.php?dir=spot_summary&file=spot_summary_2021.csv
2021-12-21,jepx-spread-top8-kyushu,kyushu,14.901249999999997,https://www.jepx.jp/_download.php?dir=spot_summary&file=spot_summary_2021.csv
2021-12-22,jepx-spread-top8-kyushu,kyushu,22.922499999999996,https://www.jepx.jp/_download.php?dir=spot_summary&file=spot_summary_2021.csv
2021-12-23,jepx-spread-top8-kyushu,kyushu,25.80375,https://www.jepx.jp/_download.php?dir=spot_summary&file=spot_summary_2021.csv
2021-12-24,jepx-spread-top8-kyushu,kyushu,9.052499999999998,https://www.jepx.jp/_download.php?dir=spot_summary&file=spot_summary_2021.csv
2021-12-25,jepx-spread-top8-kyushu,kyushu,19.087499999999995,https://www.jepx.jp/_download.php?dir=spot_summary&file=spot_summary_2021.csv
2021-12-26,jepx-spread-top8-kyushu,kyushu,26.63875,https://www.jepx.jp/_download.php?dir=spot_summary&file=spot_summary_2021.csv
2021-12-27,jepx-spread-top8-kyushu,kyushu,27.367500000000007,https://www.jepx.jp/_download.php?dir=spot_summary&file=spot_summary_2021.csv
2021-12-28,jepx-spread-top8-kyushu,kyushu,12.513749999999996,https://www.jepx.jp/_download.php?dir=spot_summary&file=spot_summary_2021.csv
2021-12-29,jepx-spread-top8-kyushu,kyushu,11.87875,https://www.jepx.jp/_download.php?dir=spot_summary&file=spot_summary_2021.csv
2021-12-30,jepx-spread-top8-kyushu,kyushu,14.407499999999997,https://www.jepx.jp/_download.php?dir=spot_summary&file=spot_summary_2021.csv
2021-12-31,jepx-spread-top8-kyushu,kyushu,19.439999999999998,https://www.jepx.jp/_download.php?dir=spot_summary&file=spot_summary_2021.csv
2022-01-01,jepx-spread-top8-kyushu,kyushu,15.450000000000001,https://www.jepx.jp/_download.php?dir=spot_summary&file=spot_summary_2021.csv
2022-01-02,jepx-spread-top8-kyushu,kyushu,15.17375,https://www.jepx.jp/_download.php?dir=spot_summary&file=spot_summary_2021.csv
2022-01-03,jepx-spread-top8-kyushu,kyushu,15.17375,https://www.jepx.jp/_download.php?dir=spot_summary&file=spot_summary_2021.csv
2022-01-04,jepx-spread-top8-kyushu,kyushu,15.450000000000001,https://www.jepx.jp/_download.php?dir=spot_summary&file=spot_summary_2021.csv
2022-01-05,jepx-spread-top8-kyushu,kyushu,28.574999999999996,https://www.jepx.jp/_download.php?dir=spot_summary&file=spot_summary_2021.csv
2022-01-06,jepx-spread-top8-kyushu,kyushu,38.53125,https://www.jepx.jp/_download.php?dir=spot_summary&file=spot_summary_2021.csv
2022-01-07,jepx-spread-top8-kyushu,kyushu,32.79625,https://www.jepx.jp/_download.php?dir=spot_summary&file=spot_summary_2021.csv
2022-01-08,jepx-spread-top8-kyushu,kyushu,15.405000000000001,https://www.jepx.jp/_download.php?dir=spot_summary&file=spot_summary_2021.csv
2022-01-09,jepx-spread-top8-kyushu,kyushu,5.590000000000002,https://www.jepx.jp/_download.php?dir=spot_summary&file=spot_summary_2021.csv
2022-01-10,jepx-spread-top8-kyushu,kyushu,15.450000000000001,https://www.jepx.jp/_download.php?dir=spot_summary&file=spot_summary_2021.csv
2022-01-11,jepx-spread-top8-kyushu,kyushu,37.253750000000004,https://www.jepx.jp/_download.php?dir=spot_summary&file=spot_summary_2021.csv
2022-01-12,jepx-spread-top8-kyushu,kyushu,18.427500000000002,https://www.jepx.jp/_download.php?dir=spot_summary&file=spot_summary_2021.csv
2022-01-13,jepx-spread-top8-kyushu,kyushu,34.59875,https://www.jepx.jp/_download.php?dir=spot_summary&file=spot_summary_2021.csv
2022-01-14,jepx-spread-top8-kyushu,kyushu,39.7575,https://www.jepx.jp/_download.php?dir=spot_summary&file=spot_summary_2021.csv
2022-01-15,jepx-spread-top8-kyushu,kyushu,17.470000000000002,https://www.jepx.jp/_download.php?dir=spot_summary&file=spot_summary_2021.csv
2022-01-16,jepx-spread-top8-kyushu,kyushu,5.84,https://www.jepx.jp/_download.php?dir=spot_summary&file=spot_summary_2021.csv
2022-01-17,jepx-spread-top8-kyushu,kyushu,36.38875,https://www.jepx.jp/_download.php?dir=spot_summary&file=spot_summary_2021.csv
2022-01-18,jepx-spread-top8-kyushu,kyushu,57.67375,https://www.jepx.jp/_download.php?dir=spot_summary&file=spot_summary_2021.csv
2022-01-19,jepx-spread-top8-kyushu,kyushu,52.050000000000004,https://www.jepx.jp/_download.php?dir=spot_summary&file=spot_summary_2021.csv
2022-01-20,jepx-spread-top8-kyushu,kyushu,59.47624999999999,https://www.jepx.jp/_download.php?dir=spot_summary&file=spot_summary_2021.csv
2022-01-21,jepx-spread-top8-kyushu,kyushu,64.27875,https://www.jepx.jp/_download.php?dir=spot_summary&file=spot_summary_2021.csv
2022-01-22,jepx-spread-top8-kyushu,kyushu,19.798750000000002,https://www.jepx.jp/_download.php?dir=spot_summary&file=spot_summary_2021.csv
2022-01-23,jepx-spread-top8-kyushu,kyushu,13.106250000000003,https://www.jepx.jp/_download.php?dir=spot_summary&file=spot_summary_2021.csv
2022-01-24,jepx-spread-top8-kyushu,kyushu,30.57,https://www.jepx.jp/_download.php?dir=spot_summary&file=spot_summary_2021.csv
2022-01-25,jepx-spread-top8-kyushu,kyushu,48.46,https://www.jepx.jp/_download.php?dir=spot_summary&file=spot_summary_2021.csv
2022-01-26,jepx-spread-top8-kyushu,kyushu,21.14125,https://www.jepx.jp/_download.php?dir=spot_summary&file=spot_summary_2021.csv
2022-01-27,jepx-spread-top8-kyushu,kyushu,20.7125,https://www.jepx.jp/_download.php?dir=spot_summary&file=spot_summary_2021.csv
2022-01-28,jepx-spread-top8-kyushu,kyushu,19.07625,https://www.jepx.jp/_download.php?dir=spot_summary&file=spot_summary_2021.csv
2022-01-29,jepx-spread-top8-kyushu,kyushu,22.4,https://www.jepx.jp/_download.php?dir=spot_summary&file=spot_summary_2021.csv
2022-01-30,jepx-spread-top8-kyushu,kyushu,13.31,https://www.jepx.jp/_download.php?dir=spot_summary&file=spot_summary_2021.csv
2022-01-31,jepx-spread-top8-kyushu,kyushu,24.463749999999997,https://www.jepx.jp/_download.php?dir=spot_summary&file=spot_summary_2021.csv
2022-02-01,jepx-spread-top8-kyushu,kyushu,17.85,https://www.jepx.jp/_download.php?dir=spot_summary&file=spot_summary_2021.csv
2022-02-02,jepx-spread-top8-kyushu,kyushu,20.011249999999997,https://www.jepx.jp/_download.php?dir=spot_summary&file=spot_summary_2021.csv
2022-02-03,jepx-spread-top8-kyushu,kyushu,15.7575,https://www.jepx.jp/_download.php?dir=spot_summary&file=spot_summary_2021.csv
2022-02-04,jepx-spread-top8-kyushu,kyushu,23.15125,https://www.jepx.jp/_download.php?dir=spot_summary&file=spot_summary_2021.csv
2022-02-05,jepx-spread-top8-kyushu,kyushu,21.490000000000002,https://www.jepx.jp/_download.php?dir=spot_summary&file=spot_summary_2021.csv
2022-02-06,jepx-spread-top8-kyushu,kyushu,23.519999999999996,https://www.jepx.jp/_download.php?dir=spot_summary&file=spot_summary_2021.csv
2022-02-07,jepx-spread-top8-kyushu,kyushu,15.726249999999999,https://www.jepx.jp/_download.php?dir=spot_summary&file=spot_summary_2021.csv
2022-02-08,jepx-spread-top8-kyushu,kyushu,14.895,https://www.jepx.jp/_download.php?dir=spot_summary&file=spot_summary_2021.csv
2022-02-09,jepx-spread-top8-kyushu,kyushu,19.80375,https://www.jepx.jp/_download.php?dir=spot_summary&file=spot_summary_2021.csv
2022-02-10,jepx-spread-top8-kyushu,kyushu,29.387499999999996,https://www.jepx.jp/_download.php?dir=spot_summary&file=spot_summary_2021.csv
2022-02-11,jepx-spread-top8-kyushu,kyushu,27.02125,https://www.jepx.jp/_download.php?dir=spot_summary&file=spot_summary_2021.csv
2022-02-12,jepx-spread-top8-kyushu,kyushu,14.790000000000001,https://www.jepx.jp/_download.php?dir=spot_summary&file=spot_summary_2021.csv
2022-02-13,jepx-spread-top8-kyushu,kyushu,15.095,https://www.jepx.jp/_download.php?dir=spot_summary&file=spot_summary_2021.csv
2022-02-14,jepx-spread-top8-kyushu,kyushu,28.779999999999998,https://www.jepx.jp/_download.php?dir=spot_summary&file=spot_summary_2021.csv
2022-02-15,jepx-spread-top8-kyushu,kyushu,21.009999999999998,https://www.jepx.jp/_download.php?dir=spot_summary&file=spot_summary_2021.csv
2022-02-16,jepx-spread-top8-kyushu,kyushu,28.921249999999993,https://www.jepx.jp/_download.php?dir=spot_summary&file=spot_summary_2021.csv
2022-02-17,jepx-spread-top8-kyushu,kyushu,47.465,https://www.jepx.jp/_download.php?dir=spot_summary&file=spot_summary_2021.csv
2022-02-18,jepx-spread-top8-kyushu,kyushu,18.611250000000002,https://www.jepx.jp/_download.php?dir=spot_summary&file=spot_summary_2021.csv
2022-02-19,jepx-spread-top8-kyushu,kyushu,20.69375,https://www.jepx.jp/_download.php?dir=spot_summary&file=spot_summary_2021.csv
2022-02-20,jepx-spread-top8-kyushu,kyushu,23.20625,https://www.jepx.jp/_download.php?dir=spot_summary&file=spot_summary_2021.csv
2022-02-21,jepx-spread-top8-kyushu,kyushu,33.42,https://www.jepx.jp/_download.php?dir=spot_summary&file=spot_summary_2021.csv
2022-02-22,jepx-spread-top8-kyushu,kyushu,37.13875,https://www.jepx.jp/_download.php?dir=spot_summary&file=spot_summary_2021.csv
2022-02-23,jepx-spread-top8-kyushu,kyushu,23.538750000000004,https://www.jepx.jp/_download.php?dir=spot_summary&file=spot_summary_2021.csv
2022-02-24,jepx-spread-top8-kyushu,kyushu,34.387499999999996,https://www.jepx.jp/_download.php?dir=spot_summary&file=spot_summary_2021.csv
2022-02-25,jepx-spread-top8-kyushu,kyushu,24.50125,https://www.jepx.jp/_download.php?dir=spot_summary&file=spot_summary_2021.csv
2022-02-26,jepx-spread-top8-kyushu,kyushu,23.264999999999997,https://www.jepx.jp/_download.php?dir=spot_summary&file=spot_summary_2021.csv
2022-02-27,jepx-spread-top8-kyushu,kyushu,22.30625,https://www.jepx.jp/_download.php?dir=spot_summary&file=spot_summary_2021.csv
2022-02-28,jepx-spread-top8-kyushu,kyushu,24.55875,https://www.jepx.jp/_download.php?dir=spot_summary&file=spot_summary_2021.csv
2022-03-01,jepx-spread-top8-kyushu,kyushu,25.457499999999996,https://www.jepx.jp/_download.php?dir=spot_summary&file=spot_summary_2021.csv
2022-03-02,jepx-spread-top8-kyushu,kyushu,30.111250000000002,https://www.jepx.jp/_download.php?dir=spot_summary&file=spot_summary_2021.csv
2022-03-03,jepx-spread-top8-kyushu,kyushu,29.17625,https://www.jepx.jp/_download.php?dir=spot_summary&file=spot_summary_2021.csv
2022-03-04,jepx-spread-top8-kyushu,kyushu,25.472499999999997,https://www.jepx.jp/_download.php?dir=spot_summary&file=spot_summary_2021.csv
2022-03-05,jepx-spread-top8-kyushu,kyushu,32.6525,https://www.jepx.jp/_download.php?dir=spot_summary&file=spot_summary_2021.csv
2022-03-06,jepx-spread-top8-kyushu,kyushu,44.5675,https://www.jepx.jp/_download.php?dir=spot_summary&file=spot_summary_2021.csv
2022-03-07,jepx-spread-top8-kyushu,kyushu,47.768750000000004,https://www.jepx.jp/_download.php?dir=spot_summary&file=spot_summary_2021.csv
2022-03-08,jepx-spread-top8-kyushu,kyushu,65.76625,https://www.jepx.jp/_download.php?dir=spot_summary&file=spot_summary_2021.csv
2022-03-09,jepx-spread-top8-kyushu,kyushu,43.2575,https://www.jepx.jp/_download.php?dir=spot_summary&file=spot_summary_2021.csv
2022-03-10,jepx-spread-top8-kyushu,kyushu,44.29125,https://www.jepx.jp/_download.php?dir=spot_summary&file=spot_summary_2021.csv
2022-03-11,jepx-spread-top8-kyushu,kyushu,36.225,https://www.jepx.jp/_download.php?dir=spot_summary&file=spot_summary_2021.csv
2022-03-12,jepx-spread-top8-kyushu,kyushu,27.473749999999995,https://www.jepx.jp/_download.php?dir=spot_summary&file=spot_summary_2021.csv
2022-03-13,jepx-spread-top8-kyushu,kyushu,20.889999999999997,https://www.jepx.jp/_download.php?dir=spot_summary&file=spot_summary_2021.csv
2022-03-14,jepx-spread-top8-kyushu,kyushu,21.316249999999997,https://www.jepx.jp/_download.php?dir=spot_summary&file=spot_summary_2021.csv
2022-03-15,jepx-spread-top8-kyushu,kyushu,27.414999999999996,https://www.jepx.jp/_download.php?dir=spot_summary&file=spot_summary_2021.csv
2022-03-16,jepx-spread-top8-kyushu,kyushu,16.107499999999998,https://www.jepx.jp/_download.php?dir=spot_summary&file=spot_summary_2021.csv
2022-03-17,jepx-spread-top8-kyushu,kyushu,14.418749999999998,https://www.jepx.jp/_download.php?dir=spot_summary&file=spot_summary_2021.csv
2022-03-18,jepx-spread-top8-kyushu,kyushu,37.2475,https://www.jepx.jp/_download.php?dir=spot_summary&file=spot_summary_2021.csv
2022-03-19,jepx-spread-top8-kyushu,kyushu,22.23625,https://www.jepx.jp/_download.php?dir=spot_summary&file=spot_summary_2021.csv
2022-03-20,jepx-spread-top8-kyushu,kyushu,33.3325,https://www.jepx.jp/_download.php?dir=spot_summary&file=spot_summary_2021.csv
2022-03-21,jepx-spread-top8-kyushu,kyushu,38.99625,https://www.jepx.jp/_download.php?dir=spot_summary&file=spot_summary_2021.csv
2022-03-22,jepx-spread-top8-kyushu,kyushu,51.276250000000005,https://www.jepx.jp/_download.php?dir=spot_summary&file=spot_summary_2021.csv
2022-03-23,jepx-spread-top8-kyushu,kyushu,31.825000000000003,https://www.jepx.jp/_download.php?dir=spot_summary&file=spot_summary_2021.csv
2022-03-24,jepx-spread-top8-kyushu,kyushu,39.838750000000005,https://www.jepx.jp/_download.php?dir=spot_summary&file=spot_summary_2021.csv
2022-03-25,jepx-spread-top8-kyushu,kyushu,36.2425,https://www.jepx.jp/_download.php?dir=spot_summary&file=spot_summary_2021.csv
2022-03-26,jepx-spread-top8-kyushu,kyushu,12.951249999999998,https://www.jepx.jp/_download.php?dir=spot_summary&file=spot_summary_2021.csv
2022-03-27,jepx-spread-top8-kyushu,kyushu,20.650000000000002,https://www.jepx.jp/_download.php?dir=spot_summary&file=spot_summary_2021.csv
2022-03-28,jepx-spread-top8-kyushu,kyushu,19.89875,https://www.jepx.jp/_download.php?dir=spot_summary&file=spot_summary_2021.csv
2022-03-29,jepx-spread-top8-kyushu,kyushu,21.911250000000003,https://www.jepx.jp/_download.php?dir=spot_summary&file=spot_summary_2021.csv
2022-03-30,jepx-spread-top8-kyushu,kyushu,19.4,https://www.jepx.jp/_download.php?dir=spot_summary&file=spot_summary_2021.csv
2022-03-31,jepx-spread-top8-kyushu,kyushu,23.395,https://www.jepx.jp/_download.php?dir=spot_summary&file=spot_summary_2021.csv
2022-04-01,jepx-spread-top8-kyushu,kyushu,27.3725,https://www.jepx.jp/_download.php?dir=spot_summary&file=spot_summary_2022.csv
2022-04-02,jepx-spread-top8-kyushu,kyushu,26.0525,https://www.jepx.jp/_download.php?dir=spot_summary&file=spot_summary_2022.csv
2022-04-03,jepx-spread-top8-kyushu,kyushu,22.645,https://www.jepx.jp/_download.php?dir=spot_summary&file=spot_summary_2022.csv
2022-04-04,jepx-spread-top8-kyushu,kyushu,38.2475,https://www.jepx.jp/_download.php?dir=spot_summary&file=spot_summary_2022.csv
2022-04-05,jepx-spread-top8-kyushu,kyushu,28.8475,https://www.jepx.jp/_download.php?dir=spot_summary&file=spot_summary_2022.csv
2022-04-06,jepx-spread-top8-kyushu,kyushu,24.58375,https://www.jepx.jp/_download.php?dir=spot_summary&file=spot_summary_2022.csv
2022-04-07,jepx-spread-top8-kyushu,kyushu,27.982499999999998,https://www.jepx.jp/_download.php?dir=spot_summary&file=spot_summary_2022.csv
2022-04-08,jepx-spread-top8-kyushu,kyushu,28.94125,https://www.jepx.jp/_download.php?dir=spot_summary&file=spot_summary_2022.csv
2022-04-09,jepx-spread-top8-kyushu,kyushu,23.044999999999998,https://www.jepx.jp/_download.php?dir=spot_summary&file=spot_summary_2022.csv
2022-04-10,jepx-spread-top8-kyushu,kyushu,20.522499999999997,https://www.jepx.jp/_download.php?dir=spot_summary&file=spot_summary_2022.csv
2022-04-11,jepx-spread-top8-kyushu,kyushu,17.331249999999997,https://www.jepx.jp/_download.php?dir=spot_summary&file=spot_summary_2022.csv
2022-04-12,jepx-spread-top8-kyushu,kyushu,22.694999999999997,https://www.jepx.jp/_download.php?dir=spot_summary&file=spot_summary_2022.csv
2022-04-13,jepx-spread-top8-kyushu,kyushu,13.463750000000001,https://www.jepx.jp/_download.php?dir=spot_summary&file=spot_summary_2022.csv
2022-04-14,jepx-spread-top8-kyushu,kyushu,18.905,https://www.jepx.jp/_download.php?dir=spot_summary&file=spot_summary_2022.csv
2022-04-15,jepx-spread-top8-kyushu,kyushu,22.53750000000001,https://www.jepx.jp/_download.php?dir=spot_summary&file=spot_summary_2022.csv
2022-04-16,jepx-spread-top8-kyushu,kyushu,23.779999999999998,https://www.jepx.jp/_download.php?dir=spot_summary&file=spot_summary_2022.csv
2022-04-17,jepx-spread-top8-kyushu,kyushu,22.381249999999998,https://www.jepx.jp/_download.php?dir=spot_summary&file=spot_summary_2022.csv
2022-04-18,jepx-spread-top8-kyushu,kyushu,13.796249999999999,https://www.jepx.jp/_download.php?dir=spot_summary&file=spot_summary_2022.csv
2022-04-19,jepx-spread-top8-kyushu,kyushu,22.64125,https://www.jepx.jp/_download.php?dir=spot_summary&file=spot_summary_2022.csv
2022-04-20,jepx-spread-top8-kyushu,kyushu,24.5425,https://www.jepx.jp/_download.php?dir=spot_summary&file=spot_summary_2022.csv
2022-04-21,jepx-spread-top8-kyushu,kyushu,18.7725,https://www.jepx.jp/_download.php?dir=spot_summary&file=spot_summary_2022.csv
2022-04-22,jepx-spread-top8-kyushu,kyushu,25.252499999999998,https://www.jepx.jp/_download.php?dir=spot_summary&file=spot_summary_2022.csv
2022-04-23,jepx-spread-top8-kyushu,kyushu,12.375,https://www.jepx.jp/_download.php?dir=spot_summary&file=spot_summary_2022.csv
2022-04-24,jepx-spread-top8-kyushu,kyushu,14.672499999999996,https://www.jepx.jp/_download.php?dir=spot_summary&file=spot_summary_2022.csv
2022-04-25,jepx-spread-top8-kyushu,kyushu,18.941249999999997,https://www.jepx.jp/_download.php?dir=spot_summary&file=spot_summary_2022.csv
2022-04-26,jepx-spread-top8-kyushu,kyushu,11.75375,https://www.jepx.jp/_download.php?dir=spot_summary&file=spot_summary_2022.csv
2022-04-27,jepx-spread-top8-kyushu,kyushu,12.69875,https://www.jepx.jp/_download.php?dir=spot_summary&file=spot_summary_2022.csv
2022-04-28,jepx-spread-top8-kyushu,kyushu,19.560000000000002,https://www.jepx.jp/_download.php?dir=spot_summary&file=spot_summary_2022.csv
2022-04-29,jepx-spread-top8-kyushu,kyushu,8.679999999999998,https://www.jepx.jp/_download.php?dir=spot_summary&file=spot_summary_2022.csv
2022-04-30,jepx-spread-top8-kyushu,kyushu,25.667499999999997,https://www.jepx.jp/_download.php?dir=spot_summary&file=spot_summary_2022.csv
2022-05-01,jepx-spread-top8-kyushu,kyushu,10.34375,https://www.jepx.jp/_download.php?dir=spot_summary&file=spot_summary_2022.csv
2022-05-02,jepx-spread-top8-kyushu,kyushu,26.24,https://www.jepx.jp/_download.php?dir=spot_summary&file=spot_summary_2022.csv
2022-05-03,jepx-spread-top8-kyushu,kyushu,22.3525,https://www.jepx.jp/_download.php?dir=spot_summary&file=spot_summary_2022.csv
2022-05-04,jepx-spread-top8-kyushu,kyushu,19.436249999999998,https://www.jepx.jp/_download.php?dir=spot_summary&file=spot_summary_2022.csv
2022-05-05,jepx-spread-top8-kyushu,kyushu,20.724999999999998,https://www.jepx.jp/_download.php?dir=spot_summary&file=spot_summary_2022.csv
2022-05-06,jepx-spread-top8-kyushu,kyushu,15.538749999999997,https://www.jepx.jp/_download.php?dir=spot_summary&file=spot_summary_2022.csv
2022-05-07,jepx-spread-top8-kyushu,kyushu,19.482499999999998,https://www.jepx.jp/_download.php?dir=spot_summary&file=spot_summary_2022.csv
2022-05-08,jepx-spread-top8-kyushu,kyushu,18.8975,https://www.jepx.jp/_download.php?dir=spot_summary&file=spot_summary_2022.csv
2022-05-09,jepx-spread-top8-kyushu,kyushu,12.52,https://www.jepx.jp/_download.php?dir=spot_summary&file=spot_summary_2022.csv
2022-05-10,jepx-spread-top8-kyushu,kyushu,18.5025,https://www.jepx.jp/_download.php?dir=spot_summary&file=spot_summary_2022.csv
2022-05-11,jepx-spread-top8-kyushu,kyushu,3.394999999999996,https://www.jepx.jp/_download.php?dir=spot_summary&file=spot_summary_2022.csv
2022-05-12,jepx-spread-top8-kyushu,kyushu,14.926249999999996,https://www.jepx.jp/_download.php?dir=spot_summary&file=spot_summary_2022.csv
2022-05-13,jepx-spread-top8-kyushu,kyushu,7.538750000000004,https://www.jepx.jp/_download.php?dir=spot_summary&file=spot_summary_2022.csv
2022-05-14,jepx-spread-top8-kyushu,kyushu,22.25,https://www.jepx.jp/_download.php?dir=spot_summary&file=spot_summary_2022.csv
2022-05-15,jepx-spread-top8-kyushu,kyushu,20.16875,https://www.jepx.jp/_download.php?dir=spot_summary&file=spot_summary_2022.csv
2022-05-16,jepx-spread-top8-kyushu,kyushu,14.937500000000002,https://www.jepx.jp/_download.php?dir=spot_summary&file=spot_summary_2022.csv
2022-05-17,jepx-spread-top8-kyushu,kyushu,23.509999999999998,https://www.jepx.jp/_download.php?dir=spot_summary&file=spot_summary_2022.csv
2022-05-18,jepx-spread-top8-kyushu,kyushu,24.904999999999998,https://www.jepx.jp/_download.php?dir=spot_summary&file=spot_summary_2022.csv
2022-05-19,jepx-spread-top8-kyushu,kyushu,15.10125,https://www.jepx.jp/_download.php?dir=spot_summary&file=spot_summary_2022.csv
2022-05-20,jepx-spread-top8-kyushu,kyushu,10.70125,https://www.jepx.jp/_download.php?dir=spot_summary&file=spot_summary_2022.csv
2022-05-21,jepx-spread-top8-kyushu,kyushu,14.802500000000002,https://www.jepx.jp/_download.php?dir=spot_summary&file=spot_summary_2022.csv
2022-05-22,jepx-spread-top8-kyushu,kyushu,18.65375,https://www.jepx.jp/_download.php?dir=spot_summary&file=spot_summary_2022.csv
2022-05-23,jepx-spread-top8-kyushu,kyushu,22.81,https://www.jepx.jp/_download.php?dir=spot_summary&file=spot_summary_2022.csv
2022-05-24,jepx-spread-top8-kyushu,kyushu,20.319999999999997,https://www.jepx.jp/_download.php?dir=spot_summary&file=spot_summary_2022.csv
2022-05-25,jepx-spread-top8-kyushu,kyushu,16.80875,https://www.jepx.jp/_download.php?dir=spot_summary&file=spot_summary_2022.csv
2022-05-26,jepx-spread-top8-kyushu,kyushu,13.317500000000003,https://www.jepx.jp/_download.php?dir=spot_summary&file=spot_summary_2022.csv
2022-05-27,jepx-spread-top8-kyushu,kyushu,24.1175,https://www.jepx.jp/_download.php?dir=spot_summary&file=spot_summary_2022.csv
2022-05-28,jepx-spread-top8-kyushu,kyushu,18.76125,https://www.jepx.jp/_download.php?dir=spot_summary&file=spot_summary_2022.csv
2022-05-29,jepx-spread-top8-kyushu,kyushu,17.41,https://www.jepx.jp/_download.php?dir=spot_summary&file=spot_summary_2022.csv
2022-05-30,jepx-spread-top8-kyushu,kyushu,12.27125,https://www.jepx.jp/_download.php?dir=spot_summary&file=spot_summary_2022.csv
2022-05-31,jepx-spread-top8-kyushu,kyushu,22.822499999999998,https://www.jepx.jp/_download.php?dir=spot_summary&file=spot_summary_2022.csv
2022-06-01,jepx-spread-top8-kyushu,kyushu,16.922500000000003,https://www.jepx.jp/_download.php?dir=spot_summary&file=spot_summary_2022.csv
2022-06-02,jepx-spread-top8-kyushu,kyushu,20.64,https://www.jepx.jp/_download.php?dir=spot_summary&file=spot_summary_2022.csv
2022-06-03,jepx-spread-top8-kyushu,kyushu,19.08125,https://www.jepx.jp/_download.php?dir=spot_summary&file=spot_summary_2022.csv
2022-06-04,jepx-spread-top8-kyushu,kyushu,20.641249999999996,https://www.jepx.jp/_download.php?dir=spot_summary&file=spot_summary_2022.csv
2022-06-05,jepx-spread-top8-kyushu,kyushu,13.693749999999998,https://www.jepx.jp/_download.php?dir=spot_summary&file=spot_summary_2022.csv
2022-06-06,jepx-spread-top8-kyushu,kyushu,9.50125,https://www.jepx.jp/_download.php?dir=spot_summary&file=spot_summary_2022.csv
2022-06-07,jepx-spread-top8-kyushu,kyushu,16.027499999999996,https://www.jepx.jp/_download.php?dir=spot_summary&file=spot_summary_2022.csv
2022-06-08,jepx-spread-top8-kyushu,kyushu,19.18,https://www.jepx.jp/_download.php?dir=spot_summary&file=spot_summary_2022.csv
2022-06-09,jepx-spread-top8-kyushu,kyushu,16.557499999999997,https://www.jepx.jp/_download.php?dir=spot_summary&file=spot_summary_2022.csv
2022-06-10,jepx-spread-top8-kyushu,kyushu,13.976249999999999,https://www.jepx.jp/_download.php?dir=spot_summary&file=spot_summary_2022.csv
2022-06-11,jepx-spread-top8-kyushu,kyushu,8.45625,https://www.jepx.jp/_download.php?dir=spot_summary&file=spot_summary_2022.csv
2022-06-12,jepx-spread-top8-kyushu,kyushu,18.465,https://www.jepx.jp/_download.php?dir=spot_summary&file=spot_summary_2022.csv
2022-06-13,jepx-spread-top8-kyushu,kyushu,13.72875,https://www.jepx.jp/_download.php?dir=spot_summary&file=spot_summary_2022.csv
2022-06-14,jepx-spread-top8-kyushu,kyushu,12.689999999999998,https://www.jepx.jp/_download.php?dir=spot_summary&file=spot_summary_2022.csv
2022-06-15,jepx-spread-top8-kyushu,kyushu,6.360000000000001,https://www.jepx.jp/_download.php?dir=spot_summary&file=spot_summary_2022.csv
2022-06-16,jepx-spread-top8-kyushu,kyushu,12.561250000000001,https://www.jepx.jp/_download.php?dir=spot_summary&file=spot_summary_2022.csv
2022-06-17,jepx-spread-top8-kyushu,kyushu,7.275,https://www.jepx.jp/_download.php?dir=spot_summary&file=spot_summary_2022.csv
2022-06-18,jepx-spread-top8-kyushu,kyushu,8.355000000000004,https://www.jepx.jp/_download.php?dir=spot_summary&file=spot_summary_2022.csv
2022-06-19,jepx-spread-top8-kyushu,kyushu,17.49625,https://www.jepx.jp/_download.php?dir=spot_summary&file=spot_summary_2022.csv
2022-06-20,jepx-spread-top8-kyushu,kyushu,11.247499999999999,https://www.jepx.jp/_download.php?dir=spot_summary&file=spot_summary_2022.csv
2022-06-21,jepx-spread-top8-kyushu,kyushu,15.2125,https://www.jepx.jp/_download.php?dir=spot_summary&file=spot_summary_2022.csv
2022-06-22,jepx-spread-top8-kyushu,kyushu,14.83625,https://www.jepx.jp/_download.php?dir=spot_summary&file=spot_summary_2022.csv
2022-06-23,jepx-spread-top8-kyushu,kyushu,12.948749999999999,https://www.jepx.jp/_download.php?dir=spot_summary&file=spot_summary_2022.csv
2022-06-24,jepx-spread-top8-kyushu,kyushu,18.96,https://www.jepx.jp/_download.php?dir=spot_summary&file=spot_summary_2022.csv
2022-06-25,jepx-spread-top8-kyushu,kyushu,21.939999999999998,https://www.jepx.jp/_download.php?dir=spot_summary&file=spot_summary_2022.csv
2022-06-26,jepx-spread-top8-kyushu,kyushu,14.754999999999999,https://www.jepx.jp/_download.php?dir=spot_summary&file=spot_summary_2022.csv
2022-06-27,jepx-spread-top8-kyushu,kyushu,46.14625,https://www.jepx.jp/_download.php?dir=spot_summary&file=spot_summary_2022.csv
2022-06-28,jepx-spread-top8-kyushu,kyushu,47.80625,https://www.jepx.jp/_download.php?dir=spot_summary&file=spot_summary_2022.csv
2022-06-29,jepx-spread-top8-kyushu,kyushu,77.99624999999999,https://www.jepx.jp/_download.php?dir=spot_summary&file=spot_summary_2022.csv
2022-06-30,jepx-spread-top8-kyushu,kyushu,72.62375,https://www.jepx.jp/_download.php?dir=spot_summary&file=spot_summary_2022.csv
2022-07-01,jepx-spread-top8-kyushu,kyushu,47.8275,https://www.jepx.jp/_download.php?dir=spot_summary&file=spot_summary_2022.csv
2022-07-02,jepx-spread-top8-kyushu,kyushu,20.435,https://www.jepx.jp/_download.php?dir=spot_summary&file=spot_summary_2022.csv
2022-07-03,jepx-spread-top8-kyushu,kyushu,16.680000000000003,https://www.jepx.jp/_download.php?dir=spot_summary&file=spot_summary_2022.csv
2022-07-04,jepx-spread-top8-kyushu,kyushu,45.706250000000004,https://www.jepx.jp/_download.php?dir=spot_summary&file=spot_summary_2022.csv
2022-07-05,jepx-spread-top8-kyushu,kyushu,32.5125,https://www.jepx.jp/_download.php?dir=spot_summary&file=spot_summary_2022.csv
2022-07-06,jepx-spread-top8-kyushu,kyushu,26.628750000000004,https://www.jepx.jp/_download.php?dir=spot_summary&file=spot_summary_2022.csv
2022-07-07,jepx-spread-top8-kyushu,kyushu,30.2175,https://www.jepx.jp/_download.php?dir=spot_summary&file=spot_summary_2022.csv
2022-07-08,jepx-spread-top8-kyushu,kyushu,25.408750000000005,https://www.jepx.jp/_download.php?dir=spot_summary&file=spot_summary_2022.csv
2022-07-09,jepx-spread-top8-kyushu,kyushu,26.943749999999998,https://www.jepx.jp/_download.php?dir=spot_summary&file=spot_summary_2022.csv
2022-07-10,jepx-spread-top8-kyushu,kyushu,19.47,https://www.jepx.jp/_download.php?dir=spot_summary&file=spot_summary_2022.csv
2022-07-11,jepx-spread-top8-kyushu,kyushu,35.15625000000001,https://www.jepx.jp/_download.php?dir=spot_summary&file=spot_summary_2022.csv
2022-07-12,jepx-spread-top8-kyushu,kyushu,26.725,https://www.jepx.jp/_download.php?dir=spot_summary&file=spot_summary_2022.csv
2022-07-13,jepx-spread-top8-kyushu,kyushu,33.6875,https://www.jepx.jp/_download.php?dir=spot_summary&file=spot_summary_2022.csv
2022-07-14,jepx-spread-top8-kyushu,kyushu,17.06875,https://www.jepx.jp/_download.php?dir=spot_summary&file=spot_summary_2022.csv
2022-07-15,jepx-spread-top8-kyushu,kyushu,24.17,https://www.jepx.jp/_download.php?dir=spot_summary&file=spot_summary_2022.csv
2022-07-16,jepx-spread-top8-kyushu,kyushu,23.772499999999997,https://www.jepx.jp/_download.php?dir=spot_summary&file=spot_summary_2022.csv
2022-07-17,jepx-spread-top8-kyushu,kyushu,28.8675,https://www.jepx.jp/_download.php?dir=spot_summary&file=spot_summary_2022.csv
2022-07-18,jepx-spread-top8-kyushu,kyushu,22.931250000000002,https://www.jepx.jp/_download.php?dir=spot_summary&file=spot_summary_2022.csv
2022-07-19,jepx-spread-top8-kyushu,kyushu,27.755,https://www.jepx.jp/_download.php?dir=spot_summary&file=spot_summary_2022.csv
2022-07-20,jepx-spread-top8-kyushu,kyushu,28.333749999999995,https://www.jepx.jp/_download.php?dir=spot_summary&file=spot_summary_2022.csv
2022-07-21,jepx-spread-top8-kyushu,kyushu,25.4025,https://www.jepx.jp/_download.php?dir=spot_summary&file=spot_summary_2022.csv
2022-07-22,jepx-spread-top8-kyushu,kyushu,25.127499999999998,https://www.jepx.jp/_download.php?dir=spot_summary&file=spot_summary_2022.csv
2022-07-23,jepx-spread-top8-kyushu,kyushu,18.624999999999996,https://www.jepx.jp/_download.php?dir=spot_summary&file=spot_summary_2022.csv
2022-07-24,jepx-spread-top8-kyushu,kyushu,12.3725,https://www.jepx.jp/_download.php?dir=spot_summary&file=spot_summary_2022.csv
2022-07-25,jepx-spread-top8-kyushu,kyushu,25.361250000000002,https://www.jepx.jp/_download.php?dir=spot_summary&file=spot_summary_2022.csv
2022-07-26,jepx-spread-top8-kyushu,kyushu,27.237499999999997,https://www.jepx.jp/_download.php?dir=spot_summary&file=spot_summary_2022.csv
2022-07-27,jepx-spread-top8-kyushu,kyushu,29.71,https://www.jepx.jp/_download.php?dir=spot_summary&file=spot_summary_2022.csv
2022-07-28,jepx-spread-top8-kyushu,kyushu,30.711249999999996,https://www.jepx.jp/_download.php?dir=spot_summary&file=spot_summary_2022.csv
2022-07-29,jepx-spread-top8-kyushu,kyushu,31.984999999999996,https://www.jepx.jp/_download.php?dir=spot_summary&file=spot_summary_2022.csv
2022-07-30,jepx-spread-top8-kyushu,kyushu,26.906249999999996,https://www.jepx.jp/_download.php?dir=spot_summary&file=spot_summary_2022.csv
2022-07-31,jepx-spread-top8-kyushu,kyushu,21.7075,https://www.jepx.jp/_download.php?dir=spot_summary&file=spot_summary_2022.csv
2022-08-01,jepx-spread-top8-kyushu,kyushu,36.596250000000005,https://www.jepx.jp/_download.php?dir=spot_summary&file=spot_summary_2022.csv
2022-08-02,jepx-spread-top8-kyushu,kyushu,44.24375,https://www.jepx.jp/_download.php?dir=spot_summary&file=spot_summary_2022.csv
2022-08-03,jepx-spread-top8-kyushu,kyushu,36.65125,https://www.jepx.jp/_download.php?dir=spot_summary&file=spot_summary_2022.csv
2022-08-04,jepx-spread-top8-kyushu,kyushu,32.35375,https://www.jepx.jp/_download.php?dir=spot_summary&file=spot_summary_2022.csv
2022-08-05,jepx-spread-top8-kyushu,kyushu,35.33375,https://www.jepx.jp/_download.php?dir=spot_summary&file=spot_summary_2022.csv
2022-08-06,jepx-spread-top8-kyushu,kyushu,28.9925,https://www.jepx.jp/_download.php?dir=spot_summary&file=spot_summary_2022.csv
2022-08-07,jepx-spread-top8-kyushu,kyushu,28.141249999999996,https://www.jepx.jp/_download.php?dir=spot_summary&file=spot_summary_2022.csv
2022-08-08,jepx-spread-top8-kyushu,kyushu,31.842499999999998,https://www.jepx.jp/_download.php?dir=spot_summary&file=spot_summary_2022.csv
2022-08-09,jepx-spread-top8-kyushu,kyushu,40.84875,https://www.jepx.jp/_download.php?dir=spot_summary&file=spot_summary_2022.csv
2022-08-10,jepx-spread-top8-kyushu,kyushu,38.55875,https://www.jepx.jp/_download.php?dir=spot_summary&file=spot_summary_2022.csv
2022-08-11,jepx-spread-top8-kyushu,kyushu,25.76,https://www.jepx.jp/_download.php?dir=spot_summary&file=spot_summary_2022.csv
2022-08-12,jepx-spread-top8-kyushu,kyushu,29.439999999999994,https://www.jepx.jp/_download.php?dir=spot_summary&file=spot_summary_2022.csv
2022-08-13,jepx-spread-top8-kyushu,kyushu,26.10375,https://www.jepx.jp/_download.php?dir=spot_summary&file=spot_summary_2022.csv
2022-08-14,jepx-spread-top8-kyushu,kyushu,28.797499999999996,https://www.jepx.jp/_download.php?dir=spot_summary&file=spot_summary_2022.csv
2022-08-15,jepx-spread-top8-kyushu,kyushu,19.10625,https://www.jepx.jp/_download.php?dir=spot_summary&file=spot_summary_2022.csv
2022-08-16,jepx-spread-top8-kyushu,kyushu,24.790000000000003,https://www.jepx.jp/_download.php?dir=spot_summary&file=spot_summary_2022.csv
2022-08-17,jepx-spread-top8-kyushu,kyushu,28.450000000000003,https://www.jepx.jp/_download.php?dir=spot_summary&file=spot_summary_2022.csv
2022-08-18,jepx-spread-top8-kyushu,kyushu,22.505,https://www.jepx.jp/_download.php?dir=spot_summary&file=spot_summary_2022.csv
2022-08-19,jepx-spread-top8-kyushu,kyushu,21.73875,https://www.jepx.jp/_download.php?dir=spot_summary&file=spot_summary_2022.csv
2022-08-20,jepx-spread-top8-kyushu,kyushu,17.883750000000003,https://www.jepx.jp/_download.php?dir=spot_summary&file=spot_summary_2022.csv
2022-08-21,jepx-spread-top8-kyushu,kyushu,20.180000000000003,https://www.jepx.jp/_download.php?dir=spot_summary&file=spot_summary_2022.csv
2022-08-22,jepx-spread-top8-kyushu,kyushu,28.787499999999998,https://www.jepx.jp/_download.php?dir=spot_summary&file=spot_summary_2022.csv
2022-08-23,jepx-spread-top8-kyushu,kyushu,32.565,https://www.jepx.jp/_download.php?dir=spot_summary&file=spot_summary_2022.csv
2022-08-24,jepx-spread-top8-kyushu,kyushu,30.064999999999994,https://www.jepx.jp/_download.php?dir=spot_summary&file=spot_summary_2022.csv
2022-08-25,jepx-spread-top8-kyushu,kyushu,24.217499999999998,https://www.jepx.jp/_download.php?dir=spot_summary&file=spot_summary_2022.csv
2022-08-26,jepx-spread-top8-kyushu,kyushu,22.081249999999997,https://www.jepx.jp/_download.php?dir=spot_summary&file=spot_summary_2022.csv
2022-08-27,jepx-spread-top8-kyushu,kyushu,21.5875,https://www.jepx.jp/_download.php?dir=spot_summary&file=spot_summary_2022.csv
2022-08-28,jepx-spread-top8-kyushu,kyushu,21.416249999999994,https://www.jepx.jp/_download.php?dir=spot_summary&file=spot_summary_2022.csv
2022-08-29,jepx-spread-top8-kyushu,kyushu,23.84875,https://www.jepx.jp/_download.php?dir=spot_summary&file=spot_summary_2022.csv
2022-08-30,jepx-spread-top8-kyushu,kyushu,23.95375,https://www.jepx.jp/_download.php?dir=spot_summary&file=spot_summary_2022.csv
2022-08-31,jepx-spread-top8-kyushu,kyushu,26.686249999999998,https://www.jepx.jp/_download.php?dir=spot_summary&file=spot_summary_2022.csv
2022-09-01,jepx-spread-top8-kyushu,kyushu,24.019999999999996,https://www.jepx.jp/_download.php?dir=spot_summary&file=spot_summary_2022.csv
2022-09-02,jepx-spread-top8-kyushu,kyushu,24.926249999999996,https://www.jepx.jp/_download.php?dir=spot_summary&file=spot_summary_2022.csv
2022-09-03,jepx-spread-top8-kyushu,kyushu,22.73125,https://www.jepx.jp/_download.php?dir=spot_summary&file=spot_summary_2022.csv
2022-09-04,jepx-spread-top8-kyushu,kyushu,20.26625,https://www.jepx.jp/_download.php?dir=spot_summary&file=spot_summary_2022.csv
2022-09-05,jepx-spread-top8-kyushu,kyushu,35.002500000000005,https://www.jepx.jp/_download.php?dir=spot_summary&file=spot_summary_2022.csv
2022-09-06,jepx-spread-top8-kyushu,kyushu,35.5425,https://www.jepx.jp/_download.php?dir=spot_summary&file=spot_summary_2022.csv
2022-09-07,jepx-spread-top8-kyushu,kyushu,28.08875,https://www.jepx.jp/_download.php?dir=spot_summary&file=spot_summary_2022.csv
2022-09-08,jepx-spread-top8-kyushu,kyushu,26.18375,https://www.jepx.jp/_download.php?dir=spot_summary&file=spot_summary_2022.csv
2022-09-09,jepx-spread-top8-kyushu,kyushu,22.01125,https://www.jepx.jp/_download.php?dir=spot_summary&file=spot_summary_2022.csv
2022-09-10,jepx-spread-top8-kyushu,kyushu,11.53875,https://www.jepx.jp/_download.php?dir=spot_summary&file=spot_summary_2022.csv
2022-09-11,jepx-spread-top8-kyushu,kyushu,21.9325,https://www.jepx.jp/_download.php?dir=spot_summary&file=spot_summary_2022.csv
2022-09-12,jepx-spread-top8-kyushu,kyushu,24.83625,https://www.jepx.jp/_download.php?dir=spot_summary&file=spot_summary_2022.csv
2022-09-13,jepx-spread-top8-kyushu,kyushu,22.86,https://www.jepx.jp/_download.php?dir=spot_summary&file=spot_summary_2022.csv
2022-09-14,jepx-spread-top8-kyushu,kyushu,38.89375,https://www.jepx.jp/_download.php?dir=spot_summary&file=spot_summary_2022.csv
2022-09-15,jepx-spread-top8-kyushu,kyushu,44.08,https://www.jepx.jp/_download.php?dir=spot_summary&file=spot_summary_2022.csv
2022-09-16,jepx-spread-top8-kyushu,kyushu,53.644999999999996,https://www.jepx.jp/_download.php?dir=spot_summary&file=spot_summary_2022.csv
2022-09-17,jepx-spread-top8-kyushu,kyushu,28.073750000000004,https://www.jepx.jp/_download.php?dir=spot_summary&file=spot_summary_2022.csv
2022-09-18,jepx-spread-top8-kyushu,kyushu,21.340000000000003,https://www.jepx.jp/_download.php?dir=spot_summary&file=spot_summary_2022.csv
2022-09-19,jepx-spread-top8-kyushu,kyushu,18.630000000000003,https://www.jepx.jp/_download.php?dir=spot_summary&file=spot_summary_2022.csv
2022-09-20,jepx-spread-top8-kyushu,kyushu,27.418750000000003,https://www.jepx.jp/_download.php?dir=spot_summary&file=spot_summary_2022.csv
2022-09-21,jepx-spread-top8-kyushu,kyushu,21.872500000000002,https://www.jepx.jp/_download.php?dir=spot_summary&file=spot_summary_2022.csv
2022-09-22,jepx-spread-top8-kyushu,kyushu,17.060000000000002,https://www.jepx.jp/_download.php?dir=spot_summary&file=spot_summary_2022.csv
2022-09-23,jepx-spread-top8-kyushu,kyushu,19.1375,https://www.jepx.jp/_download.php?dir=spot_summary&file=spot_summary_2022.csv
2022-09-24,jepx-spread-top8-kyushu,kyushu,16.695,https://www.jepx.jp/_download.php?dir=spot_summary&file=spot_summary_2022.csv
2022-09-25,jepx-spread-top8-kyushu,kyushu,19.74375,https://www.jepx.jp/_download.php?dir=spot_summary&file=spot_summary_2022.csv
2022-09-26,jepx-spread-top8-kyushu,kyushu,20.451249999999998,https://www.jepx.jp/_download.php?dir=spot_summary&file=spot_summary_2022.csv
2022-09-27,jepx-spread-top8-kyushu,kyushu,12.1475,https://www.jepx.jp/_download.php?dir=spot_summary&file=spot_summary_2022.csv
2022-09-28,jepx-spread-top8-kyushu,kyushu,10.823749999999997,https://www.jepx.jp/_download.php?dir=spot_summary&file=spot_summary_2022.csv
2022-09-29,jepx-spread-top8-kyushu,kyushu,19.98875,https://www.jepx.jp/_download.php?dir=spot_summary&file=spot_summary_2022.csv
2022-09-30,jepx-spread-top8-kyushu,kyushu,23.42,https://www.jepx.jp/_download.php?dir=spot_summary&file=spot_summary_2022.csv
2022-10-01,jepx-spread-top8-kyushu,kyushu,21.22875,https://www.jepx.jp/_download.php?dir=spot_summary&file=spot_summary_2022.csv
2022-10-02,jepx-spread-top8-kyushu,kyushu,28.068749999999998,https://www.jepx.jp/_download.php?dir=spot_summary&file=spot_summary_2022.csv
2022-10-03,jepx-spread-top8-kyushu,kyushu,32.91624999999999,https://www.jepx.jp/_download.php?dir=spot_summary&file=spot_summary_2022.csv
2022-10-04,jepx-spread-top8-kyushu,kyushu,42.77499999999999,https://www.jepx.jp/_download.php?dir=spot_summary&file=spot_summary_2022.csv
2022-10-05,jepx-spread-top8-kyushu,kyushu,25.836250000000003,https://www.jepx.jp/_download.php?dir=spot_summary&file=spot_summary_2022.csv
2022-10-06,jepx-spread-top8-kyushu,kyushu,18.34,https://www.jepx.jp/_download.php?dir=spot_summary&file=spot_summary_2022.csv
2022-10-07,jepx-spread-top8-kyushu,kyushu,20.618750000000002,https://www.jepx.jp/_download.php?dir=spot_summary&file=spot_summary_2022.csv
2022-10-08,jepx-spread-top8-kyushu,kyushu,27.5625,https://www.jepx.jp/_download.php?dir=spot_summary&file=spot_summary_2022.csv
2022-10-09,jepx-spread-top8-kyushu,kyushu,18.87125,https://www.jepx.jp/_download.php?dir=spot_summary&file=spot_summary_2022.csv
2022-10-10,jepx-spread-top8-kyushu,kyushu,23.197499999999998,https://www.jepx.jp/_download.php?dir=spot_summary&file=spot_summary_2022.csv
2022-10-11,jepx-spread-top8-kyushu,kyushu,25.128749999999997,https://www.jepx.jp/_download.php?dir=spot_summary&file=spot_summary_2022.csv
2022-10-12,jepx-spread-top8-kyushu,kyushu,29.373749999999998,https://www.jepx.jp/_download.php?dir=spot_summary&file=spot_summary_2022.csv
2022-10-13,jepx-spread-top8-kyushu,kyushu,32.43375,https://www.jepx.jp/_download.php?dir=spot_summary&file=spot_summary_2022.csv
2022-10-14,jepx-spread-top8-kyushu,kyushu,32.21750000000001,https://www.jepx.jp/_download.php?dir=spot_summary&file=spot_summary_2022.csv
2022-10-15,jepx-spread-top8-kyushu,kyushu,24.671249999999997,https://www.jepx.jp/_download.php?dir=spot_summary&file=spot_summary_2022.csv
2022-10-16,jepx-spread-top8-kyushu,kyushu,23.094999999999995,https://www.jepx.jp/_download.php?dir=spot_summary&file=spot_summary_2022.csv
2022-10-17,jepx-spread-top8-kyushu,kyushu,21.415,https://www.jepx.jp/_download.php?dir=spot_summary&file=spot_summary_2022.csv
2022-10-18,jepx-spread-top8-kyushu,kyushu,13.792500000000002,https://www.jepx.jp/_download.php?dir=spot_summary&file=spot_summary_2022.csv
2022-10-19,jepx-spread-top8-kyushu,kyushu,28.7275,https://www.jepx.jp/_download.php?dir=spot_summary&file=spot_summary_2022.csv
2022-10-20,jepx-spread-top8-kyushu,kyushu,27.967499999999998,https://www.jepx.jp/_download.php?dir=spot_summary&file=spot_summary_2022.csv
2022-10-21,jepx-spread-top8-kyushu,kyushu,20.77375,https://www.jepx.jp/_download.php?dir=spot_summary&file=spot_summary_2022.csv
2022-10-22,jepx-spread-top8-kyushu,kyushu,13.567499999999999,https://www.jepx.jp/_download.php?dir=spot_summary&file=spot_summary_2022.csv
2022-10-23,jepx-spread-top8-kyushu,kyushu,27.6225,https://www.jepx.jp/_download.php?dir=spot_summary&file=spot_summary_2022.csv
2022-10-24,jepx-spread-top8-kyushu,kyushu,26.92125,https://www.jepx.jp/_download.php?dir=spot_summary&file=spot_summary_2022.csv
2022-10-25,jepx-spread-top8-kyushu,kyushu,28.857499999999998,https://www.jepx.jp/_download.php?dir=spot_summary&file=spot_summary_2022.csv
2022-10-26,jepx-spread-top8-kyushu,kyushu,29.372499999999995,https://www.jepx.jp/_download.php?dir=spot_summary&file=spot_summary_2022.csv
2022-10-27,jepx-spread-top8-kyushu,kyushu,24.00875,https://www.jepx.jp/_download.php?dir=spot_summary&file=spot_summary_2022.csv
2022-10-28,jepx-spread-top8-kyushu,kyushu,29.873750000000005,https://www.jepx.jp/_download.php?dir=spot_summary&file=spot_summary_2022.csv
2022-10-29,jepx-spread-top8-kyushu,kyushu,25.594999999999995,https://www.jepx.jp/_download.php?dir=spot_summary&file=spot_summary_2022.csv
2022-10-30,jepx-spread-top8-kyushu,kyushu,22.204999999999995,https://www.jepx.jp/_download.php?dir=spot_summary&file=spot_summary_2022.csv
2022-10-31,jepx-spread-top8-kyushu,kyushu,25.001250000000006,https://www.jepx.jp/_download.php?dir=spot_summary&file=spot_summary_2022.csv
2022-11-01,jepx-spread-top8-kyushu,kyushu,24.435000000000006,https://www.jepx.jp/_download.php?dir=spot_summary&file=spot_summary_2022.csv
2022-11-02,jepx-spread-top8-kyushu,kyushu,29.96125,https://www.jepx.jp/_download.php?dir=spot_summary&file=spot_summary_2022.csv
2022-11-03,jepx-spread-top8-kyushu,kyushu,28.560000000000002,https://www.jepx.jp/_download.php?dir=spot_summary&file=spot_summary_2022.csv
2022-11-04,jepx-spread-top8-kyushu,kyushu,26.279999999999998,https://www.jepx.jp/_download.php?dir=spot_summary&file=spot_summary_2022.csv
2022-11-05,jepx-spread-top8-kyushu,kyushu,29.13,https://www.jepx.jp/_download.php?dir=spot_summary&file=spot_summary_2022.csv
2022-11-06,jepx-spread-top8-kyushu,kyushu,26.54625,https://www.jepx.jp/_download.php?dir=spot_summary&file=spot_summary_2022.csv
2022-11-07,jepx-spread-top8-kyushu,kyushu,28.67625,https://www.jepx.jp/_download.php?dir=spot_summary&file=spot_summary_2022.csv
2022-11-08,jepx-spread-top8-kyushu,kyushu,26.215,https://www.jepx.jp/_download.php?dir=spot_summary&file=spot_summary_2022.csv
2022-11-09,jepx-spread-top8-kyushu,kyushu,25.61375,https://www.jepx.jp/_download.php?dir=spot_summary&file=spot_summary_2022.csv
2022-11-10,jepx-spread-top8-kyushu,kyushu,19.1,https://www.jepx.jp/_download.php?dir=spot_summary&file=spot_summary_2022.csv
2022-11-11,jepx-spread-top8-kyushu,kyushu,24.688749999999995,https://www.jepx.jp/_download.php?dir=spot_summary&file=spot_summary_2022.csv
2022-11-12,jepx-spread-top8-kyushu,kyushu,14.2675,https://www.jepx.jp/_download.php?dir=spot_summary&file=spot_summary_2022.csv
2022-11-13,jepx-spread-top8-kyushu,kyushu,16.48375,https://www.jepx.jp/_download.php?dir=spot_summary&file=spot_summary_2022.csv
2022-11-14,jepx-spread-top8-kyushu,kyushu,22.322499999999998,https://www.jepx.jp/_download.php?dir=spot_summary&file=spot_summary_2022.csv
2022-11-15,jepx-spread-top8-kyushu,kyushu,20.860000000000003,https://www.jepx.jp/_download.php?dir=spot_summary&file=spot_summary_2022.csv
2022-11-16,jepx-spread-top8-kyushu,kyushu,22.76,https://www.jepx.jp/_download.php?dir=spot_summary&file=spot_summary_2022.csv
2022-11-17,jepx-spread-top8-kyushu,kyushu,18.822499999999998,https://www.jepx.jp/_download.php?dir=spot_summary&file=spot_summary_2022.csv
2022-11-18,jepx-spread-top8-kyushu,kyushu,21.286250000000003,https://www.jepx.jp/_download.php?dir=spot_summary&file=spot_summary_2022.csv
2022-11-19,jepx-spread-top8-kyushu,kyushu,19.548750000000002,https://www.jepx.jp/_download.php?dir=spot_summary&file=spot_summary_2022.csv
2022-11-20,jepx-spread-top8-kyushu,kyushu,12.401250000000003,https://www.jepx.jp/_download.php?dir=spot_summary&file=spot_summary_2022.csv
2022-11-21,jepx-spread-top8-kyushu,kyushu,17.62,https://www.jepx.jp/_download.php?dir=spot_summary&file=spot_summary_2022.csv
2022-11-22,jepx-spread-top8-kyushu,kyushu,23.74875,https://www.jepx.jp/_download.php?dir=spot_summary&file=spot_summary_2022.csv
2022-11-23,jepx-spread-top8-kyushu,kyushu,19.142500000000002,https://www.jepx.jp/_download.php?dir=spot_summary&file=spot_summary_2022.csv
2022-11-24,jepx-spread-top8-kyushu,kyushu,15.05375,https://www.jepx.jp/_download.php?dir=spot_summary&file=spot_summary_2022.csv
2022-11-25,jepx-spread-top8-kyushu,kyushu,19.58625,https://www.jepx.jp/_download.php?dir=spot_summary&file=spot_summary_2022.csv
2022-11-26,jepx-spread-top8-kyushu,kyushu,17.2925,https://www.jepx.jp/_download.php?dir=spot_summary&file=spot_summary_2022.csv
2022-11-27,jepx-spread-top8-kyushu,kyushu,19.83125,https://www.jepx.jp/_download.php?dir=spot_summary&file=spot_summary_2022.csv
2022-11-28,jepx-spread-top8-kyushu,kyushu,20.978749999999998,https://www.jepx.jp/_download.php?dir=spot_summary&file=spot_summary_2022.csv
2022-11-29,jepx-spread-top8-kyushu,kyushu,12.04625,https://www.jepx.jp/_download.php?dir=spot_summary&file=spot_summary_2022.csv
2022-11-30,jepx-spread-top8-kyushu,kyushu,11.26625,https://www.jepx.jp/_download.php?dir=spot_summary&file=spot_summary_2022.csv
2022-12-01,jepx-spread-top8-kyushu,kyushu,8.28125,https://www.jepx.jp/_download.php?dir=spot_summary&file=spot_summary_2022.csv
2022-12-02,jepx-spread-top8-kyushu,kyushu,12.64,https://www.jepx.jp/_download.php?dir=spot_summary&file=spot_summary_2022.csv
2022-12-03,jepx-spread-top8-kyushu,kyushu,17.42125,https://www.jepx.jp/_download.php?dir=spot_summary&file=spot_summary_2022.csv
2022-12-04,jepx-spread-top8-kyushu,kyushu,15.773750000000003,https://www.jepx.jp/_download.php?dir=spot_summary&file=spot_summary_2022.csv
2022-12-05,jepx-spread-top8-kyushu,kyushu,19.04375,https://www.jepx.jp/_download.php?dir=spot_summary&file=spot_summary_2022.csv
2022-12-06,jepx-spread-top8-kyushu,kyushu,15.940000000000001,https://www.jepx.jp/_download.php?dir=spot_summary&file=spot_summary_2022.csv
2022-12-07,jepx-spread-top8-kyushu,kyushu,13.777500000000003,https://www.jepx.jp/_download.php?dir=spot_summary&file=spot_summary_2022.csv
2022-12-08,jepx-spread-top8-kyushu,kyushu,17.287499999999998,https://www.jepx.jp/_download.php?dir=spot_summary&file=spot_summary_2022.csv
2022-12-09,jepx-spread-top8-kyushu,kyushu,13.457499999999996,https://www.jepx.jp/_download.php?dir=spot_summary&file=spot_summary_2022.csv
2022-12-10,jepx-spread-top8-kyushu,kyushu,12.032499999999997,https://www.jepx.jp/_download.php?dir=spot_summary&file=spot_summary_2022.csv
2022-12-11,jepx-spread-top8-kyushu,kyushu,6.6225000000000005,https://www.jepx.jp/_download.php?dir=spot_summary&file=spot_summary_2022.csv
2022-12-12,jepx-spread-top8-kyushu,kyushu,9.8,https://www.jepx.jp/_download.php?dir=spot_summary&file=spot_summary_2022.csv
2022-12-13,jepx-spread-top8-kyushu,kyushu,5.26125,https://www.jepx.jp/_download.php?dir=spot_summary&file=spot_summary_2022.csv
2022-12-14,jepx-spread-top8-kyushu,kyushu,17.95125,https://www.jepx.jp/_download.php?dir=spot_summary&file=spot_summary_2022.csv
2022-12-15,jepx-spread-top8-kyushu,kyushu,17.605,https://www.jepx.jp/_download.php?dir=spot_summary&file=spot_summary_2022.csv
2022-12-16,jepx-spread-top8-kyushu,kyushu,13.809999999999995,https://www.jepx.jp/_download.php?dir=spot_summary&file=spot_summary_2022.csv
2022-12-17,jepx-spread-top8-kyushu,kyushu,26.872500000000006,https://www.jepx.jp/_download.php?dir=spot_summary&file=spot_summary_2022.csv
2022-12-18,jepx-spread-top8-kyushu,kyushu,25.505,https://www.jepx.jp/_download.php?dir=spot_summary&file=spot_summary_2022.csv
2022-12-19,jepx-spread-top8-kyushu,kyushu,38.855000000000004,https://www.jepx.jp/_download.php?dir=spot_summary&file=spot_summary_2022.csv
2022-12-20,jepx-spread-top8-kyushu,kyushu,37.732499999999995,https://www.jepx.jp/_download.php?dir=spot_summary&file=spot_summary_2022.csv
2022-12-21,jepx-spread-top8-kyushu,kyushu,33.5275,https://www.jepx.jp/_download.php?dir=spot_summary&file=spot_summary_2022.csv
2022-12-22,jepx-spread-top8-kyushu,kyushu,27.79875,https://www.jepx.jp/_download.php?dir=spot_summary&file=spot_summary_2022.csv
2022-12-23,jepx-spread-top8-kyushu,kyushu,28.735000000000003,https://www.jepx.jp/_download.php?dir=spot_summary&file=spot_summary_2022.csv
2022-12-24,jepx-spread-top8-kyushu,kyushu,25.43375,https://www.jepx.jp/_download.php?dir=spot_summary&file=spot_summary_2022.csv
2022-12-25,jepx-spread-top8-kyushu,kyushu,29.01,https://www.jepx.jp/_download.php?dir=spot_summary&file=spot_summary_2022.csv
2022-12-26,jepx-spread-top8-kyushu,kyushu,27.654999999999998,https://www.jepx.jp/_download.php?dir=spot_summary&file=spot_summary_2022.csv
2022-12-27,jepx-spread-top8-kyushu,kyushu,30.075,https://www.jepx.jp/_download.php?dir=spot_summary&file=spot_summary_2022.csv
2022-12-28,jepx-spread-top8-kyushu,kyushu,10.866250000000004,https://www.jepx.jp/_download.php?dir=spot_summary&file=spot_summary_2022.csv
2022-12-29,jepx-spread-top8-kyushu,kyushu,15.135000000000002,https://www.jepx.jp/_download.php?dir=spot_summary&file=spot_summary_2022.csv
2022-12-30,jepx-spread-top8-kyushu,kyushu,21.427500000000002,https://www.jepx.jp/_download.php?dir=spot_summary&file=spot_summary_2022.csv
2022-12-31,jepx-spread-top8-kyushu,kyushu,23.29375,https://www.jepx.jp/_download.php?dir=spot_summary&file=spot_summary_2022.csv
2023-01-01,jepx-spread-top8-kyushu,kyushu,23.209999999999997,https://www.jepx.jp/_download.php?dir=spot_summary&file=spot_summary_2022.csv
2023-01-02,jepx-spread-top8-kyushu,kyushu,22.9875,https://www.jepx.jp/_download.php?dir=spot_summary&file=spot_summary_2022.csv
2023-01-03,jepx-spread-top8-kyushu,kyushu,21.482499999999998,https://www.jepx.jp/_download.php?dir=spot_summary&file=spot_summary_2022.csv
2023-01-04,jepx-spread-top8-kyushu,kyushu,20.972500000000004,https://www.jepx.jp/_download.php?dir=spot_summary&file=spot_summary_2022.csv
2023-01-05,jepx-spread-top8-kyushu,kyushu,9.195,https://www.jepx.jp/_download.php?dir=spot_summary&file=spot_summary_2022.csv
2023-01-06,jepx-spread-top8-kyushu,kyushu,7.74625,https://www.jepx.jp/_download.php?dir=spot_summary&file=spot_summary_2022.csv
2023-01-07,jepx-spread-top8-kyushu,kyushu,12.104999999999997,https://www.jepx.jp/_download.php?dir=spot_summary&file=spot_summary_2022.csv
2023-01-08,jepx-spread-top8-kyushu,kyushu,22.7825,https://www.jepx.jp/_download.php?dir=spot_summary&file=spot_summary_2022.csv
2023-01-09,jepx-spread-top8-kyushu,kyushu,23.08375,https://www.jepx.jp/_download.php?dir=spot_summary&file=spot_summary_2022.csv
2023-01-10,jepx-spread-top8-kyushu,kyushu,14.52,https://www.jepx.jp/_download.php?dir=spot_summary&file=spot_summary_2022.csv
2023-01-11,jepx-spread-top8-kyushu,kyushu,13.721250000000001,https://www.jepx.jp/_download.php?dir=spot_summary&file=spot_summary_2022.csv
2023-01-12,jepx-spread-top8-kyushu,kyushu,9.817499999999999,https://www.jepx.jp/_download.php?dir=spot_summary&file=spot_summary_2022.csv
2023-01-13,jepx-spread-top8-kyushu,kyushu,5.716249999999999,https://www.jepx.jp/_download.php?dir=spot_summary&file=spot_summary_2022.csv
2023-01-14,jepx-spread-top8-kyushu,kyushu,11.722499999999998,https://www.jepx.jp/_download.php?dir=spot_summary&file=spot_summary_2022.csv
2023-01-15,jepx-spread-top8-kyushu,kyushu,10.319999999999999,https://www.jepx.jp/_download.php?dir=spot_summary&file=spot_summary_2022.csv
2023-01-16,jepx-spread-top8-kyushu,kyushu,10.640000000000002,https://www.jepx.jp/_download.php?dir=spot_summary&file=spot_summary_2022.csv
2023-01-17,jepx-spread-top8-kyushu,kyushu,6.043749999999999,https://www.jepx.jp/_download.php?dir=spot_summary&file=spot_summary_2022.csv
2023-01-18,jepx-spread-top8-kyushu,kyushu,6.452500000000001,https://www.jepx.jp/_download.php?dir=spot_summary&file=spot_summary_2022.csv
2023-01-19,jepx-spread-top8-kyushu,kyushu,8.974999999999998,https://www.jepx.jp/_download.php?dir=spot_summary&file=spot_summary_2022.csv
2023-01-20,jepx-spread-top8-kyushu,kyushu,7.813750000000001,https://www.jepx.jp/_download.php?dir=spot_summary&file=spot_summary_2022.csv
2023-01-21,jepx-spread-top8-kyushu,kyushu,20.23125,https://www.jepx.jp/_download.php?dir=spot_summary&file=spot_summary_2022.csv
2023-01-22,jepx-spread-top8-kyushu,kyushu,14.676249999999998,https://www.jepx.jp/_download.php?dir=spot_summary&file=spot_summary_2022.csv
2023-01-23,jepx-spread-top8-kyushu,kyushu,16.802500000000002,https://www.jepx.jp/_download.php?dir=spot_summary&file=spot_summary_2022.csv
2023-01-24,jepx-spread-top8-kyushu,kyushu,17.546249999999997,https://www.jepx.jp/_download.php?dir=spot_summary&file=spot_summary_2022.csv
2023-01-25,jepx-spread-top8-kyushu,kyushu,26.4525,https://www.jepx.jp/_download.php?dir=spot_summary&file=spot_summary_2022.csv
2023-01-26,jepx-spread-top8-kyushu,kyushu,14.083750000000002,https://www.jepx.jp/_download.php?dir=spot_summary&file=spot_summary_2022.csv
2023-01-27,jepx-spread-top8-kyushu,kyushu,19.385000000000005,https://www.jepx.jp/_download.php?dir=spot_summary&file=spot_summary_2022.csv
2023-01-28,jepx-spread-top8-kyushu,kyushu,12.602500000000003,https://www.jepx.jp/_download.php?dir=spot_summary&file=spot_summary_2022.csv
2023-01-29,jepx-spread-top8-kyushu,kyushu,16.231250000000003,https://www.jepx.jp/_download.php?dir=spot_summary&file=spot_summary_2022.csv
2023-01-30,jepx-spread-top8-kyushu,kyushu,23.49,https://www.jepx.jp/_download.php?dir=spot_summary&file=spot_summary_2022.csv
2023-01-31,jepx-spread-top8-kyushu,kyushu,19.765,https://www.jepx.jp/_download.php?dir=spot_summary&file=spot_summary_2022.csv
2023-02-01,jepx-spread-top8-kyushu,kyushu,14.036250000000003,https://www.jepx.jp/_download.php?dir=spot_summary&file=spot_summary_2022.csv
2023-02-02,jepx-spread-top8-kyushu,kyushu,16.24125,https://www.jepx.jp/_download.php?dir=spot_summary&file=spot_summary_2022.csv
2023-02-03,jepx-spread-top8-kyushu,kyushu,11.916250000000002,https://www.jepx.jp/_download.php?dir=spot_summary&file=spot_summary_2022.csv
2023-02-04,jepx-spread-top8-kyushu,kyushu,18.89375,https://www.jepx.jp/_download.php?dir=spot_summary&file=spot_summary_2022.csv
2023-02-05,jepx-spread-top8-kyushu,kyushu,18.575,https://www.jepx.jp/_download.php?dir=spot_summary&file=spot_summary_2022.csv
2023-02-06,jepx-spread-top8-kyushu,kyushu,13.408749999999998,https://www.jepx.jp/_download.php?dir=spot_summary&file=spot_summary_2022.csv
2023-02-07,jepx-spread-top8-kyushu,kyushu,10.852500000000001,https://www.jepx.jp/_download.php?dir=spot_summary&file=spot_summary_2022.csv
2023-02-08,jepx-spread-top8-kyushu,kyushu,18.90125,https://www.jepx.jp/_download.php?dir=spot_summary&file=spot_summary_2022.csv
2023-02-09,jepx-spread-top8-kyushu,kyushu,11.95625,https://www.jepx.jp/_download.php?dir=spot_summary&file=spot_summary_2022.csv
2023-02-10,jepx-spread-top8-kyushu,kyushu,14.048749999999998,https://www.jepx.jp/_download.php?dir=spot_summary&file=spot_summary_2022.csv
2023-02-11,jepx-spread-top8-kyushu,kyushu,16.2375,https://www.jepx.jp/_download.php?dir=spot_summary&file=spot_summary_2022.csv
2023-02-12,jepx-spread-top8-kyushu,kyushu,16.006249999999998,https://www.jepx.jp/_download.php?dir=spot_summary&file=spot_summary_2022.csv
2023-02-13,jepx-spread-top8-kyushu,kyushu,13.2275,https://www.jepx.jp/_download.php?dir=spot_summary&file=spot_summary_2022.csv
2023-02-14,jepx-spread-top8-kyushu,kyushu,17.78125,https://www.jepx.jp/_download.php?dir=spot_summary&file=spot_summary_2022.csv
2023-02-15,jepx-spread-top8-kyushu,kyushu,18.406250000000004,https://www.jepx.jp/_download.php?dir=spot_summary&file=spot_summary_2022.csv
2023-02-16,jepx-spread-top8-kyushu,kyushu,21.663749999999997,https://www.jepx.jp/_download.php?dir=spot_summary&file=spot_summary_2022.csv
2023-02-17,jepx-spread-top8-kyushu,kyushu,19.9725,https://www.jepx.jp/_download.php?dir=spot_summary&file=spot_summary_2022.csv
2023-02-18,jepx-spread-top8-kyushu,kyushu,17.397499999999997,https://www.jepx.jp/_download.php?dir=spot_summary&file=spot_summary_2022.csv
2023-02-19,jepx-spread-top8-kyushu,kyushu,15.998750000000001,https://www.jepx.jp/_download.php?dir=spot_summary&file=spot_summary_2022.csv
2023-02-20,jepx-spread-top8-kyushu,kyushu,17.37875,https://www.jepx.jp/_download.php?dir=spot_summary&file=spot_summary_2022.csv
2023-02-21,jepx-spread-top8-kyushu,kyushu,19.91,https://www.jepx.jp/_download.php?dir=spot_summary&file=spot_summary_2022.csv
2023-02-22,jepx-spread-top8-kyushu,kyushu,18.505,https://www.jepx.jp/_download.php?dir=spot_summary&file=spot_summary_2022.csv
2023-02-23,jepx-spread-top8-kyushu,kyushu,11.987499999999997,https://www.jepx.jp/_download.php?dir=spot_summary&file=spot_summary_2022.csv
2023-02-24,jepx-spread-top8-kyushu,kyushu,12.0625,https://www.jepx.jp/_download.php?dir=spot_summary&file=spot_summary_2022.csv
2023-02-25,jepx-spread-top8-kyushu,kyushu,20.187499999999996,https://www.jepx.jp/_download.php?dir=spot_summary&file=spot_summary_2022.csv
2023-02-26,jepx-spread-top8-kyushu,kyushu,18.671249999999997,https://www.jepx.jp/_download.php?dir=spot_summary&file=spot_summary_2022.csv
2023-02-27,jepx-spread-top8-kyushu,kyushu,18.14625,https://www.jepx.jp/_download.php?dir=spot_summary&file=spot_summary_2022.csv
2023-02-28,jepx-spread-top8-kyushu,kyushu,17.983749999999997,https://www.jepx.jp/_download.php?dir=spot_summary&file=spot_summary_2022.csv
2023-03-01,jepx-spread-top8-kyushu,kyushu,13.2225,https://www.jepx.jp/_download.php?dir=spot_summary&file=spot_summary_2022.csv
2023-03-02,jepx-spread-top8-kyushu,kyushu,19.205,https://www.jepx.jp/_download.php?dir=spot_summary&file=spot_summary_2022.csv
2023-03-03,jepx-spread-top8-kyushu,kyushu,18.001249999999995,https://www.jepx.jp/_download.php?dir=spot_summary&file=spot_summary_2022.csv
2023-03-04,jepx-spread-top8-kyushu,kyushu,16.632499999999997,https://www.jepx.jp/_download.php?dir=spot_summary&file=spot_summary_2022.csv
2023-03-05,jepx-spread-top8-kyushu,kyushu,15.4075,https://www.jepx.jp/_download.php?dir=spot_summary&file=spot_summary_2022.csv
2023-03-06,jepx-spread-top8-kyushu,kyushu,16.9275,https://www.jepx.jp/_download.php?dir=spot_summary&file=spot_summary_2022.csv
2023-03-07,jepx-spread-top8-kyushu,kyushu,16.289999999999996,https://www.jepx.jp/_download.php?dir=spot_summary&file=spot_summary_2022.csv
2023-03-08,jepx-spread-top8-kyushu,kyushu,15.4475,https://www.jepx.jp/_download.php?dir=spot_summary&file=spot_summary_2022.csv
2023-03-09,jepx-spread-top8-kyushu,kyushu,12.182500000000001,https://www.jepx.jp/_download.php?dir=spot_summary&file=spot_summary_2022.csv
2023-03-10,jepx-spread-top8-kyushu,kyushu,13.035000000000002,https://www.jepx.jp/_download.php?dir=spot_summary&file=spot_summary_2022.csv
2023-03-11,jepx-spread-top8-kyushu,kyushu,13.2175,https://www.jepx.jp/_download.php?dir=spot_summary&file=spot_summary_2022.csv
2023-03-12,jepx-spread-top8-kyushu,kyushu,13.545,https://www.jepx.jp/_download.php?dir=spot_summary&file=spot_summary_2022.csv
2023-03-13,jepx-spread-top8-kyushu,kyushu,17.623749999999998,https://www.jepx.jp/_download.php?dir=spot_summary&file=spot_summary_2022.csv
2023-03-14,jepx-spread-top8-kyushu,kyushu,17.186249999999998,https://www.jepx.jp/_download.php?dir=spot_summary&file=spot_summary_2022.csv
2023-03-15,jepx-spread-top8-kyushu,kyushu,14.165000000000001,https://www.jepx.jp/_download.php?dir=spot_summary&file=spot_summary_2022.csv
2023-03-16,jepx-spread-top8-kyushu,kyushu,14.801250000000001,https://www.jepx.jp/_download.php?dir=spot_summary&file=spot_summary_2022.csv
2023-03-17,jepx-spread-top8-kyushu,kyushu,8.545000000000002,https://www.jepx.jp/_download.php?dir=spot_summary&file=spot_summary_2022.csv
2023-03-18,jepx-spread-top8-kyushu,kyushu,16.61375,https://www.jepx.jp/_download.php?dir=spot_summary&file=spot_summary_2022.csv
2023-03-19,jepx-spread-top8-kyushu,kyushu,16.881249999999998,https://www.jepx.jp/_download.php?dir=spot_summary&file=spot_summary_2022.csv
2023-03-20,jepx-spread-top8-kyushu,kyushu,14.00375,https://www.jepx.jp/_download.php?dir=spot_summary&file=spot_summary_2022.csv
2023-03-21,jepx-spread-top8-kyushu,kyushu,7.61375,https://www.jepx.jp/_download.php?dir=spot_summary&file=spot_summary_2022.csv
2023-03-22,jepx-spread-top8-kyushu,kyushu,11.62875,https://www.jepx.jp/_download.php?dir=spot_summary&file=spot_summary_2022.csv
2023-03-23,jepx-spread-top8-kyushu,kyushu,5.185000000000002,https://www.jepx.jp/_download.php?dir=spot_summary&file=spot_summary_2022.csv
2023-03-24,jepx-spread-top8-kyushu,kyushu,4.061249999999999,https://www.jepx.jp/_download.php?dir=spot_summary&file=spot_summary_2022.csv
2023-03-25,jepx-spread-top8-kyushu,kyushu,4.65625,https://www.jepx.jp/_download.php?dir=spot_summary&file=spot_summary_2022.csv
2023-03-26,jepx-spread-top8-kyushu,kyushu,8.74,https://www.jepx.jp/_download.php?dir=spot_summary&file=spot_summary_2022.csv
2023-03-27,jepx-spread-top8-kyushu,kyushu,13.71875,https://www.jepx.jp/_download.php?dir=spot_summary&file=spot_summary_2022.csv
2023-03-28,jepx-spread-top8-kyushu,kyushu,13.674999999999999,https://www.jepx.jp/_download.php?dir=spot_summary&file=spot_summary_2022.csv
2023-03-29,jepx-spread-top8-kyushu,kyushu,14.277500000000002,https://www.jepx.jp/_download.php?dir=spot_summary&file=spot_summary_2022.csv
2023-03-30,jepx-spread-top8-kyushu,kyushu,13.113750000000001,https://www.jepx.jp/_download.php?dir=spot_summary&file=spot_summary_2022.csv
2023-03-31,jepx-spread-top8-kyushu,kyushu,12.345,https://www.jepx.jp/_download.php?dir=spot_summary&file=spot_summary_2022.csv
2023-04-01,jepx-spread-top8-kyushu,kyushu,14.5275,https://www.jepx.jp/_download.php?dir=spot_summary&file=spot_summary_2023.csv
2023-04-02,jepx-spread-top8-kyushu,kyushu,11.172500000000001,https://www.jepx.jp/_download.php?dir=spot_summary&file=spot_summary_2023.csv
2023-04-03,jepx-spread-top8-kyushu,kyushu,12.770000000000001,https://www.jepx.jp/_download.php?dir=spot_summary&file=spot_summary_2023.csv
2023-04-04,jepx-spread-top8-kyushu,kyushu,12.53,https://www.jepx.jp/_download.php?dir=spot_summary&file=spot_summary_2023.csv
2023-04-05,jepx-spread-top8-kyushu,kyushu,7.5275,https://www.jepx.jp/_download.php?dir=spot_summary&file=spot_summary_2023.csv
2023-04-06,jepx-spread-top8-kyushu,kyushu,2.488749999999998,https://www.jepx.jp/_download.php?dir=spot_summary&file=spot_summary_2023.csv
2023-04-07,jepx-spread-top8-kyushu,kyushu,14.5075,https://www.jepx.jp/_download.php?dir=spot_summary&file=spot_summary_2023.csv
2023-04-08,jepx-spread-top8-kyushu,kyushu,15.7775,https://www.jepx.jp/_download.php?dir=spot_summary&file=spot_summary_2023.csv
2023-04-09,jepx-spread-top8-kyushu,kyushu,15.115,https://www.jepx.jp/_download.php?dir=spot_summary&file=spot_summary_2023.csv
2023-04-10,jepx-spread-top8-kyushu,kyushu,14.2075,https://www.jepx.jp/_download.php?dir=spot_summary&file=spot_summary_2023.csv
2023-04-11,jepx-spread-top8-kyushu,kyushu,13.56375,https://www.jepx.jp/_download.php?dir=spot_summary&file=spot_summary_2023.csv
2023-04-12,jepx-spread-top8-kyushu,kyushu,14.121250000000002,https://www.jepx.jp/_download.php?dir=spot_summary&file=spot_summary_2023.csv
2023-04-13,jepx-spread-top8-kyushu,kyushu,13.67,https://www.jepx.jp/_download.php?dir=spot_summary&file=spot_summary_2023.csv
2023-04-14,jepx-spread-top8-kyushu,kyushu,14.17875,https://www.jepx.jp/_download.php?dir=spot_summary&file=spot_summary_2023.csv
2023-04-15,jepx-spread-top8-kyushu,kyushu,9.191249999999998,https://www.jepx.jp/_download.php?dir=spot_summary&file=spot_summary_2023.csv
2023-04-16,jepx-spread-top8-kyushu,kyushu,13.828750000000001,https://www.jepx.jp/_download.php?dir=spot_summary&file=spot_summary_2023.csv
2023-04-17,jepx-spread-top8-kyushu,kyushu,15.45625,https://www.jepx.jp/_download.php?dir=spot_summary&file=spot_summary_2023.csv
2023-04-18,jepx-spread-top8-kyushu,kyushu,14.014999999999999,https://www.jepx.jp/_download.php?dir=spot_summary&file=spot_summary_2023.csv
2023-04-19,jepx-spread-top8-kyushu,kyushu,11.469999999999999,https://www.jepx.jp/_download.php?dir=spot_summary&file=spot_summary_2023.csv
2023-04-20,jepx-spread-top8-kyushu,kyushu,13.355,https://www.jepx.jp/_download.php?dir=spot_summary&file=spot_summary_2023.csv
2023-04-21,jepx-spread-top8-kyushu,kyushu,13.35125,https://www.jepx.jp/_download.php?dir=spot_summary&file=spot_summary_2023.csv
2023-04-22,jepx-spread-top8-kyushu,kyushu,14.2175,https://www.jepx.jp/_download.php?dir=spot_summary&file=spot_summary_2023.csv
2023-04-23,jepx-spread-top8-kyushu,kyushu,14.34125,https://www.jepx.jp/_download.php?dir=spot_summary&file=spot_summary_2023.csv
2023-04-24,jepx-spread-top8-kyushu,kyushu,14.39375,https://www.jepx.jp/_download.php?dir=spot_summary&file=spot_summary_2023.csv
2023-04-25,jepx-spread-top8-kyushu,kyushu,10.7025,https://www.jepx.jp/_download.php?dir=spot_summary&file=spot_summary_2023.csv
2023-04-26,jepx-spread-top8-kyushu,kyushu,16.1125,https://www.jepx.jp/_download.php?dir=spot_summary&file=spot_summary_2023.csv
2023-04-27,jepx-spread-top8-kyushu,kyushu,15.008750000000001,https://www.jepx.jp/_download.php?dir=spot_summary&file=spot_summary_2023.csv
2023-04-28,jepx-spread-top8-kyushu,kyushu,14.086250000000001,https://www.jepx.jp/_download.php?dir=spot_summary&file=spot_summary_2023.csv
2023-04-29,jepx-spread-top8-kyushu,kyushu,15.698749999999999,https://www.jepx.jp/_download.php?dir=spot_summary&file=spot_summary_2023.csv
2023-04-30,jepx-spread-top8-kyushu,kyushu,14.1225,https://www.jepx.jp/_download.php?dir=spot_summary&file=spot_summary_2023.csv
2023-05-01,jepx-spread-top8-kyushu,kyushu,15.4625,https://www.jepx.jp/_download.php?dir=spot_summary&file=spot_summary_2023.csv
2023-05-02,jepx-spread-top8-kyushu,kyushu,14.98125,https://www.jepx.jp/_download.php?dir=spot_summary&file=spot_summary_2023.csv
2023-05-03,jepx-spread-top8-kyushu,kyushu,15.04125,https://www.jepx.jp/_download.php?dir=spot_summary&file=spot_summary_2023.csv
2023-05-04,jepx-spread-top8-kyushu,kyushu,15.305,https://www.jepx.jp/_download.php?dir=spot_summary&file=spot_summary_2023.csv
2023-05-05,jepx-spread-top8-kyushu,kyushu,16.025,https://www.jepx.jp/_download.php?dir=spot_summary&file=spot_summary_2023.csv
2023-05-06,jepx-spread-top8-kyushu,kyushu,7.563750000000001,https://www.jepx.jp/_download.php?dir=spot_summary&file=spot_summary_2023.csv
2023-05-07,jepx-spread-top8-kyushu,kyushu,4.784999999999998,https://www.jepx.jp/_download.php?dir=spot_summary&file=spot_summary_2023.csv
2023-05-08,jepx-spread-top8-kyushu,kyushu,14.348749999999999,https://www.jepx.jp/_download.php?dir=spot_summary&file=spot_summary_2023.csv
2023-05-09,jepx-spread-top8-kyushu,kyushu,15.25625,https://www.jepx.jp/_download.php?dir=spot_summary&file=spot_summary_2023.csv
2023-05-10,jepx-spread-top8-kyushu,kyushu,15.0325,https://www.jepx.jp/_download.php?dir=spot_summary&file=spot_summary_2023.csv
2023-05-11,jepx-spread-top8-kyushu,kyushu,14.321250000000001,https://www.jepx.jp/_download.php?dir=spot_summary&file=spot_summary_2023.csv
2023-05-12,jepx-spread-top8-kyushu,kyushu,12.546249999999999,https://www.jepx.jp/_download.php?dir=spot_summary&file=spot_summary_2023.csv
2023-05-13,jepx-spread-top8-kyushu,kyushu,7.915000000000002,https://www.jepx.jp/_download.php?dir=spot_summary&file=spot_summary_2023.csv
2023-05-14,jepx-spread-top8-kyushu,kyushu,10.18375,https://www.jepx.jp/_download.php?dir=spot_summary&file=spot_summary_2023.csv
2023-05-15,jepx-spread-top8-kyushu,kyushu,12.86375,https://www.jepx.jp/_download.php?dir=spot_summary&file=spot_summary_2023.csv
2023-05-16,jepx-spread-top8-kyushu,kyushu,14.605,https://www.jepx.jp/_download.php?dir=spot_summary&file=spot_summary_2023.csv
2023-05-17,jepx-spread-top8-kyushu,kyushu,14.266250000000001,https://www.jepx.jp/_download.php?dir=spot_summary&file=spot_summary_2023.csv
2023-05-18,jepx-spread-top8-kyushu,kyushu,10.445,https://www.jepx.jp/_download.php?dir=spot_summary&file=spot_summary_2023.csv
2023-05-19,jepx-spread-top8-kyushu,kyushu,10.0125,https://www.jepx.jp/_download.php?dir=spot_summary&file=spot_summary_2023.csv
2023-05-20,jepx-spread-top8-kyushu,kyushu,8.95625,https://www.jepx.jp/_download.php?dir=spot_summary&file=spot_summary_2023.csv
2023-05-21,jepx-spread-top8-kyushu,kyushu,5.8725,https://www.jepx.jp/_download.php?dir=spot_summary&file=spot_summary_2023.csv
2023-05-22,jepx-spread-top8-kyushu,kyushu,12.31875,https://www.jepx.jp/_download.php?dir=spot_summary&file=spot_summary_2023.csv
2023-05-23,jepx-spread-top8-kyushu,kyushu,9.2475,https://www.jepx.jp/_download.php?dir=spot_summary&file=spot_summary_2023.csv
2023-05-24,jepx-spread-top8-kyushu,kyushu,12.405,https://www.jepx.jp/_download.php?dir=spot_summary&file=spot_summary_2023.csv
2023-05-25,jepx-spread-top8-kyushu,kyushu,9.66,https://www.jepx.jp/_download.php?dir=spot_summary&file=spot_summary_2023.csv
2023-05-26,jepx-spread-top8-kyushu,kyushu,10.5375,https://www.jepx.jp/_download.php?dir=spot_summary&file=spot_summary_2023.csv
2023-05-27,jepx-spread-top8-kyushu,kyushu,12.30125,https://www.jepx.jp/_download.php?dir=spot_summary&file=spot_summary_2023.csv
2023-05-28,jepx-spread-top8-kyushu,kyushu,8.28625,https://www.jepx.jp/_download.php?dir=spot_summary&file=spot_summary_2023.csv
2023-05-29,jepx-spread-top8-kyushu,kyushu,9.586250000000001,https://www.jepx.jp/_download.php?dir=spot_summary&file=spot_summary_2023.csv
2023-05-30,jepx-spread-top8-kyushu,kyushu,9.021250000000002,https://www.jepx.jp/_download.php?dir=spot_summary&file=spot_summary_2023.csv
2023-05-31,jepx-spread-top8-kyushu,kyushu,6.3100000000000005,https://www.jepx.jp/_download.php?dir=spot_summary&file=spot_summary_2023.csv
2023-06-01,jepx-spread-top8-kyushu,kyushu,3.4662500000000023,https://www.jepx.jp/_download.php?dir=spot_summary&file=spot_summary_2023.csv
2023-06-02,jepx-spread-top8-kyushu,kyushu,7.51625,https://www.jepx.jp/_download.php?dir=spot_summary&file=spot_summary_2023.csv
2023-06-03,jepx-spread-top8-kyushu,kyushu,8.5925,https://www.jepx.jp/_download.php?dir=spot_summary&file=spot_summary_2023.csv
2023-06-04,jepx-spread-top8-kyushu,kyushu,7.09375,https://www.jepx.jp/_download.php?dir=spot_summary&file=spot_summary_2023.csv
2023-06-05,jepx-spread-top8-kyushu,kyushu,10.01625,https://www.jepx.jp/_download.php?dir=spot_summary&file=spot_summary_2023.csv
2023-06-06,jepx-spread-top8-kyushu,kyushu,4.43375,https://www.jepx.jp/_download.php?dir=spot_summary&file=spot_summary_2023.csv
2023-06-07,jepx-spread-top8-kyushu,kyushu,8.91125,https://www.jepx.jp/_download.php?dir=spot_summary&file=spot_summary_2023.csv
2023-06-08,jepx-spread-top8-kyushu,kyushu,5.311249999999999,https://www.jepx.jp/_download.php?dir=spot_summary&file=spot_summary_2023.csv
2023-06-09,jepx-spread-top8-kyushu,kyushu,10.231250000000001,https://www.jepx.jp/_download.php?dir=spot_summary&file=spot_summary_2023.csv
2023-06-10,jepx-spread-top8-kyushu,kyushu,8.12875,https://www.jepx.jp/_download.php?dir=spot_summary&file=spot_summary_2023.csv
2023-06-11,jepx-spread-top8-kyushu,kyushu,8.270000000000001,https://www.jepx.jp/_download.php?dir=spot_summary&file=spot_summary_2023.csv
2023-06-12,jepx-spread-top8-kyushu,kyushu,5.0649999999999995,https://www.jepx.jp/_download.php?dir=spot_summary&file=spot_summary_2023.csv
2023-06-13,jepx-spread-top8-kyushu,kyushu,9.382499999999999,https://www.jepx.jp/_download.php?dir=spot_summary&file=spot_summary_2023.csv
2023-06-14,jepx-spread-top8-kyushu,kyushu,8.75875,https://www.jepx.jp/_download.php?dir=spot_summary&file=spot_summary_2023.csv
2023-06-15,jepx-spread-top8-kyushu,kyushu,9.6325,https://www.jepx.jp/_download.php?dir=spot_summary&file=spot_summary_2023.csv
2023-06-16,jepx-spread-top8-kyushu,kyushu,11.7675,https://www.jepx.jp/_download.php?dir=spot_summary&file=spot_summary_2023.csv
2023-06-17,jepx-spread-top8-kyushu,kyushu,12.77875,https://www.jepx.jp/_download.php?dir=spot_summary&file=spot_summary_2023.csv
2023-06-18,jepx-spread-top8-kyushu,kyushu,10.42125,https://www.jepx.jp/_download.php?dir=spot_summary&file=spot_summary_2023.csv
2023-06-19,jepx-spread-top8-kyushu,kyushu,12.24,https://www.jepx.jp/_download.php?dir=spot_summary&file=spot_summary_2023.csv
2023-06-20,jepx-spread-top8-kyushu,kyushu,11.512500000000001,https://www.jepx.jp/_download.php?dir=spot_summary&file=spot_summary_2023.csv
2023-06-21,jepx-spread-top8-kyushu,kyushu,8.817499999999999,https://www.jepx.jp/_download.php?dir=spot_summary&file=spot_summary_2023.csv
2023-06-22,jepx-spread-top8-kyushu,kyushu,10.31125,https://www.jepx.jp/_download.php?dir=spot_summary&file=spot_summary_2023.csv
2023-06-23,jepx-spread-top8-kyushu,kyushu,11.427499999999998,https://www.jepx.jp/_download.php?dir=spot_summary&file=spot_summary_2023.csv
2023-06-24,jepx-spread-top8-kyushu,kyushu,9.2375,https://www.jepx.jp/_download.php?dir=spot_summary&file=spot_summary_2023.csv
2023-06-25,jepx-spread-top8-kyushu,kyushu,7.62625,https://www.jepx.jp/_download.php?dir=spot_summary&file=spot_summary_2023.csv
2023-06-26,jepx-spread-top8-kyushu,kyushu,4.522500000000001,https://www.jepx.jp/_download.php?dir=spot_summary&file=spot_summary_2023.csv
2023-06-27,jepx-spread-top8-kyushu,kyushu,8.42375,https://www.jepx.jp/_download.php?dir=spot_summary&file=spot_summary_2023.csv
2023-06-28,jepx-spread-top8-kyushu,kyushu,3.7212499999999995,https://www.jepx.jp/_download.php?dir=spot_summary&file=spot_summary_2023.csv
2023-06-29,jepx-spread-top8-kyushu,kyushu,8.65,https://www.jepx.jp/_download.php?dir=spot_summary&file=spot_summary_2023.csv
2023-06-30,jepx-spread-top8-kyushu,kyushu,11.473750000000003,https://www.jepx.jp/_download.php?dir=spot_summary&file=spot_summary_2023.csv
2023-07-01,jepx-spread-top8-kyushu,kyushu,5.6725,https://www.jepx.jp/_download.php?dir=spot_summary&file=spot_summary_2023.csv
2023-07-02,jepx-spread-top8-kyushu,kyushu,9.851249999999999,https://www.jepx.jp/_download.php?dir=spot_summary&file=spot_summary_2023.csv
2023-07-03,jepx-spread-top8-kyushu,kyushu,13.976249999999999,https://www.jepx.jp/_download.php?dir=spot_summary&file=spot_summary_2023.csv
2023-07-04,jepx-spread-top8-kyushu,kyushu,11.40125,https://www.jepx.jp/_download.php?dir=spot_summary&file=spot_summary_2023.csv
2023-07-05,jepx-spread-top8-kyushu,kyushu,5.31375,https://www.jepx.jp/_download.php?dir=spot_summary&file=spot_summary_2023.csv
2023-07-06,jepx-spread-top8-kyushu,kyushu,14.280000000000001,https://www.jepx.jp/_download.php?dir=spot_summary&file=spot_summary_2023.csv
2023-07-07,jepx-spread-top8-kyushu,kyushu,11.657500000000002,https://www.jepx.jp/_download.php?dir=spot_summary&file=spot_summary_2023.csv
2023-07-08,jepx-spread-top8-kyushu,kyushu,6.222500000000001,https://www.jepx.jp/_download.php?dir=spot_summary&file=spot_summary_2023.csv
2023-07-09,jepx-spread-top8-kyushu,kyushu,10.389999999999999,https://www.jepx.jp/_download.php?dir=spot_summary&file=spot_summary_2023.csv
2023-07-10,jepx-spread-top8-kyushu,kyushu,10.034999999999998,https://www.jepx.jp/_download.php?dir=spot_summary&file=spot_summary_2023.csv
2023-07-11,jepx-spread-top8-kyushu,kyushu,12.149999999999999,https://www.jepx.jp/_download.php?dir=spot_summary&file=spot_summary_2023.csv
2023-07-12,jepx-spread-top8-kyushu,kyushu,8.76125,https://www.jepx.jp/_download.php?dir=spot_summary&file=spot_summary_2023.csv
2023-07-13,jepx-spread-top8-kyushu,kyushu,7.806250000000001,https://www.jepx.jp/_download.php?dir=spot_summary&file=spot_summary_2023.csv
2023-07-14,jepx-spread-top8-kyushu,kyushu,9.001249999999999,https://www.jepx.jp/_download.php?dir=spot_summary&file=spot_summary_2023.csv
2023-07-15,jepx-spread-top8-kyushu,kyushu,13.135,https://www.jepx.jp/_download.php?dir=spot_summary&file=spot_summary_2023.csv
2023-07-16,jepx-spread-top8-kyushu,kyushu,13.20375,https://www.jepx.jp/_download.php?dir=spot_summary&file=spot_summary_2023.csv
2023-07-17,jepx-spread-top8-kyushu,kyushu,16.928749999999997,https://www.jepx.jp/_download.php?dir=spot_summary&file=spot_summary_2023.csv
2023-07-18,jepx-spread-top8-kyushu,kyushu,13.216249999999999,https://www.jepx.jp/_download.php?dir=spot_summary&file=spot_summary_2023.csv
2023-07-19,jepx-spread-top8-kyushu,kyushu,7.7212499999999995,https://www.jepx.jp/_download.php?dir=spot_summary&file=spot_summary_2023.csv
2023-07-20,jepx-spread-top8-kyushu,kyushu,11.01375,https://www.jepx.jp/_download.php?dir=spot_summary&file=spot_summary_2023.csv
2023-07-21,jepx-spread-top8-kyushu,kyushu,10.28875,https://www.jepx.jp/_download.php?dir=spot_summary&file=spot_summary_2023.csv
2023-07-22,jepx-spread-top8-kyushu,kyushu,8.98625,https://www.jepx.jp/_download.php?dir=spot_summary&file=spot_summary_2023.csv
2023-07-23,jepx-spread-top8-kyushu,kyushu,11.9125,https://www.jepx.jp/_download.php?dir=spot_summary&file=spot_summary_2023.csv
2023-07-24,jepx-spread-top8-kyushu,kyushu,12.7075,https://www.jepx.jp/_download.php?dir=spot_summary&file=spot_summary_2023.csv
2023-07-25,jepx-spread-top8-kyushu,kyushu,8.981250000000001,https://www.jepx.jp/_download.php?dir=spot_summary&file=spot_summary_2023.csv
2023-07-26,jepx-spread-top8-kyushu,kyushu,9.853749999999998,https://www.jepx.jp/_download.php?dir=spot_summary&file=spot_summary_2023.csv
2023-07-27,jepx-spread-top8-kyushu,kyushu,11.693750000000001,https://www.jepx.jp/_download.php?dir=spot_summary&file=spot_summary_2023.csv
2023-07-28,jepx-spread-top8-kyushu,kyushu,12.131250000000001,https://www.jepx.jp/_download.php?dir=spot_summary&file=spot_summary_2023.csv
2023-07-29,jepx-spread-top8-kyushu,kyushu,14.839999999999998,https://www.jepx.jp/_download.php?dir=spot_summary&file=spot_summary_2023.csv
2023-07-30,jepx-spread-top8-kyushu,kyushu,14.543750000000001,https://www.jepx.jp/_download.php?dir=spot_summary&file=spot_summary_2023.csv
2023-07-31,jepx-spread-top8-kyushu,kyushu,17.70125,https://www.jepx.jp/_download.php?dir=spot_summary&file=spot_summary_2023.csv
2023-08-01,jepx-spread-top8-kyushu,kyushu,12.1875,https://www.jepx.jp/_download.php?dir=spot_summary&file=spot_summary_2023.csv
2023-08-02,jepx-spread-top8-kyushu,kyushu,8.84,https://www.jepx.jp/_download.php?dir=spot_summary&file=spot_summary_2023.csv
2023-08-03,jepx-spread-top8-kyushu,kyushu,9.85625,https://www.jepx.jp/_download.php?dir=spot_summary&file=spot_summary_2023.csv
2023-08-04,jepx-spread-top8-kyushu,kyushu,9.478749999999998,https://www.jepx.jp/_download.php?dir=spot_summary&file=spot_summary_2023.csv
2023-08-05,jepx-spread-top8-kyushu,kyushu,7.678749999999999,https://www.jepx.jp/_download.php?dir=spot_summary&file=spot_summary_2023.csv
2023-08-06,jepx-spread-top8-kyushu,kyushu,8.77,https://www.jepx.jp/_download.php?dir=spot_summary&file=spot_summary_2023.csv
2023-08-07,jepx-spread-top8-kyushu,kyushu,12.138749999999998,https://www.jepx.jp/_download.php?dir=spot_summary&file=spot_summary_2023.csv
2023-08-08,jepx-spread-top8-kyushu,kyushu,10.14125,https://www.jepx.jp/_download.php?dir=spot_summary&file=spot_summary_2023.csv
2023-08-09,jepx-spread-top8-kyushu,kyushu,10.056249999999997,https://www.jepx.jp/_download.php?dir=spot_summary&file=spot_summary_2023.csv
2023-08-10,jepx-spread-top8-kyushu,kyushu,11.763749999999998,https://www.jepx.jp/_download.php?dir=spot_summary&file=spot_summary_2023.csv
2023-08-11,jepx-spread-top8-kyushu,kyushu,10.78875,https://www.jepx.jp/_download.php?dir=spot_summary&file=spot_summary_2023.csv
2023-08-12,jepx-spread-top8-kyushu,kyushu,16.145,https://www.jepx.jp/_download.php?dir=spot_summary&file=spot_summary_2023.csv
2023-08-13,jepx-spread-top8-kyushu,kyushu,15.8225,https://www.jepx.jp/_download.php?dir=spot_summary&file=spot_summary_2023.csv
2023-08-14,jepx-spread-top8-kyushu,kyushu,15.0025,https://www.jepx.jp/_download.php?dir=spot_summary&file=spot_summary_2023.csv
2023-08-15,jepx-spread-top8-kyushu,kyushu,13.43875,https://www.jepx.jp/_download.php?dir=spot_summary&file=spot_summary_2023.csv
2023-08-16,jepx-spread-top8-kyushu,kyushu,10.50375,https://www.jepx.jp/_download.php?dir=spot_summary&file=spot_summary_2023.csv
2023-08-17,jepx-spread-top8-kyushu,kyushu,8.2075,https://www.jepx.jp/_download.php?dir=spot_summary&file=spot_summary_2023.csv
2023-08-18,jepx-spread-top8-kyushu,kyushu,9.11,https://www.jepx.jp/_download.php?dir=spot_summary&file=spot_summary_2023.csv
2023-08-19,jepx-spread-top8-kyushu,kyushu,11.9575,https://www.jepx.jp/_download.php?dir=spot_summary&file=spot_summary_2023.csv
2023-08-20,jepx-spread-top8-kyushu,kyushu,13.38125,https://www.jepx.jp/_download.php?dir=spot_summary&file=spot_summary_2023.csv
2023-08-21,jepx-spread-top8-kyushu,kyushu,12.4075,https://www.jepx.jp/_download.php?dir=spot_summary&file=spot_summary_2023.csv
2023-08-22,jepx-spread-top8-kyushu,kyushu,10.026249999999997,https://www.jepx.jp/_download.php?dir=spot_summary&file=spot_summary_2023.csv
2023-08-23,jepx-spread-top8-kyushu,kyushu,7.8725000000000005,https://www.jepx.jp/_download.php?dir=spot_summary&file=spot_summary_2023.csv
2023-08-24,jepx-spread-top8-kyushu,kyushu,8.4425,https://www.jepx.jp/_download.php?dir=spot_summary&file=spot_summary_2023.csv
2023-08-25,jepx-spread-top8-kyushu,kyushu,8.65125,https://www.jepx.jp/_download.php?dir=spot_summary&file=spot_summary_2023.csv
2023-08-26,jepx-spread-top8-kyushu,kyushu,6.733750000000001,https://www.jepx.jp/_download.php?dir=spot_summary&file=spot_summary_2023.csv
2023-08-27,jepx-spread-top8-kyushu,kyushu,13.1125,https://www.jepx.jp/_download.php?dir=spot_summary&file=spot_summary_2023.csv
2023-08-28,jepx-spread-top8-kyushu,kyushu,11.608749999999999,https://www.jepx.jp/_download.php?dir=spot_summary&file=spot_summary_2023.csv
2023-08-29,jepx-spread-top8-kyushu,kyushu,11.629999999999999,https://www.jepx.jp/_download.php?dir=spot_summary&file=spot_summary_2023.csv
2023-08-30,jepx-spread-top8-kyushu,kyushu,11.218749999999996,https://www.jepx.jp/_download.php?dir=spot_summary&file=spot_summary_2023.csv
2023-08-31,jepx-spread-top8-kyushu,kyushu,13.094999999999999,https://www.jepx.jp/_download.php?dir=spot_summary&file=spot_summary_2023.csv
2023-09-01,jepx-spread-top8-kyushu,kyushu,10.088750000000001,https://www.jepx.jp/_download.php?dir=spot_summary&file=spot_summary_2023.csv
2023-09-02,jepx-spread-top8-kyushu,kyushu,7.429999999999998,https://www.jepx.jp/_download.php?dir=spot_summary&file=spot_summary_2023.csv
2023-09-03,jepx-spread-top8-kyushu,kyushu,14.41,https://www.jepx.jp/_download.php?dir=spot_summary&file=spot_summary_2023.csv
2023-09-04,jepx-spread-top8-kyushu,kyushu,13.637500000000001,https://www.jepx.jp/_download.php?dir=spot_summary&file=spot_summary_2023.csv
2023-09-05,jepx-spread-top8-kyushu,kyushu,8.68,https://www.jepx.jp/_download.php?dir=spot_summary&file=spot_summary_2023.csv
2023-09-06,jepx-spread-top8-kyushu,kyushu,9.658750000000001,https://www.jepx.jp/_download.php?dir=spot_summary&file=spot_summary_2023.csv
2023-09-07,jepx-spread-top8-kyushu,kyushu,16.03625,https://www.jepx.jp/_download.php?dir=spot_summary&file=spot_summary_2023.csv
2023-09-08,jepx-spread-top8-kyushu,kyushu,11.86625,https://www.jepx.jp/_download.php?dir=spot_summary&file=spot_summary_2023.csv
2023-09-09,jepx-spread-top8-kyushu,kyushu,13.2125,https://www.jepx.jp/_download.php?dir=spot_summary&file=spot_summary_2023.csv
2023-09-10,jepx-spread-top8-kyushu,kyushu,12.097499999999998,https://www.jepx.jp/_download.php?dir=spot_summary&file=spot_summary_2023.csv
2023-09-11,jepx-spread-top8-kyushu,kyushu,5.674999999999999,https://www.jepx.jp/_download.php?dir=spot_summary&file=spot_summary_2023.csv
2023-09-12,jepx-spread-top8-kyushu,kyushu,6.702500000000001,https://www.jepx.jp/_download.php?dir=spot_summary&file=spot_summary_2023.csv
2023-09-13,jepx-spread-top8-kyushu,kyushu,7.170000000000002,https://www.jepx.jp/_download.php?dir=spot_summary&file=spot_summary_2023.csv
2023-09-14,jepx-spread-top8-kyushu,kyushu,7.296249999999999,https://www.jepx.jp/_download.php?dir=spot_summary&file=spot_summary_2023.csv
2023-09-15,jepx-spread-top8-kyushu,kyushu,12.583749999999998,https://www.jepx.jp/_download.php?dir=spot_summary&file=spot_summary_2023.csv
2023-09-16,jepx-spread-top8-kyushu,kyushu,12.966249999999999,https://www.jepx.jp/_download.php?dir=spot_summary&file=spot_summary_2023.csv
2023-09-17,jepx-spread-top8-kyushu,kyushu,20.3325,https://www.jepx.jp/_download.php?dir=spot_summary&file=spot_summary_2023.csv
2023-09-18,jepx-spread-top8-kyushu,kyushu,13.82625,https://www.jepx.jp/_download.php?dir=spot_summary&file=spot_summary_2023.csv
2023-09-19,jepx-spread-top8-kyushu,kyushu,23.137500000000003,https://www.jepx.jp/_download.php?dir=spot_summary&file=spot_summary_2023.csv
2023-09-20,jepx-spread-top8-kyushu,kyushu,20.374999999999996,https://www.jepx.jp/_download.php?dir=spot_summary&file=spot_summary_2023.csv
2023-09-21,jepx-spread-top8-kyushu,kyushu,19.6175,https://www.jepx.jp/_download.php?dir=spot_summary&file=spot_summary_2023.csv
2023-09-22,jepx-spread-top8-kyushu,kyushu,11.247499999999999,https://www.jepx.jp/_download.php?dir=spot_summary&file=spot_summary_2023.csv
2023-09-23,jepx-spread-top8-kyushu,kyushu,10.98375,https://www.jepx.jp/_download.php?dir=spot_summary&file=spot_summary_2023.csv
2023-09-24,jepx-spread-top8-kyushu,kyushu,12.683750000000002,https://www.jepx.jp/_download.php?dir=spot_summary&file=spot_summary_2023.csv
2023-09-25,jepx-spread-top8-kyushu,kyushu,10.4525,https://www.jepx.jp/_download.php?dir=spot_summary&file=spot_summary_2023.csv
2023-09-26,jepx-spread-top8-kyushu,kyushu,7.116250000000001,https://www.jepx.jp/_download.php?dir=spot_summary&file=spot_summary_2023.csv
2023-09-27,jepx-spread-top8-kyushu,kyushu,11.2225,https://www.jepx.jp/_download.php?dir=spot_summary&file=spot_summary_2023.csv
2023-09-28,jepx-spread-top8-kyushu,kyushu,12.469999999999999,https://www.jepx.jp/_download.php?dir=spot_summary&file=spot_summary_2023.csv
2023-09-29,jepx-spread-top8-kyushu,kyushu,16.445,https://www.jepx.jp/_download.php?dir=spot_summary&file=spot_summary_2023.csv
2023-09-30,jepx-spread-top8-kyushu,kyushu,12.014999999999999,https://www.jepx.jp/_download.php?dir=spot_summary&file=spot_summary_2023.csv
2023-10-01,jepx-spread-top8-kyushu,kyushu,10.7425,https://www.jepx.jp/_download.php?dir=spot_summary&file=spot_summary_2023.csv
2023-10-02,jepx-spread-top8-kyushu,kyushu,13.775,https://www.jepx.jp/_download.php?dir=spot_summary&file=spot_summary_2023.csv
2023-10-03,jepx-spread-top8-kyushu,kyushu,8.7725,https://www.jepx.jp/_download.php?dir=spot_summary&file=spot_summary_2023.csv
2023-10-04,jepx-spread-top8-kyushu,kyushu,14.37375,https://www.jepx.jp/_download.php?dir=spot_summary&file=spot_summary_2023.csv
2023-10-05,jepx-spread-top8-kyushu,kyushu,11.99125,https://www.jepx.jp/_download.php?dir=spot_summary&file=spot_summary_2023.csv
2023-10-06,jepx-spread-top8-kyushu,kyushu,11.0425,https://www.jepx.jp/_download.php?dir=spot_summary&file=spot_summary_2023.csv
2023-10-07,jepx-spread-top8-kyushu,kyushu,7.921250000000001,https://www.jepx.jp/_download.php?dir=spot_summary&file=spot_summary_2023.csv
2023-10-08,jepx-spread-top8-kyushu,kyushu,4.73625,https://www.jepx.jp/_download.php?dir=spot_summary&file=spot_summary_2023.csv
2023-10-09,jepx-spread-top8-kyushu,kyushu,11.662500000000001,https://www.jepx.jp/_download.php?dir=spot_summary&file=spot_summary_2023.csv
2023-10-10,jepx-spread-top8-kyushu,kyushu,12.17,https://www.jepx.jp/_download.php?dir=spot_summary&file=spot_summary_2023.csv
2023-10-11,jepx-spread-top8-kyushu,kyushu,12.43625,https://www.jepx.jp/_download.php?dir=spot_summary&file=spot_summary_2023.csv
2023-10-12,jepx-spread-top8-kyushu,kyushu,11.9725,https://www.jepx.jp/_download.php?dir=spot_summary&file=spot_summary_2023.csv
2023-10-13,jepx-spread-top8-kyushu,kyushu,12.4025,https://www.jepx.jp/_download.php?dir=spot_summary&file=spot_summary_2023.csv
2023-10-14,jepx-spread-top8-kyushu,kyushu,10.46125,https://www.jepx.jp/_download.php?dir=spot_summary&file=spot_summary_2023.csv
2023-10-15,jepx-spread-top8-kyushu,kyushu,12.505,https://www.jepx.jp/_download.php?dir=spot_summary&file=spot_summary_2023.csv
2023-10-16,jepx-spread-top8-kyushu,kyushu,16.57,https://www.jepx.jp/_download.php?dir=spot_summary&file=spot_summary_2023.csv
2023-10-17,jepx-spread-top8-kyushu,kyushu,14.66875,https://www.jepx.jp/_download.php?dir=spot_summary&file=spot_summary_2023.csv
2023-10-18,jepx-spread-top8-kyushu,kyushu,17.476249999999997,https://www.jepx.jp/_download.php?dir=spot_summary&file=spot_summary_2023.csv
2023-10-19,jepx-spread-top8-kyushu,kyushu,18.799999999999997,https://www.jepx.jp/_download.php?dir=spot_summary&file=spot_summary_2023.csv
2023-10-20,jepx-spread-top8-kyushu,kyushu,3.7225,https://www.jepx.jp/_download.php?dir=spot_summary&file=spot_summary_2023.csv
2023-10-21,jepx-spread-top8-kyushu,kyushu,13.415000000000001,https://www.jepx.jp/_download.php?dir=spot_summary&file=spot_summary_2023.csv
2023-10-22,jepx-spread-top8-kyushu,kyushu,12.4925,https://www.jepx.jp/_download.php?dir=spot_summary&file=spot_summary_2023.csv
2023-10-23,jepx-spread-top8-kyushu,kyushu,15.48625,https://www.jepx.jp/_download.php?dir=spot_summary&file=spot_summary_2023.csv
2023-10-24,jepx-spread-top8-kyushu,kyushu,16.473750000000003,https://www.jepx.jp/_download.php?dir=spot_summary&file=spot_summary_2023.csv
2023-10-25,jepx-spread-top8-kyushu,kyushu,15.976249999999999,https://www.jepx.jp/_download.php?dir=spot_summary&file=spot_summary_2023.csv
2023-10-26,jepx-spread-top8-kyushu,kyushu,14.842500000000001,https://www.jepx.jp/_download.php?dir=spot_summary&file=spot_summary_2023.csv
2023-10-27,jepx-spread-top8-kyushu,kyushu,15.695,https://www.jepx.jp/_download.php?dir=spot_summary&file=spot_summary_2023.csv
2023-10-28,jepx-spread-top8-kyushu,kyushu,12.928749999999999,https://www.jepx.jp/_download.php?dir=spot_summary&file=spot_summary_2023.csv
2023-10-29,jepx-spread-top8-kyushu,kyushu,11.1375,https://www.jepx.jp/_download.php?dir=spot_summary&file=spot_summary_2023.csv
2023-10-30,jepx-spread-top8-kyushu,kyushu,12.83625,https://www.jepx.jp/_download.php?dir=spot_summary&file=spot_summary_2023.csv
2023-10-31,jepx-spread-top8-kyushu,kyushu,13.72875,https://www.jepx.jp/_download.php?dir=spot_summary&file=spot_summary_2023.csv
2023-11-01,jepx-spread-top8-kyushu,kyushu,12.9275,https://www.jepx.jp/_download.php?dir=spot_summary&file=spot_summary_2023.csv
2023-11-02,jepx-spread-top8-kyushu,kyushu,12.042499999999999,https://www.jepx.jp/_download.php?dir=spot_summary&file=spot_summary_2023.csv
2023-11-03,jepx-spread-top8-kyushu,kyushu,11.66125,https://www.jepx.jp/_download.php?dir=spot_summary&file=spot_summary_2023.csv
2023-11-04,jepx-spread-top8-kyushu,kyushu,12.33375,https://www.jepx.jp/_download.php?dir=spot_summary&file=spot_summary_2023.csv
2023-11-05,jepx-spread-top8-kyushu,kyushu,12.405000000000001,https://www.jepx.jp/_download.php?dir=spot_summary&file=spot_summary_2023.csv
2023-11-06,jepx-spread-top8-kyushu,kyushu,7.98,https://www.jepx.jp/_download.php?dir=spot_summary&file=spot_summary_2023.csv
2023-11-07,jepx-spread-top8-kyushu,kyushu,14.1625,https://www.jepx.jp/_download.php?dir=spot_summary&file=spot_summary_2023.csv
2023-11-08,jepx-spread-top8-kyushu,kyushu,17.595,https://www.jepx.jp/_download.php?dir=spot_summary&file=spot_summary_2023.csv
2023-11-09,jepx-spread-top8-kyushu,kyushu,8.898750000000001,https://www.jepx.jp/_download.php?dir=spot_summary&file=spot_summary_2023.csv
2023-11-10,jepx-spread-top8-kyushu,kyushu,7.66375,https://www.jepx.jp/_download.php?dir=spot_summary&file=spot_summary_2023.csv
2023-11-11,jepx-spread-top8-kyushu,kyushu,9.44,https://www.jepx.jp/_download.php?dir=spot_summary&file=spot_summary_2023.csv
2023-11-12,jepx-spread-top8-kyushu,kyushu,13.567499999999999,https://www.jepx.jp/_download.php?dir=spot_summary&file=spot_summary_2023.csv
2023-11-13,jepx-spread-top8-kyushu,kyushu,19.4125,https://www.jepx.jp/_download.php?dir=spot_summary&file=spot_summary_2023.csv
2023-11-14,jepx-spread-top8-kyushu,kyushu,18.892500000000002,https://www.jepx.jp/_download.php?dir=spot_summary&file=spot_summary_2023.csv
2023-11-15,jepx-spread-top8-kyushu,kyushu,18.8525,https://www.jepx.jp/_download.php?dir=spot_summary&file=spot_summary_2023.csv
2023-11-16,jepx-spread-top8-kyushu,kyushu,8.813749999999999,https://www.jepx.jp/_download.php?dir=spot_summary&file=spot_summary_2023.csv
2023-11-17,jepx-spread-top8-kyushu,kyushu,12.45625,https://www.jepx.jp/_download.php?dir=spot_summary&file=spot_summary_2023.csv
2023-11-18,jepx-spread-top8-kyushu,kyushu,12.99875,https://www.jepx.jp/_download.php?dir=spot_summary&file=spot_summary_2023.csv
2023-11-19,jepx-spread-top8-kyushu,kyushu,15.427500000000002,https://www.jepx.jp/_download.php?dir=spot_summary&file=spot_summary_2023.csv
2023-11-20,jepx-spread-top8-kyushu,kyushu,21.60375,https://www.jepx.jp/_download.php?dir=spot_summary&file=spot_summary_2023.csv
2023-11-21,jepx-spread-top8-kyushu,kyushu,20.95,https://www.jepx.jp/_download.php?dir=spot_summary&file=spot_summary_2023.csv
2023-11-22,jepx-spread-top8-kyushu,kyushu,20.01625,https://www.jepx.jp/_download.php?dir=spot_summary&file=spot_summary_2023.csv
2023-11-23,jepx-spread-top8-kyushu,kyushu,8.80625,https://www.jepx.jp/_download.php?dir=spot_summary&file=spot_summary_2023.csv
2023-11-24,jepx-spread-top8-kyushu,kyushu,12.725000000000001,https://www.jepx.jp/_download.php?dir=spot_summary&file=spot_summary_2023.csv
2023-11-25,jepx-spread-top8-kyushu,kyushu,18.90875,https://www.jepx.jp/_download.php?dir=spot_summary&file=spot_summary_2023.csv
2023-11-26,jepx-spread-top8-kyushu,kyushu,18.023749999999996,https://www.jepx.jp/_download.php?dir=spot_summary&file=spot_summary_2023.csv
2023-11-27,jepx-spread-top8-kyushu,kyushu,12.05125,https://www.jepx.jp/_download.php?dir=spot_summary&file=spot_summary_2023.csv
2023-11-28,jepx-spread-top8-kyushu,kyushu,12.028750000000002,https://www.jepx.jp/_download.php?dir=spot_summary&file=spot_summary_2023.csv
2023-11-29,jepx-spread-top8-kyushu,kyushu,9.266249999999998,https://www.jepx.jp/_download.php?dir=spot_summary&file=spot_summary_2023.csv
2023-11-30,jepx-spread-top8-kyushu,kyushu,9.585,https://www.jepx.jp/_download.php?dir=spot_summary&file=spot_summary_2023.csv
2023-12-01,jepx-spread-top8-kyushu,kyushu,9.536250000000003,https://www.jepx.jp/_download.php?dir=spot_summary&file=spot_summary_2023.csv
2023-12-02,jepx-spread-top8-kyushu,kyushu,14.95625,https://www.jepx.jp/_download.php?dir=spot_summary&file=spot_summary_2023.csv
2023-12-03,jepx-spread-top8-kyushu,kyushu,9.620000000000001,https://www.jepx.jp/_download.php?dir=spot_summary&file=spot_summary_2023.csv
2023-12-04,jepx-spread-top8-kyushu,kyushu,15.403750000000002,https://www.jepx.jp/_download.php?dir=spot_summary&file=spot_summary_2023.csv
2023-12-05,jepx-spread-top8-kyushu,kyushu,7.963749999999997,https://www.jepx.jp/_download.php?dir=spot_summary&file=spot_summary_2023.csv
2023-12-06,jepx-spread-top8-kyushu,kyushu,8.665,https://www.jepx.jp/_download.php?dir=spot_summary&file=spot_summary_2023.csv
2023-12-07,jepx-spread-top8-kyushu,kyushu,12.713750000000001,https://www.jepx.jp/_download.php?dir=spot_summary&file=spot_summary_2023.csv
2023-12-08,jepx-spread-top8-kyushu,kyushu,14.465,https://www.jepx.jp/_download.php?dir=spot_summary&file=spot_summary_2023.csv
2023-12-09,jepx-spread-top8-kyushu,kyushu,9.408750000000001,https://www.jepx.jp/_download.php?dir=spot_summary&file=spot_summary_2023.csv
2023-12-10,jepx-spread-top8-kyushu,kyushu,11.711250000000001,https://www.jepx.jp/_download.php?dir=spot_summary&file=spot_summary_2023.csv
2023-12-11,jepx-spread-top8-kyushu,kyushu,7.828749999999999,https://www.jepx.jp/_download.php?dir=spot_summary&file=spot_summary_2023.csv
2023-12-12,jepx-spread-top8-kyushu,kyushu,7.829999999999999,https://www.jepx.jp/_download.php?dir=spot_summary&file=spot_summary_2023.csv
2023-12-13,jepx-spread-top8-kyushu,kyushu,13.70875,https://www.jepx.jp/_download.php?dir=spot_summary&file=spot_summary_2023.csv
2023-12-14,jepx-spread-top8-kyushu,kyushu,7.441250000000001,https://www.jepx.jp/_download.php?dir=spot_summary&file=spot_summary_2023.csv
2023-12-15,jepx-spread-top8-kyushu,kyushu,5.788749999999999,https://www.jepx.jp/_download.php?dir=spot_summary&file=spot_summary_2023.csv
2023-12-16,jepx-spread-top8-kyushu,kyushu,4.1775,https://www.jepx.jp/_download.php?dir=spot_summary&file=spot_summary_2023.csv
2023-12-17,jepx-spread-top8-kyushu,kyushu,9.10125,https://www.jepx.jp/_download.php?dir=spot_summary&file=spot_summary_2023.csv
2023-12-18,jepx-spread-top8-kyushu,kyushu,13.9025,https://www.jepx.jp/_download.php?dir=spot_summary&file=spot_summary_2023.csv
2023-12-19,jepx-spread-top8-kyushu,kyushu,8.659999999999998,https://www.jepx.jp/_download.php?dir=spot_summary&file=spot_summary_2023.csv
2023-12-20,jepx-spread-top8-kyushu,kyushu,5.5425,https://www.jepx.jp/_download.php?dir=spot_summary&file=spot_summary_2023.csv
2023-12-21,jepx-spread-top8-kyushu,kyushu,12.357499999999996,https://www.jepx.jp/_download.php?dir=spot_summary&file=spot_summary_2023.csv
2023-12-22,jepx-spread-top8-kyushu,kyushu,14.524999999999999,https://www.jepx.jp/_download.php?dir=spot_summary&file=spot_summary_2023.csv
2023-12-23,jepx-spread-top8-kyushu,kyushu,6.046249999999999,https://www.jepx.jp/_download.php?dir=spot_summary&file=spot_summary_2023.csv
2023-12-24,jepx-spread-top8-kyushu,kyushu,7.5112499999999995,https://www.jepx.jp/_download.php?dir=spot_summary&file=spot_summary_2023.csv
2023-12-25,jepx-spread-top8-kyushu,kyushu,8.656249999999998,https://www.jepx.jp/_download.php?dir=spot_summary&file=spot_summary_2023.csv
2023-12-26,jepx-spread-top8-kyushu,kyushu,7.692500000000001,https://www.jepx.jp/_download.php?dir=spot_summary&file=spot_summary_2023.csv
2023-12-27,jepx-spread-top8-kyushu,kyushu,6.53625,https://www.jepx.jp/_download.php?dir=spot_summary&file=spot_summary_2023.csv
2023-12-28,jepx-spread-top8-kyushu,kyushu,8.559999999999999,https://www.jepx.jp/_download.php?dir=spot_summary&file=spot_summary_2023.csv
2023-12-29,jepx-spread-top8-kyushu,kyushu,11.886250000000002,https://www.jepx.jp/_download.php?dir=spot_summary&file=spot_summary_2023.csv
2023-12-30,jepx-spread-top8-kyushu,kyushu,10.377500000000001,https://www.jepx.jp/_download.php?dir=spot_summary&file=spot_summary_2023.csv
2023-12-31,jepx-spread-top8-kyushu,kyushu,5.922499999999999,https://www.jepx.jp/_download.php?dir=spot_summary&file=spot_summary_2023.csv
2024-01-01,jepx-spread-top8-kyushu,kyushu,11.77625,https://www.jepx.jp/_download.php?dir=spot_summary&file=spot_summary_2023.csv
2024-01-02,jepx-spread-top8-kyushu,kyushu,11.4175,https://www.jepx.jp/_download.php?dir=spot_summary&file=spot_summary_2023.csv
2024-01-03,jepx-spread-top8-kyushu,kyushu,4.963750000000001,https://www.jepx.jp/_download.php?dir=spot_summary&file=spot_summary_2023.csv
2024-01-04,jepx-spread-top8-kyushu,kyushu,10.105,https://www.jepx.jp/_download.php?dir=spot_summary&file=spot_summary_2023.csv
2024-01-05,jepx-spread-top8-kyushu,kyushu,6.905000000000001,https://www.jepx.jp/_download.php?dir=spot_summary&file=spot_summary_2023.csv
2024-01-06,jepx-spread-top8-kyushu,kyushu,6.27625,https://www.jepx.jp/_download.php?dir=spot_summary&file=spot_summary_2023.csv
2024-01-07,jepx-spread-top8-kyushu,kyushu,7.833749999999998,https://www.jepx.jp/_download.php?dir=spot_summary&file=spot_summary_2023.csv
2024-01-08,jepx-spread-top8-kyushu,kyushu,8.373750000000001,https://www.jepx.jp/_download.php?dir=spot_summary&file=spot_summary_2023.csv
2024-01-09,jepx-spread-top8-kyushu,kyushu,6.004999999999999,https://www.jepx.jp/_download.php?dir=spot_summary&file=spot_summary_2023.csv
2024-01-10,jepx-spread-top8-kyushu,kyushu,5.022500000000001,https://www.jepx.jp/_download.php?dir=spot_summary&file=spot_summary_2023.csv
2024-01-11,jepx-spread-top8-kyushu,kyushu,7.415000000000001,https://www.jepx.jp/_download.php?dir=spot_summary&file=spot_summary_2023.csv
2024-01-12,jepx-spread-top8-kyushu,kyushu,4.8774999999999995,https://www.jepx.jp/_download.php?dir=spot_summary&file=spot_summary_2023.csv
2024-01-13,jepx-spread-top8-kyushu,kyushu,11.842500000000001,https://www.jepx.jp/_download.php?dir=spot_summary&file=spot_summary_2023.csv
2024-01-14,jepx-spread-top8-kyushu,kyushu,10.913750000000002,https://www.jepx.jp/_download.php?dir=spot_summary&file=spot_summary_2023.csv
2024-01-15,jepx-spread-top8-kyushu,kyushu,8.08625,https://www.jepx.jp/_download.php?dir=spot_summary&file=spot_summary_2023.csv
2024-01-16,jepx-spread-top8-kyushu,kyushu,9.131250000000003,https://www.jepx.jp/_download.php?dir=spot_summary&file=spot_summary_2023.csv
2024-01-17,jepx-spread-top8-kyushu,kyushu,9.07875,https://www.jepx.jp/_download.php?dir=spot_summary&file=spot_summary_2023.csv
2024-01-18,jepx-spread-top8-kyushu,kyushu,6.490000000000002,https://www.jepx.jp/_download.php?dir=spot_summary&file=spot_summary_2023.csv
2024-01-19,jepx-spread-top8-kyushu,kyushu,4.9712499999999995,https://www.jepx.jp/_download.php?dir=spot_summary&file=spot_summary_2023.csv
2024-01-20,jepx-spread-top8-kyushu,kyushu,3.053749999999999,https://www.jepx.jp/_download.php?dir=spot_summary&file=spot_summary_2023.csv
2024-01-21,jepx-spread-top8-kyushu,kyushu,4.56875,https://www.jepx.jp/_download.php?dir=spot_summary&file=spot_summary_2023.csv
2024-01-22,jepx-spread-top8-kyushu,kyushu,5.31375,https://www.jepx.jp/_download.php?dir=spot_summary&file=spot_summary_2023.csv
2024-01-23,jepx-spread-top8-kyushu,kyushu,7.81,https://www.jepx.jp/_download.php?dir=spot_summary&file=spot_summary_2023.csv
2024-01-24,jepx-spread-top8-kyushu,kyushu,10.046250000000002,https://www.jepx.jp/_download.php?dir=spot_summary&file=spot_summary_2023.csv
2024-01-25,jepx-spread-top8-kyushu,kyushu,10.10375,https://www.jepx.jp/_download.php?dir=spot_summary&file=spot_summary_2023.csv
2024-01-26,jepx-spread-top8-kyushu,kyushu,6.516249999999999,https://www.jepx.jp/_download.php?dir=spot_summary&file=spot_summary_2023.csv
2024-01-27,jepx-spread-top8-kyushu,kyushu,4.44375,https://www.jepx.jp/_download.php?dir=spot_summary&file=spot_summary_2023.csv
2024-01-28,jepx-spread-top8-kyushu,kyushu,5.4137499999999985,https://www.jepx.jp/_download.php?dir=spot_summary&file=spot_summary_2023.csv
2024-01-29,jepx-spread-top8-kyushu,kyushu,5.186250000000001,https://www.jepx.jp/_download.php?dir=spot_summary&file=spot_summary_2023.csv
2024-01-30,jepx-spread-top8-kyushu,kyushu,4.356249999999999,https://www.jepx.jp/_download.php?dir=spot_summary&file=spot_summary_2023.csv
2024-01-31,jepx-spread-top8-kyushu,kyushu,3.3012499999999996,https://www.jepx.jp/_download.php?dir=spot_summary&file=spot_summary_2023.csv
2024-02-01,jepx-spread-top8-kyushu,kyushu,2.973750000000001,https://www.jepx.jp/_download.php?dir=spot_summary&file=spot_summary_2023.csv
2024-02-02,jepx-spread-top8-kyushu,kyushu,4.537500000000001,https://www.jepx.jp/_download.php?dir=spot_summary&file=spot_summary_2023.csv
2024-02-03,jepx-spread-top8-kyushu,kyushu,4.09625,https://www.jepx.jp/_download.php?dir=spot_summary&file=spot_summary_2023.csv
2024-02-04,jepx-spread-top8-kyushu,kyushu,3.39625,https://www.jepx.jp/_download.php?dir=spot_summary&file=spot_summary_2023.csv
2024-02-05,jepx-spread-top8-kyushu,kyushu,8.353749999999998,https://www.jepx.jp/_download.php?dir=spot_summary&file=spot_summary_2023.csv
2024-02-06,jepx-spread-top8-kyushu,kyushu,5.9087499999999995,https://www.jepx.jp/_download.php?dir=spot_summary&file=spot_summary_2023.csv
2024-02-07,jepx-spread-top8-kyushu,kyushu,5.702500000000001,https://www.jepx.jp/_download.php?dir=spot_summary&file=spot_summary_2023.csv
2024-02-08,jepx-spread-top8-kyushu,kyushu,4.83125,https://www.jepx.jp/_download.php?dir=spot_summary&file=spot_summary_2023.csv
2024-02-09,jepx-spread-top8-kyushu,kyushu,5.024999999999999,https://www.jepx.jp/_download.php?dir=spot_summary&file=spot_summary_2023.csv
2024-02-10,jepx-spread-top8-kyushu,kyushu,10.5875,https://www.jepx.jp/_download.php?dir=spot_summary&file=spot_summary_2023.csv
2024-02-11,jepx-spread-top8-kyushu,kyushu,11.151250000000001,https://www.jepx.jp/_download.php?dir=spot_summary&file=spot_summary_2023.csv
2024-02-12,jepx-spread-top8-kyushu,kyushu,10.48625,https://www.jepx.jp/_download.php?dir=spot_summary&file=spot_summary_2023.csv
2024-02-13,jepx-spread-top8-kyushu,kyushu,9.78625,https://www.jepx.jp/_download.php?dir=spot_summary&file=spot_summary_2023.csv
2024-02-14,jepx-spread-top8-kyushu,kyushu,2.861250000000001,https://www.jepx.jp/_download.php?dir=spot_summary&file=spot_summary_2023.csv
2024-02-15,jepx-spread-top8-kyushu,kyushu,5.331249999999999,https://www.jepx.jp/_download.php?dir=spot_summary&file=spot_summary_2023.csv
2024-02-16,jepx-spread-top8-kyushu,kyushu,12.745000000000001,https://www.jepx.jp/_download.php?dir=spot_summary&file=spot_summary_2023.csv
2024-02-17,jepx-spread-top8-kyushu,kyushu,12.47625,https://www.jepx.jp/_download.php?dir=spot_summary&file=spot_summary_2023.csv
2024-02-18,jepx-spread-top8-kyushu,kyushu,9.262500000000001,https://www.jepx.jp/_download.php?dir=spot_summary&file=spot_summary_2023.csv
2024-02-19,jepx-spread-top8-kyushu,kyushu,2.9187499999999993,https://www.jepx.jp/_download.php?dir=spot_summary&file=spot_summary_2023.csv
2024-02-20,jepx-spread-top8-kyushu,kyushu,2.7725,https://www.jepx.jp/_download.php?dir=spot_summary&file=spot_summary_2023.csv
2024-02-21,jepx-spread-top8-kyushu,kyushu,4.070000000000001,https://www.jepx.jp/_download.php?dir=spot_summary&file=spot_summary_2023.csv
2024-02-22,jepx-spread-top8-kyushu,kyushu,3.7875000000000014,https://www.jepx.jp/_download.php?dir=spot_summary&file=spot_summary_2023.csv
2024-02-23,jepx-spread-top8-kyushu,kyushu,4.537499999999999,https://www.jepx.jp/_download.php?dir=spot_summary&file=spot_summary_2023.csv
2024-02-24,jepx-spread-top8-kyushu,kyushu,8.06,https://www.jepx.jp/_download.php?dir=spot_summary&file=spot_summary_2023.csv
2024-02-25,jepx-spread-top8-kyushu,kyushu,6.292499999999999,https://www.jepx.jp/_download.php?dir=spot_summary&file=spot_summary_2023.csv
2024-02-26,jepx-spread-top8-kyushu,kyushu,6.7675,https://www.jepx.jp/_download.php?dir=spot_summary&file=spot_summary_2023.csv
2024-02-27,jepx-spread-top8-kyushu,kyushu,10.73,https://www.jepx.jp/_download.php?dir=spot_summary&file=spot_summary_2023.csv
2024-02-28,jepx-spread-top8-kyushu,kyushu,12.10875,https://www.jepx.jp/_download.php?dir=spot_summary&file=spot_summary_2023.csv
2024-02-29,jepx-spread-top8-kyushu,kyushu,3.9562500000000007,https://www.jepx.jp/_download.php?dir=spot_summary&file=spot_summary_2023.csv
2024-03-01,jepx-spread-top8-kyushu,kyushu,13.795,https://www.jepx.jp/_download.php?dir=spot_summary&file=spot_summary_2023.csv
2024-03-02,jepx-spread-top8-kyushu,kyushu,16.930000000000003,https://www.jepx.jp/_download.php?dir=spot_summary&file=spot_summary_2023.csv
2024-03-03,jepx-spread-top8-kyushu,kyushu,13.19375,https://www.jepx.jp/_download.php?dir=spot_summary&file=spot_summary_2023.csv
2024-03-04,jepx-spread-top8-kyushu,kyushu,9.67125,https://www.jepx.jp/_download.php?dir=spot_summary&file=spot_summary_2023.csv
2024-03-05,jepx-spread-top8-kyushu,kyushu,7.211249999999998,https://www.jepx.jp/_download.php?dir=spot_summary&file=spot_summary_2023.csv
2024-03-06,jepx-spread-top8-kyushu,kyushu,9.165000000000003,https://www.jepx.jp/_download.php?dir=spot_summary&file=spot_summary_2023.csv
2024-03-07,jepx-spread-top8-kyushu,kyushu,18.185,https://www.jepx.jp/_download.php?dir=spot_summary&file=spot_summary_2023.csv
2024-03-08,jepx-spread-top8-kyushu,kyushu,17.022499999999997,https://www.jepx.jp/_download.php?dir=spot_summary&file=spot_summary_2023.csv
2024-03-09,jepx-spread-top8-kyushu,kyushu,15.09625,https://www.jepx.jp/_download.php?dir=spot_summary&file=spot_summary_2023.csv
2024-03-10,jepx-spread-top8-kyushu,kyushu,12.967500000000001,https://www.jepx.jp/_download.php?dir=spot_summary&file=spot_summary_2023.csv
2024-03-11,jepx-spread-top8-kyushu,kyushu,10.12375,https://www.jepx.jp/_download.php?dir=spot_summary&file=spot_summary_2023.csv
2024-03-12,jepx-spread-top8-kyushu,kyushu,15.842500000000001,https://www.jepx.jp/_download.php?dir=spot_summary&file=spot_summary_2023.csv
2024-03-13,jepx-spread-top8-kyushu,kyushu,15.453750000000001,https://www.jepx.jp/_download.php?dir=spot_summary&file=spot_summary_2023.csv
2024-03-14,jepx-spread-top8-kyushu,kyushu,14.40125,https://www.jepx.jp/_download.php?dir=spot_summary&file=spot_summary_2023.csv
2024-03-15,jepx-spread-top8-kyushu,kyushu,13.245,https://www.jepx.jp/_download.php?dir=spot_summary&file=spot_summary_2023.csv
2024-03-16,jepx-spread-top8-kyushu,kyushu,11.84875,https://www.jepx.jp/_download.php?dir=spot_summary&file=spot_summary_2023.csv
2024-03-17,jepx-spread-top8-kyushu,kyushu,5.645000000000001,https://www.jepx.jp/_download.php?dir=spot_summary&file=spot_summary_2023.csv
2024-03-18,jepx-spread-top8-kyushu,kyushu,15.367500000000001,https://www.jepx.jp/_download.php?dir=spot_summary&file=spot_summary_2023.csv
2024-03-19,jepx-spread-top8-kyushu,kyushu,8.053749999999997,https://www.jepx.jp/_download.php?dir=spot_summary&file=spot_summary_2023.csv
2024-03-20,jepx-spread-top8-kyushu,kyushu,15.97375,https://www.jepx.jp/_download.php?dir=spot_summary&file=spot_summary_2023.csv
2024-03-21,jepx-spread-top8-kyushu,kyushu,26.3525,https://www.jepx.jp/_download.php?dir=spot_summary&file=spot_summary_2023.csv
2024-03-22,jepx-spread-top8-kyushu,kyushu,16.799999999999997,https://www.jepx.jp/_download.php?dir=spot_summary&file=spot_summary_2023.csv
2024-03-23,jepx-spread-top8-kyushu,kyushu,4.510000000000002,https://www.jepx.jp/_download.php?dir=spot_summary&file=spot_summary_2023.csv
2024-03-24,jepx-spread-top8-kyushu,kyushu,6.174999999999999,https://www.jepx.jp/_download.php?dir=spot_summary&file=spot_summary_2023.csv
2024-03-25,jepx-spread-top8-kyushu,kyushu,7.811250000000001,https://www.jepx.jp/_download.php?dir=spot_summary&file=spot_summary_2023.csv
2024-03-26,jepx-spread-top8-kyushu,kyushu,8.783750000000001,https://www.jepx.jp/_download.php?dir=spot_summary&file=spot_summary_2023.csv
2024-03-27,jepx-spread-top8-kyushu,kyushu,16.55875,https://www.jepx.jp/_download.php?dir=spot_summary&file=spot_summary_2023.csv
2024-03-28,jepx-spread-top8-kyushu,kyushu,6.52125,https://www.jepx.jp/_download.php?dir=spot_summary&file=spot_summary_2023.csv
2024-03-29,jepx-spread-top8-kyushu,kyushu,10.17875,https://www.jepx.jp/_download.php?dir=spot_summary&file=spot_summary_2023.csv
2024-03-30,jepx-spread-top8-kyushu,kyushu,10.84375,https://www.jepx.jp/_download.php?dir=spot_summary&file=spot_summary_2023.csv
2024-03-31,jepx-spread-top8-kyushu,kyushu,10.85125,https://www.jepx.jp/_download.php?dir=spot_summary&file=spot_summary_2023.csv
2024-04-01,jepx-spread-top8-kyushu,kyushu,13.35375,https://www.jepx.jp/_download.php?dir=spot_summary&file=spot_summary_2024.csv
2024-04-02,jepx-spread-top8-kyushu,kyushu,13.045,https://www.jepx.jp/_download.php?dir=spot_summary&file=spot_summary_2024.csv
2024-04-03,jepx-spread-top8-kyushu,kyushu,11.28125,https://www.jepx.jp/_download.php?dir=spot_summary&file=spot_summary_2024.csv
2024-04-04,jepx-spread-top8-kyushu,kyushu,5.8375,https://www.jepx.jp/_download.php?dir=spot_summary&file=spot_summary_2024.csv
2024-04-05,jepx-spread-top8-kyushu,kyushu,7.098749999999999,https://www.jepx.jp/_download.php?dir=spot_summary&file=spot_summary_2024.csv
2024-04-06,jepx-spread-top8-kyushu,kyushu,12.50875,https://www.jepx.jp/_download.php?dir=spot_summary&file=spot_summary_2024.csv
2024-04-07,jepx-spread-top8-kyushu,kyushu,11.76,https://www.jepx.jp/_download.php?dir=spot_summary&file=spot_summary_2024.csv
2024-04-08,jepx-spread-top8-kyushu,kyushu,6.73375,https://www.jepx.jp/_download.php?dir=spot_summary&file=spot_summary_2024.csv
2024-04-09,jepx-spread-top8-kyushu,kyushu,13.11875,https://www.jepx.jp/_download.php?dir=spot_summary&file=spot_summary_2024.csv
2024-04-10,jepx-spread-top8-kyushu,kyushu,13.4025,https://www.jepx.jp/_download.php?dir=spot_summary&file=spot_summary_2024.csv
2024-04-11,jepx-spread-top8-kyushu,kyushu,7.560000000000001,https://www.jepx.jp/_download.php?dir=spot_summary&file=spot_summary_2024.csv
2024-04-12,jepx-spread-top8-kyushu,kyushu,12.12,https://www.jepx.jp/_download.php?dir=spot_summary&file=spot_summary_2024.csv
2024-04-13,jepx-spread-top8-kyushu,kyushu,10.48125,https://www.jepx.jp/_download.php?dir=spot_summary&file=spot_summary_2024.csv
2024-04-14,jepx-spread-top8-kyushu,kyushu,9.8425,https://www.jepx.jp/_download.php?dir=spot_summary&file=spot_summary_2024.csv
2024-04-15,jepx-spread-top8-kyushu,kyushu,7.859999999999999,https://www.jepx.jp/_download.php?dir=spot_summary&file=spot_summary_2024.csv
2024-04-16,jepx-spread-top8-kyushu,kyushu,9.2225,https://www.jepx.jp/_download.php?dir=spot_summary&file=spot_summary_2024.csv
2024-04-17,jepx-spread-top8-kyushu,kyushu,9.027500000000002,https://www.jepx.jp/_download.php?dir=spot_summary&file=spot_summary_2024.csv
2024-04-18,jepx-spread-top8-kyushu,kyushu,9.437500000000002,https://www.jepx.jp/_download.php?dir=spot_summary&file=spot_summary_2024.csv
2024-04-19,jepx-spread-top8-kyushu,kyushu,9.3175,https://www.jepx.jp/_download.php?dir=spot_summary&file=spot_summary_2024.csv
2024-04-20,jepx-spread-top8-kyushu,kyushu,9.96375,https://www.jepx.jp/_download.php?dir=spot_summary&file=spot_summary_2024.csv
2024-04-21,jepx-spread-top8-kyushu,kyushu,1.5625000000000009,https://www.jepx.jp/_download.php?dir=spot_summary&file=spot_summary_2024.csv
2024-04-22,jepx-spread-top8-kyushu,kyushu,7.1925,https://www.jepx.jp/_download.php?dir=spot_summary&file=spot_summary_2024.csv
2024-04-23,jepx-spread-top8-kyushu,kyushu,6.95125,https://www.jepx.jp/_download.php?dir=spot_summary&file=spot_summary_2024.csv
2024-04-24,jepx-spread-top8-kyushu,kyushu,7.83,https://www.jepx.jp/_download.php?dir=spot_summary&file=spot_summary_2024.csv
2024-04-25,jepx-spread-top8-kyushu,kyushu,11.43125,https://www.jepx.jp/_download.php?dir=spot_summary&file=spot_summary_2024.csv
2024-04-26,jepx-spread-top8-kyushu,kyushu,9.12125,https://www.jepx.jp/_download.php?dir=spot_summary&file=spot_summary_2024.csv
2024-04-27,jepx-spread-top8-kyushu,kyushu,14.386249999999999,https://www.jepx.jp/_download.php?dir=spot_summary&file=spot_summary_2024.csv
2024-04-28,jepx-spread-top8-kyushu,kyushu,11.809999999999999,https://www.jepx.jp/_download.php?dir=spot_summary&file=spot_summary_2024.csv
2024-04-29,jepx-spread-top8-kyushu,kyushu,6.3412500000000005,https://www.jepx.jp/_download.php?dir=spot_summary&file=spot_summary_2024.csv
2024-04-30,jepx-spread-top8-kyushu,kyushu,8.425,https://www.jepx.jp/_download.php?dir=spot_summary&file=spot_summary_2024.csv
2024-05-01,jepx-spread-top8-kyushu,kyushu,3.3324999999999996,https://www.jepx.jp/_download.php?dir=spot_summary&file=spot_summary_2024.csv
2024-05-02,jepx-spread-top8-kyushu,kyushu,14.366249999999999,https://www.jepx.jp/_download.php?dir=spot_summary&file=spot_summary_2024.csv
2024-05-03,jepx-spread-top8-kyushu,kyushu,12.28875,https://www.jepx.jp/_download.php?dir=spot_summary&file=spot_summary_2024.csv
2024-05-04,jepx-spread-top8-kyushu,kyushu,11.37625,https://www.jepx.jp/_download.php?dir=spot_summary&file=spot_summary_2024.csv
2024-05-05,jepx-spread-top8-kyushu,kyushu,10.926250000000001,https://www.jepx.jp/_download.php?dir=spot_summary&file=spot_summary_2024.csv
2024-05-06,jepx-spread-top8-kyushu,kyushu,2.762500000000001,https://www.jepx.jp/_download.php?dir=spot_summary&file=spot_summary_2024.csv
2024-05-07,jepx-spread-top8-kyushu,kyushu,13.84625,https://www.jepx.jp/_download.php?dir=spot_summary&file=spot_summary_2024.csv
2024-05-08,jepx-spread-top8-kyushu,kyushu,9.6225,https://www.jepx.jp/_download.php?dir=spot_summary&file=spot_summary_2024.csv
2024-05-09,jepx-spread-top8-kyushu,kyushu,12.977500000000001,https://www.jepx.jp/_download.php?dir=spot_summary&file=spot_summary_2024.csv
2024-05-10,jepx-spread-top8-kyushu,kyushu,13.132500000000002,https://www.jepx.jp/_download.php?dir=spot_summary&file=spot_summary_2024.csv
2024-05-11,jepx-spread-top8-kyushu,kyushu,11.6975,https://www.jepx.jp/_download.php?dir=spot_summary&file=spot_summary_2024.csv
2024-05-12,jepx-spread-top8-kyushu,kyushu,5.9075000000000015,https://www.jepx.jp/_download.php?dir=spot_summary&file=spot_summary_2024.csv
2024-05-13,jepx-spread-top8-kyushu,kyushu,15.3025,https://www.jepx.jp/_download.php?dir=spot_summary&file=spot_summary_2024.csv
2024-05-14,jepx-spread-top8-kyushu,kyushu,15.39125,https://www.jepx.jp/_download.php?dir=spot_summary&file=spot_summary_2024.csv
2024-05-15,jepx-spread-top8-kyushu,kyushu,13.593750000000002,https://www.jepx.jp/_download.php?dir=spot_summary&file=spot_summary_2024.csv
2024-05-16,jepx-spread-top8-kyushu,kyushu,12.389999999999999,https://www.jepx.jp/_download.php?dir=spot_summary&file=spot_summary_2024.csv
2024-05-17,jepx-spread-top8-kyushu,kyushu,12.7775,https://www.jepx.jp/_download.php?dir=spot_summary&file=spot_summary_2024.csv
2024-05-18,jepx-spread-top8-kyushu,kyushu,11.13875,https://www.jepx.jp/_download.php?dir=spot_summary&file=spot_summary_2024.csv
2024-05-19,jepx-spread-top8-kyushu,kyushu,10.432500000000001,https://www.jepx.jp/_download.php?dir=spot_summary&file=spot_summary_2024.csv
2024-05-20,jepx-spread-top8-kyushu,kyushu,15.65875,https://www.jepx.jp/_download.php?dir=spot_summary&file=spot_summary_2024.csv
2024-05-21,jepx-spread-top8-kyushu,kyushu,15.94125,https://www.jepx.jp/_download.php?dir=spot_summary&file=spot_summary_2024.csv
2024-05-22,jepx-spread-top8-kyushu,kyushu,10.76,https://www.jepx.jp/_download.php?dir=spot_summary&file=spot_summary_2024.csv
2024-05-23,jepx-spread-top8-kyushu,kyushu,6.33625,https://www.jepx.jp/_download.php?dir=spot_summary&file=spot_summary_2024.csv
2024-05-24,jepx-spread-top8-kyushu,kyushu,12.485000000000001,https://www.jepx.jp/_download.php?dir=spot_summary&file=spot_summary_2024.csv
2024-05-25,jepx-spread-top8-kyushu,kyushu,11.887500000000001,https://www.jepx.jp/_download.php?dir=spot_summary&file=spot_summary_2024.csv
2024-05-26,jepx-spread-top8-kyushu,kyushu,12.58,https://www.jepx.jp/_download.php?dir=spot_summary&file=spot_summary_2024.csv
2024-05-27,jepx-spread-top8-kyushu,kyushu,8.065000000000001,https://www.jepx.jp/_download.php?dir=spot_summary&file=spot_summary_2024.csv
2024-05-28,jepx-spread-top8-kyushu,kyushu,9.98,https://www.jepx.jp/_download.php?dir=spot_summary&file=spot_summary_2024.csv
2024-05-29,jepx-spread-top8-kyushu,kyushu,13.020000000000001,https://www.jepx.jp/_download.php?dir=spot_summary&file=spot_summary_2024.csv
2024-05-30,jepx-spread-top8-kyushu,kyushu,12.85,https://www.jepx.jp/_download.php?dir=spot_summary&file=spot_summary_2024.csv
2024-05-31,jepx-spread-top8-kyushu,kyushu,3.29125,https://www.jepx.jp/_download.php?dir=spot_summary&file=spot_summary_2024.csv
2024-06-01,jepx-spread-top8-kyushu,kyushu,10.952499999999999,https://www.jepx.jp/_download.php?dir=spot_summary&file=spot_summary_2024.csv
2024-06-02,jepx-spread-top8-kyushu,kyushu,10.262500000000001,https://www.jepx.jp/_download.php?dir=spot_summary&file=spot_summary_2024.csv
2024-06-03,jepx-spread-top8-kyushu,kyushu,12.393749999999999,https://www.jepx.jp/_download.php?dir=spot_summary&file=spot_summary_2024.csv
2024-06-04,jepx-spread-top8-kyushu,kyushu,12.988750000000001,https://www.jepx.jp/_download.php?dir=spot_summary&file=spot_summary_2024.csv
2024-06-05,jepx-spread-top8-kyushu,kyushu,13.185,https://www.jepx.jp/_download.php?dir=spot_summary&file=spot_summary_2024.csv
2024-06-06,jepx-spread-top8-kyushu,kyushu,6.117499999999999,https://www.jepx.jp/_download.php?dir=spot_summary&file=spot_summary_2024.csv
2024-06-07,jepx-spread-top8-kyushu,kyushu,8.658750000000001,https://www.jepx.jp/_download.php?dir=spot_summary&file=spot_summary_2024.csv
2024-06-08,jepx-spread-top8-kyushu,kyushu,11.43875,https://www.jepx.jp/_download.php?dir=spot_summary&file=spot_summary_2024.csv
2024-06-09,jepx-spread-top8-kyushu,kyushu,2.5912499999999987,https://www.jepx.jp/_download.php?dir=spot_summary&file=spot_summary_2024.csv
2024-06-10,jepx-spread-top8-kyushu,kyushu,10.035,https://www.jepx.jp/_download.php?dir=spot_summary&file=spot_summary_2024.csv
2024-06-11,jepx-spread-top8-kyushu,kyushu,14.920000000000002,https://www.jepx.jp/_download.php?dir=spot_summary&file=spot_summary_2024.csv
2024-06-12,jepx-spread-top8-kyushu,kyushu,11.53125,https://www.jepx.jp/_download.php?dir=spot_summary&file=spot_summary_2024.csv
2024-06-13,jepx-spread-top8-kyushu,kyushu,19.115,https://www.jepx.jp/_download.php?dir=spot_summary&file=spot_summary_2024.csv
2024-06-14,jepx-spread-top8-kyushu,kyushu,17.978749999999998,https://www.jepx.jp/_download.php?dir=spot_summary&file=spot_summary_2024.csv
2024-06-15,jepx-spread-top8-kyushu,kyushu,7.77,https://www.jepx.jp/_download.php?dir=spot_summary&file=spot_summary_2024.csv
2024-06-16,jepx-spread-top8-kyushu,kyushu,15.1,https://www.jepx.jp/_download.php?dir=spot_summary&file=spot_summary_2024.csv
2024-06-17,jepx-spread-top8-kyushu,kyushu,9.062499999999996,https://www.jepx.jp/_download.php?dir=spot_summary&file=spot_summary_2024.csv
2024-06-18,jepx-spread-top8-kyushu,kyushu,11.348749999999999,https://www.jepx.jp/_download.php?dir=spot_summary&file=spot_summary_2024.csv
2024-06-19,jepx-spread-top8-kyushu,kyushu,17.5775,https://www.jepx.jp/_download.php?dir=spot_summary&file=spot_summary_2024.csv
2024-06-20,jepx-spread-top8-kyushu,kyushu,8.083750000000004,https://www.jepx.jp/_download.php?dir=spot_summary&file=spot_summary_2024.csv
2024-06-21,jepx-spread-top8-kyushu,kyushu,5.067500000000001,https://www.jepx.jp/_download.php?dir=spot_summary&file=spot_summary_2024.csv
2024-06-22,jepx-spread-top8-kyushu,kyushu,6.325000000000001,https://www.jepx.jp/_download.php?dir=spot_summary&file=spot_summary_2024.csv
2024-06-23,jepx-spread-top8-kyushu,kyushu,5.456249999999999,https://www.jepx.jp/_download.php?dir=spot_summary&file=spot_summary_2024.csv
2024-06-24,jepx-spread-top8-kyushu,kyushu,8.98125,https://www.jepx.jp/_download.php?dir=spot_summary&file=spot_summary_2024.csv
2024-06-25,jepx-spread-top8-kyushu,kyushu,8.1325,https://www.jepx.jp/_download.php?dir=spot_summary&file=spot_summary_2024.csv
2024-06-26,jepx-spread-top8-kyushu,kyushu,4.886249999999999,https://www.jepx.jp/_download.php?dir=spot_summary&file=spot_summary_2024.csv
2024-06-27,jepx-spread-top8-kyushu,kyushu,4.837499999999999,https://www.jepx.jp/_download.php?dir=spot_summary&file=spot_summary_2024.csv
2024-06-28,jepx-spread-top8-kyushu,kyushu,7.617499999999999,https://www.jepx.jp/_download.php?dir=spot_summary&file=spot_summary_2024.csv
2024-06-29,jepx-spread-top8-kyushu,kyushu,8.94625,https://www.jepx.jp/_download.php?dir=spot_summary&file=spot_summary_2024.csv
2024-06-30,jepx-spread-top8-kyushu,kyushu,3.65125,https://www.jepx.jp/_download.php?dir=spot_summary&file=spot_summary_2024.csv
2024-07-01,jepx-spread-top8-kyushu,kyushu,9.333750000000002,https://www.jepx.jp/_download.php?dir=spot_summary&file=spot_summary_2024.csv
2024-07-02,jepx-spread-top8-kyushu,kyushu,4.908750000000001,https://www.jepx.jp/_download.php?dir=spot_summary&file=spot_summary_2024.csv
2024-07-03,jepx-spread-top8-kyushu,kyushu,9.43125,https://www.jepx.jp/_download.php?dir=spot_summary&file=spot_summary_2024.csv
2024-07-04,jepx-spread-top8-kyushu,kyushu,11.026250000000001,https://www.jepx.jp/_download.php?dir=spot_summary&file=spot_summary_2024.csv
2024-07-05,jepx-spread-top8-kyushu,kyushu,11.9075,https://www.jepx.jp/_download.php?dir=spot_summary&file=spot_summary_2024.csv
2024-07-06,jepx-spread-top8-kyushu,kyushu,8.855,https://www.jepx.jp/_download.php?dir=spot_summary&file=spot_summary_2024.csv
2024-07-07,jepx-spread-top8-kyushu,kyushu,18.216250000000002,https://www.jepx.jp/_download.php?dir=spot_summary&file=spot_summary_2024.csv
2024-07-08,jepx-spread-top8-kyushu,kyushu,17.88625,https://www.jepx.jp/_download.php?dir=spot_summary&file=spot_summary_2024.csv
2024-07-09,jepx-spread-top8-kyushu,kyushu,19.69375,https://www.jepx.jp/_download.php?dir=spot_summary&file=spot_summary_2024.csv
2024-07-10,jepx-spread-top8-kyushu,kyushu,18.05375,https://www.jepx.jp/_download.php?dir=spot_summary&file=spot_summary_2024.csv
2024-07-11,jepx-spread-top8-kyushu,kyushu,9.274999999999999,https://www.jepx.jp/_download.php?dir=spot_summary&file=spot_summary_2024.csv
2024-07-12,jepx-spread-top8-kyushu,kyushu,6.335000000000001,https://www.jepx.jp/_download.php?dir=spot_summary&file=spot_summary_2024.csv
2024-07-13,jepx-spread-top8-kyushu,kyushu,10.70625,https://www.jepx.jp/_download.php?dir=spot_summary&file=spot_summary_2024.csv
2024-07-14,jepx-spread-top8-kyushu,kyushu,3.0862500000000015,https://www.jepx.jp/_download.php?dir=spot_summary&file=spot_summary_2024.csv
2024-07-15,jepx-spread-top8-kyushu,kyushu,3.679999999999999,https://www.jepx.jp/_download.php?dir=spot_summary&file=spot_summary_2024.csv
2024-07-16,jepx-spread-top8-kyushu,kyushu,4.377500000000001,https://www.jepx.jp/_download.php?dir=spot_summary&file=spot_summary_2024.csv
2024-07-17,jepx-spread-top8-kyushu,kyushu,12.954999999999998,https://www.jepx.jp/_download.php?dir=spot_summary&file=spot_summary_2024.csv
2024-07-18,jepx-spread-top8-kyushu,kyushu,9.94125,https://www.jepx.jp/_download.php?dir=spot_summary&file=spot_summary_2024.csv
2024-07-19,jepx-spread-top8-kyushu,kyushu,13.492500000000003,https://www.jepx.jp/_download.php?dir=spot_summary&file=spot_summary_2024.csv
2024-07-20,jepx-spread-top8-kyushu,kyushu,9.705,https://www.jepx.jp/_download.php?dir=spot_summary&file=spot_summary_2024.csv
2024-07-21,jepx-spread-top8-kyushu,kyushu,15.6775,https://www.jepx.jp/_download.php?dir=spot_summary&file=spot_summary_2024.csv
2024-07-22,jepx-spread-top8-kyushu,kyushu,18.84875,https://www.jepx.jp/_download.php?dir=spot_summary&file=spot_summary_2024.csv
2024-07-23,jepx-spread-top8-kyushu,kyushu,17.88125,https://www.jepx.jp/_download.php?dir=spot_summary&file=spot_summary_2024.csv
2024-07-24,jepx-spread-top8-kyushu,kyushu,14.280000000000001,https://www.jepx.jp/_download.php?dir=spot_summary&file=spot_summary_2024.csv
2024-07-25,jepx-spread-top8-kyushu,kyushu,13.993749999999999,https://www.jepx.jp/_download.php?dir=spot_summary&file=spot_summary_2024.csv
2024-07-26,jepx-spread-top8-kyushu,kyushu,11.517500000000002,https://www.jepx.jp/_download.php?dir=spot_summary&file=spot_summary_2024.csv
2024-07-27,jepx-spread-top8-kyushu,kyushu,14.065,https://www.jepx.jp/_download.php?dir=spot_summary&file=spot_summary_2024.csv
2024-07-28,jepx-spread-top8-kyushu,kyushu,17.321250000000003,https://www.jepx.jp/_download.php?dir=spot_summary&file=spot_summary_2024.csv
2024-07-29,jepx-spread-top8-kyushu,kyushu,22.361250000000002,https://www.jepx.jp/_download.php?dir=spot_summary&file=spot_summary_2024.csv
2024-07-30,jepx-spread-top8-kyushu,kyushu,23.424999999999997,https://www.jepx.jp/_download.php?dir=spot_summary&file=spot_summary_2024.csv
2024-07-31,jepx-spread-top8-kyushu,kyushu,19.56125,https://www.jepx.jp/_download.php?dir=spot_summary&file=spot_summary_2024.csv
2024-08-01,jepx-spread-top8-kyushu,kyushu,19.75375,https://www.jepx.jp/_download.php?dir=spot_summary&file=spot_summary_2024.csv
2024-08-02,jepx-spread-top8-kyushu,kyushu,21.14125,https://www.jepx.jp/_download.php?dir=spot_summary&file=spot_summary_2024.csv
2024-08-03,jepx-spread-top8-kyushu,kyushu,12.904999999999998,https://www.jepx.jp/_download.php?dir=spot_summary&file=spot_summary_2024.csv
2024-08-04,jepx-spread-top8-kyushu,kyushu,12.864999999999998,https://www.jepx.jp/_download.php?dir=spot_summary&file=spot_summary_2024.csv
2024-08-05,jepx-spread-top8-kyushu,kyushu,15.387500000000001,https://www.jepx.jp/_download.php?dir=spot_summary&file=spot_summary_2024.csv
2024-08-06,jepx-spread-top8-kyushu,kyushu,13.191250000000002,https://www.jepx.jp/_download.php?dir=spot_summary&file=spot_summary_2024.csv
2024-08-07,jepx-spread-top8-kyushu,kyushu,11.492500000000003,https://www.jepx.jp/_download.php?dir=spot_summary&file=spot_summary_2024.csv
2024-08-08,jepx-spread-top8-kyushu,kyushu,16.96625,https://www.jepx.jp/_download.php?dir=spot_summary&file=spot_summary_2024.csv
2024-08-09,jepx-spread-top8-kyushu,kyushu,17.705000000000002,https://www.jepx.jp/_download.php?dir=spot_summary&file=spot_summary_2024.csv
2024-08-10,jepx-spread-top8-kyushu,kyushu,9.77125,https://www.jepx.jp/_download.php?dir=spot_summary&file=spot_summary_2024.csv
2024-08-11,jepx-spread-top8-kyushu,kyushu,10.427499999999997,https://www.jepx.jp/_download.php?dir=spot_summary&file=spot_summary_2024.csv
2024-08-12,jepx-spread-top8-kyushu,kyushu,10.665000000000003,https://www.jepx.jp/_download.php?dir=spot_summary&file=spot_summary_2024.csv
2024-08-13,jepx-spread-top8-kyushu,kyushu,8.584999999999999,https://www.jepx.jp/_download.php?dir=spot_summary&file=spot_summary_2024.csv
2024-08-14,jepx-spread-top8-kyushu,kyushu,7.703750000000003,https://www.jepx.jp/_download.php?dir=spot_summary&file=spot_summary_2024.csv
2024-08-15,jepx-spread-top8-kyushu,kyushu,8.451250000000002,https://www.jepx.jp/_download.php?dir=spot_summary&file=spot_summary_2024.csv
2024-08-16,jepx-spread-top8-kyushu,kyushu,8.346249999999998,https://www.jepx.jp/_download.php?dir=spot_summary&file=spot_summary_2024.csv
2024-08-17,jepx-spread-top8-kyushu,kyushu,8.34875,https://www.jepx.jp/_download.php?dir=spot_summary&file=spot_summary_2024.csv
2024-08-18,jepx-spread-top8-kyushu,kyushu,9.533750000000001,https://www.jepx.jp/_download.php?dir=spot_summary&file=spot_summary_2024.csv
2024-08-19,jepx-spread-top8-kyushu,kyushu,14.92875,https://www.jepx.jp/_download.php?dir=spot_summary&file=spot_summary_2024.csv
2024-08-20,jepx-spread-top8-kyushu,kyushu,9.99,https://www.jepx.jp/_download.php?dir=spot_summary&file=spot_summary_2024.csv
2024-08-21,jepx-spread-top8-kyushu,kyushu,10.551250000000001,https://www.jepx.jp/_download.php?dir=spot_summary&file=spot_summary_2024.csv
2024-08-22,jepx-spread-top8-kyushu,kyushu,11.930000000000001,https://www.jepx.jp/_download.php?dir=spot_summary&file=spot_summary_2024.csv
2024-08-23,jepx-spread-top8-kyushu,kyushu,12.487499999999997,https://www.jepx.jp/_download.php?dir=spot_summary&file=spot_summary_2024.csv
2024-08-24,jepx-spread-top8-kyushu,kyushu,7.928749999999997,https://www.jepx.jp/_download.php?dir=spot_summary&file=spot_summary_2024.csv
2024-08-25,jepx-spread-top8-kyushu,kyushu,5.692500000000001,https://www.jepx.jp/_download.php?dir=spot_summary&file=spot_summary_2024.csv
2024-08-26,jepx-spread-top8-kyushu,kyushu,18.6025,https://www.jepx.jp/_download.php?dir=spot_summary&file=spot_summary_2024.csv
2024-08-27,jepx-spread-top8-kyushu,kyushu,9.772499999999997,https://www.jepx.jp/_download.php?dir=spot_summary&file=spot_summary_2024.csv
2024-08-28,jepx-spread-top8-kyushu,kyushu,9.737499999999999,https://www.jepx.jp/_download.php?dir=spot_summary&file=spot_summary_2024.csv
2024-08-29,jepx-spread-top8-kyushu,kyushu,10.358749999999997,https://www.jepx.jp/_download.php?dir=spot_summary&file=spot_summary_2024.csv
2024-08-30,jepx-spread-top8-kyushu,kyushu,30.57875,https://www.jepx.jp/_download.php?dir=spot_summary&file=spot_summary_2024.csv
2024-08-31,jepx-spread-top8-kyushu,kyushu,7.091250000000002,https://www.jepx.jp/_download.php?dir=spot_summary&file=spot_summary_2024.csv
2024-09-01,jepx-spread-top8-kyushu,kyushu,18.138749999999998,https://www.jepx.jp/_download.php?dir=spot_summary&file=spot_summary_2024.csv
2024-09-02,jepx-spread-top8-kyushu,kyushu,14.045,https://www.jepx.jp/_download.php?dir=spot_summary&file=spot_summary_2024.csv
2024-09-03,jepx-spread-top8-kyushu,kyushu,11.330000000000002,https://www.jepx.jp/_download.php?dir=spot_summary&file=spot_summary_2024.csv
2024-09-04,jepx-spread-top8-kyushu,kyushu,9.78125,https://www.jepx.jp/_download.php?dir=spot_summary&file=spot_summary_2024.csv
2024-09-05,jepx-spread-top8-kyushu,kyushu,10.53125,https://www.jepx.jp/_download.php?dir=spot_summary&file=spot_summary_2024.csv
2024-09-06,jepx-spread-top8-kyushu,kyushu,10.4475,https://www.jepx.jp/_download.php?dir=spot_summary&file=spot_summary_2024.csv
2024-09-07,jepx-spread-top8-kyushu,kyushu,12.526250000000001,https://www.jepx.jp/_download.php?dir=spot_summary&file=spot_summary_2024.csv
2024-09-08,jepx-spread-top8-kyushu,kyushu,14.52875,https://www.jepx.jp/_download.php?dir=spot_summary&file=spot_summary_2024.csv
2024-09-09,jepx-spread-top8-kyushu,kyushu,19.26125,https://www.jepx.jp/_download.php?dir=spot_summary&file=spot_summary_2024.csv
2024-09-10,jepx-spread-top8-kyushu,kyushu,16.495,https://www.jepx.jp/_download.php?dir=spot_summary&file=spot_summary_2024.csv
2024-09-11,jepx-spread-top8-kyushu,kyushu,14.622499999999999,https://www.jepx.jp/_download.php?dir=spot_summary&file=spot_summary_2024.csv
2024-09-12,jepx-spread-top8-kyushu,kyushu,15.66875,https://www.jepx.jp/_download.php?dir=spot_summary&file=spot_summary_2024.csv
2024-09-13,jepx-spread-top8-kyushu,kyushu,16.66,https://www.jepx.jp/_download.php?dir=spot_summary&file=spot_summary_2024.csv
2024-09-14,jepx-spread-top8-kyushu,kyushu,10.8275,https://www.jepx.jp/_download.php?dir=spot_summary&file=spot_summary_2024.csv
2024-09-15,jepx-spread-top8-kyushu,kyushu,7.006249999999998,https://www.jepx.jp/_download.php?dir=spot_summary&file=spot_summary_2024.csv
2024-09-16,jepx-spread-top8-kyushu,kyushu,14.338750000000003,https://www.jepx.jp/_download.php?dir=spot_summary&file=spot_summary_2024.csv
2024-09-17,jepx-spread-top8-kyushu,kyushu,19.53,https://www.jepx.jp/_download.php?dir=spot_summary&file=spot_summary_2024.csv
2024-09-18,jepx-spread-top8-kyushu,kyushu,14.075,https://www.jepx.jp/_download.php?dir=spot_summary&file=spot_summary_2024.csv
2024-09-19,jepx-spread-top8-kyushu,kyushu,15.346250000000001,https://www.jepx.jp/_download.php?dir=spot_summary&file=spot_summary_2024.csv
2024-09-20,jepx-spread-top8-kyushu,kyushu,16.911250000000003,https://www.jepx.jp/_download.php?dir=spot_summary&file=spot_summary_2024.csv
2024-09-21,jepx-spread-top8-kyushu,kyushu,13.218749999999998,https://www.jepx.jp/_download.php?dir=spot_summary&file=spot_summary_2024.csv
2024-09-22,jepx-spread-top8-kyushu,kyushu,2.3549999999999986,https://www.jepx.jp/_download.php?dir=spot_summary&file=spot_summary_2024.csv
2024-09-23,jepx-spread-top8-kyushu,kyushu,7.61125,https://www.jepx.jp/_download.php?dir=spot_summary&file=spot_summary_2024.csv
2024-09-24,jepx-spread-top8-kyushu,kyushu,13.68375,https://www.jepx.jp/_download.php?dir=spot_summary&file=spot_summary_2024.csv
2024-09-25,jepx-spread-top8-kyushu,kyushu,8.537500000000001,https://www.jepx.jp/_download.php?dir=spot_summary&file=spot_summary_2024.csv
2024-09-26,jepx-spread-top8-kyushu,kyushu,9.143749999999999,https://www.jepx.jp/_download.php?dir=spot_summary&file=spot_summary_2024.csv
2024-09-27,jepx-spread-top8-kyushu,kyushu,10.808750000000002,https://www.jepx.jp/_download.php?dir=spot_summary&file=spot_summary_2024.csv
2024-09-28,jepx-spread-top8-kyushu,kyushu,5.7075,https://www.jepx.jp/_download.php?dir=spot_summary&file=spot_summary_2024.csv
2024-09-29,jepx-spread-top8-kyushu,kyushu,9.69,https://www.jepx.jp/_download.php?dir=spot_summary&file=spot_summary_2024.csv
2024-09-30,jepx-spread-top8-kyushu,kyushu,7.846249999999998,https://www.jepx.jp/_download.php?dir=spot_summary&file=spot_summary_2024.csv
2024-10-01,jepx-spread-top8-kyushu,kyushu,11.411249999999999,https://www.jepx.jp/_download.php?dir=spot_summary&file=spot_summary_2024.csv
2024-10-02,jepx-spread-top8-kyushu,kyushu,10.426250000000001,https://www.jepx.jp/_download.php?dir=spot_summary&file=spot_summary_2024.csv
2024-10-03,jepx-spread-top8-kyushu,kyushu,11.07375,https://www.jepx.jp/_download.php?dir=spot_summary&file=spot_summary_2024.csv
2024-10-04,jepx-spread-top8-kyushu,kyushu,9.783750000000001,https://www.jepx.jp/_download.php?dir=spot_summary&file=spot_summary_2024.csv
2024-10-05,jepx-spread-top8-kyushu,kyushu,7.9425,https://www.jepx.jp/_download.php?dir=spot_summary&file=spot_summary_2024.csv
2024-10-06,jepx-spread-top8-kyushu,kyushu,9.53125,https://www.jepx.jp/_download.php?dir=spot_summary&file=spot_summary_2024.csv
2024-10-07,jepx-spread-top8-kyushu,kyushu,10.346250000000003,https://www.jepx.jp/_download.php?dir=spot_summary&file=spot_summary_2024.csv
2024-10-08,jepx-spread-top8-kyushu,kyushu,6.389999999999999,https://www.jepx.jp/_download.php?dir=spot_summary&file=spot_summary_2024.csv
2024-10-09,jepx-spread-top8-kyushu,kyushu,13.656250000000002,https://www.jepx.jp/_download.php?dir=spot_summary&file=spot_summary_2024.csv
2024-10-10,jepx-spread-top8-kyushu,kyushu,13.4425,https://www.jepx.jp/_download.php?dir=spot_summary&file=spot_summary_2024.csv
2024-10-11,jepx-spread-top8-kyushu,kyushu,12.87125,https://www.jepx.jp/_download.php?dir=spot_summary&file=spot_summary_2024.csv
2024-10-12,jepx-spread-top8-kyushu,kyushu,11.33875,https://www.jepx.jp/_download.php?dir=spot_summary&file=spot_summary_2024.csv
2024-10-13,jepx-spread-top8-kyushu,kyushu,11.26375,https://www.jepx.jp/_download.php?dir=spot_summary&file=spot_summary_2024.csv
2024-10-14,jepx-spread-top8-kyushu,kyushu,10.522499999999999,https://www.jepx.jp/_download.php?dir=spot_summary&file=spot_summary_2024.csv
2024-10-15,jepx-spread-top8-kyushu,kyushu,10.575000000000003,https://www.jepx.jp/_download.php?dir=spot_summary&file=spot_summary_2024.csv
2024-10-16,jepx-spread-top8-kyushu,kyushu,9.213750000000003,https://www.jepx.jp/_download.php?dir=spot_summary&file=spot_summary_2024.csv
2024-10-17,jepx-spread-top8-kyushu,kyushu,18.180000000000003,https://www.jepx.jp/_download.php?dir=spot_summary&file=spot_summary_2024.csv
2024-10-18,jepx-spread-top8-kyushu,kyushu,20.4625,https://www.jepx.jp/_download.php?dir=spot_summary&file=spot_summary_2024.csv
2024-10-19,jepx-spread-top8-kyushu,kyushu,3.776250000000001,https://www.jepx.jp/_download.php?dir=spot_summary&file=spot_summary_2024.csv
2024-10-20,jepx-spread-top8-kyushu,kyushu,12.765,https://www.jepx.jp/_download.php?dir=spot_summary&file=spot_summary_2024.csv
2024-10-21,jepx-spread-top8-kyushu,kyushu,8.32,https://www.jepx.jp/_download.php?dir=spot_summary&file=spot_summary_2024.csv
2024-10-22,jepx-spread-top8-kyushu,kyushu,8.176250000000001,https://www.jepx.jp/_download.php?dir=spot_summary&file=spot_summary_2024.csv
2024-10-23,jepx-spread-top8-kyushu,kyushu,11.00375,https://www.jepx.jp/_download.php?dir=spot_summary&file=spot_summary_2024.csv
2024-10-24,jepx-spread-top8-kyushu,kyushu,6.889999999999999,https://www.jepx.jp/_download.php?dir=spot_summary&file=spot_summary_2024.csv
2024-10-25,jepx-spread-top8-kyushu,kyushu,6.280000000000001,https://www.jepx.jp/_download.php?dir=spot_summary&file=spot_summary_2024.csv
2024-10-26,jepx-spread-top8-kyushu,kyushu,3.2912500000000016,https://www.jepx.jp/_download.php?dir=spot_summary&file=spot_summary_2024.csv
2024-10-27,jepx-spread-top8-kyushu,kyushu,8.526250000000001,https://www.jepx.jp/_download.php?dir=spot_summary&file=spot_summary_2024.csv
2024-10-28,jepx-spread-top8-kyushu,kyushu,6.215,https://www.jepx.jp/_download.php?dir=spot_summary&file=spot_summary_2024.csv
2024-10-29,jepx-spread-top8-kyushu,kyushu,6.245000000000001,https://www.jepx.jp/_download.php?dir=spot_summary&file=spot_summary_2024.csv
2024-10-30,jepx-spread-top8-kyushu,kyushu,7.593749999999999,https://www.jepx.jp/_download.php?dir=spot_summary&file=spot_summary_2024.csv
2024-10-31,jepx-spread-top8-kyushu,kyushu,3.8500000000000014,https://www.jepx.jp/_download.php?dir=spot_summary&file=spot_summary_2024.csv
2024-11-01,jepx-spread-top8-kyushu,kyushu,5.237500000000001,https://www.jepx.jp/_download.php?dir=spot_summary&file=spot_summary_2024.csv
2024-11-02,jepx-spread-top8-kyushu,kyushu,1.9712499999999977,https://www.jepx.jp/_download.php?dir=spot_summary&file=spot_summary_2024.csv
2024-11-03,jepx-spread-top8-kyushu,kyushu,10.702499999999999,https://www.jepx.jp/_download.php?dir=spot_summary&file=spot_summary_2024.csv
2024-11-04,jepx-spread-top8-kyushu,kyushu,11.09125,https://www.jepx.jp/_download.php?dir=spot_summary&file=spot_summary_2024.csv
2024-11-05,jepx-spread-top8-kyushu,kyushu,8.623750000000001,https://www.jepx.jp/_download.php?dir=spot_summary&file=spot_summary_2024.csv
2024-11-06,jepx-spread-top8-kyushu,kyushu,13.823749999999999,https://www.jepx.jp/_download.php?dir=spot_summary&file=spot_summary_2024.csv
2024-11-07,jepx-spread-top8-kyushu,kyushu,15.49,https://www.jepx.jp/_download.php?dir=spot_summary&file=spot_summary_2024.csv
2024-11-08,jepx-spread-top8-kyushu,kyushu,12.290000000000001,https://www.jepx.jp/_download.php?dir=spot_summary&file=spot_summary_2024.csv
2024-11-09,jepx-spread-top8-kyushu,kyushu,4.789999999999999,https://www.jepx.jp/_download.php?dir=spot_summary&file=spot_summary_2024.csv
2024-11-10,jepx-spread-top8-kyushu,kyushu,3.5100000000000007,https://www.jepx.jp/_download.php?dir=spot_summary&file=spot_summary_2024.csv
2024-11-11,jepx-spread-top8-kyushu,kyushu,15.353750000000002,https://www.jepx.jp/_download.php?dir=spot_summary&file=spot_summary_2024.csv
2024-11-12,jepx-spread-top8-kyushu,kyushu,15.7825,https://www.jepx.jp/_download.php?dir=spot_summary&file=spot_summary_2024.csv
2024-11-13,jepx-spread-top8-kyushu,kyushu,15.197500000000002,https://www.jepx.jp/_download.php?dir=spot_summary&file=spot_summary_2024.csv
2024-11-14,jepx-spread-top8-kyushu,kyushu,12.7275,https://www.jepx.jp/_download.php?dir=spot_summary&file=spot_summary_2024.csv
2024-11-15,jepx-spread-top8-kyushu,kyushu,9.208749999999998,https://www.jepx.jp/_download.php?dir=spot_summary&file=spot_summary_2024.csv
2024-11-16,jepx-spread-top8-kyushu,kyushu,2.081249999999999,https://www.jepx.jp/_download.php?dir=spot_summary&file=spot_summary_2024.csv
2024-11-17,jepx-spread-top8-kyushu,kyushu,6.566250000000001,https://www.jepx.jp/_download.php?dir=spot_summary&file=spot_summary_2024.csv
2024-11-18,jepx-spread-top8-kyushu,kyushu,11.73125,https://www.jepx.jp/_download.php?dir=spot_summary&file=spot_summary_2024.csv
2024-11-19,jepx-spread-top8-kyushu,kyushu,15.09875,https://www.jepx.jp/_download.php?dir=spot_summary&file=spot_summary_2024.csv
2024-11-20,jepx-spread-top8-kyushu,kyushu,12.501249999999999,https://www.jepx.jp/_download.php?dir=spot_summary&file=spot_summary_2024.csv
2024-11-21,jepx-spread-top8-kyushu,kyushu,8.936250000000001,https://www.jepx.jp/_download.php?dir=spot_summary&file=spot_summary_2024.csv
2024-11-22,jepx-spread-top8-kyushu,kyushu,11.713750000000001,https://www.jepx.jp/_download.php?dir=spot_summary&file=spot_summary_2024.csv
2024-11-23,jepx-spread-top8-kyushu,kyushu,8.348749999999999,https://www.jepx.jp/_download.php?dir=spot_summary&file=spot_summary_2024.csv
2024-11-24,jepx-spread-top8-kyushu,kyushu,13.266250000000001,https://www.jepx.jp/_download.php?dir=spot_summary&file=spot_summary_2024.csv
2024-11-25,jepx-spread-top8-kyushu,kyushu,19.1575,https://www.jepx.jp/_download.php?dir=spot_summary&file=spot_summary_2024.csv
2024-11-26,jepx-spread-top8-kyushu,kyushu,8.722499999999998,https://www.jepx.jp/_download.php?dir=spot_summary&file=spot_summary_2024.csv
2024-11-27,jepx-spread-top8-kyushu,kyushu,8.906250000000002,https://www.jepx.jp/_download.php?dir=spot_summary&file=spot_summary_2024.csv
2024-11-28,jepx-spread-top8-kyushu,kyushu,8.66,https://www.jepx.jp/_download.php?dir=spot_summary&file=spot_summary_2024.csv
2024-11-29,jepx-spread-top8-kyushu,kyushu,5.279999999999998,https://www.jepx.jp/_download.php?dir=spot_summary&file=spot_summary_2024.csv
2024-11-30,jepx-spread-top8-kyushu,kyushu,4.397500000000001,https://www.jepx.jp/_download.php?dir=spot_summary&file=spot_summary_2024.csv
2024-12-01,jepx-spread-top8-kyushu,kyushu,12.77875,https://www.jepx.jp/_download.php?dir=spot_summary&file=spot_summary_2024.csv
2024-12-02,jepx-spread-top8-kyushu,kyushu,10.8075,https://www.jepx.jp/_download.php?dir=spot_summary&file=spot_summary_2024.csv
2024-12-03,jepx-spread-top8-kyushu,kyushu,13.8925,https://www.jepx.jp/_download.php?dir=spot_summary&file=spot_summary_2024.csv
2024-12-04,jepx-spread-top8-kyushu,kyushu,15.7825,https://www.jepx.jp/_download.php?dir=spot_summary&file=spot_summary_2024.csv
2024-12-05,jepx-spread-top8-kyushu,kyushu,6.425000000000001,https://www.jepx.jp/_download.php?dir=spot_summary&file=spot_summary_2024.csv
2024-12-06,jepx-spread-top8-kyushu,kyushu,6.27375,https://www.jepx.jp/_download.php?dir=spot_summary&file=spot_summary_2024.csv
2024-12-07,jepx-spread-top8-kyushu,kyushu,6.425000000000001,https://www.jepx.jp/_download.php?dir=spot_summary&file=spot_summary_2024.csv
2024-12-08,jepx-spread-top8-kyushu,kyushu,12.46,https://www.jepx.jp/_download.php?dir=spot_summary&file=spot_summary_2024.csv
2024-12-09,jepx-spread-top8-kyushu,kyushu,11.813749999999999,https://www.jepx.jp/_download.php?dir=spot_summary&file=spot_summary_2024.csv
2024-12-10,jepx-spread-top8-kyushu,kyushu,4.63125,https://www.jepx.jp/_download.php?dir=spot_summary&file=spot_summary_2024.csv
2024-12-11,jepx-spread-top8-kyushu,kyushu,8.98375,https://www.jepx.jp/_download.php?dir=spot_summary&file=spot_summary_2024.csv
2024-12-12,jepx-spread-top8-kyushu,kyushu,11.466250000000002,https://www.jepx.jp/_download.php?dir=spot_summary&file=spot_summary_2024.csv
2024-12-13,jepx-spread-top8-kyushu,kyushu,7.873750000000001,https://www.jepx.jp/_download.php?dir=spot_summary&file=spot_summary_2024.csv
2024-12-14,jepx-spread-top8-kyushu,kyushu,14.48375,https://www.jepx.jp/_download.php?dir=spot_summary&file=spot_summary_2024.csv
2024-12-15,jepx-spread-top8-kyushu,kyushu,8.02,https://www.jepx.jp/_download.php?dir=spot_summary&file=spot_summary_2024.csv
2024-12-16,jepx-spread-top8-kyushu,kyushu,11.29625,https://www.jepx.jp/_download.php?dir=spot_summary&file=spot_summary_2024.csv
2024-12-17,jepx-spread-top8-kyushu,kyushu,5.826250000000002,https://www.jepx.jp/_download.php?dir=spot_summary&file=spot_summary_2024.csv
2024-12-18,jepx-spread-top8-kyushu,kyushu,7.7812499999999964,https://www.jepx.jp/_download.php?dir=spot_summary&file=spot_summary_2024.csv
2024-12-19,jepx-spread-top8-kyushu,kyushu,11.392500000000002,https://www.jepx.jp/_download.php?dir=spot_summary&file=spot_summary_2024.csv
2024-12-20,jepx-spread-top8-kyushu,kyushu,12.308750000000002,https://www.jepx.jp/_download.php?dir=spot_summary&file=spot_summary_2024.csv
2024-12-21,jepx-spread-top8-kyushu,kyushu,2.887500000000003,https://www.jepx.jp/_download.php?dir=spot_summary&file=spot_summary_2024.csv
2024-12-22,jepx-spread-top8-kyushu,kyushu,17.07875,https://www.jepx.jp/_download.php?dir=spot_summary&file=spot_summary_2024.csv
2024-12-23,jepx-spread-top8-kyushu,kyushu,13.591249999999999,https://www.jepx.jp/_download.php?dir=spot_summary&file=spot_summary_2024.csv
2024-12-24,jepx-spread-top8-kyushu,kyushu,12.577499999999999,https://www.jepx.jp/_download.php?dir=spot_summary&file=spot_summary_2024.csv
2024-12-25,jepx-spread-top8-kyushu,kyushu,9.23125,https://www.jepx.jp/_download.php?dir=spot_summary&file=spot_summary_2024.csv
2024-12-26,jepx-spread-top8-kyushu,kyushu,6.637499999999999,https://www.jepx.jp/_download.php?dir=spot_summary&file=spot_summary_2024.csv
2024-12-27,jepx-spread-top8-kyushu,kyushu,4.986249999999999,https://www.jepx.jp/_download.php?dir=spot_summary&file=spot_summary_2024.csv
2024-12-28,jepx-spread-top8-kyushu,kyushu,6.8925,https://www.jepx.jp/_download.php?dir=spot_summary&file=spot_summary_2024.csv
2024-12-29,jepx-spread-top8-kyushu,kyushu,7.74625,https://www.jepx.jp/_download.php?dir=spot_summary&file=spot_summary_2024.csv
2024-12-30,jepx-spread-top8-kyushu,kyushu,6.49375,https://www.jepx.jp/_download.php?dir=spot_summary&file=spot_summary_2024.csv
2024-12-31,jepx-spread-top8-kyushu,kyushu,12.025,https://www.jepx.jp/_download.php?dir=spot_summary&file=spot_summary_2024.csv
2025-01-01,jepx-spread-top8-kyushu,kyushu,10.768749999999999,https://www.jepx.jp/_download.php?dir=spot_summary&file=spot_summary_2024.csv
2025-01-02,jepx-spread-top8-kyushu,kyushu,10.755,https://www.jepx.jp/_download.php?dir=spot_summary&file=spot_summary_2024.csv
2025-01-03,jepx-spread-top8-kyushu,kyushu,10.178749999999999,https://www.jepx.jp/_download.php?dir=spot_summary&file=spot_summary_2024.csv
2025-01-04,jepx-spread-top8-kyushu,kyushu,8.64125,https://www.jepx.jp/_download.php?dir=spot_summary&file=spot_summary_2024.csv
2025-01-05,jepx-spread-top8-kyushu,kyushu,5.853749999999999,https://www.jepx.jp/_download.php?dir=spot_summary&file=spot_summary_2024.csv
2025-01-06,jepx-spread-top8-kyushu,kyushu,10.233750000000002,https://www.jepx.jp/_download.php?dir=spot_summary&file=spot_summary_2024.csv
2025-01-07,jepx-spread-top8-kyushu,kyushu,9.265000000000004,https://www.jepx.jp/_download.php?dir=spot_summary&file=spot_summary_2024.csv
2025-01-08,jepx-spread-top8-kyushu,kyushu,9.26625,https://www.jepx.jp/_download.php?dir=spot_summary&file=spot_summary_2024.csv
2025-01-09,jepx-spread-top8-kyushu,kyushu,16.1,https://www.jepx.jp/_download.php?dir=spot_summary&file=spot_summary_2024.csv
2025-01-10,jepx-spread-top8-kyushu,kyushu,12.063749999999999,https://www.jepx.jp/_download.php?dir=spot_summary&file=spot_summary_2024.csv
2025-01-11,jepx-spread-top8-kyushu,kyushu,7.882499999999997,https://www.jepx.jp/_download.php?dir=spot_summary&file=spot_summary_2024.csv
2025-01-12,jepx-spread-top8-kyushu,kyushu,7.632499999999997,https://www.jepx.jp/_download.php?dir=spot_summary&file=spot_summary_2024.csv
2025-01-13,jepx-spread-top8-kyushu,kyushu,7.202500000000001,https://www.jepx.jp/_download.php?dir=spot_summary&file=spot_summary_2024.csv
2025-01-14,jepx-spread-top8-kyushu,kyushu,7.092500000000001,https://www.jepx.jp/_download.php?dir=spot_summary&file=spot_summary_2024.csv
2025-01-15,jepx-spread-top8-kyushu,kyushu,9.098749999999997,https://www.jepx.jp/_download.php?dir=spot_summary&file=spot_summary_2024.csv
2025-01-16,jepx-spread-top8-kyushu,kyushu,10.033750000000001,https://www.jepx.jp/_download.php?dir=spot_summary&file=spot_summary_2024.csv
2025-01-17,jepx-spread-top8-kyushu,kyushu,10.015,https://www.jepx.jp/_download.php?dir=spot_summary&file=spot_summary_2024.csv
2025-01-18,jepx-spread-top8-kyushu,kyushu,15.57125,https://www.jepx.jp/_download.php?dir=spot_summary&file=spot_summary_2024.csv
2025-01-19,jepx-spread-top8-kyushu,kyushu,11.831249999999999,https://www.jepx.jp/_download.php?dir=spot_summary&file=spot_summary_2024.csv
2025-01-20,jepx-spread-top8-kyushu,kyushu,10.072500000000002,https://www.jepx.jp/_download.php?dir=spot_summary&file=spot_summary_2024.csv
2025-01-21,jepx-spread-top8-kyushu,kyushu,12.56625,https://www.jepx.jp/_download.php?dir=spot_summary&file=spot_summary_2024.csv
2025-01-22,jepx-spread-top8-kyushu,kyushu,12.72,https://www.jepx.jp/_download.php?dir=spot_summary&file=spot_summary_2024.csv
2025-01-23,jepx-spread-top8-kyushu,kyushu,10.187500000000002,https://www.jepx.jp/_download.php?dir=spot_summary&file=spot_summary_2024.csv
2025-01-24,jepx-spread-top8-kyushu,kyushu,6.488749999999999,https://www.jepx.jp/_download.php?dir=spot_summary&file=spot_summary_2024.csv
2025-01-25,jepx-spread-top8-kyushu,kyushu,12.83375,https://www.jepx.jp/_download.php?dir=spot_summary&file=spot_summary_2024.csv
2025-01-26,jepx-spread-top8-kyushu,kyushu,10.428749999999999,https://www.jepx.jp/_download.php?dir=spot_summary&file=spot_summary_2024.csv
2025-01-27,jepx-spread-top8-kyushu,kyushu,8.440000000000001,https://www.jepx.jp/_download.php?dir=spot_summary&file=spot_summary_2024.csv
2025-01-28,jepx-spread-top8-kyushu,kyushu,7.59125,https://www.jepx.jp/_download.php?dir=spot_summary&file=spot_summary_2024.csv
2025-01-29,jepx-spread-top8-kyushu,kyushu,6.227499999999997,https://www.jepx.jp/_download.php?dir=spot_summary&file=spot_summary_2024.csv
2025-01-30,jepx-spread-top8-kyushu,kyushu,9.75,https://www.jepx.jp/_download.php?dir=spot_summary&file=spot_summary_2024.csv
2025-01-31,jepx-spread-top8-kyushu,kyushu,11.779999999999998,https://www.jepx.jp/_download.php?dir=spot_summary&file=spot_summary_2024.csv
2025-02-01,jepx-spread-top8-kyushu,kyushu,4.9300000000000015,https://www.jepx.jp/_download.php?dir=spot_summary&file=spot_summary_2024.csv
2025-02-02,jepx-spread-top8-kyushu,kyushu,5.0,https://www.jepx.jp/_download.php?dir=spot_summary&file=spot_summary_2024.csv
2025-02-03,jepx-spread-top8-kyushu,kyushu,6.172499999999999,https://www.jepx.jp/_download.php?dir=spot_summary&file=spot_summary_2024.csv
2025-02-04,jepx-spread-top8-kyushu,kyushu,12.717499999999998,https://www.jepx.jp/_download.php?dir=spot_summary&file=spot_summary_2024.csv
2025-02-05,jepx-spread-top8-kyushu,kyushu,11.995000000000001,https://www.jepx.jp/_download.php?dir=spot_summary&file=spot_summary_2024.csv
2025-02-06,jepx-spread-top8-kyushu,kyushu,14.87125,https://www.jepx.jp/_download.php?dir=spot_summary&file=spot_summary_2024.csv
2025-02-07,jepx-spread-top8-kyushu,kyushu,11.857500000000002,https://www.jepx.jp/_download.php?dir=spot_summary&file=spot_summary_2024.csv
2025-02-08,jepx-spread-top8-kyushu,kyushu,16.049999999999997,https://www.jepx.jp/_download.php?dir=spot_summary&file=spot_summary_2024.csv
2025-02-09,jepx-spread-top8-kyushu,kyushu,9.47,https://www.jepx.jp/_download.php?dir=spot_summary&file=spot_summary_2024.csv
2025-02-10,jepx-spread-top8-kyushu,kyushu,12.094999999999999,https://www.jepx.jp/_download.php?dir=spot_summary&file=spot_summary_2024.csv
2025-02-11,jepx-spread-top8-kyushu,kyushu,18.295,https://www.jepx.jp/_download.php?dir=spot_summary&file=spot_summary_2024.csv
2025-02-12,jepx-spread-top8-kyushu,kyushu,10.51625,https://www.jepx.jp/_download.php?dir=spot_summary&file=spot_summary_2024.csv
2025-02-13,jepx-spread-top8-kyushu,kyushu,19.54625,https://www.jepx.jp/_download.php?dir=spot_summary&file=spot_summary_2024.csv
2025-02-14,jepx-spread-top8-kyushu,kyushu,16.07375,https://www.jepx.jp/_download.php?dir=spot_summary&file=spot_summary_2024.csv
2025-02-15,jepx-spread-top8-kyushu,kyushu,7.62875,https://www.jepx.jp/_download.php?dir=spot_summary&file=spot_summary_2024.csv
2025-02-16,jepx-spread-top8-kyushu,kyushu,6.74375,https://www.jepx.jp/_download.php?dir=spot_summary&file=spot_summary_2024.csv
2025-02-17,jepx-spread-top8-kyushu,kyushu,18.318749999999998,https://www.jepx.jp/_download.php?dir=spot_summary&file=spot_summary_2024.csv
2025-02-18,jepx-spread-top8-kyushu,kyushu,17.127500000000005,https://www.jepx.jp/_download.php?dir=spot_summary&file=spot_summary_2024.csv
2025-02-19,jepx-spread-top8-kyushu,kyushu,18.5825,https://www.jepx.jp/_download.php?dir=spot_summary&file=spot_summary_2024.csv
2025-02-20,jepx-spread-top8-kyushu,kyushu,20.27625,https://www.jepx.jp/_download.php?dir=spot_summary&file=spot_summary_2024.csv
2025-02-21,jepx-spread-top8-kyushu,kyushu,12.5775,https://www.jepx.jp/_download.php?dir=spot_summary&file=spot_summary_2024.csv
2025-02-22,jepx-spread-top8-kyushu,kyushu,21.22,https://www.jepx.jp/_download.php?dir=spot_summary&file=spot_summary_2024.csv
2025-02-23,jepx-spread-top8-kyushu,kyushu,13.982500000000003,https://www.jepx.jp/_download.php?dir=spot_summary&file=spot_summary_2024.csv
2025-02-24,jepx-spread-top8-kyushu,kyushu,23.52875,https://www.jepx.jp/_download.php?dir=spot_summary&file=spot_summary_2024.csv
2025-02-25,jepx-spread-top8-kyushu,kyushu,21.13375,https://www.jepx.jp/_download.php?dir=spot_summary&file=spot_summary_2024.csv
2025-02-26,jepx-spread-top8-kyushu,kyushu,14.816250000000002,https://www.jepx.jp/_download.php?dir=spot_summary&file=spot_summary_2024.csv
2025-02-27,jepx-spread-top8-kyushu,kyushu,13.77125,https://www.jepx.jp/_download.php?dir=spot_summary&file=spot_summary_2024.csv
2025-02-28,jepx-spread-top8-kyushu,kyushu,5.22625,https://www.jepx.jp/_download.php?dir=spot_summary&file=spot_summary_2024.csv
2025-03-01,jepx-spread-top8-kyushu,kyushu,12.65375,https://www.jepx.jp/_download.php?dir=spot_summary&file=spot_summary_2024.csv
2025-03-02,jepx-spread-top8-kyushu,kyushu,9.80625,https://www.jepx.jp/_download.php?dir=spot_summary&file=spot_summary_2024.csv
2025-03-03,jepx-spread-top8-kyushu,kyushu,12.08625,https://www.jepx.jp/_download.php?dir=spot_summary&file=spot_summary_2024.csv
2025-03-04,jepx-spread-top8-kyushu,kyushu,29.713750000000005,https://www.jepx.jp/_download.php?dir=spot_summary&file=spot_summary_2024.csv
2025-03-05,jepx-spread-top8-kyushu,kyushu,14.47375,https://www.jepx.jp/_download.php?dir=spot_summary&file=spot_summary_2024.csv
2025-03-06,jepx-spread-top8-kyushu,kyushu,22.11625,https://www.jepx.jp/_download.php?dir=spot_summary&file=spot_summary_2024.csv
2025-03-07,jepx-spread-top8-kyushu,kyushu,27.04,https://www.jepx.jp/_download.php?dir=spot_summary&file=spot_summary_2024.csv
2025-03-08,jepx-spread-top8-kyushu,kyushu,11.045000000000002,https://www.jepx.jp/_download.php?dir=spot_summary&file=spot_summary_2024.csv
2025-03-09,jepx-spread-top8-kyushu,kyushu,16.086249999999996,https://www.jepx.jp/_download.php?dir=spot_summary&file=spot_summary_2024.csv
2025-03-10,jepx-spread-top8-kyushu,kyushu,12.602500000000001,https://www.jepx.jp/_download.php?dir=spot_summary&file=spot_summary_2024.csv
2025-03-11,jepx-spread-top8-kyushu,kyushu,11.116250000000003,https://www.jepx.jp/_download.php?dir=spot_summary&file=spot_summary_2024.csv
2025-03-12,jepx-spread-top8-kyushu,kyushu,8.84625,https://www.jepx.jp/_download.php?dir=spot_summary&file=spot_summary_2024.csv
2025-03-13,jepx-spread-top8-kyushu,kyushu,6.46375,https://www.jepx.jp/_download.php?dir=spot_summary&file=spot_summary_2024.csv
2025-03-14,jepx-spread-top8-kyushu,kyushu,14.15875,https://www.jepx.jp/_download.php?dir=spot_summary&file=spot_summary_2024.csv
2025-03-15,jepx-spread-top8-kyushu,kyushu,4.616249999999999,https://www.jepx.jp/_download.php?dir=spot_summary&file=spot_summary_2024.csv
2025-03-16,jepx-spread-top8-kyushu,kyushu,8.161249999999999,https://www.jepx.jp/_download.php?dir=spot_summary&file=spot_summary_2024.csv
2025-03-17,jepx-spread-top8-kyushu,kyushu,14.282499999999999,https://www.jepx.jp/_download.php?dir=spot_summary&file=spot_summary_2024.csv
2025-03-18,jepx-spread-top8-kyushu,kyushu,12.165,https://www.jepx.jp/_download.php?dir=spot_summary&file=spot_summary_2024.csv
2025-03-19,jepx-spread-top8-kyushu,kyushu,12.76625,https://www.jepx.jp/_download.php?dir=spot_summary&file=spot_summary_2024.csv
2025-03-20,jepx-spread-top8-kyushu,kyushu,17.22,https://www.jepx.jp/_download.php?dir=spot_summary&file=spot_summary_2024.csv
2025-03-21,jepx-spread-top8-kyushu,kyushu,12.674999999999999,https://www.jepx.jp/_download.php?dir=spot_summary&file=spot_summary_2024.csv
2025-03-22,jepx-spread-top8-kyushu,kyushu,11.88875,https://www.jepx.jp/_download.php?dir=spot_summary&file=spot_summary_2024.csv
2025-03-23,jepx-spread-top8-kyushu,kyushu,9.340000000000002,https://www.jepx.jp/_download.php?dir=spot_summary&file=spot_summary_2024.csv
2025-03-24,jepx-spread-top8-kyushu,kyushu,4.445,https://www.jepx.jp/_download.php?dir=spot_summary&file=spot_summary_2024.csv
2025-03-25,jepx-spread-top8-kyushu,kyushu,10.136249999999999,https://www.jepx.jp/_download.php?dir=spot_summary&file=spot_summary_2024.csv
2025-03-26,jepx-spread-top8-kyushu,kyushu,10.186250000000001,https://www.jepx.jp/_download.php?dir=spot_summary&file=spot_summary_2024.csv
2025-03-27,jepx-spread-top8-kyushu,kyushu,5.138749999999999,https://www.jepx.jp/_download.php?dir=spot_summary&file=spot_summary_2024.csv
2025-03-28,jepx-spread-top8-kyushu,kyushu,2.6225000000000005,https://www.jepx.jp/_download.php?dir=spot_summary&file=spot_summary_2024.csv
2025-03-29,jepx-spread-top8-kyushu,kyushu,10.8525,https://www.jepx.jp/_download.php?dir=spot_summary&file=spot_summary_2024.csv
2025-03-30,jepx-spread-top8-kyushu,kyushu,12.895,https://www.jepx.jp/_download.php?dir=spot_summary&file=spot_summary_2024.csv
2025-03-31,jepx-spread-top8-kyushu,kyushu,15.12625,https://www.jepx.jp/_download.php?dir=spot_summary&file=spot_summary_2024.csv
2025-04-01,jepx-spread-top8-kyushu,kyushu,8.756250000000003,https://www.jepx.jp/_download.php?dir=spot_summary&file=spot_summary_2025.csv
2025-04-02,jepx-spread-top8-kyushu,kyushu,8.622499999999999,https://www.jepx.jp/_download.php?dir=spot_summary&file=spot_summary_2025.csv
2025-04-03,jepx-spread-top8-kyushu,kyushu,14.020000000000001,https://www.jepx.jp/_download.php?dir=spot_summary&file=spot_summary_2025.csv
2025-04-04,jepx-spread-top8-kyushu,kyushu,15.47375,https://www.jepx.jp/_download.php?dir=spot_summary&file=spot_summary_2025.csv
2025-04-05,jepx-spread-top8-kyushu,kyushu,6.297499999999999,https://www.jepx.jp/_download.php?dir=spot_summary&file=spot_summary_2025.csv
2025-04-06,jepx-spread-top8-kyushu,kyushu,12.12875,https://www.jepx.jp/_download.php?dir=spot_summary&file=spot_summary_2025.csv
2025-04-07,jepx-spread-top8-kyushu,kyushu,14.007499999999999,https://www.jepx.jp/_download.php?dir=spot_summary&file=spot_summary_2025.csv
2025-04-08,jepx-spread-top8-kyushu,kyushu,12.805000000000001,https://www.jepx.jp/_download.php?dir=spot_summary&file=spot_summary_2025.csv
2025-04-09,jepx-spread-top8-kyushu,kyushu,13.74875,https://www.jepx.jp/_download.php?dir=spot_summary&file=spot_summary_2025.csv
2025-04-10,jepx-spread-top8-kyushu,kyushu,3.1050000000000004,https://www.jepx.jp/_download.php?dir=spot_summary&file=spot_summary_2025.csv
2025-04-11,jepx-spread-top8-kyushu,kyushu,13.428749999999999,https://www.jepx.jp/_download.php?dir=spot_summary&file=spot_summary_2025.csv
2025-04-12,jepx-spread-top8-kyushu,kyushu,12.487499999999999,https://www.jepx.jp/_download.php?dir=spot_summary&file=spot_summary_2025.csv
2025-04-13,jepx-spread-top8-kyushu,kyushu,12.1075,https://www.jepx.jp/_download.php?dir=spot_summary&file=spot_summary_2025.csv
2025-04-14,jepx-spread-top8-kyushu,kyushu,8.696250000000001,https://www.jepx.jp/_download.php?dir=spot_summary&file=spot_summary_2025.csv
2025-04-15,jepx-spread-top8-kyushu,kyushu,15.455,https://www.jepx.jp/_download.php?dir=spot_summary&file=spot_summary_2025.csv
2025-04-16,jepx-spread-top8-kyushu,kyushu,13.50625,https://www.jepx.jp/_download.php?dir=spot_summary&file=spot_summary_2025.csv
2025-04-17,jepx-spread-top8-kyushu,kyushu,12.025,https://www.jepx.jp/_download.php?dir=spot_summary&file=spot_summary_2025.csv
2025-04-18,jepx-spread-top8-kyushu,kyushu,8.736250000000002,https://www.jepx.jp/_download.php?dir=spot_summary&file=spot_summary_2025.csv
2025-04-19,jepx-spread-top8-kyushu,kyushu,10.45875,https://www.jepx.jp/_download.php?dir=spot_summary&file=spot_summary_2025.csv
2025-04-20,jepx-spread-top8-kyushu,kyushu,6.788749999999999,https://www.jepx.jp/_download.php?dir=spot_summary&file=spot_summary_2025.csv
2025-04-21,jepx-spread-top8-kyushu,kyushu,13.2575,https://www.jepx.jp/_download.php?dir=spot_summary&file=spot_summary_2025.csv
2025-04-22,jepx-spread-top8-kyushu,kyushu,6.986249999999998,https://www.jepx.jp/_download.php?dir=spot_summary&file=spot_summary_2025.csv
2025-04-23,jepx-spread-top8-kyushu,kyushu,7.797499999999999,https://www.jepx.jp/_download.php?dir=spot_summary&file=spot_summary_2025.csv
2025-04-24,jepx-spread-top8-kyushu,kyushu,12.16125,https://www.jepx.jp/_download.php?dir=spot_summary&file=spot_summary_2025.csv
2025-04-25,jepx-spread-top8-kyushu,kyushu,7.079999999999998,https://www.jepx.jp/_download.php?dir=spot_summary&file=spot_summary_2025.csv
2025-04-26,jepx-spread-top8-kyushu,kyushu,11.59125,https://www.jepx.jp/_download.php?dir=spot_summary&file=spot_summary_2025.csv
2025-04-27,jepx-spread-top8-kyushu,kyushu,12.860000000000001,https://www.jepx.jp/_download.php?dir=spot_summary&file=spot_summary_2025.csv
2025-04-28,jepx-spread-top8-kyushu,kyushu,6.07625,https://www.jepx.jp/_download.php?dir=spot_summary&file=spot_summary_2025.csv
2025-04-29,jepx-spread-top8-kyushu,kyushu,13.2925,https://www.jepx.jp/_download.php?dir=spot_summary&file=spot_summary_2025.csv
2025-04-30,jepx-spread-top8-kyushu,kyushu,12.68625,https://www.jepx.jp/_download.php?dir=spot_summary&file=spot_summary_2025.csv
2025-05-01,jepx-spread-top8-kyushu,kyushu,12.883750000000001,https://www.jepx.jp/_download.php?dir=spot_summary&file=spot_summary_2025.csv
2025-05-02,jepx-spread-top8-kyushu,kyushu,14.312500000000002,https://www.jepx.jp/_download.php?dir=spot_summary&file=spot_summary_2025.csv
2025-05-03,jepx-spread-top8-kyushu,kyushu,13.235,https://www.jepx.jp/_download.php?dir=spot_summary&file=spot_summary_2025.csv
2025-05-04,jepx-spread-top8-kyushu,kyushu,12.455,https://www.jepx.jp/_download.php?dir=spot_summary&file=spot_summary_2025.csv
2025-05-05,jepx-spread-top8-kyushu,kyushu,12.04125,https://www.jepx.jp/_download.php?dir=spot_summary&file=spot_summary_2025.csv
2025-05-06,jepx-spread-top8-kyushu,kyushu,7.328749999999999,https://www.jepx.jp/_download.php?dir=spot_summary&file=spot_summary_2025.csv
2025-05-07,jepx-spread-top8-kyushu,kyushu,13.15375,https://www.jepx.jp/_download.php?dir=spot_summary&file=spot_summary_2025.csv
2025-05-08,jepx-spread-top8-kyushu,kyushu,13.1125,https://www.jepx.jp/_download.php?dir=spot_summary&file=spot_summary_2025.csv
2025-05-09,jepx-spread-top8-kyushu,kyushu,5.82375,https://www.jepx.jp/_download.php?dir=spot_summary&file=spot_summary_2025.csv
2025-05-10,jepx-spread-top8-kyushu,kyushu,9.840000000000002,https://www.jepx.jp/_download.php?dir=spot_summary&file=spot_summary_2025.csv
2025-05-11,jepx-spread-top8-kyushu,kyushu,4.37375,https://www.jepx.jp/_download.php?dir=spot_summary&file=spot_summary_2025.csv
2025-05-12,jepx-spread-top8-kyushu,kyushu,11.53125,https://www.jepx.jp/_download.php?dir=spot_summary&file=spot_summary_2025.csv
2025-05-13,jepx-spread-top8-kyushu,kyushu,11.04625,https://www.jepx.jp/_download.php?dir=spot_summary&file=spot_summary_2025.csv
2025-05-14,jepx-spread-top8-kyushu,kyushu,9.2125,https://www.jepx.jp/_download.php?dir=spot_summary&file=spot_summary_2025.csv
2025-05-15,jepx-spread-top8-kyushu,kyushu,6.173750000000001,https://www.jepx.jp/_download.php?dir=spot_summary&file=spot_summary_2025.csv
2025-05-16,jepx-spread-top8-kyushu,kyushu,6.073750000000001,https://www.jepx.jp/_download.php?dir=spot_summary&file=spot_summary_2025.csv
2025-05-17,jepx-spread-top8-kyushu,kyushu,3.8637499999999996,https://www.jepx.jp/_download.php?dir=spot_summary&file=spot_summary_2025.csv
2025-05-18,jepx-spread-top8-kyushu,kyushu,7.52375,https://www.jepx.jp/_download.php?dir=spot_summary&file=spot_summary_2025.csv
2025-05-19,jepx-spread-top8-kyushu,kyushu,11.49625,https://www.jepx.jp/_download.php?dir=spot_summary&file=spot_summary_2025.csv
2025-05-20,jepx-spread-top8-kyushu,kyushu,14.372499999999999,https://www.jepx.jp/_download.php?dir=spot_summary&file=spot_summary_2025.csv
2025-05-21,jepx-spread-top8-kyushu,kyushu,9.68625,https://www.jepx.jp/_download.php?dir=spot_summary&file=spot_summary_2025.csv
2025-05-22,jepx-spread-top8-kyushu,kyushu,10.241249999999999,https://www.jepx.jp/_download.php?dir=spot_summary&file=spot_summary_2025.csv
2025-05-23,jepx-spread-top8-kyushu,kyushu,8.38875,https://www.jepx.jp/_download.php?dir=spot_summary&file=spot_summary_2025.csv
2025-05-24,jepx-spread-top8-kyushu,kyushu,4.106250000000001,https://www.jepx.jp/_download.php?dir=spot_summary&file=spot_summary_2025.csv
2025-05-25,jepx-spread-top8-kyushu,kyushu,7.43125,https://www.jepx.jp/_download.php?dir=spot_summary&file=spot_summary_2025.csv
2025-05-26,jepx-spread-top8-kyushu,kyushu,10.9425,https://www.jepx.jp/_download.php?dir=spot_summary&file=spot_summary_2025.csv
2025-05-27,jepx-spread-top8-kyushu,kyushu,10.10125,https://www.jepx.jp/_download.php?dir=spot_summary&file=spot_summary_2025.csv
2025-05-28,jepx-spread-top8-kyushu,kyushu,9.47125,https://www.jepx.jp/_download.php?dir=spot_summary&file=spot_summary_2025.csv
2025-05-29,jepx-spread-top8-kyushu,kyushu,5.735,https://www.jepx.jp/_download.php?dir=spot_summary&file=spot_summary_2025.csv
2025-05-30,jepx-spread-top8-kyushu,kyushu,4.03125,https://www.jepx.jp/_download.php?dir=spot_summary&file=spot_summary_2025.csv
2025-05-31,jepx-spread-top8-kyushu,kyushu,8.215,https://www.jepx.jp/_download.php?dir=spot_summary&file=spot_summary_2025.csv
2025-06-01,jepx-spread-top8-kyushu,kyushu,10.15875,https://www.jepx.jp/_download.php?dir=spot_summary&file=spot_summary_2025.csv
2025-06-02,jepx-spread-top8-kyushu,kyushu,5.71875,https://www.jepx.jp/_download.php?dir=spot_summary&file=spot_summary_2025.csv
2025-06-03,jepx-spread-top8-kyushu,kyushu,8.46875,https://www.jepx.jp/_download.php?dir=spot_summary&file=spot_summary_2025.csv
2025-06-04,jepx-spread-top8-kyushu,kyushu,11.92625,https://www.jepx.jp/_download.php?dir=spot_summary&file=spot_summary_2025.csv
2025-06-05,jepx-spread-top8-kyushu,kyushu,10.696250000000001,https://www.jepx.jp/_download.php?dir=spot_summary&file=spot_summary_2025.csv
2025-06-06,jepx-spread-top8-kyushu,kyushu,9.975,https://www.jepx.jp/_download.php?dir=spot_summary&file=spot_summary_2025.csv
2025-06-07,jepx-spread-top8-kyushu,kyushu,9.123750000000001,https://www.jepx.jp/_download.php?dir=spot_summary&file=spot_summary_2025.csv
2025-06-08,jepx-spread-top8-kyushu,kyushu,3.3637500000000005,https://www.jepx.jp/_download.php?dir=spot_summary&file=spot_summary_2025.csv
2025-06-09,jepx-spread-top8-kyushu,kyushu,5.7475,https://www.jepx.jp/_download.php?dir=spot_summary&file=spot_summary_2025.csv
2025-06-10,jepx-spread-top8-kyushu,kyushu,8.89875,https://www.jepx.jp/_download.php?dir=spot_summary&file=spot_summary_2025.csv
2025-06-11,jepx-spread-top8-kyushu,kyushu,7.6775,https://www.jepx.jp/_download.php?dir=spot_summary&file=spot_summary_2025.csv
2025-06-12,jepx-spread-top8-kyushu,kyushu,5.081249999999999,https://www.jepx.jp/_download.php?dir=spot_summary&file=spot_summary_2025.csv
2025-06-13,jepx-spread-top8-kyushu,kyushu,7.33,https://www.jepx.jp/_download.php?dir=spot_summary&file=spot_summary_2025.csv
2025-06-14,jepx-spread-top8-kyushu,kyushu,2.60375,https://www.jepx.jp/_download.php?dir=spot_summary&file=spot_summary_2025.csv
2025-06-15,jepx-spread-top8-kyushu,kyushu,8.665,https://www.jepx.jp/_download.php?dir=spot_summary&file=spot_summary_2025.csv
2025-06-16,jepx-spread-top8-kyushu,kyushu,18.990000000000002,https://www.jepx.jp/_download.php?dir=spot_summary&file=spot_summary_2025.csv
2025-06-17,jepx-spread-top8-kyushu,kyushu,17.92875,https://www.jepx.jp/_download.php?dir=spot_summary&file=spot_summary_2025.csv
2025-06-18,jepx-spread-top8-kyushu,kyushu,18.214999999999996,https://www.jepx.jp/_download.php?dir=spot_summary&file=spot_summary_2025.csv
2025-06-19,jepx-spread-top8-kyushu,kyushu,24.598750000000003,https://www.jepx.jp/_download.php?dir=spot_summary&file=spot_summary_2025.csv
2025-06-20,jepx-spread-top8-kyushu,kyushu,19.84,https://www.jepx.jp/_download.php?dir=spot_summary&file=spot_summary_2025.csv
2025-06-21,jepx-spread-top8-kyushu,kyushu,9.493750000000002,https://www.jepx.jp/_download.php?dir=spot_summary&file=spot_summary_2025.csv
2025-06-22,jepx-spread-top8-kyushu,kyushu,8.423749999999998,https://www.jepx.jp/_download.php?dir=spot_summary&file=spot_summary_2025.csv
2025-06-23,jepx-spread-top8-kyushu,kyushu,12.1725,https://www.jepx.jp/_download.php?dir=spot_summary&file=spot_summary_2025.csv
2025-06-24,jepx-spread-top8-kyushu,kyushu,14.68,https://www.jepx.jp/_download.php?dir=spot_summary&file=spot_summary_2025.csv
2025-06-25,jepx-spread-top8-kyushu,kyushu,14.478750000000002,https://www.jepx.jp/_download.php?dir=spot_summary&file=spot_summary_2025.csv
2025-06-26,jepx-spread-top8-kyushu,kyushu,10.709999999999999,https://www.jepx.jp/_download.php?dir=spot_summary&file=spot_summary_2025.csv
2025-06-27,jepx-spread-top8-kyushu,kyushu,11.575,https://www.jepx.jp/_download.php?dir=spot_summary&file=spot_summary_2025.csv
2025-06-28,jepx-spread-top8-kyushu,kyushu,14.2575,https://www.jepx.jp/_download.php?dir=spot_summary&file=spot_summary_2025.csv
2025-06-29,jepx-spread-top8-kyushu,kyushu,14.858749999999999,https://www.jepx.jp/_download.php?dir=spot_summary&file=spot_summary_2025.csv
2025-06-30,jepx-spread-top8-kyushu,kyushu,13.302499999999997,https://www.jepx.jp/_download.php?dir=spot_summary&file=spot_summary_2025.csv
2025-07-01,jepx-spread-top8-kyushu,kyushu,11.457499999999998,https://www.jepx.jp/_download.php?dir=spot_summary&file=spot_summary_2025.csv
2025-07-02,jepx-spread-top8-kyushu,kyushu,18.5325,https://www.jepx.jp/_download.php?dir=spot_summary&file=spot_summary_2025.csv
2025-07-03,jepx-spread-top8-kyushu,kyushu,12.848749999999999,https://www.jepx.jp/_download.php?dir=spot_summary&file=spot_summary_2025.csv
2025-07-04,jepx-spread-top8-kyushu,kyushu,17.465,https://www.jepx.jp/_download.php?dir=spot_summary&file=spot_summary_2025.csv
2025-07-05,jepx-spread-top8-kyushu,kyushu,10.817500000000003,https://www.jepx.jp/_download.php?dir=spot_summary&file=spot_summary_2025.csv
2025-07-06,jepx-spread-top8-kyushu,kyushu,11.498749999999998,https://www.jepx.jp/_download.php?dir=spot_summary&file=spot_summary_2025.csv
2025-07-07,jepx-spread-top8-kyushu,kyushu,19.490000000000002,https://www.jepx.jp/_download.php?dir=spot_summary&file=spot_summary_2025.csv
2025-07-08,jepx-spread-top8-kyushu,kyushu,17.950000000000003,https://www.jepx.jp/_download.php?dir=spot_summary&file=spot_summary_2025.csv
2025-07-09,jepx-spread-top8-kyushu,kyushu,11.74125,https://www.jepx.jp/_download.php?dir=spot_summary&file=spot_summary_2025.csv
2025-07-10,jepx-spread-top8-kyushu,kyushu,9.317499999999997,https://www.jepx.jp/_download.php?dir=spot_summary&file=spot_summary_2025.csv
2025-07-11,jepx-spread-top8-kyushu,kyushu,6.723750000000003,https://www.jepx.jp/_download.php?dir=spot_summary&file=spot_summary_2025.csv
2025-07-12,jepx-spread-top8-kyushu,kyushu,7.056249999999999,https://www.jepx.jp/_download.php?dir=spot_summary&file=spot_summary_2025.csv
2025-07-13,jepx-spread-top8-kyushu,kyushu,8.357500000000002,https://www.jepx.jp/_download.php?dir=spot_summary&file=spot_summary_2025.csv
2025-07-14,jepx-spread-top8-kyushu,kyushu,9.695000000000002,https://www.jepx.jp/_download.php?dir=spot_summary&file=spot_summary_2025.csv
2025-07-15,jepx-spread-top8-kyushu,kyushu,10.21125,https://www.jepx.jp/_download.php?dir=spot_summary&file=spot_summary_2025.csv
2025-07-16,jepx-spread-top8-kyushu,kyushu,9.467500000000005,https://www.jepx.jp/_download.php?dir=spot_summary&file=spot_summary_2025.csv
2025-07-17,jepx-spread-top8-kyushu,kyushu,7.60875,https://www.jepx.jp/_download.php?dir=spot_summary&file=spot_summary_2025.csv
2025-07-18,jepx-spread-top8-kyushu,kyushu,8.947500000000002,https://www.jepx.jp/_download.php?dir=spot_summary&file=spot_summary_2025.csv
2025-07-19,jepx-spread-top8-kyushu,kyushu,5.273749999999998,https://www.jepx.jp/_download.php?dir=spot_summary&file=spot_summary_2025.csv
2025-07-20,jepx-spread-top8-kyushu,kyushu,6.998749999999999,https://www.jepx.jp/_download.php?dir=spot_summary&file=spot_summary_2025.csv
2025-07-21,jepx-spread-top8-kyushu,kyushu,8.79375,https://www.jepx.jp/_download.php?dir=spot_summary&file=spot_summary_2025.csv
2025-07-22,jepx-spread-top8-kyushu,kyushu,11.5,https://www.jepx.jp/_download.php?dir=spot_summary&file=spot_summary_2025.csv
2025-07-23,jepx-spread-top8-kyushu,kyushu,11.508750000000003,https://www.jepx.jp/_download.php?dir=spot_summary&file=spot_summary_2025.csv
2025-07-24,jepx-spread-top8-kyushu,kyushu,11.541250000000002,https://www.jepx.jp/_download.php?dir=spot_summary&file=spot_summary_2025.csv
2025-07-25,jepx-spread-top8-kyushu,kyushu,11.151250000000003,https://www.jepx.jp/_download.php?dir=spot_summary&file=spot_summary_2025.csv
2025-07-26,jepx-spread-top8-kyushu,kyushu,8.132499999999999,https://www.jepx.jp/_download.php?dir=spot_summary&file=spot_summary_2025.csv
2025-07-27,jepx-spread-top8-kyushu,kyushu,9.8125,https://www.jepx.jp/_download.php?dir=spot_summary&file=spot_summary_2025.csv
2025-07-28,jepx-spread-top8-kyushu,kyushu,14.888750000000002,https://www.jepx.jp/_download.php?dir=spot_summary&file=spot_summary_2025.csv
2025-07-29,jepx-spread-top8-kyushu,kyushu,16.104999999999997,https://www.jepx.jp/_download.php?dir=spot_summary&file=spot_summary_2025.csv
2025-07-30,jepx-spread-top8-kyushu,kyushu,14.4975,https://www.jepx.jp/_download.php?dir=spot_summary&file=spot_summary_2025.csv
2025-07-31,jepx-spread-top8-kyushu,kyushu,11.066249999999998,https://www.jepx.jp/_download.php?dir=spot_summary&file=spot_summary_2025.csv
2025-08-01,jepx-spread-top8-kyushu,kyushu,8.39125,https://www.jepx.jp/_download.php?dir=spot_summary&file=spot_summary_2025.csv
2025-08-02,jepx-spread-top8-kyushu,kyushu,9.628750000000004,https://www.jepx.jp/_download.php?dir=spot_summary&file=spot_summary_2025.csv
2025-08-03,jepx-spread-top8-kyushu,kyushu,9.981250000000001,https://www.jepx.jp/_download.php?dir=spot_summary&file=spot_summary_2025.csv
2025-08-04,jepx-spread-top8-kyushu,kyushu,10.61375,https://www.jepx.jp/_download.php?dir=spot_summary&file=spot_summary_2025.csv
2025-08-05,jepx-spread-top8-kyushu,kyushu,11.97875,https://www.jepx.jp/_download.php?dir=spot_summary&file=spot_summary_2025.csv
2025-08-06,jepx-spread-top8-kyushu,kyushu,10.1175,https://www.jepx.jp/_download.php?dir=spot_summary&file=spot_summary_2025.csv
2025-08-07,jepx-spread-top8-kyushu,kyushu,9.837500000000002,https://www.jepx.jp/_download.php?dir=spot_summary&file=spot_summary_2025.csv
2025-08-08,jepx-spread-top8-kyushu,kyushu,8.288749999999997,https://www.jepx.jp/_download.php?dir=spot_summary&file=spot_summary_2025.csv
2025-08-09,jepx-spread-top8-kyushu,kyushu,4.873750000000001,https://www.jepx.jp/_download.php?dir=spot_summary&file=spot_summary_2025.csv
2025-08-10,jepx-spread-top8-kyushu,kyushu,3.3599999999999994,https://www.jepx.jp/_download.php?dir=spot_summary&file=spot_summary_2025.csv
2025-08-11,jepx-spread-top8-kyushu,kyushu,2.991250000000001,https://www.jepx.jp/_download.php?dir=spot_summary&file=spot_summary_2025.csv
2025-08-12,jepx-spread-top8-kyushu,kyushu,4.618749999999999,https://www.jepx.jp/_download.php?dir=spot_summary&file=spot_summary_2025.csv
2025-08-13,jepx-spread-top8-kyushu,kyushu,8.13625,https://www.jepx.jp/_download.php?dir=spot_summary&file=spot_summary_2025.csv
2025-08-14,jepx-spread-top8-kyushu,kyushu,6.785,https://www.jepx.jp/_download.php?dir=spot_summary&file=spot_summary_2025.csv
2025-08-15,jepx-spread-top8-kyushu,kyushu,5.2725,https://www.jepx.jp/_download.php?dir=spot_summary&file=spot_summary_2025.csv
2025-08-16,jepx-spread-top8-kyushu,kyushu,5.4525000000000015,https://www.jepx.jp/_download.php?dir=spot_summary&file=spot_summary_2025.csv
2025-08-17,jepx-spread-top8-kyushu,kyushu,6.906249999999999,https://www.jepx.jp/_download.php?dir=spot_summary&file=spot_summary_2025.csv
2025-08-18,jepx-spread-top8-kyushu,kyushu,9.437500000000002,https://www.jepx.jp/_download.php?dir=spot_summary&file=spot_summary_2025.csv
2025-08-19,jepx-spread-top8-kyushu,kyushu,9.46125,https://www.jepx.jp/_download.php?dir=spot_summary&file=spot_summary_2025.csv
2025-08-20,jepx-spread-top8-kyushu,kyushu,8.847500000000002,https://www.jepx.jp/_download.php?dir=spot_summary&file=spot_summary_2025.csv
2025-08-21,jepx-spread-top8-kyushu,kyushu,9.319999999999999,https://www.jepx.jp/_download.php?dir=spot_summary&file=spot_summary_2025.csv
2025-08-22,jepx-spread-top8-kyushu,kyushu,10.377500000000003,https://www.jepx.jp/_download.php?dir=spot_summary&file=spot_summary_2025.csv
2025-08-23,jepx-spread-top8-kyushu,kyushu,5.833749999999999,https://www.jepx.jp/_download.php?dir=spot_summary&file=spot_summary_2025.csv
2025-08-24,jepx-spread-top8-kyushu,kyushu,6.017499999999998,https://www.jepx.jp/_download.php?dir=spot_summary&file=spot_summary_2025.csv
2025-08-25,jepx-spread-top8-kyushu,kyushu,10.238750000000001,https://www.jepx.jp/_download.php?dir=spot_summary&file=spot_summary_2025.csv
2025-08-26,jepx-spread-top8-kyushu,kyushu,9.8975,https://www.jepx.jp/_download.php?dir=spot_summary&file=spot_summary_2025.csv
2025-08-27,jepx-spread-top8-kyushu,kyushu,8.627499999999998,https://www.jepx.jp/_download.php?dir=spot_summary&file=spot_summary_2025.csv
2025-08-28,jepx-spread-top8-kyushu,kyushu,9.5225,https://www.jepx.jp/_download.php?dir=spot_summary&file=spot_summary_2025.csv
2025-08-29,jepx-spread-top8-kyushu,kyushu,9.3525,https://www.jepx.jp/_download.php?dir=spot_summary&file=spot_summary_2025.csv
2025-08-30,jepx-spread-top8-kyushu,kyushu,7.1125,https://www.jepx.jp/_download.php?dir=spot_summary&file=spot_summary_2025.csv
2025-08-31,jepx-spread-top8-kyushu,kyushu,7.609999999999999,https://www.jepx.jp/_download.php?dir=spot_summary&file=spot_summary_2025.csv
2025-09-01,jepx-spread-top8-kyushu,kyushu,12.21875,https://www.jepx.jp/_download.php?dir=spot_summary&file=spot_summary_2025.csv
2025-09-02,jepx-spread-top8-kyushu,kyushu,11.6375,https://www.jepx.jp/_download.php?dir=spot_summary&file=spot_summary_2025.csv
2025-09-03,jepx-spread-top8-kyushu,kyushu,16.21625,https://www.jepx.jp/_download.php?dir=spot_summary&file=spot_summary_2025.csv
2025-09-04,jepx-spread-top8-kyushu,kyushu,9.20125,https://www.jepx.jp/_download.php?dir=spot_summary&file=spot_summary_2025.csv
2025-09-05,jepx-spread-top8-kyushu,kyushu,10.068749999999998,https://www.jepx.jp/_download.php?dir=spot_summary&file=spot_summary_2025.csv
2025-09-06,jepx-spread-top8-kyushu,kyushu,7.9662500000000005,https://www.jepx.jp/_download.php?dir=spot_summary&file=spot_summary_2025.csv
2025-09-07,jepx-spread-top8-kyushu,kyushu,7.590000000000001,https://www.jepx.jp/_download.php?dir=spot_summary&file=spot_summary_2025.csv
2025-09-08,jepx-spread-top8-kyushu,kyushu,11.579999999999998,https://www.jepx.jp/_download.php?dir=spot_summary&file=spot_summary_2025.csv
2025-09-09,jepx-spread-top8-kyushu,kyushu,10.564999999999998,https://www.jepx.jp/_download.php?dir=spot_summary&file=spot_summary_2025.csv
2025-09-10,jepx-spread-top8-kyushu,kyushu,10.521249999999998,https://www.jepx.jp/_download.php?dir=spot_summary&file=spot_summary_2025.csv
2025-09-11,jepx-spread-top8-kyushu,kyushu,8.468750000000002,https://www.jepx.jp/_download.php?dir=spot_summary&file=spot_summary_2025.csv
2025-09-12,jepx-spread-top8-kyushu,kyushu,5.471249999999998,https://www.jepx.jp/_download.php?dir=spot_summary&file=spot_summary_2025.csv
2025-09-13,jepx-spread-top8-kyushu,kyushu,4.832500000000001,https://www.jepx.jp/_download.php?dir=spot_summary&file=spot_summary_2025.csv
2025-09-14,jepx-spread-top8-kyushu,kyushu,8.08875,https://www.jepx.jp/_download.php?dir=spot_summary&file=spot_summary_2025.csv
2025-09-15,jepx-spread-top8-kyushu,kyushu,9.969999999999999,https://www.jepx.jp/_download.php?dir=spot_summary&file=spot_summary_2025.csv
2025-09-16,jepx-spread-top8-kyushu,kyushu,12.439999999999998,https://www.jepx.jp/_download.php?dir=spot_summary&file=spot_summary_2025.csv
2025-09-17,jepx-spread-top8-kyushu,kyushu,10.08,https://www.jepx.jp/_download.php?dir=spot_summary&file=spot_summary_2025.csv
2025-09-18,jepx-spread-top8-kyushu,kyushu,10.66,https://www.jepx.jp/_download.php?dir=spot_summary&file=spot_summary_2025.csv
2025-09-19,jepx-spread-top8-kyushu,kyushu,7.501249999999999,https://www.jepx.jp/_download.php?dir=spot_summary&file=spot_summary_2025.csv
2025-09-20,jepx-spread-top8-kyushu,kyushu,5.70625,https://www.jepx.jp/_download.php?dir=spot_summary&file=spot_summary_2025.csv
2025-09-21,jepx-spread-top8-kyushu,kyushu,7.811250000000001,https://www.jepx.jp/_download.php?dir=spot_summary&file=spot_summary_2025.csv
2025-09-22,jepx-spread-top8-kyushu,kyushu,5.983749999999999,https://www.jepx.jp/_download.php?dir=spot_summary&file=spot_summary_2025.csv
2025-09-23,jepx-spread-top8-kyushu,kyushu,1.7849999999999984,https://www.jepx.jp/_download.php?dir=spot_summary&file=spot_summary_2025.csv
2025-09-24,jepx-spread-top8-kyushu,kyushu,5.482499999999999,https://www.jepx.jp/_download.php?dir=spot_summary&file=spot_summary_2025.csv
2025-09-25,jepx-spread-top8-kyushu,kyushu,4.8512499999999985,https://www.jepx.jp/_download.php?dir=spot_summary&file=spot_summary_2025.csv
2025-09-26,jepx-spread-top8-kyushu,kyushu,6.381250000000001,https://www.jepx.jp/_download.php?dir=spot_summary&file=spot_summary_2025.csv
2025-09-27,jepx-spread-top8-kyushu,kyushu,4.303749999999999,https://www.jepx.jp/_download.php?dir=spot_summary&file=spot_summary_2025.csv
2025-09-28,jepx-spread-top8-kyushu,kyushu,4.535,https://www.jepx.jp/_download.php?dir=spot_summary&file=spot_summary_2025.csv
2025-09-29,jepx-spread-top8-kyushu,kyushu,5.282500000000001,https://www.jepx.jp/_download.php?dir=spot_summary&file=spot_summary_2025.csv
2025-09-30,jepx-spread-top8-kyushu,kyushu,5.203750000000001,https://www.jepx.jp/_download.php?dir=spot_summary&file=spot_summary_2025.csv
2025-10-01,jepx-spread-top8-kyushu,kyushu,9.8575,https://www.jepx.jp/_download.php?dir=spot_summary&file=spot_summary_2025.csv
2025-10-02,jepx-spread-top8-kyushu,kyushu,7.437499999999999,https://www.jepx.jp/_download.php?dir=spot_summary&file=spot_summary_2025.csv
2025-10-03,jepx-spread-top8-kyushu,kyushu,7.408749999999998,https://www.jepx.jp/_download.php?dir=spot_summary&file=spot_summary_2025.csv
2025-10-04,jepx-spread-top8-kyushu,kyushu,4.373750000000001,https://www.jepx.jp/_download.php?dir=spot_summary&file=spot_summary_2025.csv
2025-10-05,jepx-spread-top8-kyushu,kyushu,7.589999999999999,https://www.jepx.jp/_download.php?dir=spot_summary&file=spot_summary_2025.csv
2025-10-06,jepx-spread-top8-kyushu,kyushu,9.478750000000002,https://www.jepx.jp/_download.php?dir=spot_summary&file=spot_summary_2025.csv
2025-10-07,jepx-spread-top8-kyushu,kyushu,8.627500000000001,https://www.jepx.jp/_download.php?dir=spot_summary&file=spot_summary_2025.csv
2025-10-08,jepx-spread-top8-kyushu,kyushu,9.4875,https://www.jepx.jp/_download.php?dir=spot_summary&file=spot_summary_2025.csv
2025-10-09,jepx-spread-top8-kyushu,kyushu,9.08,https://www.jepx.jp/_download.php?dir=spot_summary&file=spot_summary_2025.csv
2025-10-10,jepx-spread-top8-kyushu,kyushu,7.6274999999999995,https://www.jepx.jp/_download.php?dir=spot_summary&file=spot_summary_2025.csv
2025-10-11,jepx-spread-top8-kyushu,kyushu,6.045,https://www.jepx.jp/_download.php?dir=spot_summary&file=spot_summary_2025.csv
2025-10-12,jepx-spread-top8-kyushu,kyushu,8.111249999999998,https://www.jepx.jp/_download.php?dir=spot_summary&file=spot_summary_2025.csv
2025-10-13,jepx-spread-top8-kyushu,kyushu,12.002500000000001,https://www.jepx.jp/_download.php?dir=spot_summary&file=spot_summary_2025.csv
2025-10-14,jepx-spread-top8-kyushu,kyushu,9.921249999999999,https://www.jepx.jp/_download.php?dir=spot_summary&file=spot_summary_2025.csv
2025-10-15,jepx-spread-top8-kyushu,kyushu,11.116249999999999,https://www.jepx.jp/_download.php?dir=spot_summary&file=spot_summary_2025.csv
2025-10-16,jepx-spread-top8-kyushu,kyushu,22.275000000000002,https://www.jepx.jp/_download.php?dir=spot_summary&file=spot_summary_2025.csv
2025-10-17,jepx-spread-top8-kyushu,kyushu,10.351249999999997,https://www.jepx.jp/_download.php?dir=spot_summary&file=spot_summary_2025.csv
2025-10-18,jepx-spread-top8-kyushu,kyushu,5.94875,https://www.jepx.jp/_download.php?dir=spot_summary&file=spot_summary_2025.csv
2025-10-19,jepx-spread-top8-kyushu,kyushu,5.21875,https://www.jepx.jp/_download.php?dir=spot_summary&file=spot_summary_2025.csv
2025-10-20,jepx-spread-top8-kyushu,kyushu,7.03125,https://www.jepx.jp/_download.php?dir=spot_summary&file=spot_summary_2025.csv
2025-10-21,jepx-spread-top8-kyushu,kyushu,7.377500000000003,https://www.jepx.jp/_download.php?dir=spot_summary&file=spot_summary_2025.csv
2025-10-22,jepx-spread-top8-kyushu,kyushu,8.043750000000003,https://www.jepx.jp/_download.php?dir=spot_summary&file=spot_summary_2025.csv
2025-10-23,jepx-spread-top8-kyushu,kyushu,5.31625,https://www.jepx.jp/_download.php?dir=spot_summary&file=spot_summary_2025.csv
2025-10-24,jepx-spread-top8-kyushu,kyushu,7.07,https://www.jepx.jp/_download.php?dir=spot_summary&file=spot_summary_2025.csv
2025-10-25,jepx-spread-top8-kyushu,kyushu,7.062500000000001,https://www.jepx.jp/_download.php?dir=spot_summary&file=spot_summary_2025.csv
2025-10-26,jepx-spread-top8-kyushu,kyushu,11.77,https://www.jepx.jp/_download.php?dir=spot_summary&file=spot_summary_2025.csv
2025-10-27,jepx-spread-top8-kyushu,kyushu,11.502500000000001,https://www.jepx.jp/_download.php?dir=spot_summary&file=spot_summary_2025.csv
2025-10-28,jepx-spread-top8-kyushu,kyushu,13.49,https://www.jepx.jp/_download.php?dir=spot_summary&file=spot_summary_2025.csv
2025-10-29,jepx-spread-top8-kyushu,kyushu,12.6675,https://www.jepx.jp/_download.php?dir=spot_summary&file=spot_summary_2025.csv
2025-10-30,jepx-spread-top8-kyushu,kyushu,14.363749999999998,https://www.jepx.jp/_download.php?dir=spot_summary&file=spot_summary_2025.csv
2025-10-31,jepx-spread-top8-kyushu,kyushu,8.521250000000002,https://www.jepx.jp/_download.php?dir=spot_summary&file=spot_summary_2025.csv
2025-11-01,jepx-spread-top8-kyushu,kyushu,9.4975,https://www.jepx.jp/_download.php?dir=spot_summary&file=spot_summary_2025.csv
2025-11-02,jepx-spread-top8-kyushu,kyushu,9.321250000000001,https://www.jepx.jp/_download.php?dir=spot_summary&file=spot_summary_2025.csv
2025-11-03,jepx-spread-top8-kyushu,kyushu,11.18375,https://www.jepx.jp/_download.php?dir=spot_summary&file=spot_summary_2025.csv
2025-11-04,jepx-spread-top8-kyushu,kyushu,5.4975000000000005,https://www.jepx.jp/_download.php?dir=spot_summary&file=spot_summary_2025.csv
2025-11-05,jepx-spread-top8-kyushu,kyushu,6.771249999999999,https://www.jepx.jp/_download.php?dir=spot_summary&file=spot_summary_2025.csv
2025-11-06,jepx-spread-top8-kyushu,kyushu,8.05,https://www.jepx.jp/_download.php?dir=spot_summary&file=spot_summary_2025.csv
2025-11-07,jepx-spread-top8-kyushu,kyushu,9.15,https://www.jepx.jp/_download.php?dir=spot_summary&file=spot_summary_2025.csv
2025-11-08,jepx-spread-top8-kyushu,kyushu,12.663750000000002,https://www.jepx.jp/_download.php?dir=spot_summary&file=spot_summary_2025.csv
2025-11-09,jepx-spread-top8-kyushu,kyushu,5.349999999999998,https://www.jepx.jp/_download.php?dir=spot_summary&file=spot_summary_2025.csv
2025-11-10,jepx-spread-top8-kyushu,kyushu,12.87,https://www.jepx.jp/_download.php?dir=spot_summary&file=spot_summary_2025.csv
2025-11-11,jepx-spread-top8-kyushu,kyushu,11.030000000000001,https://www.jepx.jp/_download.php?dir=spot_summary&file=spot_summary_2025.csv
2025-11-12,jepx-spread-top8-kyushu,kyushu,7.393750000000001,https://www.jepx.jp/_download.php?dir=spot_summary&file=spot_summary_2025.csv
2025-11-13,jepx-spread-top8-kyushu,kyushu,7.802499999999998,https://www.jepx.jp/_download.php?dir=spot_summary&file=spot_summary_2025.csv
2025-11-14,jepx-spread-top8-kyushu,kyushu,13.09,https://www.jepx.jp/_download.php?dir=spot_summary&file=spot_summary_2025.csv
2025-11-15,jepx-spread-top8-kyushu,kyushu,13.21625,https://www.jepx.jp/_download.php?dir=spot_summary&file=spot_summary_2025.csv
2025-11-16,jepx-spread-top8-kyushu,kyushu,11.8925,https://www.jepx.jp/_download.php?dir=spot_summary&file=spot_summary_2025.csv
2025-11-17,jepx-spread-top8-kyushu,kyushu,5.89,https://www.jepx.jp/_download.php?dir=spot_summary&file=spot_summary_2025.csv
2025-11-18,jepx-spread-top8-kyushu,kyushu,8.770000000000003,https://www.jepx.jp/_download.php?dir=spot_summary&file=spot_summary_2025.csv
2025-11-19,jepx-spread-top8-kyushu,kyushu,9.112500000000002,https://www.jepx.jp/_download.php?dir=spot_summary&file=spot_summary_2025.csv
2025-11-20,jepx-spread-top8-kyushu,kyushu,9.075,https://www.jepx.jp/_download.php?dir=spot_summary&file=spot_summary_2025.csv
2025-11-21,jepx-spread-top8-kyushu,kyushu,8.68125,https://www.jepx.jp/_download.php?dir=spot_summary&file=spot_summary_2025.csv
2025-11-22,jepx-spread-top8-kyushu,kyushu,12.195,https://www.jepx.jp/_download.php?dir=spot_summary&file=spot_summary_2025.csv
2025-11-23,jepx-spread-top8-kyushu,kyushu,12.16125,https://www.jepx.jp/_download.php?dir=spot_summary&file=spot_summary_2025.csv
2025-11-24,jepx-spread-top8-kyushu,kyushu,8.26625,https://www.jepx.jp/_download.php?dir=spot_summary&file=spot_summary_2025.csv
2025-11-25,jepx-spread-top8-kyushu,kyushu,5.481249999999999,https://www.jepx.jp/_download.php?dir=spot_summary&file=spot_summary_2025.csv
2025-11-26,jepx-spread-top8-kyushu,kyushu,8.316249999999998,https://www.jepx.jp/_download.php?dir=spot_summary&file=spot_summary_2025.csv
2025-11-27,jepx-spread-top8-kyushu,kyushu,7.5625,https://www.jepx.jp/_download.php?dir=spot_summary&file=spot_summary_2025.csv
2025-11-28,jepx-spread-top8-kyushu,kyushu,8.35625,https://www.jepx.jp/_download.php?dir=spot_summary&file=spot_summary_2025.csv
2025-11-29,jepx-spread-top8-kyushu,kyushu,12.0375,https://www.jepx.jp/_download.php?dir=spot_summary&file=spot_summary_2025.csv
2025-11-30,jepx-spread-top8-kyushu,kyushu,10.196250000000001,https://www.jepx.jp/_download.php?dir=spot_summary&file=spot_summary_2025.csv
2025-12-01,jepx-spread-top8-kyushu,kyushu,4.5825,https://www.jepx.jp/_download.php?dir=spot_summary&file=spot_summary_2025.csv
2025-12-02,jepx-spread-top8-kyushu,kyushu,4.438750000000001,https://www.jepx.jp/_download.php?dir=spot_summary&file=spot_summary_2025.csv
2025-12-03,jepx-spread-top8-kyushu,kyushu,7.48875,https://www.jepx.jp/_download.php?dir=spot_summary&file=spot_summary_2025.csv
2025-12-04,jepx-spread-top8-kyushu,kyushu,7.359999999999996,https://www.jepx.jp/_download.php?dir=spot_summary&file=spot_summary_2025.csv
2025-12-05,jepx-spread-top8-kyushu,kyushu,10.415,https://www.jepx.jp/_download.php?dir=spot_summary&file=spot_summary_2025.csv
2025-12-06,jepx-spread-top8-kyushu,kyushu,10.4775,https://www.jepx.jp/_download.php?dir=spot_summary&file=spot_summary_2025.csv
2025-12-07,jepx-spread-top8-kyushu,kyushu,9.68875,https://www.jepx.jp/_download.php?dir=spot_summary&file=spot_summary_2025.csv
2025-12-08,jepx-spread-top8-kyushu,kyushu,5.28125,https://www.jepx.jp/_download.php?dir=spot_summary&file=spot_summary_2025.csv
2025-12-09,jepx-spread-top8-kyushu,kyushu,9.435,https://www.jepx.jp/_download.php?dir=spot_summary&file=spot_summary_2025.csv
2025-12-10,jepx-spread-top8-kyushu,kyushu,9.10125,https://www.jepx.jp/_download.php?dir=spot_summary&file=spot_summary_2025.csv
2025-12-11,jepx-spread-top8-kyushu,kyushu,6.543750000000001,https://www.jepx.jp/_download.php?dir=spot_summary&file=spot_summary_2025.csv
2025-12-12,jepx-spread-top8-kyushu,kyushu,8.523749999999998,https://www.jepx.jp/_download.php?dir=spot_summary&file=spot_summary_2025.csv
2025-12-13,jepx-spread-top8-kyushu,kyushu,5.6899999999999995,https://www.jepx.jp/_download.php?dir=spot_summary&file=spot_summary_2025.csv
2025-12-14,jepx-spread-top8-kyushu,kyushu,4.273750000000001,https://www.jepx.jp/_download.php?dir=spot_summary&file=spot_summary_2025.csv
2025-12-15,jepx-spread-top8-kyushu,kyushu,6.495,https://www.jepx.jp/_download.php?dir=spot_summary&file=spot_summary_2025.csv
2025-12-16,jepx-spread-top8-kyushu,kyushu,5.6587499999999995,https://www.jepx.jp/_download.php?dir=spot_summary&file=spot_summary_2025.csv
2025-12-17,jepx-spread-top8-kyushu,kyushu,4.547499999999999,https://www.jepx.jp/_download.php?dir=spot_summary&file=spot_summary_2025.csv
2025-12-18,jepx-spread-top8-kyushu,kyushu,5.247499999999999,https://www.jepx.jp/_download.php?dir=spot_summary&file=spot_summary_2025.csv
2025-12-19,jepx-spread-top8-kyushu,kyushu,5.13625,https://www.jepx.jp/_download.php?dir=spot_summary&file=spot_summary_2025.csv
2025-12-20,jepx-spread-top8-kyushu,kyushu,1.5299999999999985,https://www.jepx.jp/_download.php?dir=spot_summary&file=spot_summary_2025.csv
2025-12-21,jepx-spread-top8-kyushu,kyushu,1.8149999999999995,https://www.jepx.jp/_download.php?dir=spot_summary&file=spot_summary_2025.csv
2025-12-22,jepx-spread-top8-kyushu,kyushu,4.411250000000001,https://www.jepx.jp/_download.php?dir=spot_summary&file=spot_summary_2025.csv
2025-12-23,jepx-spread-top8-kyushu,kyushu,4.473750000000001,https://www.jepx.jp/_download.php?dir=spot_summary&file=spot_summary_2025.csv
2025-12-24,jepx-spread-top8-kyushu,kyushu,4.673750000000002,https://www.jepx.jp/_download.php?dir=spot_summary&file=spot_summary_2025.csv
2025-12-25,jepx-spread-top8-kyushu,kyushu,3.370000000000001,https://www.jepx.jp/_download.php?dir=spot_summary&file=spot_summary_2025.csv
2025-12-26,jepx-spread-top8-kyushu,kyushu,3.342500000000001,https://www.jepx.jp/_download.php?dir=spot_summary&file=spot_summary_2025.csv
2025-12-27,jepx-spread-top8-kyushu,kyushu,4.77125,https://www.jepx.jp/_download.php?dir=spot_summary&file=spot_summary_2025.csv
2025-12-28,jepx-spread-top8-kyushu,kyushu,7.22625,https://www.jepx.jp/_download.php?dir=spot_summary&file=spot_summary_2025.csv
2025-12-29,jepx-spread-top8-kyushu,kyushu,4.049999999999999,https://www.jepx.jp/_download.php?dir=spot_summary&file=spot_summary_2025.csv
2025-12-30,jepx-spread-top8-kyushu,kyushu,5.250000000000001,https://www.jepx.jp/_download.php?dir=spot_summary&file=spot_summary_2025.csv
2025-12-31,jepx-spread-top8-kyushu,kyushu,8.166250000000002,https://www.jepx.jp/_download.php?dir=spot_summary&file=spot_summary_2025.csv
2026-01-01,jepx-spread-top8-kyushu,kyushu,3.77625,https://www.jepx.jp/_download.php?dir=spot_summary&file=spot_summary_2025.csv
2026-01-02,jepx-spread-top8-kyushu,kyushu,5.41625,https://www.jepx.jp/_download.php?dir=spot_summary&file=spot_summary_2025.csv
2026-01-03,jepx-spread-top8-kyushu,kyushu,9.886249999999999,https://www.jepx.jp/_download.php?dir=spot_summary&file=spot_summary_2025.csv
2026-01-04,jepx-spread-top8-kyushu,kyushu,4.516250000000001,https://www.jepx.jp/_download.php?dir=spot_summary&file=spot_summary_2025.csv
2026-01-05,jepx-spread-top8-kyushu,kyushu,5.135000000000001,https://www.jepx.jp/_download.php?dir=spot_summary&file=spot_summary_2025.csv
2026-01-06,jepx-spread-top8-kyushu,kyushu,6.64625,https://www.jepx.jp/_download.php?dir=spot_summary&file=spot_summary_2025.csv
2026-01-07,jepx-spread-top8-kyushu,kyushu,6.304999999999999,https://www.jepx.jp/_download.php?dir=spot_summary&file=spot_summary_2025.csv
2026-01-08,jepx-spread-top8-kyushu,kyushu,7.43,https://www.jepx.jp/_download.php?dir=spot_summary&file=spot_summary_2025.csv
2026-01-09,jepx-spread-top8-kyushu,kyushu,9.406250000000002,https://www.jepx.jp/_download.php?dir=spot_summary&file=spot_summary_2025.csv
2026-01-10,jepx-spread-top8-kyushu,kyushu,3.1987500000000004,https://www.jepx.jp/_download.php?dir=spot_summary&file=spot_summary_2025.csv
2026-01-11,jepx-spread-top8-kyushu,kyushu,3.848750000000001,https://www.jepx.jp/_download.php?dir=spot_summary&file=spot_summary_2025.csv
2026-01-12,jepx-spread-top8-kyushu,kyushu,4.57625,https://www.jepx.jp/_download.php?dir=spot_summary&file=spot_summary_2025.csv
2026-01-13,jepx-spread-top8-kyushu,kyushu,4.15125,https://www.jepx.jp/_download.php?dir=spot_summary&file=spot_summary_2025.csv
2026-01-14,jepx-spread-top8-kyushu,kyushu,9.40125,https://www.jepx.jp/_download.php?dir=spot_summary&file=spot_summary_2025.csv
2026-01-15,jepx-spread-top8-kyushu,kyushu,5.375,https://www.jepx.jp/_download.php?dir=spot_summary&file=spot_summary_2025.csv
2026-01-16,jepx-spread-top8-kyushu,kyushu,9.85375,https://www.jepx.jp/_download.php?dir=spot_summary&file=spot_summary_2025.csv
2026-01-17,jepx-spread-top8-kyushu,kyushu,9.992500000000001,https://www.jepx.jp/_download.php?dir=spot_summary&file=spot_summary_2025.csv
2026-01-18,jepx-spread-top8-kyushu,kyushu,10.98625,https://www.jepx.jp/_download.php?dir=spot_summary&file=spot_summary_2025.csv
2026-01-19,jepx-spread-top8-kyushu,kyushu,6.407499999999999,https://www.jepx.jp/_download.php?dir=spot_summary&file=spot_summary_2025.csv
2026-01-20,jepx-spread-top8-kyushu,kyushu,7.520000000000001,https://www.jepx.jp/_download.php?dir=spot_summary&file=spot_summary_2025.csv
2026-01-21,jepx-spread-top8-kyushu,kyushu,8.255000000000003,https://www.jepx.jp/_download.php?dir=spot_summary&file=spot_summary_2025.csv
2026-01-22,jepx-spread-top8-kyushu,kyushu,10.29375,https://www.jepx.jp/_download.php?dir=spot_summary&file=spot_summary_2025.csv
2026-01-23,jepx-spread-top8-kyushu,kyushu,8.344999999999999,https://www.jepx.jp/_download.php?dir=spot_summary&file=spot_summary_2025.csv
2026-01-24,jepx-spread-top8-kyushu,kyushu,7.255000000000001,https://www.jepx.jp/_download.php?dir=spot_summary&file=spot_summary_2025.csv
2026-01-25,jepx-spread-top8-kyushu,kyushu,10.43875,https://www.jepx.jp/_download.php?dir=spot_summary&file=spot_summary_2025.csv
2026-01-26,jepx-spread-top8-kyushu,kyushu,15.010000000000002,https://www.jepx.jp/_download.php?dir=spot_summary&file=spot_summary_2025.csv
2026-01-27,jepx-spread-top8-kyushu,kyushu,8.816249999999998,https://www.jepx.jp/_download.php?dir=spot_summary&file=spot_summary_2025.csv
2026-01-28,jepx-spread-top8-kyushu,kyushu,9.026249999999997,https://www.jepx.jp/_download.php?dir=spot_summary&file=spot_summary_2025.csv
2026-01-29,jepx-spread-top8-kyushu,kyushu,9.665,https://www.jepx.jp/_download.php?dir=spot_summary&file=spot_summary_2025.csv
2026-01-30,jepx-spread-top8-kyushu,kyushu,9.959999999999997,https://www.jepx.jp/_download.php?dir=spot_summary&file=spot_summary_2025.csv
2026-01-31,jepx-spread-top8-kyushu,kyushu,6.4275,https://www.jepx.jp/_download.php?dir=spot_summary&file=spot_summary_2025.csv
2026-02-01,jepx-spread-top8-kyushu,kyushu,5.266249999999999,https://www.jepx.jp/_download.php?dir=spot_summary&file=spot_summary_2025.csv
2026-02-02,jepx-spread-top8-kyushu,kyushu,8.3425,https://www.jepx.jp/_download.php?dir=spot_summary&file=spot_summary_2025.csv
2026-02-03,jepx-spread-top8-kyushu,kyushu,10.047500000000003,https://www.jepx.jp/_download.php?dir=spot_summary&file=spot_summary_2025.csv
2026-02-04,jepx-spread-top8-kyushu,kyushu,7.457500000000001,https://www.jepx.jp/_download.php?dir=spot_summary&file=spot_summary_2025.csv
2026-02-05,jepx-spread-top8-kyushu,kyushu,6.39625,https://www.jepx.jp/_download.php?dir=spot_summary&file=spot_summary_2025.csv
2026-02-06,jepx-spread-top8-kyushu,kyushu,4.102499999999999,https://www.jepx.jp/_download.php?dir=spot_summary&file=spot_summary_2025.csv
2026-02-07,jepx-spread-top8-kyushu,kyushu,9.515,https://www.jepx.jp/_download.php?dir=spot_summary&file=spot_summary_2025.csv
2026-02-08,jepx-spread-top8-kyushu,kyushu,9.735,https://www.jepx.jp/_download.php?dir=spot_summary&file=spot_summary_2025.csv
2026-02-09,jepx-spread-top8-kyushu,kyushu,12.348749999999999,https://www.jepx.jp/_download.php?dir=spot_summary&file=spot_summary_2025.csv
2026-02-10,jepx-spread-top8-kyushu,kyushu,7.46125,https://www.jepx.jp/_download.php?dir=spot_summary&file=spot_summary_2025.csv
2026-02-11,jepx-spread-top8-kyushu,kyushu,5.66875,https://www.jepx.jp/_download.php?dir=spot_summary&file=spot_summary_2025.csv
2026-02-12,jepx-spread-top8-kyushu,kyushu,14.675,https://www.jepx.jp/_download.php?dir=spot_summary&file=spot_summary_2025.csv
2026-02-13,jepx-spread-top8-kyushu,kyushu,14.19,https://www.jepx.jp/_download.php?dir=spot_summary&file=spot_summary_2025.csv
2026-02-14,jepx-spread-top8-kyushu,kyushu,4.735000000000001,https://www.jepx.jp/_download.php?dir=spot_summary&file=spot_summary_2025.csv
2026-02-15,jepx-spread-top8-kyushu,kyushu,7.717499999999999,https://www.jepx.jp/_download.php?dir=spot_summary&file=spot_summary_2025.csv
2026-02-16,jepx-spread-top8-kyushu,kyushu,4.352500000000001,https://www.jepx.jp/_download.php?dir=spot_summary&file=spot_summary_2025.csv
2026-02-17,jepx-spread-top8-kyushu,kyushu,12.44,https://www.jepx.jp/_download.php?dir=spot_summary&file=spot_summary_2025.csv
2026-02-18,jepx-spread-top8-kyushu,kyushu,12.4025,https://www.jepx.jp/_download.php?dir=spot_summary&file=spot_summary_2025.csv
2026-02-19,jepx-spread-top8-kyushu,kyushu,9.768749999999999,https://www.jepx.jp/_download.php?dir=spot_summary&file=spot_summary_2025.csv
2026-02-20,jepx-spread-top8-kyushu,kyushu,9.56875,https://www.jepx.jp/_download.php?dir=spot_summary&file=spot_summary_2025.csv
2026-02-21,jepx-spread-top8-kyushu,kyushu,11.09875,https://www.jepx.jp/_download.php?dir=spot_summary&file=spot_summary_2025.csv
2026-02-22,jepx-spread-top8-kyushu,kyushu,8.486250000000002,https://www.jepx.jp/_download.php?dir=spot_summary&file=spot_summary_2025.csv
2026-02-23,jepx-spread-top8-kyushu,kyushu,10.227500000000001,https://www.jepx.jp/_download.php?dir=spot_summary&file=spot_summary_2025.csv
2026-02-24,jepx-spread-top8-kyushu,kyushu,3.380000000000001,https://www.jepx.jp/_download.php?dir=spot_summary&file=spot_summary_2025.csv
2026-02-25,jepx-spread-top8-kyushu,kyushu,3.3324999999999996,https://www.jepx.jp/_download.php?dir=spot_summary&file=spot_summary_2025.csv
2026-02-26,jepx-spread-top8-kyushu,kyushu,5.972500000000001,https://www.jepx.jp/_download.php?dir=spot_summary&file=spot_summary_2025.csv
2026-02-27,jepx-spread-top8-kyushu,kyushu,2.2074999999999996,https://www.jepx.jp/_download.php?dir=spot_summary&file=spot_summary_2025.csv
2026-02-28,jepx-spread-top8-kyushu,kyushu,8.86125,https://www.jepx.jp/_download.php?dir=spot_summary&file=spot_summary_2025.csv
2026-03-01,jepx-spread-top8-kyushu,kyushu,8.89,https://www.jepx.jp/_download.php?dir=spot_summary&file=spot_summary_2025.csv
2026-03-02,jepx-spread-top8-kyushu,kyushu,3.0275,https://www.jepx.jp/_download.php?dir=spot_summary&file=spot_summary_2025.csv
2026-03-03,jepx-spread-top8-kyushu,kyushu,4.16625,https://www.jepx.jp/_download.php?dir=spot_summary&file=spot_summary_2025.csv
2026-03-04,jepx-spread-top8-kyushu,kyushu,11.712500000000002,https://www.jepx.jp/_download.php?dir=spot_summary&file=spot_summary_2025.csv
2026-03-05,jepx-spread-top8-kyushu,kyushu,10.305,https://www.jepx.jp/_download.php?dir=spot_summary&file=spot_summary_2025.csv
2026-03-06,jepx-spread-top8-kyushu,kyushu,3.376249999999999,https://www.jepx.jp/_download.php?dir=spot_summary&file=spot_summary_2025.csv
2026-03-07,jepx-spread-top8-kyushu,kyushu,11.75,https://www.jepx.jp/_download.php?dir=spot_summary&file=spot_summary_2025.csv
2026-03-08,jepx-spread-top8-kyushu,kyushu,12.9,https://www.jepx.jp/_download.php?dir=spot_summary&file=spot_summary_2025.csv
2026-03-09,jepx-spread-top8-kyushu,kyushu,14.42125,https://www.jepx.jp/_download.php?dir=spot_summary&file=spot_summary_2025.csv
2026-03-10,jepx-spread-top8-kyushu,kyushu,21.1525,https://www.jepx.jp/_download.php?dir=spot_summary&file=spot_summary_2025.csv
2026-03-11,jepx-spread-top8-kyushu,kyushu,15.969999999999999,https://www.jepx.jp/_download.php?dir=spot_summary&file=spot_summary_2025.csv
2026-03-12,jepx-spread-top8-kyushu,kyushu,14.893749999999999,https://www.jepx.jp/_download.php?dir=spot_summary&file=spot_summary_2025.csv
2026-03-13,jepx-spread-top8-kyushu,kyushu,16.662499999999998,https://www.jepx.jp/_download.php?dir=spot_summary&file=spot_summary_2025.csv
2026-03-14,jepx-spread-top8-kyushu,kyushu,23.382499999999997,https://www.jepx.jp/_download.php?dir=spot_summary&file=spot_summary_2025.csv
2026-03-15,jepx-spread-top8-kyushu,kyushu,18.123749999999998,https://www.jepx.jp/_download.php?dir=spot_summary&file=spot_summary_2025.csv
2026-03-16,jepx-spread-top8-kyushu,kyushu,18.04375,https://www.jepx.jp/_download.php?dir=spot_summary&file=spot_summary_2025.csv
2026-03-17,jepx-spread-top8-kyushu,kyushu,20.984999999999996,https://www.jepx.jp/_download.php?dir=spot_summary&file=spot_summary_2025.csv
2026-03-18,jepx-spread-top8-kyushu,kyushu,10.412500000000001,https://www.jepx.jp/_download.php?dir=spot_summary&file=spot_summary_2025.csv
2026-03-19,jepx-spread-top8-kyushu,kyushu,17.08,https://www.jepx.jp/_download.php?dir=spot_summary&file=spot_summary_2025.csv
2026-03-20,jepx-spread-top8-kyushu,kyushu,17.794999999999998,https://www.jepx.jp/_download.php?dir=spot_summary&file=spot_summary_2025.csv
2026-03-21,jepx-spread-top8-kyushu,kyushu,17.718749999999996,https://www.jepx.jp/_download.php?dir=spot_summary&file=spot_summary_2025.csv
2026-03-22,jepx-spread-top8-kyushu,kyushu,10.0025,https://www.jepx.jp/_download.php?dir=spot_summary&file=spot_summary_2025.csv
2026-03-23,jepx-spread-top8-kyushu,kyushu,18.58875,https://www.jepx.jp/_download.php?dir=spot_summary&file=spot_summary_2025.csv
2026-03-24,jepx-spread-top8-kyushu,kyushu,16.439999999999998,https://www.jepx.jp/_download.php?dir=spot_summary&file=spot_summary_2025.csv
2026-03-25,jepx-spread-top8-kyushu,kyushu,11.07125,https://www.jepx.jp/_download.php?dir=spot_summary&file=spot_summary_2025.csv
2026-03-26,jepx-spread-top8-kyushu,kyushu,19.889999999999997,https://www.jepx.jp/_download.php?dir=spot_summary&file=spot_summary_2025.csv
2026-03-27,jepx-spread-top8-kyushu,kyushu,17.87625,https://www.jepx.jp/_download.php?dir=spot_summary&file=spot_summary_2025.csv
2026-03-28,jepx-spread-top8-kyushu,kyushu,15.78,https://www.jepx.jp/_download.php?dir=spot_summary&file=spot_summary_2025.csv
2026-03-29,jepx-spread-top8-kyushu,kyushu,14.115,https://www.jepx.jp/_download.php?dir=spot_summary&file=spot_summary_2025.csv
2026-03-30,jepx-spread-top8-kyushu,kyushu,9.282499999999999,https://www.jepx.jp/_download.php?dir=spot_summary&file=spot_summary_2025.csv
2026-03-31,jepx-spread-top8-kyushu,kyushu,6.981250000000001,https://www.jepx.jp/_download.php?dir=spot_summary&file=spot_summary_2025.csv
2026-04-01,jepx-spread-top8-kyushu,kyushu,12.495000000000001,https://www.jepx.jp/_download.php?dir=spot_summary&file=spot_summary_2026.csv
2026-04-02,jepx-spread-top8-kyushu,kyushu,18.8,https://www.jepx.jp/_download.php?dir=spot_summary&file=spot_summary_2026.csv
2026-04-03,jepx-spread-top8-kyushu,kyushu,18.54375,https://www.jepx.jp/_download.php?dir=spot_summary&file=spot_summary_2026.csv
2026-04-04,jepx-spread-top8-kyushu,kyushu,8.086250000000001,https://www.jepx.jp/_download.php?dir=spot_summary&file=spot_summary_2026.csv
2026-04-05,jepx-spread-top8-kyushu,kyushu,14.31125,https://www.jepx.jp/_download.php?dir=spot_summary&file=spot_summary_2026.csv
2026-04-06,jepx-spread-top8-kyushu,kyushu,11.581249999999999,https://www.jepx.jp/_download.php?dir=spot_summary&file=spot_summary_2026.csv
2026-04-07,jepx-spread-top8-kyushu,kyushu,20.8975,https://www.jepx.jp/_download.php?dir=spot_summary&file=spot_summary_2026.csv
2026-04-08,jepx-spread-top8-kyushu,kyushu,23.294999999999998,https://www.jepx.jp/_download.php?dir=spot_summary&file=spot_summary_2026.csv
2026-04-09,jepx-spread-top8-kyushu,kyushu,11.68125,https://www.jepx.jp/_download.php?dir=spot_summary&file=spot_summary_2026.csv
2026-04-10,jepx-spread-top8-kyushu,kyushu,12.945000000000002,https://www.jepx.jp/_download.php?dir=spot_summary&file=spot_summary_2026.csv
2026-04-11,jepx-spread-top8-kyushu,kyushu,16.193749999999998,https://www.jepx.jp/_download.php?dir=spot_summary&file=spot_summary_2026.csv
2026-04-12,jepx-spread-top8-kyushu,kyushu,17.132499999999997,https://www.jepx.jp/_download.php?dir=spot_summary&file=spot_summary_2026.csv
2026-04-13,jepx-spread-top8-kyushu,kyushu,9.37125,https://www.jepx.jp/_download.php?dir=spot_summary&file=spot_summary_2026.csv
2026-04-14,jepx-spread-top8-kyushu,kyushu,9.7275,https://www.jepx.jp/_download.php?dir=spot_summary&file=spot_summary_2026.csv
2026-04-15,jepx-spread-top8-kyushu,kyushu,12.41,https://www.jepx.jp/_download.php?dir=spot_summary&file=spot_summary_2026.csv
2026-04-16,jepx-spread-top8-kyushu,kyushu,16.868750000000002,https://www.jepx.jp/_download.php?dir=spot_summary&file=spot_summary_2026.csv
2026-04-17,jepx-spread-top8-kyushu,kyushu,7.70125,https://www.jepx.jp/_download.php?dir=spot_summary&file=spot_summary_2026.csv
2026-04-18,jepx-spread-top8-kyushu,kyushu,4.604999999999999,https://www.jepx.jp/_download.php?dir=spot_summary&file=spot_summary_2026.csv
2026-04-19,jepx-spread-top8-kyushu,kyushu,9.629999999999999,https://www.jepx.jp/_download.php?dir=spot_summary&file=spot_summary_2026.csv
2026-04-20,jepx-spread-top8-kyushu,kyushu,13.897499999999999,https://www.jepx.jp/_download.php?dir=spot_summary&file=spot_summary_2026.csv
2026-04-21,jepx-spread-top8-kyushu,kyushu,14.77625,https://www.jepx.jp/_download.php?dir=spot_summary&file=spot_summary_2026.csv
2026-04-22,jepx-spread-top8-kyushu,kyushu,8.730000000000004,https://www.jepx.jp/_download.php?dir=spot_summary&file=spot_summary_2026.csv
2026-04-23,jepx-spread-top8-kyushu,kyushu,14.146250000000002,https://www.jepx.jp/_download.php?dir=spot_summary&file=spot_summary_2026.csv
2026-04-24,jepx-spread-top8-kyushu,kyushu,14.425,https://www.jepx.jp/_download.php?dir=spot_summary&file=spot_summary_2026.csv
2026-04-25,jepx-spread-top8-kyushu,kyushu,11.516250000000001,https://www.jepx.jp/_download.php?dir=spot_summary&file=spot_summary_2026.csv
2026-04-26,jepx-spread-top8-kyushu,kyushu,11.10125,https://www.jepx.jp/_download.php?dir=spot_summary&file=spot_summary_2026.csv
2026-04-27,jepx-spread-top8-kyushu,kyushu,14.78125,https://www.jepx.jp/_download.php?dir=spot_summary&file=spot_summary_2026.csv
2026-04-28,jepx-spread-top8-kyushu,kyushu,15.745,https://www.jepx.jp/_download.php?dir=spot_summary&file=spot_summary_2026.csv
2026-04-29,jepx-spread-top8-kyushu,kyushu,7.478750000000002,https://www.jepx.jp/_download.php?dir=spot_summary&file=spot_summary_2026.csv
2026-04-30,jepx-spread-top8-kyushu,kyushu,7.8125,https://www.jepx.jp/_download.php?dir=spot_summary&file=spot_summary_2026.csv
2026-05-01,jepx-spread-top8-kyushu,kyushu,15.195,https://www.jepx.jp/_download.php?dir=spot_summary&file=spot_summary_2026.csv
2026-05-02,jepx-spread-top8-kyushu,kyushu,15.1475,https://www.jepx.jp/_download.php?dir=spot_summary&file=spot_summary_2026.csv
2026-05-03,jepx-spread-top8-kyushu,kyushu,6.31625,https://www.jepx.jp/_download.php?dir=spot_summary&file=spot_summary_2026.csv
2026-05-04,jepx-spread-top8-kyushu,kyushu,9.9725,https://www.jepx.jp/_download.php?dir=spot_summary&file=spot_summary_2026.csv
2026-05-05,jepx-spread-top8-kyushu,kyushu,13.4375,https://www.jepx.jp/_download.php?dir=spot_summary&file=spot_summary_2026.csv
2026-05-06,jepx-spread-top8-kyushu,kyushu,12.17,https://www.jepx.jp/_download.php?dir=spot_summary&file=spot_summary_2026.csv
2026-05-07,jepx-spread-top8-kyushu,kyushu,16.48625,https://www.jepx.jp/_download.php?dir=spot_summary&file=spot_summary_2026.csv
2026-05-08,jepx-spread-top8-kyushu,kyushu,15.2925,https://www.jepx.jp/_download.php?dir=spot_summary&file=spot_summary_2026.csv
2026-05-09,jepx-spread-top8-kyushu,kyushu,16.627499999999998,https://www.jepx.jp/_download.php?dir=spot_summary&file=spot_summary_2026.csv
2026-05-10,jepx-spread-top8-kyushu,kyushu,15.45,https://www.jepx.jp/_download.php?dir=spot_summary&file=spot_summary_2026.csv
2026-05-11,jepx-spread-top8-kyushu,kyushu,16.977499999999996,https://www.jepx.jp/_download.php?dir=spot_summary&file=spot_summary_2026.csv
2026-05-12,jepx-spread-top8-kyushu,kyushu,17.991249999999997,https://www.jepx.jp/_download.php?dir=spot_summary&file=spot_summary_2026.csv
2026-05-13,jepx-spread-top8-kyushu,kyushu,17.95,https://www.jepx.jp/_download.php?dir=spot_summary&file=spot_summary_2026.csv
2026-05-14,jepx-spread-top8-kyushu,kyushu,23.573749999999997,https://www.jepx.jp/_download.php?dir=spot_summary&file=spot_summary_2026.csv
2026-05-15,jepx-spread-top8-kyushu,kyushu,22.217499999999998,https://www.jepx.jp/_download.php?dir=spot_summary&file=spot_summary_2026.csv
2026-05-16,jepx-spread-top8-kyushu,kyushu,18.096249999999998,https://www.jepx.jp/_download.php?dir=spot_summary&file=spot_summary_2026.csv
2026-05-17,jepx-spread-top8-kyushu,kyushu,14.1325,https://www.jepx.jp/_download.php?dir=spot_summary&file=spot_summary_2026.csv
2026-05-18,jepx-spread-top8-kyushu,kyushu,19.9975,https://www.jepx.jp/_download.php?dir=spot_summary&file=spot_summary_2026.csv
2026-05-19,jepx-spread-top8-kyushu,kyushu,18.648749999999996,https://www.jepx.jp/_download.php?dir=spot_summary&file=spot_summary_2026.csv
2026-05-20,jepx-spread-top8-kyushu,kyushu,20.555,https://www.jepx.jp/_download.php?dir=spot_summary&file=spot_summary_2026.csv
2026-05-21,jepx-spread-top8-kyushu,kyushu,8.387499999999996,https://www.jepx.jp/_download.php?dir=spot_summary&file=spot_summary_2026.csv
2026-05-22,jepx-spread-top8-kyushu,kyushu,20.582499999999996,https://www.jepx.jp/_download.php?dir=spot_summary&file=spot_summary_2026.csv
2026-05-23,jepx-spread-top8-kyushu,kyushu,17.3525,https://www.jepx.jp/_download.php?dir=spot_summary&file=spot_summary_2026.csv
2026-05-24,jepx-spread-top8-kyushu,kyushu,19.41625,https://www.jepx.jp/_download.php?dir=spot_summary&file=spot_summary_2026.csv
2026-05-25,jepx-spread-top8-kyushu,kyushu,26.495,https://www.jepx.jp/_download.php?dir=spot_summary&file=spot_summary_2026.csv
2026-05-26,jepx-spread-top8-kyushu,kyushu,12.493749999999999,https://www.jepx.jp/_download.php?dir=spot_summary&file=spot_summary_2026.csv
2026-05-27,jepx-spread-top8-kyushu,kyushu,21.103749999999998,https://www.jepx.jp/_download.php?dir=spot_summary&file=spot_summary_2026.csv
2026-05-28,jepx-spread-top8-kyushu,kyushu,12.02625,https://www.jepx.jp/_download.php?dir=spot_summary&file=spot_summary_2026.csv
2026-05-29,jepx-spread-top8-kyushu,kyushu,18.437499999999996,https://www.jepx.jp/_download.php?dir=spot_summary&file=spot_summary_2026.csv
2026-05-30,jepx-spread-top8-kyushu,kyushu,17.66125,https://www.jepx.jp/_download.php?dir=spot_summary&file=spot_summary_2026.csv
2026-05-31,jepx-spread-top8-kyushu,kyushu,15.75625,https://www.jepx.jp/_download.php?dir=spot_summary&file=spot_summary_2026.csv
2026-06-01,jepx-spread-top8-kyushu,kyushu,15.102500000000003,https://www.jepx.jp/_download.php?dir=spot_summary&file=spot_summary_2026.csv
2026-06-02,jepx-spread-top8-kyushu,kyushu,16.6125,https://www.jepx.jp/_download.php?dir=spot_summary&file=spot_summary_2026.csv
2026-06-03,jepx-spread-top8-kyushu,kyushu,15.6125,https://www.jepx.jp/_download.php?dir=spot_summary&file=spot_summary_2026.csv
2026-06-04,jepx-spread-top8-kyushu,kyushu,8.881250000000001,https://www.jepx.jp/_download.php?dir=spot_summary&file=spot_summary_2026.csv
2026-06-05,jepx-spread-top8-kyushu,kyushu,4.92375,https://www.jepx.jp/_download.php?dir=spot_summary&file=spot_summary_2026.csv
2026-06-06,jepx-spread-top8-kyushu,kyushu,9.6075,https://www.jepx.jp/_download.php?dir=spot_summary&file=spot_summary_2026.csv
2026-06-07,jepx-spread-top8-kyushu,kyushu,6.356249999999999,https://www.jepx.jp/_download.php?dir=spot_summary&file=spot_summary_2026.csv
2026-06-08,jepx-spread-top8-kyushu,kyushu,6.164999999999999,https://www.jepx.jp/_download.php?dir=spot_summary&file=spot_summary_2026.csv
2026-06-09,jepx-spread-top8-kyushu,kyushu,5.004999999999999,https://www.jepx.jp/_download.php?dir=spot_summary&file=spot_summary_2026.csv
2026-06-10,jepx-spread-top8-kyushu,kyushu,12.7225,https://www.jepx.jp/_download.php?dir=spot_summary&file=spot_summary_2026.csv
2026-06-11,jepx-spread-top8-kyushu,kyushu,11.72125,https://www.jepx.jp/_download.php?dir=spot_summary&file=spot_summary_2026.csv
2026-06-12,jepx-spread-top8-kyushu,kyushu,14.10625,https://www.jepx.jp/_download.php?dir=spot_summary&file=spot_summary_2026.csv
2026-06-13,jepx-spread-top8-kyushu,kyushu,12.96,https://www.jepx.jp/_download.php?dir=spot_summary&file=spot_summary_2026.csv
2026-06-14,jepx-spread-top8-kyushu,kyushu,9.26375,https://www.jepx.jp/_download.php?dir=spot_summary&file=spot_summary_2026.csv
2026-06-15,jepx-spread-top8-kyushu,kyushu,10.4825,https://www.jepx.jp/_download.php?dir=spot_summary&file=spot_summary_2026.csv
2026-06-16,jepx-spread-top8-kyushu,kyushu,7.708749999999999,https://www.jepx.jp/_download.php?dir=spot_summary&file=spot_summary_2026.csv
2026-06-17,jepx-spread-top8-kyushu,kyushu,6.266249999999999,https://www.jepx.jp/_download.php?dir=spot_summary&file=spot_summary_2026.csv
2026-06-18,jepx-spread-top8-kyushu,kyushu,7.850000000000001,https://www.jepx.jp/_download.php?dir=spot_summary&file=spot_summary_2026.csv
2026-06-19,jepx-spread-top8-kyushu,kyushu,8.530000000000003,https://www.jepx.jp/_download.php?dir=spot_summary&file=spot_summary_2026.csv
2026-06-20,jepx-spread-top8-kyushu,kyushu,4.313749999999999,https://www.jepx.jp/_download.php?dir=spot_summary&file=spot_summary_2026.csv
2026-06-21,jepx-spread-top8-kyushu,kyushu,11.828750000000001,https://www.jepx.jp/_download.php?dir=spot_summary&file=spot_summary_2026.csv
2026-06-22,jepx-spread-top8-kyushu,kyushu,4.66375,https://www.jepx.jp/_download.php?dir=spot_summary&file=spot_summary_2026.csv
2026-06-23,jepx-spread-top8-kyushu,kyushu,1.8625000000000007,https://www.jepx.jp/_download.php?dir=spot_summary&file=spot_summary_2026.csv
2026-06-24,jepx-spread-top8-kyushu,kyushu,4.0649999999999995,https://www.jepx.jp/_download.php?dir=spot_summary&file=spot_summary_2026.csv
2026-06-25,jepx-spread-top8-kyushu,kyushu,4.995000000000001,https://www.jepx.jp/_download.php?dir=spot_summary&file=spot_summary_2026.csv
2026-06-26,jepx-spread-top8-kyushu,kyushu,4.934999999999999,https://www.jepx.jp/_download.php?dir=spot_summary&file=spot_summary_2026.csv
2026-06-27,jepx-spread-top8-kyushu,kyushu,10.31375,https://www.jepx.jp/_download.php?dir=spot_summary&file=spot_summary_2026.csv
2026-06-28,jepx-spread-top8-kyushu,kyushu,10.6525,https://www.jepx.jp/_download.php?dir=spot_summary&file=spot_summary_2026.csv
2026-06-29,jepx-spread-top8-kyushu,kyushu,14.2475,https://www.jepx.jp/_download.php?dir=spot_summary&file=spot_summary_2026.csv
2026-06-30,jepx-spread-top8-kyushu,kyushu,5.081250000000001,https://www.jepx.jp/_download.php?dir=spot_summary&file=spot_summary_2026.csv
2026-07-01,jepx-spread-top8-kyushu,kyushu,6.57375,https://www.jepx.jp/_download.php?dir=spot_summary&file=spot_summary_2026.csv
2026-07-02,jepx-spread-top8-kyushu,kyushu,4.82625,https://www.jepx.jp/_download.php?dir=spot_summary&file=spot_summary_2026.csv
2026-07-03,jepx-spread-top8-kyushu,kyushu,6.192499999999999,https://www.jepx.jp/_download.php?dir=spot_summary&file=spot_summary_2026.csv
2026-07-04,jepx-spread-top8-kyushu,kyushu,2.032499999999999,https://www.jepx.jp/_download.php?dir=spot_summary&file=spot_summary_2026.csv
2026-07-05,jepx-spread-top8-kyushu,kyushu,2.679999999999998,https://www.jepx.jp/_download.php?dir=spot_summary&file=spot_summary_2026.csv
2026-07-06,jepx-spread-top8-kyushu,kyushu,5.421250000000001,https://www.jepx.jp/_download.php?dir=spot_summary&file=spot_summary_2026.csv
2026-07-07,jepx-spread-top8-kyushu,kyushu,7.573750000000004,https://www.jepx.jp/_download.php?dir=spot_summary&file=spot_summary_2026.csv
2026-07-08,jepx-spread-top8-kyushu,kyushu,5.535,https://www.jepx.jp/_download.php?dir=spot_summary&file=spot_summary_2026.csv
2026-07-09,jepx-spread-top8-kyushu,kyushu,5.661250000000001,https://www.jepx.jp/_download.php?dir=spot_summary&file=spot_summary_2026.csv
2026-07-10,jepx-spread-top8-kyushu,kyushu,11.223749999999999,https://www.jepx.jp/_download.php?dir=spot_summary&file=spot_summary_2026.csv
2026-07-11,jepx-spread-top8-kyushu,kyushu,10.692499999999999,https://www.jepx.jp/_download.php?dir=spot_summary&file=spot_summary_2026.csv
2026-07-12,jepx-spread-top8-kyushu,kyushu,12.260000000000002,https://www.jepx.jp/_download.php?dir=spot_summary&file=spot_summary_2026.csv
2026-07-13,jepx-spread-top8-kyushu,kyushu,19.445,https://www.jepx.jp/_download.php?dir=spot_summary&file=spot_summary_2026.csv
2026-07-14,jepx-spread-top8-kyushu,kyushu,23.725,https://www.jepx.jp/_download.php?dir=spot_summary&file=spot_summary_2026.csv
2026-07-15,jepx-spread-top8-kyushu,kyushu,16.923750000000002,https://www.jepx.jp/_download.php?dir=spot_summary&file=spot_summary_2026.csv
2026-07-16,jepx-spread-top8-kyushu,kyushu,18.543749999999996,https://www.jepx.jp/_download.php?dir=spot_summary&file=spot_summary_2026.csv
2026-07-17,jepx-spread-top8-kyushu,kyushu,15.967499999999998,https://www.jepx.jp/_download.php?dir=spot_summary&file=spot_summary_2026.csv
2026-07-18,jepx-spread-top8-kyushu,kyushu,13.735000000000003,https://www.jepx.jp/_download.php?dir=spot_summary&file=spot_summary_2026.csv
2026-07-19,jepx-spread-top8-kyushu,kyushu,14.6525,https://www.jepx.jp/_download.php?dir=spot_summary&file=spot_summary_2026.csv
2026-07-20,jepx-spread-top8-kyushu,kyushu,20.82375,https://www.jepx.jp/_download.php?dir=spot_summary&file=spot_summary_2026.csv
2026-07-21,jepx-spread-top8-kyushu,kyushu,21.520000000000003,https://www.jepx.jp/_download.php?dir=spot_summary&file=spot_summary_2026.csv
2026-07-22,jepx-spread-top8-kyushu,kyushu,24.1075,https://www.jepx.jp/_download.php?dir=spot_summary&file=spot_summary_2026.csv
2026-07-23,jepx-spread-top8-kyushu,kyushu,35.28125,https://www.jepx.jp/_download.php?dir=spot_summary&file=spot_summary_2026.csv
2026-07-24,jepx-spread-top8-kyushu,kyushu,38.087500000000006,https://www.jepx.jp/_download.php?dir=spot_summary&file=spot_summary_2026.csv
2026-07-25,jepx-spread-top8-kyushu,kyushu,20.372500000000002,https://www.jepx.jp/_download.php?dir=spot_summary&file=spot_summary_2026.csv
2026-07-26,jepx-spread-top8-kyushu,kyushu,18.315,https://www.jepx.jp/_download.php?dir=spot_summary&file=spot_summary_2026.csv
2026-07-27,jepx-spread-top8-kyushu,kyushu,20.424999999999997,https://www.jepx.jp/_download.php?dir=spot_summary&file=spot_summary_2026.csv
2026-07-28,jepx-spread-top8-kyushu,kyushu,21.699999999999996,https://www.jepx.jp/_download.php?dir=spot_summary&file=spot_summary_2026.csv
2026-07-29,jepx-spread-top8-kyushu,kyushu,17.99125,https://www.jepx.jp/_download.php?dir=spot_summary&file=spot_summary_2026.csv
2026-07-30,jepx-spread-top8-kyushu,kyushu,23.43,https://www.jepx.jp/_download.php?dir=spot_summary&file=spot_summary_2026.csv
2026-07-31,jepx-spread-top8-kyushu,kyushu,21.158749999999998,https://www.jepx.jp/_download.php?dir=spot_summary&file=spot_summary_2026.csv
2026-08-01,jepx-spread-top8-kyushu,kyushu,18.947499999999998,https://www.jepx.jp/_download.php?dir=spot_summary&file=spot_summary_2026.csv
2026-08-02,jepx-spread-top8-kyushu,kyushu,17.39875,https://www.jepx.jp/_download.php?dir=spot_summary&file=spot_summary_2026.csv
2026-08-03,jepx-spread-top8-kyushu,kyushu,20.3275,https://www.jepx.jp/_download.php?dir=spot_summary&file=spot_summary_2026.csv
2026-08-04,jepx-spread-top8-kyushu,kyushu,17.5625,https://www.jepx.jp/_download.php?dir=spot_summary&file=spot_summary_2026.csv
2026-08-05,jepx-spread-top8-kyushu,kyushu,25.191249999999997,https://www.jepx.jp/_download.php?dir=spot_summary&file=spot_summary_2026.csv
2026-08-06,jepx-spread-top8-kyushu,kyushu,23.637500000000003,https://www.jepx.jp/_download.php?dir=spot_summary&file=spot_summary_2026.csv
2026-08-07,jepx-spread-top8-kyushu,kyushu,19.47125,https://www.jepx.jp/_download.php?dir=spot_summary&file=spot_summary_2026.csv
2026-08-08,jepx-spread-top8-kyushu,kyushu,17.84625,https://www.jepx.jp/_download.php?dir=spot_summary&file=spot_summary_2026.csv
2026-08-09,jepx-spread-top8-kyushu,kyushu,9.258750000000001,https://www.jepx.jp/_download.php?dir=spot_summary&file=spot_summary_2026.csv
2026-08-10,jepx-spread-top8-kyushu,kyushu,12.7425,https://www.jepx.jp/_download.php?dir=spot_summary&file=spot_summary_2026.csv
2026-08-11,jepx-spread-top8-kyushu,kyushu,6.2925,https://www.jepx.jp/_download.php?dir=spot_summary&file=spot_summary_2026.csv
2026-08-12,jepx-spread-top8-kyushu,kyushu,6.783750000000001,https://www.jepx.jp/_download.php?dir=spot_summary&file=spot_summary_2026.csv
2026-08-13,jepx-spread-top8-kyushu,kyushu,5.641249999999999,https://www.jepx.jp/_download.php?dir=spot_summary&file=spot_summary_2026.csv
2026-08-14,jepx-spread-top8-kyushu,kyushu,8.24375,https://www.jepx.jp/_download.php?dir=spot_summary&file=spot_summary_2026.csv
2026-08-15,jepx-spread-top8-kyushu,kyushu,7.874999999999998,https://www.jepx.jp/_download.php?dir=spot_summary&file=spot_summary_2026.csv
2026-08-16,jepx-spread-top8-kyushu,kyushu,8.0225,https://www.jepx.jp/_download.php?dir=spot_summary&file=spot_summary_2026.csv
2026-08-17,jepx-spread-top8-kyushu,kyushu,14.355,https://www.jepx.jp/_download.php?dir=spot_summary&file=spot_summary_2026.csv
2026-08-18,jepx-spread-top8-kyushu,kyushu,20.56625,https://www.jepx.jp/_download.php?dir=spot_summary&file=spot_summary_2026.csv
2026-08-19,jepx-spread-top8-kyushu,kyushu,18.64375,https://www.jepx.jp/_download.php?dir=spot_summary&file=spot_summary_2026.csv
2026-08-20,jepx-spread-top8-kyushu,kyushu,19.002499999999998,https://www.jepx.jp/_download.php?dir=spot_summary&file=spot_summary_2026.csv
2026-08-21,jepx-spread-top8-kyushu,kyushu,20.466249999999995,https://www.jepx.jp/_download.php?dir=spot_summary&file=spot_summary_2026.csv
2026-08-22,jepx-spread-top8-kyushu,kyushu,20.320000000000004,https://www.jepx.jp/_download.php?dir=spot_summary&file=spot_summary_2026.csv
2026-08-23,jepx-spread-top8-kyushu,kyushu,18.9,https://www.jepx.jp/_download.php?dir=spot_summary&file=spot_summary_2026.csv
2026-08-24,jepx-spread-top8-kyushu,kyushu,24.3325,https://www.jepx.jp/_download.php?dir=spot_summary&file=spot_summary_2026.csv
2026-08-25,jepx-spread-top8-kyushu,kyushu,34.964999999999996,https://www.jepx.jp/_download.php?dir=spot_summary&file=spot_summary_2026.csv
2026-08-26,jepx-spread-top8-kyushu,kyushu,42.6975,https://www.jepx.jp/_download.php?dir=spot_summary&file=spot_summary_2026.csv
2026-08-27,jepx-spread-top8-kyushu,kyushu,26.278750000000002,https://www.jepx.jp/_download.php?dir=spot_summary&file=spot_summary_2026.csv
2026-08-28,jepx-spread-top8-kyushu,kyushu,22.685000000000006,https://www.jepx.jp/_download.php?dir=spot_summary&file=spot_summary_2026.csv
2026-08-29,jepx-spread-top8-kyushu,kyushu,21.36375,https://www.jepx.jp/_download.php?dir=spot_summary&file=spot_summary_2026.csv
2026-08-30,jepx-spread-top8-kyushu,kyushu,21.884999999999998,https://www.jepx.jp/_download.php?dir=spot_summary&file=spot_summary_2026.csv
2026-08-31,jepx-spread-top8-kyushu,kyushu,31.6475,https://www.jepx.jp/_download.php?dir=spot_summary&file=spot_summary_2026.csv
2026-09-01,jepx-spread-top8-kyushu,kyushu,35.8575,https://www.jepx.jp/_download.php?dir=spot_summary&file=spot_summary_2026.csv
2026-09-02,jepx-spread-top8-kyushu,kyushu,33.973749999999995,https://www.jepx.jp/_download.php?dir=spot_summary&file=spot_summary_2026.csv
2026-09-03,jepx-spread-top8-kyushu,kyushu,23.981250000000006,https://www.jepx.jp/_download.php?dir=spot_summary&file=spot_summary_2026.csv
2026-09-04,jepx-spread-top8-kyushu,kyushu,21.5075,https://www.jepx.jp/_download.php?dir=spot_summary&file=spot_summary_2026.csv
2026-09-05,jepx-spread-top8-kyushu,kyushu,9.557500000000001,https://www.jepx.jp/_download.php?dir=spot_summary&file=spot_summary_2026.csv
2026-09-06,jepx-spread-top8-kyushu,kyushu,8.13375,https://www.jepx.jp/_download.php?dir=spot_summary&file=spot_summary_2026.csv
2026-09-07,jepx-spread-top8-kyushu,kyushu,18.26625,https://www.jepx.jp/_download.php?dir=spot_summary&file=spot_summary_2026.csv
2026-09-08,jepx-spread-top8-kyushu,kyushu,20.518749999999997,https://www.jepx.jp/_download.php?dir=spot_summary&file=spot_summary_2026.csv
2026-09-09,jepx-spread-top8-kyushu,kyushu,8.875000000000004,https://www.jepx.jp/_download.php?dir=spot_summary&file=spot_summary_2026.csv
2026-09-10,jepx-spread-top8-kyushu,kyushu,7.120000000000003,https://www.jepx.jp/_download.php?dir=spot_summary&file=spot_summary_2026.csv
2026-09-11,jepx-spread-top8-kyushu,kyushu,8.761250000000002,https://www.jepx.jp/_download.php?dir=spot_summary&file=spot_summary_2026.csv
2026-09-12,jepx-spread-top8-kyushu,kyushu,12.382499999999997,https://www.jepx.jp/_download.php?dir=spot_summary&file=spot_summary_2026.csv
2026-09-13,jepx-spread-top8-kyushu,kyushu,11.983750000000004,https://www.jepx.jp/_download.php?dir=spot_summary&file=spot_summary_2026.csv
2026-09-14,jepx-spread-top8-kyushu,kyushu,21.42375,https://www.jepx.jp/_download.php?dir=spot_summary&file=spot_summary_2026.csv
2026-09-15,jepx-spread-top8-kyushu,kyushu,11.707500000000003,https://www.jepx.jp/_download.php?dir=spot_summary&file=spot_summary_2026.csv
2026-09-16,jepx-spread-top8-kyushu,kyushu,9.14,https://www.jepx.jp/_download.php?dir=spot_summary&file=spot_summary_2026.csv
2026-09-17,jepx-spread-top8-kyushu,kyushu,18.478749999999998,https://www.jepx.jp/_download.php?dir=spot_summary&file=spot_summary_2026.csv
2026-09-18,jepx-spread-top8-kyushu,kyushu,7.421250000000001,https://www.jepx.jp/_download.php?dir=spot_summary&file=spot_summary_2026.csv
2026-09-19,jepx-spread-top8-kyushu,kyushu,8.70375,https://www.jepx.jp/_download.php?dir=spot_summary&file=spot_summary_2026.csv
2026-09-20,jepx-spread-top8-kyushu,kyushu,15.623750000000001,https://www.jepx.jp/_download.php?dir=spot_summary&file=spot_summary_2026.csv
2026-09-21,jepx-spread-top8-kyushu,kyushu,14.768749999999999,https://www.jepx.jp/_download.php?dir=spot_summary&file=spot_summary_2026.csv
2026-09-22,jepx-spread-top8-kyushu,kyushu,13.766250000000001,https://www.jepx.jp/_download.php?dir=spot_summary&file=spot_summary_2026.csv
2026-09-23,jepx-spread-top8-kyushu,kyushu,14.40875,https://www.jepx.jp/_download.php?dir=spot_summary&file=spot_summary_2026.csv
2026-09-24,jepx-spread-top8-kyushu,kyushu,12.915,https://www.jepx.jp/_download.php?dir=spot_summary&file=spot_summary_2026.csv
2026-09-25,jepx-spread-top8-kyushu,kyushu,8.831249999999999,https://www.jepx.jp/_download.php?dir=spot_summary&file=spot_summary_2026.csv
2026-09-26,jepx-spread-top8-kyushu,kyushu,9.471250000000001,https://www.jepx.jp/_download.php?dir=spot_summary&file=spot_summary_2026.csv
2026-09-27,jepx-spread-top8-kyushu,kyushu,7.8312500000000025,https://www.jepx.jp/_download.php?dir=spot_summary&file=spot_summary_2026.csv
