date,indicator_id,region,value,source_url
2012-04-01,jepx-top8avg-system,jp,14.86625,https://www.jepx.jp/_download.php?dir=spot_summary&file=spot_summary_2012.csv
2012-04-02,jepx-top8avg-system,jp,16.975,https://www.jepx.jp/_download.php?dir=spot_summary&file=spot_summary_2012.csv
2012-04-03,jepx-top8avg-system,jp,16.880000000000003,https://www.jepx.jp/_download.php?dir=spot_summary&file=spot_summary_2012.csv
2012-04-04,jepx-top8avg-system,jp,16.50875,https://www.jepx.jp/_download.php?dir=spot_summary&file=spot_summary_2012.csv
2012-04-05,jepx-top8avg-system,jp,16.18875,https://www.jepx.jp/_download.php?dir=spot_summary&file=spot_summary_2012.csv
2012-04-06,jepx-top8avg-system,jp,17.93,https://www.jepx.jp/_download.php?dir=spot_summary&file=spot_summary_2012.csv
2012-04-07,jepx-top8avg-system,jp,14.13125,https://www.jepx.jp/_download.php?dir=spot_summary&file=spot_summary_2012.csv
2012-04-08,jepx-top8avg-system,jp,16.552500000000002,https://www.jepx.jp/_download.php?dir=spot_summary&file=spot_summary_2012.csv
2012-04-09,jepx-top8avg-system,jp,18.1425,https://www.jepx.jp/_download.php?dir=spot_summary&file=spot_summary_2012.csv
2012-04-10,jepx-top8avg-system,jp,19.0925,https://www.jepx.jp/_download.php?dir=spot_summary&file=spot_summary_2012.csv
2012-04-11,jepx-top8avg-system,jp,20.84,https://www.jepx.jp/_download.php?dir=spot_summary&file=spot_summary_2012.csv
2012-04-12,jepx-top8avg-system,jp,18.6625,https://www.jepx.jp/_download.php?dir=spot_summary&file=spot_summary_2012.csv
2012-04-13,jepx-top8avg-system,jp,19.646250000000002,https://www.jepx.jp/_download.php?dir=spot_summary&file=spot_summary_2012.csv
2012-04-14,jepx-top8avg-system,jp,15.212499999999999,https://www.jepx.jp/_download.php?dir=spot_summary&file=spot_summary_2012.csv
2012-04-15,jepx-top8avg-system,jp,15.07875,https://www.jepx.jp/_download.php?dir=spot_summary&file=spot_summary_2012.csv
2012-04-16,jepx-top8avg-system,jp,19.07875,https://www.jepx.jp/_download.php?dir=spot_summary&file=spot_summary_2012.csv
2012-04-17,jepx-top8avg-system,jp,18.956249999999997,https://www.jepx.jp/_download.php?dir=spot_summary&file=spot_summary_2012.csv
2012-04-18,jepx-top8avg-system,jp,19.25,https://www.jepx.jp/_download.php?dir=spot_summary&file=spot_summary_2012.csv
2012-04-19,jepx-top8avg-system,jp,19.25875,https://www.jepx.jp/_download.php?dir=spot_summary&file=spot_summary_2012.csv
2012-04-20,jepx-top8avg-system,jp,19.325,https://www.jepx.jp/_download.php?dir=spot_summary&file=spot_summary_2012.csv
2012-04-21,jepx-top8avg-system,jp,15.787499999999998,https://www.jepx.jp/_download.php?dir=spot_summary&file=spot_summary_2012.csv
2012-04-22,jepx-top8avg-system,jp,15.31625,https://www.jepx.jp/_download.php?dir=spot_summary&file=spot_summary_2012.csv
2012-04-23,jepx-top8avg-system,jp,18.36,https://www.jepx.jp/_download.php?dir=spot_summary&file=spot_summary_2012.csv
2012-04-24,jepx-top8avg-system,jp,17.75,https://www.jepx.jp/_download.php?dir=spot_summary&file=spot_summary_2012.csv
2012-04-25,jepx-top8avg-system,jp,21.0675,https://www.jepx.jp/_download.php?dir=spot_summary&file=spot_summary_2012.csv
2012-04-26,jepx-top8avg-system,jp,25.27,https://www.jepx.jp/_download.php?dir=spot_summary&file=spot_summary_2012.csv
2012-04-27,jepx-top8avg-system,jp,20.27,https://www.jepx.jp/_download.php?dir=spot_summary&file=spot_summary_2012.csv
2012-04-28,jepx-top8avg-system,jp,16.00125,https://www.jepx.jp/_download.php?dir=spot_summary&file=spot_summary_2012.csv
2012-04-29,jepx-top8avg-system,jp,14.79125,https://www.jepx.jp/_download.php?dir=spot_summary&file=spot_summary_2012.csv
2012-04-30,jepx-top8avg-system,jp,15.01375,https://www.jepx.jp/_download.php?dir=spot_summary&file=spot_summary_2012.csv
2012-05-01,jepx-top8avg-system,jp,20.04,https://www.jepx.jp/_download.php?dir=spot_summary&file=spot_summary_2012.csv
2012-05-02,jepx-top8avg-system,jp,19.478749999999998,https://www.jepx.jp/_download.php?dir=spot_summary&file=spot_summary_2012.csv
2012-05-03,jepx-top8avg-system,jp,14.721250000000001,https://www.jepx.jp/_download.php?dir=spot_summary&file=spot_summary_2012.csv
2012-05-04,jepx-top8avg-system,jp,16.155,https://www.jepx.jp/_download.php?dir=spot_summary&file=spot_summary_2012.csv
2012-05-05,jepx-top8avg-system,jp,17.11125,https://www.jepx.jp/_download.php?dir=spot_summary&file=spot_summary_2012.csv
2012-05-06,jepx-top8avg-system,jp,16.96875,https://www.jepx.jp/_download.php?dir=spot_summary&file=spot_summary_2012.csv
2012-05-07,jepx-top8avg-system,jp,22.02375,https://www.jepx.jp/_download.php?dir=spot_summary&file=spot_summary_2012.csv
2012-05-08,jepx-top8avg-system,jp,24.3075,https://www.jepx.jp/_download.php?dir=spot_summary&file=spot_summary_2012.csv
2012-05-09,jepx-top8avg-system,jp,22.985,https://www.jepx.jp/_download.php?dir=spot_summary&file=spot_summary_2012.csv
2012-05-10,jepx-top8avg-system,jp,23.49,https://www.jepx.jp/_download.php?dir=spot_summary&file=spot_summary_2012.csv
2012-05-11,jepx-top8avg-system,jp,20.83625,https://www.jepx.jp/_download.php?dir=spot_summary&file=spot_summary_2012.csv
2012-05-12,jepx-top8avg-system,jp,15.79,https://www.jepx.jp/_download.php?dir=spot_summary&file=spot_summary_2012.csv
2012-05-13,jepx-top8avg-system,jp,15.35125,https://www.jepx.jp/_download.php?dir=spot_summary&file=spot_summary_2012.csv
2012-05-14,jepx-top8avg-system,jp,21.173750000000002,https://www.jepx.jp/_download.php?dir=spot_summary&file=spot_summary_2012.csv
2012-05-15,jepx-top8avg-system,jp,23.1025,https://www.jepx.jp/_download.php?dir=spot_summary&file=spot_summary_2012.csv
2012-05-16,jepx-top8avg-system,jp,22.8725,https://www.jepx.jp/_download.php?dir=spot_summary&file=spot_summary_2012.csv
2012-05-17,jepx-top8avg-system,jp,21.45375,https://www.jepx.jp/_download.php?dir=spot_summary&file=spot_summary_2012.csv
2012-05-18,jepx-top8avg-system,jp,16.56,https://www.jepx.jp/_download.php?dir=spot_summary&file=spot_summary_2012.csv
2012-05-19,jepx-top8avg-system,jp,15.44125,https://www.jepx.jp/_download.php?dir=spot_summary&file=spot_summary_2012.csv
2012-05-20,jepx-top8avg-system,jp,14.64875,https://www.jepx.jp/_download.php?dir=spot_summary&file=spot_summary_2012.csv
2012-05-21,jepx-top8avg-system,jp,24.5175,https://www.jepx.jp/_download.php?dir=spot_summary&file=spot_summary_2012.csv
2012-05-22,jepx-top8avg-system,jp,20.1925,https://www.jepx.jp/_download.php?dir=spot_summary&file=spot_summary_2012.csv
2012-05-23,jepx-top8avg-system,jp,16.5325,https://www.jepx.jp/_download.php?dir=spot_summary&file=spot_summary_2012.csv
2012-05-24,jepx-top8avg-system,jp,19.97,https://www.jepx.jp/_download.php?dir=spot_summary&file=spot_summary_2012.csv
2012-05-25,jepx-top8avg-system,jp,19.83625,https://www.jepx.jp/_download.php?dir=spot_summary&file=spot_summary_2012.csv
2012-05-26,jepx-top8avg-system,jp,15.7675,https://www.jepx.jp/_download.php?dir=spot_summary&file=spot_summary_2012.csv
2012-05-27,jepx-top8avg-system,jp,15.38625,https://www.jepx.jp/_download.php?dir=spot_summary&file=spot_summary_2012.csv
2012-05-28,jepx-top8avg-system,jp,20.6025,https://www.jepx.jp/_download.php?dir=spot_summary&file=spot_summary_2012.csv
2012-05-29,jepx-top8avg-system,jp,19.7475,https://www.jepx.jp/_download.php?dir=spot_summary&file=spot_summary_2012.csv
2012-05-30,jepx-top8avg-system,jp,20.15625,https://www.jepx.jp/_download.php?dir=spot_summary&file=spot_summary_2012.csv
2012-05-31,jepx-top8avg-system,jp,20.5775,https://www.jepx.jp/_download.php?dir=spot_summary&file=spot_summary_2012.csv
2012-06-01,jepx-top8avg-system,jp,19.985,https://www.jepx.jp/_download.php?dir=spot_summary&file=spot_summary_2012.csv
2012-06-02,jepx-top8avg-system,jp,15.7775,https://www.jepx.jp/_download.php?dir=spot_summary&file=spot_summary_2012.csv
2012-06-03,jepx-top8avg-system,jp,15.247499999999999,https://www.jepx.jp/_download.php?dir=spot_summary&file=spot_summary_2012.csv
2012-06-04,jepx-top8avg-system,jp,20.213749999999997,https://www.jepx.jp/_download.php?dir=spot_summary&file=spot_summary_2012.csv
2012-06-05,jepx-top8avg-system,jp,20.45375,https://www.jepx.jp/_download.php?dir=spot_summary&file=spot_summary_2012.csv
2012-06-06,jepx-top8avg-system,jp,20.096249999999998,https://www.jepx.jp/_download.php?dir=spot_summary&file=spot_summary_2012.csv
2012-06-07,jepx-top8avg-system,jp,19.7675,https://www.jepx.jp/_download.php?dir=spot_summary&file=spot_summary_2012.csv
2012-06-08,jepx-top8avg-system,jp,16.6325,https://www.jepx.jp/_download.php?dir=spot_summary&file=spot_summary_2012.csv
2012-06-09,jepx-top8avg-system,jp,15.09625,https://www.jepx.jp/_download.php?dir=spot_summary&file=spot_summary_2012.csv
2012-06-10,jepx-top8avg-system,jp,15.08875,https://www.jepx.jp/_download.php?dir=spot_summary&file=spot_summary_2012.csv
2012-06-11,jepx-top8avg-system,jp,20.19375,https://www.jepx.jp/_download.php?dir=spot_summary&file=spot_summary_2012.csv
2012-06-12,jepx-top8avg-system,jp,19.8575,https://www.jepx.jp/_download.php?dir=spot_summary&file=spot_summary_2012.csv
2012-06-13,jepx-top8avg-system,jp,16.275,https://www.jepx.jp/_download.php?dir=spot_summary&file=spot_summary_2012.csv
2012-06-14,jepx-top8avg-system,jp,17.1975,https://www.jepx.jp/_download.php?dir=spot_summary&file=spot_summary_2012.csv
2012-06-15,jepx-top8avg-system,jp,16.195,https://www.jepx.jp/_download.php?dir=spot_summary&file=spot_summary_2012.csv
2012-06-16,jepx-top8avg-system,jp,15.02,https://www.jepx.jp/_download.php?dir=spot_summary&file=spot_summary_2012.csv
2012-06-17,jepx-top8avg-system,jp,14.915000000000001,https://www.jepx.jp/_download.php?dir=spot_summary&file=spot_summary_2012.csv
2012-06-18,jepx-top8avg-system,jp,19.67,https://www.jepx.jp/_download.php?dir=spot_summary&file=spot_summary_2012.csv
2012-06-19,jepx-top8avg-system,jp,18.8575,https://www.jepx.jp/_download.php?dir=spot_summary&file=spot_summary_2012.csv
2012-06-20,jepx-top8avg-system,jp,25.83,https://www.jepx.jp/_download.php?dir=spot_summary&file=spot_summary_2012.csv
2012-06-21,jepx-top8avg-system,jp,19.7275,https://www.jepx.jp/_download.php?dir=spot_summary&file=spot_summary_2012.csv
2012-06-22,jepx-top8avg-system,jp,17.955,https://www.jepx.jp/_download.php?dir=spot_summary&file=spot_summary_2012.csv
2012-06-23,jepx-top8avg-system,jp,13.6575,https://www.jepx.jp/_download.php?dir=spot_summary&file=spot_summary_2012.csv
2012-06-24,jepx-top8avg-system,jp,14.195,https://www.jepx.jp/_download.php?dir=spot_summary&file=spot_summary_2012.csv
2012-06-25,jepx-top8avg-system,jp,15.75,https://www.jepx.jp/_download.php?dir=spot_summary&file=spot_summary_2012.csv
2012-06-26,jepx-top8avg-system,jp,14.76,https://www.jepx.jp/_download.php?dir=spot_summary&file=spot_summary_2012.csv
2012-06-27,jepx-top8avg-system,jp,14.95,https://www.jepx.jp/_download.php?dir=spot_summary&file=spot_summary_2012.csv
2012-06-28,jepx-top8avg-system,jp,15.495000000000001,https://www.jepx.jp/_download.php?dir=spot_summary&file=spot_summary_2012.csv
2012-06-29,jepx-top8avg-system,jp,15.213750000000001,https://www.jepx.jp/_download.php?dir=spot_summary&file=spot_summary_2012.csv
2012-06-30,jepx-top8avg-system,jp,14.182500000000001,https://www.jepx.jp/_download.php?dir=spot_summary&file=spot_summary_2012.csv
2012-07-01,jepx-top8avg-system,jp,13.52,https://www.jepx.jp/_download.php?dir=spot_summary&file=spot_summary_2012.csv
2012-07-02,jepx-top8avg-system,jp,14.885000000000002,https://www.jepx.jp/_download.php?dir=spot_summary&file=spot_summary_2012.csv
2012-07-03,jepx-top8avg-system,jp,14.588750000000001,https://www.jepx.jp/_download.php?dir=spot_summary&file=spot_summary_2012.csv
2012-07-04,jepx-top8avg-system,jp,14.77,https://www.jepx.jp/_download.php?dir=spot_summary&file=spot_summary_2012.csv
2012-07-05,jepx-top8avg-system,jp,14.537500000000001,https://www.jepx.jp/_download.php?dir=spot_summary&file=spot_summary_2012.csv
2012-07-06,jepx-top8avg-system,jp,14.5825,https://www.jepx.jp/_download.php?dir=spot_summary&file=spot_summary_2012.csv
2012-07-07,jepx-top8avg-system,jp,12.88625,https://www.jepx.jp/_download.php?dir=spot_summary&file=spot_summary_2012.csv
2012-07-08,jepx-top8avg-system,jp,12.38125,https://www.jepx.jp/_download.php?dir=spot_summary&file=spot_summary_2012.csv
2012-07-09,jepx-top8avg-system,jp,14.530000000000001,https://www.jepx.jp/_download.php?dir=spot_summary&file=spot_summary_2012.csv
2012-07-10,jepx-top8avg-system,jp,14.48125,https://www.jepx.jp/_download.php?dir=spot_summary&file=spot_summary_2012.csv
2012-07-11,jepx-top8avg-system,jp,14.17,https://www.jepx.jp/_download.php?dir=spot_summary&file=spot_summary_2012.csv
2012-07-12,jepx-top8avg-system,jp,14.1675,https://www.jepx.jp/_download.php?dir=spot_summary&file=spot_summary_2012.csv
2012-07-13,jepx-top8avg-system,jp,13.95375,https://www.jepx.jp/_download.php?dir=spot_summary&file=spot_summary_2012.csv
2012-07-14,jepx-top8avg-system,jp,12.315000000000001,https://www.jepx.jp/_download.php?dir=spot_summary&file=spot_summary_2012.csv
2012-07-15,jepx-top8avg-system,jp,11.9525,https://www.jepx.jp/_download.php?dir=spot_summary&file=spot_summary_2012.csv
2012-07-16,jepx-top8avg-system,jp,11.975,https://www.jepx.jp/_download.php?dir=spot_summary&file=spot_summary_2012.csv
2012-07-17,jepx-top8avg-system,jp,14.03625,https://www.jepx.jp/_download.php?dir=spot_summary&file=spot_summary_2012.csv
2012-07-18,jepx-top8avg-system,jp,17.177500000000002,https://www.jepx.jp/_download.php?dir=spot_summary&file=spot_summary_2012.csv
2012-07-19,jepx-top8avg-system,jp,18.9725,https://www.jepx.jp/_download.php?dir=spot_summary&file=spot_summary_2012.csv
2012-07-20,jepx-top8avg-system,jp,15.350000000000001,https://www.jepx.jp/_download.php?dir=spot_summary&file=spot_summary_2012.csv
2012-07-21,jepx-top8avg-system,jp,12.315000000000001,https://www.jepx.jp/_download.php?dir=spot_summary&file=spot_summary_2012.csv
2012-07-22,jepx-top8avg-system,jp,11.945,https://www.jepx.jp/_download.php?dir=spot_summary&file=spot_summary_2012.csv
2012-07-23,jepx-top8avg-system,jp,18.92,https://www.jepx.jp/_download.php?dir=spot_summary&file=spot_summary_2012.csv
2012-07-24,jepx-top8avg-system,jp,19.4,https://www.jepx.jp/_download.php?dir=spot_summary&file=spot_summary_2012.csv
2012-07-25,jepx-top8avg-system,jp,18.97375,https://www.jepx.jp/_download.php?dir=spot_summary&file=spot_summary_2012.csv
2012-07-26,jepx-top8avg-system,jp,19.2825,https://www.jepx.jp/_download.php?dir=spot_summary&file=spot_summary_2012.csv
2012-07-27,jepx-top8avg-system,jp,20.669999999999998,https://www.jepx.jp/_download.php?dir=spot_summary&file=spot_summary_2012.csv
2012-07-28,jepx-top8avg-system,jp,14.12875,https://www.jepx.jp/_download.php?dir=spot_summary&file=spot_summary_2012.csv
2012-07-29,jepx-top8avg-system,jp,12.815000000000001,https://www.jepx.jp/_download.php?dir=spot_summary&file=spot_summary_2012.csv
2012-07-30,jepx-top8avg-system,jp,22.686249999999998,https://www.jepx.jp/_download.php?dir=spot_summary&file=spot_summary_2012.csv
2012-07-31,jepx-top8avg-system,jp,28.8025,https://www.jepx.jp/_download.php?dir=spot_summary&file=spot_summary_2012.csv
2012-08-01,jepx-top8avg-system,jp,23.65,https://www.jepx.jp/_download.php?dir=spot_summary&file=spot_summary_2012.csv
2012-08-02,jepx-top8avg-system,jp,25.058749999999996,https://www.jepx.jp/_download.php?dir=spot_summary&file=spot_summary_2012.csv
2012-08-03,jepx-top8avg-system,jp,28.501250000000002,https://www.jepx.jp/_download.php?dir=spot_summary&file=spot_summary_2012.csv
2012-08-04,jepx-top8avg-system,jp,13.64875,https://www.jepx.jp/_download.php?dir=spot_summary&file=spot_summary_2012.csv
2012-08-05,jepx-top8avg-system,jp,12.93,https://www.jepx.jp/_download.php?dir=spot_summary&file=spot_summary_2012.csv
2012-08-06,jepx-top8avg-system,jp,21.155,https://www.jepx.jp/_download.php?dir=spot_summary&file=spot_summary_2012.csv
2012-08-07,jepx-top8avg-system,jp,21.14625,https://www.jepx.jp/_download.php?dir=spot_summary&file=spot_summary_2012.csv
2012-08-08,jepx-top8avg-system,jp,21.19625,https://www.jepx.jp/_download.php?dir=spot_summary&file=spot_summary_2012.csv
2012-08-09,jepx-top8avg-system,jp,21.33,https://www.jepx.jp/_download.php?dir=spot_summary&file=spot_summary_2012.csv
2012-08-10,jepx-top8avg-system,jp,21.31375,https://www.jepx.jp/_download.php?dir=spot_summary&file=spot_summary_2012.csv
2012-08-11,jepx-top8avg-system,jp,13.92,https://www.jepx.jp/_download.php?dir=spot_summary&file=spot_summary_2012.csv
2012-08-12,jepx-top8avg-system,jp,13.93,https://www.jepx.jp/_download.php?dir=spot_summary&file=spot_summary_2012.csv
2012-08-13,jepx-top8avg-system,jp,14.445,https://www.jepx.jp/_download.php?dir=spot_summary&file=spot_summary_2012.csv
2012-08-14,jepx-top8avg-system,jp,14.357500000000002,https://www.jepx.jp/_download.php?dir=spot_summary&file=spot_summary_2012.csv
2012-08-15,jepx-top8avg-system,jp,14.212499999999999,https://www.jepx.jp/_download.php?dir=spot_summary&file=spot_summary_2012.csv
2012-08-16,jepx-top8avg-system,jp,14.297500000000001,https://www.jepx.jp/_download.php?dir=spot_summary&file=spot_summary_2012.csv
2012-08-17,jepx-top8avg-system,jp,18.865000000000002,https://www.jepx.jp/_download.php?dir=spot_summary&file=spot_summary_2012.csv
2012-08-18,jepx-top8avg-system,jp,13.94,https://www.jepx.jp/_download.php?dir=spot_summary&file=spot_summary_2012.csv
2012-08-19,jepx-top8avg-system,jp,13.93,https://www.jepx.jp/_download.php?dir=spot_summary&file=spot_summary_2012.csv
2012-08-20,jepx-top8avg-system,jp,39.67,https://www.jepx.jp/_download.php?dir=spot_summary&file=spot_summary_2012.csv
2012-08-21,jepx-top8avg-system,jp,39.665,https://www.jepx.jp/_download.php?dir=spot_summary&file=spot_summary_2012.csv
2012-08-22,jepx-top8avg-system,jp,18.87,https://www.jepx.jp/_download.php?dir=spot_summary&file=spot_summary_2012.csv
2012-08-23,jepx-top8avg-system,jp,29.8375,https://www.jepx.jp/_download.php?dir=spot_summary&file=spot_summary_2012.csv
2012-08-24,jepx-top8avg-system,jp,33.265,https://www.jepx.jp/_download.php?dir=spot_summary&file=spot_summary_2012.csv
2012-08-25,jepx-top8avg-system,jp,14.466249999999999,https://www.jepx.jp/_download.php?dir=spot_summary&file=spot_summary_2012.csv
2012-08-26,jepx-top8avg-system,jp,13.32375,https://www.jepx.jp/_download.php?dir=spot_summary&file=spot_summary_2012.csv
2012-08-27,jepx-top8avg-system,jp,20.81125,https://www.jepx.jp/_download.php?dir=spot_summary&file=spot_summary_2012.csv
2012-08-28,jepx-top8avg-system,jp,31.231250000000003,https://www.jepx.jp/_download.php?dir=spot_summary&file=spot_summary_2012.csv
2012-08-29,jepx-top8avg-system,jp,39.105000000000004,https://www.jepx.jp/_download.php?dir=spot_summary&file=spot_summary_2012.csv
2012-08-30,jepx-top8avg-system,jp,30.10875,https://www.jepx.jp/_download.php?dir=spot_summary&file=spot_summary_2012.csv
2012-08-31,jepx-top8avg-system,jp,30.411250000000003,https://www.jepx.jp/_download.php?dir=spot_summary&file=spot_summary_2012.csv
2012-09-01,jepx-top8avg-system,jp,14.5625,https://www.jepx.jp/_download.php?dir=spot_summary&file=spot_summary_2012.csv
2012-09-02,jepx-top8avg-system,jp,14.49,https://www.jepx.jp/_download.php?dir=spot_summary&file=spot_summary_2012.csv
2012-09-03,jepx-top8avg-system,jp,19.822499999999998,https://www.jepx.jp/_download.php?dir=spot_summary&file=spot_summary_2012.csv
2012-09-04,jepx-top8avg-system,jp,39.15,https://www.jepx.jp/_download.php?dir=spot_summary&file=spot_summary_2012.csv
2012-09-05,jepx-top8avg-system,jp,27.628750000000004,https://www.jepx.jp/_download.php?dir=spot_summary&file=spot_summary_2012.csv
2012-09-06,jepx-top8avg-system,jp,17.442500000000003,https://www.jepx.jp/_download.php?dir=spot_summary&file=spot_summary_2012.csv
2012-09-07,jepx-top8avg-system,jp,17.39875,https://www.jepx.jp/_download.php?dir=spot_summary&file=spot_summary_2012.csv
2012-09-08,jepx-top8avg-system,jp,14.22,https://www.jepx.jp/_download.php?dir=spot_summary&file=spot_summary_2012.csv
2012-09-09,jepx-top8avg-system,jp,13.71125,https://www.jepx.jp/_download.php?dir=spot_summary&file=spot_summary_2012.csv
2012-09-10,jepx-top8avg-system,jp,16.39875,https://www.jepx.jp/_download.php?dir=spot_summary&file=spot_summary_2012.csv
2012-09-11,jepx-top8avg-system,jp,19.865000000000002,https://www.jepx.jp/_download.php?dir=spot_summary&file=spot_summary_2012.csv
2012-09-12,jepx-top8avg-system,jp,18.47625,https://www.jepx.jp/_download.php?dir=spot_summary&file=spot_summary_2012.csv
2012-09-13,jepx-top8avg-system,jp,21.59125,https://www.jepx.jp/_download.php?dir=spot_summary&file=spot_summary_2012.csv
2012-09-14,jepx-top8avg-system,jp,21.80875,https://www.jepx.jp/_download.php?dir=spot_summary&file=spot_summary_2012.csv
2012-09-15,jepx-top8avg-system,jp,14.0125,https://www.jepx.jp/_download.php?dir=spot_summary&file=spot_summary_2012.csv
2012-09-16,jepx-top8avg-system,jp,13.877500000000001,https://www.jepx.jp/_download.php?dir=spot_summary&file=spot_summary_2012.csv
2012-09-17,jepx-top8avg-system,jp,16.28875,https://www.jepx.jp/_download.php?dir=spot_summary&file=spot_summary_2012.csv
2012-09-18,jepx-top8avg-system,jp,19.97375,https://www.jepx.jp/_download.php?dir=spot_summary&file=spot_summary_2012.csv
2012-09-19,jepx-top8avg-system,jp,37.54875,https://www.jepx.jp/_download.php?dir=spot_summary&file=spot_summary_2012.csv
2012-09-20,jepx-top8avg-system,jp,23.42,https://www.jepx.jp/_download.php?dir=spot_summary&file=spot_summary_2012.csv
2012-09-21,jepx-top8avg-system,jp,15.891249999999998,https://www.jepx.jp/_download.php?dir=spot_summary&file=spot_summary_2012.csv
2012-09-22,jepx-top8avg-system,jp,14.235,https://www.jepx.jp/_download.php?dir=spot_summary&file=spot_summary_2012.csv
2012-09-23,jepx-top8avg-system,jp,11.791250000000002,https://www.jepx.jp/_download.php?dir=spot_summary&file=spot_summary_2012.csv
2012-09-24,jepx-top8avg-system,jp,14.78375,https://www.jepx.jp/_download.php?dir=spot_summary&file=spot_summary_2012.csv
2012-09-25,jepx-top8avg-system,jp,14.74,https://www.jepx.jp/_download.php?dir=spot_summary&file=spot_summary_2012.csv
2012-09-26,jepx-top8avg-system,jp,15.03,https://www.jepx.jp/_download.php?dir=spot_summary&file=spot_summary_2012.csv
2012-09-27,jepx-top8avg-system,jp,14.805,https://www.jepx.jp/_download.php?dir=spot_summary&file=spot_summary_2012.csv
2012-09-28,jepx-top8avg-system,jp,14.94875,https://www.jepx.jp/_download.php?dir=spot_summary&file=spot_summary_2012.csv
2012-09-29,jepx-top8avg-system,jp,13.873750000000001,https://www.jepx.jp/_download.php?dir=spot_summary&file=spot_summary_2012.csv
2012-09-30,jepx-top8avg-system,jp,13.57375,https://www.jepx.jp/_download.php?dir=spot_summary&file=spot_summary_2012.csv
2012-10-01,jepx-top8avg-system,jp,18.970000000000002,https://www.jepx.jp/_download.php?dir=spot_summary&file=spot_summary_2012.csv
2012-10-02,jepx-top8avg-system,jp,16.6875,https://www.jepx.jp/_download.php?dir=spot_summary&file=spot_summary_2012.csv
2012-10-03,jepx-top8avg-system,jp,16.295,https://www.jepx.jp/_download.php?dir=spot_summary&file=spot_summary_2012.csv
2012-10-04,jepx-top8avg-system,jp,17.4825,https://www.jepx.jp/_download.php?dir=spot_summary&file=spot_summary_2012.csv
2012-10-05,jepx-top8avg-system,jp,16.181250000000002,https://www.jepx.jp/_download.php?dir=spot_summary&file=spot_summary_2012.csv
2012-10-06,jepx-top8avg-system,jp,14.0075,https://www.jepx.jp/_download.php?dir=spot_summary&file=spot_summary_2012.csv
2012-10-07,jepx-top8avg-system,jp,14.004999999999999,https://www.jepx.jp/_download.php?dir=spot_summary&file=spot_summary_2012.csv
2012-10-08,jepx-top8avg-system,jp,14.8875,https://www.jepx.jp/_download.php?dir=spot_summary&file=spot_summary_2012.csv
2012-10-09,jepx-top8avg-system,jp,15.721250000000001,https://www.jepx.jp/_download.php?dir=spot_summary&file=spot_summary_2012.csv
2012-10-10,jepx-top8avg-system,jp,16.4725,https://www.jepx.jp/_download.php?dir=spot_summary&file=spot_summary_2012.csv
2012-10-11,jepx-top8avg-system,jp,17.744999999999997,https://www.jepx.jp/_download.php?dir=spot_summary&file=spot_summary_2012.csv
2012-10-12,jepx-top8avg-system,jp,18.01125,https://www.jepx.jp/_download.php?dir=spot_summary&file=spot_summary_2012.csv
2012-10-13,jepx-top8avg-system,jp,14.07375,https://www.jepx.jp/_download.php?dir=spot_summary&file=spot_summary_2012.csv
2012-10-14,jepx-top8avg-system,jp,14.012500000000001,https://www.jepx.jp/_download.php?dir=spot_summary&file=spot_summary_2012.csv
2012-10-15,jepx-top8avg-system,jp,16.02,https://www.jepx.jp/_download.php?dir=spot_summary&file=spot_summary_2012.csv
2012-10-16,jepx-top8avg-system,jp,16.6525,https://www.jepx.jp/_download.php?dir=spot_summary&file=spot_summary_2012.csv
2012-10-17,jepx-top8avg-system,jp,18.4,https://www.jepx.jp/_download.php?dir=spot_summary&file=spot_summary_2012.csv
2012-10-18,jepx-top8avg-system,jp,14.96,https://www.jepx.jp/_download.php?dir=spot_summary&file=spot_summary_2012.csv
2012-10-19,jepx-top8avg-system,jp,14.493749999999999,https://www.jepx.jp/_download.php?dir=spot_summary&file=spot_summary_2012.csv
2012-10-20,jepx-top8avg-system,jp,13.69875,https://www.jepx.jp/_download.php?dir=spot_summary&file=spot_summary_2012.csv
2012-10-21,jepx-top8avg-system,jp,13.88875,https://www.jepx.jp/_download.php?dir=spot_summary&file=spot_summary_2012.csv
2012-10-22,jepx-top8avg-system,jp,16.896250000000002,https://www.jepx.jp/_download.php?dir=spot_summary&file=spot_summary_2012.csv
2012-10-23,jepx-top8avg-system,jp,14.7925,https://www.jepx.jp/_download.php?dir=spot_summary&file=spot_summary_2012.csv
2012-10-24,jepx-top8avg-system,jp,14.61,https://www.jepx.jp/_download.php?dir=spot_summary&file=spot_summary_2012.csv
2012-10-25,jepx-top8avg-system,jp,14.65125,https://www.jepx.jp/_download.php?dir=spot_summary&file=spot_summary_2012.csv
2012-10-26,jepx-top8avg-system,jp,14.35875,https://www.jepx.jp/_download.php?dir=spot_summary&file=spot_summary_2012.csv
2012-10-27,jepx-top8avg-system,jp,13.2425,https://www.jepx.jp/_download.php?dir=spot_summary&file=spot_summary_2012.csv
2012-10-28,jepx-top8avg-system,jp,13.38875,https://www.jepx.jp/_download.php?dir=spot_summary&file=spot_summary_2012.csv
2012-10-29,jepx-top8avg-system,jp,14.08,https://www.jepx.jp/_download.php?dir=spot_summary&file=spot_summary_2012.csv
2012-10-30,jepx-top8avg-system,jp,13.925,https://www.jepx.jp/_download.php?dir=spot_summary&file=spot_summary_2012.csv
2012-10-31,jepx-top8avg-system,jp,13.695,https://www.jepx.jp/_download.php?dir=spot_summary&file=spot_summary_2012.csv
2012-11-01,jepx-top8avg-system,jp,14.47125,https://www.jepx.jp/_download.php?dir=spot_summary&file=spot_summary_2012.csv
2012-11-02,jepx-top8avg-system,jp,13.73875,https://www.jepx.jp/_download.php?dir=spot_summary&file=spot_summary_2012.csv
2012-11-03,jepx-top8avg-system,jp,13.85625,https://www.jepx.jp/_download.php?dir=spot_summary&file=spot_summary_2012.csv
2012-11-04,jepx-top8avg-system,jp,13.6475,https://www.jepx.jp/_download.php?dir=spot_summary&file=spot_summary_2012.csv
2012-11-05,jepx-top8avg-system,jp,14.87875,https://www.jepx.jp/_download.php?dir=spot_summary&file=spot_summary_2012.csv
2012-11-06,jepx-top8avg-system,jp,14.815,https://www.jepx.jp/_download.php?dir=spot_summary&file=spot_summary_2012.csv
2012-11-07,jepx-top8avg-system,jp,14.787500000000001,https://www.jepx.jp/_download.php?dir=spot_summary&file=spot_summary_2012.csv
2012-11-08,jepx-top8avg-system,jp,15.4875,https://www.jepx.jp/_download.php?dir=spot_summary&file=spot_summary_2012.csv
2012-11-09,jepx-top8avg-system,jp,14.69625,https://www.jepx.jp/_download.php?dir=spot_summary&file=spot_summary_2012.csv
2012-11-10,jepx-top8avg-system,jp,13.58625,https://www.jepx.jp/_download.php?dir=spot_summary&file=spot_summary_2012.csv
2012-11-11,jepx-top8avg-system,jp,13.55875,https://www.jepx.jp/_download.php?dir=spot_summary&file=spot_summary_2012.csv
2012-11-12,jepx-top8avg-system,jp,14.98875,https://www.jepx.jp/_download.php?dir=spot_summary&file=spot_summary_2012.csv
2012-11-13,jepx-top8avg-system,jp,15.0225,https://www.jepx.jp/_download.php?dir=spot_summary&file=spot_summary_2012.csv
2012-11-14,jepx-top8avg-system,jp,17.065,https://www.jepx.jp/_download.php?dir=spot_summary&file=spot_summary_2012.csv
2012-11-15,jepx-top8avg-system,jp,21.18,https://www.jepx.jp/_download.php?dir=spot_summary&file=spot_summary_2012.csv
2012-11-16,jepx-top8avg-system,jp,20.94,https://www.jepx.jp/_download.php?dir=spot_summary&file=spot_summary_2012.csv
2012-11-17,jepx-top8avg-system,jp,14.61,https://www.jepx.jp/_download.php?dir=spot_summary&file=spot_summary_2012.csv
2012-11-18,jepx-top8avg-system,jp,14.52125,https://www.jepx.jp/_download.php?dir=spot_summary&file=spot_summary_2012.csv
2012-11-19,jepx-top8avg-system,jp,18.103749999999998,https://www.jepx.jp/_download.php?dir=spot_summary&file=spot_summary_2012.csv
2012-11-20,jepx-top8avg-system,jp,15.3375,https://www.jepx.jp/_download.php?dir=spot_summary&file=spot_summary_2012.csv
2012-11-21,jepx-top8avg-system,jp,16.76375,https://www.jepx.jp/_download.php?dir=spot_summary&file=spot_summary_2012.csv
2012-11-22,jepx-top8avg-system,jp,16.05625,https://www.jepx.jp/_download.php?dir=spot_summary&file=spot_summary_2012.csv
2012-11-23,jepx-top8avg-system,jp,15.600000000000001,https://www.jepx.jp/_download.php?dir=spot_summary&file=spot_summary_2012.csv
2012-11-24,jepx-top8avg-system,jp,15.52,https://www.jepx.jp/_download.php?dir=spot_summary&file=spot_summary_2012.csv
2012-11-25,jepx-top8avg-system,jp,16.67125,https://www.jepx.jp/_download.php?dir=spot_summary&file=spot_summary_2012.csv
2012-11-26,jepx-top8avg-system,jp,18.9375,https://www.jepx.jp/_download.php?dir=spot_summary&file=spot_summary_2012.csv
2012-11-27,jepx-top8avg-system,jp,22.015,https://www.jepx.jp/_download.php?dir=spot_summary&file=spot_summary_2012.csv
2012-11-28,jepx-top8avg-system,jp,21.61,https://www.jepx.jp/_download.php?dir=spot_summary&file=spot_summary_2012.csv
2012-11-29,jepx-top8avg-system,jp,19.655,https://www.jepx.jp/_download.php?dir=spot_summary&file=spot_summary_2012.csv
2012-11-30,jepx-top8avg-system,jp,20.37875,https://www.jepx.jp/_download.php?dir=spot_summary&file=spot_summary_2012.csv
2012-12-01,jepx-top8avg-system,jp,15.81375,https://www.jepx.jp/_download.php?dir=spot_summary&file=spot_summary_2012.csv
2012-12-02,jepx-top8avg-system,jp,15.84,https://www.jepx.jp/_download.php?dir=spot_summary&file=spot_summary_2012.csv
2012-12-03,jepx-top8avg-system,jp,20.1425,https://www.jepx.jp/_download.php?dir=spot_summary&file=spot_summary_2012.csv
2012-12-04,jepx-top8avg-system,jp,20.278750000000002,https://www.jepx.jp/_download.php?dir=spot_summary&file=spot_summary_2012.csv
2012-12-05,jepx-top8avg-system,jp,21.75625,https://www.jepx.jp/_download.php?dir=spot_summary&file=spot_summary_2012.csv
2012-12-06,jepx-top8avg-system,jp,22.415,https://www.jepx.jp/_download.php?dir=spot_summary&file=spot_summary_2012.csv
2012-12-07,jepx-top8avg-system,jp,25.611250000000002,https://www.jepx.jp/_download.php?dir=spot_summary&file=spot_summary_2012.csv
2012-12-08,jepx-top8avg-system,jp,14.877500000000001,https://www.jepx.jp/_download.php?dir=spot_summary&file=spot_summary_2012.csv
2012-12-09,jepx-top8avg-system,jp,16.18375,https://www.jepx.jp/_download.php?dir=spot_summary&file=spot_summary_2012.csv
2012-12-10,jepx-top8avg-system,jp,27.6,https://www.jepx.jp/_download.php?dir=spot_summary&file=spot_summary_2012.csv
2012-12-11,jepx-top8avg-system,jp,33.565,https://www.jepx.jp/_download.php?dir=spot_summary&file=spot_summary_2012.csv
2012-12-12,jepx-top8avg-system,jp,30.761249999999997,https://www.jepx.jp/_download.php?dir=spot_summary&file=spot_summary_2012.csv
2012-12-13,jepx-top8avg-system,jp,31.6825,https://www.jepx.jp/_download.php?dir=spot_summary&file=spot_summary_2012.csv
2012-12-14,jepx-top8avg-system,jp,26.848750000000003,https://www.jepx.jp/_download.php?dir=spot_summary&file=spot_summary_2012.csv
2012-12-15,jepx-top8avg-system,jp,14.275,https://www.jepx.jp/_download.php?dir=spot_summary&file=spot_summary_2012.csv
2012-12-16,jepx-top8avg-system,jp,14.76125,https://www.jepx.jp/_download.php?dir=spot_summary&file=spot_summary_2012.csv
2012-12-17,jepx-top8avg-system,jp,18.53625,https://www.jepx.jp/_download.php?dir=spot_summary&file=spot_summary_2012.csv
2012-12-18,jepx-top8avg-system,jp,22.925,https://www.jepx.jp/_download.php?dir=spot_summary&file=spot_summary_2012.csv
2012-12-19,jepx-top8avg-system,jp,23.725,https://www.jepx.jp/_download.php?dir=spot_summary&file=spot_summary_2012.csv
2012-12-20,jepx-top8avg-system,jp,25.48,https://www.jepx.jp/_download.php?dir=spot_summary&file=spot_summary_2012.csv
2012-12-21,jepx-top8avg-system,jp,18.76625,https://www.jepx.jp/_download.php?dir=spot_summary&file=spot_summary_2012.csv
2012-12-22,jepx-top8avg-system,jp,14.1325,https://www.jepx.jp/_download.php?dir=spot_summary&file=spot_summary_2012.csv
2012-12-23,jepx-top8avg-system,jp,14.361250000000002,https://www.jepx.jp/_download.php?dir=spot_summary&file=spot_summary_2012.csv
2012-12-24,jepx-top8avg-system,jp,16.716250000000002,https://www.jepx.jp/_download.php?dir=spot_summary&file=spot_summary_2012.csv
2012-12-25,jepx-top8avg-system,jp,27.755000000000003,https://www.jepx.jp/_download.php?dir=spot_summary&file=spot_summary_2012.csv
2012-12-26,jepx-top8avg-system,jp,22.6475,https://www.jepx.jp/_download.php?dir=spot_summary&file=spot_summary_2012.csv
2012-12-27,jepx-top8avg-system,jp,20.7925,https://www.jepx.jp/_download.php?dir=spot_summary&file=spot_summary_2012.csv
2012-12-28,jepx-top8avg-system,jp,18.195,https://www.jepx.jp/_download.php?dir=spot_summary&file=spot_summary_2012.csv
2012-12-29,jepx-top8avg-system,jp,13.465,https://www.jepx.jp/_download.php?dir=spot_summary&file=spot_summary_2012.csv
2012-12-30,jepx-top8avg-system,jp,14.594999999999999,https://www.jepx.jp/_download.php?dir=spot_summary&file=spot_summary_2012.csv
2012-12-31,jepx-top8avg-system,jp,14.8625,https://www.jepx.jp/_download.php?dir=spot_summary&file=spot_summary_2012.csv
2013-01-01,jepx-top8avg-system,jp,13.4325,https://www.jepx.jp/_download.php?dir=spot_summary&file=spot_summary_2012.csv
2013-01-02,jepx-top8avg-system,jp,13.3325,https://www.jepx.jp/_download.php?dir=spot_summary&file=spot_summary_2012.csv
2013-01-03,jepx-top8avg-system,jp,13.5475,https://www.jepx.jp/_download.php?dir=spot_summary&file=spot_summary_2012.csv
2013-01-04,jepx-top8avg-system,jp,13.7975,https://www.jepx.jp/_download.php?dir=spot_summary&file=spot_summary_2012.csv
2013-01-05,jepx-top8avg-system,jp,14.1975,https://www.jepx.jp/_download.php?dir=spot_summary&file=spot_summary_2012.csv
2013-01-06,jepx-top8avg-system,jp,13.938749999999999,https://www.jepx.jp/_download.php?dir=spot_summary&file=spot_summary_2012.csv
2013-01-07,jepx-top8avg-system,jp,20.9575,https://www.jepx.jp/_download.php?dir=spot_summary&file=spot_summary_2012.csv
2013-01-08,jepx-top8avg-system,jp,21.435000000000002,https://www.jepx.jp/_download.php?dir=spot_summary&file=spot_summary_2012.csv
2013-01-09,jepx-top8avg-system,jp,20.466250000000002,https://www.jepx.jp/_download.php?dir=spot_summary&file=spot_summary_2012.csv
2013-01-10,jepx-top8avg-system,jp,20.87125,https://www.jepx.jp/_download.php?dir=spot_summary&file=spot_summary_2012.csv
2013-01-11,jepx-top8avg-system,jp,20.61,https://www.jepx.jp/_download.php?dir=spot_summary&file=spot_summary_2012.csv
2013-01-12,jepx-top8avg-system,jp,13.83,https://www.jepx.jp/_download.php?dir=spot_summary&file=spot_summary_2012.csv
2013-01-13,jepx-top8avg-system,jp,13.490000000000002,https://www.jepx.jp/_download.php?dir=spot_summary&file=spot_summary_2012.csv
2013-01-14,jepx-top8avg-system,jp,13.75875,https://www.jepx.jp/_download.php?dir=spot_summary&file=spot_summary_2012.csv
2013-01-15,jepx-top8avg-system,jp,15.563749999999999,https://www.jepx.jp/_download.php?dir=spot_summary&file=spot_summary_2012.csv
2013-01-16,jepx-top8avg-system,jp,19.08,https://www.jepx.jp/_download.php?dir=spot_summary&file=spot_summary_2012.csv
2013-01-17,jepx-top8avg-system,jp,18.74125,https://www.jepx.jp/_download.php?dir=spot_summary&file=spot_summary_2012.csv
2013-01-18,jepx-top8avg-system,jp,20.53875,https://www.jepx.jp/_download.php?dir=spot_summary&file=spot_summary_2012.csv
2013-01-19,jepx-top8avg-system,jp,14.661249999999999,https://www.jepx.jp/_download.php?dir=spot_summary&file=spot_summary_2012.csv
2013-01-20,jepx-top8avg-system,jp,13.795000000000002,https://www.jepx.jp/_download.php?dir=spot_summary&file=spot_summary_2012.csv
2013-01-21,jepx-top8avg-system,jp,16.63375,https://www.jepx.jp/_download.php?dir=spot_summary&file=spot_summary_2012.csv
2013-01-22,jepx-top8avg-system,jp,20.01,https://www.jepx.jp/_download.php?dir=spot_summary&file=spot_summary_2012.csv
2013-01-23,jepx-top8avg-system,jp,17.533749999999998,https://www.jepx.jp/_download.php?dir=spot_summary&file=spot_summary_2012.csv
2013-01-24,jepx-top8avg-system,jp,17.990000000000002,https://www.jepx.jp/_download.php?dir=spot_summary&file=spot_summary_2012.csv
2013-01-25,jepx-top8avg-system,jp,18.402499999999996,https://www.jepx.jp/_download.php?dir=spot_summary&file=spot_summary_2012.csv
2013-01-26,jepx-top8avg-system,jp,14.806249999999999,https://www.jepx.jp/_download.php?dir=spot_summary&file=spot_summary_2012.csv
2013-01-27,jepx-top8avg-system,jp,13.73125,https://www.jepx.jp/_download.php?dir=spot_summary&file=spot_summary_2012.csv
2013-01-28,jepx-top8avg-system,jp,20.146250000000002,https://www.jepx.jp/_download.php?dir=spot_summary&file=spot_summary_2012.csv
2013-01-29,jepx-top8avg-system,jp,17.667499999999997,https://www.jepx.jp/_download.php?dir=spot_summary&file=spot_summary_2012.csv
2013-01-30,jepx-top8avg-system,jp,16.79625,https://www.jepx.jp/_download.php?dir=spot_summary&file=spot_summary_2012.csv
2013-01-31,jepx-top8avg-system,jp,16.05375,https://www.jepx.jp/_download.php?dir=spot_summary&file=spot_summary_2012.csv
2013-02-01,jepx-top8avg-system,jp,16.3675,https://www.jepx.jp/_download.php?dir=spot_summary&file=spot_summary_2012.csv
2013-02-02,jepx-top8avg-system,jp,13.629999999999999,https://www.jepx.jp/_download.php?dir=spot_summary&file=spot_summary_2012.csv
2013-02-03,jepx-top8avg-system,jp,14.18,https://www.jepx.jp/_download.php?dir=spot_summary&file=spot_summary_2012.csv
2013-02-04,jepx-top8avg-system,jp,16.6475,https://www.jepx.jp/_download.php?dir=spot_summary&file=spot_summary_2012.csv
2013-02-05,jepx-top8avg-system,jp,16.63625,https://www.jepx.jp/_download.php?dir=spot_summary&file=spot_summary_2012.csv
2013-02-06,jepx-top8avg-system,jp,19.07875,https://www.jepx.jp/_download.php?dir=spot_summary&file=spot_summary_2012.csv
2013-02-07,jepx-top8avg-system,jp,15.67625,https://www.jepx.jp/_download.php?dir=spot_summary&file=spot_summary_2012.csv
2013-02-08,jepx-top8avg-system,jp,18.057499999999997,https://www.jepx.jp/_download.php?dir=spot_summary&file=spot_summary_2012.csv
2013-02-09,jepx-top8avg-system,jp,14.38125,https://www.jepx.jp/_download.php?dir=spot_summary&file=spot_summary_2012.csv
2013-02-10,jepx-top8avg-system,jp,14.469999999999999,https://www.jepx.jp/_download.php?dir=spot_summary&file=spot_summary_2012.csv
2013-02-11,jepx-top8avg-system,jp,15.915000000000001,https://www.jepx.jp/_download.php?dir=spot_summary&file=spot_summary_2012.csv
2013-02-12,jepx-top8avg-system,jp,16.86125,https://www.jepx.jp/_download.php?dir=spot_summary&file=spot_summary_2012.csv
2013-02-13,jepx-top8avg-system,jp,16.403750000000002,https://www.jepx.jp/_download.php?dir=spot_summary&file=spot_summary_2012.csv
2013-02-14,jepx-top8avg-system,jp,15.895,https://www.jepx.jp/_download.php?dir=spot_summary&file=spot_summary_2012.csv
2013-02-15,jepx-top8avg-system,jp,17.439999999999998,https://www.jepx.jp/_download.php?dir=spot_summary&file=spot_summary_2012.csv
2013-02-16,jepx-top8avg-system,jp,14.86875,https://www.jepx.jp/_download.php?dir=spot_summary&file=spot_summary_2012.csv
2013-02-17,jepx-top8avg-system,jp,16.47375,https://www.jepx.jp/_download.php?dir=spot_summary&file=spot_summary_2012.csv
2013-02-18,jepx-top8avg-system,jp,17.0125,https://www.jepx.jp/_download.php?dir=spot_summary&file=spot_summary_2012.csv
2013-02-19,jepx-top8avg-system,jp,17.916249999999998,https://www.jepx.jp/_download.php?dir=spot_summary&file=spot_summary_2012.csv
2013-02-20,jepx-top8avg-system,jp,20.695,https://www.jepx.jp/_download.php?dir=spot_summary&file=spot_summary_2012.csv
2013-02-21,jepx-top8avg-system,jp,20.783749999999998,https://www.jepx.jp/_download.php?dir=spot_summary&file=spot_summary_2012.csv
2013-02-22,jepx-top8avg-system,jp,18.775,https://www.jepx.jp/_download.php?dir=spot_summary&file=spot_summary_2012.csv
2013-02-23,jepx-top8avg-system,jp,15.004999999999999,https://www.jepx.jp/_download.php?dir=spot_summary&file=spot_summary_2012.csv
2013-02-24,jepx-top8avg-system,jp,16.65625,https://www.jepx.jp/_download.php?dir=spot_summary&file=spot_summary_2012.csv
2013-02-25,jepx-top8avg-system,jp,21.3525,https://www.jepx.jp/_download.php?dir=spot_summary&file=spot_summary_2012.csv
2013-02-26,jepx-top8avg-system,jp,22.006249999999998,https://www.jepx.jp/_download.php?dir=spot_summary&file=spot_summary_2012.csv
2013-02-27,jepx-top8avg-system,jp,21.30375,https://www.jepx.jp/_download.php?dir=spot_summary&file=spot_summary_2012.csv
2013-02-28,jepx-top8avg-system,jp,16.39125,https://www.jepx.jp/_download.php?dir=spot_summary&file=spot_summary_2012.csv
2013-03-01,jepx-top8avg-system,jp,17.08625,https://www.jepx.jp/_download.php?dir=spot_summary&file=spot_summary_2012.csv
2013-03-02,jepx-top8avg-system,jp,15.25875,https://www.jepx.jp/_download.php?dir=spot_summary&file=spot_summary_2012.csv
2013-03-03,jepx-top8avg-system,jp,17.451249999999998,https://www.jepx.jp/_download.php?dir=spot_summary&file=spot_summary_2012.csv
2013-03-04,jepx-top8avg-system,jp,25.643749999999997,https://www.jepx.jp/_download.php?dir=spot_summary&file=spot_summary_2012.csv
2013-03-05,jepx-top8avg-system,jp,22.08,https://www.jepx.jp/_download.php?dir=spot_summary&file=spot_summary_2012.csv
2013-03-06,jepx-top8avg-system,jp,17.4625,https://www.jepx.jp/_download.php?dir=spot_summary&file=spot_summary_2012.csv
2013-03-07,jepx-top8avg-system,jp,17.03375,https://www.jepx.jp/_download.php?dir=spot_summary&file=spot_summary_2012.csv
2013-03-08,jepx-top8avg-system,jp,16.77,https://www.jepx.jp/_download.php?dir=spot_summary&file=spot_summary_2012.csv
2013-03-09,jepx-top8avg-system,jp,14.79375,https://www.jepx.jp/_download.php?dir=spot_summary&file=spot_summary_2012.csv
2013-03-10,jepx-top8avg-system,jp,14.83625,https://www.jepx.jp/_download.php?dir=spot_summary&file=spot_summary_2012.csv
2013-03-11,jepx-top8avg-system,jp,17.46625,https://www.jepx.jp/_download.php?dir=spot_summary&file=spot_summary_2012.csv
2013-03-12,jepx-top8avg-system,jp,17.35875,https://www.jepx.jp/_download.php?dir=spot_summary&file=spot_summary_2012.csv
2013-03-13,jepx-top8avg-system,jp,17.08625,https://www.jepx.jp/_download.php?dir=spot_summary&file=spot_summary_2012.csv
2013-03-14,jepx-top8avg-system,jp,17.96625,https://www.jepx.jp/_download.php?dir=spot_summary&file=spot_summary_2012.csv
2013-03-15,jepx-top8avg-system,jp,17.01,https://www.jepx.jp/_download.php?dir=spot_summary&file=spot_summary_2012.csv
2013-03-16,jepx-top8avg-system,jp,15.063749999999999,https://www.jepx.jp/_download.php?dir=spot_summary&file=spot_summary_2012.csv
2013-03-17,jepx-top8avg-system,jp,15.23125,https://www.jepx.jp/_download.php?dir=spot_summary&file=spot_summary_2012.csv
2013-03-18,jepx-top8avg-system,jp,17.158749999999998,https://www.jepx.jp/_download.php?dir=spot_summary&file=spot_summary_2012.csv
2013-03-19,jepx-top8avg-system,jp,16.86,https://www.jepx.jp/_download.php?dir=spot_summary&file=spot_summary_2012.csv
2013-03-20,jepx-top8avg-system,jp,16.93,https://www.jepx.jp/_download.php?dir=spot_summary&file=spot_summary_2012.csv
2013-03-21,jepx-top8avg-system,jp,16.916249999999998,https://www.jepx.jp/_download.php?dir=spot_summary&file=spot_summary_2012.csv
2013-03-22,jepx-top8avg-system,jp,16.32,https://www.jepx.jp/_download.php?dir=spot_summary&file=spot_summary_2012.csv
2013-03-23,jepx-top8avg-system,jp,15.28125,https://www.jepx.jp/_download.php?dir=spot_summary&file=spot_summary_2012.csv
2013-03-24,jepx-top8avg-system,jp,16.09,https://www.jepx.jp/_download.php?dir=spot_summary&file=spot_summary_2012.csv
2013-03-25,jepx-top8avg-system,jp,17.25,https://www.jepx.jp/_download.php?dir=spot_summary&file=spot_summary_2012.csv
2013-03-26,jepx-top8avg-system,jp,16.689999999999998,https://www.jepx.jp/_download.php?dir=spot_summary&file=spot_summary_2012.csv
2013-03-27,jepx-top8avg-system,jp,16.572499999999998,https://www.jepx.jp/_download.php?dir=spot_summary&file=spot_summary_2012.csv
2013-03-28,jepx-top8avg-system,jp,16.127499999999998,https://www.jepx.jp/_download.php?dir=spot_summary&file=spot_summary_2012.csv
2013-03-29,jepx-top8avg-system,jp,16.3125,https://www.jepx.jp/_download.php?dir=spot_summary&file=spot_summary_2012.csv
2013-03-30,jepx-top8avg-system,jp,15.174999999999999,https://www.jepx.jp/_download.php?dir=spot_summary&file=spot_summary_2012.csv
2013-03-31,jepx-top8avg-system,jp,15.5425,https://www.jepx.jp/_download.php?dir=spot_summary&file=spot_summary_2012.csv
2013-04-01,jepx-top8avg-system,jp,16.339999999999996,https://www.jepx.jp/_download.php?dir=spot_summary&file=spot_summary_2013.csv
2013-04-02,jepx-top8avg-system,jp,17.291249999999998,https://www.jepx.jp/_download.php?dir=spot_summary&file=spot_summary_2013.csv
2013-04-03,jepx-top8avg-system,jp,17.25,https://www.jepx.jp/_download.php?dir=spot_summary&file=spot_summary_2013.csv
2013-04-04,jepx-top8avg-system,jp,16.634999999999998,https://www.jepx.jp/_download.php?dir=spot_summary&file=spot_summary_2013.csv
2013-04-05,jepx-top8avg-system,jp,17.123749999999998,https://www.jepx.jp/_download.php?dir=spot_summary&file=spot_summary_2013.csv
2013-04-06,jepx-top8avg-system,jp,16.22625,https://www.jepx.jp/_download.php?dir=spot_summary&file=spot_summary_2013.csv
2013-04-07,jepx-top8avg-system,jp,17.2875,https://www.jepx.jp/_download.php?dir=spot_summary&file=spot_summary_2013.csv
2013-04-08,jepx-top8avg-system,jp,17.305,https://www.jepx.jp/_download.php?dir=spot_summary&file=spot_summary_2013.csv
2013-04-09,jepx-top8avg-system,jp,16.8425,https://www.jepx.jp/_download.php?dir=spot_summary&file=spot_summary_2013.csv
2013-04-10,jepx-top8avg-system,jp,16.854999999999997,https://www.jepx.jp/_download.php?dir=spot_summary&file=spot_summary_2013.csv
2013-04-11,jepx-top8avg-system,jp,17.16875,https://www.jepx.jp/_download.php?dir=spot_summary&file=spot_summary_2013.csv
2013-04-12,jepx-top8avg-system,jp,17.18,https://www.jepx.jp/_download.php?dir=spot_summary&file=spot_summary_2013.csv
2013-04-13,jepx-top8avg-system,jp,16.235,https://www.jepx.jp/_download.php?dir=spot_summary&file=spot_summary_2013.csv
2013-04-14,jepx-top8avg-system,jp,16.43625,https://www.jepx.jp/_download.php?dir=spot_summary&file=spot_summary_2013.csv
2013-04-15,jepx-top8avg-system,jp,16.52375,https://www.jepx.jp/_download.php?dir=spot_summary&file=spot_summary_2013.csv
2013-04-16,jepx-top8avg-system,jp,16.57375,https://www.jepx.jp/_download.php?dir=spot_summary&file=spot_summary_2013.csv
2013-04-17,jepx-top8avg-system,jp,16.542499999999997,https://www.jepx.jp/_download.php?dir=spot_summary&file=spot_summary_2013.csv
2013-04-18,jepx-top8avg-system,jp,16.9125,https://www.jepx.jp/_download.php?dir=spot_summary&file=spot_summary_2013.csv
2013-04-19,jepx-top8avg-system,jp,16.7575,https://www.jepx.jp/_download.php?dir=spot_summary&file=spot_summary_2013.csv
2013-04-20,jepx-top8avg-system,jp,16.2075,https://www.jepx.jp/_download.php?dir=spot_summary&file=spot_summary_2013.csv
2013-04-21,jepx-top8avg-system,jp,16.19375,https://www.jepx.jp/_download.php?dir=spot_summary&file=spot_summary_2013.csv
2013-04-22,jepx-top8avg-system,jp,16.4825,https://www.jepx.jp/_download.php?dir=spot_summary&file=spot_summary_2013.csv
2013-04-23,jepx-top8avg-system,jp,16.502499999999998,https://www.jepx.jp/_download.php?dir=spot_summary&file=spot_summary_2013.csv
2013-04-24,jepx-top8avg-system,jp,17.471249999999998,https://www.jepx.jp/_download.php?dir=spot_summary&file=spot_summary_2013.csv
2013-04-25,jepx-top8avg-system,jp,16.97375,https://www.jepx.jp/_download.php?dir=spot_summary&file=spot_summary_2013.csv
2013-04-26,jepx-top8avg-system,jp,16.42,https://www.jepx.jp/_download.php?dir=spot_summary&file=spot_summary_2013.csv
2013-04-27,jepx-top8avg-system,jp,16.60875,https://www.jepx.jp/_download.php?dir=spot_summary&file=spot_summary_2013.csv
2013-04-28,jepx-top8avg-system,jp,16.68,https://www.jepx.jp/_download.php?dir=spot_summary&file=spot_summary_2013.csv
2013-04-29,jepx-top8avg-system,jp,16.29875,https://www.jepx.jp/_download.php?dir=spot_summary&file=spot_summary_2013.csv
2013-04-30,jepx-top8avg-system,jp,25.0,https://www.jepx.jp/_download.php?dir=spot_summary&file=spot_summary_2013.csv
2013-05-01,jepx-top8avg-system,jp,26.668750000000003,https://www.jepx.jp/_download.php?dir=spot_summary&file=spot_summary_2013.csv
2013-05-02,jepx-top8avg-system,jp,26.545,https://www.jepx.jp/_download.php?dir=spot_summary&file=spot_summary_2013.csv
2013-05-03,jepx-top8avg-system,jp,16.283749999999998,https://www.jepx.jp/_download.php?dir=spot_summary&file=spot_summary_2013.csv
2013-05-04,jepx-top8avg-system,jp,16.322499999999998,https://www.jepx.jp/_download.php?dir=spot_summary&file=spot_summary_2013.csv
2013-05-05,jepx-top8avg-system,jp,16.361250000000002,https://www.jepx.jp/_download.php?dir=spot_summary&file=spot_summary_2013.csv
2013-05-06,jepx-top8avg-system,jp,16.6325,https://www.jepx.jp/_download.php?dir=spot_summary&file=spot_summary_2013.csv
2013-05-07,jepx-top8avg-system,jp,17.775,https://www.jepx.jp/_download.php?dir=spot_summary&file=spot_summary_2013.csv
2013-05-08,jepx-top8avg-system,jp,17.23375,https://www.jepx.jp/_download.php?dir=spot_summary&file=spot_summary_2013.csv
2013-05-09,jepx-top8avg-system,jp,17.619999999999997,https://www.jepx.jp/_download.php?dir=spot_summary&file=spot_summary_2013.csv
2013-05-10,jepx-top8avg-system,jp,18.32,https://www.jepx.jp/_download.php?dir=spot_summary&file=spot_summary_2013.csv
2013-05-11,jepx-top8avg-system,jp,16.56,https://www.jepx.jp/_download.php?dir=spot_summary&file=spot_summary_2013.csv
2013-05-12,jepx-top8avg-system,jp,15.771249999999998,https://www.jepx.jp/_download.php?dir=spot_summary&file=spot_summary_2013.csv
2013-05-13,jepx-top8avg-system,jp,17.85625,https://www.jepx.jp/_download.php?dir=spot_summary&file=spot_summary_2013.csv
2013-05-14,jepx-top8avg-system,jp,18.363749999999996,https://www.jepx.jp/_download.php?dir=spot_summary&file=spot_summary_2013.csv
2013-05-15,jepx-top8avg-system,jp,18.93875,https://www.jepx.jp/_download.php?dir=spot_summary&file=spot_summary_2013.csv
2013-05-16,jepx-top8avg-system,jp,19.91125,https://www.jepx.jp/_download.php?dir=spot_summary&file=spot_summary_2013.csv
2013-05-17,jepx-top8avg-system,jp,18.84375,https://www.jepx.jp/_download.php?dir=spot_summary&file=spot_summary_2013.csv
2013-05-18,jepx-top8avg-system,jp,16.65,https://www.jepx.jp/_download.php?dir=spot_summary&file=spot_summary_2013.csv
2013-05-19,jepx-top8avg-system,jp,15.82875,https://www.jepx.jp/_download.php?dir=spot_summary&file=spot_summary_2013.csv
2013-05-20,jepx-top8avg-system,jp,18.552500000000002,https://www.jepx.jp/_download.php?dir=spot_summary&file=spot_summary_2013.csv
2013-05-21,jepx-top8avg-system,jp,18.5025,https://www.jepx.jp/_download.php?dir=spot_summary&file=spot_summary_2013.csv
2013-05-22,jepx-top8avg-system,jp,19.119999999999997,https://www.jepx.jp/_download.php?dir=spot_summary&file=spot_summary_2013.csv
2013-05-23,jepx-top8avg-system,jp,18.97125,https://www.jepx.jp/_download.php?dir=spot_summary&file=spot_summary_2013.csv
2013-05-24,jepx-top8avg-system,jp,18.9725,https://www.jepx.jp/_download.php?dir=spot_summary&file=spot_summary_2013.csv
2013-05-25,jepx-top8avg-system,jp,18.1425,https://www.jepx.jp/_download.php?dir=spot_summary&file=spot_summary_2013.csv
2013-05-26,jepx-top8avg-system,jp,17.43,https://www.jepx.jp/_download.php?dir=spot_summary&file=spot_summary_2013.csv
2013-05-27,jepx-top8avg-system,jp,20.1075,https://www.jepx.jp/_download.php?dir=spot_summary&file=spot_summary_2013.csv
2013-05-28,jepx-top8avg-system,jp,20.5625,https://www.jepx.jp/_download.php?dir=spot_summary&file=spot_summary_2013.csv
2013-05-29,jepx-top8avg-system,jp,20.2775,https://www.jepx.jp/_download.php?dir=spot_summary&file=spot_summary_2013.csv
2013-05-30,jepx-top8avg-system,jp,18.735,https://www.jepx.jp/_download.php?dir=spot_summary&file=spot_summary_2013.csv
2013-05-31,jepx-top8avg-system,jp,19.855,https://www.jepx.jp/_download.php?dir=spot_summary&file=spot_summary_2013.csv
2013-06-01,jepx-top8avg-system,jp,16.597499999999997,https://www.jepx.jp/_download.php?dir=spot_summary&file=spot_summary_2013.csv
2013-06-02,jepx-top8avg-system,jp,16.3825,https://www.jepx.jp/_download.php?dir=spot_summary&file=spot_summary_2013.csv
2013-06-03,jepx-top8avg-system,jp,20.0625,https://www.jepx.jp/_download.php?dir=spot_summary&file=spot_summary_2013.csv
2013-06-04,jepx-top8avg-system,jp,22.705,https://www.jepx.jp/_download.php?dir=spot_summary&file=spot_summary_2013.csv
2013-06-05,jepx-top8avg-system,jp,21.54875,https://www.jepx.jp/_download.php?dir=spot_summary&file=spot_summary_2013.csv
2013-06-06,jepx-top8avg-system,jp,22.1925,https://www.jepx.jp/_download.php?dir=spot_summary&file=spot_summary_2013.csv
2013-06-07,jepx-top8avg-system,jp,20.7575,https://www.jepx.jp/_download.php?dir=spot_summary&file=spot_summary_2013.csv
2013-06-08,jepx-top8avg-system,jp,18.37,https://www.jepx.jp/_download.php?dir=spot_summary&file=spot_summary_2013.csv
2013-06-09,jepx-top8avg-system,jp,18.51875,https://www.jepx.jp/_download.php?dir=spot_summary&file=spot_summary_2013.csv
2013-06-10,jepx-top8avg-system,jp,21.06125,https://www.jepx.jp/_download.php?dir=spot_summary&file=spot_summary_2013.csv
2013-06-11,jepx-top8avg-system,jp,18.802500000000002,https://www.jepx.jp/_download.php?dir=spot_summary&file=spot_summary_2013.csv
2013-06-12,jepx-top8avg-system,jp,23.22,https://www.jepx.jp/_download.php?dir=spot_summary&file=spot_summary_2013.csv
2013-06-13,jepx-top8avg-system,jp,20.012499999999996,https://www.jepx.jp/_download.php?dir=spot_summary&file=spot_summary_2013.csv
2013-06-14,jepx-top8avg-system,jp,23.22,https://www.jepx.jp/_download.php?dir=spot_summary&file=spot_summary_2013.csv
2013-06-15,jepx-top8avg-system,jp,23.22,https://www.jepx.jp/_download.php?dir=spot_summary&file=spot_summary_2013.csv
2013-06-16,jepx-top8avg-system,jp,19.325,https://www.jepx.jp/_download.php?dir=spot_summary&file=spot_summary_2013.csv
2013-06-17,jepx-top8avg-system,jp,33.213750000000005,https://www.jepx.jp/_download.php?dir=spot_summary&file=spot_summary_2013.csv
2013-06-18,jepx-top8avg-system,jp,25.62,https://www.jepx.jp/_download.php?dir=spot_summary&file=spot_summary_2013.csv
2013-06-19,jepx-top8avg-system,jp,23.22,https://www.jepx.jp/_download.php?dir=spot_summary&file=spot_summary_2013.csv
2013-06-20,jepx-top8avg-system,jp,21.5775,https://www.jepx.jp/_download.php?dir=spot_summary&file=spot_summary_2013.csv
2013-06-21,jepx-top8avg-system,jp,18.26375,https://www.jepx.jp/_download.php?dir=spot_summary&file=spot_summary_2013.csv
2013-06-22,jepx-top8avg-system,jp,18.036250000000003,https://www.jepx.jp/_download.php?dir=spot_summary&file=spot_summary_2013.csv
2013-06-23,jepx-top8avg-system,jp,17.415,https://www.jepx.jp/_download.php?dir=spot_summary&file=spot_summary_2013.csv
2013-06-24,jepx-top8avg-system,jp,23.22,https://www.jepx.jp/_download.php?dir=spot_summary&file=spot_summary_2013.csv
2013-06-25,jepx-top8avg-system,jp,22.62,https://www.jepx.jp/_download.php?dir=spot_summary&file=spot_summary_2013.csv
2013-06-26,jepx-top8avg-system,jp,21.7725,https://www.jepx.jp/_download.php?dir=spot_summary&file=spot_summary_2013.csv
2013-06-27,jepx-top8avg-system,jp,18.43,https://www.jepx.jp/_download.php?dir=spot_summary&file=spot_summary_2013.csv
2013-06-28,jepx-top8avg-system,jp,18.371250000000003,https://www.jepx.jp/_download.php?dir=spot_summary&file=spot_summary_2013.csv
2013-06-29,jepx-top8avg-system,jp,15.72,https://www.jepx.jp/_download.php?dir=spot_summary&file=spot_summary_2013.csv
2013-06-30,jepx-top8avg-system,jp,15.46,https://www.jepx.jp/_download.php?dir=spot_summary&file=spot_summary_2013.csv
2013-07-01,jepx-top8avg-system,jp,17.883750000000003,https://www.jepx.jp/_download.php?dir=spot_summary&file=spot_summary_2013.csv
2013-07-02,jepx-top8avg-system,jp,17.77875,https://www.jepx.jp/_download.php?dir=spot_summary&file=spot_summary_2013.csv
2013-07-03,jepx-top8avg-system,jp,17.555,https://www.jepx.jp/_download.php?dir=spot_summary&file=spot_summary_2013.csv
2013-07-04,jepx-top8avg-system,jp,18.16,https://www.jepx.jp/_download.php?dir=spot_summary&file=spot_summary_2013.csv
2013-07-05,jepx-top8avg-system,jp,19.3375,https://www.jepx.jp/_download.php?dir=spot_summary&file=spot_summary_2013.csv
2013-07-06,jepx-top8avg-system,jp,17.25,https://www.jepx.jp/_download.php?dir=spot_summary&file=spot_summary_2013.csv
2013-07-07,jepx-top8avg-system,jp,17.305,https://www.jepx.jp/_download.php?dir=spot_summary&file=spot_summary_2013.csv
2013-07-08,jepx-top8avg-system,jp,21.88,https://www.jepx.jp/_download.php?dir=spot_summary&file=spot_summary_2013.csv
2013-07-09,jepx-top8avg-system,jp,22.21125,https://www.jepx.jp/_download.php?dir=spot_summary&file=spot_summary_2013.csv
2013-07-10,jepx-top8avg-system,jp,21.7225,https://www.jepx.jp/_download.php?dir=spot_summary&file=spot_summary_2013.csv
2013-07-11,jepx-top8avg-system,jp,22.853749999999998,https://www.jepx.jp/_download.php?dir=spot_summary&file=spot_summary_2013.csv
2013-07-12,jepx-top8avg-system,jp,23.325,https://www.jepx.jp/_download.php?dir=spot_summary&file=spot_summary_2013.csv
2013-07-13,jepx-top8avg-system,jp,17.4,https://www.jepx.jp/_download.php?dir=spot_summary&file=spot_summary_2013.csv
2013-07-14,jepx-top8avg-system,jp,16.807499999999997,https://www.jepx.jp/_download.php?dir=spot_summary&file=spot_summary_2013.csv
2013-07-15,jepx-top8avg-system,jp,17.86625,https://www.jepx.jp/_download.php?dir=spot_summary&file=spot_summary_2013.csv
2013-07-16,jepx-top8avg-system,jp,18.901249999999997,https://www.jepx.jp/_download.php?dir=spot_summary&file=spot_summary_2013.csv
2013-07-17,jepx-top8avg-system,jp,18.15,https://www.jepx.jp/_download.php?dir=spot_summary&file=spot_summary_2013.csv
2013-07-18,jepx-top8avg-system,jp,18.2975,https://www.jepx.jp/_download.php?dir=spot_summary&file=spot_summary_2013.csv
2013-07-19,jepx-top8avg-system,jp,18.162499999999998,https://www.jepx.jp/_download.php?dir=spot_summary&file=spot_summary_2013.csv
2013-07-20,jepx-top8avg-system,jp,15.7175,https://www.jepx.jp/_download.php?dir=spot_summary&file=spot_summary_2013.csv
2013-07-21,jepx-top8avg-system,jp,15.52625,https://www.jepx.jp/_download.php?dir=spot_summary&file=spot_summary_2013.csv
2013-07-22,jepx-top8avg-system,jp,22.478749999999998,https://www.jepx.jp/_download.php?dir=spot_summary&file=spot_summary_2013.csv
2013-07-23,jepx-top8avg-system,jp,21.655,https://www.jepx.jp/_download.php?dir=spot_summary&file=spot_summary_2013.csv
2013-07-24,jepx-top8avg-system,jp,18.15,https://www.jepx.jp/_download.php?dir=spot_summary&file=spot_summary_2013.csv
2013-07-25,jepx-top8avg-system,jp,21.83,https://www.jepx.jp/_download.php?dir=spot_summary&file=spot_summary_2013.csv
2013-07-26,jepx-top8avg-system,jp,20.283749999999998,https://www.jepx.jp/_download.php?dir=spot_summary&file=spot_summary_2013.csv
2013-07-27,jepx-top8avg-system,jp,16.6125,https://www.jepx.jp/_download.php?dir=spot_summary&file=spot_summary_2013.csv
2013-07-28,jepx-top8avg-system,jp,16.1875,https://www.jepx.jp/_download.php?dir=spot_summary&file=spot_summary_2013.csv
2013-07-29,jepx-top8avg-system,jp,20.19625,https://www.jepx.jp/_download.php?dir=spot_summary&file=spot_summary_2013.csv
2013-07-30,jepx-top8avg-system,jp,19.5825,https://www.jepx.jp/_download.php?dir=spot_summary&file=spot_summary_2013.csv
2013-07-31,jepx-top8avg-system,jp,18.846249999999998,https://www.jepx.jp/_download.php?dir=spot_summary&file=spot_summary_2013.csv
2013-08-01,jepx-top8avg-system,jp,18.270000000000003,https://www.jepx.jp/_download.php?dir=spot_summary&file=spot_summary_2013.csv
2013-08-02,jepx-top8avg-system,jp,18.4225,https://www.jepx.jp/_download.php?dir=spot_summary&file=spot_summary_2013.csv
2013-08-03,jepx-top8avg-system,jp,16.18625,https://www.jepx.jp/_download.php?dir=spot_summary&file=spot_summary_2013.csv
2013-08-04,jepx-top8avg-system,jp,16.887500000000003,https://www.jepx.jp/_download.php?dir=spot_summary&file=spot_summary_2013.csv
2013-08-05,jepx-top8avg-system,jp,21.1,https://www.jepx.jp/_download.php?dir=spot_summary&file=spot_summary_2013.csv
2013-08-06,jepx-top8avg-system,jp,19.60125,https://www.jepx.jp/_download.php?dir=spot_summary&file=spot_summary_2013.csv
2013-08-07,jepx-top8avg-system,jp,19.085,https://www.jepx.jp/_download.php?dir=spot_summary&file=spot_summary_2013.csv
2013-08-08,jepx-top8avg-system,jp,23.78,https://www.jepx.jp/_download.php?dir=spot_summary&file=spot_summary_2013.csv
2013-08-09,jepx-top8avg-system,jp,23.88,https://www.jepx.jp/_download.php?dir=spot_summary&file=spot_summary_2013.csv
2013-08-10,jepx-top8avg-system,jp,19.395,https://www.jepx.jp/_download.php?dir=spot_summary&file=spot_summary_2013.csv
2013-08-11,jepx-top8avg-system,jp,18.893749999999997,https://www.jepx.jp/_download.php?dir=spot_summary&file=spot_summary_2013.csv
2013-08-12,jepx-top8avg-system,jp,19.823750000000004,https://www.jepx.jp/_download.php?dir=spot_summary&file=spot_summary_2013.csv
2013-08-13,jepx-top8avg-system,jp,20.425,https://www.jepx.jp/_download.php?dir=spot_summary&file=spot_summary_2013.csv
2013-08-14,jepx-top8avg-system,jp,18.33,https://www.jepx.jp/_download.php?dir=spot_summary&file=spot_summary_2013.csv
2013-08-15,jepx-top8avg-system,jp,21.09375,https://www.jepx.jp/_download.php?dir=spot_summary&file=spot_summary_2013.csv
2013-08-16,jepx-top8avg-system,jp,19.2375,https://www.jepx.jp/_download.php?dir=spot_summary&file=spot_summary_2013.csv
2013-08-17,jepx-top8avg-system,jp,19.41625,https://www.jepx.jp/_download.php?dir=spot_summary&file=spot_summary_2013.csv
2013-08-18,jepx-top8avg-system,jp,18.27,https://www.jepx.jp/_download.php?dir=spot_summary&file=spot_summary_2013.csv
2013-08-19,jepx-top8avg-system,jp,24.59375,https://www.jepx.jp/_download.php?dir=spot_summary&file=spot_summary_2013.csv
2013-08-20,jepx-top8avg-system,jp,37.9925,https://www.jepx.jp/_download.php?dir=spot_summary&file=spot_summary_2013.csv
2013-08-21,jepx-top8avg-system,jp,26.55375,https://www.jepx.jp/_download.php?dir=spot_summary&file=spot_summary_2013.csv
2013-08-22,jepx-top8avg-system,jp,53.375,https://www.jepx.jp/_download.php?dir=spot_summary&file=spot_summary_2013.csv
2013-08-23,jepx-top8avg-system,jp,31.565000000000005,https://www.jepx.jp/_download.php?dir=spot_summary&file=spot_summary_2013.csv
2013-08-24,jepx-top8avg-system,jp,17.37625,https://www.jepx.jp/_download.php?dir=spot_summary&file=spot_summary_2013.csv
2013-08-25,jepx-top8avg-system,jp,17.402500000000003,https://www.jepx.jp/_download.php?dir=spot_summary&file=spot_summary_2013.csv
2013-08-26,jepx-top8avg-system,jp,21.1,https://www.jepx.jp/_download.php?dir=spot_summary&file=spot_summary_2013.csv
2013-08-27,jepx-top8avg-system,jp,18.487499999999997,https://www.jepx.jp/_download.php?dir=spot_summary&file=spot_summary_2013.csv
2013-08-28,jepx-top8avg-system,jp,19.725,https://www.jepx.jp/_download.php?dir=spot_summary&file=spot_summary_2013.csv
2013-08-29,jepx-top8avg-system,jp,19.57,https://www.jepx.jp/_download.php?dir=spot_summary&file=spot_summary_2013.csv
2013-08-30,jepx-top8avg-system,jp,19.93625,https://www.jepx.jp/_download.php?dir=spot_summary&file=spot_summary_2013.csv
2013-08-31,jepx-top8avg-system,jp,18.24,https://www.jepx.jp/_download.php?dir=spot_summary&file=spot_summary_2013.csv
2013-09-01,jepx-top8avg-system,jp,16.665,https://www.jepx.jp/_download.php?dir=spot_summary&file=spot_summary_2013.csv
2013-09-02,jepx-top8avg-system,jp,20.755000000000003,https://www.jepx.jp/_download.php?dir=spot_summary&file=spot_summary_2013.csv
2013-09-03,jepx-top8avg-system,jp,19.845,https://www.jepx.jp/_download.php?dir=spot_summary&file=spot_summary_2013.csv
2013-09-04,jepx-top8avg-system,jp,19.58,https://www.jepx.jp/_download.php?dir=spot_summary&file=spot_summary_2013.csv
2013-09-05,jepx-top8avg-system,jp,23.0325,https://www.jepx.jp/_download.php?dir=spot_summary&file=spot_summary_2013.csv
2013-09-06,jepx-top8avg-system,jp,19.036250000000003,https://www.jepx.jp/_download.php?dir=spot_summary&file=spot_summary_2013.csv
2013-09-07,jepx-top8avg-system,jp,13.57,https://www.jepx.jp/_download.php?dir=spot_summary&file=spot_summary_2013.csv
2013-09-08,jepx-top8avg-system,jp,12.381250000000001,https://www.jepx.jp/_download.php?dir=spot_summary&file=spot_summary_2013.csv
2013-09-09,jepx-top8avg-system,jp,17.46,https://www.jepx.jp/_download.php?dir=spot_summary&file=spot_summary_2013.csv
2013-09-10,jepx-top8avg-system,jp,16.965,https://www.jepx.jp/_download.php?dir=spot_summary&file=spot_summary_2013.csv
2013-09-11,jepx-top8avg-system,jp,17.23375,https://www.jepx.jp/_download.php?dir=spot_summary&file=spot_summary_2013.csv
2013-09-12,jepx-top8avg-system,jp,18.271250000000002,https://www.jepx.jp/_download.php?dir=spot_summary&file=spot_summary_2013.csv
2013-09-13,jepx-top8avg-system,jp,19.63375,https://www.jepx.jp/_download.php?dir=spot_summary&file=spot_summary_2013.csv
2013-09-14,jepx-top8avg-system,jp,15.99,https://www.jepx.jp/_download.php?dir=spot_summary&file=spot_summary_2013.csv
2013-09-15,jepx-top8avg-system,jp,16.77625,https://www.jepx.jp/_download.php?dir=spot_summary&file=spot_summary_2013.csv
2013-09-16,jepx-top8avg-system,jp,18.5,https://www.jepx.jp/_download.php?dir=spot_summary&file=spot_summary_2013.csv
2013-09-17,jepx-top8avg-system,jp,18.6475,https://www.jepx.jp/_download.php?dir=spot_summary&file=spot_summary_2013.csv
2013-09-18,jepx-top8avg-system,jp,18.073749999999997,https://www.jepx.jp/_download.php?dir=spot_summary&file=spot_summary_2013.csv
2013-09-19,jepx-top8avg-system,jp,18.055,https://www.jepx.jp/_download.php?dir=spot_summary&file=spot_summary_2013.csv
2013-09-20,jepx-top8avg-system,jp,18.115000000000002,https://www.jepx.jp/_download.php?dir=spot_summary&file=spot_summary_2013.csv
2013-09-21,jepx-top8avg-system,jp,17.942500000000003,https://www.jepx.jp/_download.php?dir=spot_summary&file=spot_summary_2013.csv
2013-09-22,jepx-top8avg-system,jp,17.67625,https://www.jepx.jp/_download.php?dir=spot_summary&file=spot_summary_2013.csv
2013-09-23,jepx-top8avg-system,jp,17.75125,https://www.jepx.jp/_download.php?dir=spot_summary&file=spot_summary_2013.csv
2013-09-24,jepx-top8avg-system,jp,18.603749999999998,https://www.jepx.jp/_download.php?dir=spot_summary&file=spot_summary_2013.csv
2013-09-25,jepx-top8avg-system,jp,19.310000000000002,https://www.jepx.jp/_download.php?dir=spot_summary&file=spot_summary_2013.csv
2013-09-26,jepx-top8avg-system,jp,17.50625,https://www.jepx.jp/_download.php?dir=spot_summary&file=spot_summary_2013.csv
2013-09-27,jepx-top8avg-system,jp,17.751250000000002,https://www.jepx.jp/_download.php?dir=spot_summary&file=spot_summary_2013.csv
2013-09-28,jepx-top8avg-system,jp,16.349999999999998,https://www.jepx.jp/_download.php?dir=spot_summary&file=spot_summary_2013.csv
2013-09-29,jepx-top8avg-system,jp,16.975,https://www.jepx.jp/_download.php?dir=spot_summary&file=spot_summary_2013.csv
2013-09-30,jepx-top8avg-system,jp,17.96125,https://www.jepx.jp/_download.php?dir=spot_summary&file=spot_summary_2013.csv
2013-10-01,jepx-top8avg-system,jp,20.723750000000003,https://www.jepx.jp/_download.php?dir=spot_summary&file=spot_summary_2013.csv
2013-10-02,jepx-top8avg-system,jp,20.47625,https://www.jepx.jp/_download.php?dir=spot_summary&file=spot_summary_2013.csv
2013-10-03,jepx-top8avg-system,jp,21.00125,https://www.jepx.jp/_download.php?dir=spot_summary&file=spot_summary_2013.csv
2013-10-04,jepx-top8avg-system,jp,20.06125,https://www.jepx.jp/_download.php?dir=spot_summary&file=spot_summary_2013.csv
2013-10-05,jepx-top8avg-system,jp,17.58625,https://www.jepx.jp/_download.php?dir=spot_summary&file=spot_summary_2013.csv
2013-10-06,jepx-top8avg-system,jp,17.6825,https://www.jepx.jp/_download.php?dir=spot_summary&file=spot_summary_2013.csv
2013-10-07,jepx-top8avg-system,jp,20.96,https://www.jepx.jp/_download.php?dir=spot_summary&file=spot_summary_2013.csv
2013-10-08,jepx-top8avg-system,jp,23.73375,https://www.jepx.jp/_download.php?dir=spot_summary&file=spot_summary_2013.csv
2013-10-09,jepx-top8avg-system,jp,28.56125,https://www.jepx.jp/_download.php?dir=spot_summary&file=spot_summary_2013.csv
2013-10-10,jepx-top8avg-system,jp,25.46,https://www.jepx.jp/_download.php?dir=spot_summary&file=spot_summary_2013.csv
2013-10-11,jepx-top8avg-system,jp,38.2925,https://www.jepx.jp/_download.php?dir=spot_summary&file=spot_summary_2013.csv
2013-10-12,jepx-top8avg-system,jp,17.965,https://www.jepx.jp/_download.php?dir=spot_summary&file=spot_summary_2013.csv
2013-10-13,jepx-top8avg-system,jp,18.06375,https://www.jepx.jp/_download.php?dir=spot_summary&file=spot_summary_2013.csv
2013-10-14,jepx-top8avg-system,jp,18.19,https://www.jepx.jp/_download.php?dir=spot_summary&file=spot_summary_2013.csv
2013-10-15,jepx-top8avg-system,jp,19.963749999999997,https://www.jepx.jp/_download.php?dir=spot_summary&file=spot_summary_2013.csv
2013-10-16,jepx-top8avg-system,jp,20.83,https://www.jepx.jp/_download.php?dir=spot_summary&file=spot_summary_2013.csv
2013-10-17,jepx-top8avg-system,jp,19.11,https://www.jepx.jp/_download.php?dir=spot_summary&file=spot_summary_2013.csv
2013-10-18,jepx-top8avg-system,jp,20.605,https://www.jepx.jp/_download.php?dir=spot_summary&file=spot_summary_2013.csv
2013-10-19,jepx-top8avg-system,jp,16.6675,https://www.jepx.jp/_download.php?dir=spot_summary&file=spot_summary_2013.csv
2013-10-20,jepx-top8avg-system,jp,17.356250000000003,https://www.jepx.jp/_download.php?dir=spot_summary&file=spot_summary_2013.csv
2013-10-21,jepx-top8avg-system,jp,20.83,https://www.jepx.jp/_download.php?dir=spot_summary&file=spot_summary_2013.csv
2013-10-22,jepx-top8avg-system,jp,20.83,https://www.jepx.jp/_download.php?dir=spot_summary&file=spot_summary_2013.csv
2013-10-23,jepx-top8avg-system,jp,20.83,https://www.jepx.jp/_download.php?dir=spot_summary&file=spot_summary_2013.csv
2013-10-24,jepx-top8avg-system,jp,21.1275,https://www.jepx.jp/_download.php?dir=spot_summary&file=spot_summary_2013.csv
2013-10-25,jepx-top8avg-system,jp,25.39,https://www.jepx.jp/_download.php?dir=spot_summary&file=spot_summary_2013.csv
2013-10-26,jepx-top8avg-system,jp,17.6025,https://www.jepx.jp/_download.php?dir=spot_summary&file=spot_summary_2013.csv
2013-10-27,jepx-top8avg-system,jp,17.802500000000002,https://www.jepx.jp/_download.php?dir=spot_summary&file=spot_summary_2013.csv
2013-10-28,jepx-top8avg-system,jp,20.3875,https://www.jepx.jp/_download.php?dir=spot_summary&file=spot_summary_2013.csv
2013-10-29,jepx-top8avg-system,jp,19.85,https://www.jepx.jp/_download.php?dir=spot_summary&file=spot_summary_2013.csv
2013-10-30,jepx-top8avg-system,jp,20.384999999999998,https://www.jepx.jp/_download.php?dir=spot_summary&file=spot_summary_2013.csv
2013-10-31,jepx-top8avg-system,jp,18.53,https://www.jepx.jp/_download.php?dir=spot_summary&file=spot_summary_2013.csv
2013-11-01,jepx-top8avg-system,jp,18.03125,https://www.jepx.jp/_download.php?dir=spot_summary&file=spot_summary_2013.csv
2013-11-02,jepx-top8avg-system,jp,15.747499999999999,https://www.jepx.jp/_download.php?dir=spot_summary&file=spot_summary_2013.csv
2013-11-03,jepx-top8avg-system,jp,16.955000000000002,https://www.jepx.jp/_download.php?dir=spot_summary&file=spot_summary_2013.csv
2013-11-04,jepx-top8avg-system,jp,17.4325,https://www.jepx.jp/_download.php?dir=spot_summary&file=spot_summary_2013.csv
2013-11-05,jepx-top8avg-system,jp,19.715,https://www.jepx.jp/_download.php?dir=spot_summary&file=spot_summary_2013.csv
2013-11-06,jepx-top8avg-system,jp,20.345,https://www.jepx.jp/_download.php?dir=spot_summary&file=spot_summary_2013.csv
2013-11-07,jepx-top8avg-system,jp,21.17,https://www.jepx.jp/_download.php?dir=spot_summary&file=spot_summary_2013.csv
2013-11-08,jepx-top8avg-system,jp,20.872500000000002,https://www.jepx.jp/_download.php?dir=spot_summary&file=spot_summary_2013.csv
2013-11-09,jepx-top8avg-system,jp,16.61875,https://www.jepx.jp/_download.php?dir=spot_summary&file=spot_summary_2013.csv
2013-11-10,jepx-top8avg-system,jp,18.1625,https://www.jepx.jp/_download.php?dir=spot_summary&file=spot_summary_2013.csv
2013-11-11,jepx-top8avg-system,jp,23.05,https://www.jepx.jp/_download.php?dir=spot_summary&file=spot_summary_2013.csv
2013-11-12,jepx-top8avg-system,jp,24.63,https://www.jepx.jp/_download.php?dir=spot_summary&file=spot_summary_2013.csv
2013-11-13,jepx-top8avg-system,jp,22.73,https://www.jepx.jp/_download.php?dir=spot_summary&file=spot_summary_2013.csv
2013-11-14,jepx-top8avg-system,jp,20.5325,https://www.jepx.jp/_download.php?dir=spot_summary&file=spot_summary_2013.csv
2013-11-15,jepx-top8avg-system,jp,19.323749999999997,https://www.jepx.jp/_download.php?dir=spot_summary&file=spot_summary_2013.csv
2013-11-16,jepx-top8avg-system,jp,16.717499999999998,https://www.jepx.jp/_download.php?dir=spot_summary&file=spot_summary_2013.csv
2013-11-17,jepx-top8avg-system,jp,17.47,https://www.jepx.jp/_download.php?dir=spot_summary&file=spot_summary_2013.csv
2013-11-18,jepx-top8avg-system,jp,23.64,https://www.jepx.jp/_download.php?dir=spot_summary&file=spot_summary_2013.csv
2013-11-19,jepx-top8avg-system,jp,24.43,https://www.jepx.jp/_download.php?dir=spot_summary&file=spot_summary_2013.csv
2013-11-20,jepx-top8avg-system,jp,22.15,https://www.jepx.jp/_download.php?dir=spot_summary&file=spot_summary_2013.csv
2013-11-21,jepx-top8avg-system,jp,19.996250000000003,https://www.jepx.jp/_download.php?dir=spot_summary&file=spot_summary_2013.csv
2013-11-22,jepx-top8avg-system,jp,18.7675,https://www.jepx.jp/_download.php?dir=spot_summary&file=spot_summary_2013.csv
2013-11-23,jepx-top8avg-system,jp,17.82875,https://www.jepx.jp/_download.php?dir=spot_summary&file=spot_summary_2013.csv
2013-11-24,jepx-top8avg-system,jp,17.058750000000003,https://www.jepx.jp/_download.php?dir=spot_summary&file=spot_summary_2013.csv
2013-11-25,jepx-top8avg-system,jp,17.88125,https://www.jepx.jp/_download.php?dir=spot_summary&file=spot_summary_2013.csv
2013-11-26,jepx-top8avg-system,jp,19.29875,https://www.jepx.jp/_download.php?dir=spot_summary&file=spot_summary_2013.csv
2013-11-27,jepx-top8avg-system,jp,19.20625,https://www.jepx.jp/_download.php?dir=spot_summary&file=spot_summary_2013.csv
2013-11-28,jepx-top8avg-system,jp,21.46,https://www.jepx.jp/_download.php?dir=spot_summary&file=spot_summary_2013.csv
2013-11-29,jepx-top8avg-system,jp,24.20625,https://www.jepx.jp/_download.php?dir=spot_summary&file=spot_summary_2013.csv
2013-11-30,jepx-top8avg-system,jp,16.145,https://www.jepx.jp/_download.php?dir=spot_summary&file=spot_summary_2013.csv
2013-12-01,jepx-top8avg-system,jp,15.884999999999998,https://www.jepx.jp/_download.php?dir=spot_summary&file=spot_summary_2013.csv
2013-12-02,jepx-top8avg-system,jp,17.80875,https://www.jepx.jp/_download.php?dir=spot_summary&file=spot_summary_2013.csv
2013-12-03,jepx-top8avg-system,jp,18.18125,https://www.jepx.jp/_download.php?dir=spot_summary&file=spot_summary_2013.csv
2013-12-04,jepx-top8avg-system,jp,18.355,https://www.jepx.jp/_download.php?dir=spot_summary&file=spot_summary_2013.csv
2013-12-05,jepx-top8avg-system,jp,18.51375,https://www.jepx.jp/_download.php?dir=spot_summary&file=spot_summary_2013.csv
2013-12-06,jepx-top8avg-system,jp,17.80625,https://www.jepx.jp/_download.php?dir=spot_summary&file=spot_summary_2013.csv
2013-12-07,jepx-top8avg-system,jp,16.855,https://www.jepx.jp/_download.php?dir=spot_summary&file=spot_summary_2013.csv
2013-12-08,jepx-top8avg-system,jp,17.68375,https://www.jepx.jp/_download.php?dir=spot_summary&file=spot_summary_2013.csv
2013-12-09,jepx-top8avg-system,jp,18.2625,https://www.jepx.jp/_download.php?dir=spot_summary&file=spot_summary_2013.csv
2013-12-10,jepx-top8avg-system,jp,19.00125,https://www.jepx.jp/_download.php?dir=spot_summary&file=spot_summary_2013.csv
2013-12-11,jepx-top8avg-system,jp,20.37125,https://www.jepx.jp/_download.php?dir=spot_summary&file=spot_summary_2013.csv
2013-12-12,jepx-top8avg-system,jp,24.04875,https://www.jepx.jp/_download.php?dir=spot_summary&file=spot_summary_2013.csv
2013-12-13,jepx-top8avg-system,jp,23.03,https://www.jepx.jp/_download.php?dir=spot_summary&file=spot_summary_2013.csv
2013-12-14,jepx-top8avg-system,jp,16.25,https://www.jepx.jp/_download.php?dir=spot_summary&file=spot_summary_2013.csv
2013-12-15,jepx-top8avg-system,jp,17.72875,https://www.jepx.jp/_download.php?dir=spot_summary&file=spot_summary_2013.csv
2013-12-16,jepx-top8avg-system,jp,18.54875,https://www.jepx.jp/_download.php?dir=spot_summary&file=spot_summary_2013.csv
2013-12-17,jepx-top8avg-system,jp,21.64,https://www.jepx.jp/_download.php?dir=spot_summary&file=spot_summary_2013.csv
2013-12-18,jepx-top8avg-system,jp,24.15125,https://www.jepx.jp/_download.php?dir=spot_summary&file=spot_summary_2013.csv
2013-12-19,jepx-top8avg-system,jp,21.635,https://www.jepx.jp/_download.php?dir=spot_summary&file=spot_summary_2013.csv
2013-12-20,jepx-top8avg-system,jp,24.77625,https://www.jepx.jp/_download.php?dir=spot_summary&file=spot_summary_2013.csv
2013-12-21,jepx-top8avg-system,jp,17.418750000000003,https://www.jepx.jp/_download.php?dir=spot_summary&file=spot_summary_2013.csv
2013-12-22,jepx-top8avg-system,jp,23.325,https://www.jepx.jp/_download.php?dir=spot_summary&file=spot_summary_2013.csv
2013-12-23,jepx-top8avg-system,jp,22.72125,https://www.jepx.jp/_download.php?dir=spot_summary&file=spot_summary_2013.csv
2013-12-24,jepx-top8avg-system,jp,24.651249999999997,https://www.jepx.jp/_download.php?dir=spot_summary&file=spot_summary_2013.csv
2013-12-25,jepx-top8avg-system,jp,23.4825,https://www.jepx.jp/_download.php?dir=spot_summary&file=spot_summary_2013.csv
2013-12-26,jepx-top8avg-system,jp,24.75,https://www.jepx.jp/_download.php?dir=spot_summary&file=spot_summary_2013.csv
2013-12-27,jepx-top8avg-system,jp,21.73,https://www.jepx.jp/_download.php?dir=spot_summary&file=spot_summary_2013.csv
2013-12-28,jepx-top8avg-system,jp,18.361250000000002,https://www.jepx.jp/_download.php?dir=spot_summary&file=spot_summary_2013.csv
2013-12-29,jepx-top8avg-system,jp,18.4075,https://www.jepx.jp/_download.php?dir=spot_summary&file=spot_summary_2013.csv
2013-12-30,jepx-top8avg-system,jp,18.083750000000002,https://www.jepx.jp/_download.php?dir=spot_summary&file=spot_summary_2013.csv
2013-12-31,jepx-top8avg-system,jp,17.43625,https://www.jepx.jp/_download.php?dir=spot_summary&file=spot_summary_2013.csv
2014-01-01,jepx-top8avg-system,jp,16.5775,https://www.jepx.jp/_download.php?dir=spot_summary&file=spot_summary_2013.csv
2014-01-02,jepx-top8avg-system,jp,18.0275,https://www.jepx.jp/_download.php?dir=spot_summary&file=spot_summary_2013.csv
2014-01-03,jepx-top8avg-system,jp,17.91,https://www.jepx.jp/_download.php?dir=spot_summary&file=spot_summary_2013.csv
2014-01-04,jepx-top8avg-system,jp,18.07375,https://www.jepx.jp/_download.php?dir=spot_summary&file=spot_summary_2013.csv
2014-01-05,jepx-top8avg-system,jp,19.8475,https://www.jepx.jp/_download.php?dir=spot_summary&file=spot_summary_2013.csv
2014-01-06,jepx-top8avg-system,jp,22.3925,https://www.jepx.jp/_download.php?dir=spot_summary&file=spot_summary_2013.csv
2014-01-07,jepx-top8avg-system,jp,26.1325,https://www.jepx.jp/_download.php?dir=spot_summary&file=spot_summary_2013.csv
2014-01-08,jepx-top8avg-system,jp,24.314999999999998,https://www.jepx.jp/_download.php?dir=spot_summary&file=spot_summary_2013.csv
2014-01-09,jepx-top8avg-system,jp,22.048750000000002,https://www.jepx.jp/_download.php?dir=spot_summary&file=spot_summary_2013.csv
2014-01-10,jepx-top8avg-system,jp,24.58875,https://www.jepx.jp/_download.php?dir=spot_summary&file=spot_summary_2013.csv
2014-01-11,jepx-top8avg-system,jp,18.215,https://www.jepx.jp/_download.php?dir=spot_summary&file=spot_summary_2013.csv
2014-01-12,jepx-top8avg-system,jp,18.50625,https://www.jepx.jp/_download.php?dir=spot_summary&file=spot_summary_2013.csv
2014-01-13,jepx-top8avg-system,jp,22.96125,https://www.jepx.jp/_download.php?dir=spot_summary&file=spot_summary_2013.csv
2014-01-14,jepx-top8avg-system,jp,24.75,https://www.jepx.jp/_download.php?dir=spot_summary&file=spot_summary_2013.csv
2014-01-15,jepx-top8avg-system,jp,22.56375,https://www.jepx.jp/_download.php?dir=spot_summary&file=spot_summary_2013.csv
2014-01-16,jepx-top8avg-system,jp,19.49375,https://www.jepx.jp/_download.php?dir=spot_summary&file=spot_summary_2013.csv
2014-01-17,jepx-top8avg-system,jp,20.6475,https://www.jepx.jp/_download.php?dir=spot_summary&file=spot_summary_2013.csv
2014-01-18,jepx-top8avg-system,jp,18.67625,https://www.jepx.jp/_download.php?dir=spot_summary&file=spot_summary_2013.csv
2014-01-19,jepx-top8avg-system,jp,18.3475,https://www.jepx.jp/_download.php?dir=spot_summary&file=spot_summary_2013.csv
2014-01-20,jepx-top8avg-system,jp,22.84875,https://www.jepx.jp/_download.php?dir=spot_summary&file=spot_summary_2013.csv
2014-01-21,jepx-top8avg-system,jp,23.448749999999997,https://www.jepx.jp/_download.php?dir=spot_summary&file=spot_summary_2013.csv
2014-01-22,jepx-top8avg-system,jp,24.322499999999998,https://www.jepx.jp/_download.php?dir=spot_summary&file=spot_summary_2013.csv
2014-01-23,jepx-top8avg-system,jp,20.667499999999997,https://www.jepx.jp/_download.php?dir=spot_summary&file=spot_summary_2013.csv
2014-01-24,jepx-top8avg-system,jp,20.63375,https://www.jepx.jp/_download.php?dir=spot_summary&file=spot_summary_2013.csv
2014-01-25,jepx-top8avg-system,jp,17.07625,https://www.jepx.jp/_download.php?dir=spot_summary&file=spot_summary_2013.csv
2014-01-26,jepx-top8avg-system,jp,18.582500000000003,https://www.jepx.jp/_download.php?dir=spot_summary&file=spot_summary_2013.csv
2014-01-27,jepx-top8avg-system,jp,20.597500000000004,https://www.jepx.jp/_download.php?dir=spot_summary&file=spot_summary_2013.csv
2014-01-28,jepx-top8avg-system,jp,19.72125,https://www.jepx.jp/_download.php?dir=spot_summary&file=spot_summary_2013.csv
2014-01-29,jepx-top8avg-system,jp,19.630000000000003,https://www.jepx.jp/_download.php?dir=spot_summary&file=spot_summary_2013.csv
2014-01-30,jepx-top8avg-system,jp,19.12,https://www.jepx.jp/_download.php?dir=spot_summary&file=spot_summary_2013.csv
2014-01-31,jepx-top8avg-system,jp,19.003750000000004,https://www.jepx.jp/_download.php?dir=spot_summary&file=spot_summary_2013.csv
2014-02-01,jepx-top8avg-system,jp,16.93,https://www.jepx.jp/_download.php?dir=spot_summary&file=spot_summary_2013.csv
2014-02-02,jepx-top8avg-system,jp,17.68,https://www.jepx.jp/_download.php?dir=spot_summary&file=spot_summary_2013.csv
2014-02-03,jepx-top8avg-system,jp,19.19,https://www.jepx.jp/_download.php?dir=spot_summary&file=spot_summary_2013.csv
2014-02-04,jepx-top8avg-system,jp,26.466250000000002,https://www.jepx.jp/_download.php?dir=spot_summary&file=spot_summary_2013.csv
2014-02-05,jepx-top8avg-system,jp,23.83125,https://www.jepx.jp/_download.php?dir=spot_summary&file=spot_summary_2013.csv
2014-02-06,jepx-top8avg-system,jp,33.5,https://www.jepx.jp/_download.php?dir=spot_summary&file=spot_summary_2013.csv
2014-02-07,jepx-top8avg-system,jp,25.835,https://www.jepx.jp/_download.php?dir=spot_summary&file=spot_summary_2013.csv
2014-02-08,jepx-top8avg-system,jp,18.23875,https://www.jepx.jp/_download.php?dir=spot_summary&file=spot_summary_2013.csv
2014-02-09,jepx-top8avg-system,jp,17.8675,https://www.jepx.jp/_download.php?dir=spot_summary&file=spot_summary_2013.csv
2014-02-10,jepx-top8avg-system,jp,22.52375,https://www.jepx.jp/_download.php?dir=spot_summary&file=spot_summary_2013.csv
2014-02-11,jepx-top8avg-system,jp,18.775,https://www.jepx.jp/_download.php?dir=spot_summary&file=spot_summary_2013.csv
2014-02-12,jepx-top8avg-system,jp,22.55375,https://www.jepx.jp/_download.php?dir=spot_summary&file=spot_summary_2013.csv
2014-02-13,jepx-top8avg-system,jp,25.355,https://www.jepx.jp/_download.php?dir=spot_summary&file=spot_summary_2013.csv
2014-02-14,jepx-top8avg-system,jp,41.3475,https://www.jepx.jp/_download.php?dir=spot_summary&file=spot_summary_2013.csv
2014-02-15,jepx-top8avg-system,jp,18.66375,https://www.jepx.jp/_download.php?dir=spot_summary&file=spot_summary_2013.csv
2014-02-16,jepx-top8avg-system,jp,18.268749999999997,https://www.jepx.jp/_download.php?dir=spot_summary&file=spot_summary_2013.csv
2014-02-17,jepx-top8avg-system,jp,23.05125,https://www.jepx.jp/_download.php?dir=spot_summary&file=spot_summary_2013.csv
2014-02-18,jepx-top8avg-system,jp,27.1875,https://www.jepx.jp/_download.php?dir=spot_summary&file=spot_summary_2013.csv
2014-02-19,jepx-top8avg-system,jp,27.447499999999998,https://www.jepx.jp/_download.php?dir=spot_summary&file=spot_summary_2013.csv
2014-02-20,jepx-top8avg-system,jp,24.39,https://www.jepx.jp/_download.php?dir=spot_summary&file=spot_summary_2013.csv
2014-02-21,jepx-top8avg-system,jp,23.206249999999997,https://www.jepx.jp/_download.php?dir=spot_summary&file=spot_summary_2013.csv
2014-02-22,jepx-top8avg-system,jp,17.77625,https://www.jepx.jp/_download.php?dir=spot_summary&file=spot_summary_2013.csv
2014-02-23,jepx-top8avg-system,jp,17.48375,https://www.jepx.jp/_download.php?dir=spot_summary&file=spot_summary_2013.csv
2014-02-24,jepx-top8avg-system,jp,21.6325,https://www.jepx.jp/_download.php?dir=spot_summary&file=spot_summary_2013.csv
2014-02-25,jepx-top8avg-system,jp,19.41,https://www.jepx.jp/_download.php?dir=spot_summary&file=spot_summary_2013.csv
2014-02-26,jepx-top8avg-system,jp,18.93125,https://www.jepx.jp/_download.php?dir=spot_summary&file=spot_summary_2013.csv
2014-02-27,jepx-top8avg-system,jp,20.3575,https://www.jepx.jp/_download.php?dir=spot_summary&file=spot_summary_2013.csv
2014-02-28,jepx-top8avg-system,jp,19.04,https://www.jepx.jp/_download.php?dir=spot_summary&file=spot_summary_2013.csv
2014-03-01,jepx-top8avg-system,jp,17.497500000000002,https://www.jepx.jp/_download.php?dir=spot_summary&file=spot_summary_2013.csv
2014-03-02,jepx-top8avg-system,jp,19.07,https://www.jepx.jp/_download.php?dir=spot_summary&file=spot_summary_2013.csv
2014-03-03,jepx-top8avg-system,jp,26.05375,https://www.jepx.jp/_download.php?dir=spot_summary&file=spot_summary_2013.csv
2014-03-04,jepx-top8avg-system,jp,21.43375,https://www.jepx.jp/_download.php?dir=spot_summary&file=spot_summary_2013.csv
2014-03-05,jepx-top8avg-system,jp,25.93875,https://www.jepx.jp/_download.php?dir=spot_summary&file=spot_summary_2013.csv
2014-03-06,jepx-top8avg-system,jp,25.4025,https://www.jepx.jp/_download.php?dir=spot_summary&file=spot_summary_2013.csv
2014-03-07,jepx-top8avg-system,jp,26.846249999999998,https://www.jepx.jp/_download.php?dir=spot_summary&file=spot_summary_2013.csv
2014-03-08,jepx-top8avg-system,jp,20.025,https://www.jepx.jp/_download.php?dir=spot_summary&file=spot_summary_2013.csv
2014-03-09,jepx-top8avg-system,jp,19.333750000000002,https://www.jepx.jp/_download.php?dir=spot_summary&file=spot_summary_2013.csv
2014-03-10,jepx-top8avg-system,jp,26.0,https://www.jepx.jp/_download.php?dir=spot_summary&file=spot_summary_2013.csv
2014-03-11,jepx-top8avg-system,jp,24.01625,https://www.jepx.jp/_download.php?dir=spot_summary&file=spot_summary_2013.csv
2014-03-12,jepx-top8avg-system,jp,18.77,https://www.jepx.jp/_download.php?dir=spot_summary&file=spot_summary_2013.csv
2014-03-13,jepx-top8avg-system,jp,24.278750000000002,https://www.jepx.jp/_download.php?dir=spot_summary&file=spot_summary_2013.csv
2014-03-14,jepx-top8avg-system,jp,21.121250000000003,https://www.jepx.jp/_download.php?dir=spot_summary&file=spot_summary_2013.csv
2014-03-15,jepx-top8avg-system,jp,18.32875,https://www.jepx.jp/_download.php?dir=spot_summary&file=spot_summary_2013.csv
2014-03-16,jepx-top8avg-system,jp,18.10625,https://www.jepx.jp/_download.php?dir=spot_summary&file=spot_summary_2013.csv
2014-03-17,jepx-top8avg-system,jp,18.73375,https://www.jepx.jp/_download.php?dir=spot_summary&file=spot_summary_2013.csv
2014-03-18,jepx-top8avg-system,jp,18.93,https://www.jepx.jp/_download.php?dir=spot_summary&file=spot_summary_2013.csv
2014-03-19,jepx-top8avg-system,jp,18.7125,https://www.jepx.jp/_download.php?dir=spot_summary&file=spot_summary_2013.csv
2014-03-20,jepx-top8avg-system,jp,24.2675,https://www.jepx.jp/_download.php?dir=spot_summary&file=spot_summary_2013.csv
2014-03-21,jepx-top8avg-system,jp,21.1625,https://www.jepx.jp/_download.php?dir=spot_summary&file=spot_summary_2013.csv
2014-03-22,jepx-top8avg-system,jp,17.87,https://www.jepx.jp/_download.php?dir=spot_summary&file=spot_summary_2013.csv
2014-03-23,jepx-top8avg-system,jp,17.668750000000003,https://www.jepx.jp/_download.php?dir=spot_summary&file=spot_summary_2013.csv
2014-03-24,jepx-top8avg-system,jp,18.41375,https://www.jepx.jp/_download.php?dir=spot_summary&file=spot_summary_2013.csv
2014-03-25,jepx-top8avg-system,jp,18.777500000000003,https://www.jepx.jp/_download.php?dir=spot_summary&file=spot_summary_2013.csv
2014-03-26,jepx-top8avg-system,jp,18.805,https://www.jepx.jp/_download.php?dir=spot_summary&file=spot_summary_2013.csv
2014-03-27,jepx-top8avg-system,jp,18.307499999999997,https://www.jepx.jp/_download.php?dir=spot_summary&file=spot_summary_2013.csv
2014-03-28,jepx-top8avg-system,jp,17.1525,https://www.jepx.jp/_download.php?dir=spot_summary&file=spot_summary_2013.csv
2014-03-29,jepx-top8avg-system,jp,16.3575,https://www.jepx.jp/_download.php?dir=spot_summary&file=spot_summary_2013.csv
2014-03-30,jepx-top8avg-system,jp,16.88875,https://www.jepx.jp/_download.php?dir=spot_summary&file=spot_summary_2013.csv
2014-03-31,jepx-top8avg-system,jp,17.408749999999998,https://www.jepx.jp/_download.php?dir=spot_summary&file=spot_summary_2013.csv
2014-04-01,jepx-top8avg-system,jp,16.8925,https://www.jepx.jp/_download.php?dir=spot_summary&file=spot_summary_2014.csv
2014-04-02,jepx-top8avg-system,jp,18.1425,https://www.jepx.jp/_download.php?dir=spot_summary&file=spot_summary_2014.csv
2014-04-03,jepx-top8avg-system,jp,16.841250000000002,https://www.jepx.jp/_download.php?dir=spot_summary&file=spot_summary_2014.csv
2014-04-04,jepx-top8avg-system,jp,18.52,https://www.jepx.jp/_download.php?dir=spot_summary&file=spot_summary_2014.csv
2014-04-05,jepx-top8avg-system,jp,17.30125,https://www.jepx.jp/_download.php?dir=spot_summary&file=spot_summary_2014.csv
2014-04-06,jepx-top8avg-system,jp,18.535,https://www.jepx.jp/_download.php?dir=spot_summary&file=spot_summary_2014.csv
2014-04-07,jepx-top8avg-system,jp,18.86625,https://www.jepx.jp/_download.php?dir=spot_summary&file=spot_summary_2014.csv
2014-04-08,jepx-top8avg-system,jp,16.8275,https://www.jepx.jp/_download.php?dir=spot_summary&file=spot_summary_2014.csv
2014-04-09,jepx-top8avg-system,jp,17.5075,https://www.jepx.jp/_download.php?dir=spot_summary&file=spot_summary_2014.csv
2014-04-10,jepx-top8avg-system,jp,18.505,https://www.jepx.jp/_download.php?dir=spot_summary&file=spot_summary_2014.csv
2014-04-11,jepx-top8avg-system,jp,17.77875,https://www.jepx.jp/_download.php?dir=spot_summary&file=spot_summary_2014.csv
2014-04-12,jepx-top8avg-system,jp,16.96,https://www.jepx.jp/_download.php?dir=spot_summary&file=spot_summary_2014.csv
2014-04-13,jepx-top8avg-system,jp,17.80625,https://www.jepx.jp/_download.php?dir=spot_summary&file=spot_summary_2014.csv
2014-04-14,jepx-top8avg-system,jp,21.7375,https://www.jepx.jp/_download.php?dir=spot_summary&file=spot_summary_2014.csv
2014-04-15,jepx-top8avg-system,jp,19.1125,https://www.jepx.jp/_download.php?dir=spot_summary&file=spot_summary_2014.csv
2014-04-16,jepx-top8avg-system,jp,18.585,https://www.jepx.jp/_download.php?dir=spot_summary&file=spot_summary_2014.csv
2014-04-17,jepx-top8avg-system,jp,18.7975,https://www.jepx.jp/_download.php?dir=spot_summary&file=spot_summary_2014.csv
2014-04-18,jepx-top8avg-system,jp,20.815,https://www.jepx.jp/_download.php?dir=spot_summary&file=spot_summary_2014.csv
2014-04-19,jepx-top8avg-system,jp,17.03,https://www.jepx.jp/_download.php?dir=spot_summary&file=spot_summary_2014.csv
2014-04-20,jepx-top8avg-system,jp,17.76875,https://www.jepx.jp/_download.php?dir=spot_summary&file=spot_summary_2014.csv
2014-04-21,jepx-top8avg-system,jp,19.6425,https://www.jepx.jp/_download.php?dir=spot_summary&file=spot_summary_2014.csv
2014-04-22,jepx-top8avg-system,jp,18.502499999999998,https://www.jepx.jp/_download.php?dir=spot_summary&file=spot_summary_2014.csv
2014-04-23,jepx-top8avg-system,jp,17.06125,https://www.jepx.jp/_download.php?dir=spot_summary&file=spot_summary_2014.csv
2014-04-24,jepx-top8avg-system,jp,17.206249999999997,https://www.jepx.jp/_download.php?dir=spot_summary&file=spot_summary_2014.csv
2014-04-25,jepx-top8avg-system,jp,17.12125,https://www.jepx.jp/_download.php?dir=spot_summary&file=spot_summary_2014.csv
2014-04-26,jepx-top8avg-system,jp,17.5225,https://www.jepx.jp/_download.php?dir=spot_summary&file=spot_summary_2014.csv
2014-04-27,jepx-top8avg-system,jp,17.7025,https://www.jepx.jp/_download.php?dir=spot_summary&file=spot_summary_2014.csv
2014-04-28,jepx-top8avg-system,jp,18.622500000000002,https://www.jepx.jp/_download.php?dir=spot_summary&file=spot_summary_2014.csv
2014-04-29,jepx-top8avg-system,jp,18.275,https://www.jepx.jp/_download.php?dir=spot_summary&file=spot_summary_2014.csv
2014-04-30,jepx-top8avg-system,jp,21.9825,https://www.jepx.jp/_download.php?dir=spot_summary&file=spot_summary_2014.csv
2014-05-01,jepx-top8avg-system,jp,18.89375,https://www.jepx.jp/_download.php?dir=spot_summary&file=spot_summary_2014.csv
2014-05-02,jepx-top8avg-system,jp,19.095,https://www.jepx.jp/_download.php?dir=spot_summary&file=spot_summary_2014.csv
2014-05-03,jepx-top8avg-system,jp,18.353749999999998,https://www.jepx.jp/_download.php?dir=spot_summary&file=spot_summary_2014.csv
2014-05-04,jepx-top8avg-system,jp,19.3975,https://www.jepx.jp/_download.php?dir=spot_summary&file=spot_summary_2014.csv
2014-05-05,jepx-top8avg-system,jp,18.3575,https://www.jepx.jp/_download.php?dir=spot_summary&file=spot_summary_2014.csv
2014-05-06,jepx-top8avg-system,jp,18.503749999999997,https://www.jepx.jp/_download.php?dir=spot_summary&file=spot_summary_2014.csv
2014-05-07,jepx-top8avg-system,jp,19.86125,https://www.jepx.jp/_download.php?dir=spot_summary&file=spot_summary_2014.csv
2014-05-08,jepx-top8avg-system,jp,21.68875,https://www.jepx.jp/_download.php?dir=spot_summary&file=spot_summary_2014.csv
2014-05-09,jepx-top8avg-system,jp,18.5775,https://www.jepx.jp/_download.php?dir=spot_summary&file=spot_summary_2014.csv
2014-05-10,jepx-top8avg-system,jp,16.46,https://www.jepx.jp/_download.php?dir=spot_summary&file=spot_summary_2014.csv
2014-05-11,jepx-top8avg-system,jp,18.18875,https://www.jepx.jp/_download.php?dir=spot_summary&file=spot_summary_2014.csv
2014-05-12,jepx-top8avg-system,jp,23.06375,https://www.jepx.jp/_download.php?dir=spot_summary&file=spot_summary_2014.csv
2014-05-13,jepx-top8avg-system,jp,21.82125,https://www.jepx.jp/_download.php?dir=spot_summary&file=spot_summary_2014.csv
2014-05-14,jepx-top8avg-system,jp,23.0825,https://www.jepx.jp/_download.php?dir=spot_summary&file=spot_summary_2014.csv
2014-05-15,jepx-top8avg-system,jp,22.85,https://www.jepx.jp/_download.php?dir=spot_summary&file=spot_summary_2014.csv
2014-05-16,jepx-top8avg-system,jp,18.99,https://www.jepx.jp/_download.php?dir=spot_summary&file=spot_summary_2014.csv
2014-05-17,jepx-top8avg-system,jp,16.815,https://www.jepx.jp/_download.php?dir=spot_summary&file=spot_summary_2014.csv
2014-05-18,jepx-top8avg-system,jp,16.78125,https://www.jepx.jp/_download.php?dir=spot_summary&file=spot_summary_2014.csv
2014-05-19,jepx-top8avg-system,jp,21.39125,https://www.jepx.jp/_download.php?dir=spot_summary&file=spot_summary_2014.csv
2014-05-20,jepx-top8avg-system,jp,22.518749999999997,https://www.jepx.jp/_download.php?dir=spot_summary&file=spot_summary_2014.csv
2014-05-21,jepx-top8avg-system,jp,18.396250000000002,https://www.jepx.jp/_download.php?dir=spot_summary&file=spot_summary_2014.csv
2014-05-22,jepx-top8avg-system,jp,18.453750000000003,https://www.jepx.jp/_download.php?dir=spot_summary&file=spot_summary_2014.csv
2014-05-23,jepx-top8avg-system,jp,17.994999999999997,https://www.jepx.jp/_download.php?dir=spot_summary&file=spot_summary_2014.csv
2014-05-24,jepx-top8avg-system,jp,16.549999999999997,https://www.jepx.jp/_download.php?dir=spot_summary&file=spot_summary_2014.csv
2014-05-25,jepx-top8avg-system,jp,17.487499999999997,https://www.jepx.jp/_download.php?dir=spot_summary&file=spot_summary_2014.csv
2014-05-26,jepx-top8avg-system,jp,20.380000000000003,https://www.jepx.jp/_download.php?dir=spot_summary&file=spot_summary_2014.csv
2014-05-27,jepx-top8avg-system,jp,18.545,https://www.jepx.jp/_download.php?dir=spot_summary&file=spot_summary_2014.csv
2014-05-28,jepx-top8avg-system,jp,18.26,https://www.jepx.jp/_download.php?dir=spot_summary&file=spot_summary_2014.csv
2014-05-29,jepx-top8avg-system,jp,19.16375,https://www.jepx.jp/_download.php?dir=spot_summary&file=spot_summary_2014.csv
2014-05-30,jepx-top8avg-system,jp,19.5225,https://www.jepx.jp/_download.php?dir=spot_summary&file=spot_summary_2014.csv
2014-05-31,jepx-top8avg-system,jp,17.573749999999997,https://www.jepx.jp/_download.php?dir=spot_summary&file=spot_summary_2014.csv
2014-06-01,jepx-top8avg-system,jp,17.6125,https://www.jepx.jp/_download.php?dir=spot_summary&file=spot_summary_2014.csv
2014-06-02,jepx-top8avg-system,jp,20.4575,https://www.jepx.jp/_download.php?dir=spot_summary&file=spot_summary_2014.csv
2014-06-03,jepx-top8avg-system,jp,22.706250000000004,https://www.jepx.jp/_download.php?dir=spot_summary&file=spot_summary_2014.csv
2014-06-04,jepx-top8avg-system,jp,22.51,https://www.jepx.jp/_download.php?dir=spot_summary&file=spot_summary_2014.csv
2014-06-05,jepx-top8avg-system,jp,21.4825,https://www.jepx.jp/_download.php?dir=spot_summary&file=spot_summary_2014.csv
2014-06-06,jepx-top8avg-system,jp,21.3925,https://www.jepx.jp/_download.php?dir=spot_summary&file=spot_summary_2014.csv
2014-06-07,jepx-top8avg-system,jp,15.8525,https://www.jepx.jp/_download.php?dir=spot_summary&file=spot_summary_2014.csv
2014-06-08,jepx-top8avg-system,jp,17.1425,https://www.jepx.jp/_download.php?dir=spot_summary&file=spot_summary_2014.csv
2014-06-09,jepx-top8avg-system,jp,19.485,https://www.jepx.jp/_download.php?dir=spot_summary&file=spot_summary_2014.csv
2014-06-10,jepx-top8avg-system,jp,21.2325,https://www.jepx.jp/_download.php?dir=spot_summary&file=spot_summary_2014.csv
2014-06-11,jepx-top8avg-system,jp,19.36375,https://www.jepx.jp/_download.php?dir=spot_summary&file=spot_summary_2014.csv
2014-06-12,jepx-top8avg-system,jp,18.90625,https://www.jepx.jp/_download.php?dir=spot_summary&file=spot_summary_2014.csv
2014-06-13,jepx-top8avg-system,jp,18.755000000000003,https://www.jepx.jp/_download.php?dir=spot_summary&file=spot_summary_2014.csv
2014-06-14,jepx-top8avg-system,jp,15.78125,https://www.jepx.jp/_download.php?dir=spot_summary&file=spot_summary_2014.csv
2014-06-15,jepx-top8avg-system,jp,16.2375,https://www.jepx.jp/_download.php?dir=spot_summary&file=spot_summary_2014.csv
2014-06-16,jepx-top8avg-system,jp,20.651249999999997,https://www.jepx.jp/_download.php?dir=spot_summary&file=spot_summary_2014.csv
2014-06-17,jepx-top8avg-system,jp,18.64,https://www.jepx.jp/_download.php?dir=spot_summary&file=spot_summary_2014.csv
2014-06-18,jepx-top8avg-system,jp,18.35,https://www.jepx.jp/_download.php?dir=spot_summary&file=spot_summary_2014.csv
2014-06-19,jepx-top8avg-system,jp,18.33,https://www.jepx.jp/_download.php?dir=spot_summary&file=spot_summary_2014.csv
2014-06-20,jepx-top8avg-system,jp,18.31375,https://www.jepx.jp/_download.php?dir=spot_summary&file=spot_summary_2014.csv
2014-06-21,jepx-top8avg-system,jp,16.41375,https://www.jepx.jp/_download.php?dir=spot_summary&file=spot_summary_2014.csv
2014-06-22,jepx-top8avg-system,jp,15.88625,https://www.jepx.jp/_download.php?dir=spot_summary&file=spot_summary_2014.csv
2014-06-23,jepx-top8avg-system,jp,19.195,https://www.jepx.jp/_download.php?dir=spot_summary&file=spot_summary_2014.csv
2014-06-24,jepx-top8avg-system,jp,18.2575,https://www.jepx.jp/_download.php?dir=spot_summary&file=spot_summary_2014.csv
2014-06-25,jepx-top8avg-system,jp,18.590000000000003,https://www.jepx.jp/_download.php?dir=spot_summary&file=spot_summary_2014.csv
2014-06-26,jepx-top8avg-system,jp,18.630000000000003,https://www.jepx.jp/_download.php?dir=spot_summary&file=spot_summary_2014.csv
2014-06-27,jepx-top8avg-system,jp,19.3125,https://www.jepx.jp/_download.php?dir=spot_summary&file=spot_summary_2014.csv
2014-06-28,jepx-top8avg-system,jp,15.15375,https://www.jepx.jp/_download.php?dir=spot_summary&file=spot_summary_2014.csv
2014-06-29,jepx-top8avg-system,jp,15.725,https://www.jepx.jp/_download.php?dir=spot_summary&file=spot_summary_2014.csv
2014-06-30,jepx-top8avg-system,jp,19.057499999999997,https://www.jepx.jp/_download.php?dir=spot_summary&file=spot_summary_2014.csv
2014-07-01,jepx-top8avg-system,jp,18.768749999999997,https://www.jepx.jp/_download.php?dir=spot_summary&file=spot_summary_2014.csv
2014-07-02,jepx-top8avg-system,jp,19.373749999999998,https://www.jepx.jp/_download.php?dir=spot_summary&file=spot_summary_2014.csv
2014-07-03,jepx-top8avg-system,jp,18.865,https://www.jepx.jp/_download.php?dir=spot_summary&file=spot_summary_2014.csv
2014-07-04,jepx-top8avg-system,jp,18.99875,https://www.jepx.jp/_download.php?dir=spot_summary&file=spot_summary_2014.csv
2014-07-05,jepx-top8avg-system,jp,15.8025,https://www.jepx.jp/_download.php?dir=spot_summary&file=spot_summary_2014.csv
2014-07-06,jepx-top8avg-system,jp,16.473750000000003,https://www.jepx.jp/_download.php?dir=spot_summary&file=spot_summary_2014.csv
2014-07-07,jepx-top8avg-system,jp,20.035000000000004,https://www.jepx.jp/_download.php?dir=spot_summary&file=spot_summary_2014.csv
2014-07-08,jepx-top8avg-system,jp,19.14375,https://www.jepx.jp/_download.php?dir=spot_summary&file=spot_summary_2014.csv
2014-07-09,jepx-top8avg-system,jp,22.1,https://www.jepx.jp/_download.php?dir=spot_summary&file=spot_summary_2014.csv
2014-07-10,jepx-top8avg-system,jp,22.1,https://www.jepx.jp/_download.php?dir=spot_summary&file=spot_summary_2014.csv
2014-07-11,jepx-top8avg-system,jp,24.24375,https://www.jepx.jp/_download.php?dir=spot_summary&file=spot_summary_2014.csv
2014-07-12,jepx-top8avg-system,jp,17.012500000000003,https://www.jepx.jp/_download.php?dir=spot_summary&file=spot_summary_2014.csv
2014-07-13,jepx-top8avg-system,jp,16.738750000000003,https://www.jepx.jp/_download.php?dir=spot_summary&file=spot_summary_2014.csv
2014-07-14,jepx-top8avg-system,jp,22.1,https://www.jepx.jp/_download.php?dir=spot_summary&file=spot_summary_2014.csv
2014-07-15,jepx-top8avg-system,jp,19.97625,https://www.jepx.jp/_download.php?dir=spot_summary&file=spot_summary_2014.csv
2014-07-16,jepx-top8avg-system,jp,22.1,https://www.jepx.jp/_download.php?dir=spot_summary&file=spot_summary_2014.csv
2014-07-17,jepx-top8avg-system,jp,22.01625,https://www.jepx.jp/_download.php?dir=spot_summary&file=spot_summary_2014.csv
2014-07-18,jepx-top8avg-system,jp,22.1,https://www.jepx.jp/_download.php?dir=spot_summary&file=spot_summary_2014.csv
2014-07-19,jepx-top8avg-system,jp,16.661250000000003,https://www.jepx.jp/_download.php?dir=spot_summary&file=spot_summary_2014.csv
2014-07-20,jepx-top8avg-system,jp,16.223750000000003,https://www.jepx.jp/_download.php?dir=spot_summary&file=spot_summary_2014.csv
2014-07-21,jepx-top8avg-system,jp,18.13,https://www.jepx.jp/_download.php?dir=spot_summary&file=spot_summary_2014.csv
2014-07-22,jepx-top8avg-system,jp,21.950000000000003,https://www.jepx.jp/_download.php?dir=spot_summary&file=spot_summary_2014.csv
2014-07-23,jepx-top8avg-system,jp,21.9375,https://www.jepx.jp/_download.php?dir=spot_summary&file=spot_summary_2014.csv
2014-07-24,jepx-top8avg-system,jp,24.2175,https://www.jepx.jp/_download.php?dir=spot_summary&file=spot_summary_2014.csv
2014-07-25,jepx-top8avg-system,jp,39.365,https://www.jepx.jp/_download.php?dir=spot_summary&file=spot_summary_2014.csv
2014-07-26,jepx-top8avg-system,jp,17.94625,https://www.jepx.jp/_download.php?dir=spot_summary&file=spot_summary_2014.csv
2014-07-27,jepx-top8avg-system,jp,17.08375,https://www.jepx.jp/_download.php?dir=spot_summary&file=spot_summary_2014.csv
2014-07-28,jepx-top8avg-system,jp,21.945,https://www.jepx.jp/_download.php?dir=spot_summary&file=spot_summary_2014.csv
2014-07-29,jepx-top8avg-system,jp,20.31375,https://www.jepx.jp/_download.php?dir=spot_summary&file=spot_summary_2014.csv
2014-07-30,jepx-top8avg-system,jp,21.9825,https://www.jepx.jp/_download.php?dir=spot_summary&file=spot_summary_2014.csv
2014-07-31,jepx-top8avg-system,jp,22.8425,https://www.jepx.jp/_download.php?dir=spot_summary&file=spot_summary_2014.csv
2014-08-01,jepx-top8avg-system,jp,22.193749999999998,https://www.jepx.jp/_download.php?dir=spot_summary&file=spot_summary_2014.csv
2014-08-02,jepx-top8avg-system,jp,17.581249999999997,https://www.jepx.jp/_download.php?dir=spot_summary&file=spot_summary_2014.csv
2014-08-03,jepx-top8avg-system,jp,16.9025,https://www.jepx.jp/_download.php?dir=spot_summary&file=spot_summary_2014.csv
2014-08-04,jepx-top8avg-system,jp,21.816249999999997,https://www.jepx.jp/_download.php?dir=spot_summary&file=spot_summary_2014.csv
2014-08-05,jepx-top8avg-system,jp,22.240000000000002,https://www.jepx.jp/_download.php?dir=spot_summary&file=spot_summary_2014.csv
2014-08-06,jepx-top8avg-system,jp,21.72,https://www.jepx.jp/_download.php?dir=spot_summary&file=spot_summary_2014.csv
2014-08-07,jepx-top8avg-system,jp,21.089999999999996,https://www.jepx.jp/_download.php?dir=spot_summary&file=spot_summary_2014.csv
2014-08-08,jepx-top8avg-system,jp,20.59375,https://www.jepx.jp/_download.php?dir=spot_summary&file=spot_summary_2014.csv
2014-08-09,jepx-top8avg-system,jp,16.82,https://www.jepx.jp/_download.php?dir=spot_summary&file=spot_summary_2014.csv
2014-08-10,jepx-top8avg-system,jp,16.33625,https://www.jepx.jp/_download.php?dir=spot_summary&file=spot_summary_2014.csv
2014-08-11,jepx-top8avg-system,jp,21.03,https://www.jepx.jp/_download.php?dir=spot_summary&file=spot_summary_2014.csv
2014-08-12,jepx-top8avg-system,jp,18.12125,https://www.jepx.jp/_download.php?dir=spot_summary&file=spot_summary_2014.csv
2014-08-13,jepx-top8avg-system,jp,15.59375,https://www.jepx.jp/_download.php?dir=spot_summary&file=spot_summary_2014.csv
2014-08-14,jepx-top8avg-system,jp,15.2825,https://www.jepx.jp/_download.php?dir=spot_summary&file=spot_summary_2014.csv
2014-08-15,jepx-top8avg-system,jp,15.0275,https://www.jepx.jp/_download.php?dir=spot_summary&file=spot_summary_2014.csv
2014-08-16,jepx-top8avg-system,jp,12.0125,https://www.jepx.jp/_download.php?dir=spot_summary&file=spot_summary_2014.csv
2014-08-17,jepx-top8avg-system,jp,12.114999999999998,https://www.jepx.jp/_download.php?dir=spot_summary&file=spot_summary_2014.csv
2014-08-18,jepx-top8avg-system,jp,20.06625,https://www.jepx.jp/_download.php?dir=spot_summary&file=spot_summary_2014.csv
2014-08-19,jepx-top8avg-system,jp,22.25625,https://www.jepx.jp/_download.php?dir=spot_summary&file=spot_summary_2014.csv
2014-08-20,jepx-top8avg-system,jp,20.07875,https://www.jepx.jp/_download.php?dir=spot_summary&file=spot_summary_2014.csv
2014-08-21,jepx-top8avg-system,jp,20.47625,https://www.jepx.jp/_download.php?dir=spot_summary&file=spot_summary_2014.csv
2014-08-22,jepx-top8avg-system,jp,20.44,https://www.jepx.jp/_download.php?dir=spot_summary&file=spot_summary_2014.csv
2014-08-23,jepx-top8avg-system,jp,16.655,https://www.jepx.jp/_download.php?dir=spot_summary&file=spot_summary_2014.csv
2014-08-24,jepx-top8avg-system,jp,14.93,https://www.jepx.jp/_download.php?dir=spot_summary&file=spot_summary_2014.csv
2014-08-25,jepx-top8avg-system,jp,20.207500000000003,https://www.jepx.jp/_download.php?dir=spot_summary&file=spot_summary_2014.csv
2014-08-26,jepx-top8avg-system,jp,20.1625,https://www.jepx.jp/_download.php?dir=spot_summary&file=spot_summary_2014.csv
2014-08-27,jepx-top8avg-system,jp,18.130000000000003,https://www.jepx.jp/_download.php?dir=spot_summary&file=spot_summary_2014.csv
2014-08-28,jepx-top8avg-system,jp,18.13875,https://www.jepx.jp/_download.php?dir=spot_summary&file=spot_summary_2014.csv
2014-08-29,jepx-top8avg-system,jp,16.74125,https://www.jepx.jp/_download.php?dir=spot_summary&file=spot_summary_2014.csv
2014-08-30,jepx-top8avg-system,jp,14.15,https://www.jepx.jp/_download.php?dir=spot_summary&file=spot_summary_2014.csv
2014-08-31,jepx-top8avg-system,jp,12.221250000000001,https://www.jepx.jp/_download.php?dir=spot_summary&file=spot_summary_2014.csv
2014-09-01,jepx-top8avg-system,jp,17.4775,https://www.jepx.jp/_download.php?dir=spot_summary&file=spot_summary_2014.csv
2014-09-02,jepx-top8avg-system,jp,17.4425,https://www.jepx.jp/_download.php?dir=spot_summary&file=spot_summary_2014.csv
2014-09-03,jepx-top8avg-system,jp,17.6175,https://www.jepx.jp/_download.php?dir=spot_summary&file=spot_summary_2014.csv
2014-09-04,jepx-top8avg-system,jp,17.814999999999998,https://www.jepx.jp/_download.php?dir=spot_summary&file=spot_summary_2014.csv
2014-09-05,jepx-top8avg-system,jp,17.285,https://www.jepx.jp/_download.php?dir=spot_summary&file=spot_summary_2014.csv
2014-09-06,jepx-top8avg-system,jp,16.08,https://www.jepx.jp/_download.php?dir=spot_summary&file=spot_summary_2014.csv
2014-09-07,jepx-top8avg-system,jp,14.842500000000001,https://www.jepx.jp/_download.php?dir=spot_summary&file=spot_summary_2014.csv
2014-09-08,jepx-top8avg-system,jp,17.16875,https://www.jepx.jp/_download.php?dir=spot_summary&file=spot_summary_2014.csv
2014-09-09,jepx-top8avg-system,jp,16.99375,https://www.jepx.jp/_download.php?dir=spot_summary&file=spot_summary_2014.csv
2014-09-10,jepx-top8avg-system,jp,16.60375,https://www.jepx.jp/_download.php?dir=spot_summary&file=spot_summary_2014.csv
2014-09-11,jepx-top8avg-system,jp,16.76,https://www.jepx.jp/_download.php?dir=spot_summary&file=spot_summary_2014.csv
2014-09-12,jepx-top8avg-system,jp,16.73375,https://www.jepx.jp/_download.php?dir=spot_summary&file=spot_summary_2014.csv
2014-09-13,jepx-top8avg-system,jp,14.771249999999998,https://www.jepx.jp/_download.php?dir=spot_summary&file=spot_summary_2014.csv
2014-09-14,jepx-top8avg-system,jp,14.3025,https://www.jepx.jp/_download.php?dir=spot_summary&file=spot_summary_2014.csv
2014-09-15,jepx-top8avg-system,jp,16.24375,https://www.jepx.jp/_download.php?dir=spot_summary&file=spot_summary_2014.csv
2014-09-16,jepx-top8avg-system,jp,17.9125,https://www.jepx.jp/_download.php?dir=spot_summary&file=spot_summary_2014.csv
2014-09-17,jepx-top8avg-system,jp,17.9075,https://www.jepx.jp/_download.php?dir=spot_summary&file=spot_summary_2014.csv
2014-09-18,jepx-top8avg-system,jp,17.457500000000003,https://www.jepx.jp/_download.php?dir=spot_summary&file=spot_summary_2014.csv
2014-09-19,jepx-top8avg-system,jp,17.005,https://www.jepx.jp/_download.php?dir=spot_summary&file=spot_summary_2014.csv
2014-09-20,jepx-top8avg-system,jp,15.41375,https://www.jepx.jp/_download.php?dir=spot_summary&file=spot_summary_2014.csv
2014-09-21,jepx-top8avg-system,jp,15.228749999999998,https://www.jepx.jp/_download.php?dir=spot_summary&file=spot_summary_2014.csv
2014-09-22,jepx-top8avg-system,jp,18.2125,https://www.jepx.jp/_download.php?dir=spot_summary&file=spot_summary_2014.csv
2014-09-23,jepx-top8avg-system,jp,17.07875,https://www.jepx.jp/_download.php?dir=spot_summary&file=spot_summary_2014.csv
2014-09-24,jepx-top8avg-system,jp,17.95125,https://www.jepx.jp/_download.php?dir=spot_summary&file=spot_summary_2014.csv
2014-09-25,jepx-top8avg-system,jp,18.8,https://www.jepx.jp/_download.php?dir=spot_summary&file=spot_summary_2014.csv
2014-09-26,jepx-top8avg-system,jp,17.56125,https://www.jepx.jp/_download.php?dir=spot_summary&file=spot_summary_2014.csv
2014-09-27,jepx-top8avg-system,jp,16.1725,https://www.jepx.jp/_download.php?dir=spot_summary&file=spot_summary_2014.csv
2014-09-28,jepx-top8avg-system,jp,15.76125,https://www.jepx.jp/_download.php?dir=spot_summary&file=spot_summary_2014.csv
2014-09-29,jepx-top8avg-system,jp,17.92125,https://www.jepx.jp/_download.php?dir=spot_summary&file=spot_summary_2014.csv
2014-09-30,jepx-top8avg-system,jp,18.045,https://www.jepx.jp/_download.php?dir=spot_summary&file=spot_summary_2014.csv
2014-10-01,jepx-top8avg-system,jp,18.331249999999997,https://www.jepx.jp/_download.php?dir=spot_summary&file=spot_summary_2014.csv
2014-10-02,jepx-top8avg-system,jp,18.54,https://www.jepx.jp/_download.php?dir=spot_summary&file=spot_summary_2014.csv
2014-10-03,jepx-top8avg-system,jp,20.161250000000003,https://www.jepx.jp/_download.php?dir=spot_summary&file=spot_summary_2014.csv
2014-10-04,jepx-top8avg-system,jp,15.763750000000002,https://www.jepx.jp/_download.php?dir=spot_summary&file=spot_summary_2014.csv
2014-10-05,jepx-top8avg-system,jp,15.86875,https://www.jepx.jp/_download.php?dir=spot_summary&file=spot_summary_2014.csv
2014-10-06,jepx-top8avg-system,jp,17.7,https://www.jepx.jp/_download.php?dir=spot_summary&file=spot_summary_2014.csv
2014-10-07,jepx-top8avg-system,jp,17.675,https://www.jepx.jp/_download.php?dir=spot_summary&file=spot_summary_2014.csv
2014-10-08,jepx-top8avg-system,jp,18.067500000000003,https://www.jepx.jp/_download.php?dir=spot_summary&file=spot_summary_2014.csv
2014-10-09,jepx-top8avg-system,jp,17.7,https://www.jepx.jp/_download.php?dir=spot_summary&file=spot_summary_2014.csv
2014-10-10,jepx-top8avg-system,jp,19.192500000000003,https://www.jepx.jp/_download.php?dir=spot_summary&file=spot_summary_2014.csv
2014-10-11,jepx-top8avg-system,jp,16.66875,https://www.jepx.jp/_download.php?dir=spot_summary&file=spot_summary_2014.csv
2014-10-12,jepx-top8avg-system,jp,15.68125,https://www.jepx.jp/_download.php?dir=spot_summary&file=spot_summary_2014.csv
2014-10-13,jepx-top8avg-system,jp,16.237499999999997,https://www.jepx.jp/_download.php?dir=spot_summary&file=spot_summary_2014.csv
2014-10-14,jepx-top8avg-system,jp,18.47875,https://www.jepx.jp/_download.php?dir=spot_summary&file=spot_summary_2014.csv
2014-10-15,jepx-top8avg-system,jp,17.57625,https://www.jepx.jp/_download.php?dir=spot_summary&file=spot_summary_2014.csv
2014-10-16,jepx-top8avg-system,jp,17.0,https://www.jepx.jp/_download.php?dir=spot_summary&file=spot_summary_2014.csv
2014-10-17,jepx-top8avg-system,jp,17.335,https://www.jepx.jp/_download.php?dir=spot_summary&file=spot_summary_2014.csv
2014-10-18,jepx-top8avg-system,jp,15.2925,https://www.jepx.jp/_download.php?dir=spot_summary&file=spot_summary_2014.csv
2014-10-19,jepx-top8avg-system,jp,15.04375,https://www.jepx.jp/_download.php?dir=spot_summary&file=spot_summary_2014.csv
2014-10-20,jepx-top8avg-system,jp,16.445,https://www.jepx.jp/_download.php?dir=spot_summary&file=spot_summary_2014.csv
2014-10-21,jepx-top8avg-system,jp,17.235,https://www.jepx.jp/_download.php?dir=spot_summary&file=spot_summary_2014.csv
2014-10-22,jepx-top8avg-system,jp,16.905,https://www.jepx.jp/_download.php?dir=spot_summary&file=spot_summary_2014.csv
2014-10-23,jepx-top8avg-system,jp,16.192500000000003,https://www.jepx.jp/_download.php?dir=spot_summary&file=spot_summary_2014.csv
2014-10-24,jepx-top8avg-system,jp,16.13125,https://www.jepx.jp/_download.php?dir=spot_summary&file=spot_summary_2014.csv
2014-10-25,jepx-top8avg-system,jp,15.3275,https://www.jepx.jp/_download.php?dir=spot_summary&file=spot_summary_2014.csv
2014-10-26,jepx-top8avg-system,jp,14.973749999999999,https://www.jepx.jp/_download.php?dir=spot_summary&file=spot_summary_2014.csv
2014-10-27,jepx-top8avg-system,jp,16.47375,https://www.jepx.jp/_download.php?dir=spot_summary&file=spot_summary_2014.csv
2014-10-28,jepx-top8avg-system,jp,16.415,https://www.jepx.jp/_download.php?dir=spot_summary&file=spot_summary_2014.csv
2014-10-29,jepx-top8avg-system,jp,16.58375,https://www.jepx.jp/_download.php?dir=spot_summary&file=spot_summary_2014.csv
2014-10-30,jepx-top8avg-system,jp,16.35375,https://www.jepx.jp/_download.php?dir=spot_summary&file=spot_summary_2014.csv
2014-10-31,jepx-top8avg-system,jp,16.68125,https://www.jepx.jp/_download.php?dir=spot_summary&file=spot_summary_2014.csv
2014-11-01,jepx-top8avg-system,jp,14.92875,https://www.jepx.jp/_download.php?dir=spot_summary&file=spot_summary_2014.csv
2014-11-02,jepx-top8avg-system,jp,15.74,https://www.jepx.jp/_download.php?dir=spot_summary&file=spot_summary_2014.csv
2014-11-03,jepx-top8avg-system,jp,16.165,https://www.jepx.jp/_download.php?dir=spot_summary&file=spot_summary_2014.csv
2014-11-04,jepx-top8avg-system,jp,17.396250000000002,https://www.jepx.jp/_download.php?dir=spot_summary&file=spot_summary_2014.csv
2014-11-05,jepx-top8avg-system,jp,16.03875,https://www.jepx.jp/_download.php?dir=spot_summary&file=spot_summary_2014.csv
2014-11-06,jepx-top8avg-system,jp,16.60875,https://www.jepx.jp/_download.php?dir=spot_summary&file=spot_summary_2014.csv
2014-11-07,jepx-top8avg-system,jp,17.07375,https://www.jepx.jp/_download.php?dir=spot_summary&file=spot_summary_2014.csv
2014-11-08,jepx-top8avg-system,jp,15.97875,https://www.jepx.jp/_download.php?dir=spot_summary&file=spot_summary_2014.csv
2014-11-09,jepx-top8avg-system,jp,14.97875,https://www.jepx.jp/_download.php?dir=spot_summary&file=spot_summary_2014.csv
2014-11-10,jepx-top8avg-system,jp,17.3125,https://www.jepx.jp/_download.php?dir=spot_summary&file=spot_summary_2014.csv
2014-11-11,jepx-top8avg-system,jp,15.933750000000002,https://www.jepx.jp/_download.php?dir=spot_summary&file=spot_summary_2014.csv
2014-11-12,jepx-top8avg-system,jp,16.185,https://www.jepx.jp/_download.php?dir=spot_summary&file=spot_summary_2014.csv
2014-11-13,jepx-top8avg-system,jp,17.18875,https://www.jepx.jp/_download.php?dir=spot_summary&file=spot_summary_2014.csv
2014-11-14,jepx-top8avg-system,jp,17.223750000000003,https://www.jepx.jp/_download.php?dir=spot_summary&file=spot_summary_2014.csv
2014-11-15,jepx-top8avg-system,jp,16.267500000000002,https://www.jepx.jp/_download.php?dir=spot_summary&file=spot_summary_2014.csv
2014-11-16,jepx-top8avg-system,jp,15.64125,https://www.jepx.jp/_download.php?dir=spot_summary&file=spot_summary_2014.csv
2014-11-17,jepx-top8avg-system,jp,17.73,https://www.jepx.jp/_download.php?dir=spot_summary&file=spot_summary_2014.csv
2014-11-18,jepx-top8avg-system,jp,16.22625,https://www.jepx.jp/_download.php?dir=spot_summary&file=spot_summary_2014.csv
2014-11-19,jepx-top8avg-system,jp,16.71875,https://www.jepx.jp/_download.php?dir=spot_summary&file=spot_summary_2014.csv
2014-11-20,jepx-top8avg-system,jp,16.89125,https://www.jepx.jp/_download.php?dir=spot_summary&file=spot_summary_2014.csv
2014-11-21,jepx-top8avg-system,jp,16.57,https://www.jepx.jp/_download.php?dir=spot_summary&file=spot_summary_2014.csv
2014-11-22,jepx-top8avg-system,jp,16.07875,https://www.jepx.jp/_download.php?dir=spot_summary&file=spot_summary_2014.csv
2014-11-23,jepx-top8avg-system,jp,15.603750000000002,https://www.jepx.jp/_download.php?dir=spot_summary&file=spot_summary_2014.csv
2014-11-24,jepx-top8avg-system,jp,16.083750000000002,https://www.jepx.jp/_download.php?dir=spot_summary&file=spot_summary_2014.csv
2014-11-25,jepx-top8avg-system,jp,16.49875,https://www.jepx.jp/_download.php?dir=spot_summary&file=spot_summary_2014.csv
2014-11-26,jepx-top8avg-system,jp,16.335,https://www.jepx.jp/_download.php?dir=spot_summary&file=spot_summary_2014.csv
2014-11-27,jepx-top8avg-system,jp,15.95125,https://www.jepx.jp/_download.php?dir=spot_summary&file=spot_summary_2014.csv
2014-11-28,jepx-top8avg-system,jp,16.00125,https://www.jepx.jp/_download.php?dir=spot_summary&file=spot_summary_2014.csv
2014-11-29,jepx-top8avg-system,jp,14.73375,https://www.jepx.jp/_download.php?dir=spot_summary&file=spot_summary_2014.csv
2014-11-30,jepx-top8avg-system,jp,14.00375,https://www.jepx.jp/_download.php?dir=spot_summary&file=spot_summary_2014.csv
2014-12-01,jepx-top8avg-system,jp,16.2275,https://www.jepx.jp/_download.php?dir=spot_summary&file=spot_summary_2014.csv
2014-12-02,jepx-top8avg-system,jp,17.95625,https://www.jepx.jp/_download.php?dir=spot_summary&file=spot_summary_2014.csv
2014-12-03,jepx-top8avg-system,jp,17.75625,https://www.jepx.jp/_download.php?dir=spot_summary&file=spot_summary_2014.csv
2014-12-04,jepx-top8avg-system,jp,17.9625,https://www.jepx.jp/_download.php?dir=spot_summary&file=spot_summary_2014.csv
2014-12-05,jepx-top8avg-system,jp,18.68,https://www.jepx.jp/_download.php?dir=spot_summary&file=spot_summary_2014.csv
2014-12-06,jepx-top8avg-system,jp,15.83,https://www.jepx.jp/_download.php?dir=spot_summary&file=spot_summary_2014.csv
2014-12-07,jepx-top8avg-system,jp,15.79875,https://www.jepx.jp/_download.php?dir=spot_summary&file=spot_summary_2014.csv
2014-12-08,jepx-top8avg-system,jp,16.465,https://www.jepx.jp/_download.php?dir=spot_summary&file=spot_summary_2014.csv
2014-12-09,jepx-top8avg-system,jp,16.4025,https://www.jepx.jp/_download.php?dir=spot_summary&file=spot_summary_2014.csv
2014-12-10,jepx-top8avg-system,jp,16.521250000000002,https://www.jepx.jp/_download.php?dir=spot_summary&file=spot_summary_2014.csv
2014-12-11,jepx-top8avg-system,jp,16.50875,https://www.jepx.jp/_download.php?dir=spot_summary&file=spot_summary_2014.csv
2014-12-12,jepx-top8avg-system,jp,17.06125,https://www.jepx.jp/_download.php?dir=spot_summary&file=spot_summary_2014.csv
2014-12-13,jepx-top8avg-system,jp,16.24125,https://www.jepx.jp/_download.php?dir=spot_summary&file=spot_summary_2014.csv
2014-12-14,jepx-top8avg-system,jp,16.1475,https://www.jepx.jp/_download.php?dir=spot_summary&file=spot_summary_2014.csv
2014-12-15,jepx-top8avg-system,jp,19.11625,https://www.jepx.jp/_download.php?dir=spot_summary&file=spot_summary_2014.csv
2014-12-16,jepx-top8avg-system,jp,19.520000000000003,https://www.jepx.jp/_download.php?dir=spot_summary&file=spot_summary_2014.csv
2014-12-17,jepx-top8avg-system,jp,28.033749999999998,https://www.jepx.jp/_download.php?dir=spot_summary&file=spot_summary_2014.csv
2014-12-18,jepx-top8avg-system,jp,25.53875,https://www.jepx.jp/_download.php?dir=spot_summary&file=spot_summary_2014.csv
2014-12-19,jepx-top8avg-system,jp,33.411249999999995,https://www.jepx.jp/_download.php?dir=spot_summary&file=spot_summary_2014.csv
2014-12-20,jepx-top8avg-system,jp,16.325000000000003,https://www.jepx.jp/_download.php?dir=spot_summary&file=spot_summary_2014.csv
2014-12-21,jepx-top8avg-system,jp,15.74625,https://www.jepx.jp/_download.php?dir=spot_summary&file=spot_summary_2014.csv
2014-12-22,jepx-top8avg-system,jp,20.244999999999997,https://www.jepx.jp/_download.php?dir=spot_summary&file=spot_summary_2014.csv
2014-12-23,jepx-top8avg-system,jp,16.65375,https://www.jepx.jp/_download.php?dir=spot_summary&file=spot_summary_2014.csv
2014-12-24,jepx-top8avg-system,jp,17.165,https://www.jepx.jp/_download.php?dir=spot_summary&file=spot_summary_2014.csv
2014-12-25,jepx-top8avg-system,jp,16.464999999999996,https://www.jepx.jp/_download.php?dir=spot_summary&file=spot_summary_2014.csv
2014-12-26,jepx-top8avg-system,jp,15.500000000000002,https://www.jepx.jp/_download.php?dir=spot_summary&file=spot_summary_2014.csv
2014-12-27,jepx-top8avg-system,jp,16.42875,https://www.jepx.jp/_download.php?dir=spot_summary&file=spot_summary_2014.csv
2014-12-28,jepx-top8avg-system,jp,16.08,https://www.jepx.jp/_download.php?dir=spot_summary&file=spot_summary_2014.csv
2014-12-29,jepx-top8avg-system,jp,14.96875,https://www.jepx.jp/_download.php?dir=spot_summary&file=spot_summary_2014.csv
2014-12-30,jepx-top8avg-system,jp,14.875,https://www.jepx.jp/_download.php?dir=spot_summary&file=spot_summary_2014.csv
2014-12-31,jepx-top8avg-system,jp,15.594999999999999,https://www.jepx.jp/_download.php?dir=spot_summary&file=spot_summary_2014.csv
2015-01-01,jepx-top8avg-system,jp,13.1325,https://www.jepx.jp/_download.php?dir=spot_summary&file=spot_summary_2014.csv
2015-01-02,jepx-top8avg-system,jp,13.655,https://www.jepx.jp/_download.php?dir=spot_summary&file=spot_summary_2014.csv
2015-01-03,jepx-top8avg-system,jp,14.2425,https://www.jepx.jp/_download.php?dir=spot_summary&file=spot_summary_2014.csv
2015-01-04,jepx-top8avg-system,jp,15.4175,https://www.jepx.jp/_download.php?dir=spot_summary&file=spot_summary_2014.csv
2015-01-05,jepx-top8avg-system,jp,17.06625,https://www.jepx.jp/_download.php?dir=spot_summary&file=spot_summary_2014.csv
2015-01-06,jepx-top8avg-system,jp,16.655,https://www.jepx.jp/_download.php?dir=spot_summary&file=spot_summary_2014.csv
2015-01-07,jepx-top8avg-system,jp,17.75,https://www.jepx.jp/_download.php?dir=spot_summary&file=spot_summary_2014.csv
2015-01-08,jepx-top8avg-system,jp,17.87,https://www.jepx.jp/_download.php?dir=spot_summary&file=spot_summary_2014.csv
2015-01-09,jepx-top8avg-system,jp,17.5,https://www.jepx.jp/_download.php?dir=spot_summary&file=spot_summary_2014.csv
2015-01-10,jepx-top8avg-system,jp,15.711250000000001,https://www.jepx.jp/_download.php?dir=spot_summary&file=spot_summary_2014.csv
2015-01-11,jepx-top8avg-system,jp,16.3675,https://www.jepx.jp/_download.php?dir=spot_summary&file=spot_summary_2014.csv
2015-01-12,jepx-top8avg-system,jp,16.57875,https://www.jepx.jp/_download.php?dir=spot_summary&file=spot_summary_2014.csv
2015-01-13,jepx-top8avg-system,jp,16.76,https://www.jepx.jp/_download.php?dir=spot_summary&file=spot_summary_2014.csv
2015-01-14,jepx-top8avg-system,jp,15.6275,https://www.jepx.jp/_download.php?dir=spot_summary&file=spot_summary_2014.csv
2015-01-15,jepx-top8avg-system,jp,17.89625,https://www.jepx.jp/_download.php?dir=spot_summary&file=spot_summary_2014.csv
2015-01-16,jepx-top8avg-system,jp,14.936250000000001,https://www.jepx.jp/_download.php?dir=spot_summary&file=spot_summary_2014.csv
2015-01-17,jepx-top8avg-system,jp,15.62125,https://www.jepx.jp/_download.php?dir=spot_summary&file=spot_summary_2014.csv
2015-01-18,jepx-top8avg-system,jp,14.855,https://www.jepx.jp/_download.php?dir=spot_summary&file=spot_summary_2014.csv
2015-01-19,jepx-top8avg-system,jp,17.35625,https://www.jepx.jp/_download.php?dir=spot_summary&file=spot_summary_2014.csv
2015-01-20,jepx-top8avg-system,jp,15.6575,https://www.jepx.jp/_download.php?dir=spot_summary&file=spot_summary_2014.csv
2015-01-21,jepx-top8avg-system,jp,16.5975,https://www.jepx.jp/_download.php?dir=spot_summary&file=spot_summary_2014.csv
2015-01-22,jepx-top8avg-system,jp,15.004999999999999,https://www.jepx.jp/_download.php?dir=spot_summary&file=spot_summary_2014.csv
2015-01-23,jepx-top8avg-system,jp,15.3375,https://www.jepx.jp/_download.php?dir=spot_summary&file=spot_summary_2014.csv
2015-01-24,jepx-top8avg-system,jp,13.08375,https://www.jepx.jp/_download.php?dir=spot_summary&file=spot_summary_2014.csv
2015-01-25,jepx-top8avg-system,jp,12.6175,https://www.jepx.jp/_download.php?dir=spot_summary&file=spot_summary_2014.csv
2015-01-26,jepx-top8avg-system,jp,15.309999999999999,https://www.jepx.jp/_download.php?dir=spot_summary&file=spot_summary_2014.csv
2015-01-27,jepx-top8avg-system,jp,14.552500000000002,https://www.jepx.jp/_download.php?dir=spot_summary&file=spot_summary_2014.csv
2015-01-28,jepx-top8avg-system,jp,15.576250000000002,https://www.jepx.jp/_download.php?dir=spot_summary&file=spot_summary_2014.csv
2015-01-29,jepx-top8avg-system,jp,15.83125,https://www.jepx.jp/_download.php?dir=spot_summary&file=spot_summary_2014.csv
2015-01-30,jepx-top8avg-system,jp,21.29875,https://www.jepx.jp/_download.php?dir=spot_summary&file=spot_summary_2014.csv
2015-01-31,jepx-top8avg-system,jp,13.504999999999999,https://www.jepx.jp/_download.php?dir=spot_summary&file=spot_summary_2014.csv
2015-02-01,jepx-top8avg-system,jp,12.751249999999999,https://www.jepx.jp/_download.php?dir=spot_summary&file=spot_summary_2014.csv
2015-02-02,jepx-top8avg-system,jp,15.58625,https://www.jepx.jp/_download.php?dir=spot_summary&file=spot_summary_2014.csv
2015-02-03,jepx-top8avg-system,jp,14.151250000000001,https://www.jepx.jp/_download.php?dir=spot_summary&file=spot_summary_2014.csv
2015-02-04,jepx-top8avg-system,jp,14.1525,https://www.jepx.jp/_download.php?dir=spot_summary&file=spot_summary_2014.csv
2015-02-05,jepx-top8avg-system,jp,16.47625,https://www.jepx.jp/_download.php?dir=spot_summary&file=spot_summary_2014.csv
2015-02-06,jepx-top8avg-system,jp,13.8875,https://www.jepx.jp/_download.php?dir=spot_summary&file=spot_summary_2014.csv
2015-02-07,jepx-top8avg-system,jp,13.120000000000001,https://www.jepx.jp/_download.php?dir=spot_summary&file=spot_summary_2014.csv
2015-02-08,jepx-top8avg-system,jp,12.515,https://www.jepx.jp/_download.php?dir=spot_summary&file=spot_summary_2014.csv
2015-02-09,jepx-top8avg-system,jp,16.0075,https://www.jepx.jp/_download.php?dir=spot_summary&file=spot_summary_2014.csv
2015-02-10,jepx-top8avg-system,jp,14.9975,https://www.jepx.jp/_download.php?dir=spot_summary&file=spot_summary_2014.csv
2015-02-11,jepx-top8avg-system,jp,12.6625,https://www.jepx.jp/_download.php?dir=spot_summary&file=spot_summary_2014.csv
2015-02-12,jepx-top8avg-system,jp,14.7975,https://www.jepx.jp/_download.php?dir=spot_summary&file=spot_summary_2014.csv
2015-02-13,jepx-top8avg-system,jp,14.9525,https://www.jepx.jp/_download.php?dir=spot_summary&file=spot_summary_2014.csv
2015-02-14,jepx-top8avg-system,jp,12.934999999999999,https://www.jepx.jp/_download.php?dir=spot_summary&file=spot_summary_2014.csv
2015-02-15,jepx-top8avg-system,jp,12.56375,https://www.jepx.jp/_download.php?dir=spot_summary&file=spot_summary_2014.csv
2015-02-16,jepx-top8avg-system,jp,16.23,https://www.jepx.jp/_download.php?dir=spot_summary&file=spot_summary_2014.csv
2015-02-17,jepx-top8avg-system,jp,15.813750000000002,https://www.jepx.jp/_download.php?dir=spot_summary&file=spot_summary_2014.csv
2015-02-18,jepx-top8avg-system,jp,17.45,https://www.jepx.jp/_download.php?dir=spot_summary&file=spot_summary_2014.csv
2015-02-19,jepx-top8avg-system,jp,15.004999999999999,https://www.jepx.jp/_download.php?dir=spot_summary&file=spot_summary_2014.csv
2015-02-20,jepx-top8avg-system,jp,13.987499999999999,https://www.jepx.jp/_download.php?dir=spot_summary&file=spot_summary_2014.csv
2015-02-21,jepx-top8avg-system,jp,12.833749999999998,https://www.jepx.jp/_download.php?dir=spot_summary&file=spot_summary_2014.csv
2015-02-22,jepx-top8avg-system,jp,12.34125,https://www.jepx.jp/_download.php?dir=spot_summary&file=spot_summary_2014.csv
2015-02-23,jepx-top8avg-system,jp,14.085,https://www.jepx.jp/_download.php?dir=spot_summary&file=spot_summary_2014.csv
2015-02-24,jepx-top8avg-system,jp,13.7975,https://www.jepx.jp/_download.php?dir=spot_summary&file=spot_summary_2014.csv
2015-02-25,jepx-top8avg-system,jp,13.896250000000002,https://www.jepx.jp/_download.php?dir=spot_summary&file=spot_summary_2014.csv
2015-02-26,jepx-top8avg-system,jp,16.67375,https://www.jepx.jp/_download.php?dir=spot_summary&file=spot_summary_2014.csv
2015-02-27,jepx-top8avg-system,jp,13.625,https://www.jepx.jp/_download.php?dir=spot_summary&file=spot_summary_2014.csv
2015-02-28,jepx-top8avg-system,jp,13.15625,https://www.jepx.jp/_download.php?dir=spot_summary&file=spot_summary_2014.csv
2015-03-01,jepx-top8avg-system,jp,12.935,https://www.jepx.jp/_download.php?dir=spot_summary&file=spot_summary_2014.csv
2015-03-02,jepx-top8avg-system,jp,13.434999999999999,https://www.jepx.jp/_download.php?dir=spot_summary&file=spot_summary_2014.csv
2015-03-03,jepx-top8avg-system,jp,16.75625,https://www.jepx.jp/_download.php?dir=spot_summary&file=spot_summary_2014.csv
2015-03-04,jepx-top8avg-system,jp,14.32125,https://www.jepx.jp/_download.php?dir=spot_summary&file=spot_summary_2014.csv
2015-03-05,jepx-top8avg-system,jp,15.95125,https://www.jepx.jp/_download.php?dir=spot_summary&file=spot_summary_2014.csv
2015-03-06,jepx-top8avg-system,jp,15.52875,https://www.jepx.jp/_download.php?dir=spot_summary&file=spot_summary_2014.csv
2015-03-07,jepx-top8avg-system,jp,12.842500000000001,https://www.jepx.jp/_download.php?dir=spot_summary&file=spot_summary_2014.csv
2015-03-08,jepx-top8avg-system,jp,12.66,https://www.jepx.jp/_download.php?dir=spot_summary&file=spot_summary_2014.csv
2015-03-09,jepx-top8avg-system,jp,15.14625,https://www.jepx.jp/_download.php?dir=spot_summary&file=spot_summary_2014.csv
2015-03-10,jepx-top8avg-system,jp,20.88875,https://www.jepx.jp/_download.php?dir=spot_summary&file=spot_summary_2014.csv
2015-03-11,jepx-top8avg-system,jp,19.41125,https://www.jepx.jp/_download.php?dir=spot_summary&file=spot_summary_2014.csv
2015-03-12,jepx-top8avg-system,jp,16.877499999999998,https://www.jepx.jp/_download.php?dir=spot_summary&file=spot_summary_2014.csv
2015-03-13,jepx-top8avg-system,jp,16.55625,https://www.jepx.jp/_download.php?dir=spot_summary&file=spot_summary_2014.csv
2015-03-14,jepx-top8avg-system,jp,13.0775,https://www.jepx.jp/_download.php?dir=spot_summary&file=spot_summary_2014.csv
2015-03-15,jepx-top8avg-system,jp,12.719999999999999,https://www.jepx.jp/_download.php?dir=spot_summary&file=spot_summary_2014.csv
2015-03-16,jepx-top8avg-system,jp,15.47875,https://www.jepx.jp/_download.php?dir=spot_summary&file=spot_summary_2014.csv
2015-03-17,jepx-top8avg-system,jp,12.87,https://www.jepx.jp/_download.php?dir=spot_summary&file=spot_summary_2014.csv
2015-03-18,jepx-top8avg-system,jp,13.06625,https://www.jepx.jp/_download.php?dir=spot_summary&file=spot_summary_2014.csv
2015-03-19,jepx-top8avg-system,jp,14.09875,https://www.jepx.jp/_download.php?dir=spot_summary&file=spot_summary_2014.csv
2015-03-20,jepx-top8avg-system,jp,12.56875,https://www.jepx.jp/_download.php?dir=spot_summary&file=spot_summary_2014.csv
2015-03-21,jepx-top8avg-system,jp,11.91,https://www.jepx.jp/_download.php?dir=spot_summary&file=spot_summary_2014.csv
2015-03-22,jepx-top8avg-system,jp,12.14375,https://www.jepx.jp/_download.php?dir=spot_summary&file=spot_summary_2014.csv
2015-03-23,jepx-top8avg-system,jp,16.12,https://www.jepx.jp/_download.php?dir=spot_summary&file=spot_summary_2014.csv
2015-03-24,jepx-top8avg-system,jp,16.0775,https://www.jepx.jp/_download.php?dir=spot_summary&file=spot_summary_2014.csv
2015-03-25,jepx-top8avg-system,jp,15.51875,https://www.jepx.jp/_download.php?dir=spot_summary&file=spot_summary_2014.csv
2015-03-26,jepx-top8avg-system,jp,14.056249999999999,https://www.jepx.jp/_download.php?dir=spot_summary&file=spot_summary_2014.csv
2015-03-27,jepx-top8avg-system,jp,12.377500000000001,https://www.jepx.jp/_download.php?dir=spot_summary&file=spot_summary_2014.csv
2015-03-28,jepx-top8avg-system,jp,11.170000000000002,https://www.jepx.jp/_download.php?dir=spot_summary&file=spot_summary_2014.csv
2015-03-29,jepx-top8avg-system,jp,12.4275,https://www.jepx.jp/_download.php?dir=spot_summary&file=spot_summary_2014.csv
2015-03-30,jepx-top8avg-system,jp,12.4075,https://www.jepx.jp/_download.php?dir=spot_summary&file=spot_summary_2014.csv
2015-03-31,jepx-top8avg-system,jp,12.32375,https://www.jepx.jp/_download.php?dir=spot_summary&file=spot_summary_2014.csv
2015-04-01,jepx-top8avg-system,jp,14.0975,https://www.jepx.jp/_download.php?dir=spot_summary&file=spot_summary_2015.csv
2015-04-02,jepx-top8avg-system,jp,12.307500000000001,https://www.jepx.jp/_download.php?dir=spot_summary&file=spot_summary_2015.csv
2015-04-03,jepx-top8avg-system,jp,15.055,https://www.jepx.jp/_download.php?dir=spot_summary&file=spot_summary_2015.csv
2015-04-04,jepx-top8avg-system,jp,12.3125,https://www.jepx.jp/_download.php?dir=spot_summary&file=spot_summary_2015.csv
2015-04-05,jepx-top8avg-system,jp,12.51625,https://www.jepx.jp/_download.php?dir=spot_summary&file=spot_summary_2015.csv
2015-04-06,jepx-top8avg-system,jp,14.852500000000001,https://www.jepx.jp/_download.php?dir=spot_summary&file=spot_summary_2015.csv
2015-04-07,jepx-top8avg-system,jp,16.13,https://www.jepx.jp/_download.php?dir=spot_summary&file=spot_summary_2015.csv
2015-04-08,jepx-top8avg-system,jp,15.63,https://www.jepx.jp/_download.php?dir=spot_summary&file=spot_summary_2015.csv
2015-04-09,jepx-top8avg-system,jp,15.3325,https://www.jepx.jp/_download.php?dir=spot_summary&file=spot_summary_2015.csv
2015-04-10,jepx-top8avg-system,jp,16.1,https://www.jepx.jp/_download.php?dir=spot_summary&file=spot_summary_2015.csv
2015-04-11,jepx-top8avg-system,jp,11.7925,https://www.jepx.jp/_download.php?dir=spot_summary&file=spot_summary_2015.csv
2015-04-12,jepx-top8avg-system,jp,11.575000000000001,https://www.jepx.jp/_download.php?dir=spot_summary&file=spot_summary_2015.csv
2015-04-13,jepx-top8avg-system,jp,14.9575,https://www.jepx.jp/_download.php?dir=spot_summary&file=spot_summary_2015.csv
2015-04-14,jepx-top8avg-system,jp,14.515,https://www.jepx.jp/_download.php?dir=spot_summary&file=spot_summary_2015.csv
2015-04-15,jepx-top8avg-system,jp,14.7525,https://www.jepx.jp/_download.php?dir=spot_summary&file=spot_summary_2015.csv
2015-04-16,jepx-top8avg-system,jp,14.14375,https://www.jepx.jp/_download.php?dir=spot_summary&file=spot_summary_2015.csv
2015-04-17,jepx-top8avg-system,jp,14.09875,https://www.jepx.jp/_download.php?dir=spot_summary&file=spot_summary_2015.csv
2015-04-18,jepx-top8avg-system,jp,11.178749999999999,https://www.jepx.jp/_download.php?dir=spot_summary&file=spot_summary_2015.csv
2015-04-19,jepx-top8avg-system,jp,11.443750000000001,https://www.jepx.jp/_download.php?dir=spot_summary&file=spot_summary_2015.csv
2015-04-20,jepx-top8avg-system,jp,15.241249999999999,https://www.jepx.jp/_download.php?dir=spot_summary&file=spot_summary_2015.csv
2015-04-21,jepx-top8avg-system,jp,15.036249999999999,https://www.jepx.jp/_download.php?dir=spot_summary&file=spot_summary_2015.csv
2015-04-22,jepx-top8avg-system,jp,14.0975,https://www.jepx.jp/_download.php?dir=spot_summary&file=spot_summary_2015.csv
2015-04-23,jepx-top8avg-system,jp,12.58125,https://www.jepx.jp/_download.php?dir=spot_summary&file=spot_summary_2015.csv
2015-04-24,jepx-top8avg-system,jp,12.225000000000001,https://www.jepx.jp/_download.php?dir=spot_summary&file=spot_summary_2015.csv
2015-04-25,jepx-top8avg-system,jp,11.71125,https://www.jepx.jp/_download.php?dir=spot_summary&file=spot_summary_2015.csv
2015-04-26,jepx-top8avg-system,jp,11.34,https://www.jepx.jp/_download.php?dir=spot_summary&file=spot_summary_2015.csv
2015-04-27,jepx-top8avg-system,jp,12.817499999999999,https://www.jepx.jp/_download.php?dir=spot_summary&file=spot_summary_2015.csv
2015-04-28,jepx-top8avg-system,jp,13.811250000000001,https://www.jepx.jp/_download.php?dir=spot_summary&file=spot_summary_2015.csv
2015-04-29,jepx-top8avg-system,jp,11.96,https://www.jepx.jp/_download.php?dir=spot_summary&file=spot_summary_2015.csv
2015-04-30,jepx-top8avg-system,jp,12.8125,https://www.jepx.jp/_download.php?dir=spot_summary&file=spot_summary_2015.csv
2015-05-01,jepx-top8avg-system,jp,11.645,https://www.jepx.jp/_download.php?dir=spot_summary&file=spot_summary_2015.csv
2015-05-02,jepx-top8avg-system,jp,11.25,https://www.jepx.jp/_download.php?dir=spot_summary&file=spot_summary_2015.csv
2015-05-03,jepx-top8avg-system,jp,10.815000000000001,https://www.jepx.jp/_download.php?dir=spot_summary&file=spot_summary_2015.csv
2015-05-04,jepx-top8avg-system,jp,11.807500000000001,https://www.jepx.jp/_download.php?dir=spot_summary&file=spot_summary_2015.csv
2015-05-05,jepx-top8avg-system,jp,11.3775,https://www.jepx.jp/_download.php?dir=spot_summary&file=spot_summary_2015.csv
2015-05-06,jepx-top8avg-system,jp,11.245000000000001,https://www.jepx.jp/_download.php?dir=spot_summary&file=spot_summary_2015.csv
2015-05-07,jepx-top8avg-system,jp,12.5825,https://www.jepx.jp/_download.php?dir=spot_summary&file=spot_summary_2015.csv
2015-05-08,jepx-top8avg-system,jp,12.9225,https://www.jepx.jp/_download.php?dir=spot_summary&file=spot_summary_2015.csv
2015-05-09,jepx-top8avg-system,jp,11.1675,https://www.jepx.jp/_download.php?dir=spot_summary&file=spot_summary_2015.csv
2015-05-10,jepx-top8avg-system,jp,10.88875,https://www.jepx.jp/_download.php?dir=spot_summary&file=spot_summary_2015.csv
2015-05-11,jepx-top8avg-system,jp,12.91875,https://www.jepx.jp/_download.php?dir=spot_summary&file=spot_summary_2015.csv
2015-05-12,jepx-top8avg-system,jp,13.8975,https://www.jepx.jp/_download.php?dir=spot_summary&file=spot_summary_2015.csv
2015-05-13,jepx-top8avg-system,jp,13.4075,https://www.jepx.jp/_download.php?dir=spot_summary&file=spot_summary_2015.csv
2015-05-14,jepx-top8avg-system,jp,13.4825,https://www.jepx.jp/_download.php?dir=spot_summary&file=spot_summary_2015.csv
2015-05-15,jepx-top8avg-system,jp,14.00375,https://www.jepx.jp/_download.php?dir=spot_summary&file=spot_summary_2015.csv
2015-05-16,jepx-top8avg-system,jp,12.62875,https://www.jepx.jp/_download.php?dir=spot_summary&file=spot_summary_2015.csv
2015-05-17,jepx-top8avg-system,jp,11.455000000000002,https://www.jepx.jp/_download.php?dir=spot_summary&file=spot_summary_2015.csv
2015-05-18,jepx-top8avg-system,jp,14.375,https://www.jepx.jp/_download.php?dir=spot_summary&file=spot_summary_2015.csv
2015-05-19,jepx-top8avg-system,jp,16.052500000000002,https://www.jepx.jp/_download.php?dir=spot_summary&file=spot_summary_2015.csv
2015-05-20,jepx-top8avg-system,jp,14.318750000000001,https://www.jepx.jp/_download.php?dir=spot_summary&file=spot_summary_2015.csv
2015-05-21,jepx-top8avg-system,jp,13.7925,https://www.jepx.jp/_download.php?dir=spot_summary&file=spot_summary_2015.csv
2015-05-22,jepx-top8avg-system,jp,14.021249999999998,https://www.jepx.jp/_download.php?dir=spot_summary&file=spot_summary_2015.csv
2015-05-23,jepx-top8avg-system,jp,12.865,https://www.jepx.jp/_download.php?dir=spot_summary&file=spot_summary_2015.csv
2015-05-24,jepx-top8avg-system,jp,11.895,https://www.jepx.jp/_download.php?dir=spot_summary&file=spot_summary_2015.csv
2015-05-25,jepx-top8avg-system,jp,14.0,https://www.jepx.jp/_download.php?dir=spot_summary&file=spot_summary_2015.csv
2015-05-26,jepx-top8avg-system,jp,15.095,https://www.jepx.jp/_download.php?dir=spot_summary&file=spot_summary_2015.csv
2015-05-27,jepx-top8avg-system,jp,15.912500000000001,https://www.jepx.jp/_download.php?dir=spot_summary&file=spot_summary_2015.csv
2015-05-28,jepx-top8avg-system,jp,15.596250000000001,https://www.jepx.jp/_download.php?dir=spot_summary&file=spot_summary_2015.csv
2015-05-29,jepx-top8avg-system,jp,15.8725,https://www.jepx.jp/_download.php?dir=spot_summary&file=spot_summary_2015.csv
2015-05-30,jepx-top8avg-system,jp,12.82,https://www.jepx.jp/_download.php?dir=spot_summary&file=spot_summary_2015.csv
2015-05-31,jepx-top8avg-system,jp,12.07,https://www.jepx.jp/_download.php?dir=spot_summary&file=spot_summary_2015.csv
2015-06-01,jepx-top8avg-system,jp,16.18,https://www.jepx.jp/_download.php?dir=spot_summary&file=spot_summary_2015.csv
2015-06-02,jepx-top8avg-system,jp,15.879999999999999,https://www.jepx.jp/_download.php?dir=spot_summary&file=spot_summary_2015.csv
2015-06-03,jepx-top8avg-system,jp,18.28,https://www.jepx.jp/_download.php?dir=spot_summary&file=spot_summary_2015.csv
2015-06-04,jepx-top8avg-system,jp,14.978749999999998,https://www.jepx.jp/_download.php?dir=spot_summary&file=spot_summary_2015.csv
2015-06-05,jepx-top8avg-system,jp,17.06125,https://www.jepx.jp/_download.php?dir=spot_summary&file=spot_summary_2015.csv
2015-06-06,jepx-top8avg-system,jp,12.182500000000001,https://www.jepx.jp/_download.php?dir=spot_summary&file=spot_summary_2015.csv
2015-06-07,jepx-top8avg-system,jp,12.28125,https://www.jepx.jp/_download.php?dir=spot_summary&file=spot_summary_2015.csv
2015-06-08,jepx-top8avg-system,jp,18.325000000000003,https://www.jepx.jp/_download.php?dir=spot_summary&file=spot_summary_2015.csv
2015-06-09,jepx-top8avg-system,jp,18.3,https://www.jepx.jp/_download.php?dir=spot_summary&file=spot_summary_2015.csv
2015-06-10,jepx-top8avg-system,jp,16.7875,https://www.jepx.jp/_download.php?dir=spot_summary&file=spot_summary_2015.csv
2015-06-11,jepx-top8avg-system,jp,14.93125,https://www.jepx.jp/_download.php?dir=spot_summary&file=spot_summary_2015.csv
2015-06-12,jepx-top8avg-system,jp,14.94,https://www.jepx.jp/_download.php?dir=spot_summary&file=spot_summary_2015.csv
2015-06-13,jepx-top8avg-system,jp,12.901250000000001,https://www.jepx.jp/_download.php?dir=spot_summary&file=spot_summary_2015.csv
2015-06-14,jepx-top8avg-system,jp,11.946250000000001,https://www.jepx.jp/_download.php?dir=spot_summary&file=spot_summary_2015.csv
2015-06-15,jepx-top8avg-system,jp,18.04875,https://www.jepx.jp/_download.php?dir=spot_summary&file=spot_summary_2015.csv
2015-06-16,jepx-top8avg-system,jp,14.35875,https://www.jepx.jp/_download.php?dir=spot_summary&file=spot_summary_2015.csv
2015-06-17,jepx-top8avg-system,jp,14.90875,https://www.jepx.jp/_download.php?dir=spot_summary&file=spot_summary_2015.csv
2015-06-18,jepx-top8avg-system,jp,13.889999999999999,https://www.jepx.jp/_download.php?dir=spot_summary&file=spot_summary_2015.csv
2015-06-19,jepx-top8avg-system,jp,13.94125,https://www.jepx.jp/_download.php?dir=spot_summary&file=spot_summary_2015.csv
2015-06-20,jepx-top8avg-system,jp,12.192499999999999,https://www.jepx.jp/_download.php?dir=spot_summary&file=spot_summary_2015.csv
2015-06-21,jepx-top8avg-system,jp,11.685,https://www.jepx.jp/_download.php?dir=spot_summary&file=spot_summary_2015.csv
2015-06-22,jepx-top8avg-system,jp,14.674999999999999,https://www.jepx.jp/_download.php?dir=spot_summary&file=spot_summary_2015.csv
2015-06-23,jepx-top8avg-system,jp,13.86,https://www.jepx.jp/_download.php?dir=spot_summary&file=spot_summary_2015.csv
2015-06-24,jepx-top8avg-system,jp,13.98,https://www.jepx.jp/_download.php?dir=spot_summary&file=spot_summary_2015.csv
2015-06-25,jepx-top8avg-system,jp,14.47,https://www.jepx.jp/_download.php?dir=spot_summary&file=spot_summary_2015.csv
2015-06-26,jepx-top8avg-system,jp,14.50875,https://www.jepx.jp/_download.php?dir=spot_summary&file=spot_summary_2015.csv
2015-06-27,jepx-top8avg-system,jp,12.20875,https://www.jepx.jp/_download.php?dir=spot_summary&file=spot_summary_2015.csv
2015-06-28,jepx-top8avg-system,jp,12.30375,https://www.jepx.jp/_download.php?dir=spot_summary&file=spot_summary_2015.csv
2015-06-29,jepx-top8avg-system,jp,14.38875,https://www.jepx.jp/_download.php?dir=spot_summary&file=spot_summary_2015.csv
2015-06-30,jepx-top8avg-system,jp,13.838750000000001,https://www.jepx.jp/_download.php?dir=spot_summary&file=spot_summary_2015.csv
2015-07-01,jepx-top8avg-system,jp,13.7225,https://www.jepx.jp/_download.php?dir=spot_summary&file=spot_summary_2015.csv
2015-07-02,jepx-top8avg-system,jp,14.153749999999999,https://www.jepx.jp/_download.php?dir=spot_summary&file=spot_summary_2015.csv
2015-07-03,jepx-top8avg-system,jp,13.805,https://www.jepx.jp/_download.php?dir=spot_summary&file=spot_summary_2015.csv
2015-07-04,jepx-top8avg-system,jp,10.355,https://www.jepx.jp/_download.php?dir=spot_summary&file=spot_summary_2015.csv
2015-07-05,jepx-top8avg-system,jp,9.942499999999999,https://www.jepx.jp/_download.php?dir=spot_summary&file=spot_summary_2015.csv
2015-07-06,jepx-top8avg-system,jp,13.82,https://www.jepx.jp/_download.php?dir=spot_summary&file=spot_summary_2015.csv
2015-07-07,jepx-top8avg-system,jp,13.618749999999999,https://www.jepx.jp/_download.php?dir=spot_summary&file=spot_summary_2015.csv
2015-07-08,jepx-top8avg-system,jp,13.330000000000002,https://www.jepx.jp/_download.php?dir=spot_summary&file=spot_summary_2015.csv
2015-07-09,jepx-top8avg-system,jp,13.735,https://www.jepx.jp/_download.php?dir=spot_summary&file=spot_summary_2015.csv
2015-07-10,jepx-top8avg-system,jp,13.752500000000001,https://www.jepx.jp/_download.php?dir=spot_summary&file=spot_summary_2015.csv
2015-07-11,jepx-top8avg-system,jp,11.56,https://www.jepx.jp/_download.php?dir=spot_summary&file=spot_summary_2015.csv
2015-07-12,jepx-top8avg-system,jp,10.1975,https://www.jepx.jp/_download.php?dir=spot_summary&file=spot_summary_2015.csv
2015-07-13,jepx-top8avg-system,jp,17.35125,https://www.jepx.jp/_download.php?dir=spot_summary&file=spot_summary_2015.csv
2015-07-14,jepx-top8avg-system,jp,18.57125,https://www.jepx.jp/_download.php?dir=spot_summary&file=spot_summary_2015.csv
2015-07-15,jepx-top8avg-system,jp,17.38125,https://www.jepx.jp/_download.php?dir=spot_summary&file=spot_summary_2015.csv
2015-07-16,jepx-top8avg-system,jp,16.84375,https://www.jepx.jp/_download.php?dir=spot_summary&file=spot_summary_2015.csv
2015-07-17,jepx-top8avg-system,jp,25.302500000000002,https://www.jepx.jp/_download.php?dir=spot_summary&file=spot_summary_2015.csv
2015-07-18,jepx-top8avg-system,jp,12.07875,https://www.jepx.jp/_download.php?dir=spot_summary&file=spot_summary_2015.csv
2015-07-19,jepx-top8avg-system,jp,12.00625,https://www.jepx.jp/_download.php?dir=spot_summary&file=spot_summary_2015.csv
2015-07-20,jepx-top8avg-system,jp,13.725,https://www.jepx.jp/_download.php?dir=spot_summary&file=spot_summary_2015.csv
2015-07-21,jepx-top8avg-system,jp,16.72,https://www.jepx.jp/_download.php?dir=spot_summary&file=spot_summary_2015.csv
2015-07-22,jepx-top8avg-system,jp,17.50375,https://www.jepx.jp/_download.php?dir=spot_summary&file=spot_summary_2015.csv
2015-07-23,jepx-top8avg-system,jp,16.8675,https://www.jepx.jp/_download.php?dir=spot_summary&file=spot_summary_2015.csv
2015-07-24,jepx-top8avg-system,jp,16.10875,https://www.jepx.jp/_download.php?dir=spot_summary&file=spot_summary_2015.csv
2015-07-25,jepx-top8avg-system,jp,12.01,https://www.jepx.jp/_download.php?dir=spot_summary&file=spot_summary_2015.csv
2015-07-26,jepx-top8avg-system,jp,11.8875,https://www.jepx.jp/_download.php?dir=spot_summary&file=spot_summary_2015.csv
2015-07-27,jepx-top8avg-system,jp,17.07,https://www.jepx.jp/_download.php?dir=spot_summary&file=spot_summary_2015.csv
2015-07-28,jepx-top8avg-system,jp,17.03,https://www.jepx.jp/_download.php?dir=spot_summary&file=spot_summary_2015.csv
2015-07-29,jepx-top8avg-system,jp,15.74875,https://www.jepx.jp/_download.php?dir=spot_summary&file=spot_summary_2015.csv
2015-07-30,jepx-top8avg-system,jp,19.26125,https://www.jepx.jp/_download.php?dir=spot_summary&file=spot_summary_2015.csv
2015-07-31,jepx-top8avg-system,jp,21.32875,https://www.jepx.jp/_download.php?dir=spot_summary&file=spot_summary_2015.csv
2015-08-01,jepx-top8avg-system,jp,12.50875,https://www.jepx.jp/_download.php?dir=spot_summary&file=spot_summary_2015.csv
2015-08-02,jepx-top8avg-system,jp,13.231250000000001,https://www.jepx.jp/_download.php?dir=spot_summary&file=spot_summary_2015.csv
2015-08-03,jepx-top8avg-system,jp,20.700000000000003,https://www.jepx.jp/_download.php?dir=spot_summary&file=spot_summary_2015.csv
2015-08-04,jepx-top8avg-system,jp,27.15375,https://www.jepx.jp/_download.php?dir=spot_summary&file=spot_summary_2015.csv
2015-08-05,jepx-top8avg-system,jp,28.71375,https://www.jepx.jp/_download.php?dir=spot_summary&file=spot_summary_2015.csv
2015-08-06,jepx-top8avg-system,jp,26.72625,https://www.jepx.jp/_download.php?dir=spot_summary&file=spot_summary_2015.csv
2015-08-07,jepx-top8avg-system,jp,32.197500000000005,https://www.jepx.jp/_download.php?dir=spot_summary&file=spot_summary_2015.csv
2015-08-08,jepx-top8avg-system,jp,13.77125,https://www.jepx.jp/_download.php?dir=spot_summary&file=spot_summary_2015.csv
2015-08-09,jepx-top8avg-system,jp,12.72625,https://www.jepx.jp/_download.php?dir=spot_summary&file=spot_summary_2015.csv
2015-08-10,jepx-top8avg-system,jp,21.27,https://www.jepx.jp/_download.php?dir=spot_summary&file=spot_summary_2015.csv
2015-08-11,jepx-top8avg-system,jp,15.832500000000001,https://www.jepx.jp/_download.php?dir=spot_summary&file=spot_summary_2015.csv
2015-08-12,jepx-top8avg-system,jp,13.713750000000001,https://www.jepx.jp/_download.php?dir=spot_summary&file=spot_summary_2015.csv
2015-08-13,jepx-top8avg-system,jp,12.35125,https://www.jepx.jp/_download.php?dir=spot_summary&file=spot_summary_2015.csv
2015-08-14,jepx-top8avg-system,jp,12.8575,https://www.jepx.jp/_download.php?dir=spot_summary&file=spot_summary_2015.csv
2015-08-15,jepx-top8avg-system,jp,11.837499999999999,https://www.jepx.jp/_download.php?dir=spot_summary&file=spot_summary_2015.csv
2015-08-16,jepx-top8avg-system,jp,11.8925,https://www.jepx.jp/_download.php?dir=spot_summary&file=spot_summary_2015.csv
2015-08-17,jepx-top8avg-system,jp,16.43625,https://www.jepx.jp/_download.php?dir=spot_summary&file=spot_summary_2015.csv
2015-08-18,jepx-top8avg-system,jp,17.630000000000003,https://www.jepx.jp/_download.php?dir=spot_summary&file=spot_summary_2015.csv
2015-08-19,jepx-top8avg-system,jp,14.2,https://www.jepx.jp/_download.php?dir=spot_summary&file=spot_summary_2015.csv
2015-08-20,jepx-top8avg-system,jp,14.0,https://www.jepx.jp/_download.php?dir=spot_summary&file=spot_summary_2015.csv
2015-08-21,jepx-top8avg-system,jp,15.357499999999998,https://www.jepx.jp/_download.php?dir=spot_summary&file=spot_summary_2015.csv
2015-08-22,jepx-top8avg-system,jp,11.4375,https://www.jepx.jp/_download.php?dir=spot_summary&file=spot_summary_2015.csv
2015-08-23,jepx-top8avg-system,jp,11.52,https://www.jepx.jp/_download.php?dir=spot_summary&file=spot_summary_2015.csv
2015-08-24,jepx-top8avg-system,jp,14.19,https://www.jepx.jp/_download.php?dir=spot_summary&file=spot_summary_2015.csv
2015-08-25,jepx-top8avg-system,jp,13.49625,https://www.jepx.jp/_download.php?dir=spot_summary&file=spot_summary_2015.csv
2015-08-26,jepx-top8avg-system,jp,11.655,https://www.jepx.jp/_download.php?dir=spot_summary&file=spot_summary_2015.csv
2015-08-27,jepx-top8avg-system,jp,12.60375,https://www.jepx.jp/_download.php?dir=spot_summary&file=spot_summary_2015.csv
2015-08-28,jepx-top8avg-system,jp,10.68375,https://www.jepx.jp/_download.php?dir=spot_summary&file=spot_summary_2015.csv
2015-08-29,jepx-top8avg-system,jp,9.2975,https://www.jepx.jp/_download.php?dir=spot_summary&file=spot_summary_2015.csv
2015-08-30,jepx-top8avg-system,jp,9.03125,https://www.jepx.jp/_download.php?dir=spot_summary&file=spot_summary_2015.csv
2015-08-31,jepx-top8avg-system,jp,12.38875,https://www.jepx.jp/_download.php?dir=spot_summary&file=spot_summary_2015.csv
2015-09-01,jepx-top8avg-system,jp,11.807500000000001,https://www.jepx.jp/_download.php?dir=spot_summary&file=spot_summary_2015.csv
2015-09-02,jepx-top8avg-system,jp,11.14875,https://www.jepx.jp/_download.php?dir=spot_summary&file=spot_summary_2015.csv
2015-09-03,jepx-top8avg-system,jp,12.26,https://www.jepx.jp/_download.php?dir=spot_summary&file=spot_summary_2015.csv
2015-09-04,jepx-top8avg-system,jp,11.78875,https://www.jepx.jp/_download.php?dir=spot_summary&file=spot_summary_2015.csv
2015-09-05,jepx-top8avg-system,jp,7.949999999999999,https://www.jepx.jp/_download.php?dir=spot_summary&file=spot_summary_2015.csv
2015-09-06,jepx-top8avg-system,jp,7.57,https://www.jepx.jp/_download.php?dir=spot_summary&file=spot_summary_2015.csv
2015-09-07,jepx-top8avg-system,jp,11.83875,https://www.jepx.jp/_download.php?dir=spot_summary&file=spot_summary_2015.csv
2015-09-08,jepx-top8avg-system,jp,11.99875,https://www.jepx.jp/_download.php?dir=spot_summary&file=spot_summary_2015.csv
2015-09-09,jepx-top8avg-system,jp,12.00125,https://www.jepx.jp/_download.php?dir=spot_summary&file=spot_summary_2015.csv
2015-09-10,jepx-top8avg-system,jp,11.188749999999999,https://www.jepx.jp/_download.php?dir=spot_summary&file=spot_summary_2015.csv
2015-09-11,jepx-top8avg-system,jp,11.91375,https://www.jepx.jp/_download.php?dir=spot_summary&file=spot_summary_2015.csv
2015-09-12,jepx-top8avg-system,jp,8.44625,https://www.jepx.jp/_download.php?dir=spot_summary&file=spot_summary_2015.csv
2015-09-13,jepx-top8avg-system,jp,8.87125,https://www.jepx.jp/_download.php?dir=spot_summary&file=spot_summary_2015.csv
2015-09-14,jepx-top8avg-system,jp,11.817499999999999,https://www.jepx.jp/_download.php?dir=spot_summary&file=spot_summary_2015.csv
2015-09-15,jepx-top8avg-system,jp,11.49875,https://www.jepx.jp/_download.php?dir=spot_summary&file=spot_summary_2015.csv
2015-09-16,jepx-top8avg-system,jp,11.745000000000001,https://www.jepx.jp/_download.php?dir=spot_summary&file=spot_summary_2015.csv
2015-09-17,jepx-top8avg-system,jp,11.37,https://www.jepx.jp/_download.php?dir=spot_summary&file=spot_summary_2015.csv
2015-09-18,jepx-top8avg-system,jp,10.8875,https://www.jepx.jp/_download.php?dir=spot_summary&file=spot_summary_2015.csv
2015-09-19,jepx-top8avg-system,jp,7.539999999999999,https://www.jepx.jp/_download.php?dir=spot_summary&file=spot_summary_2015.csv
2015-09-20,jepx-top8avg-system,jp,8.6675,https://www.jepx.jp/_download.php?dir=spot_summary&file=spot_summary_2015.csv
2015-09-21,jepx-top8avg-system,jp,8.64625,https://www.jepx.jp/_download.php?dir=spot_summary&file=spot_summary_2015.csv
2015-09-22,jepx-top8avg-system,jp,8.9125,https://www.jepx.jp/_download.php?dir=spot_summary&file=spot_summary_2015.csv
2015-09-23,jepx-top8avg-system,jp,9.2025,https://www.jepx.jp/_download.php?dir=spot_summary&file=spot_summary_2015.csv
2015-09-24,jepx-top8avg-system,jp,11.68375,https://www.jepx.jp/_download.php?dir=spot_summary&file=spot_summary_2015.csv
2015-09-25,jepx-top8avg-system,jp,11.782499999999999,https://www.jepx.jp/_download.php?dir=spot_summary&file=spot_summary_2015.csv
2015-09-26,jepx-top8avg-system,jp,9.1875,https://www.jepx.jp/_download.php?dir=spot_summary&file=spot_summary_2015.csv
2015-09-27,jepx-top8avg-system,jp,8.89,https://www.jepx.jp/_download.php?dir=spot_summary&file=spot_summary_2015.csv
2015-09-28,jepx-top8avg-system,jp,12.838750000000001,https://www.jepx.jp/_download.php?dir=spot_summary&file=spot_summary_2015.csv
2015-09-29,jepx-top8avg-system,jp,12.635000000000002,https://www.jepx.jp/_download.php?dir=spot_summary&file=spot_summary_2015.csv
2015-09-30,jepx-top8avg-system,jp,11.88625,https://www.jepx.jp/_download.php?dir=spot_summary&file=spot_summary_2015.csv
2015-10-01,jepx-top8avg-system,jp,12.45625,https://www.jepx.jp/_download.php?dir=spot_summary&file=spot_summary_2015.csv
2015-10-02,jepx-top8avg-system,jp,11.255,https://www.jepx.jp/_download.php?dir=spot_summary&file=spot_summary_2015.csv
2015-10-03,jepx-top8avg-system,jp,9.9725,https://www.jepx.jp/_download.php?dir=spot_summary&file=spot_summary_2015.csv
2015-10-04,jepx-top8avg-system,jp,9.42875,https://www.jepx.jp/_download.php?dir=spot_summary&file=spot_summary_2015.csv
2015-10-05,jepx-top8avg-system,jp,11.208749999999998,https://www.jepx.jp/_download.php?dir=spot_summary&file=spot_summary_2015.csv
2015-10-06,jepx-top8avg-system,jp,11.20125,https://www.jepx.jp/_download.php?dir=spot_summary&file=spot_summary_2015.csv
2015-10-07,jepx-top8avg-system,jp,11.065000000000001,https://www.jepx.jp/_download.php?dir=spot_summary&file=spot_summary_2015.csv
2015-10-08,jepx-top8avg-system,jp,10.989999999999998,https://www.jepx.jp/_download.php?dir=spot_summary&file=spot_summary_2015.csv
2015-10-09,jepx-top8avg-system,jp,11.38625,https://www.jepx.jp/_download.php?dir=spot_summary&file=spot_summary_2015.csv
2015-10-10,jepx-top8avg-system,jp,10.33375,https://www.jepx.jp/_download.php?dir=spot_summary&file=spot_summary_2015.csv
2015-10-11,jepx-top8avg-system,jp,9.7975,https://www.jepx.jp/_download.php?dir=spot_summary&file=spot_summary_2015.csv
2015-10-12,jepx-top8avg-system,jp,10.497499999999999,https://www.jepx.jp/_download.php?dir=spot_summary&file=spot_summary_2015.csv
2015-10-13,jepx-top8avg-system,jp,11.19,https://www.jepx.jp/_download.php?dir=spot_summary&file=spot_summary_2015.csv
2015-10-14,jepx-top8avg-system,jp,12.405000000000001,https://www.jepx.jp/_download.php?dir=spot_summary&file=spot_summary_2015.csv
2015-10-15,jepx-top8avg-system,jp,12.1725,https://www.jepx.jp/_download.php?dir=spot_summary&file=spot_summary_2015.csv
2015-10-16,jepx-top8avg-system,jp,11.811250000000001,https://www.jepx.jp/_download.php?dir=spot_summary&file=spot_summary_2015.csv
2015-10-17,jepx-top8avg-system,jp,10.28125,https://www.jepx.jp/_download.php?dir=spot_summary&file=spot_summary_2015.csv
2015-10-18,jepx-top8avg-system,jp,9.6275,https://www.jepx.jp/_download.php?dir=spot_summary&file=spot_summary_2015.csv
2015-10-19,jepx-top8avg-system,jp,11.84,https://www.jepx.jp/_download.php?dir=spot_summary&file=spot_summary_2015.csv
2015-10-20,jepx-top8avg-system,jp,11.54625,https://www.jepx.jp/_download.php?dir=spot_summary&file=spot_summary_2015.csv
2015-10-21,jepx-top8avg-system,jp,11.98875,https://www.jepx.jp/_download.php?dir=spot_summary&file=spot_summary_2015.csv
2015-10-22,jepx-top8avg-system,jp,12.678749999999999,https://www.jepx.jp/_download.php?dir=spot_summary&file=spot_summary_2015.csv
2015-10-23,jepx-top8avg-system,jp,12.9175,https://www.jepx.jp/_download.php?dir=spot_summary&file=spot_summary_2015.csv
2015-10-24,jepx-top8avg-system,jp,11.14125,https://www.jepx.jp/_download.php?dir=spot_summary&file=spot_summary_2015.csv
2015-10-25,jepx-top8avg-system,jp,9.765,https://www.jepx.jp/_download.php?dir=spot_summary&file=spot_summary_2015.csv
2015-10-26,jepx-top8avg-system,jp,13.307500000000001,https://www.jepx.jp/_download.php?dir=spot_summary&file=spot_summary_2015.csv
2015-10-27,jepx-top8avg-system,jp,15.844999999999999,https://www.jepx.jp/_download.php?dir=spot_summary&file=spot_summary_2015.csv
2015-10-28,jepx-top8avg-system,jp,13.6625,https://www.jepx.jp/_download.php?dir=spot_summary&file=spot_summary_2015.csv
2015-10-29,jepx-top8avg-system,jp,12.575,https://www.jepx.jp/_download.php?dir=spot_summary&file=spot_summary_2015.csv
2015-10-30,jepx-top8avg-system,jp,12.375,https://www.jepx.jp/_download.php?dir=spot_summary&file=spot_summary_2015.csv
2015-10-31,jepx-top8avg-system,jp,9.86125,https://www.jepx.jp/_download.php?dir=spot_summary&file=spot_summary_2015.csv
2015-11-01,jepx-top8avg-system,jp,9.9825,https://www.jepx.jp/_download.php?dir=spot_summary&file=spot_summary_2015.csv
2015-11-02,jepx-top8avg-system,jp,12.03125,https://www.jepx.jp/_download.php?dir=spot_summary&file=spot_summary_2015.csv
2015-11-03,jepx-top8avg-system,jp,9.98125,https://www.jepx.jp/_download.php?dir=spot_summary&file=spot_summary_2015.csv
2015-11-04,jepx-top8avg-system,jp,11.955000000000002,https://www.jepx.jp/_download.php?dir=spot_summary&file=spot_summary_2015.csv
2015-11-05,jepx-top8avg-system,jp,12.09375,https://www.jepx.jp/_download.php?dir=spot_summary&file=spot_summary_2015.csv
2015-11-06,jepx-top8avg-system,jp,12.188749999999999,https://www.jepx.jp/_download.php?dir=spot_summary&file=spot_summary_2015.csv
2015-11-07,jepx-top8avg-system,jp,10.5,https://www.jepx.jp/_download.php?dir=spot_summary&file=spot_summary_2015.csv
2015-11-08,jepx-top8avg-system,jp,10.13875,https://www.jepx.jp/_download.php?dir=spot_summary&file=spot_summary_2015.csv
2015-11-09,jepx-top8avg-system,jp,12.1625,https://www.jepx.jp/_download.php?dir=spot_summary&file=spot_summary_2015.csv
2015-11-10,jepx-top8avg-system,jp,11.685,https://www.jepx.jp/_download.php?dir=spot_summary&file=spot_summary_2015.csv
2015-11-11,jepx-top8avg-system,jp,12.58625,https://www.jepx.jp/_download.php?dir=spot_summary&file=spot_summary_2015.csv
2015-11-12,jepx-top8avg-system,jp,12.829999999999998,https://www.jepx.jp/_download.php?dir=spot_summary&file=spot_summary_2015.csv
2015-11-13,jepx-top8avg-system,jp,13.00875,https://www.jepx.jp/_download.php?dir=spot_summary&file=spot_summary_2015.csv
2015-11-14,jepx-top8avg-system,jp,10.18,https://www.jepx.jp/_download.php?dir=spot_summary&file=spot_summary_2015.csv
2015-11-15,jepx-top8avg-system,jp,10.0,https://www.jepx.jp/_download.php?dir=spot_summary&file=spot_summary_2015.csv
2015-11-16,jepx-top8avg-system,jp,12.9775,https://www.jepx.jp/_download.php?dir=spot_summary&file=spot_summary_2015.csv
2015-11-17,jepx-top8avg-system,jp,13.50125,https://www.jepx.jp/_download.php?dir=spot_summary&file=spot_summary_2015.csv
2015-11-18,jepx-top8avg-system,jp,14.4875,https://www.jepx.jp/_download.php?dir=spot_summary&file=spot_summary_2015.csv
2015-11-19,jepx-top8avg-system,jp,11.995000000000001,https://www.jepx.jp/_download.php?dir=spot_summary&file=spot_summary_2015.csv
2015-11-20,jepx-top8avg-system,jp,13.54375,https://www.jepx.jp/_download.php?dir=spot_summary&file=spot_summary_2015.csv
2015-11-21,jepx-top8avg-system,jp,10.235000000000001,https://www.jepx.jp/_download.php?dir=spot_summary&file=spot_summary_2015.csv
2015-11-22,jepx-top8avg-system,jp,9.8125,https://www.jepx.jp/_download.php?dir=spot_summary&file=spot_summary_2015.csv
2015-11-23,jepx-top8avg-system,jp,10.059999999999999,https://www.jepx.jp/_download.php?dir=spot_summary&file=spot_summary_2015.csv
2015-11-24,jepx-top8avg-system,jp,11.582500000000001,https://www.jepx.jp/_download.php?dir=spot_summary&file=spot_summary_2015.csv
2015-11-25,jepx-top8avg-system,jp,13.90375,https://www.jepx.jp/_download.php?dir=spot_summary&file=spot_summary_2015.csv
2015-11-26,jepx-top8avg-system,jp,12.7225,https://www.jepx.jp/_download.php?dir=spot_summary&file=spot_summary_2015.csv
2015-11-27,jepx-top8avg-system,jp,12.1725,https://www.jepx.jp/_download.php?dir=spot_summary&file=spot_summary_2015.csv
2015-11-28,jepx-top8avg-system,jp,9.70625,https://www.jepx.jp/_download.php?dir=spot_summary&file=spot_summary_2015.csv
2015-11-29,jepx-top8avg-system,jp,9.245000000000001,https://www.jepx.jp/_download.php?dir=spot_summary&file=spot_summary_2015.csv
2015-11-30,jepx-top8avg-system,jp,12.48875,https://www.jepx.jp/_download.php?dir=spot_summary&file=spot_summary_2015.csv
2015-12-01,jepx-top8avg-system,jp,10.62375,https://www.jepx.jp/_download.php?dir=spot_summary&file=spot_summary_2015.csv
2015-12-02,jepx-top8avg-system,jp,10.537500000000001,https://www.jepx.jp/_download.php?dir=spot_summary&file=spot_summary_2015.csv
2015-12-03,jepx-top8avg-system,jp,11.54375,https://www.jepx.jp/_download.php?dir=spot_summary&file=spot_summary_2015.csv
2015-12-04,jepx-top8avg-system,jp,11.501249999999999,https://www.jepx.jp/_download.php?dir=spot_summary&file=spot_summary_2015.csv
2015-12-05,jepx-top8avg-system,jp,9.37,https://www.jepx.jp/_download.php?dir=spot_summary&file=spot_summary_2015.csv
2015-12-06,jepx-top8avg-system,jp,9.1025,https://www.jepx.jp/_download.php?dir=spot_summary&file=spot_summary_2015.csv
2015-12-07,jepx-top8avg-system,jp,11.223749999999999,https://www.jepx.jp/_download.php?dir=spot_summary&file=spot_summary_2015.csv
2015-12-08,jepx-top8avg-system,jp,11.6075,https://www.jepx.jp/_download.php?dir=spot_summary&file=spot_summary_2015.csv
2015-12-09,jepx-top8avg-system,jp,10.9925,https://www.jepx.jp/_download.php?dir=spot_summary&file=spot_summary_2015.csv
2015-12-10,jepx-top8avg-system,jp,11.41375,https://www.jepx.jp/_download.php?dir=spot_summary&file=spot_summary_2015.csv
2015-12-11,jepx-top8avg-system,jp,12.015,https://www.jepx.jp/_download.php?dir=spot_summary&file=spot_summary_2015.csv
2015-12-12,jepx-top8avg-system,jp,9.25375,https://www.jepx.jp/_download.php?dir=spot_summary&file=spot_summary_2015.csv
2015-12-13,jepx-top8avg-system,jp,8.975,https://www.jepx.jp/_download.php?dir=spot_summary&file=spot_summary_2015.csv
2015-12-14,jepx-top8avg-system,jp,10.4975,https://www.jepx.jp/_download.php?dir=spot_summary&file=spot_summary_2015.csv
2015-12-15,jepx-top8avg-system,jp,12.19125,https://www.jepx.jp/_download.php?dir=spot_summary&file=spot_summary_2015.csv
2015-12-16,jepx-top8avg-system,jp,10.9175,https://www.jepx.jp/_download.php?dir=spot_summary&file=spot_summary_2015.csv
2015-12-17,jepx-top8avg-system,jp,11.475000000000001,https://www.jepx.jp/_download.php?dir=spot_summary&file=spot_summary_2015.csv
2015-12-18,jepx-top8avg-system,jp,11.62875,https://www.jepx.jp/_download.php?dir=spot_summary&file=spot_summary_2015.csv
2015-12-19,jepx-top8avg-system,jp,8.7925,https://www.jepx.jp/_download.php?dir=spot_summary&file=spot_summary_2015.csv
2015-12-20,jepx-top8avg-system,jp,9.0225,https://www.jepx.jp/_download.php?dir=spot_summary&file=spot_summary_2015.csv
2015-12-21,jepx-top8avg-system,jp,11.44625,https://www.jepx.jp/_download.php?dir=spot_summary&file=spot_summary_2015.csv
2015-12-22,jepx-top8avg-system,jp,11.21375,https://www.jepx.jp/_download.php?dir=spot_summary&file=spot_summary_2015.csv
2015-12-23,jepx-top8avg-system,jp,9.46625,https://www.jepx.jp/_download.php?dir=spot_summary&file=spot_summary_2015.csv
2015-12-24,jepx-top8avg-system,jp,11.54,https://www.jepx.jp/_download.php?dir=spot_summary&file=spot_summary_2015.csv
2015-12-25,jepx-top8avg-system,jp,11.263750000000002,https://www.jepx.jp/_download.php?dir=spot_summary&file=spot_summary_2015.csv
2015-12-26,jepx-top8avg-system,jp,9.85,https://www.jepx.jp/_download.php?dir=spot_summary&file=spot_summary_2015.csv
2015-12-27,jepx-top8avg-system,jp,9.83,https://www.jepx.jp/_download.php?dir=spot_summary&file=spot_summary_2015.csv
2015-12-28,jepx-top8avg-system,jp,10.946250000000001,https://www.jepx.jp/_download.php?dir=spot_summary&file=spot_summary_2015.csv
2015-12-29,jepx-top8avg-system,jp,9.55375,https://www.jepx.jp/_download.php?dir=spot_summary&file=spot_summary_2015.csv
2015-12-30,jepx-top8avg-system,jp,9.025,https://www.jepx.jp/_download.php?dir=spot_summary&file=spot_summary_2015.csv
2015-12-31,jepx-top8avg-system,jp,8.80125,https://www.jepx.jp/_download.php?dir=spot_summary&file=spot_summary_2015.csv
2016-01-01,jepx-top8avg-system,jp,7.7775,https://www.jepx.jp/_download.php?dir=spot_summary&file=spot_summary_2015.csv
2016-01-02,jepx-top8avg-system,jp,8.30875,https://www.jepx.jp/_download.php?dir=spot_summary&file=spot_summary_2015.csv
2016-01-03,jepx-top8avg-system,jp,8.7425,https://www.jepx.jp/_download.php?dir=spot_summary&file=spot_summary_2015.csv
2016-01-04,jepx-top8avg-system,jp,11.06,https://www.jepx.jp/_download.php?dir=spot_summary&file=spot_summary_2015.csv
2016-01-05,jepx-top8avg-system,jp,10.91375,https://www.jepx.jp/_download.php?dir=spot_summary&file=spot_summary_2015.csv
2016-01-06,jepx-top8avg-system,jp,10.4875,https://www.jepx.jp/_download.php?dir=spot_summary&file=spot_summary_2015.csv
2016-01-07,jepx-top8avg-system,jp,10.95,https://www.jepx.jp/_download.php?dir=spot_summary&file=spot_summary_2015.csv
2016-01-08,jepx-top8avg-system,jp,11.93,https://www.jepx.jp/_download.php?dir=spot_summary&file=spot_summary_2015.csv
2016-01-09,jepx-top8avg-system,jp,8.8825,https://www.jepx.jp/_download.php?dir=spot_summary&file=spot_summary_2015.csv
2016-01-10,jepx-top8avg-system,jp,9.145,https://www.jepx.jp/_download.php?dir=spot_summary&file=spot_summary_2015.csv
2016-01-11,jepx-top8avg-system,jp,9.901250000000001,https://www.jepx.jp/_download.php?dir=spot_summary&file=spot_summary_2015.csv
2016-01-12,jepx-top8avg-system,jp,11.91,https://www.jepx.jp/_download.php?dir=spot_summary&file=spot_summary_2015.csv
2016-01-13,jepx-top8avg-system,jp,11.91,https://www.jepx.jp/_download.php?dir=spot_summary&file=spot_summary_2015.csv
2016-01-14,jepx-top8avg-system,jp,11.512500000000001,https://www.jepx.jp/_download.php?dir=spot_summary&file=spot_summary_2015.csv
2016-01-15,jepx-top8avg-system,jp,12.215,https://www.jepx.jp/_download.php?dir=spot_summary&file=spot_summary_2015.csv
2016-01-16,jepx-top8avg-system,jp,9.70875,https://www.jepx.jp/_download.php?dir=spot_summary&file=spot_summary_2015.csv
2016-01-17,jepx-top8avg-system,jp,8.33625,https://www.jepx.jp/_download.php?dir=spot_summary&file=spot_summary_2015.csv
2016-01-18,jepx-top8avg-system,jp,13.9925,https://www.jepx.jp/_download.php?dir=spot_summary&file=spot_summary_2015.csv
2016-01-19,jepx-top8avg-system,jp,11.77125,https://www.jepx.jp/_download.php?dir=spot_summary&file=spot_summary_2015.csv
2016-01-20,jepx-top8avg-system,jp,12.313749999999999,https://www.jepx.jp/_download.php?dir=spot_summary&file=spot_summary_2015.csv
2016-01-21,jepx-top8avg-system,jp,12.11375,https://www.jepx.jp/_download.php?dir=spot_summary&file=spot_summary_2015.csv
2016-01-22,jepx-top8avg-system,jp,11.537500000000001,https://www.jepx.jp/_download.php?dir=spot_summary&file=spot_summary_2015.csv
2016-01-23,jepx-top8avg-system,jp,11.55375,https://www.jepx.jp/_download.php?dir=spot_summary&file=spot_summary_2015.csv
2016-01-24,jepx-top8avg-system,jp,10.255,https://www.jepx.jp/_download.php?dir=spot_summary&file=spot_summary_2015.csv
2016-01-25,jepx-top8avg-system,jp,34.462500000000006,https://www.jepx.jp/_download.php?dir=spot_summary&file=spot_summary_2015.csv
2016-01-26,jepx-top8avg-system,jp,14.522499999999999,https://www.jepx.jp/_download.php?dir=spot_summary&file=spot_summary_2015.csv
2016-01-27,jepx-top8avg-system,jp,11.391250000000001,https://www.jepx.jp/_download.php?dir=spot_summary&file=spot_summary_2015.csv
2016-01-28,jepx-top8avg-system,jp,11.13,https://www.jepx.jp/_download.php?dir=spot_summary&file=spot_summary_2015.csv
2016-01-29,jepx-top8avg-system,jp,14.4025,https://www.jepx.jp/_download.php?dir=spot_summary&file=spot_summary_2015.csv
2016-01-30,jepx-top8avg-system,jp,9.26375,https://www.jepx.jp/_download.php?dir=spot_summary&file=spot_summary_2015.csv
2016-01-31,jepx-top8avg-system,jp,7.87125,https://www.jepx.jp/_download.php?dir=spot_summary&file=spot_summary_2015.csv
2016-02-01,jepx-top8avg-system,jp,10.34,https://www.jepx.jp/_download.php?dir=spot_summary&file=spot_summary_2015.csv
2016-02-02,jepx-top8avg-system,jp,10.5,https://www.jepx.jp/_download.php?dir=spot_summary&file=spot_summary_2015.csv
2016-02-03,jepx-top8avg-system,jp,10.5375,https://www.jepx.jp/_download.php?dir=spot_summary&file=spot_summary_2015.csv
2016-02-04,jepx-top8avg-system,jp,10.44625,https://www.jepx.jp/_download.php?dir=spot_summary&file=spot_summary_2015.csv
2016-02-05,jepx-top8avg-system,jp,9.7975,https://www.jepx.jp/_download.php?dir=spot_summary&file=spot_summary_2015.csv
2016-02-06,jepx-top8avg-system,jp,8.08125,https://www.jepx.jp/_download.php?dir=spot_summary&file=spot_summary_2015.csv
2016-02-07,jepx-top8avg-system,jp,8.9925,https://www.jepx.jp/_download.php?dir=spot_summary&file=spot_summary_2015.csv
2016-02-08,jepx-top8avg-system,jp,10.606250000000001,https://www.jepx.jp/_download.php?dir=spot_summary&file=spot_summary_2015.csv
2016-02-09,jepx-top8avg-system,jp,10.93375,https://www.jepx.jp/_download.php?dir=spot_summary&file=spot_summary_2015.csv
2016-02-10,jepx-top8avg-system,jp,10.595,https://www.jepx.jp/_download.php?dir=spot_summary&file=spot_summary_2015.csv
2016-02-11,jepx-top8avg-system,jp,8.7325,https://www.jepx.jp/_download.php?dir=spot_summary&file=spot_summary_2015.csv
2016-02-12,jepx-top8avg-system,jp,9.80125,https://www.jepx.jp/_download.php?dir=spot_summary&file=spot_summary_2015.csv
2016-02-13,jepx-top8avg-system,jp,7.9225,https://www.jepx.jp/_download.php?dir=spot_summary&file=spot_summary_2015.csv
2016-02-14,jepx-top8avg-system,jp,7.33375,https://www.jepx.jp/_download.php?dir=spot_summary&file=spot_summary_2015.csv
2016-02-15,jepx-top8avg-system,jp,11.43,https://www.jepx.jp/_download.php?dir=spot_summary&file=spot_summary_2015.csv
2016-02-16,jepx-top8avg-system,jp,11.173749999999998,https://www.jepx.jp/_download.php?dir=spot_summary&file=spot_summary_2015.csv
2016-02-17,jepx-top8avg-system,jp,10.21875,https://www.jepx.jp/_download.php?dir=spot_summary&file=spot_summary_2015.csv
2016-02-18,jepx-top8avg-system,jp,10.64875,https://www.jepx.jp/_download.php?dir=spot_summary&file=spot_summary_2015.csv
2016-02-19,jepx-top8avg-system,jp,10.49625,https://www.jepx.jp/_download.php?dir=spot_summary&file=spot_summary_2015.csv
2016-02-20,jepx-top8avg-system,jp,8.40375,https://www.jepx.jp/_download.php?dir=spot_summary&file=spot_summary_2015.csv
2016-02-21,jepx-top8avg-system,jp,8.02625,https://www.jepx.jp/_download.php?dir=spot_summary&file=spot_summary_2015.csv
2016-02-22,jepx-top8avg-system,jp,10.33125,https://www.jepx.jp/_download.php?dir=spot_summary&file=spot_summary_2015.csv
2016-02-23,jepx-top8avg-system,jp,9.6325,https://www.jepx.jp/_download.php?dir=spot_summary&file=spot_summary_2015.csv
2016-02-24,jepx-top8avg-system,jp,9.651250000000001,https://www.jepx.jp/_download.php?dir=spot_summary&file=spot_summary_2015.csv
2016-02-25,jepx-top8avg-system,jp,10.7625,https://www.jepx.jp/_download.php?dir=spot_summary&file=spot_summary_2015.csv
2016-02-26,jepx-top8avg-system,jp,10.77125,https://www.jepx.jp/_download.php?dir=spot_summary&file=spot_summary_2015.csv
2016-02-27,jepx-top8avg-system,jp,8.06125,https://www.jepx.jp/_download.php?dir=spot_summary&file=spot_summary_2015.csv
2016-02-28,jepx-top8avg-system,jp,7.811249999999999,https://www.jepx.jp/_download.php?dir=spot_summary&file=spot_summary_2015.csv
2016-02-29,jepx-top8avg-system,jp,10.71875,https://www.jepx.jp/_download.php?dir=spot_summary&file=spot_summary_2015.csv
2016-03-01,jepx-top8avg-system,jp,11.256250000000001,https://www.jepx.jp/_download.php?dir=spot_summary&file=spot_summary_2015.csv
2016-03-02,jepx-top8avg-system,jp,10.850000000000001,https://www.jepx.jp/_download.php?dir=spot_summary&file=spot_summary_2015.csv
2016-03-03,jepx-top8avg-system,jp,9.6675,https://www.jepx.jp/_download.php?dir=spot_summary&file=spot_summary_2015.csv
2016-03-04,jepx-top8avg-system,jp,9.399999999999999,https://www.jepx.jp/_download.php?dir=spot_summary&file=spot_summary_2015.csv
2016-03-05,jepx-top8avg-system,jp,6.985,https://www.jepx.jp/_download.php?dir=spot_summary&file=spot_summary_2015.csv
2016-03-06,jepx-top8avg-system,jp,6.82625,https://www.jepx.jp/_download.php?dir=spot_summary&file=spot_summary_2015.csv
2016-03-07,jepx-top8avg-system,jp,8.0475,https://www.jepx.jp/_download.php?dir=spot_summary&file=spot_summary_2015.csv
2016-03-08,jepx-top8avg-system,jp,7.672499999999999,https://www.jepx.jp/_download.php?dir=spot_summary&file=spot_summary_2015.csv
2016-03-09,jepx-top8avg-system,jp,10.286249999999999,https://www.jepx.jp/_download.php?dir=spot_summary&file=spot_summary_2015.csv
2016-03-10,jepx-top8avg-system,jp,10.057500000000001,https://www.jepx.jp/_download.php?dir=spot_summary&file=spot_summary_2015.csv
2016-03-11,jepx-top8avg-system,jp,10.4175,https://www.jepx.jp/_download.php?dir=spot_summary&file=spot_summary_2015.csv
2016-03-12,jepx-top8avg-system,jp,7.6075,https://www.jepx.jp/_download.php?dir=spot_summary&file=spot_summary_2015.csv
2016-03-13,jepx-top8avg-system,jp,7.518750000000001,https://www.jepx.jp/_download.php?dir=spot_summary&file=spot_summary_2015.csv
2016-03-14,jepx-top8avg-system,jp,10.428749999999999,https://www.jepx.jp/_download.php?dir=spot_summary&file=spot_summary_2015.csv
2016-03-15,jepx-top8avg-system,jp,8.3875,https://www.jepx.jp/_download.php?dir=spot_summary&file=spot_summary_2015.csv
2016-03-16,jepx-top8avg-system,jp,9.024999999999999,https://www.jepx.jp/_download.php?dir=spot_summary&file=spot_summary_2015.csv
2016-03-17,jepx-top8avg-system,jp,8.033750000000001,https://www.jepx.jp/_download.php?dir=spot_summary&file=spot_summary_2015.csv
2016-03-18,jepx-top8avg-system,jp,8.335,https://www.jepx.jp/_download.php?dir=spot_summary&file=spot_summary_2015.csv
2016-03-19,jepx-top8avg-system,jp,7.6225000000000005,https://www.jepx.jp/_download.php?dir=spot_summary&file=spot_summary_2015.csv
2016-03-20,jepx-top8avg-system,jp,7.66625,https://www.jepx.jp/_download.php?dir=spot_summary&file=spot_summary_2015.csv
2016-03-21,jepx-top8avg-system,jp,8.05125,https://www.jepx.jp/_download.php?dir=spot_summary&file=spot_summary_2015.csv
2016-03-22,jepx-top8avg-system,jp,8.23375,https://www.jepx.jp/_download.php?dir=spot_summary&file=spot_summary_2015.csv
2016-03-23,jepx-top8avg-system,jp,7.84375,https://www.jepx.jp/_download.php?dir=spot_summary&file=spot_summary_2015.csv
2016-03-24,jepx-top8avg-system,jp,8.875,https://www.jepx.jp/_download.php?dir=spot_summary&file=spot_summary_2015.csv
2016-03-25,jepx-top8avg-system,jp,8.4525,https://www.jepx.jp/_download.php?dir=spot_summary&file=spot_summary_2015.csv
2016-03-26,jepx-top8avg-system,jp,7.63625,https://www.jepx.jp/_download.php?dir=spot_summary&file=spot_summary_2015.csv
2016-03-27,jepx-top8avg-system,jp,7.645,https://www.jepx.jp/_download.php?dir=spot_summary&file=spot_summary_2015.csv
2016-03-28,jepx-top8avg-system,jp,8.75875,https://www.jepx.jp/_download.php?dir=spot_summary&file=spot_summary_2015.csv
2016-03-29,jepx-top8avg-system,jp,7.70875,https://www.jepx.jp/_download.php?dir=spot_summary&file=spot_summary_2015.csv
2016-03-30,jepx-top8avg-system,jp,7.51125,https://www.jepx.jp/_download.php?dir=spot_summary&file=spot_summary_2015.csv
2016-03-31,jepx-top8avg-system,jp,7.71,https://www.jepx.jp/_download.php?dir=spot_summary&file=spot_summary_2015.csv
2016-04-01,jepx-top8avg-system,jp,8.705,https://www.jepx.jp/_download.php?dir=spot_summary&file=spot_summary_2016.csv
2016-04-02,jepx-top8avg-system,jp,7.6025,https://www.jepx.jp/_download.php?dir=spot_summary&file=spot_summary_2016.csv
2016-04-03,jepx-top8avg-system,jp,7.0525,https://www.jepx.jp/_download.php?dir=spot_summary&file=spot_summary_2016.csv
2016-04-04,jepx-top8avg-system,jp,10.204999999999998,https://www.jepx.jp/_download.php?dir=spot_summary&file=spot_summary_2016.csv
2016-04-05,jepx-top8avg-system,jp,8.30875,https://www.jepx.jp/_download.php?dir=spot_summary&file=spot_summary_2016.csv
2016-04-06,jepx-top8avg-system,jp,7.70875,https://www.jepx.jp/_download.php?dir=spot_summary&file=spot_summary_2016.csv
2016-04-07,jepx-top8avg-system,jp,11.057500000000001,https://www.jepx.jp/_download.php?dir=spot_summary&file=spot_summary_2016.csv
2016-04-08,jepx-top8avg-system,jp,7.6537500000000005,https://www.jepx.jp/_download.php?dir=spot_summary&file=spot_summary_2016.csv
2016-04-09,jepx-top8avg-system,jp,7.102499999999999,https://www.jepx.jp/_download.php?dir=spot_summary&file=spot_summary_2016.csv
2016-04-10,jepx-top8avg-system,jp,7.4087499999999995,https://www.jepx.jp/_download.php?dir=spot_summary&file=spot_summary_2016.csv
2016-04-11,jepx-top8avg-system,jp,7.8237499999999995,https://www.jepx.jp/_download.php?dir=spot_summary&file=spot_summary_2016.csv
2016-04-12,jepx-top8avg-system,jp,8.05875,https://www.jepx.jp/_download.php?dir=spot_summary&file=spot_summary_2016.csv
2016-04-13,jepx-top8avg-system,jp,10.18,https://www.jepx.jp/_download.php?dir=spot_summary&file=spot_summary_2016.csv
2016-04-14,jepx-top8avg-system,jp,8.74125,https://www.jepx.jp/_download.php?dir=spot_summary&file=spot_summary_2016.csv
2016-04-15,jepx-top8avg-system,jp,8.373750000000001,https://www.jepx.jp/_download.php?dir=spot_summary&file=spot_summary_2016.csv
2016-04-16,jepx-top8avg-system,jp,6.51125,https://www.jepx.jp/_download.php?dir=spot_summary&file=spot_summary_2016.csv
2016-04-17,jepx-top8avg-system,jp,6.95875,https://www.jepx.jp/_download.php?dir=spot_summary&file=spot_summary_2016.csv
2016-04-18,jepx-top8avg-system,jp,9.1975,https://www.jepx.jp/_download.php?dir=spot_summary&file=spot_summary_2016.csv
2016-04-19,jepx-top8avg-system,jp,8.473749999999999,https://www.jepx.jp/_download.php?dir=spot_summary&file=spot_summary_2016.csv
2016-04-20,jepx-top8avg-system,jp,8.21125,https://www.jepx.jp/_download.php?dir=spot_summary&file=spot_summary_2016.csv
2016-04-21,jepx-top8avg-system,jp,10.23875,https://www.jepx.jp/_download.php?dir=spot_summary&file=spot_summary_2016.csv
2016-04-22,jepx-top8avg-system,jp,8.233749999999999,https://www.jepx.jp/_download.php?dir=spot_summary&file=spot_summary_2016.csv
2016-04-23,jepx-top8avg-system,jp,6.6775,https://www.jepx.jp/_download.php?dir=spot_summary&file=spot_summary_2016.csv
2016-04-24,jepx-top8avg-system,jp,6.57875,https://www.jepx.jp/_download.php?dir=spot_summary&file=spot_summary_2016.csv
2016-04-25,jepx-top8avg-system,jp,9.3125,https://www.jepx.jp/_download.php?dir=spot_summary&file=spot_summary_2016.csv
2016-04-26,jepx-top8avg-system,jp,9.14875,https://www.jepx.jp/_download.php?dir=spot_summary&file=spot_summary_2016.csv
2016-04-27,jepx-top8avg-system,jp,11.76,https://www.jepx.jp/_download.php?dir=spot_summary&file=spot_summary_2016.csv
2016-04-28,jepx-top8avg-system,jp,11.76,https://www.jepx.jp/_download.php?dir=spot_summary&file=spot_summary_2016.csv
2016-04-29,jepx-top8avg-system,jp,7.7524999999999995,https://www.jepx.jp/_download.php?dir=spot_summary&file=spot_summary_2016.csv
2016-04-30,jepx-top8avg-system,jp,7.7875,https://www.jepx.jp/_download.php?dir=spot_summary&file=spot_summary_2016.csv
2016-05-01,jepx-top8avg-system,jp,8.254999999999999,https://www.jepx.jp/_download.php?dir=spot_summary&file=spot_summary_2016.csv
2016-05-02,jepx-top8avg-system,jp,10.47625,https://www.jepx.jp/_download.php?dir=spot_summary&file=spot_summary_2016.csv
2016-05-03,jepx-top8avg-system,jp,8.38375,https://www.jepx.jp/_download.php?dir=spot_summary&file=spot_summary_2016.csv
2016-05-04,jepx-top8avg-system,jp,7.702500000000001,https://www.jepx.jp/_download.php?dir=spot_summary&file=spot_summary_2016.csv
2016-05-05,jepx-top8avg-system,jp,7.80125,https://www.jepx.jp/_download.php?dir=spot_summary&file=spot_summary_2016.csv
2016-05-06,jepx-top8avg-system,jp,11.29,https://www.jepx.jp/_download.php?dir=spot_summary&file=spot_summary_2016.csv
2016-05-07,jepx-top8avg-system,jp,8.35875,https://www.jepx.jp/_download.php?dir=spot_summary&file=spot_summary_2016.csv
2016-05-08,jepx-top8avg-system,jp,6.6325,https://www.jepx.jp/_download.php?dir=spot_summary&file=spot_summary_2016.csv
2016-05-09,jepx-top8avg-system,jp,10.15375,https://www.jepx.jp/_download.php?dir=spot_summary&file=spot_summary_2016.csv
2016-05-10,jepx-top8avg-system,jp,10.6375,https://www.jepx.jp/_download.php?dir=spot_summary&file=spot_summary_2016.csv
2016-05-11,jepx-top8avg-system,jp,10.127500000000001,https://www.jepx.jp/_download.php?dir=spot_summary&file=spot_summary_2016.csv
2016-05-12,jepx-top8avg-system,jp,9.01875,https://www.jepx.jp/_download.php?dir=spot_summary&file=spot_summary_2016.csv
2016-05-13,jepx-top8avg-system,jp,9.45125,https://www.jepx.jp/_download.php?dir=spot_summary&file=spot_summary_2016.csv
2016-05-14,jepx-top8avg-system,jp,6.671250000000001,https://www.jepx.jp/_download.php?dir=spot_summary&file=spot_summary_2016.csv
2016-05-15,jepx-top8avg-system,jp,6.64625,https://www.jepx.jp/_download.php?dir=spot_summary&file=spot_summary_2016.csv
2016-05-16,jepx-top8avg-system,jp,11.88,https://www.jepx.jp/_download.php?dir=spot_summary&file=spot_summary_2016.csv
2016-05-17,jepx-top8avg-system,jp,9.098749999999999,https://www.jepx.jp/_download.php?dir=spot_summary&file=spot_summary_2016.csv
2016-05-18,jepx-top8avg-system,jp,9.09,https://www.jepx.jp/_download.php?dir=spot_summary&file=spot_summary_2016.csv
2016-05-19,jepx-top8avg-system,jp,9.31875,https://www.jepx.jp/_download.php?dir=spot_summary&file=spot_summary_2016.csv
2016-05-20,jepx-top8avg-system,jp,9.5075,https://www.jepx.jp/_download.php?dir=spot_summary&file=spot_summary_2016.csv
2016-05-21,jepx-top8avg-system,jp,6.585,https://www.jepx.jp/_download.php?dir=spot_summary&file=spot_summary_2016.csv
2016-05-22,jepx-top8avg-system,jp,6.925000000000001,https://www.jepx.jp/_download.php?dir=spot_summary&file=spot_summary_2016.csv
2016-05-23,jepx-top8avg-system,jp,11.2725,https://www.jepx.jp/_download.php?dir=spot_summary&file=spot_summary_2016.csv
2016-05-24,jepx-top8avg-system,jp,12.3,https://www.jepx.jp/_download.php?dir=spot_summary&file=spot_summary_2016.csv
2016-05-25,jepx-top8avg-system,jp,11.642499999999998,https://www.jepx.jp/_download.php?dir=spot_summary&file=spot_summary_2016.csv
2016-05-26,jepx-top8avg-system,jp,16.26375,https://www.jepx.jp/_download.php?dir=spot_summary&file=spot_summary_2016.csv
2016-05-27,jepx-top8avg-system,jp,9.26,https://www.jepx.jp/_download.php?dir=spot_summary&file=spot_summary_2016.csv
2016-05-28,jepx-top8avg-system,jp,8.2,https://www.jepx.jp/_download.php?dir=spot_summary&file=spot_summary_2016.csv
2016-05-29,jepx-top8avg-system,jp,8.35625,https://www.jepx.jp/_download.php?dir=spot_summary&file=spot_summary_2016.csv
2016-05-30,jepx-top8avg-system,jp,10.505,https://www.jepx.jp/_download.php?dir=spot_summary&file=spot_summary_2016.csv
2016-05-31,jepx-top8avg-system,jp,11.973749999999999,https://www.jepx.jp/_download.php?dir=spot_summary&file=spot_summary_2016.csv
2016-06-01,jepx-top8avg-system,jp,12.33,https://www.jepx.jp/_download.php?dir=spot_summary&file=spot_summary_2016.csv
2016-06-02,jepx-top8avg-system,jp,11.34375,https://www.jepx.jp/_download.php?dir=spot_summary&file=spot_summary_2016.csv
2016-06-03,jepx-top8avg-system,jp,11.28,https://www.jepx.jp/_download.php?dir=spot_summary&file=spot_summary_2016.csv
2016-06-04,jepx-top8avg-system,jp,7.45,https://www.jepx.jp/_download.php?dir=spot_summary&file=spot_summary_2016.csv
2016-06-05,jepx-top8avg-system,jp,7.5475,https://www.jepx.jp/_download.php?dir=spot_summary&file=spot_summary_2016.csv
2016-06-06,jepx-top8avg-system,jp,12.82875,https://www.jepx.jp/_download.php?dir=spot_summary&file=spot_summary_2016.csv
2016-06-07,jepx-top8avg-system,jp,11.36125,https://www.jepx.jp/_download.php?dir=spot_summary&file=spot_summary_2016.csv
2016-06-08,jepx-top8avg-system,jp,13.776250000000001,https://www.jepx.jp/_download.php?dir=spot_summary&file=spot_summary_2016.csv
2016-06-09,jepx-top8avg-system,jp,12.82875,https://www.jepx.jp/_download.php?dir=spot_summary&file=spot_summary_2016.csv
2016-06-10,jepx-top8avg-system,jp,11.26125,https://www.jepx.jp/_download.php?dir=spot_summary&file=spot_summary_2016.csv
2016-06-11,jepx-top8avg-system,jp,8.16,https://www.jepx.jp/_download.php?dir=spot_summary&file=spot_summary_2016.csv
2016-06-12,jepx-top8avg-system,jp,8.21875,https://www.jepx.jp/_download.php?dir=spot_summary&file=spot_summary_2016.csv
2016-06-13,jepx-top8avg-system,jp,13.536249999999999,https://www.jepx.jp/_download.php?dir=spot_summary&file=spot_summary_2016.csv
2016-06-14,jepx-top8avg-system,jp,11.28125,https://www.jepx.jp/_download.php?dir=spot_summary&file=spot_summary_2016.csv
2016-06-15,jepx-top8avg-system,jp,13.19125,https://www.jepx.jp/_download.php?dir=spot_summary&file=spot_summary_2016.csv
2016-06-16,jepx-top8avg-system,jp,15.2075,https://www.jepx.jp/_download.php?dir=spot_summary&file=spot_summary_2016.csv
2016-06-17,jepx-top8avg-system,jp,19.02875,https://www.jepx.jp/_download.php?dir=spot_summary&file=spot_summary_2016.csv
2016-06-18,jepx-top8avg-system,jp,8.815000000000001,https://www.jepx.jp/_download.php?dir=spot_summary&file=spot_summary_2016.csv
2016-06-19,jepx-top8avg-system,jp,8.709999999999999,https://www.jepx.jp/_download.php?dir=spot_summary&file=spot_summary_2016.csv
2016-06-20,jepx-top8avg-system,jp,18.778750000000002,https://www.jepx.jp/_download.php?dir=spot_summary&file=spot_summary_2016.csv
2016-06-21,jepx-top8avg-system,jp,16.125,https://www.jepx.jp/_download.php?dir=spot_summary&file=spot_summary_2016.csv
2016-06-22,jepx-top8avg-system,jp,13.50875,https://www.jepx.jp/_download.php?dir=spot_summary&file=spot_summary_2016.csv
2016-06-23,jepx-top8avg-system,jp,15.786249999999999,https://www.jepx.jp/_download.php?dir=spot_summary&file=spot_summary_2016.csv
2016-06-24,jepx-top8avg-system,jp,12.31875,https://www.jepx.jp/_download.php?dir=spot_summary&file=spot_summary_2016.csv
2016-06-25,jepx-top8avg-system,jp,8.625,https://www.jepx.jp/_download.php?dir=spot_summary&file=spot_summary_2016.csv
2016-06-26,jepx-top8avg-system,jp,8.5975,https://www.jepx.jp/_download.php?dir=spot_summary&file=spot_summary_2016.csv
2016-06-27,jepx-top8avg-system,jp,13.37125,https://www.jepx.jp/_download.php?dir=spot_summary&file=spot_summary_2016.csv
2016-06-28,jepx-top8avg-system,jp,11.355,https://www.jepx.jp/_download.php?dir=spot_summary&file=spot_summary_2016.csv
2016-06-29,jepx-top8avg-system,jp,11.455,https://www.jepx.jp/_download.php?dir=spot_summary&file=spot_summary_2016.csv
2016-06-30,jepx-top8avg-system,jp,11.28,https://www.jepx.jp/_download.php?dir=spot_summary&file=spot_summary_2016.csv
2016-07-01,jepx-top8avg-system,jp,11.432500000000001,https://www.jepx.jp/_download.php?dir=spot_summary&file=spot_summary_2016.csv
2016-07-02,jepx-top8avg-system,jp,7.7524999999999995,https://www.jepx.jp/_download.php?dir=spot_summary&file=spot_summary_2016.csv
2016-07-03,jepx-top8avg-system,jp,9.1675,https://www.jepx.jp/_download.php?dir=spot_summary&file=spot_summary_2016.csv
2016-07-04,jepx-top8avg-system,jp,17.88625,https://www.jepx.jp/_download.php?dir=spot_summary&file=spot_summary_2016.csv
2016-07-05,jepx-top8avg-system,jp,19.9525,https://www.jepx.jp/_download.php?dir=spot_summary&file=spot_summary_2016.csv
2016-07-06,jepx-top8avg-system,jp,16.605,https://www.jepx.jp/_download.php?dir=spot_summary&file=spot_summary_2016.csv
2016-07-07,jepx-top8avg-system,jp,23.606250000000003,https://www.jepx.jp/_download.php?dir=spot_summary&file=spot_summary_2016.csv
2016-07-08,jepx-top8avg-system,jp,18.60125,https://www.jepx.jp/_download.php?dir=spot_summary&file=spot_summary_2016.csv
2016-07-09,jepx-top8avg-system,jp,9.51625,https://www.jepx.jp/_download.php?dir=spot_summary&file=spot_summary_2016.csv
2016-07-10,jepx-top8avg-system,jp,8.89625,https://www.jepx.jp/_download.php?dir=spot_summary&file=spot_summary_2016.csv
2016-07-11,jepx-top8avg-system,jp,14.841249999999999,https://www.jepx.jp/_download.php?dir=spot_summary&file=spot_summary_2016.csv
2016-07-12,jepx-top8avg-system,jp,14.375,https://www.jepx.jp/_download.php?dir=spot_summary&file=spot_summary_2016.csv
2016-07-13,jepx-top8avg-system,jp,16.396250000000002,https://www.jepx.jp/_download.php?dir=spot_summary&file=spot_summary_2016.csv
2016-07-14,jepx-top8avg-system,jp,18.056250000000002,https://www.jepx.jp/_download.php?dir=spot_summary&file=spot_summary_2016.csv
2016-07-15,jepx-top8avg-system,jp,12.153749999999999,https://www.jepx.jp/_download.php?dir=spot_summary&file=spot_summary_2016.csv
2016-07-16,jepx-top8avg-system,jp,7.385,https://www.jepx.jp/_download.php?dir=spot_summary&file=spot_summary_2016.csv
2016-07-17,jepx-top8avg-system,jp,8.21375,https://www.jepx.jp/_download.php?dir=spot_summary&file=spot_summary_2016.csv
2016-07-18,jepx-top8avg-system,jp,9.721250000000001,https://www.jepx.jp/_download.php?dir=spot_summary&file=spot_summary_2016.csv
2016-07-19,jepx-top8avg-system,jp,11.912500000000001,https://www.jepx.jp/_download.php?dir=spot_summary&file=spot_summary_2016.csv
2016-07-20,jepx-top8avg-system,jp,12.7625,https://www.jepx.jp/_download.php?dir=spot_summary&file=spot_summary_2016.csv
2016-07-21,jepx-top8avg-system,jp,15.2275,https://www.jepx.jp/_download.php?dir=spot_summary&file=spot_summary_2016.csv
2016-07-22,jepx-top8avg-system,jp,12.035,https://www.jepx.jp/_download.php?dir=spot_summary&file=spot_summary_2016.csv
2016-07-23,jepx-top8avg-system,jp,6.49,https://www.jepx.jp/_download.php?dir=spot_summary&file=spot_summary_2016.csv
2016-07-24,jepx-top8avg-system,jp,7.3075,https://www.jepx.jp/_download.php?dir=spot_summary&file=spot_summary_2016.csv
2016-07-25,jepx-top8avg-system,jp,12.70875,https://www.jepx.jp/_download.php?dir=spot_summary&file=spot_summary_2016.csv
2016-07-26,jepx-top8avg-system,jp,11.58,https://www.jepx.jp/_download.php?dir=spot_summary&file=spot_summary_2016.csv
2016-07-27,jepx-top8avg-system,jp,12.5575,https://www.jepx.jp/_download.php?dir=spot_summary&file=spot_summary_2016.csv
2016-07-28,jepx-top8avg-system,jp,14.815,https://www.jepx.jp/_download.php?dir=spot_summary&file=spot_summary_2016.csv
2016-07-29,jepx-top8avg-system,jp,13.07,https://www.jepx.jp/_download.php?dir=spot_summary&file=spot_summary_2016.csv
2016-07-30,jepx-top8avg-system,jp,9.4525,https://www.jepx.jp/_download.php?dir=spot_summary&file=spot_summary_2016.csv
2016-07-31,jepx-top8avg-system,jp,7.75625,https://www.jepx.jp/_download.php?dir=spot_summary&file=spot_summary_2016.csv
2016-08-01,jepx-top8avg-system,jp,13.04,https://www.jepx.jp/_download.php?dir=spot_summary&file=spot_summary_2016.csv
2016-08-02,jepx-top8avg-system,jp,16.96125,https://www.jepx.jp/_download.php?dir=spot_summary&file=spot_summary_2016.csv
2016-08-03,jepx-top8avg-system,jp,16.40625,https://www.jepx.jp/_download.php?dir=spot_summary&file=spot_summary_2016.csv
2016-08-04,jepx-top8avg-system,jp,17.49125,https://www.jepx.jp/_download.php?dir=spot_summary&file=spot_summary_2016.csv
2016-08-05,jepx-top8avg-system,jp,17.23125,https://www.jepx.jp/_download.php?dir=spot_summary&file=spot_summary_2016.csv
2016-08-06,jepx-top8avg-system,jp,10.661249999999999,https://www.jepx.jp/_download.php?dir=spot_summary&file=spot_summary_2016.csv
2016-08-07,jepx-top8avg-system,jp,7.6175,https://www.jepx.jp/_download.php?dir=spot_summary&file=spot_summary_2016.csv
2016-08-08,jepx-top8avg-system,jp,27.07875,https://www.jepx.jp/_download.php?dir=spot_summary&file=spot_summary_2016.csv
2016-08-09,jepx-top8avg-system,jp,19.03125,https://www.jepx.jp/_download.php?dir=spot_summary&file=spot_summary_2016.csv
2016-08-10,jepx-top8avg-system,jp,21.97625,https://www.jepx.jp/_download.php?dir=spot_summary&file=spot_summary_2016.csv
2016-08-11,jepx-top8avg-system,jp,9.685,https://www.jepx.jp/_download.php?dir=spot_summary&file=spot_summary_2016.csv
2016-08-12,jepx-top8avg-system,jp,12.6325,https://www.jepx.jp/_download.php?dir=spot_summary&file=spot_summary_2016.csv
2016-08-13,jepx-top8avg-system,jp,9.4225,https://www.jepx.jp/_download.php?dir=spot_summary&file=spot_summary_2016.csv
2016-08-14,jepx-top8avg-system,jp,7.70125,https://www.jepx.jp/_download.php?dir=spot_summary&file=spot_summary_2016.csv
2016-08-15,jepx-top8avg-system,jp,9.7775,https://www.jepx.jp/_download.php?dir=spot_summary&file=spot_summary_2016.csv
2016-08-16,jepx-top8avg-system,jp,9.9675,https://www.jepx.jp/_download.php?dir=spot_summary&file=spot_summary_2016.csv
2016-08-17,jepx-top8avg-system,jp,12.337499999999999,https://www.jepx.jp/_download.php?dir=spot_summary&file=spot_summary_2016.csv
2016-08-18,jepx-top8avg-system,jp,17.0275,https://www.jepx.jp/_download.php?dir=spot_summary&file=spot_summary_2016.csv
2016-08-19,jepx-top8avg-system,jp,16.298750000000002,https://www.jepx.jp/_download.php?dir=spot_summary&file=spot_summary_2016.csv
2016-08-20,jepx-top8avg-system,jp,9.125,https://www.jepx.jp/_download.php?dir=spot_summary&file=spot_summary_2016.csv
2016-08-21,jepx-top8avg-system,jp,10.3325,https://www.jepx.jp/_download.php?dir=spot_summary&file=spot_summary_2016.csv
2016-08-22,jepx-top8avg-system,jp,22.262500000000003,https://www.jepx.jp/_download.php?dir=spot_summary&file=spot_summary_2016.csv
2016-08-23,jepx-top8avg-system,jp,17.01625,https://www.jepx.jp/_download.php?dir=spot_summary&file=spot_summary_2016.csv
2016-08-24,jepx-top8avg-system,jp,17.3775,https://www.jepx.jp/_download.php?dir=spot_summary&file=spot_summary_2016.csv
2016-08-25,jepx-top8avg-system,jp,15.690000000000001,https://www.jepx.jp/_download.php?dir=spot_summary&file=spot_summary_2016.csv
2016-08-26,jepx-top8avg-system,jp,17.85625,https://www.jepx.jp/_download.php?dir=spot_summary&file=spot_summary_2016.csv
2016-08-27,jepx-top8avg-system,jp,9.94625,https://www.jepx.jp/_download.php?dir=spot_summary&file=spot_summary_2016.csv
2016-08-28,jepx-top8avg-system,jp,7.0725,https://www.jepx.jp/_download.php?dir=spot_summary&file=spot_summary_2016.csv
2016-08-29,jepx-top8avg-system,jp,16.1625,https://www.jepx.jp/_download.php?dir=spot_summary&file=spot_summary_2016.csv
2016-08-30,jepx-top8avg-system,jp,12.67875,https://www.jepx.jp/_download.php?dir=spot_summary&file=spot_summary_2016.csv
2016-08-31,jepx-top8avg-system,jp,13.98375,https://www.jepx.jp/_download.php?dir=spot_summary&file=spot_summary_2016.csv
2016-09-01,jepx-top8avg-system,jp,15.28,https://www.jepx.jp/_download.php?dir=spot_summary&file=spot_summary_2016.csv
2016-09-02,jepx-top8avg-system,jp,14.63375,https://www.jepx.jp/_download.php?dir=spot_summary&file=spot_summary_2016.csv
2016-09-03,jepx-top8avg-system,jp,8.321250000000001,https://www.jepx.jp/_download.php?dir=spot_summary&file=spot_summary_2016.csv
2016-09-04,jepx-top8avg-system,jp,8.36625,https://www.jepx.jp/_download.php?dir=spot_summary&file=spot_summary_2016.csv
2016-09-05,jepx-top8avg-system,jp,15.825000000000001,https://www.jepx.jp/_download.php?dir=spot_summary&file=spot_summary_2016.csv
2016-09-06,jepx-top8avg-system,jp,15.327499999999999,https://www.jepx.jp/_download.php?dir=spot_summary&file=spot_summary_2016.csv
2016-09-07,jepx-top8avg-system,jp,16.43625,https://www.jepx.jp/_download.php?dir=spot_summary&file=spot_summary_2016.csv
2016-09-08,jepx-top8avg-system,jp,14.3825,https://www.jepx.jp/_download.php?dir=spot_summary&file=spot_summary_2016.csv
2016-09-09,jepx-top8avg-system,jp,15.42125,https://www.jepx.jp/_download.php?dir=spot_summary&file=spot_summary_2016.csv
2016-09-10,jepx-top8avg-system,jp,8.7775,https://www.jepx.jp/_download.php?dir=spot_summary&file=spot_summary_2016.csv
2016-09-11,jepx-top8avg-system,jp,7.9662500000000005,https://www.jepx.jp/_download.php?dir=spot_summary&file=spot_summary_2016.csv
2016-09-12,jepx-top8avg-system,jp,15.09,https://www.jepx.jp/_download.php?dir=spot_summary&file=spot_summary_2016.csv
2016-09-13,jepx-top8avg-system,jp,15.88125,https://www.jepx.jp/_download.php?dir=spot_summary&file=spot_summary_2016.csv
2016-09-14,jepx-top8avg-system,jp,14.35625,https://www.jepx.jp/_download.php?dir=spot_summary&file=spot_summary_2016.csv
2016-09-15,jepx-top8avg-system,jp,13.661249999999999,https://www.jepx.jp/_download.php?dir=spot_summary&file=spot_summary_2016.csv
2016-09-16,jepx-top8avg-system,jp,14.9475,https://www.jepx.jp/_download.php?dir=spot_summary&file=spot_summary_2016.csv
2016-09-17,jepx-top8avg-system,jp,9.2875,https://www.jepx.jp/_download.php?dir=spot_summary&file=spot_summary_2016.csv
2016-09-18,jepx-top8avg-system,jp,7.6475,https://www.jepx.jp/_download.php?dir=spot_summary&file=spot_summary_2016.csv
2016-09-19,jepx-top8avg-system,jp,9.61375,https://www.jepx.jp/_download.php?dir=spot_summary&file=spot_summary_2016.csv
2016-09-20,jepx-top8avg-system,jp,13.4175,https://www.jepx.jp/_download.php?dir=spot_summary&file=spot_summary_2016.csv
2016-09-21,jepx-top8avg-system,jp,12.5125,https://www.jepx.jp/_download.php?dir=spot_summary&file=spot_summary_2016.csv
2016-09-22,jepx-top8avg-system,jp,8.44625,https://www.jepx.jp/_download.php?dir=spot_summary&file=spot_summary_2016.csv
2016-09-23,jepx-top8avg-system,jp,13.376249999999999,https://www.jepx.jp/_download.php?dir=spot_summary&file=spot_summary_2016.csv
2016-09-24,jepx-top8avg-system,jp,8.216249999999999,https://www.jepx.jp/_download.php?dir=spot_summary&file=spot_summary_2016.csv
2016-09-25,jepx-top8avg-system,jp,7.92375,https://www.jepx.jp/_download.php?dir=spot_summary&file=spot_summary_2016.csv
2016-09-26,jepx-top8avg-system,jp,12.8875,https://www.jepx.jp/_download.php?dir=spot_summary&file=spot_summary_2016.csv
2016-09-27,jepx-top8avg-system,jp,14.248750000000001,https://www.jepx.jp/_download.php?dir=spot_summary&file=spot_summary_2016.csv
2016-09-28,jepx-top8avg-system,jp,13.835,https://www.jepx.jp/_download.php?dir=spot_summary&file=spot_summary_2016.csv
2016-09-29,jepx-top8avg-system,jp,10.79,https://www.jepx.jp/_download.php?dir=spot_summary&file=spot_summary_2016.csv
2016-09-30,jepx-top8avg-system,jp,11.21,https://www.jepx.jp/_download.php?dir=spot_summary&file=spot_summary_2016.csv
2016-10-01,jepx-top8avg-system,jp,8.93,https://www.jepx.jp/_download.php?dir=spot_summary&file=spot_summary_2016.csv
2016-10-02,jepx-top8avg-system,jp,8.61125,https://www.jepx.jp/_download.php?dir=spot_summary&file=spot_summary_2016.csv
2016-10-03,jepx-top8avg-system,jp,14.175,https://www.jepx.jp/_download.php?dir=spot_summary&file=spot_summary_2016.csv
2016-10-04,jepx-top8avg-system,jp,18.36625,https://www.jepx.jp/_download.php?dir=spot_summary&file=spot_summary_2016.csv
2016-10-05,jepx-top8avg-system,jp,11.94625,https://www.jepx.jp/_download.php?dir=spot_summary&file=spot_summary_2016.csv
2016-10-06,jepx-top8avg-system,jp,13.2175,https://www.jepx.jp/_download.php?dir=spot_summary&file=spot_summary_2016.csv
2016-10-07,jepx-top8avg-system,jp,10.44,https://www.jepx.jp/_download.php?dir=spot_summary&file=spot_summary_2016.csv
2016-10-08,jepx-top8avg-system,jp,10.6175,https://www.jepx.jp/_download.php?dir=spot_summary&file=spot_summary_2016.csv
2016-10-09,jepx-top8avg-system,jp,10.376249999999999,https://www.jepx.jp/_download.php?dir=spot_summary&file=spot_summary_2016.csv
2016-10-10,jepx-top8avg-system,jp,10.2275,https://www.jepx.jp/_download.php?dir=spot_summary&file=spot_summary_2016.csv
2016-10-11,jepx-top8avg-system,jp,11.67625,https://www.jepx.jp/_download.php?dir=spot_summary&file=spot_summary_2016.csv
2016-10-12,jepx-top8avg-system,jp,11.27875,https://www.jepx.jp/_download.php?dir=spot_summary&file=spot_summary_2016.csv
2016-10-13,jepx-top8avg-system,jp,11.22,https://www.jepx.jp/_download.php?dir=spot_summary&file=spot_summary_2016.csv
2016-10-14,jepx-top8avg-system,jp,9.94,https://www.jepx.jp/_download.php?dir=spot_summary&file=spot_summary_2016.csv
2016-10-15,jepx-top8avg-system,jp,7.901249999999999,https://www.jepx.jp/_download.php?dir=spot_summary&file=spot_summary_2016.csv
2016-10-16,jepx-top8avg-system,jp,7.739999999999999,https://www.jepx.jp/_download.php?dir=spot_summary&file=spot_summary_2016.csv
2016-10-17,jepx-top8avg-system,jp,10.9975,https://www.jepx.jp/_download.php?dir=spot_summary&file=spot_summary_2016.csv
2016-10-18,jepx-top8avg-system,jp,11.53125,https://www.jepx.jp/_download.php?dir=spot_summary&file=spot_summary_2016.csv
2016-10-19,jepx-top8avg-system,jp,11.3025,https://www.jepx.jp/_download.php?dir=spot_summary&file=spot_summary_2016.csv
2016-10-20,jepx-top8avg-system,jp,12.027500000000002,https://www.jepx.jp/_download.php?dir=spot_summary&file=spot_summary_2016.csv
2016-10-21,jepx-top8avg-system,jp,12.79875,https://www.jepx.jp/_download.php?dir=spot_summary&file=spot_summary_2016.csv
2016-10-22,jepx-top8avg-system,jp,9.07375,https://www.jepx.jp/_download.php?dir=spot_summary&file=spot_summary_2016.csv
2016-10-23,jepx-top8avg-system,jp,8.5,https://www.jepx.jp/_download.php?dir=spot_summary&file=spot_summary_2016.csv
2016-10-24,jepx-top8avg-system,jp,10.71,https://www.jepx.jp/_download.php?dir=spot_summary&file=spot_summary_2016.csv
2016-10-25,jepx-top8avg-system,jp,11.530000000000001,https://www.jepx.jp/_download.php?dir=spot_summary&file=spot_summary_2016.csv
2016-10-26,jepx-top8avg-system,jp,13.44875,https://www.jepx.jp/_download.php?dir=spot_summary&file=spot_summary_2016.csv
2016-10-27,jepx-top8avg-system,jp,11.09,https://www.jepx.jp/_download.php?dir=spot_summary&file=spot_summary_2016.csv
2016-10-28,jepx-top8avg-system,jp,10.537500000000001,https://www.jepx.jp/_download.php?dir=spot_summary&file=spot_summary_2016.csv
2016-10-29,jepx-top8avg-system,jp,7.74,https://www.jepx.jp/_download.php?dir=spot_summary&file=spot_summary_2016.csv
2016-10-30,jepx-top8avg-system,jp,7.51125,https://www.jepx.jp/_download.php?dir=spot_summary&file=spot_summary_2016.csv
2016-10-31,jepx-top8avg-system,jp,10.3125,https://www.jepx.jp/_download.php?dir=spot_summary&file=spot_summary_2016.csv
2016-11-01,jepx-top8avg-system,jp,10.988750000000001,https://www.jepx.jp/_download.php?dir=spot_summary&file=spot_summary_2016.csv
2016-11-02,jepx-top8avg-system,jp,11.388750000000002,https://www.jepx.jp/_download.php?dir=spot_summary&file=spot_summary_2016.csv
2016-11-03,jepx-top8avg-system,jp,10.3175,https://www.jepx.jp/_download.php?dir=spot_summary&file=spot_summary_2016.csv
2016-11-04,jepx-top8avg-system,jp,11.7675,https://www.jepx.jp/_download.php?dir=spot_summary&file=spot_summary_2016.csv
2016-11-05,jepx-top8avg-system,jp,9.16,https://www.jepx.jp/_download.php?dir=spot_summary&file=spot_summary_2016.csv
2016-11-06,jepx-top8avg-system,jp,10.004999999999999,https://www.jepx.jp/_download.php?dir=spot_summary&file=spot_summary_2016.csv
2016-11-07,jepx-top8avg-system,jp,12.37875,https://www.jepx.jp/_download.php?dir=spot_summary&file=spot_summary_2016.csv
2016-11-08,jepx-top8avg-system,jp,11.45125,https://www.jepx.jp/_download.php?dir=spot_summary&file=spot_summary_2016.csv
2016-11-09,jepx-top8avg-system,jp,11.775,https://www.jepx.jp/_download.php?dir=spot_summary&file=spot_summary_2016.csv
2016-11-10,jepx-top8avg-system,jp,13.105,https://www.jepx.jp/_download.php?dir=spot_summary&file=spot_summary_2016.csv
2016-11-11,jepx-top8avg-system,jp,11.19,https://www.jepx.jp/_download.php?dir=spot_summary&file=spot_summary_2016.csv
2016-11-12,jepx-top8avg-system,jp,9.4225,https://www.jepx.jp/_download.php?dir=spot_summary&file=spot_summary_2016.csv
2016-11-13,jepx-top8avg-system,jp,8.6175,https://www.jepx.jp/_download.php?dir=spot_summary&file=spot_summary_2016.csv
2016-11-14,jepx-top8avg-system,jp,10.8275,https://www.jepx.jp/_download.php?dir=spot_summary&file=spot_summary_2016.csv
2016-11-15,jepx-top8avg-system,jp,10.70875,https://www.jepx.jp/_download.php?dir=spot_summary&file=spot_summary_2016.csv
2016-11-16,jepx-top8avg-system,jp,12.225000000000001,https://www.jepx.jp/_download.php?dir=spot_summary&file=spot_summary_2016.csv
2016-11-17,jepx-top8avg-system,jp,11.85125,https://www.jepx.jp/_download.php?dir=spot_summary&file=spot_summary_2016.csv
2016-11-18,jepx-top8avg-system,jp,13.6175,https://www.jepx.jp/_download.php?dir=spot_summary&file=spot_summary_2016.csv
2016-11-19,jepx-top8avg-system,jp,9.94125,https://www.jepx.jp/_download.php?dir=spot_summary&file=spot_summary_2016.csv
2016-11-20,jepx-top8avg-system,jp,8.4225,https://www.jepx.jp/_download.php?dir=spot_summary&file=spot_summary_2016.csv
2016-11-21,jepx-top8avg-system,jp,11.376249999999999,https://www.jepx.jp/_download.php?dir=spot_summary&file=spot_summary_2016.csv
2016-11-22,jepx-top8avg-system,jp,11.74,https://www.jepx.jp/_download.php?dir=spot_summary&file=spot_summary_2016.csv
2016-11-23,jepx-top8avg-system,jp,11.07125,https://www.jepx.jp/_download.php?dir=spot_summary&file=spot_summary_2016.csv
2016-11-24,jepx-top8avg-system,jp,17.355,https://www.jepx.jp/_download.php?dir=spot_summary&file=spot_summary_2016.csv
2016-11-25,jepx-top8avg-system,jp,15.21875,https://www.jepx.jp/_download.php?dir=spot_summary&file=spot_summary_2016.csv
2016-11-26,jepx-top8avg-system,jp,10.623750000000001,https://www.jepx.jp/_download.php?dir=spot_summary&file=spot_summary_2016.csv
2016-11-27,jepx-top8avg-system,jp,10.297500000000001,https://www.jepx.jp/_download.php?dir=spot_summary&file=spot_summary_2016.csv
2016-11-28,jepx-top8avg-system,jp,12.755000000000003,https://www.jepx.jp/_download.php?dir=spot_summary&file=spot_summary_2016.csv
2016-11-29,jepx-top8avg-system,jp,11.64125,https://www.jepx.jp/_download.php?dir=spot_summary&file=spot_summary_2016.csv
2016-11-30,jepx-top8avg-system,jp,14.29,https://www.jepx.jp/_download.php?dir=spot_summary&file=spot_summary_2016.csv
2016-12-01,jepx-top8avg-system,jp,11.603750000000002,https://www.jepx.jp/_download.php?dir=spot_summary&file=spot_summary_2016.csv
2016-12-02,jepx-top8avg-system,jp,16.365000000000002,https://www.jepx.jp/_download.php?dir=spot_summary&file=spot_summary_2016.csv
2016-12-03,jepx-top8avg-system,jp,9.64875,https://www.jepx.jp/_download.php?dir=spot_summary&file=spot_summary_2016.csv
2016-12-04,jepx-top8avg-system,jp,8.85125,https://www.jepx.jp/_download.php?dir=spot_summary&file=spot_summary_2016.csv
2016-12-05,jepx-top8avg-system,jp,11.25125,https://www.jepx.jp/_download.php?dir=spot_summary&file=spot_summary_2016.csv
2016-12-06,jepx-top8avg-system,jp,11.6025,https://www.jepx.jp/_download.php?dir=spot_summary&file=spot_summary_2016.csv
2016-12-07,jepx-top8avg-system,jp,12.04625,https://www.jepx.jp/_download.php?dir=spot_summary&file=spot_summary_2016.csv
2016-12-08,jepx-top8avg-system,jp,12.19875,https://www.jepx.jp/_download.php?dir=spot_summary&file=spot_summary_2016.csv
2016-12-09,jepx-top8avg-system,jp,11.432500000000001,https://www.jepx.jp/_download.php?dir=spot_summary&file=spot_summary_2016.csv
2016-12-10,jepx-top8avg-system,jp,10.8675,https://www.jepx.jp/_download.php?dir=spot_summary&file=spot_summary_2016.csv
2016-12-11,jepx-top8avg-system,jp,10.92875,https://www.jepx.jp/_download.php?dir=spot_summary&file=spot_summary_2016.csv
2016-12-12,jepx-top8avg-system,jp,13.40625,https://www.jepx.jp/_download.php?dir=spot_summary&file=spot_summary_2016.csv
2016-12-13,jepx-top8avg-system,jp,13.0875,https://www.jepx.jp/_download.php?dir=spot_summary&file=spot_summary_2016.csv
2016-12-14,jepx-top8avg-system,jp,14.9875,https://www.jepx.jp/_download.php?dir=spot_summary&file=spot_summary_2016.csv
2016-12-15,jepx-top8avg-system,jp,14.471250000000001,https://www.jepx.jp/_download.php?dir=spot_summary&file=spot_summary_2016.csv
2016-12-16,jepx-top8avg-system,jp,16.11625,https://www.jepx.jp/_download.php?dir=spot_summary&file=spot_summary_2016.csv
2016-12-17,jepx-top8avg-system,jp,11.95625,https://www.jepx.jp/_download.php?dir=spot_summary&file=spot_summary_2016.csv
2016-12-18,jepx-top8avg-system,jp,10.68375,https://www.jepx.jp/_download.php?dir=spot_summary&file=spot_summary_2016.csv
2016-12-19,jepx-top8avg-system,jp,13.38625,https://www.jepx.jp/_download.php?dir=spot_summary&file=spot_summary_2016.csv
2016-12-20,jepx-top8avg-system,jp,12.955,https://www.jepx.jp/_download.php?dir=spot_summary&file=spot_summary_2016.csv
2016-12-21,jepx-top8avg-system,jp,11.81375,https://www.jepx.jp/_download.php?dir=spot_summary&file=spot_summary_2016.csv
2016-12-22,jepx-top8avg-system,jp,11.06,https://www.jepx.jp/_download.php?dir=spot_summary&file=spot_summary_2016.csv
2016-12-23,jepx-top8avg-system,jp,10.01,https://www.jepx.jp/_download.php?dir=spot_summary&file=spot_summary_2016.csv
2016-12-24,jepx-top8avg-system,jp,10.883750000000001,https://www.jepx.jp/_download.php?dir=spot_summary&file=spot_summary_2016.csv
2016-12-25,jepx-top8avg-system,jp,10.001249999999999,https://www.jepx.jp/_download.php?dir=spot_summary&file=spot_summary_2016.csv
2016-12-26,jepx-top8avg-system,jp,14.565000000000001,https://www.jepx.jp/_download.php?dir=spot_summary&file=spot_summary_2016.csv
2016-12-27,jepx-top8avg-system,jp,11.21875,https://www.jepx.jp/_download.php?dir=spot_summary&file=spot_summary_2016.csv
2016-12-28,jepx-top8avg-system,jp,12.83625,https://www.jepx.jp/_download.php?dir=spot_summary&file=spot_summary_2016.csv
2016-12-29,jepx-top8avg-system,jp,9.60125,https://www.jepx.jp/_download.php?dir=spot_summary&file=spot_summary_2016.csv
2016-12-30,jepx-top8avg-system,jp,12.1325,https://www.jepx.jp/_download.php?dir=spot_summary&file=spot_summary_2016.csv
2016-12-31,jepx-top8avg-system,jp,8.48,https://www.jepx.jp/_download.php?dir=spot_summary&file=spot_summary_2016.csv
2017-01-01,jepx-top8avg-system,jp,7.18375,https://www.jepx.jp/_download.php?dir=spot_summary&file=spot_summary_2016.csv
2017-01-02,jepx-top8avg-system,jp,7.72125,https://www.jepx.jp/_download.php?dir=spot_summary&file=spot_summary_2016.csv
2017-01-03,jepx-top8avg-system,jp,7.7075,https://www.jepx.jp/_download.php?dir=spot_summary&file=spot_summary_2016.csv
2017-01-04,jepx-top8avg-system,jp,9.2775,https://www.jepx.jp/_download.php?dir=spot_summary&file=spot_summary_2016.csv
2017-01-05,jepx-top8avg-system,jp,12.963750000000001,https://www.jepx.jp/_download.php?dir=spot_summary&file=spot_summary_2016.csv
2017-01-06,jepx-top8avg-system,jp,13.8475,https://www.jepx.jp/_download.php?dir=spot_summary&file=spot_summary_2016.csv
2017-01-07,jepx-top8avg-system,jp,11.83625,https://www.jepx.jp/_download.php?dir=spot_summary&file=spot_summary_2016.csv
2017-01-08,jepx-top8avg-system,jp,11.947500000000002,https://www.jepx.jp/_download.php?dir=spot_summary&file=spot_summary_2016.csv
2017-01-09,jepx-top8avg-system,jp,12.38875,https://www.jepx.jp/_download.php?dir=spot_summary&file=spot_summary_2016.csv
2017-01-10,jepx-top8avg-system,jp,13.235,https://www.jepx.jp/_download.php?dir=spot_summary&file=spot_summary_2016.csv
2017-01-11,jepx-top8avg-system,jp,13.87,https://www.jepx.jp/_download.php?dir=spot_summary&file=spot_summary_2016.csv
2017-01-12,jepx-top8avg-system,jp,13.60875,https://www.jepx.jp/_download.php?dir=spot_summary&file=spot_summary_2016.csv
2017-01-13,jepx-top8avg-system,jp,15.392499999999998,https://www.jepx.jp/_download.php?dir=spot_summary&file=spot_summary_2016.csv
2017-01-14,jepx-top8avg-system,jp,12.44125,https://www.jepx.jp/_download.php?dir=spot_summary&file=spot_summary_2016.csv
2017-01-15,jepx-top8avg-system,jp,13.6625,https://www.jepx.jp/_download.php?dir=spot_summary&file=spot_summary_2016.csv
2017-01-16,jepx-top8avg-system,jp,19.7575,https://www.jepx.jp/_download.php?dir=spot_summary&file=spot_summary_2016.csv
2017-01-17,jepx-top8avg-system,jp,15.2875,https://www.jepx.jp/_download.php?dir=spot_summary&file=spot_summary_2016.csv
2017-01-18,jepx-top8avg-system,jp,15.21875,https://www.jepx.jp/_download.php?dir=spot_summary&file=spot_summary_2016.csv
2017-01-19,jepx-top8avg-system,jp,13.48625,https://www.jepx.jp/_download.php?dir=spot_summary&file=spot_summary_2016.csv
2017-01-20,jepx-top8avg-system,jp,20.04875,https://www.jepx.jp/_download.php?dir=spot_summary&file=spot_summary_2016.csv
2017-01-21,jepx-top8avg-system,jp,12.12875,https://www.jepx.jp/_download.php?dir=spot_summary&file=spot_summary_2016.csv
2017-01-22,jepx-top8avg-system,jp,11.877500000000001,https://www.jepx.jp/_download.php?dir=spot_summary&file=spot_summary_2016.csv
2017-01-23,jepx-top8avg-system,jp,17.674999999999997,https://www.jepx.jp/_download.php?dir=spot_summary&file=spot_summary_2016.csv
2017-01-24,jepx-top8avg-system,jp,21.94375,https://www.jepx.jp/_download.php?dir=spot_summary&file=spot_summary_2016.csv
2017-01-25,jepx-top8avg-system,jp,19.5475,https://www.jepx.jp/_download.php?dir=spot_summary&file=spot_summary_2016.csv
2017-01-26,jepx-top8avg-system,jp,21.088749999999997,https://www.jepx.jp/_download.php?dir=spot_summary&file=spot_summary_2016.csv
2017-01-27,jepx-top8avg-system,jp,13.4025,https://www.jepx.jp/_download.php?dir=spot_summary&file=spot_summary_2016.csv
2017-01-28,jepx-top8avg-system,jp,11.646250000000002,https://www.jepx.jp/_download.php?dir=spot_summary&file=spot_summary_2016.csv
2017-01-29,jepx-top8avg-system,jp,10.716249999999999,https://www.jepx.jp/_download.php?dir=spot_summary&file=spot_summary_2016.csv
2017-01-30,jepx-top8avg-system,jp,16.4075,https://www.jepx.jp/_download.php?dir=spot_summary&file=spot_summary_2016.csv
2017-01-31,jepx-top8avg-system,jp,13.9925,https://www.jepx.jp/_download.php?dir=spot_summary&file=spot_summary_2016.csv
2017-02-01,jepx-top8avg-system,jp,14.54125,https://www.jepx.jp/_download.php?dir=spot_summary&file=spot_summary_2016.csv
2017-02-02,jepx-top8avg-system,jp,15.28875,https://www.jepx.jp/_download.php?dir=spot_summary&file=spot_summary_2016.csv
2017-02-03,jepx-top8avg-system,jp,14.905,https://www.jepx.jp/_download.php?dir=spot_summary&file=spot_summary_2016.csv
2017-02-04,jepx-top8avg-system,jp,12.1725,https://www.jepx.jp/_download.php?dir=spot_summary&file=spot_summary_2016.csv
2017-02-05,jepx-top8avg-system,jp,12.33,https://www.jepx.jp/_download.php?dir=spot_summary&file=spot_summary_2016.csv
2017-02-06,jepx-top8avg-system,jp,13.205,https://www.jepx.jp/_download.php?dir=spot_summary&file=spot_summary_2016.csv
2017-02-07,jepx-top8avg-system,jp,14.09125,https://www.jepx.jp/_download.php?dir=spot_summary&file=spot_summary_2016.csv
2017-02-08,jepx-top8avg-system,jp,15.0425,https://www.jepx.jp/_download.php?dir=spot_summary&file=spot_summary_2016.csv
2017-02-09,jepx-top8avg-system,jp,21.44625,https://www.jepx.jp/_download.php?dir=spot_summary&file=spot_summary_2016.csv
2017-02-10,jepx-top8avg-system,jp,19.40625,https://www.jepx.jp/_download.php?dir=spot_summary&file=spot_summary_2016.csv
2017-02-11,jepx-top8avg-system,jp,12.715,https://www.jepx.jp/_download.php?dir=spot_summary&file=spot_summary_2016.csv
2017-02-12,jepx-top8avg-system,jp,13.36375,https://www.jepx.jp/_download.php?dir=spot_summary&file=spot_summary_2016.csv
2017-02-13,jepx-top8avg-system,jp,15.65875,https://www.jepx.jp/_download.php?dir=spot_summary&file=spot_summary_2016.csv
2017-02-14,jepx-top8avg-system,jp,16.12125,https://www.jepx.jp/_download.php?dir=spot_summary&file=spot_summary_2016.csv
2017-02-15,jepx-top8avg-system,jp,14.766250000000001,https://www.jepx.jp/_download.php?dir=spot_summary&file=spot_summary_2016.csv
2017-02-16,jepx-top8avg-system,jp,13.11375,https://www.jepx.jp/_download.php?dir=spot_summary&file=spot_summary_2016.csv
2017-02-17,jepx-top8avg-system,jp,13.01,https://www.jepx.jp/_download.php?dir=spot_summary&file=spot_summary_2016.csv
2017-02-18,jepx-top8avg-system,jp,12.129999999999999,https://www.jepx.jp/_download.php?dir=spot_summary&file=spot_summary_2016.csv
2017-02-19,jepx-top8avg-system,jp,13.44125,https://www.jepx.jp/_download.php?dir=spot_summary&file=spot_summary_2016.csv
2017-02-20,jepx-top8avg-system,jp,15.9825,https://www.jepx.jp/_download.php?dir=spot_summary&file=spot_summary_2016.csv
2017-02-21,jepx-top8avg-system,jp,14.48375,https://www.jepx.jp/_download.php?dir=spot_summary&file=spot_summary_2016.csv
2017-02-22,jepx-top8avg-system,jp,13.837499999999999,https://www.jepx.jp/_download.php?dir=spot_summary&file=spot_summary_2016.csv
2017-02-23,jepx-top8avg-system,jp,15.943750000000001,https://www.jepx.jp/_download.php?dir=spot_summary&file=spot_summary_2016.csv
2017-02-24,jepx-top8avg-system,jp,13.967500000000001,https://www.jepx.jp/_download.php?dir=spot_summary&file=spot_summary_2016.csv
2017-02-25,jepx-top8avg-system,jp,11.39625,https://www.jepx.jp/_download.php?dir=spot_summary&file=spot_summary_2016.csv
2017-02-26,jepx-top8avg-system,jp,11.932500000000001,https://www.jepx.jp/_download.php?dir=spot_summary&file=spot_summary_2016.csv
2017-02-27,jepx-top8avg-system,jp,13.5,https://www.jepx.jp/_download.php?dir=spot_summary&file=spot_summary_2016.csv
2017-02-28,jepx-top8avg-system,jp,12.9825,https://www.jepx.jp/_download.php?dir=spot_summary&file=spot_summary_2016.csv
2017-03-01,jepx-top8avg-system,jp,12.791250000000002,https://www.jepx.jp/_download.php?dir=spot_summary&file=spot_summary_2016.csv
2017-03-02,jepx-top8avg-system,jp,15.6875,https://www.jepx.jp/_download.php?dir=spot_summary&file=spot_summary_2016.csv
2017-03-03,jepx-top8avg-system,jp,12.1775,https://www.jepx.jp/_download.php?dir=spot_summary&file=spot_summary_2016.csv
2017-03-04,jepx-top8avg-system,jp,10.965,https://www.jepx.jp/_download.php?dir=spot_summary&file=spot_summary_2016.csv
2017-03-05,jepx-top8avg-system,jp,11.775,https://www.jepx.jp/_download.php?dir=spot_summary&file=spot_summary_2016.csv
2017-03-06,jepx-top8avg-system,jp,16.45,https://www.jepx.jp/_download.php?dir=spot_summary&file=spot_summary_2016.csv
2017-03-07,jepx-top8avg-system,jp,15.125,https://www.jepx.jp/_download.php?dir=spot_summary&file=spot_summary_2016.csv
2017-03-08,jepx-top8avg-system,jp,13.5125,https://www.jepx.jp/_download.php?dir=spot_summary&file=spot_summary_2016.csv
2017-03-09,jepx-top8avg-system,jp,13.45875,https://www.jepx.jp/_download.php?dir=spot_summary&file=spot_summary_2016.csv
2017-03-10,jepx-top8avg-system,jp,12.782499999999999,https://www.jepx.jp/_download.php?dir=spot_summary&file=spot_summary_2016.csv
2017-03-11,jepx-top8avg-system,jp,11.71625,https://www.jepx.jp/_download.php?dir=spot_summary&file=spot_summary_2016.csv
2017-03-12,jepx-top8avg-system,jp,11.795000000000002,https://www.jepx.jp/_download.php?dir=spot_summary&file=spot_summary_2016.csv
2017-03-13,jepx-top8avg-system,jp,14.2775,https://www.jepx.jp/_download.php?dir=spot_summary&file=spot_summary_2016.csv
2017-03-14,jepx-top8avg-system,jp,12.822500000000002,https://www.jepx.jp/_download.php?dir=spot_summary&file=spot_summary_2016.csv
2017-03-15,jepx-top8avg-system,jp,16.6875,https://www.jepx.jp/_download.php?dir=spot_summary&file=spot_summary_2016.csv
2017-03-16,jepx-top8avg-system,jp,13.08625,https://www.jepx.jp/_download.php?dir=spot_summary&file=spot_summary_2016.csv
2017-03-17,jepx-top8avg-system,jp,13.19,https://www.jepx.jp/_download.php?dir=spot_summary&file=spot_summary_2016.csv
2017-03-18,jepx-top8avg-system,jp,11.629999999999999,https://www.jepx.jp/_download.php?dir=spot_summary&file=spot_summary_2016.csv
2017-03-19,jepx-top8avg-system,jp,10.853750000000002,https://www.jepx.jp/_download.php?dir=spot_summary&file=spot_summary_2016.csv
2017-03-20,jepx-top8avg-system,jp,10.375,https://www.jepx.jp/_download.php?dir=spot_summary&file=spot_summary_2016.csv
2017-03-21,jepx-top8avg-system,jp,18.293750000000003,https://www.jepx.jp/_download.php?dir=spot_summary&file=spot_summary_2016.csv
2017-03-22,jepx-top8avg-system,jp,12.32,https://www.jepx.jp/_download.php?dir=spot_summary&file=spot_summary_2016.csv
2017-03-23,jepx-top8avg-system,jp,12.94,https://www.jepx.jp/_download.php?dir=spot_summary&file=spot_summary_2016.csv
2017-03-24,jepx-top8avg-system,jp,13.692499999999999,https://www.jepx.jp/_download.php?dir=spot_summary&file=spot_summary_2016.csv
2017-03-25,jepx-top8avg-system,jp,11.4975,https://www.jepx.jp/_download.php?dir=spot_summary&file=spot_summary_2016.csv
2017-03-26,jepx-top8avg-system,jp,12.5175,https://www.jepx.jp/_download.php?dir=spot_summary&file=spot_summary_2016.csv
2017-03-27,jepx-top8avg-system,jp,18.348750000000003,https://www.jepx.jp/_download.php?dir=spot_summary&file=spot_summary_2016.csv
2017-03-28,jepx-top8avg-system,jp,12.65625,https://www.jepx.jp/_download.php?dir=spot_summary&file=spot_summary_2016.csv
2017-03-29,jepx-top8avg-system,jp,12.563749999999999,https://www.jepx.jp/_download.php?dir=spot_summary&file=spot_summary_2016.csv
2017-03-30,jepx-top8avg-system,jp,13.370000000000001,https://www.jepx.jp/_download.php?dir=spot_summary&file=spot_summary_2016.csv
2017-03-31,jepx-top8avg-system,jp,15.11375,https://www.jepx.jp/_download.php?dir=spot_summary&file=spot_summary_2016.csv
2017-04-01,jepx-top8avg-system,jp,11.138750000000002,https://www.jepx.jp/_download.php?dir=spot_summary&file=spot_summary_2017.csv
2017-04-02,jepx-top8avg-system,jp,12.83625,https://www.jepx.jp/_download.php?dir=spot_summary&file=spot_summary_2017.csv
2017-04-03,jepx-top8avg-system,jp,14.715,https://www.jepx.jp/_download.php?dir=spot_summary&file=spot_summary_2017.csv
2017-04-04,jepx-top8avg-system,jp,13.04375,https://www.jepx.jp/_download.php?dir=spot_summary&file=spot_summary_2017.csv
2017-04-05,jepx-top8avg-system,jp,12.818750000000001,https://www.jepx.jp/_download.php?dir=spot_summary&file=spot_summary_2017.csv
2017-04-06,jepx-top8avg-system,jp,13.13875,https://www.jepx.jp/_download.php?dir=spot_summary&file=spot_summary_2017.csv
2017-04-07,jepx-top8avg-system,jp,13.946250000000001,https://www.jepx.jp/_download.php?dir=spot_summary&file=spot_summary_2017.csv
2017-04-08,jepx-top8avg-system,jp,11.713750000000001,https://www.jepx.jp/_download.php?dir=spot_summary&file=spot_summary_2017.csv
2017-04-09,jepx-top8avg-system,jp,10.95875,https://www.jepx.jp/_download.php?dir=spot_summary&file=spot_summary_2017.csv
2017-04-10,jepx-top8avg-system,jp,14.401250000000001,https://www.jepx.jp/_download.php?dir=spot_summary&file=spot_summary_2017.csv
2017-04-11,jepx-top8avg-system,jp,18.1425,https://www.jepx.jp/_download.php?dir=spot_summary&file=spot_summary_2017.csv
2017-04-12,jepx-top8avg-system,jp,12.70625,https://www.jepx.jp/_download.php?dir=spot_summary&file=spot_summary_2017.csv
2017-04-13,jepx-top8avg-system,jp,12.445,https://www.jepx.jp/_download.php?dir=spot_summary&file=spot_summary_2017.csv
2017-04-14,jepx-top8avg-system,jp,12.248750000000001,https://www.jepx.jp/_download.php?dir=spot_summary&file=spot_summary_2017.csv
2017-04-15,jepx-top8avg-system,jp,10.0225,https://www.jepx.jp/_download.php?dir=spot_summary&file=spot_summary_2017.csv
2017-04-16,jepx-top8avg-system,jp,10.05,https://www.jepx.jp/_download.php?dir=spot_summary&file=spot_summary_2017.csv
2017-04-17,jepx-top8avg-system,jp,13.685,https://www.jepx.jp/_download.php?dir=spot_summary&file=spot_summary_2017.csv
2017-04-18,jepx-top8avg-system,jp,11.56875,https://www.jepx.jp/_download.php?dir=spot_summary&file=spot_summary_2017.csv
2017-04-19,jepx-top8avg-system,jp,10.658750000000001,https://www.jepx.jp/_download.php?dir=spot_summary&file=spot_summary_2017.csv
2017-04-20,jepx-top8avg-system,jp,10.42625,https://www.jepx.jp/_download.php?dir=spot_summary&file=spot_summary_2017.csv
2017-04-21,jepx-top8avg-system,jp,11.61,https://www.jepx.jp/_download.php?dir=spot_summary&file=spot_summary_2017.csv
2017-04-22,jepx-top8avg-system,jp,8.618749999999999,https://www.jepx.jp/_download.php?dir=spot_summary&file=spot_summary_2017.csv
2017-04-23,jepx-top8avg-system,jp,8.56875,https://www.jepx.jp/_download.php?dir=spot_summary&file=spot_summary_2017.csv
2017-04-24,jepx-top8avg-system,jp,9.638750000000002,https://www.jepx.jp/_download.php?dir=spot_summary&file=spot_summary_2017.csv
2017-04-25,jepx-top8avg-system,jp,10.16,https://www.jepx.jp/_download.php?dir=spot_summary&file=spot_summary_2017.csv
2017-04-26,jepx-top8avg-system,jp,12.0925,https://www.jepx.jp/_download.php?dir=spot_summary&file=spot_summary_2017.csv
2017-04-27,jepx-top8avg-system,jp,9.478750000000002,https://www.jepx.jp/_download.php?dir=spot_summary&file=spot_summary_2017.csv
2017-04-28,jepx-top8avg-system,jp,8.875,https://www.jepx.jp/_download.php?dir=spot_summary&file=spot_summary_2017.csv
2017-04-29,jepx-top8avg-system,jp,9.052499999999998,https://www.jepx.jp/_download.php?dir=spot_summary&file=spot_summary_2017.csv
2017-04-30,jepx-top8avg-system,jp,9.0625,https://www.jepx.jp/_download.php?dir=spot_summary&file=spot_summary_2017.csv
2017-05-01,jepx-top8avg-system,jp,11.873750000000001,https://www.jepx.jp/_download.php?dir=spot_summary&file=spot_summary_2017.csv
2017-05-02,jepx-top8avg-system,jp,11.47125,https://www.jepx.jp/_download.php?dir=spot_summary&file=spot_summary_2017.csv
2017-05-03,jepx-top8avg-system,jp,9.39,https://www.jepx.jp/_download.php?dir=spot_summary&file=spot_summary_2017.csv
2017-05-04,jepx-top8avg-system,jp,8.958749999999998,https://www.jepx.jp/_download.php?dir=spot_summary&file=spot_summary_2017.csv
2017-05-05,jepx-top8avg-system,jp,8.49625,https://www.jepx.jp/_download.php?dir=spot_summary&file=spot_summary_2017.csv
2017-05-06,jepx-top8avg-system,jp,8.67875,https://www.jepx.jp/_download.php?dir=spot_summary&file=spot_summary_2017.csv
2017-05-07,jepx-top8avg-system,jp,8.193750000000001,https://www.jepx.jp/_download.php?dir=spot_summary&file=spot_summary_2017.csv
2017-05-08,jepx-top8avg-system,jp,11.325,https://www.jepx.jp/_download.php?dir=spot_summary&file=spot_summary_2017.csv
2017-05-09,jepx-top8avg-system,jp,11.5,https://www.jepx.jp/_download.php?dir=spot_summary&file=spot_summary_2017.csv
2017-05-10,jepx-top8avg-system,jp,10.77125,https://www.jepx.jp/_download.php?dir=spot_summary&file=spot_summary_2017.csv
2017-05-11,jepx-top8avg-system,jp,10.490000000000002,https://www.jepx.jp/_download.php?dir=spot_summary&file=spot_summary_2017.csv
2017-05-12,jepx-top8avg-system,jp,11.802499999999998,https://www.jepx.jp/_download.php?dir=spot_summary&file=spot_summary_2017.csv
2017-05-13,jepx-top8avg-system,jp,8.337499999999999,https://www.jepx.jp/_download.php?dir=spot_summary&file=spot_summary_2017.csv
2017-05-14,jepx-top8avg-system,jp,8.559999999999999,https://www.jepx.jp/_download.php?dir=spot_summary&file=spot_summary_2017.csv
2017-05-15,jepx-top8avg-system,jp,10.43375,https://www.jepx.jp/_download.php?dir=spot_summary&file=spot_summary_2017.csv
2017-05-16,jepx-top8avg-system,jp,10.07375,https://www.jepx.jp/_download.php?dir=spot_summary&file=spot_summary_2017.csv
2017-05-17,jepx-top8avg-system,jp,9.395,https://www.jepx.jp/_download.php?dir=spot_summary&file=spot_summary_2017.csv
2017-05-18,jepx-top8avg-system,jp,9.14625,https://www.jepx.jp/_download.php?dir=spot_summary&file=spot_summary_2017.csv
2017-05-19,jepx-top8avg-system,jp,9.42625,https://www.jepx.jp/_download.php?dir=spot_summary&file=spot_summary_2017.csv
2017-05-20,jepx-top8avg-system,jp,9.27125,https://www.jepx.jp/_download.php?dir=spot_summary&file=spot_summary_2017.csv
2017-05-21,jepx-top8avg-system,jp,8.805000000000001,https://www.jepx.jp/_download.php?dir=spot_summary&file=spot_summary_2017.csv
2017-05-22,jepx-top8avg-system,jp,9.81875,https://www.jepx.jp/_download.php?dir=spot_summary&file=spot_summary_2017.csv
2017-05-23,jepx-top8avg-system,jp,10.491249999999999,https://www.jepx.jp/_download.php?dir=spot_summary&file=spot_summary_2017.csv
2017-05-24,jepx-top8avg-system,jp,11.82125,https://www.jepx.jp/_download.php?dir=spot_summary&file=spot_summary_2017.csv
2017-05-25,jepx-top8avg-system,jp,12.80875,https://www.jepx.jp/_download.php?dir=spot_summary&file=spot_summary_2017.csv
2017-05-26,jepx-top8avg-system,jp,10.37375,https://www.jepx.jp/_download.php?dir=spot_summary&file=spot_summary_2017.csv
2017-05-27,jepx-top8avg-system,jp,9.072500000000002,https://www.jepx.jp/_download.php?dir=spot_summary&file=spot_summary_2017.csv
2017-05-28,jepx-top8avg-system,jp,9.466249999999999,https://www.jepx.jp/_download.php?dir=spot_summary&file=spot_summary_2017.csv
2017-05-29,jepx-top8avg-system,jp,10.3675,https://www.jepx.jp/_download.php?dir=spot_summary&file=spot_summary_2017.csv
2017-05-30,jepx-top8avg-system,jp,11.5975,https://www.jepx.jp/_download.php?dir=spot_summary&file=spot_summary_2017.csv
2017-05-31,jepx-top8avg-system,jp,11.219999999999999,https://www.jepx.jp/_download.php?dir=spot_summary&file=spot_summary_2017.csv
2017-06-01,jepx-top8avg-system,jp,10.087499999999999,https://www.jepx.jp/_download.php?dir=spot_summary&file=spot_summary_2017.csv
2017-06-02,jepx-top8avg-system,jp,10.02625,https://www.jepx.jp/_download.php?dir=spot_summary&file=spot_summary_2017.csv
2017-06-03,jepx-top8avg-system,jp,8.82875,https://www.jepx.jp/_download.php?dir=spot_summary&file=spot_summary_2017.csv
2017-06-04,jepx-top8avg-system,jp,9.0475,https://www.jepx.jp/_download.php?dir=spot_summary&file=spot_summary_2017.csv
2017-06-05,jepx-top8avg-system,jp,9.55,https://www.jepx.jp/_download.php?dir=spot_summary&file=spot_summary_2017.csv
2017-06-06,jepx-top8avg-system,jp,10.026250000000001,https://www.jepx.jp/_download.php?dir=spot_summary&file=spot_summary_2017.csv
2017-06-07,jepx-top8avg-system,jp,10.40625,https://www.jepx.jp/_download.php?dir=spot_summary&file=spot_summary_2017.csv
2017-06-08,jepx-top8avg-system,jp,10.052499999999998,https://www.jepx.jp/_download.php?dir=spot_summary&file=spot_summary_2017.csv
2017-06-09,jepx-top8avg-system,jp,10.1725,https://www.jepx.jp/_download.php?dir=spot_summary&file=spot_summary_2017.csv
2017-06-10,jepx-top8avg-system,jp,8.901250000000001,https://www.jepx.jp/_download.php?dir=spot_summary&file=spot_summary_2017.csv
2017-06-11,jepx-top8avg-system,jp,8.2625,https://www.jepx.jp/_download.php?dir=spot_summary&file=spot_summary_2017.csv
2017-06-12,jepx-top8avg-system,jp,9.04625,https://www.jepx.jp/_download.php?dir=spot_summary&file=spot_summary_2017.csv
2017-06-13,jepx-top8avg-system,jp,9.07375,https://www.jepx.jp/_download.php?dir=spot_summary&file=spot_summary_2017.csv
2017-06-14,jepx-top8avg-system,jp,9.0425,https://www.jepx.jp/_download.php?dir=spot_summary&file=spot_summary_2017.csv
2017-06-15,jepx-top8avg-system,jp,8.92,https://www.jepx.jp/_download.php?dir=spot_summary&file=spot_summary_2017.csv
2017-06-16,jepx-top8avg-system,jp,9.899999999999999,https://www.jepx.jp/_download.php?dir=spot_summary&file=spot_summary_2017.csv
2017-06-17,jepx-top8avg-system,jp,8.57625,https://www.jepx.jp/_download.php?dir=spot_summary&file=spot_summary_2017.csv
2017-06-18,jepx-top8avg-system,jp,8.26375,https://www.jepx.jp/_download.php?dir=spot_summary&file=spot_summary_2017.csv
2017-06-19,jepx-top8avg-system,jp,9.54,https://www.jepx.jp/_download.php?dir=spot_summary&file=spot_summary_2017.csv
2017-06-20,jepx-top8avg-system,jp,11.08625,https://www.jepx.jp/_download.php?dir=spot_summary&file=spot_summary_2017.csv
2017-06-21,jepx-top8avg-system,jp,11.56875,https://www.jepx.jp/_download.php?dir=spot_summary&file=spot_summary_2017.csv
2017-06-22,jepx-top8avg-system,jp,12.125,https://www.jepx.jp/_download.php?dir=spot_summary&file=spot_summary_2017.csv
2017-06-23,jepx-top8avg-system,jp,12.20875,https://www.jepx.jp/_download.php?dir=spot_summary&file=spot_summary_2017.csv
2017-06-24,jepx-top8avg-system,jp,8.595,https://www.jepx.jp/_download.php?dir=spot_summary&file=spot_summary_2017.csv
2017-06-25,jepx-top8avg-system,jp,8.399999999999999,https://www.jepx.jp/_download.php?dir=spot_summary&file=spot_summary_2017.csv
2017-06-26,jepx-top8avg-system,jp,11.786249999999999,https://www.jepx.jp/_download.php?dir=spot_summary&file=spot_summary_2017.csv
2017-06-27,jepx-top8avg-system,jp,12.567499999999999,https://www.jepx.jp/_download.php?dir=spot_summary&file=spot_summary_2017.csv
2017-06-28,jepx-top8avg-system,jp,12.55625,https://www.jepx.jp/_download.php?dir=spot_summary&file=spot_summary_2017.csv
2017-06-29,jepx-top8avg-system,jp,12.986250000000002,https://www.jepx.jp/_download.php?dir=spot_summary&file=spot_summary_2017.csv
2017-06-30,jepx-top8avg-system,jp,12.82375,https://www.jepx.jp/_download.php?dir=spot_summary&file=spot_summary_2017.csv
2017-07-01,jepx-top8avg-system,jp,8.94375,https://www.jepx.jp/_download.php?dir=spot_summary&file=spot_summary_2017.csv
2017-07-02,jepx-top8avg-system,jp,9.16375,https://www.jepx.jp/_download.php?dir=spot_summary&file=spot_summary_2017.csv
2017-07-03,jepx-top8avg-system,jp,14.3125,https://www.jepx.jp/_download.php?dir=spot_summary&file=spot_summary_2017.csv
2017-07-04,jepx-top8avg-system,jp,19.9625,https://www.jepx.jp/_download.php?dir=spot_summary&file=spot_summary_2017.csv
2017-07-05,jepx-top8avg-system,jp,20.11625,https://www.jepx.jp/_download.php?dir=spot_summary&file=spot_summary_2017.csv
2017-07-06,jepx-top8avg-system,jp,16.88375,https://www.jepx.jp/_download.php?dir=spot_summary&file=spot_summary_2017.csv
2017-07-07,jepx-top8avg-system,jp,16.75375,https://www.jepx.jp/_download.php?dir=spot_summary&file=spot_summary_2017.csv
2017-07-08,jepx-top8avg-system,jp,9.32375,https://www.jepx.jp/_download.php?dir=spot_summary&file=spot_summary_2017.csv
2017-07-09,jepx-top8avg-system,jp,9.629999999999999,https://www.jepx.jp/_download.php?dir=spot_summary&file=spot_summary_2017.csv
2017-07-10,jepx-top8avg-system,jp,15.940000000000001,https://www.jepx.jp/_download.php?dir=spot_summary&file=spot_summary_2017.csv
2017-07-11,jepx-top8avg-system,jp,22.60875,https://www.jepx.jp/_download.php?dir=spot_summary&file=spot_summary_2017.csv
2017-07-12,jepx-top8avg-system,jp,23.68,https://www.jepx.jp/_download.php?dir=spot_summary&file=spot_summary_2017.csv
2017-07-13,jepx-top8avg-system,jp,24.183750000000003,https://www.jepx.jp/_download.php?dir=spot_summary&file=spot_summary_2017.csv
2017-07-14,jepx-top8avg-system,jp,24.5625,https://www.jepx.jp/_download.php?dir=spot_summary&file=spot_summary_2017.csv
2017-07-15,jepx-top8avg-system,jp,10.754999999999999,https://www.jepx.jp/_download.php?dir=spot_summary&file=spot_summary_2017.csv
2017-07-16,jepx-top8avg-system,jp,10.57625,https://www.jepx.jp/_download.php?dir=spot_summary&file=spot_summary_2017.csv
2017-07-17,jepx-top8avg-system,jp,12.19375,https://www.jepx.jp/_download.php?dir=spot_summary&file=spot_summary_2017.csv
2017-07-18,jepx-top8avg-system,jp,22.9825,https://www.jepx.jp/_download.php?dir=spot_summary&file=spot_summary_2017.csv
2017-07-19,jepx-top8avg-system,jp,25.065,https://www.jepx.jp/_download.php?dir=spot_summary&file=spot_summary_2017.csv
2017-07-20,jepx-top8avg-system,jp,25.615000000000002,https://www.jepx.jp/_download.php?dir=spot_summary&file=spot_summary_2017.csv
2017-07-21,jepx-top8avg-system,jp,23.185000000000002,https://www.jepx.jp/_download.php?dir=spot_summary&file=spot_summary_2017.csv
2017-07-22,jepx-top8avg-system,jp,11.5425,https://www.jepx.jp/_download.php?dir=spot_summary&file=spot_summary_2017.csv
2017-07-23,jepx-top8avg-system,jp,10.53875,https://www.jepx.jp/_download.php?dir=spot_summary&file=spot_summary_2017.csv
2017-07-24,jepx-top8avg-system,jp,23.82625,https://www.jepx.jp/_download.php?dir=spot_summary&file=spot_summary_2017.csv
2017-07-25,jepx-top8avg-system,jp,24.0475,https://www.jepx.jp/_download.php?dir=spot_summary&file=spot_summary_2017.csv
2017-07-26,jepx-top8avg-system,jp,20.25375,https://www.jepx.jp/_download.php?dir=spot_summary&file=spot_summary_2017.csv
2017-07-27,jepx-top8avg-system,jp,20.161250000000003,https://www.jepx.jp/_download.php?dir=spot_summary&file=spot_summary_2017.csv
2017-07-28,jepx-top8avg-system,jp,17.835,https://www.jepx.jp/_download.php?dir=spot_summary&file=spot_summary_2017.csv
2017-07-29,jepx-top8avg-system,jp,11.9825,https://www.jepx.jp/_download.php?dir=spot_summary&file=spot_summary_2017.csv
2017-07-30,jepx-top8avg-system,jp,10.51625,https://www.jepx.jp/_download.php?dir=spot_summary&file=spot_summary_2017.csv
2017-07-31,jepx-top8avg-system,jp,22.37625,https://www.jepx.jp/_download.php?dir=spot_summary&file=spot_summary_2017.csv
2017-08-01,jepx-top8avg-system,jp,24.471249999999998,https://www.jepx.jp/_download.php?dir=spot_summary&file=spot_summary_2017.csv
2017-08-02,jepx-top8avg-system,jp,16.333750000000002,https://www.jepx.jp/_download.php?dir=spot_summary&file=spot_summary_2017.csv
2017-08-03,jepx-top8avg-system,jp,14.80375,https://www.jepx.jp/_download.php?dir=spot_summary&file=spot_summary_2017.csv
2017-08-04,jepx-top8avg-system,jp,14.94875,https://www.jepx.jp/_download.php?dir=spot_summary&file=spot_summary_2017.csv
2017-08-05,jepx-top8avg-system,jp,11.377500000000001,https://www.jepx.jp/_download.php?dir=spot_summary&file=spot_summary_2017.csv
2017-08-06,jepx-top8avg-system,jp,10.79125,https://www.jepx.jp/_download.php?dir=spot_summary&file=spot_summary_2017.csv
2017-08-07,jepx-top8avg-system,jp,20.645,https://www.jepx.jp/_download.php?dir=spot_summary&file=spot_summary_2017.csv
2017-08-08,jepx-top8avg-system,jp,18.729999999999997,https://www.jepx.jp/_download.php?dir=spot_summary&file=spot_summary_2017.csv
2017-08-09,jepx-top8avg-system,jp,24.71,https://www.jepx.jp/_download.php?dir=spot_summary&file=spot_summary_2017.csv
2017-08-10,jepx-top8avg-system,jp,21.175,https://www.jepx.jp/_download.php?dir=spot_summary&file=spot_summary_2017.csv
2017-08-11,jepx-top8avg-system,jp,10.747499999999999,https://www.jepx.jp/_download.php?dir=spot_summary&file=spot_summary_2017.csv
2017-08-12,jepx-top8avg-system,jp,9.865,https://www.jepx.jp/_download.php?dir=spot_summary&file=spot_summary_2017.csv
2017-08-13,jepx-top8avg-system,jp,10.83125,https://www.jepx.jp/_download.php?dir=spot_summary&file=spot_summary_2017.csv
2017-08-14,jepx-top8avg-system,jp,10.36125,https://www.jepx.jp/_download.php?dir=spot_summary&file=spot_summary_2017.csv
2017-08-15,jepx-top8avg-system,jp,9.4925,https://www.jepx.jp/_download.php?dir=spot_summary&file=spot_summary_2017.csv
2017-08-16,jepx-top8avg-system,jp,10.53625,https://www.jepx.jp/_download.php?dir=spot_summary&file=spot_summary_2017.csv
2017-08-17,jepx-top8avg-system,jp,10.8375,https://www.jepx.jp/_download.php?dir=spot_summary&file=spot_summary_2017.csv
2017-08-18,jepx-top8avg-system,jp,10.91,https://www.jepx.jp/_download.php?dir=spot_summary&file=spot_summary_2017.csv
2017-08-19,jepx-top8avg-system,jp,10.27,https://www.jepx.jp/_download.php?dir=spot_summary&file=spot_summary_2017.csv
2017-08-20,jepx-top8avg-system,jp,9.5125,https://www.jepx.jp/_download.php?dir=spot_summary&file=spot_summary_2017.csv
2017-08-21,jepx-top8avg-system,jp,12.908750000000001,https://www.jepx.jp/_download.php?dir=spot_summary&file=spot_summary_2017.csv
2017-08-22,jepx-top8avg-system,jp,18.62625,https://www.jepx.jp/_download.php?dir=spot_summary&file=spot_summary_2017.csv
2017-08-23,jepx-top8avg-system,jp,18.74625,https://www.jepx.jp/_download.php?dir=spot_summary&file=spot_summary_2017.csv
2017-08-24,jepx-top8avg-system,jp,17.575,https://www.jepx.jp/_download.php?dir=spot_summary&file=spot_summary_2017.csv
2017-08-25,jepx-top8avg-system,jp,21.46875,https://www.jepx.jp/_download.php?dir=spot_summary&file=spot_summary_2017.csv
2017-08-26,jepx-top8avg-system,jp,11.802499999999998,https://www.jepx.jp/_download.php?dir=spot_summary&file=spot_summary_2017.csv
2017-08-27,jepx-top8avg-system,jp,10.51625,https://www.jepx.jp/_download.php?dir=spot_summary&file=spot_summary_2017.csv
2017-08-28,jepx-top8avg-system,jp,13.99,https://www.jepx.jp/_download.php?dir=spot_summary&file=spot_summary_2017.csv
2017-08-29,jepx-top8avg-system,jp,20.7625,https://www.jepx.jp/_download.php?dir=spot_summary&file=spot_summary_2017.csv
2017-08-30,jepx-top8avg-system,jp,17.9625,https://www.jepx.jp/_download.php?dir=spot_summary&file=spot_summary_2017.csv
2017-08-31,jepx-top8avg-system,jp,12.0475,https://www.jepx.jp/_download.php?dir=spot_summary&file=spot_summary_2017.csv
2017-09-01,jepx-top8avg-system,jp,11.809999999999999,https://www.jepx.jp/_download.php?dir=spot_summary&file=spot_summary_2017.csv
2017-09-02,jepx-top8avg-system,jp,8.713750000000001,https://www.jepx.jp/_download.php?dir=spot_summary&file=spot_summary_2017.csv
2017-09-03,jepx-top8avg-system,jp,8.791250000000002,https://www.jepx.jp/_download.php?dir=spot_summary&file=spot_summary_2017.csv
2017-09-04,jepx-top8avg-system,jp,12.2125,https://www.jepx.jp/_download.php?dir=spot_summary&file=spot_summary_2017.csv
2017-09-05,jepx-top8avg-system,jp,12.45125,https://www.jepx.jp/_download.php?dir=spot_summary&file=spot_summary_2017.csv
2017-09-06,jepx-top8avg-system,jp,12.3875,https://www.jepx.jp/_download.php?dir=spot_summary&file=spot_summary_2017.csv
2017-09-07,jepx-top8avg-system,jp,11.368749999999999,https://www.jepx.jp/_download.php?dir=spot_summary&file=spot_summary_2017.csv
2017-09-08,jepx-top8avg-system,jp,10.35125,https://www.jepx.jp/_download.php?dir=spot_summary&file=spot_summary_2017.csv
2017-09-09,jepx-top8avg-system,jp,9.9275,https://www.jepx.jp/_download.php?dir=spot_summary&file=spot_summary_2017.csv
2017-09-10,jepx-top8avg-system,jp,8.84375,https://www.jepx.jp/_download.php?dir=spot_summary&file=spot_summary_2017.csv
2017-09-11,jepx-top8avg-system,jp,11.36375,https://www.jepx.jp/_download.php?dir=spot_summary&file=spot_summary_2017.csv
2017-09-12,jepx-top8avg-system,jp,15.366249999999999,https://www.jepx.jp/_download.php?dir=spot_summary&file=spot_summary_2017.csv
2017-09-13,jepx-top8avg-system,jp,13.482500000000002,https://www.jepx.jp/_download.php?dir=spot_summary&file=spot_summary_2017.csv
2017-09-14,jepx-top8avg-system,jp,11.700000000000001,https://www.jepx.jp/_download.php?dir=spot_summary&file=spot_summary_2017.csv
2017-09-15,jepx-top8avg-system,jp,12.463750000000001,https://www.jepx.jp/_download.php?dir=spot_summary&file=spot_summary_2017.csv
2017-09-16,jepx-top8avg-system,jp,8.035,https://www.jepx.jp/_download.php?dir=spot_summary&file=spot_summary_2017.csv
2017-09-17,jepx-top8avg-system,jp,8.206249999999999,https://www.jepx.jp/_download.php?dir=spot_summary&file=spot_summary_2017.csv
2017-09-18,jepx-top8avg-system,jp,9.8825,https://www.jepx.jp/_download.php?dir=spot_summary&file=spot_summary_2017.csv
2017-09-19,jepx-top8avg-system,jp,12.1075,https://www.jepx.jp/_download.php?dir=spot_summary&file=spot_summary_2017.csv
2017-09-20,jepx-top8avg-system,jp,12.46,https://www.jepx.jp/_download.php?dir=spot_summary&file=spot_summary_2017.csv
2017-09-21,jepx-top8avg-system,jp,10.48625,https://www.jepx.jp/_download.php?dir=spot_summary&file=spot_summary_2017.csv
2017-09-22,jepx-top8avg-system,jp,10.36875,https://www.jepx.jp/_download.php?dir=spot_summary&file=spot_summary_2017.csv
2017-09-23,jepx-top8avg-system,jp,8.091249999999999,https://www.jepx.jp/_download.php?dir=spot_summary&file=spot_summary_2017.csv
2017-09-24,jepx-top8avg-system,jp,7.905,https://www.jepx.jp/_download.php?dir=spot_summary&file=spot_summary_2017.csv
2017-09-25,jepx-top8avg-system,jp,10.422500000000001,https://www.jepx.jp/_download.php?dir=spot_summary&file=spot_summary_2017.csv
2017-09-26,jepx-top8avg-system,jp,11.0175,https://www.jepx.jp/_download.php?dir=spot_summary&file=spot_summary_2017.csv
2017-09-27,jepx-top8avg-system,jp,11.52125,https://www.jepx.jp/_download.php?dir=spot_summary&file=spot_summary_2017.csv
2017-09-28,jepx-top8avg-system,jp,11.842500000000001,https://www.jepx.jp/_download.php?dir=spot_summary&file=spot_summary_2017.csv
2017-09-29,jepx-top8avg-system,jp,10.32,https://www.jepx.jp/_download.php?dir=spot_summary&file=spot_summary_2017.csv
2017-09-30,jepx-top8avg-system,jp,8.9875,https://www.jepx.jp/_download.php?dir=spot_summary&file=spot_summary_2017.csv
2017-10-01,jepx-top8avg-system,jp,8.385,https://www.jepx.jp/_download.php?dir=spot_summary&file=spot_summary_2017.csv
2017-10-02,jepx-top8avg-system,jp,12.271250000000002,https://www.jepx.jp/_download.php?dir=spot_summary&file=spot_summary_2017.csv
2017-10-03,jepx-top8avg-system,jp,12.967500000000001,https://www.jepx.jp/_download.php?dir=spot_summary&file=spot_summary_2017.csv
2017-10-04,jepx-top8avg-system,jp,10.192499999999999,https://www.jepx.jp/_download.php?dir=spot_summary&file=spot_summary_2017.csv
2017-10-05,jepx-top8avg-system,jp,10.587499999999999,https://www.jepx.jp/_download.php?dir=spot_summary&file=spot_summary_2017.csv
2017-10-06,jepx-top8avg-system,jp,13.06375,https://www.jepx.jp/_download.php?dir=spot_summary&file=spot_summary_2017.csv
2017-10-07,jepx-top8avg-system,jp,10.197500000000002,https://www.jepx.jp/_download.php?dir=spot_summary&file=spot_summary_2017.csv
2017-10-08,jepx-top8avg-system,jp,8.548749999999998,https://www.jepx.jp/_download.php?dir=spot_summary&file=spot_summary_2017.csv
2017-10-09,jepx-top8avg-system,jp,8.94125,https://www.jepx.jp/_download.php?dir=spot_summary&file=spot_summary_2017.csv
2017-10-10,jepx-top8avg-system,jp,14.182500000000001,https://www.jepx.jp/_download.php?dir=spot_summary&file=spot_summary_2017.csv
2017-10-11,jepx-top8avg-system,jp,17.96125,https://www.jepx.jp/_download.php?dir=spot_summary&file=spot_summary_2017.csv
2017-10-12,jepx-top8avg-system,jp,17.775,https://www.jepx.jp/_download.php?dir=spot_summary&file=spot_summary_2017.csv
2017-10-13,jepx-top8avg-system,jp,12.71875,https://www.jepx.jp/_download.php?dir=spot_summary&file=spot_summary_2017.csv
2017-10-14,jepx-top8avg-system,jp,9.651250000000001,https://www.jepx.jp/_download.php?dir=spot_summary&file=spot_summary_2017.csv
2017-10-15,jepx-top8avg-system,jp,8.605,https://www.jepx.jp/_download.php?dir=spot_summary&file=spot_summary_2017.csv
2017-10-16,jepx-top8avg-system,jp,15.338750000000001,https://www.jepx.jp/_download.php?dir=spot_summary&file=spot_summary_2017.csv
2017-10-17,jepx-top8avg-system,jp,14.47375,https://www.jepx.jp/_download.php?dir=spot_summary&file=spot_summary_2017.csv
2017-10-18,jepx-top8avg-system,jp,11.37125,https://www.jepx.jp/_download.php?dir=spot_summary&file=spot_summary_2017.csv
2017-10-19,jepx-top8avg-system,jp,15.21125,https://www.jepx.jp/_download.php?dir=spot_summary&file=spot_summary_2017.csv
2017-10-20,jepx-top8avg-system,jp,13.4725,https://www.jepx.jp/_download.php?dir=spot_summary&file=spot_summary_2017.csv
2017-10-21,jepx-top8avg-system,jp,9.58875,https://www.jepx.jp/_download.php?dir=spot_summary&file=spot_summary_2017.csv
2017-10-22,jepx-top8avg-system,jp,8.6675,https://www.jepx.jp/_download.php?dir=spot_summary&file=spot_summary_2017.csv
2017-10-23,jepx-top8avg-system,jp,10.41125,https://www.jepx.jp/_download.php?dir=spot_summary&file=spot_summary_2017.csv
2017-10-24,jepx-top8avg-system,jp,11.77,https://www.jepx.jp/_download.php?dir=spot_summary&file=spot_summary_2017.csv
2017-10-25,jepx-top8avg-system,jp,11.15125,https://www.jepx.jp/_download.php?dir=spot_summary&file=spot_summary_2017.csv
2017-10-26,jepx-top8avg-system,jp,9.55125,https://www.jepx.jp/_download.php?dir=spot_summary&file=spot_summary_2017.csv
2017-10-27,jepx-top8avg-system,jp,9.76,https://www.jepx.jp/_download.php?dir=spot_summary&file=spot_summary_2017.csv
2017-10-28,jepx-top8avg-system,jp,9.36375,https://www.jepx.jp/_download.php?dir=spot_summary&file=spot_summary_2017.csv
2017-10-29,jepx-top8avg-system,jp,8.48875,https://www.jepx.jp/_download.php?dir=spot_summary&file=spot_summary_2017.csv
2017-10-30,jepx-top8avg-system,jp,9.97625,https://www.jepx.jp/_download.php?dir=spot_summary&file=spot_summary_2017.csv
2017-10-31,jepx-top8avg-system,jp,10.1275,https://www.jepx.jp/_download.php?dir=spot_summary&file=spot_summary_2017.csv
2017-11-01,jepx-top8avg-system,jp,9.721250000000001,https://www.jepx.jp/_download.php?dir=spot_summary&file=spot_summary_2017.csv
2017-11-02,jepx-top8avg-system,jp,10.5475,https://www.jepx.jp/_download.php?dir=spot_summary&file=spot_summary_2017.csv
2017-11-03,jepx-top8avg-system,jp,9.482500000000002,https://www.jepx.jp/_download.php?dir=spot_summary&file=spot_summary_2017.csv
2017-11-04,jepx-top8avg-system,jp,8.842500000000001,https://www.jepx.jp/_download.php?dir=spot_summary&file=spot_summary_2017.csv
2017-11-05,jepx-top8avg-system,jp,8.8125,https://www.jepx.jp/_download.php?dir=spot_summary&file=spot_summary_2017.csv
2017-11-06,jepx-top8avg-system,jp,10.475000000000001,https://www.jepx.jp/_download.php?dir=spot_summary&file=spot_summary_2017.csv
2017-11-07,jepx-top8avg-system,jp,10.9375,https://www.jepx.jp/_download.php?dir=spot_summary&file=spot_summary_2017.csv
2017-11-08,jepx-top8avg-system,jp,11.78625,https://www.jepx.jp/_download.php?dir=spot_summary&file=spot_summary_2017.csv
2017-11-09,jepx-top8avg-system,jp,10.19125,https://www.jepx.jp/_download.php?dir=spot_summary&file=spot_summary_2017.csv
2017-11-10,jepx-top8avg-system,jp,10.17625,https://www.jepx.jp/_download.php?dir=spot_summary&file=spot_summary_2017.csv
2017-11-11,jepx-top8avg-system,jp,9.215,https://www.jepx.jp/_download.php?dir=spot_summary&file=spot_summary_2017.csv
2017-11-12,jepx-top8avg-system,jp,8.715,https://www.jepx.jp/_download.php?dir=spot_summary&file=spot_summary_2017.csv
2017-11-13,jepx-top8avg-system,jp,10.938749999999999,https://www.jepx.jp/_download.php?dir=spot_summary&file=spot_summary_2017.csv
2017-11-14,jepx-top8avg-system,jp,12.536249999999999,https://www.jepx.jp/_download.php?dir=spot_summary&file=spot_summary_2017.csv
2017-11-15,jepx-top8avg-system,jp,10.89,https://www.jepx.jp/_download.php?dir=spot_summary&file=spot_summary_2017.csv
2017-11-16,jepx-top8avg-system,jp,12.73875,https://www.jepx.jp/_download.php?dir=spot_summary&file=spot_summary_2017.csv
2017-11-17,jepx-top8avg-system,jp,11.559999999999999,https://www.jepx.jp/_download.php?dir=spot_summary&file=spot_summary_2017.csv
2017-11-18,jepx-top8avg-system,jp,10.83375,https://www.jepx.jp/_download.php?dir=spot_summary&file=spot_summary_2017.csv
2017-11-19,jepx-top8avg-system,jp,9.8625,https://www.jepx.jp/_download.php?dir=spot_summary&file=spot_summary_2017.csv
2017-11-20,jepx-top8avg-system,jp,15.03875,https://www.jepx.jp/_download.php?dir=spot_summary&file=spot_summary_2017.csv
2017-11-21,jepx-top8avg-system,jp,12.001249999999999,https://www.jepx.jp/_download.php?dir=spot_summary&file=spot_summary_2017.csv
2017-11-22,jepx-top8avg-system,jp,15.704999999999998,https://www.jepx.jp/_download.php?dir=spot_summary&file=spot_summary_2017.csv
2017-11-23,jepx-top8avg-system,jp,12.52,https://www.jepx.jp/_download.php?dir=spot_summary&file=spot_summary_2017.csv
2017-11-24,jepx-top8avg-system,jp,13.23625,https://www.jepx.jp/_download.php?dir=spot_summary&file=spot_summary_2017.csv
2017-11-25,jepx-top8avg-system,jp,11.05125,https://www.jepx.jp/_download.php?dir=spot_summary&file=spot_summary_2017.csv
2017-11-26,jepx-top8avg-system,jp,10.26625,https://www.jepx.jp/_download.php?dir=spot_summary&file=spot_summary_2017.csv
2017-11-27,jepx-top8avg-system,jp,11.6275,https://www.jepx.jp/_download.php?dir=spot_summary&file=spot_summary_2017.csv
2017-11-28,jepx-top8avg-system,jp,12.098749999999999,https://www.jepx.jp/_download.php?dir=spot_summary&file=spot_summary_2017.csv
2017-11-29,jepx-top8avg-system,jp,11.55125,https://www.jepx.jp/_download.php?dir=spot_summary&file=spot_summary_2017.csv
2017-11-30,jepx-top8avg-system,jp,12.725000000000001,https://www.jepx.jp/_download.php?dir=spot_summary&file=spot_summary_2017.csv
2017-12-01,jepx-top8avg-system,jp,11.92125,https://www.jepx.jp/_download.php?dir=spot_summary&file=spot_summary_2017.csv
2017-12-02,jepx-top8avg-system,jp,10.5,https://www.jepx.jp/_download.php?dir=spot_summary&file=spot_summary_2017.csv
2017-12-03,jepx-top8avg-system,jp,10.1275,https://www.jepx.jp/_download.php?dir=spot_summary&file=spot_summary_2017.csv
2017-12-04,jepx-top8avg-system,jp,12.967500000000001,https://www.jepx.jp/_download.php?dir=spot_summary&file=spot_summary_2017.csv
2017-12-05,jepx-top8avg-system,jp,13.021249999999998,https://www.jepx.jp/_download.php?dir=spot_summary&file=spot_summary_2017.csv
2017-12-06,jepx-top8avg-system,jp,18.67125,https://www.jepx.jp/_download.php?dir=spot_summary&file=spot_summary_2017.csv
2017-12-07,jepx-top8avg-system,jp,13.307500000000001,https://www.jepx.jp/_download.php?dir=spot_summary&file=spot_summary_2017.csv
2017-12-08,jepx-top8avg-system,jp,16.24125,https://www.jepx.jp/_download.php?dir=spot_summary&file=spot_summary_2017.csv
2017-12-09,jepx-top8avg-system,jp,12.51,https://www.jepx.jp/_download.php?dir=spot_summary&file=spot_summary_2017.csv
2017-12-10,jepx-top8avg-system,jp,11.18,https://www.jepx.jp/_download.php?dir=spot_summary&file=spot_summary_2017.csv
2017-12-11,jepx-top8avg-system,jp,12.63125,https://www.jepx.jp/_download.php?dir=spot_summary&file=spot_summary_2017.csv
2017-12-12,jepx-top8avg-system,jp,20.38125,https://www.jepx.jp/_download.php?dir=spot_summary&file=spot_summary_2017.csv
2017-12-13,jepx-top8avg-system,jp,21.786250000000003,https://www.jepx.jp/_download.php?dir=spot_summary&file=spot_summary_2017.csv
2017-12-14,jepx-top8avg-system,jp,21.659999999999997,https://www.jepx.jp/_download.php?dir=spot_summary&file=spot_summary_2017.csv
2017-12-15,jepx-top8avg-system,jp,18.38125,https://www.jepx.jp/_download.php?dir=spot_summary&file=spot_summary_2017.csv
2017-12-16,jepx-top8avg-system,jp,12.9525,https://www.jepx.jp/_download.php?dir=spot_summary&file=spot_summary_2017.csv
2017-12-17,jepx-top8avg-system,jp,13.74625,https://www.jepx.jp/_download.php?dir=spot_summary&file=spot_summary_2017.csv
2017-12-18,jepx-top8avg-system,jp,21.49125,https://www.jepx.jp/_download.php?dir=spot_summary&file=spot_summary_2017.csv
2017-12-19,jepx-top8avg-system,jp,21.03125,https://www.jepx.jp/_download.php?dir=spot_summary&file=spot_summary_2017.csv
2017-12-20,jepx-top8avg-system,jp,24.51875,https://www.jepx.jp/_download.php?dir=spot_summary&file=spot_summary_2017.csv
2017-12-21,jepx-top8avg-system,jp,19.555,https://www.jepx.jp/_download.php?dir=spot_summary&file=spot_summary_2017.csv
2017-12-22,jepx-top8avg-system,jp,17.618750000000002,https://www.jepx.jp/_download.php?dir=spot_summary&file=spot_summary_2017.csv
2017-12-23,jepx-top8avg-system,jp,12.3875,https://www.jepx.jp/_download.php?dir=spot_summary&file=spot_summary_2017.csv
2017-12-24,jepx-top8avg-system,jp,10.872499999999999,https://www.jepx.jp/_download.php?dir=spot_summary&file=spot_summary_2017.csv
2017-12-25,jepx-top8avg-system,jp,18.09625,https://www.jepx.jp/_download.php?dir=spot_summary&file=spot_summary_2017.csv
2017-12-26,jepx-top8avg-system,jp,19.291249999999998,https://www.jepx.jp/_download.php?dir=spot_summary&file=spot_summary_2017.csv
2017-12-27,jepx-top8avg-system,jp,22.985000000000003,https://www.jepx.jp/_download.php?dir=spot_summary&file=spot_summary_2017.csv
2017-12-28,jepx-top8avg-system,jp,19.348750000000003,https://www.jepx.jp/_download.php?dir=spot_summary&file=spot_summary_2017.csv
2017-12-29,jepx-top8avg-system,jp,11.5375,https://www.jepx.jp/_download.php?dir=spot_summary&file=spot_summary_2017.csv
2017-12-30,jepx-top8avg-system,jp,14.69625,https://www.jepx.jp/_download.php?dir=spot_summary&file=spot_summary_2017.csv
2017-12-31,jepx-top8avg-system,jp,9.591249999999999,https://www.jepx.jp/_download.php?dir=spot_summary&file=spot_summary_2017.csv
2018-01-01,jepx-top8avg-system,jp,9.024999999999999,https://www.jepx.jp/_download.php?dir=spot_summary&file=spot_summary_2017.csv
2018-01-02,jepx-top8avg-system,jp,8.973749999999999,https://www.jepx.jp/_download.php?dir=spot_summary&file=spot_summary_2017.csv
2018-01-03,jepx-top8avg-system,jp,11.3975,https://www.jepx.jp/_download.php?dir=spot_summary&file=spot_summary_2017.csv
2018-01-04,jepx-top8avg-system,jp,10.3475,https://www.jepx.jp/_download.php?dir=spot_summary&file=spot_summary_2017.csv
2018-01-05,jepx-top8avg-system,jp,22.2975,https://www.jepx.jp/_download.php?dir=spot_summary&file=spot_summary_2017.csv
2018-01-06,jepx-top8avg-system,jp,17.09,https://www.jepx.jp/_download.php?dir=spot_summary&file=spot_summary_2017.csv
2018-01-07,jepx-top8avg-system,jp,13.73375,https://www.jepx.jp/_download.php?dir=spot_summary&file=spot_summary_2017.csv
2018-01-08,jepx-top8avg-system,jp,12.567499999999999,https://www.jepx.jp/_download.php?dir=spot_summary&file=spot_summary_2017.csv
2018-01-09,jepx-top8avg-system,jp,11.93375,https://www.jepx.jp/_download.php?dir=spot_summary&file=spot_summary_2017.csv
2018-01-10,jepx-top8avg-system,jp,13.91,https://www.jepx.jp/_download.php?dir=spot_summary&file=spot_summary_2017.csv
2018-01-11,jepx-top8avg-system,jp,17.11875,https://www.jepx.jp/_download.php?dir=spot_summary&file=spot_summary_2017.csv
2018-01-12,jepx-top8avg-system,jp,18.28125,https://www.jepx.jp/_download.php?dir=spot_summary&file=spot_summary_2017.csv
2018-01-13,jepx-top8avg-system,jp,15.243749999999999,https://www.jepx.jp/_download.php?dir=spot_summary&file=spot_summary_2017.csv
2018-01-14,jepx-top8avg-system,jp,12.372499999999999,https://www.jepx.jp/_download.php?dir=spot_summary&file=spot_summary_2017.csv
2018-01-15,jepx-top8avg-system,jp,15.747499999999999,https://www.jepx.jp/_download.php?dir=spot_summary&file=spot_summary_2017.csv
2018-01-16,jepx-top8avg-system,jp,13.681249999999999,https://www.jepx.jp/_download.php?dir=spot_summary&file=spot_summary_2017.csv
2018-01-17,jepx-top8avg-system,jp,15.66125,https://www.jepx.jp/_download.php?dir=spot_summary&file=spot_summary_2017.csv
2018-01-18,jepx-top8avg-system,jp,13.802499999999998,https://www.jepx.jp/_download.php?dir=spot_summary&file=spot_summary_2017.csv
2018-01-19,jepx-top8avg-system,jp,15.40625,https://www.jepx.jp/_download.php?dir=spot_summary&file=spot_summary_2017.csv
2018-01-20,jepx-top8avg-system,jp,12.370000000000001,https://www.jepx.jp/_download.php?dir=spot_summary&file=spot_summary_2017.csv
2018-01-21,jepx-top8avg-system,jp,12.905000000000001,https://www.jepx.jp/_download.php?dir=spot_summary&file=spot_summary_2017.csv
2018-01-22,jepx-top8avg-system,jp,25.17875,https://www.jepx.jp/_download.php?dir=spot_summary&file=spot_summary_2017.csv
2018-01-23,jepx-top8avg-system,jp,18.295,https://www.jepx.jp/_download.php?dir=spot_summary&file=spot_summary_2017.csv
2018-01-24,jepx-top8avg-system,jp,29.7075,https://www.jepx.jp/_download.php?dir=spot_summary&file=spot_summary_2017.csv
2018-01-25,jepx-top8avg-system,jp,30.393750000000004,https://www.jepx.jp/_download.php?dir=spot_summary&file=spot_summary_2017.csv
2018-01-26,jepx-top8avg-system,jp,30.700000000000003,https://www.jepx.jp/_download.php?dir=spot_summary&file=spot_summary_2017.csv
2018-01-27,jepx-top8avg-system,jp,18.1625,https://www.jepx.jp/_download.php?dir=spot_summary&file=spot_summary_2017.csv
2018-01-28,jepx-top8avg-system,jp,13.782499999999999,https://www.jepx.jp/_download.php?dir=spot_summary&file=spot_summary_2017.csv
2018-01-29,jepx-top8avg-system,jp,22.015,https://www.jepx.jp/_download.php?dir=spot_summary&file=spot_summary_2017.csv
2018-01-30,jepx-top8avg-system,jp,26.475,https://www.jepx.jp/_download.php?dir=spot_summary&file=spot_summary_2017.csv
2018-01-31,jepx-top8avg-system,jp,27.42375,https://www.jepx.jp/_download.php?dir=spot_summary&file=spot_summary_2017.csv
2018-02-01,jepx-top8avg-system,jp,25.80125,https://www.jepx.jp/_download.php?dir=spot_summary&file=spot_summary_2017.csv
2018-02-02,jepx-top8avg-system,jp,29.1325,https://www.jepx.jp/_download.php?dir=spot_summary&file=spot_summary_2017.csv
2018-02-03,jepx-top8avg-system,jp,16.3575,https://www.jepx.jp/_download.php?dir=spot_summary&file=spot_summary_2017.csv
2018-02-04,jepx-top8avg-system,jp,16.7625,https://www.jepx.jp/_download.php?dir=spot_summary&file=spot_summary_2017.csv
2018-02-05,jepx-top8avg-system,jp,38.027499999999996,https://www.jepx.jp/_download.php?dir=spot_summary&file=spot_summary_2017.csv
2018-02-06,jepx-top8avg-system,jp,32.9025,https://www.jepx.jp/_download.php?dir=spot_summary&file=spot_summary_2017.csv
2018-02-07,jepx-top8avg-system,jp,34.1575,https://www.jepx.jp/_download.php?dir=spot_summary&file=spot_summary_2017.csv
2018-02-08,jepx-top8avg-system,jp,31.89125,https://www.jepx.jp/_download.php?dir=spot_summary&file=spot_summary_2017.csv
2018-02-09,jepx-top8avg-system,jp,23.48875,https://www.jepx.jp/_download.php?dir=spot_summary&file=spot_summary_2017.csv
2018-02-10,jepx-top8avg-system,jp,17.44125,https://www.jepx.jp/_download.php?dir=spot_summary&file=spot_summary_2017.csv
2018-02-11,jepx-top8avg-system,jp,14.89125,https://www.jepx.jp/_download.php?dir=spot_summary&file=spot_summary_2017.csv
2018-02-12,jepx-top8avg-system,jp,17.618750000000002,https://www.jepx.jp/_download.php?dir=spot_summary&file=spot_summary_2017.csv
2018-02-13,jepx-top8avg-system,jp,21.07625,https://www.jepx.jp/_download.php?dir=spot_summary&file=spot_summary_2017.csv
2018-02-14,jepx-top8avg-system,jp,21.631249999999998,https://www.jepx.jp/_download.php?dir=spot_summary&file=spot_summary_2017.csv
2018-02-15,jepx-top8avg-system,jp,18.81625,https://www.jepx.jp/_download.php?dir=spot_summary&file=spot_summary_2017.csv
2018-02-16,jepx-top8avg-system,jp,19.795,https://www.jepx.jp/_download.php?dir=spot_summary&file=spot_summary_2017.csv
2018-02-17,jepx-top8avg-system,jp,13.6525,https://www.jepx.jp/_download.php?dir=spot_summary&file=spot_summary_2017.csv
2018-02-18,jepx-top8avg-system,jp,14.77,https://www.jepx.jp/_download.php?dir=spot_summary&file=spot_summary_2017.csv
2018-02-19,jepx-top8avg-system,jp,20.10125,https://www.jepx.jp/_download.php?dir=spot_summary&file=spot_summary_2017.csv
2018-02-20,jepx-top8avg-system,jp,18.27,https://www.jepx.jp/_download.php?dir=spot_summary&file=spot_summary_2017.csv
2018-02-21,jepx-top8avg-system,jp,20.0,https://www.jepx.jp/_download.php?dir=spot_summary&file=spot_summary_2017.csv
2018-02-22,jepx-top8avg-system,jp,16.2775,https://www.jepx.jp/_download.php?dir=spot_summary&file=spot_summary_2017.csv
2018-02-23,jepx-top8avg-system,jp,19.810000000000002,https://www.jepx.jp/_download.php?dir=spot_summary&file=spot_summary_2017.csv
2018-02-24,jepx-top8avg-system,jp,12.93375,https://www.jepx.jp/_download.php?dir=spot_summary&file=spot_summary_2017.csv
2018-02-25,jepx-top8avg-system,jp,14.46125,https://www.jepx.jp/_download.php?dir=spot_summary&file=spot_summary_2017.csv
2018-02-26,jepx-top8avg-system,jp,18.91875,https://www.jepx.jp/_download.php?dir=spot_summary&file=spot_summary_2017.csv
2018-02-27,jepx-top8avg-system,jp,15.755,https://www.jepx.jp/_download.php?dir=spot_summary&file=spot_summary_2017.csv
2018-02-28,jepx-top8avg-system,jp,14.565,https://www.jepx.jp/_download.php?dir=spot_summary&file=spot_summary_2017.csv
2018-03-01,jepx-top8avg-system,jp,13.045,https://www.jepx.jp/_download.php?dir=spot_summary&file=spot_summary_2017.csv
2018-03-02,jepx-top8avg-system,jp,13.02,https://www.jepx.jp/_download.php?dir=spot_summary&file=spot_summary_2017.csv
2018-03-03,jepx-top8avg-system,jp,11.565000000000001,https://www.jepx.jp/_download.php?dir=spot_summary&file=spot_summary_2017.csv
2018-03-04,jepx-top8avg-system,jp,10.37875,https://www.jepx.jp/_download.php?dir=spot_summary&file=spot_summary_2017.csv
2018-03-05,jepx-top8avg-system,jp,13.032499999999999,https://www.jepx.jp/_download.php?dir=spot_summary&file=spot_summary_2017.csv
2018-03-06,jepx-top8avg-system,jp,12.401250000000001,https://www.jepx.jp/_download.php?dir=spot_summary&file=spot_summary_2017.csv
2018-03-07,jepx-top8avg-system,jp,14.35375,https://www.jepx.jp/_download.php?dir=spot_summary&file=spot_summary_2017.csv
2018-03-08,jepx-top8avg-system,jp,16.83,https://www.jepx.jp/_download.php?dir=spot_summary&file=spot_summary_2017.csv
2018-03-09,jepx-top8avg-system,jp,14.01125,https://www.jepx.jp/_download.php?dir=spot_summary&file=spot_summary_2017.csv
2018-03-10,jepx-top8avg-system,jp,10.91,https://www.jepx.jp/_download.php?dir=spot_summary&file=spot_summary_2017.csv
2018-03-11,jepx-top8avg-system,jp,11.989999999999998,https://www.jepx.jp/_download.php?dir=spot_summary&file=spot_summary_2017.csv
2018-03-12,jepx-top8avg-system,jp,13.67,https://www.jepx.jp/_download.php?dir=spot_summary&file=spot_summary_2017.csv
2018-03-13,jepx-top8avg-system,jp,12.03875,https://www.jepx.jp/_download.php?dir=spot_summary&file=spot_summary_2017.csv
2018-03-14,jepx-top8avg-system,jp,10.6375,https://www.jepx.jp/_download.php?dir=spot_summary&file=spot_summary_2017.csv
2018-03-15,jepx-top8avg-system,jp,10.592500000000001,https://www.jepx.jp/_download.php?dir=spot_summary&file=spot_summary_2017.csv
2018-03-16,jepx-top8avg-system,jp,12.1775,https://www.jepx.jp/_download.php?dir=spot_summary&file=spot_summary_2017.csv
2018-03-17,jepx-top8avg-system,jp,11.925,https://www.jepx.jp/_download.php?dir=spot_summary&file=spot_summary_2017.csv
2018-03-18,jepx-top8avg-system,jp,9.903749999999999,https://www.jepx.jp/_download.php?dir=spot_summary&file=spot_summary_2017.csv
2018-03-19,jepx-top8avg-system,jp,11.82125,https://www.jepx.jp/_download.php?dir=spot_summary&file=spot_summary_2017.csv
2018-03-20,jepx-top8avg-system,jp,15.0025,https://www.jepx.jp/_download.php?dir=spot_summary&file=spot_summary_2017.csv
2018-03-21,jepx-top8avg-system,jp,13.65,https://www.jepx.jp/_download.php?dir=spot_summary&file=spot_summary_2017.csv
2018-03-22,jepx-top8avg-system,jp,12.2725,https://www.jepx.jp/_download.php?dir=spot_summary&file=spot_summary_2017.csv
2018-03-23,jepx-top8avg-system,jp,13.79375,https://www.jepx.jp/_download.php?dir=spot_summary&file=spot_summary_2017.csv
2018-03-24,jepx-top8avg-system,jp,9.8875,https://www.jepx.jp/_download.php?dir=spot_summary&file=spot_summary_2017.csv
2018-03-25,jepx-top8avg-system,jp,9.776250000000001,https://www.jepx.jp/_download.php?dir=spot_summary&file=spot_summary_2017.csv
2018-03-26,jepx-top8avg-system,jp,10.001249999999999,https://www.jepx.jp/_download.php?dir=spot_summary&file=spot_summary_2017.csv
2018-03-27,jepx-top8avg-system,jp,9.6175,https://www.jepx.jp/_download.php?dir=spot_summary&file=spot_summary_2017.csv
2018-03-28,jepx-top8avg-system,jp,9.59,https://www.jepx.jp/_download.php?dir=spot_summary&file=spot_summary_2017.csv
2018-03-29,jepx-top8avg-system,jp,9.48625,https://www.jepx.jp/_download.php?dir=spot_summary&file=spot_summary_2017.csv
2018-03-30,jepx-top8avg-system,jp,9.745000000000001,https://www.jepx.jp/_download.php?dir=spot_summary&file=spot_summary_2017.csv
2018-03-31,jepx-top8avg-system,jp,9.4575,https://www.jepx.jp/_download.php?dir=spot_summary&file=spot_summary_2017.csv
2018-04-01,jepx-top8avg-system,jp,8.89125,https://www.jepx.jp/_download.php?dir=spot_summary&file=spot_summary_2018.csv
2018-04-02,jepx-top8avg-system,jp,9.01,https://www.jepx.jp/_download.php?dir=spot_summary&file=spot_summary_2018.csv
2018-04-03,jepx-top8avg-system,jp,9.58625,https://www.jepx.jp/_download.php?dir=spot_summary&file=spot_summary_2018.csv
2018-04-04,jepx-top8avg-system,jp,10.0325,https://www.jepx.jp/_download.php?dir=spot_summary&file=spot_summary_2018.csv
2018-04-05,jepx-top8avg-system,jp,9.50125,https://www.jepx.jp/_download.php?dir=spot_summary&file=spot_summary_2018.csv
2018-04-06,jepx-top8avg-system,jp,10.657499999999999,https://www.jepx.jp/_download.php?dir=spot_summary&file=spot_summary_2018.csv
2018-04-07,jepx-top8avg-system,jp,10.061250000000001,https://www.jepx.jp/_download.php?dir=spot_summary&file=spot_summary_2018.csv
2018-04-08,jepx-top8avg-system,jp,10.311250000000001,https://www.jepx.jp/_download.php?dir=spot_summary&file=spot_summary_2018.csv
2018-04-09,jepx-top8avg-system,jp,10.91375,https://www.jepx.jp/_download.php?dir=spot_summary&file=spot_summary_2018.csv
2018-04-10,jepx-top8avg-system,jp,10.29875,https://www.jepx.jp/_download.php?dir=spot_summary&file=spot_summary_2018.csv
2018-04-11,jepx-top8avg-system,jp,11.81375,https://www.jepx.jp/_download.php?dir=spot_summary&file=spot_summary_2018.csv
2018-04-12,jepx-top8avg-system,jp,9.70125,https://www.jepx.jp/_download.php?dir=spot_summary&file=spot_summary_2018.csv
2018-04-13,jepx-top8avg-system,jp,10.075,https://www.jepx.jp/_download.php?dir=spot_summary&file=spot_summary_2018.csv
2018-04-14,jepx-top8avg-system,jp,9.674999999999999,https://www.jepx.jp/_download.php?dir=spot_summary&file=spot_summary_2018.csv
2018-04-15,jepx-top8avg-system,jp,9.353750000000002,https://www.jepx.jp/_download.php?dir=spot_summary&file=spot_summary_2018.csv
2018-04-16,jepx-top8avg-system,jp,10.13125,https://www.jepx.jp/_download.php?dir=spot_summary&file=spot_summary_2018.csv
2018-04-17,jepx-top8avg-system,jp,10.53,https://www.jepx.jp/_download.php?dir=spot_summary&file=spot_summary_2018.csv
2018-04-18,jepx-top8avg-system,jp,10.665000000000001,https://www.jepx.jp/_download.php?dir=spot_summary&file=spot_summary_2018.csv
2018-04-19,jepx-top8avg-system,jp,10.098749999999999,https://www.jepx.jp/_download.php?dir=spot_summary&file=spot_summary_2018.csv
2018-04-20,jepx-top8avg-system,jp,10.15625,https://www.jepx.jp/_download.php?dir=spot_summary&file=spot_summary_2018.csv
2018-04-21,jepx-top8avg-system,jp,9.0475,https://www.jepx.jp/_download.php?dir=spot_summary&file=spot_summary_2018.csv
2018-04-22,jepx-top8avg-system,jp,9.49,https://www.jepx.jp/_download.php?dir=spot_summary&file=spot_summary_2018.csv
2018-04-23,jepx-top8avg-system,jp,9.8,https://www.jepx.jp/_download.php?dir=spot_summary&file=spot_summary_2018.csv
2018-04-24,jepx-top8avg-system,jp,13.93625,https://www.jepx.jp/_download.php?dir=spot_summary&file=spot_summary_2018.csv
2018-04-25,jepx-top8avg-system,jp,10.61125,https://www.jepx.jp/_download.php?dir=spot_summary&file=spot_summary_2018.csv
2018-04-26,jepx-top8avg-system,jp,9.7075,https://www.jepx.jp/_download.php?dir=spot_summary&file=spot_summary_2018.csv
2018-04-27,jepx-top8avg-system,jp,10.85125,https://www.jepx.jp/_download.php?dir=spot_summary&file=spot_summary_2018.csv
2018-04-28,jepx-top8avg-system,jp,9.71875,https://www.jepx.jp/_download.php?dir=spot_summary&file=spot_summary_2018.csv
2018-04-29,jepx-top8avg-system,jp,9.951250000000002,https://www.jepx.jp/_download.php?dir=spot_summary&file=spot_summary_2018.csv
2018-04-30,jepx-top8avg-system,jp,10.61375,https://www.jepx.jp/_download.php?dir=spot_summary&file=spot_summary_2018.csv
2018-05-01,jepx-top8avg-system,jp,11.32125,https://www.jepx.jp/_download.php?dir=spot_summary&file=spot_summary_2018.csv
2018-05-02,jepx-top8avg-system,jp,11.46875,https://www.jepx.jp/_download.php?dir=spot_summary&file=spot_summary_2018.csv
2018-05-03,jepx-top8avg-system,jp,10.4075,https://www.jepx.jp/_download.php?dir=spot_summary&file=spot_summary_2018.csv
2018-05-04,jepx-top8avg-system,jp,9.991249999999999,https://www.jepx.jp/_download.php?dir=spot_summary&file=spot_summary_2018.csv
2018-05-05,jepx-top8avg-system,jp,10.0625,https://www.jepx.jp/_download.php?dir=spot_summary&file=spot_summary_2018.csv
2018-05-06,jepx-top8avg-system,jp,10.25,https://www.jepx.jp/_download.php?dir=spot_summary&file=spot_summary_2018.csv
2018-05-07,jepx-top8avg-system,jp,14.03,https://www.jepx.jp/_download.php?dir=spot_summary&file=spot_summary_2018.csv
2018-05-08,jepx-top8avg-system,jp,11.611250000000002,https://www.jepx.jp/_download.php?dir=spot_summary&file=spot_summary_2018.csv
2018-05-09,jepx-top8avg-system,jp,10.7475,https://www.jepx.jp/_download.php?dir=spot_summary&file=spot_summary_2018.csv
2018-05-10,jepx-top8avg-system,jp,10.1775,https://www.jepx.jp/_download.php?dir=spot_summary&file=spot_summary_2018.csv
2018-05-11,jepx-top8avg-system,jp,9.462499999999999,https://www.jepx.jp/_download.php?dir=spot_summary&file=spot_summary_2018.csv
2018-05-12,jepx-top8avg-system,jp,9.81,https://www.jepx.jp/_download.php?dir=spot_summary&file=spot_summary_2018.csv
2018-05-13,jepx-top8avg-system,jp,9.138749999999998,https://www.jepx.jp/_download.php?dir=spot_summary&file=spot_summary_2018.csv
2018-05-14,jepx-top8avg-system,jp,9.83125,https://www.jepx.jp/_download.php?dir=spot_summary&file=spot_summary_2018.csv
2018-05-15,jepx-top8avg-system,jp,10.70375,https://www.jepx.jp/_download.php?dir=spot_summary&file=spot_summary_2018.csv
2018-05-16,jepx-top8avg-system,jp,10.629999999999999,https://www.jepx.jp/_download.php?dir=spot_summary&file=spot_summary_2018.csv
2018-05-17,jepx-top8avg-system,jp,11.39125,https://www.jepx.jp/_download.php?dir=spot_summary&file=spot_summary_2018.csv
2018-05-18,jepx-top8avg-system,jp,11.36625,https://www.jepx.jp/_download.php?dir=spot_summary&file=spot_summary_2018.csv
2018-05-19,jepx-top8avg-system,jp,9.43875,https://www.jepx.jp/_download.php?dir=spot_summary&file=spot_summary_2018.csv
2018-05-20,jepx-top8avg-system,jp,8.982499999999998,https://www.jepx.jp/_download.php?dir=spot_summary&file=spot_summary_2018.csv
2018-05-21,jepx-top8avg-system,jp,9.80875,https://www.jepx.jp/_download.php?dir=spot_summary&file=spot_summary_2018.csv
2018-05-22,jepx-top8avg-system,jp,10.645,https://www.jepx.jp/_download.php?dir=spot_summary&file=spot_summary_2018.csv
2018-05-23,jepx-top8avg-system,jp,12.56875,https://www.jepx.jp/_download.php?dir=spot_summary&file=spot_summary_2018.csv
2018-05-24,jepx-top8avg-system,jp,10.33875,https://www.jepx.jp/_download.php?dir=spot_summary&file=spot_summary_2018.csv
2018-05-25,jepx-top8avg-system,jp,13.1675,https://www.jepx.jp/_download.php?dir=spot_summary&file=spot_summary_2018.csv
2018-05-26,jepx-top8avg-system,jp,10.227500000000001,https://www.jepx.jp/_download.php?dir=spot_summary&file=spot_summary_2018.csv
2018-05-27,jepx-top8avg-system,jp,10.45875,https://www.jepx.jp/_download.php?dir=spot_summary&file=spot_summary_2018.csv
2018-05-28,jepx-top8avg-system,jp,12.74625,https://www.jepx.jp/_download.php?dir=spot_summary&file=spot_summary_2018.csv
2018-05-29,jepx-top8avg-system,jp,12.719999999999999,https://www.jepx.jp/_download.php?dir=spot_summary&file=spot_summary_2018.csv
2018-05-30,jepx-top8avg-system,jp,12.329999999999998,https://www.jepx.jp/_download.php?dir=spot_summary&file=spot_summary_2018.csv
2018-05-31,jepx-top8avg-system,jp,11.16625,https://www.jepx.jp/_download.php?dir=spot_summary&file=spot_summary_2018.csv
2018-06-01,jepx-top8avg-system,jp,10.8075,https://www.jepx.jp/_download.php?dir=spot_summary&file=spot_summary_2018.csv
2018-06-02,jepx-top8avg-system,jp,9.955,https://www.jepx.jp/_download.php?dir=spot_summary&file=spot_summary_2018.csv
2018-06-03,jepx-top8avg-system,jp,10.28875,https://www.jepx.jp/_download.php?dir=spot_summary&file=spot_summary_2018.csv
2018-06-04,jepx-top8avg-system,jp,11.445,https://www.jepx.jp/_download.php?dir=spot_summary&file=spot_summary_2018.csv
2018-06-05,jepx-top8avg-system,jp,12.2775,https://www.jepx.jp/_download.php?dir=spot_summary&file=spot_summary_2018.csv
2018-06-06,jepx-top8avg-system,jp,12.0875,https://www.jepx.jp/_download.php?dir=spot_summary&file=spot_summary_2018.csv
2018-06-07,jepx-top8avg-system,jp,11.7725,https://www.jepx.jp/_download.php?dir=spot_summary&file=spot_summary_2018.csv
2018-06-08,jepx-top8avg-system,jp,12.30375,https://www.jepx.jp/_download.php?dir=spot_summary&file=spot_summary_2018.csv
2018-06-09,jepx-top8avg-system,jp,11.58625,https://www.jepx.jp/_download.php?dir=spot_summary&file=spot_summary_2018.csv
2018-06-10,jepx-top8avg-system,jp,10.3925,https://www.jepx.jp/_download.php?dir=spot_summary&file=spot_summary_2018.csv
2018-06-11,jepx-top8avg-system,jp,12.11875,https://www.jepx.jp/_download.php?dir=spot_summary&file=spot_summary_2018.csv
2018-06-12,jepx-top8avg-system,jp,11.915000000000001,https://www.jepx.jp/_download.php?dir=spot_summary&file=spot_summary_2018.csv
2018-06-13,jepx-top8avg-system,jp,10.9975,https://www.jepx.jp/_download.php?dir=spot_summary&file=spot_summary_2018.csv
2018-06-14,jepx-top8avg-system,jp,11.192499999999999,https://www.jepx.jp/_download.php?dir=spot_summary&file=spot_summary_2018.csv
2018-06-15,jepx-top8avg-system,jp,10.38875,https://www.jepx.jp/_download.php?dir=spot_summary&file=spot_summary_2018.csv
2018-06-16,jepx-top8avg-system,jp,9.701249999999998,https://www.jepx.jp/_download.php?dir=spot_summary&file=spot_summary_2018.csv
2018-06-17,jepx-top8avg-system,jp,10.14375,https://www.jepx.jp/_download.php?dir=spot_summary&file=spot_summary_2018.csv
2018-06-18,jepx-top8avg-system,jp,10.67875,https://www.jepx.jp/_download.php?dir=spot_summary&file=spot_summary_2018.csv
2018-06-19,jepx-top8avg-system,jp,11.098749999999999,https://www.jepx.jp/_download.php?dir=spot_summary&file=spot_summary_2018.csv
2018-06-20,jepx-top8avg-system,jp,10.95375,https://www.jepx.jp/_download.php?dir=spot_summary&file=spot_summary_2018.csv
2018-06-21,jepx-top8avg-system,jp,10.535,https://www.jepx.jp/_download.php?dir=spot_summary&file=spot_summary_2018.csv
2018-06-22,jepx-top8avg-system,jp,10.37875,https://www.jepx.jp/_download.php?dir=spot_summary&file=spot_summary_2018.csv
2018-06-23,jepx-top8avg-system,jp,10.19375,https://www.jepx.jp/_download.php?dir=spot_summary&file=spot_summary_2018.csv
2018-06-24,jepx-top8avg-system,jp,10.235,https://www.jepx.jp/_download.php?dir=spot_summary&file=spot_summary_2018.csv
2018-06-25,jepx-top8avg-system,jp,11.118749999999999,https://www.jepx.jp/_download.php?dir=spot_summary&file=spot_summary_2018.csv
2018-06-26,jepx-top8avg-system,jp,11.0775,https://www.jepx.jp/_download.php?dir=spot_summary&file=spot_summary_2018.csv
2018-06-27,jepx-top8avg-system,jp,12.90375,https://www.jepx.jp/_download.php?dir=spot_summary&file=spot_summary_2018.csv
2018-06-28,jepx-top8avg-system,jp,13.73,https://www.jepx.jp/_download.php?dir=spot_summary&file=spot_summary_2018.csv
2018-06-29,jepx-top8avg-system,jp,13.725,https://www.jepx.jp/_download.php?dir=spot_summary&file=spot_summary_2018.csv
2018-06-30,jepx-top8avg-system,jp,12.901250000000001,https://www.jepx.jp/_download.php?dir=spot_summary&file=spot_summary_2018.csv
2018-07-01,jepx-top8avg-system,jp,12.195,https://www.jepx.jp/_download.php?dir=spot_summary&file=spot_summary_2018.csv
2018-07-02,jepx-top8avg-system,jp,14.94875,https://www.jepx.jp/_download.php?dir=spot_summary&file=spot_summary_2018.csv
2018-07-03,jepx-top8avg-system,jp,15.807500000000001,https://www.jepx.jp/_download.php?dir=spot_summary&file=spot_summary_2018.csv
2018-07-04,jepx-top8avg-system,jp,14.03,https://www.jepx.jp/_download.php?dir=spot_summary&file=spot_summary_2018.csv
2018-07-05,jepx-top8avg-system,jp,14.03,https://www.jepx.jp/_download.php?dir=spot_summary&file=spot_summary_2018.csv
2018-07-06,jepx-top8avg-system,jp,12.866249999999999,https://www.jepx.jp/_download.php?dir=spot_summary&file=spot_summary_2018.csv
2018-07-07,jepx-top8avg-system,jp,10.94875,https://www.jepx.jp/_download.php?dir=spot_summary&file=spot_summary_2018.csv
2018-07-08,jepx-top8avg-system,jp,10.620000000000001,https://www.jepx.jp/_download.php?dir=spot_summary&file=spot_summary_2018.csv
2018-07-09,jepx-top8avg-system,jp,13.809999999999999,https://www.jepx.jp/_download.php?dir=spot_summary&file=spot_summary_2018.csv
2018-07-10,jepx-top8avg-system,jp,13.62375,https://www.jepx.jp/_download.php?dir=spot_summary&file=spot_summary_2018.csv
2018-07-11,jepx-top8avg-system,jp,14.165,https://www.jepx.jp/_download.php?dir=spot_summary&file=spot_summary_2018.csv
2018-07-12,jepx-top8avg-system,jp,14.39,https://www.jepx.jp/_download.php?dir=spot_summary&file=spot_summary_2018.csv
2018-07-13,jepx-top8avg-system,jp,14.399999999999999,https://www.jepx.jp/_download.php?dir=spot_summary&file=spot_summary_2018.csv
2018-07-14,jepx-top8avg-system,jp,13.6275,https://www.jepx.jp/_download.php?dir=spot_summary&file=spot_summary_2018.csv
2018-07-15,jepx-top8avg-system,jp,13.5275,https://www.jepx.jp/_download.php?dir=spot_summary&file=spot_summary_2018.csv
2018-07-16,jepx-top8avg-system,jp,13.81,https://www.jepx.jp/_download.php?dir=spot_summary&file=spot_summary_2018.csv
2018-07-17,jepx-top8avg-system,jp,19.21875,https://www.jepx.jp/_download.php?dir=spot_summary&file=spot_summary_2018.csv
2018-07-18,jepx-top8avg-system,jp,26.145,https://www.jepx.jp/_download.php?dir=spot_summary&file=spot_summary_2018.csv
2018-07-19,jepx-top8avg-system,jp,33.30125,https://www.jepx.jp/_download.php?dir=spot_summary&file=spot_summary_2018.csv
2018-07-20,jepx-top8avg-system,jp,30.28125,https://www.jepx.jp/_download.php?dir=spot_summary&file=spot_summary_2018.csv
2018-07-21,jepx-top8avg-system,jp,14.620000000000001,https://www.jepx.jp/_download.php?dir=spot_summary&file=spot_summary_2018.csv
2018-07-22,jepx-top8avg-system,jp,13.66875,https://www.jepx.jp/_download.php?dir=spot_summary&file=spot_summary_2018.csv
2018-07-23,jepx-top8avg-system,jp,45.91,https://www.jepx.jp/_download.php?dir=spot_summary&file=spot_summary_2018.csv
2018-07-24,jepx-top8avg-system,jp,58.2625,https://www.jepx.jp/_download.php?dir=spot_summary&file=spot_summary_2018.csv
2018-07-25,jepx-top8avg-system,jp,46.8725,https://www.jepx.jp/_download.php?dir=spot_summary&file=spot_summary_2018.csv
2018-07-26,jepx-top8avg-system,jp,29.146250000000002,https://www.jepx.jp/_download.php?dir=spot_summary&file=spot_summary_2018.csv
2018-07-27,jepx-top8avg-system,jp,22.168750000000003,https://www.jepx.jp/_download.php?dir=spot_summary&file=spot_summary_2018.csv
2018-07-28,jepx-top8avg-system,jp,11.3675,https://www.jepx.jp/_download.php?dir=spot_summary&file=spot_summary_2018.csv
2018-07-29,jepx-top8avg-system,jp,11.778749999999999,https://www.jepx.jp/_download.php?dir=spot_summary&file=spot_summary_2018.csv
2018-07-30,jepx-top8avg-system,jp,15.965,https://www.jepx.jp/_download.php?dir=spot_summary&file=spot_summary_2018.csv
2018-07-31,jepx-top8avg-system,jp,18.2875,https://www.jepx.jp/_download.php?dir=spot_summary&file=spot_summary_2018.csv
2018-08-01,jepx-top8avg-system,jp,20.35,https://www.jepx.jp/_download.php?dir=spot_summary&file=spot_summary_2018.csv
2018-08-02,jepx-top8avg-system,jp,29.950000000000003,https://www.jepx.jp/_download.php?dir=spot_summary&file=spot_summary_2018.csv
2018-08-03,jepx-top8avg-system,jp,37.2025,https://www.jepx.jp/_download.php?dir=spot_summary&file=spot_summary_2018.csv
2018-08-04,jepx-top8avg-system,jp,13.8,https://www.jepx.jp/_download.php?dir=spot_summary&file=spot_summary_2018.csv
2018-08-05,jepx-top8avg-system,jp,14.8375,https://www.jepx.jp/_download.php?dir=spot_summary&file=spot_summary_2018.csv
2018-08-06,jepx-top8avg-system,jp,42.49625,https://www.jepx.jp/_download.php?dir=spot_summary&file=spot_summary_2018.csv
2018-08-07,jepx-top8avg-system,jp,18.28,https://www.jepx.jp/_download.php?dir=spot_summary&file=spot_summary_2018.csv
2018-08-08,jepx-top8avg-system,jp,17.908749999999998,https://www.jepx.jp/_download.php?dir=spot_summary&file=spot_summary_2018.csv
2018-08-09,jepx-top8avg-system,jp,15.60875,https://www.jepx.jp/_download.php?dir=spot_summary&file=spot_summary_2018.csv
2018-08-10,jepx-top8avg-system,jp,18.123749999999998,https://www.jepx.jp/_download.php?dir=spot_summary&file=spot_summary_2018.csv
2018-08-11,jepx-top8avg-system,jp,14.126249999999999,https://www.jepx.jp/_download.php?dir=spot_summary&file=spot_summary_2018.csv
2018-08-12,jepx-top8avg-system,jp,14.098749999999999,https://www.jepx.jp/_download.php?dir=spot_summary&file=spot_summary_2018.csv
2018-08-13,jepx-top8avg-system,jp,13.291250000000002,https://www.jepx.jp/_download.php?dir=spot_summary&file=spot_summary_2018.csv
2018-08-14,jepx-top8avg-system,jp,13.45125,https://www.jepx.jp/_download.php?dir=spot_summary&file=spot_summary_2018.csv
2018-08-15,jepx-top8avg-system,jp,12.84625,https://www.jepx.jp/_download.php?dir=spot_summary&file=spot_summary_2018.csv
2018-08-16,jepx-top8avg-system,jp,14.46375,https://www.jepx.jp/_download.php?dir=spot_summary&file=spot_summary_2018.csv
2018-08-17,jepx-top8avg-system,jp,12.82,https://www.jepx.jp/_download.php?dir=spot_summary&file=spot_summary_2018.csv
2018-08-18,jepx-top8avg-system,jp,10.8875,https://www.jepx.jp/_download.php?dir=spot_summary&file=spot_summary_2018.csv
2018-08-19,jepx-top8avg-system,jp,10.5125,https://www.jepx.jp/_download.php?dir=spot_summary&file=spot_summary_2018.csv
2018-08-20,jepx-top8avg-system,jp,13.836250000000001,https://www.jepx.jp/_download.php?dir=spot_summary&file=spot_summary_2018.csv
2018-08-21,jepx-top8avg-system,jp,14.4275,https://www.jepx.jp/_download.php?dir=spot_summary&file=spot_summary_2018.csv
2018-08-22,jepx-top8avg-system,jp,17.45125,https://www.jepx.jp/_download.php?dir=spot_summary&file=spot_summary_2018.csv
2018-08-23,jepx-top8avg-system,jp,35.55,https://www.jepx.jp/_download.php?dir=spot_summary&file=spot_summary_2018.csv
2018-08-24,jepx-top8avg-system,jp,26.244999999999997,https://www.jepx.jp/_download.php?dir=spot_summary&file=spot_summary_2018.csv
2018-08-25,jepx-top8avg-system,jp,16.06375,https://www.jepx.jp/_download.php?dir=spot_summary&file=spot_summary_2018.csv
2018-08-26,jepx-top8avg-system,jp,18.3025,https://www.jepx.jp/_download.php?dir=spot_summary&file=spot_summary_2018.csv
2018-08-27,jepx-top8avg-system,jp,27.745,https://www.jepx.jp/_download.php?dir=spot_summary&file=spot_summary_2018.csv
2018-08-28,jepx-top8avg-system,jp,21.3475,https://www.jepx.jp/_download.php?dir=spot_summary&file=spot_summary_2018.csv
2018-08-29,jepx-top8avg-system,jp,15.334999999999999,https://www.jepx.jp/_download.php?dir=spot_summary&file=spot_summary_2018.csv
2018-08-30,jepx-top8avg-system,jp,20.458750000000002,https://www.jepx.jp/_download.php?dir=spot_summary&file=spot_summary_2018.csv
2018-08-31,jepx-top8avg-system,jp,20.30125,https://www.jepx.jp/_download.php?dir=spot_summary&file=spot_summary_2018.csv
2018-09-01,jepx-top8avg-system,jp,14.535,https://www.jepx.jp/_download.php?dir=spot_summary&file=spot_summary_2018.csv
2018-09-02,jepx-top8avg-system,jp,11.79875,https://www.jepx.jp/_download.php?dir=spot_summary&file=spot_summary_2018.csv
2018-09-03,jepx-top8avg-system,jp,14.9925,https://www.jepx.jp/_download.php?dir=spot_summary&file=spot_summary_2018.csv
2018-09-04,jepx-top8avg-system,jp,14.817499999999999,https://www.jepx.jp/_download.php?dir=spot_summary&file=spot_summary_2018.csv
2018-09-05,jepx-top8avg-system,jp,16.69375,https://www.jepx.jp/_download.php?dir=spot_summary&file=spot_summary_2018.csv
2018-09-06,jepx-top8avg-system,jp,20.38,https://www.jepx.jp/_download.php?dir=spot_summary&file=spot_summary_2018.csv
2018-09-07,jepx-top8avg-system,jp,22.94125,https://www.jepx.jp/_download.php?dir=spot_summary&file=spot_summary_2018.csv
2018-09-08,jepx-top8avg-system,jp,12.32375,https://www.jepx.jp/_download.php?dir=spot_summary&file=spot_summary_2018.csv
2018-09-09,jepx-top8avg-system,jp,11.013750000000002,https://www.jepx.jp/_download.php?dir=spot_summary&file=spot_summary_2018.csv
2018-09-10,jepx-top8avg-system,jp,12.235,https://www.jepx.jp/_download.php?dir=spot_summary&file=spot_summary_2018.csv
2018-09-11,jepx-top8avg-system,jp,10.89125,https://www.jepx.jp/_download.php?dir=spot_summary&file=spot_summary_2018.csv
2018-09-12,jepx-top8avg-system,jp,10.846250000000001,https://www.jepx.jp/_download.php?dir=spot_summary&file=spot_summary_2018.csv
2018-09-13,jepx-top8avg-system,jp,11.081249999999999,https://www.jepx.jp/_download.php?dir=spot_summary&file=spot_summary_2018.csv
2018-09-14,jepx-top8avg-system,jp,11.07125,https://www.jepx.jp/_download.php?dir=spot_summary&file=spot_summary_2018.csv
2018-09-15,jepx-top8avg-system,jp,10.53625,https://www.jepx.jp/_download.php?dir=spot_summary&file=spot_summary_2018.csv
2018-09-16,jepx-top8avg-system,jp,11.60125,https://www.jepx.jp/_download.php?dir=spot_summary&file=spot_summary_2018.csv
2018-09-17,jepx-top8avg-system,jp,12.3825,https://www.jepx.jp/_download.php?dir=spot_summary&file=spot_summary_2018.csv
2018-09-18,jepx-top8avg-system,jp,11.74,https://www.jepx.jp/_download.php?dir=spot_summary&file=spot_summary_2018.csv
2018-09-19,jepx-top8avg-system,jp,11.20625,https://www.jepx.jp/_download.php?dir=spot_summary&file=spot_summary_2018.csv
2018-09-20,jepx-top8avg-system,jp,11.2125,https://www.jepx.jp/_download.php?dir=spot_summary&file=spot_summary_2018.csv
2018-09-21,jepx-top8avg-system,jp,11.541250000000002,https://www.jepx.jp/_download.php?dir=spot_summary&file=spot_summary_2018.csv
2018-09-22,jepx-top8avg-system,jp,11.20875,https://www.jepx.jp/_download.php?dir=spot_summary&file=spot_summary_2018.csv
2018-09-23,jepx-top8avg-system,jp,10.5275,https://www.jepx.jp/_download.php?dir=spot_summary&file=spot_summary_2018.csv
2018-09-24,jepx-top8avg-system,jp,11.637500000000001,https://www.jepx.jp/_download.php?dir=spot_summary&file=spot_summary_2018.csv
2018-09-25,jepx-top8avg-system,jp,10.9625,https://www.jepx.jp/_download.php?dir=spot_summary&file=spot_summary_2018.csv
2018-09-26,jepx-top8avg-system,jp,10.6275,https://www.jepx.jp/_download.php?dir=spot_summary&file=spot_summary_2018.csv
2018-09-27,jepx-top8avg-system,jp,10.6475,https://www.jepx.jp/_download.php?dir=spot_summary&file=spot_summary_2018.csv
2018-09-28,jepx-top8avg-system,jp,10.907499999999999,https://www.jepx.jp/_download.php?dir=spot_summary&file=spot_summary_2018.csv
2018-09-29,jepx-top8avg-system,jp,10.661249999999999,https://www.jepx.jp/_download.php?dir=spot_summary&file=spot_summary_2018.csv
2018-09-30,jepx-top8avg-system,jp,10.96375,https://www.jepx.jp/_download.php?dir=spot_summary&file=spot_summary_2018.csv
2018-10-01,jepx-top8avg-system,jp,13.20125,https://www.jepx.jp/_download.php?dir=spot_summary&file=spot_summary_2018.csv
2018-10-02,jepx-top8avg-system,jp,11.10125,https://www.jepx.jp/_download.php?dir=spot_summary&file=spot_summary_2018.csv
2018-10-03,jepx-top8avg-system,jp,11.592500000000001,https://www.jepx.jp/_download.php?dir=spot_summary&file=spot_summary_2018.csv
2018-10-04,jepx-top8avg-system,jp,11.2,https://www.jepx.jp/_download.php?dir=spot_summary&file=spot_summary_2018.csv
2018-10-05,jepx-top8avg-system,jp,11.716249999999999,https://www.jepx.jp/_download.php?dir=spot_summary&file=spot_summary_2018.csv
2018-10-06,jepx-top8avg-system,jp,11.837499999999999,https://www.jepx.jp/_download.php?dir=spot_summary&file=spot_summary_2018.csv
2018-10-07,jepx-top8avg-system,jp,11.48125,https://www.jepx.jp/_download.php?dir=spot_summary&file=spot_summary_2018.csv
2018-10-08,jepx-top8avg-system,jp,11.64375,https://www.jepx.jp/_download.php?dir=spot_summary&file=spot_summary_2018.csv
2018-10-09,jepx-top8avg-system,jp,11.66,https://www.jepx.jp/_download.php?dir=spot_summary&file=spot_summary_2018.csv
2018-10-10,jepx-top8avg-system,jp,13.6325,https://www.jepx.jp/_download.php?dir=spot_summary&file=spot_summary_2018.csv
2018-10-11,jepx-top8avg-system,jp,14.09625,https://www.jepx.jp/_download.php?dir=spot_summary&file=spot_summary_2018.csv
2018-10-12,jepx-top8avg-system,jp,12.715,https://www.jepx.jp/_download.php?dir=spot_summary&file=spot_summary_2018.csv
2018-10-13,jepx-top8avg-system,jp,10.99,https://www.jepx.jp/_download.php?dir=spot_summary&file=spot_summary_2018.csv
2018-10-14,jepx-top8avg-system,jp,10.81625,https://www.jepx.jp/_download.php?dir=spot_summary&file=spot_summary_2018.csv
2018-10-15,jepx-top8avg-system,jp,12.7425,https://www.jepx.jp/_download.php?dir=spot_summary&file=spot_summary_2018.csv
2018-10-16,jepx-top8avg-system,jp,15.001249999999999,https://www.jepx.jp/_download.php?dir=spot_summary&file=spot_summary_2018.csv
2018-10-17,jepx-top8avg-system,jp,13.16375,https://www.jepx.jp/_download.php?dir=spot_summary&file=spot_summary_2018.csv
2018-10-18,jepx-top8avg-system,jp,13.786249999999999,https://www.jepx.jp/_download.php?dir=spot_summary&file=spot_summary_2018.csv
2018-10-19,jepx-top8avg-system,jp,13.225,https://www.jepx.jp/_download.php?dir=spot_summary&file=spot_summary_2018.csv
2018-10-20,jepx-top8avg-system,jp,11.60375,https://www.jepx.jp/_download.php?dir=spot_summary&file=spot_summary_2018.csv
2018-10-21,jepx-top8avg-system,jp,11.337499999999999,https://www.jepx.jp/_download.php?dir=spot_summary&file=spot_summary_2018.csv
2018-10-22,jepx-top8avg-system,jp,11.99125,https://www.jepx.jp/_download.php?dir=spot_summary&file=spot_summary_2018.csv
2018-10-23,jepx-top8avg-system,jp,12.1175,https://www.jepx.jp/_download.php?dir=spot_summary&file=spot_summary_2018.csv
2018-10-24,jepx-top8avg-system,jp,12.2075,https://www.jepx.jp/_download.php?dir=spot_summary&file=spot_summary_2018.csv
2018-10-25,jepx-top8avg-system,jp,12.215,https://www.jepx.jp/_download.php?dir=spot_summary&file=spot_summary_2018.csv
2018-10-26,jepx-top8avg-system,jp,12.14125,https://www.jepx.jp/_download.php?dir=spot_summary&file=spot_summary_2018.csv
2018-10-27,jepx-top8avg-system,jp,11.197500000000002,https://www.jepx.jp/_download.php?dir=spot_summary&file=spot_summary_2018.csv
2018-10-28,jepx-top8avg-system,jp,11.3725,https://www.jepx.jp/_download.php?dir=spot_summary&file=spot_summary_2018.csv
2018-10-29,jepx-top8avg-system,jp,12.7125,https://www.jepx.jp/_download.php?dir=spot_summary&file=spot_summary_2018.csv
2018-10-30,jepx-top8avg-system,jp,12.56375,https://www.jepx.jp/_download.php?dir=spot_summary&file=spot_summary_2018.csv
2018-10-31,jepx-top8avg-system,jp,12.3475,https://www.jepx.jp/_download.php?dir=spot_summary&file=spot_summary_2018.csv
2018-11-01,jepx-top8avg-system,jp,11.63375,https://www.jepx.jp/_download.php?dir=spot_summary&file=spot_summary_2018.csv
2018-11-02,jepx-top8avg-system,jp,11.6375,https://www.jepx.jp/_download.php?dir=spot_summary&file=spot_summary_2018.csv
2018-11-03,jepx-top8avg-system,jp,11.192499999999999,https://www.jepx.jp/_download.php?dir=spot_summary&file=spot_summary_2018.csv
2018-11-04,jepx-top8avg-system,jp,11.205,https://www.jepx.jp/_download.php?dir=spot_summary&file=spot_summary_2018.csv
2018-11-05,jepx-top8avg-system,jp,11.815,https://www.jepx.jp/_download.php?dir=spot_summary&file=spot_summary_2018.csv
2018-11-06,jepx-top8avg-system,jp,12.629999999999999,https://www.jepx.jp/_download.php?dir=spot_summary&file=spot_summary_2018.csv
2018-11-07,jepx-top8avg-system,jp,12.193750000000001,https://www.jepx.jp/_download.php?dir=spot_summary&file=spot_summary_2018.csv
2018-11-08,jepx-top8avg-system,jp,12.155000000000001,https://www.jepx.jp/_download.php?dir=spot_summary&file=spot_summary_2018.csv
2018-11-09,jepx-top8avg-system,jp,11.892500000000002,https://www.jepx.jp/_download.php?dir=spot_summary&file=spot_summary_2018.csv
2018-11-10,jepx-top8avg-system,jp,11.195,https://www.jepx.jp/_download.php?dir=spot_summary&file=spot_summary_2018.csv
2018-11-11,jepx-top8avg-system,jp,10.973749999999999,https://www.jepx.jp/_download.php?dir=spot_summary&file=spot_summary_2018.csv
2018-11-12,jepx-top8avg-system,jp,12.00375,https://www.jepx.jp/_download.php?dir=spot_summary&file=spot_summary_2018.csv
2018-11-13,jepx-top8avg-system,jp,11.82875,https://www.jepx.jp/_download.php?dir=spot_summary&file=spot_summary_2018.csv
2018-11-14,jepx-top8avg-system,jp,11.59,https://www.jepx.jp/_download.php?dir=spot_summary&file=spot_summary_2018.csv
2018-11-15,jepx-top8avg-system,jp,11.752500000000001,https://www.jepx.jp/_download.php?dir=spot_summary&file=spot_summary_2018.csv
2018-11-16,jepx-top8avg-system,jp,11.66625,https://www.jepx.jp/_download.php?dir=spot_summary&file=spot_summary_2018.csv
2018-11-17,jepx-top8avg-system,jp,11.0975,https://www.jepx.jp/_download.php?dir=spot_summary&file=spot_summary_2018.csv
2018-11-18,jepx-top8avg-system,jp,11.073749999999999,https://www.jepx.jp/_download.php?dir=spot_summary&file=spot_summary_2018.csv
2018-11-19,jepx-top8avg-system,jp,13.54875,https://www.jepx.jp/_download.php?dir=spot_summary&file=spot_summary_2018.csv
2018-11-20,jepx-top8avg-system,jp,12.55375,https://www.jepx.jp/_download.php?dir=spot_summary&file=spot_summary_2018.csv
2018-11-21,jepx-top8avg-system,jp,12.759999999999998,https://www.jepx.jp/_download.php?dir=spot_summary&file=spot_summary_2018.csv
2018-11-22,jepx-top8avg-system,jp,13.47625,https://www.jepx.jp/_download.php?dir=spot_summary&file=spot_summary_2018.csv
2018-11-23,jepx-top8avg-system,jp,13.27625,https://www.jepx.jp/_download.php?dir=spot_summary&file=spot_summary_2018.csv
2018-11-24,jepx-top8avg-system,jp,12.01875,https://www.jepx.jp/_download.php?dir=spot_summary&file=spot_summary_2018.csv
2018-11-25,jepx-top8avg-system,jp,11.58,https://www.jepx.jp/_download.php?dir=spot_summary&file=spot_summary_2018.csv
2018-11-26,jepx-top8avg-system,jp,12.2775,https://www.jepx.jp/_download.php?dir=spot_summary&file=spot_summary_2018.csv
2018-11-27,jepx-top8avg-system,jp,11.585,https://www.jepx.jp/_download.php?dir=spot_summary&file=spot_summary_2018.csv
2018-11-28,jepx-top8avg-system,jp,12.67375,https://www.jepx.jp/_download.php?dir=spot_summary&file=spot_summary_2018.csv
2018-11-29,jepx-top8avg-system,jp,12.66375,https://www.jepx.jp/_download.php?dir=spot_summary&file=spot_summary_2018.csv
2018-11-30,jepx-top8avg-system,jp,12.64125,https://www.jepx.jp/_download.php?dir=spot_summary&file=spot_summary_2018.csv
2018-12-01,jepx-top8avg-system,jp,10.776250000000001,https://www.jepx.jp/_download.php?dir=spot_summary&file=spot_summary_2018.csv
2018-12-02,jepx-top8avg-system,jp,10.91625,https://www.jepx.jp/_download.php?dir=spot_summary&file=spot_summary_2018.csv
2018-12-03,jepx-top8avg-system,jp,11.2275,https://www.jepx.jp/_download.php?dir=spot_summary&file=spot_summary_2018.csv
2018-12-04,jepx-top8avg-system,jp,11.1475,https://www.jepx.jp/_download.php?dir=spot_summary&file=spot_summary_2018.csv
2018-12-05,jepx-top8avg-system,jp,11.0725,https://www.jepx.jp/_download.php?dir=spot_summary&file=spot_summary_2018.csv
2018-12-06,jepx-top8avg-system,jp,11.901250000000001,https://www.jepx.jp/_download.php?dir=spot_summary&file=spot_summary_2018.csv
2018-12-07,jepx-top8avg-system,jp,11.07625,https://www.jepx.jp/_download.php?dir=spot_summary&file=spot_summary_2018.csv
2018-12-08,jepx-top8avg-system,jp,11.225000000000001,https://www.jepx.jp/_download.php?dir=spot_summary&file=spot_summary_2018.csv
2018-12-09,jepx-top8avg-system,jp,11.5525,https://www.jepx.jp/_download.php?dir=spot_summary&file=spot_summary_2018.csv
2018-12-10,jepx-top8avg-system,jp,13.24,https://www.jepx.jp/_download.php?dir=spot_summary&file=spot_summary_2018.csv
2018-12-11,jepx-top8avg-system,jp,15.37625,https://www.jepx.jp/_download.php?dir=spot_summary&file=spot_summary_2018.csv
2018-12-12,jepx-top8avg-system,jp,14.54,https://www.jepx.jp/_download.php?dir=spot_summary&file=spot_summary_2018.csv
2018-12-13,jepx-top8avg-system,jp,17.21,https://www.jepx.jp/_download.php?dir=spot_summary&file=spot_summary_2018.csv
2018-12-14,jepx-top8avg-system,jp,15.1075,https://www.jepx.jp/_download.php?dir=spot_summary&file=spot_summary_2018.csv
2018-12-15,jepx-top8avg-system,jp,12.091249999999999,https://www.jepx.jp/_download.php?dir=spot_summary&file=spot_summary_2018.csv
2018-12-16,jepx-top8avg-system,jp,11.32,https://www.jepx.jp/_download.php?dir=spot_summary&file=spot_summary_2018.csv
2018-12-17,jepx-top8avg-system,jp,13.395,https://www.jepx.jp/_download.php?dir=spot_summary&file=spot_summary_2018.csv
2018-12-18,jepx-top8avg-system,jp,14.65875,https://www.jepx.jp/_download.php?dir=spot_summary&file=spot_summary_2018.csv
2018-12-19,jepx-top8avg-system,jp,12.26125,https://www.jepx.jp/_download.php?dir=spot_summary&file=spot_summary_2018.csv
2018-12-20,jepx-top8avg-system,jp,12.22,https://www.jepx.jp/_download.php?dir=spot_summary&file=spot_summary_2018.csv
2018-12-21,jepx-top8avg-system,jp,11.95875,https://www.jepx.jp/_download.php?dir=spot_summary&file=spot_summary_2018.csv
2018-12-22,jepx-top8avg-system,jp,11.42125,https://www.jepx.jp/_download.php?dir=spot_summary&file=spot_summary_2018.csv
2018-12-23,jepx-top8avg-system,jp,10.759999999999998,https://www.jepx.jp/_download.php?dir=spot_summary&file=spot_summary_2018.csv
2018-12-24,jepx-top8avg-system,jp,11.838750000000001,https://www.jepx.jp/_download.php?dir=spot_summary&file=spot_summary_2018.csv
2018-12-25,jepx-top8avg-system,jp,13.00375,https://www.jepx.jp/_download.php?dir=spot_summary&file=spot_summary_2018.csv
2018-12-26,jepx-top8avg-system,jp,12.6325,https://www.jepx.jp/_download.php?dir=spot_summary&file=spot_summary_2018.csv
2018-12-27,jepx-top8avg-system,jp,11.780000000000001,https://www.jepx.jp/_download.php?dir=spot_summary&file=spot_summary_2018.csv
2018-12-28,jepx-top8avg-system,jp,11.3125,https://www.jepx.jp/_download.php?dir=spot_summary&file=spot_summary_2018.csv
2018-12-29,jepx-top8avg-system,jp,11.18,https://www.jepx.jp/_download.php?dir=spot_summary&file=spot_summary_2018.csv
2018-12-30,jepx-top8avg-system,jp,11.60625,https://www.jepx.jp/_download.php?dir=spot_summary&file=spot_summary_2018.csv
2018-12-31,jepx-top8avg-system,jp,10.83625,https://www.jepx.jp/_download.php?dir=spot_summary&file=spot_summary_2018.csv
2019-01-01,jepx-top8avg-system,jp,9.73,https://www.jepx.jp/_download.php?dir=spot_summary&file=spot_summary_2018.csv
2019-01-02,jepx-top8avg-system,jp,10.42125,https://www.jepx.jp/_download.php?dir=spot_summary&file=spot_summary_2018.csv
2019-01-03,jepx-top8avg-system,jp,10.79875,https://www.jepx.jp/_download.php?dir=spot_summary&file=spot_summary_2018.csv
2019-01-04,jepx-top8avg-system,jp,10.92125,https://www.jepx.jp/_download.php?dir=spot_summary&file=spot_summary_2018.csv
2019-01-05,jepx-top8avg-system,jp,10.89125,https://www.jepx.jp/_download.php?dir=spot_summary&file=spot_summary_2018.csv
2019-01-06,jepx-top8avg-system,jp,11.416249999999998,https://www.jepx.jp/_download.php?dir=spot_summary&file=spot_summary_2018.csv
2019-01-07,jepx-top8avg-system,jp,11.815,https://www.jepx.jp/_download.php?dir=spot_summary&file=spot_summary_2018.csv
2019-01-08,jepx-top8avg-system,jp,11.85125,https://www.jepx.jp/_download.php?dir=spot_summary&file=spot_summary_2018.csv
2019-01-09,jepx-top8avg-system,jp,12.75,https://www.jepx.jp/_download.php?dir=spot_summary&file=spot_summary_2018.csv
2019-01-10,jepx-top8avg-system,jp,13.747499999999999,https://www.jepx.jp/_download.php?dir=spot_summary&file=spot_summary_2018.csv
2019-01-11,jepx-top8avg-system,jp,12.895,https://www.jepx.jp/_download.php?dir=spot_summary&file=spot_summary_2018.csv
2019-01-12,jepx-top8avg-system,jp,11.536249999999999,https://www.jepx.jp/_download.php?dir=spot_summary&file=spot_summary_2018.csv
2019-01-13,jepx-top8avg-system,jp,11.48875,https://www.jepx.jp/_download.php?dir=spot_summary&file=spot_summary_2018.csv
2019-01-14,jepx-top8avg-system,jp,13.015,https://www.jepx.jp/_download.php?dir=spot_summary&file=spot_summary_2018.csv
2019-01-15,jepx-top8avg-system,jp,13.389999999999999,https://www.jepx.jp/_download.php?dir=spot_summary&file=spot_summary_2018.csv
2019-01-16,jepx-top8avg-system,jp,12.745000000000001,https://www.jepx.jp/_download.php?dir=spot_summary&file=spot_summary_2018.csv
2019-01-17,jepx-top8avg-system,jp,12.7,https://www.jepx.jp/_download.php?dir=spot_summary&file=spot_summary_2018.csv
2019-01-18,jepx-top8avg-system,jp,12.43375,https://www.jepx.jp/_download.php?dir=spot_summary&file=spot_summary_2018.csv
2019-01-19,jepx-top8avg-system,jp,11.326250000000002,https://www.jepx.jp/_download.php?dir=spot_summary&file=spot_summary_2018.csv
2019-01-20,jepx-top8avg-system,jp,10.561250000000001,https://www.jepx.jp/_download.php?dir=spot_summary&file=spot_summary_2018.csv
2019-01-21,jepx-top8avg-system,jp,12.82375,https://www.jepx.jp/_download.php?dir=spot_summary&file=spot_summary_2018.csv
2019-01-22,jepx-top8avg-system,jp,13.38375,https://www.jepx.jp/_download.php?dir=spot_summary&file=spot_summary_2018.csv
2019-01-23,jepx-top8avg-system,jp,12.611249999999998,https://www.jepx.jp/_download.php?dir=spot_summary&file=spot_summary_2018.csv
2019-01-24,jepx-top8avg-system,jp,13.6,https://www.jepx.jp/_download.php?dir=spot_summary&file=spot_summary_2018.csv
2019-01-25,jepx-top8avg-system,jp,13.8025,https://www.jepx.jp/_download.php?dir=spot_summary&file=spot_summary_2018.csv
2019-01-26,jepx-top8avg-system,jp,13.0,https://www.jepx.jp/_download.php?dir=spot_summary&file=spot_summary_2018.csv
2019-01-27,jepx-top8avg-system,jp,11.834999999999999,https://www.jepx.jp/_download.php?dir=spot_summary&file=spot_summary_2018.csv
2019-01-28,jepx-top8avg-system,jp,13.81875,https://www.jepx.jp/_download.php?dir=spot_summary&file=spot_summary_2018.csv
2019-01-29,jepx-top8avg-system,jp,13.6525,https://www.jepx.jp/_download.php?dir=spot_summary&file=spot_summary_2018.csv
2019-01-30,jepx-top8avg-system,jp,13.3125,https://www.jepx.jp/_download.php?dir=spot_summary&file=spot_summary_2018.csv
2019-01-31,jepx-top8avg-system,jp,15.0725,https://www.jepx.jp/_download.php?dir=spot_summary&file=spot_summary_2018.csv
2019-02-01,jepx-top8avg-system,jp,13.535,https://www.jepx.jp/_download.php?dir=spot_summary&file=spot_summary_2018.csv
2019-02-02,jepx-top8avg-system,jp,11.66,https://www.jepx.jp/_download.php?dir=spot_summary&file=spot_summary_2018.csv
2019-02-03,jepx-top8avg-system,jp,10.11,https://www.jepx.jp/_download.php?dir=spot_summary&file=spot_summary_2018.csv
2019-02-04,jepx-top8avg-system,jp,10.76125,https://www.jepx.jp/_download.php?dir=spot_summary&file=spot_summary_2018.csv
2019-02-05,jepx-top8avg-system,jp,11.935,https://www.jepx.jp/_download.php?dir=spot_summary&file=spot_summary_2018.csv
2019-02-06,jepx-top8avg-system,jp,12.275,https://www.jepx.jp/_download.php?dir=spot_summary&file=spot_summary_2018.csv
2019-02-07,jepx-top8avg-system,jp,10.754999999999999,https://www.jepx.jp/_download.php?dir=spot_summary&file=spot_summary_2018.csv
2019-02-08,jepx-top8avg-system,jp,12.74625,https://www.jepx.jp/_download.php?dir=spot_summary&file=spot_summary_2018.csv
2019-02-09,jepx-top8avg-system,jp,12.2625,https://www.jepx.jp/_download.php?dir=spot_summary&file=spot_summary_2018.csv
2019-02-10,jepx-top8avg-system,jp,12.16875,https://www.jepx.jp/_download.php?dir=spot_summary&file=spot_summary_2018.csv
2019-02-11,jepx-top8avg-system,jp,12.469999999999999,https://www.jepx.jp/_download.php?dir=spot_summary&file=spot_summary_2018.csv
2019-02-12,jepx-top8avg-system,jp,12.2125,https://www.jepx.jp/_download.php?dir=spot_summary&file=spot_summary_2018.csv
2019-02-13,jepx-top8avg-system,jp,12.4,https://www.jepx.jp/_download.php?dir=spot_summary&file=spot_summary_2018.csv
2019-02-14,jepx-top8avg-system,jp,13.00875,https://www.jepx.jp/_download.php?dir=spot_summary&file=spot_summary_2018.csv
2019-02-15,jepx-top8avg-system,jp,12.407499999999999,https://www.jepx.jp/_download.php?dir=spot_summary&file=spot_summary_2018.csv
2019-02-16,jepx-top8avg-system,jp,10.7425,https://www.jepx.jp/_download.php?dir=spot_summary&file=spot_summary_2018.csv
2019-02-17,jepx-top8avg-system,jp,11.015,https://www.jepx.jp/_download.php?dir=spot_summary&file=spot_summary_2018.csv
2019-02-18,jepx-top8avg-system,jp,11.502500000000001,https://www.jepx.jp/_download.php?dir=spot_summary&file=spot_summary_2018.csv
2019-02-19,jepx-top8avg-system,jp,11.01625,https://www.jepx.jp/_download.php?dir=spot_summary&file=spot_summary_2018.csv
2019-02-20,jepx-top8avg-system,jp,9.972499999999998,https://www.jepx.jp/_download.php?dir=spot_summary&file=spot_summary_2018.csv
2019-02-21,jepx-top8avg-system,jp,10.905000000000001,https://www.jepx.jp/_download.php?dir=spot_summary&file=spot_summary_2018.csv
2019-02-22,jepx-top8avg-system,jp,10.86,https://www.jepx.jp/_download.php?dir=spot_summary&file=spot_summary_2018.csv
2019-02-23,jepx-top8avg-system,jp,10.442499999999999,https://www.jepx.jp/_download.php?dir=spot_summary&file=spot_summary_2018.csv
2019-02-24,jepx-top8avg-system,jp,9.95,https://www.jepx.jp/_download.php?dir=spot_summary&file=spot_summary_2018.csv
2019-02-25,jepx-top8avg-system,jp,9.57625,https://www.jepx.jp/_download.php?dir=spot_summary&file=spot_summary_2018.csv
2019-02-26,jepx-top8avg-system,jp,9.799999999999999,https://www.jepx.jp/_download.php?dir=spot_summary&file=spot_summary_2018.csv
2019-02-27,jepx-top8avg-system,jp,9.379999999999999,https://www.jepx.jp/_download.php?dir=spot_summary&file=spot_summary_2018.csv
2019-02-28,jepx-top8avg-system,jp,10.21,https://www.jepx.jp/_download.php?dir=spot_summary&file=spot_summary_2018.csv
2019-03-01,jepx-top8avg-system,jp,9.71125,https://www.jepx.jp/_download.php?dir=spot_summary&file=spot_summary_2018.csv
2019-03-02,jepx-top8avg-system,jp,9.92125,https://www.jepx.jp/_download.php?dir=spot_summary&file=spot_summary_2018.csv
2019-03-03,jepx-top8avg-system,jp,9.401250000000001,https://www.jepx.jp/_download.php?dir=spot_summary&file=spot_summary_2018.csv
2019-03-04,jepx-top8avg-system,jp,10.56125,https://www.jepx.jp/_download.php?dir=spot_summary&file=spot_summary_2018.csv
2019-03-05,jepx-top8avg-system,jp,9.95125,https://www.jepx.jp/_download.php?dir=spot_summary&file=spot_summary_2018.csv
2019-03-06,jepx-top8avg-system,jp,10.09625,https://www.jepx.jp/_download.php?dir=spot_summary&file=spot_summary_2018.csv
2019-03-07,jepx-top8avg-system,jp,10.4225,https://www.jepx.jp/_download.php?dir=spot_summary&file=spot_summary_2018.csv
2019-03-08,jepx-top8avg-system,jp,10.206249999999999,https://www.jepx.jp/_download.php?dir=spot_summary&file=spot_summary_2018.csv
2019-03-09,jepx-top8avg-system,jp,9.497499999999999,https://www.jepx.jp/_download.php?dir=spot_summary&file=spot_summary_2018.csv
2019-03-10,jepx-top8avg-system,jp,9.56375,https://www.jepx.jp/_download.php?dir=spot_summary&file=spot_summary_2018.csv
2019-03-11,jepx-top8avg-system,jp,9.712499999999999,https://www.jepx.jp/_download.php?dir=spot_summary&file=spot_summary_2018.csv
2019-03-12,jepx-top8avg-system,jp,9.43125,https://www.jepx.jp/_download.php?dir=spot_summary&file=spot_summary_2018.csv
2019-03-13,jepx-top8avg-system,jp,9.50625,https://www.jepx.jp/_download.php?dir=spot_summary&file=spot_summary_2018.csv
2019-03-14,jepx-top8avg-system,jp,9.94875,https://www.jepx.jp/_download.php?dir=spot_summary&file=spot_summary_2018.csv
2019-03-15,jepx-top8avg-system,jp,10.264999999999999,https://www.jepx.jp/_download.php?dir=spot_summary&file=spot_summary_2018.csv
2019-03-16,jepx-top8avg-system,jp,10.38875,https://www.jepx.jp/_download.php?dir=spot_summary&file=spot_summary_2018.csv
2019-03-17,jepx-top8avg-system,jp,10.401250000000001,https://www.jepx.jp/_download.php?dir=spot_summary&file=spot_summary_2018.csv
2019-03-18,jepx-top8avg-system,jp,10.34375,https://www.jepx.jp/_download.php?dir=spot_summary&file=spot_summary_2018.csv
2019-03-19,jepx-top8avg-system,jp,9.77,https://www.jepx.jp/_download.php?dir=spot_summary&file=spot_summary_2018.csv
2019-03-20,jepx-top8avg-system,jp,8.72,https://www.jepx.jp/_download.php?dir=spot_summary&file=spot_summary_2018.csv
2019-03-21,jepx-top8avg-system,jp,9.67125,https://www.jepx.jp/_download.php?dir=spot_summary&file=spot_summary_2018.csv
2019-03-22,jepx-top8avg-system,jp,9.76125,https://www.jepx.jp/_download.php?dir=spot_summary&file=spot_summary_2018.csv
2019-03-23,jepx-top8avg-system,jp,10.287500000000001,https://www.jepx.jp/_download.php?dir=spot_summary&file=spot_summary_2018.csv
2019-03-24,jepx-top8avg-system,jp,10.3975,https://www.jepx.jp/_download.php?dir=spot_summary&file=spot_summary_2018.csv
2019-03-25,jepx-top8avg-system,jp,10.186250000000001,https://www.jepx.jp/_download.php?dir=spot_summary&file=spot_summary_2018.csv
2019-03-26,jepx-top8avg-system,jp,9.175,https://www.jepx.jp/_download.php?dir=spot_summary&file=spot_summary_2018.csv
2019-03-27,jepx-top8avg-system,jp,9.165,https://www.jepx.jp/_download.php?dir=spot_summary&file=spot_summary_2018.csv
2019-03-28,jepx-top8avg-system,jp,9.63625,https://www.jepx.jp/_download.php?dir=spot_summary&file=spot_summary_2018.csv
2019-03-29,jepx-top8avg-system,jp,9.57,https://www.jepx.jp/_download.php?dir=spot_summary&file=spot_summary_2018.csv
2019-03-30,jepx-top8avg-system,jp,10.34375,https://www.jepx.jp/_download.php?dir=spot_summary&file=spot_summary_2018.csv
2019-03-31,jepx-top8avg-system,jp,10.40375,https://www.jepx.jp/_download.php?dir=spot_summary&file=spot_summary_2018.csv
2019-04-01,jepx-top8avg-system,jp,12.041250000000002,https://www.jepx.jp/_download.php?dir=spot_summary&file=spot_summary_2019.csv
2019-04-02,jepx-top8avg-system,jp,11.629999999999999,https://www.jepx.jp/_download.php?dir=spot_summary&file=spot_summary_2019.csv
2019-04-03,jepx-top8avg-system,jp,11.84375,https://www.jepx.jp/_download.php?dir=spot_summary&file=spot_summary_2019.csv
2019-04-04,jepx-top8avg-system,jp,10.5325,https://www.jepx.jp/_download.php?dir=spot_summary&file=spot_summary_2019.csv
2019-04-05,jepx-top8avg-system,jp,8.653749999999999,https://www.jepx.jp/_download.php?dir=spot_summary&file=spot_summary_2019.csv
2019-04-06,jepx-top8avg-system,jp,8.0775,https://www.jepx.jp/_download.php?dir=spot_summary&file=spot_summary_2019.csv
2019-04-07,jepx-top8avg-system,jp,6.938750000000001,https://www.jepx.jp/_download.php?dir=spot_summary&file=spot_summary_2019.csv
2019-04-08,jepx-top8avg-system,jp,11.01,https://www.jepx.jp/_download.php?dir=spot_summary&file=spot_summary_2019.csv
2019-04-09,jepx-top8avg-system,jp,9.291250000000002,https://www.jepx.jp/_download.php?dir=spot_summary&file=spot_summary_2019.csv
2019-04-10,jepx-top8avg-system,jp,18.916249999999998,https://www.jepx.jp/_download.php?dir=spot_summary&file=spot_summary_2019.csv
2019-04-11,jepx-top8avg-system,jp,13.565,https://www.jepx.jp/_download.php?dir=spot_summary&file=spot_summary_2019.csv
2019-04-12,jepx-top8avg-system,jp,13.5,https://www.jepx.jp/_download.php?dir=spot_summary&file=spot_summary_2019.csv
2019-04-13,jepx-top8avg-system,jp,10.8575,https://www.jepx.jp/_download.php?dir=spot_summary&file=spot_summary_2019.csv
2019-04-14,jepx-top8avg-system,jp,10.17375,https://www.jepx.jp/_download.php?dir=spot_summary&file=spot_summary_2019.csv
2019-04-15,jepx-top8avg-system,jp,10.59125,https://www.jepx.jp/_download.php?dir=spot_summary&file=spot_summary_2019.csv
2019-04-16,jepx-top8avg-system,jp,10.41625,https://www.jepx.jp/_download.php?dir=spot_summary&file=spot_summary_2019.csv
2019-04-17,jepx-top8avg-system,jp,10.32375,https://www.jepx.jp/_download.php?dir=spot_summary&file=spot_summary_2019.csv
2019-04-18,jepx-top8avg-system,jp,10.338750000000001,https://www.jepx.jp/_download.php?dir=spot_summary&file=spot_summary_2019.csv
2019-04-19,jepx-top8avg-system,jp,10.14,https://www.jepx.jp/_download.php?dir=spot_summary&file=spot_summary_2019.csv
2019-04-20,jepx-top8avg-system,jp,10.061250000000001,https://www.jepx.jp/_download.php?dir=spot_summary&file=spot_summary_2019.csv
2019-04-21,jepx-top8avg-system,jp,9.33625,https://www.jepx.jp/_download.php?dir=spot_summary&file=spot_summary_2019.csv
2019-04-22,jepx-top8avg-system,jp,10.241249999999999,https://www.jepx.jp/_download.php?dir=spot_summary&file=spot_summary_2019.csv
2019-04-23,jepx-top8avg-system,jp,10.33125,https://www.jepx.jp/_download.php?dir=spot_summary&file=spot_summary_2019.csv
2019-04-24,jepx-top8avg-system,jp,10.168750000000001,https://www.jepx.jp/_download.php?dir=spot_summary&file=spot_summary_2019.csv
2019-04-25,jepx-top8avg-system,jp,10.21375,https://www.jepx.jp/_download.php?dir=spot_summary&file=spot_summary_2019.csv
2019-04-26,jepx-top8avg-system,jp,10.258750000000001,https://www.jepx.jp/_download.php?dir=spot_summary&file=spot_summary_2019.csv
2019-04-27,jepx-top8avg-system,jp,10.1875,https://www.jepx.jp/_download.php?dir=spot_summary&file=spot_summary_2019.csv
2019-04-28,jepx-top8avg-system,jp,10.315000000000001,https://www.jepx.jp/_download.php?dir=spot_summary&file=spot_summary_2019.csv
2019-04-29,jepx-top8avg-system,jp,10.326249999999998,https://www.jepx.jp/_download.php?dir=spot_summary&file=spot_summary_2019.csv
2019-04-30,jepx-top8avg-system,jp,12.33375,https://www.jepx.jp/_download.php?dir=spot_summary&file=spot_summary_2019.csv
2019-05-01,jepx-top8avg-system,jp,11.22875,https://www.jepx.jp/_download.php?dir=spot_summary&file=spot_summary_2019.csv
2019-05-02,jepx-top8avg-system,jp,9.60375,https://www.jepx.jp/_download.php?dir=spot_summary&file=spot_summary_2019.csv
2019-05-03,jepx-top8avg-system,jp,9.655000000000001,https://www.jepx.jp/_download.php?dir=spot_summary&file=spot_summary_2019.csv
2019-05-04,jepx-top8avg-system,jp,9.35125,https://www.jepx.jp/_download.php?dir=spot_summary&file=spot_summary_2019.csv
2019-05-05,jepx-top8avg-system,jp,9.11125,https://www.jepx.jp/_download.php?dir=spot_summary&file=spot_summary_2019.csv
2019-05-06,jepx-top8avg-system,jp,9.7075,https://www.jepx.jp/_download.php?dir=spot_summary&file=spot_summary_2019.csv
2019-05-07,jepx-top8avg-system,jp,9.934999999999999,https://www.jepx.jp/_download.php?dir=spot_summary&file=spot_summary_2019.csv
2019-05-08,jepx-top8avg-system,jp,9.9725,https://www.jepx.jp/_download.php?dir=spot_summary&file=spot_summary_2019.csv
2019-05-09,jepx-top8avg-system,jp,10.3975,https://www.jepx.jp/_download.php?dir=spot_summary&file=spot_summary_2019.csv
2019-05-10,jepx-top8avg-system,jp,9.89125,https://www.jepx.jp/_download.php?dir=spot_summary&file=spot_summary_2019.csv
2019-05-11,jepx-top8avg-system,jp,9.1675,https://www.jepx.jp/_download.php?dir=spot_summary&file=spot_summary_2019.csv
2019-05-12,jepx-top8avg-system,jp,9.0275,https://www.jepx.jp/_download.php?dir=spot_summary&file=spot_summary_2019.csv
2019-05-13,jepx-top8avg-system,jp,9.557500000000001,https://www.jepx.jp/_download.php?dir=spot_summary&file=spot_summary_2019.csv
2019-05-14,jepx-top8avg-system,jp,9.45625,https://www.jepx.jp/_download.php?dir=spot_summary&file=spot_summary_2019.csv
2019-05-15,jepx-top8avg-system,jp,9.4175,https://www.jepx.jp/_download.php?dir=spot_summary&file=spot_summary_2019.csv
2019-05-16,jepx-top8avg-system,jp,9.376249999999999,https://www.jepx.jp/_download.php?dir=spot_summary&file=spot_summary_2019.csv
2019-05-17,jepx-top8avg-system,jp,9.4725,https://www.jepx.jp/_download.php?dir=spot_summary&file=spot_summary_2019.csv
2019-05-18,jepx-top8avg-system,jp,9.23625,https://www.jepx.jp/_download.php?dir=spot_summary&file=spot_summary_2019.csv
2019-05-19,jepx-top8avg-system,jp,8.57,https://www.jepx.jp/_download.php?dir=spot_summary&file=spot_summary_2019.csv
2019-05-20,jepx-top8avg-system,jp,10.65625,https://www.jepx.jp/_download.php?dir=spot_summary&file=spot_summary_2019.csv
2019-05-21,jepx-top8avg-system,jp,9.837499999999999,https://www.jepx.jp/_download.php?dir=spot_summary&file=spot_summary_2019.csv
2019-05-22,jepx-top8avg-system,jp,9.92125,https://www.jepx.jp/_download.php?dir=spot_summary&file=spot_summary_2019.csv
2019-05-23,jepx-top8avg-system,jp,9.932500000000001,https://www.jepx.jp/_download.php?dir=spot_summary&file=spot_summary_2019.csv
2019-05-24,jepx-top8avg-system,jp,9.705,https://www.jepx.jp/_download.php?dir=spot_summary&file=spot_summary_2019.csv
2019-05-25,jepx-top8avg-system,jp,9.616249999999999,https://www.jepx.jp/_download.php?dir=spot_summary&file=spot_summary_2019.csv
2019-05-26,jepx-top8avg-system,jp,9.645000000000001,https://www.jepx.jp/_download.php?dir=spot_summary&file=spot_summary_2019.csv
2019-05-27,jepx-top8avg-system,jp,12.513749999999998,https://www.jepx.jp/_download.php?dir=spot_summary&file=spot_summary_2019.csv
2019-05-28,jepx-top8avg-system,jp,11.307500000000001,https://www.jepx.jp/_download.php?dir=spot_summary&file=spot_summary_2019.csv
2019-05-29,jepx-top8avg-system,jp,10.291250000000002,https://www.jepx.jp/_download.php?dir=spot_summary&file=spot_summary_2019.csv
2019-05-30,jepx-top8avg-system,jp,10.30375,https://www.jepx.jp/_download.php?dir=spot_summary&file=spot_summary_2019.csv
2019-05-31,jepx-top8avg-system,jp,11.425,https://www.jepx.jp/_download.php?dir=spot_summary&file=spot_summary_2019.csv
2019-06-01,jepx-top8avg-system,jp,9.318750000000001,https://www.jepx.jp/_download.php?dir=spot_summary&file=spot_summary_2019.csv
2019-06-02,jepx-top8avg-system,jp,9.467500000000001,https://www.jepx.jp/_download.php?dir=spot_summary&file=spot_summary_2019.csv
2019-06-03,jepx-top8avg-system,jp,9.463750000000001,https://www.jepx.jp/_download.php?dir=spot_summary&file=spot_summary_2019.csv
2019-06-04,jepx-top8avg-system,jp,9.743750000000002,https://www.jepx.jp/_download.php?dir=spot_summary&file=spot_summary_2019.csv
2019-06-05,jepx-top8avg-system,jp,10.06125,https://www.jepx.jp/_download.php?dir=spot_summary&file=spot_summary_2019.csv
2019-06-06,jepx-top8avg-system,jp,12.055,https://www.jepx.jp/_download.php?dir=spot_summary&file=spot_summary_2019.csv
2019-06-07,jepx-top8avg-system,jp,12.82625,https://www.jepx.jp/_download.php?dir=spot_summary&file=spot_summary_2019.csv
2019-06-08,jepx-top8avg-system,jp,9.434999999999999,https://www.jepx.jp/_download.php?dir=spot_summary&file=spot_summary_2019.csv
2019-06-09,jepx-top8avg-system,jp,8.48,https://www.jepx.jp/_download.php?dir=spot_summary&file=spot_summary_2019.csv
2019-06-10,jepx-top8avg-system,jp,9.50625,https://www.jepx.jp/_download.php?dir=spot_summary&file=spot_summary_2019.csv
2019-06-11,jepx-top8avg-system,jp,9.53875,https://www.jepx.jp/_download.php?dir=spot_summary&file=spot_summary_2019.csv
2019-06-12,jepx-top8avg-system,jp,9.53875,https://www.jepx.jp/_download.php?dir=spot_summary&file=spot_summary_2019.csv
2019-06-13,jepx-top8avg-system,jp,9.438749999999999,https://www.jepx.jp/_download.php?dir=spot_summary&file=spot_summary_2019.csv
2019-06-14,jepx-top8avg-system,jp,9.991249999999999,https://www.jepx.jp/_download.php?dir=spot_summary&file=spot_summary_2019.csv
2019-06-15,jepx-top8avg-system,jp,9.19625,https://www.jepx.jp/_download.php?dir=spot_summary&file=spot_summary_2019.csv
2019-06-16,jepx-top8avg-system,jp,9.342500000000001,https://www.jepx.jp/_download.php?dir=spot_summary&file=spot_summary_2019.csv
2019-06-17,jepx-top8avg-system,jp,9.465000000000002,https://www.jepx.jp/_download.php?dir=spot_summary&file=spot_summary_2019.csv
2019-06-18,jepx-top8avg-system,jp,9.59,https://www.jepx.jp/_download.php?dir=spot_summary&file=spot_summary_2019.csv
2019-06-19,jepx-top8avg-system,jp,9.7025,https://www.jepx.jp/_download.php?dir=spot_summary&file=spot_summary_2019.csv
2019-06-20,jepx-top8avg-system,jp,9.8575,https://www.jepx.jp/_download.php?dir=spot_summary&file=spot_summary_2019.csv
2019-06-21,jepx-top8avg-system,jp,10.315,https://www.jepx.jp/_download.php?dir=spot_summary&file=spot_summary_2019.csv
2019-06-22,jepx-top8avg-system,jp,9.27375,https://www.jepx.jp/_download.php?dir=spot_summary&file=spot_summary_2019.csv
2019-06-23,jepx-top8avg-system,jp,9.14,https://www.jepx.jp/_download.php?dir=spot_summary&file=spot_summary_2019.csv
2019-06-24,jepx-top8avg-system,jp,9.2475,https://www.jepx.jp/_download.php?dir=spot_summary&file=spot_summary_2019.csv
2019-06-25,jepx-top8avg-system,jp,9.465,https://www.jepx.jp/_download.php?dir=spot_summary&file=spot_summary_2019.csv
2019-06-26,jepx-top8avg-system,jp,9.875,https://www.jepx.jp/_download.php?dir=spot_summary&file=spot_summary_2019.csv
2019-06-27,jepx-top8avg-system,jp,12.6175,https://www.jepx.jp/_download.php?dir=spot_summary&file=spot_summary_2019.csv
2019-06-28,jepx-top8avg-system,jp,11.70625,https://www.jepx.jp/_download.php?dir=spot_summary&file=spot_summary_2019.csv
2019-06-29,jepx-top8avg-system,jp,9.11875,https://www.jepx.jp/_download.php?dir=spot_summary&file=spot_summary_2019.csv
2019-06-30,jepx-top8avg-system,jp,9.215,https://www.jepx.jp/_download.php?dir=spot_summary&file=spot_summary_2019.csv
2019-07-01,jepx-top8avg-system,jp,9.633750000000001,https://www.jepx.jp/_download.php?dir=spot_summary&file=spot_summary_2019.csv
2019-07-02,jepx-top8avg-system,jp,9.492500000000001,https://www.jepx.jp/_download.php?dir=spot_summary&file=spot_summary_2019.csv
2019-07-03,jepx-top8avg-system,jp,9.60625,https://www.jepx.jp/_download.php?dir=spot_summary&file=spot_summary_2019.csv
2019-07-04,jepx-top8avg-system,jp,9.522499999999999,https://www.jepx.jp/_download.php?dir=spot_summary&file=spot_summary_2019.csv
2019-07-05,jepx-top8avg-system,jp,9.0725,https://www.jepx.jp/_download.php?dir=spot_summary&file=spot_summary_2019.csv
2019-07-06,jepx-top8avg-system,jp,7.26375,https://www.jepx.jp/_download.php?dir=spot_summary&file=spot_summary_2019.csv
2019-07-07,jepx-top8avg-system,jp,7.438750000000001,https://www.jepx.jp/_download.php?dir=spot_summary&file=spot_summary_2019.csv
2019-07-08,jepx-top8avg-system,jp,7.9275,https://www.jepx.jp/_download.php?dir=spot_summary&file=spot_summary_2019.csv
2019-07-09,jepx-top8avg-system,jp,7.956250000000001,https://www.jepx.jp/_download.php?dir=spot_summary&file=spot_summary_2019.csv
2019-07-10,jepx-top8avg-system,jp,7.9437500000000005,https://www.jepx.jp/_download.php?dir=spot_summary&file=spot_summary_2019.csv
2019-07-11,jepx-top8avg-system,jp,7.73375,https://www.jepx.jp/_download.php?dir=spot_summary&file=spot_summary_2019.csv
2019-07-12,jepx-top8avg-system,jp,8.5975,https://www.jepx.jp/_download.php?dir=spot_summary&file=spot_summary_2019.csv
2019-07-13,jepx-top8avg-system,jp,8.517499999999998,https://www.jepx.jp/_download.php?dir=spot_summary&file=spot_summary_2019.csv
2019-07-14,jepx-top8avg-system,jp,7.19,https://www.jepx.jp/_download.php?dir=spot_summary&file=spot_summary_2019.csv
2019-07-15,jepx-top8avg-system,jp,8.161249999999999,https://www.jepx.jp/_download.php?dir=spot_summary&file=spot_summary_2019.csv
2019-07-16,jepx-top8avg-system,jp,9.0825,https://www.jepx.jp/_download.php?dir=spot_summary&file=spot_summary_2019.csv
2019-07-17,jepx-top8avg-system,jp,9.66875,https://www.jepx.jp/_download.php?dir=spot_summary&file=spot_summary_2019.csv
2019-07-18,jepx-top8avg-system,jp,9.23125,https://www.jepx.jp/_download.php?dir=spot_summary&file=spot_summary_2019.csv
2019-07-19,jepx-top8avg-system,jp,9.651250000000001,https://www.jepx.jp/_download.php?dir=spot_summary&file=spot_summary_2019.csv
2019-07-20,jepx-top8avg-system,jp,8.6375,https://www.jepx.jp/_download.php?dir=spot_summary&file=spot_summary_2019.csv
2019-07-21,jepx-top8avg-system,jp,9.08625,https://www.jepx.jp/_download.php?dir=spot_summary&file=spot_summary_2019.csv
2019-07-22,jepx-top8avg-system,jp,9.1975,https://www.jepx.jp/_download.php?dir=spot_summary&file=spot_summary_2019.csv
2019-07-23,jepx-top8avg-system,jp,9.51875,https://www.jepx.jp/_download.php?dir=spot_summary&file=spot_summary_2019.csv
2019-07-24,jepx-top8avg-system,jp,10.028749999999999,https://www.jepx.jp/_download.php?dir=spot_summary&file=spot_summary_2019.csv
2019-07-25,jepx-top8avg-system,jp,10.60625,https://www.jepx.jp/_download.php?dir=spot_summary&file=spot_summary_2019.csv
2019-07-26,jepx-top8avg-system,jp,10.805,https://www.jepx.jp/_download.php?dir=spot_summary&file=spot_summary_2019.csv
2019-07-27,jepx-top8avg-system,jp,9.92375,https://www.jepx.jp/_download.php?dir=spot_summary&file=spot_summary_2019.csv
2019-07-28,jepx-top8avg-system,jp,10.397499999999999,https://www.jepx.jp/_download.php?dir=spot_summary&file=spot_summary_2019.csv
2019-07-29,jepx-top8avg-system,jp,12.945,https://www.jepx.jp/_download.php?dir=spot_summary&file=spot_summary_2019.csv
2019-07-30,jepx-top8avg-system,jp,13.541250000000002,https://www.jepx.jp/_download.php?dir=spot_summary&file=spot_summary_2019.csv
2019-07-31,jepx-top8avg-system,jp,17.71,https://www.jepx.jp/_download.php?dir=spot_summary&file=spot_summary_2019.csv
2019-08-01,jepx-top8avg-system,jp,30.262500000000003,https://www.jepx.jp/_download.php?dir=spot_summary&file=spot_summary_2019.csv
2019-08-02,jepx-top8avg-system,jp,41.548750000000005,https://www.jepx.jp/_download.php?dir=spot_summary&file=spot_summary_2019.csv
2019-08-03,jepx-top8avg-system,jp,13.145,https://www.jepx.jp/_download.php?dir=spot_summary&file=spot_summary_2019.csv
2019-08-04,jepx-top8avg-system,jp,14.53375,https://www.jepx.jp/_download.php?dir=spot_summary&file=spot_summary_2019.csv
2019-08-05,jepx-top8avg-system,jp,24.085,https://www.jepx.jp/_download.php?dir=spot_summary&file=spot_summary_2019.csv
2019-08-06,jepx-top8avg-system,jp,35.62125,https://www.jepx.jp/_download.php?dir=spot_summary&file=spot_summary_2019.csv
2019-08-07,jepx-top8avg-system,jp,46.44500000000001,https://www.jepx.jp/_download.php?dir=spot_summary&file=spot_summary_2019.csv
2019-08-08,jepx-top8avg-system,jp,46.2475,https://www.jepx.jp/_download.php?dir=spot_summary&file=spot_summary_2019.csv
2019-08-09,jepx-top8avg-system,jp,39.3775,https://www.jepx.jp/_download.php?dir=spot_summary&file=spot_summary_2019.csv
2019-08-10,jepx-top8avg-system,jp,16.02375,https://www.jepx.jp/_download.php?dir=spot_summary&file=spot_summary_2019.csv
2019-08-11,jepx-top8avg-system,jp,12.65625,https://www.jepx.jp/_download.php?dir=spot_summary&file=spot_summary_2019.csv
2019-08-12,jepx-top8avg-system,jp,10.94875,https://www.jepx.jp/_download.php?dir=spot_summary&file=spot_summary_2019.csv
2019-08-13,jepx-top8avg-system,jp,10.80125,https://www.jepx.jp/_download.php?dir=spot_summary&file=spot_summary_2019.csv
2019-08-14,jepx-top8avg-system,jp,10.83625,https://www.jepx.jp/_download.php?dir=spot_summary&file=spot_summary_2019.csv
2019-08-15,jepx-top8avg-system,jp,10.67625,https://www.jepx.jp/_download.php?dir=spot_summary&file=spot_summary_2019.csv
2019-08-16,jepx-top8avg-system,jp,12.3325,https://www.jepx.jp/_download.php?dir=spot_summary&file=spot_summary_2019.csv
2019-08-17,jepx-top8avg-system,jp,15.458749999999998,https://www.jepx.jp/_download.php?dir=spot_summary&file=spot_summary_2019.csv
2019-08-18,jepx-top8avg-system,jp,13.71875,https://www.jepx.jp/_download.php?dir=spot_summary&file=spot_summary_2019.csv
2019-08-19,jepx-top8avg-system,jp,28.7675,https://www.jepx.jp/_download.php?dir=spot_summary&file=spot_summary_2019.csv
2019-08-20,jepx-top8avg-system,jp,28.4025,https://www.jepx.jp/_download.php?dir=spot_summary&file=spot_summary_2019.csv
2019-08-21,jepx-top8avg-system,jp,13.2,https://www.jepx.jp/_download.php?dir=spot_summary&file=spot_summary_2019.csv
2019-08-22,jepx-top8avg-system,jp,12.1175,https://www.jepx.jp/_download.php?dir=spot_summary&file=spot_summary_2019.csv
2019-08-23,jepx-top8avg-system,jp,11.71875,https://www.jepx.jp/_download.php?dir=spot_summary&file=spot_summary_2019.csv
2019-08-24,jepx-top8avg-system,jp,9.74875,https://www.jepx.jp/_download.php?dir=spot_summary&file=spot_summary_2019.csv
2019-08-25,jepx-top8avg-system,jp,9.295,https://www.jepx.jp/_download.php?dir=spot_summary&file=spot_summary_2019.csv
2019-08-26,jepx-top8avg-system,jp,10.23375,https://www.jepx.jp/_download.php?dir=spot_summary&file=spot_summary_2019.csv
2019-08-27,jepx-top8avg-system,jp,9.98375,https://www.jepx.jp/_download.php?dir=spot_summary&file=spot_summary_2019.csv
2019-08-28,jepx-top8avg-system,jp,10.01875,https://www.jepx.jp/_download.php?dir=spot_summary&file=spot_summary_2019.csv
2019-08-29,jepx-top8avg-system,jp,11.2725,https://www.jepx.jp/_download.php?dir=spot_summary&file=spot_summary_2019.csv
2019-08-30,jepx-top8avg-system,jp,9.28875,https://www.jepx.jp/_download.php?dir=spot_summary&file=spot_summary_2019.csv
2019-08-31,jepx-top8avg-system,jp,9.21,https://www.jepx.jp/_download.php?dir=spot_summary&file=spot_summary_2019.csv
2019-09-01,jepx-top8avg-system,jp,8.8975,https://www.jepx.jp/_download.php?dir=spot_summary&file=spot_summary_2019.csv
2019-09-02,jepx-top8avg-system,jp,11.42625,https://www.jepx.jp/_download.php?dir=spot_summary&file=spot_summary_2019.csv
2019-09-03,jepx-top8avg-system,jp,11.28125,https://www.jepx.jp/_download.php?dir=spot_summary&file=spot_summary_2019.csv
2019-09-04,jepx-top8avg-system,jp,10.14125,https://www.jepx.jp/_download.php?dir=spot_summary&file=spot_summary_2019.csv
2019-09-05,jepx-top8avg-system,jp,10.5175,https://www.jepx.jp/_download.php?dir=spot_summary&file=spot_summary_2019.csv
2019-09-06,jepx-top8avg-system,jp,12.530000000000001,https://www.jepx.jp/_download.php?dir=spot_summary&file=spot_summary_2019.csv
2019-09-07,jepx-top8avg-system,jp,10.45625,https://www.jepx.jp/_download.php?dir=spot_summary&file=spot_summary_2019.csv
2019-09-08,jepx-top8avg-system,jp,11.905,https://www.jepx.jp/_download.php?dir=spot_summary&file=spot_summary_2019.csv
2019-09-09,jepx-top8avg-system,jp,30.003750000000004,https://www.jepx.jp/_download.php?dir=spot_summary&file=spot_summary_2019.csv
2019-09-10,jepx-top8avg-system,jp,50.23125,https://www.jepx.jp/_download.php?dir=spot_summary&file=spot_summary_2019.csv
2019-09-11,jepx-top8avg-system,jp,36.2575,https://www.jepx.jp/_download.php?dir=spot_summary&file=spot_summary_2019.csv
2019-09-12,jepx-top8avg-system,jp,27.285,https://www.jepx.jp/_download.php?dir=spot_summary&file=spot_summary_2019.csv
2019-09-13,jepx-top8avg-system,jp,10.785,https://www.jepx.jp/_download.php?dir=spot_summary&file=spot_summary_2019.csv
2019-09-14,jepx-top8avg-system,jp,9.365,https://www.jepx.jp/_download.php?dir=spot_summary&file=spot_summary_2019.csv
2019-09-15,jepx-top8avg-system,jp,9.822500000000002,https://www.jepx.jp/_download.php?dir=spot_summary&file=spot_summary_2019.csv
2019-09-16,jepx-top8avg-system,jp,13.32375,https://www.jepx.jp/_download.php?dir=spot_summary&file=spot_summary_2019.csv
2019-09-17,jepx-top8avg-system,jp,13.91625,https://www.jepx.jp/_download.php?dir=spot_summary&file=spot_summary_2019.csv
2019-09-18,jepx-top8avg-system,jp,10.3725,https://www.jepx.jp/_download.php?dir=spot_summary&file=spot_summary_2019.csv
2019-09-19,jepx-top8avg-system,jp,9.87125,https://www.jepx.jp/_download.php?dir=spot_summary&file=spot_summary_2019.csv
2019-09-20,jepx-top8avg-system,jp,9.346249999999998,https://www.jepx.jp/_download.php?dir=spot_summary&file=spot_summary_2019.csv
2019-09-21,jepx-top8avg-system,jp,9.0175,https://www.jepx.jp/_download.php?dir=spot_summary&file=spot_summary_2019.csv
2019-09-22,jepx-top8avg-system,jp,9.18,https://www.jepx.jp/_download.php?dir=spot_summary&file=spot_summary_2019.csv
2019-09-23,jepx-top8avg-system,jp,12.42375,https://www.jepx.jp/_download.php?dir=spot_summary&file=spot_summary_2019.csv
2019-09-24,jepx-top8avg-system,jp,12.0675,https://www.jepx.jp/_download.php?dir=spot_summary&file=spot_summary_2019.csv
2019-09-25,jepx-top8avg-system,jp,10.34875,https://www.jepx.jp/_download.php?dir=spot_summary&file=spot_summary_2019.csv
2019-09-26,jepx-top8avg-system,jp,9.675,https://www.jepx.jp/_download.php?dir=spot_summary&file=spot_summary_2019.csv
2019-09-27,jepx-top8avg-system,jp,10.15375,https://www.jepx.jp/_download.php?dir=spot_summary&file=spot_summary_2019.csv
2019-09-28,jepx-top8avg-system,jp,11.08,https://www.jepx.jp/_download.php?dir=spot_summary&file=spot_summary_2019.csv
2019-09-29,jepx-top8avg-system,jp,9.636249999999999,https://www.jepx.jp/_download.php?dir=spot_summary&file=spot_summary_2019.csv
2019-09-30,jepx-top8avg-system,jp,13.1225,https://www.jepx.jp/_download.php?dir=spot_summary&file=spot_summary_2019.csv
2019-10-01,jepx-top8avg-system,jp,14.71,https://www.jepx.jp/_download.php?dir=spot_summary&file=spot_summary_2019.csv
2019-10-02,jepx-top8avg-system,jp,14.855,https://www.jepx.jp/_download.php?dir=spot_summary&file=spot_summary_2019.csv
2019-10-03,jepx-top8avg-system,jp,14.82375,https://www.jepx.jp/_download.php?dir=spot_summary&file=spot_summary_2019.csv
2019-10-04,jepx-top8avg-system,jp,18.34,https://www.jepx.jp/_download.php?dir=spot_summary&file=spot_summary_2019.csv
2019-10-05,jepx-top8avg-system,jp,14.34375,https://www.jepx.jp/_download.php?dir=spot_summary&file=spot_summary_2019.csv
2019-10-06,jepx-top8avg-system,jp,10.24375,https://www.jepx.jp/_download.php?dir=spot_summary&file=spot_summary_2019.csv
2019-10-07,jepx-top8avg-system,jp,14.2075,https://www.jepx.jp/_download.php?dir=spot_summary&file=spot_summary_2019.csv
2019-10-08,jepx-top8avg-system,jp,12.5625,https://www.jepx.jp/_download.php?dir=spot_summary&file=spot_summary_2019.csv
2019-10-09,jepx-top8avg-system,jp,10.78375,https://www.jepx.jp/_download.php?dir=spot_summary&file=spot_summary_2019.csv
2019-10-10,jepx-top8avg-system,jp,10.86625,https://www.jepx.jp/_download.php?dir=spot_summary&file=spot_summary_2019.csv
2019-10-11,jepx-top8avg-system,jp,12.19875,https://www.jepx.jp/_download.php?dir=spot_summary&file=spot_summary_2019.csv
2019-10-12,jepx-top8avg-system,jp,9.57375,https://www.jepx.jp/_download.php?dir=spot_summary&file=spot_summary_2019.csv
2019-10-13,jepx-top8avg-system,jp,8.7975,https://www.jepx.jp/_download.php?dir=spot_summary&file=spot_summary_2019.csv
2019-10-14,jepx-top8avg-system,jp,11.123750000000001,https://www.jepx.jp/_download.php?dir=spot_summary&file=spot_summary_2019.csv
2019-10-15,jepx-top8avg-system,jp,10.149999999999999,https://www.jepx.jp/_download.php?dir=spot_summary&file=spot_summary_2019.csv
2019-10-16,jepx-top8avg-system,jp,9.375,https://www.jepx.jp/_download.php?dir=spot_summary&file=spot_summary_2019.csv
2019-10-17,jepx-top8avg-system,jp,10.7575,https://www.jepx.jp/_download.php?dir=spot_summary&file=spot_summary_2019.csv
2019-10-18,jepx-top8avg-system,jp,11.252500000000001,https://www.jepx.jp/_download.php?dir=spot_summary&file=spot_summary_2019.csv
2019-10-19,jepx-top8avg-system,jp,8.785,https://www.jepx.jp/_download.php?dir=spot_summary&file=spot_summary_2019.csv
2019-10-20,jepx-top8avg-system,jp,8.623750000000001,https://www.jepx.jp/_download.php?dir=spot_summary&file=spot_summary_2019.csv
2019-10-21,jepx-top8avg-system,jp,10.245000000000001,https://www.jepx.jp/_download.php?dir=spot_summary&file=spot_summary_2019.csv
2019-10-22,jepx-top8avg-system,jp,8.67625,https://www.jepx.jp/_download.php?dir=spot_summary&file=spot_summary_2019.csv
2019-10-23,jepx-top8avg-system,jp,10.5,https://www.jepx.jp/_download.php?dir=spot_summary&file=spot_summary_2019.csv
2019-10-24,jepx-top8avg-system,jp,10.95125,https://www.jepx.jp/_download.php?dir=spot_summary&file=spot_summary_2019.csv
2019-10-25,jepx-top8avg-system,jp,9.56625,https://www.jepx.jp/_download.php?dir=spot_summary&file=spot_summary_2019.csv
2019-10-26,jepx-top8avg-system,jp,10.54875,https://www.jepx.jp/_download.php?dir=spot_summary&file=spot_summary_2019.csv
2019-10-27,jepx-top8avg-system,jp,8.88875,https://www.jepx.jp/_download.php?dir=spot_summary&file=spot_summary_2019.csv
2019-10-28,jepx-top8avg-system,jp,11.42875,https://www.jepx.jp/_download.php?dir=spot_summary&file=spot_summary_2019.csv
2019-10-29,jepx-top8avg-system,jp,11.52125,https://www.jepx.jp/_download.php?dir=spot_summary&file=spot_summary_2019.csv
2019-10-30,jepx-top8avg-system,jp,9.39125,https://www.jepx.jp/_download.php?dir=spot_summary&file=spot_summary_2019.csv
2019-10-31,jepx-top8avg-system,jp,9.0525,https://www.jepx.jp/_download.php?dir=spot_summary&file=spot_summary_2019.csv
2019-11-01,jepx-top8avg-system,jp,9.17,https://www.jepx.jp/_download.php?dir=spot_summary&file=spot_summary_2019.csv
2019-11-02,jepx-top8avg-system,jp,8.908750000000001,https://www.jepx.jp/_download.php?dir=spot_summary&file=spot_summary_2019.csv
2019-11-03,jepx-top8avg-system,jp,8.41375,https://www.jepx.jp/_download.php?dir=spot_summary&file=spot_summary_2019.csv
2019-11-04,jepx-top8avg-system,jp,9.145,https://www.jepx.jp/_download.php?dir=spot_summary&file=spot_summary_2019.csv
2019-11-05,jepx-top8avg-system,jp,8.84125,https://www.jepx.jp/_download.php?dir=spot_summary&file=spot_summary_2019.csv
2019-11-06,jepx-top8avg-system,jp,9.052499999999998,https://www.jepx.jp/_download.php?dir=spot_summary&file=spot_summary_2019.csv
2019-11-07,jepx-top8avg-system,jp,9.791250000000002,https://www.jepx.jp/_download.php?dir=spot_summary&file=spot_summary_2019.csv
2019-11-08,jepx-top8avg-system,jp,10.23125,https://www.jepx.jp/_download.php?dir=spot_summary&file=spot_summary_2019.csv
2019-11-09,jepx-top8avg-system,jp,8.87625,https://www.jepx.jp/_download.php?dir=spot_summary&file=spot_summary_2019.csv
2019-11-10,jepx-top8avg-system,jp,8.192499999999999,https://www.jepx.jp/_download.php?dir=spot_summary&file=spot_summary_2019.csv
2019-11-11,jepx-top8avg-system,jp,11.6175,https://www.jepx.jp/_download.php?dir=spot_summary&file=spot_summary_2019.csv
2019-11-12,jepx-top8avg-system,jp,9.71125,https://www.jepx.jp/_download.php?dir=spot_summary&file=spot_summary_2019.csv
2019-11-13,jepx-top8avg-system,jp,10.956249999999999,https://www.jepx.jp/_download.php?dir=spot_summary&file=spot_summary_2019.csv
2019-11-14,jepx-top8avg-system,jp,10.02,https://www.jepx.jp/_download.php?dir=spot_summary&file=spot_summary_2019.csv
2019-11-15,jepx-top8avg-system,jp,11.64,https://www.jepx.jp/_download.php?dir=spot_summary&file=spot_summary_2019.csv
2019-11-16,jepx-top8avg-system,jp,10.776250000000001,https://www.jepx.jp/_download.php?dir=spot_summary&file=spot_summary_2019.csv
2019-11-17,jepx-top8avg-system,jp,9.50375,https://www.jepx.jp/_download.php?dir=spot_summary&file=spot_summary_2019.csv
2019-11-18,jepx-top8avg-system,jp,11.02375,https://www.jepx.jp/_download.php?dir=spot_summary&file=spot_summary_2019.csv
2019-11-19,jepx-top8avg-system,jp,11.537500000000001,https://www.jepx.jp/_download.php?dir=spot_summary&file=spot_summary_2019.csv
2019-11-20,jepx-top8avg-system,jp,13.2925,https://www.jepx.jp/_download.php?dir=spot_summary&file=spot_summary_2019.csv
2019-11-21,jepx-top8avg-system,jp,10.986250000000002,https://www.jepx.jp/_download.php?dir=spot_summary&file=spot_summary_2019.csv
2019-11-22,jepx-top8avg-system,jp,11.094999999999999,https://www.jepx.jp/_download.php?dir=spot_summary&file=spot_summary_2019.csv
2019-11-23,jepx-top8avg-system,jp,8.91,https://www.jepx.jp/_download.php?dir=spot_summary&file=spot_summary_2019.csv
2019-11-24,jepx-top8avg-system,jp,8.728750000000002,https://www.jepx.jp/_download.php?dir=spot_summary&file=spot_summary_2019.csv
2019-11-25,jepx-top8avg-system,jp,9.335,https://www.jepx.jp/_download.php?dir=spot_summary&file=spot_summary_2019.csv
2019-11-26,jepx-top8avg-system,jp,11.267499999999998,https://www.jepx.jp/_download.php?dir=spot_summary&file=spot_summary_2019.csv
2019-11-27,jepx-top8avg-system,jp,14.4575,https://www.jepx.jp/_download.php?dir=spot_summary&file=spot_summary_2019.csv
2019-11-28,jepx-top8avg-system,jp,13.50375,https://www.jepx.jp/_download.php?dir=spot_summary&file=spot_summary_2019.csv
2019-11-29,jepx-top8avg-system,jp,13.8325,https://www.jepx.jp/_download.php?dir=spot_summary&file=spot_summary_2019.csv
2019-11-30,jepx-top8avg-system,jp,12.44,https://www.jepx.jp/_download.php?dir=spot_summary&file=spot_summary_2019.csv
2019-12-01,jepx-top8avg-system,jp,9.1875,https://www.jepx.jp/_download.php?dir=spot_summary&file=spot_summary_2019.csv
2019-12-02,jepx-top8avg-system,jp,10.36125,https://www.jepx.jp/_download.php?dir=spot_summary&file=spot_summary_2019.csv
2019-12-03,jepx-top8avg-system,jp,11.53125,https://www.jepx.jp/_download.php?dir=spot_summary&file=spot_summary_2019.csv
2019-12-04,jepx-top8avg-system,jp,11.0025,https://www.jepx.jp/_download.php?dir=spot_summary&file=spot_summary_2019.csv
2019-12-05,jepx-top8avg-system,jp,12.62375,https://www.jepx.jp/_download.php?dir=spot_summary&file=spot_summary_2019.csv
2019-12-06,jepx-top8avg-system,jp,13.59,https://www.jepx.jp/_download.php?dir=spot_summary&file=spot_summary_2019.csv
2019-12-07,jepx-top8avg-system,jp,14.065000000000001,https://www.jepx.jp/_download.php?dir=spot_summary&file=spot_summary_2019.csv
2019-12-08,jepx-top8avg-system,jp,9.77125,https://www.jepx.jp/_download.php?dir=spot_summary&file=spot_summary_2019.csv
2019-12-09,jepx-top8avg-system,jp,12.912500000000001,https://www.jepx.jp/_download.php?dir=spot_summary&file=spot_summary_2019.csv
2019-12-10,jepx-top8avg-system,jp,11.548750000000002,https://www.jepx.jp/_download.php?dir=spot_summary&file=spot_summary_2019.csv
2019-12-11,jepx-top8avg-system,jp,9.985,https://www.jepx.jp/_download.php?dir=spot_summary&file=spot_summary_2019.csv
2019-12-12,jepx-top8avg-system,jp,10.01125,https://www.jepx.jp/_download.php?dir=spot_summary&file=spot_summary_2019.csv
2019-12-13,jepx-top8avg-system,jp,11.43625,https://www.jepx.jp/_download.php?dir=spot_summary&file=spot_summary_2019.csv
2019-12-14,jepx-top8avg-system,jp,8.852500000000001,https://www.jepx.jp/_download.php?dir=spot_summary&file=spot_summary_2019.csv
2019-12-15,jepx-top8avg-system,jp,9.37125,https://www.jepx.jp/_download.php?dir=spot_summary&file=spot_summary_2019.csv
2019-12-16,jepx-top8avg-system,jp,13.467500000000001,https://www.jepx.jp/_download.php?dir=spot_summary&file=spot_summary_2019.csv
2019-12-17,jepx-top8avg-system,jp,12.39,https://www.jepx.jp/_download.php?dir=spot_summary&file=spot_summary_2019.csv
2019-12-18,jepx-top8avg-system,jp,9.68375,https://www.jepx.jp/_download.php?dir=spot_summary&file=spot_summary_2019.csv
2019-12-19,jepx-top8avg-system,jp,12.743749999999999,https://www.jepx.jp/_download.php?dir=spot_summary&file=spot_summary_2019.csv
2019-12-20,jepx-top8avg-system,jp,9.58,https://www.jepx.jp/_download.php?dir=spot_summary&file=spot_summary_2019.csv
2019-12-21,jepx-top8avg-system,jp,9.313749999999999,https://www.jepx.jp/_download.php?dir=spot_summary&file=spot_summary_2019.csv
2019-12-22,jepx-top8avg-system,jp,9.90375,https://www.jepx.jp/_download.php?dir=spot_summary&file=spot_summary_2019.csv
2019-12-23,jepx-top8avg-system,jp,11.86125,https://www.jepx.jp/_download.php?dir=spot_summary&file=spot_summary_2019.csv
2019-12-24,jepx-top8avg-system,jp,10.6375,https://www.jepx.jp/_download.php?dir=spot_summary&file=spot_summary_2019.csv
2019-12-25,jepx-top8avg-system,jp,11.703750000000001,https://www.jepx.jp/_download.php?dir=spot_summary&file=spot_summary_2019.csv
2019-12-26,jepx-top8avg-system,jp,12.6475,https://www.jepx.jp/_download.php?dir=spot_summary&file=spot_summary_2019.csv
2019-12-27,jepx-top8avg-system,jp,9.19125,https://www.jepx.jp/_download.php?dir=spot_summary&file=spot_summary_2019.csv
2019-12-28,jepx-top8avg-system,jp,9.69,https://www.jepx.jp/_download.php?dir=spot_summary&file=spot_summary_2019.csv
2019-12-29,jepx-top8avg-system,jp,9.21125,https://www.jepx.jp/_download.php?dir=spot_summary&file=spot_summary_2019.csv
2019-12-30,jepx-top8avg-system,jp,8.6725,https://www.jepx.jp/_download.php?dir=spot_summary&file=spot_summary_2019.csv
2019-12-31,jepx-top8avg-system,jp,7.85625,https://www.jepx.jp/_download.php?dir=spot_summary&file=spot_summary_2019.csv
2020-01-01,jepx-top8avg-system,jp,7.10125,https://www.jepx.jp/_download.php?dir=spot_summary&file=spot_summary_2019.csv
2020-01-02,jepx-top8avg-system,jp,7.623750000000001,https://www.jepx.jp/_download.php?dir=spot_summary&file=spot_summary_2019.csv
2020-01-03,jepx-top8avg-system,jp,7.8725000000000005,https://www.jepx.jp/_download.php?dir=spot_summary&file=spot_summary_2019.csv
2020-01-04,jepx-top8avg-system,jp,8.754999999999999,https://www.jepx.jp/_download.php?dir=spot_summary&file=spot_summary_2019.csv
2020-01-05,jepx-top8avg-system,jp,9.1425,https://www.jepx.jp/_download.php?dir=spot_summary&file=spot_summary_2019.csv
2020-01-06,jepx-top8avg-system,jp,9.4,https://www.jepx.jp/_download.php?dir=spot_summary&file=spot_summary_2019.csv
2020-01-07,jepx-top8avg-system,jp,10.29125,https://www.jepx.jp/_download.php?dir=spot_summary&file=spot_summary_2019.csv
2020-01-08,jepx-top8avg-system,jp,9.5675,https://www.jepx.jp/_download.php?dir=spot_summary&file=spot_summary_2019.csv
2020-01-09,jepx-top8avg-system,jp,9.623750000000001,https://www.jepx.jp/_download.php?dir=spot_summary&file=spot_summary_2019.csv
2020-01-10,jepx-top8avg-system,jp,10.675,https://www.jepx.jp/_download.php?dir=spot_summary&file=spot_summary_2019.csv
2020-01-11,jepx-top8avg-system,jp,9.17375,https://www.jepx.jp/_download.php?dir=spot_summary&file=spot_summary_2019.csv
2020-01-12,jepx-top8avg-system,jp,9.239999999999998,https://www.jepx.jp/_download.php?dir=spot_summary&file=spot_summary_2019.csv
2020-01-13,jepx-top8avg-system,jp,9.6825,https://www.jepx.jp/_download.php?dir=spot_summary&file=spot_summary_2019.csv
2020-01-14,jepx-top8avg-system,jp,10.219999999999999,https://www.jepx.jp/_download.php?dir=spot_summary&file=spot_summary_2019.csv
2020-01-15,jepx-top8avg-system,jp,10.186250000000001,https://www.jepx.jp/_download.php?dir=spot_summary&file=spot_summary_2019.csv
2020-01-16,jepx-top8avg-system,jp,10.6475,https://www.jepx.jp/_download.php?dir=spot_summary&file=spot_summary_2019.csv
2020-01-17,jepx-top8avg-system,jp,10.95125,https://www.jepx.jp/_download.php?dir=spot_summary&file=spot_summary_2019.csv
2020-01-18,jepx-top8avg-system,jp,10.29875,https://www.jepx.jp/_download.php?dir=spot_summary&file=spot_summary_2019.csv
2020-01-19,jepx-top8avg-system,jp,9.094999999999999,https://www.jepx.jp/_download.php?dir=spot_summary&file=spot_summary_2019.csv
2020-01-20,jepx-top8avg-system,jp,9.90625,https://www.jepx.jp/_download.php?dir=spot_summary&file=spot_summary_2019.csv
2020-01-21,jepx-top8avg-system,jp,10.215,https://www.jepx.jp/_download.php?dir=spot_summary&file=spot_summary_2019.csv
2020-01-22,jepx-top8avg-system,jp,10.575000000000001,https://www.jepx.jp/_download.php?dir=spot_summary&file=spot_summary_2019.csv
2020-01-23,jepx-top8avg-system,jp,10.0125,https://www.jepx.jp/_download.php?dir=spot_summary&file=spot_summary_2019.csv
2020-01-24,jepx-top8avg-system,jp,9.04125,https://www.jepx.jp/_download.php?dir=spot_summary&file=spot_summary_2019.csv
2020-01-25,jepx-top8avg-system,jp,9.04125,https://www.jepx.jp/_download.php?dir=spot_summary&file=spot_summary_2019.csv
2020-01-26,jepx-top8avg-system,jp,9.10125,https://www.jepx.jp/_download.php?dir=spot_summary&file=spot_summary_2019.csv
2020-01-27,jepx-top8avg-system,jp,11.86375,https://www.jepx.jp/_download.php?dir=spot_summary&file=spot_summary_2019.csv
2020-01-28,jepx-top8avg-system,jp,9.915,https://www.jepx.jp/_download.php?dir=spot_summary&file=spot_summary_2019.csv
2020-01-29,jepx-top8avg-system,jp,9.305,https://www.jepx.jp/_download.php?dir=spot_summary&file=spot_summary_2019.csv
2020-01-30,jepx-top8avg-system,jp,9.1175,https://www.jepx.jp/_download.php?dir=spot_summary&file=spot_summary_2019.csv
2020-01-31,jepx-top8avg-system,jp,9.33125,https://www.jepx.jp/_download.php?dir=spot_summary&file=spot_summary_2019.csv
2020-02-01,jepx-top8avg-system,jp,9.0275,https://www.jepx.jp/_download.php?dir=spot_summary&file=spot_summary_2019.csv
2020-02-02,jepx-top8avg-system,jp,8.07125,https://www.jepx.jp/_download.php?dir=spot_summary&file=spot_summary_2019.csv
2020-02-03,jepx-top8avg-system,jp,9.41125,https://www.jepx.jp/_download.php?dir=spot_summary&file=spot_summary_2019.csv
2020-02-04,jepx-top8avg-system,jp,9.895000000000001,https://www.jepx.jp/_download.php?dir=spot_summary&file=spot_summary_2019.csv
2020-02-05,jepx-top8avg-system,jp,9.31125,https://www.jepx.jp/_download.php?dir=spot_summary&file=spot_summary_2019.csv
2020-02-06,jepx-top8avg-system,jp,14.66625,https://www.jepx.jp/_download.php?dir=spot_summary&file=spot_summary_2019.csv
2020-02-07,jepx-top8avg-system,jp,13.436250000000001,https://www.jepx.jp/_download.php?dir=spot_summary&file=spot_summary_2019.csv
2020-02-08,jepx-top8avg-system,jp,9.295,https://www.jepx.jp/_download.php?dir=spot_summary&file=spot_summary_2019.csv
2020-02-09,jepx-top8avg-system,jp,9.43625,https://www.jepx.jp/_download.php?dir=spot_summary&file=spot_summary_2019.csv
2020-02-10,jepx-top8avg-system,jp,12.3175,https://www.jepx.jp/_download.php?dir=spot_summary&file=spot_summary_2019.csv
2020-02-11,jepx-top8avg-system,jp,9.56875,https://www.jepx.jp/_download.php?dir=spot_summary&file=spot_summary_2019.csv
2020-02-12,jepx-top8avg-system,jp,9.1775,https://www.jepx.jp/_download.php?dir=spot_summary&file=spot_summary_2019.csv
2020-02-13,jepx-top8avg-system,jp,8.41625,https://www.jepx.jp/_download.php?dir=spot_summary&file=spot_summary_2019.csv
2020-02-14,jepx-top8avg-system,jp,7.29875,https://www.jepx.jp/_download.php?dir=spot_summary&file=spot_summary_2019.csv
2020-02-15,jepx-top8avg-system,jp,6.7524999999999995,https://www.jepx.jp/_download.php?dir=spot_summary&file=spot_summary_2019.csv
2020-02-16,jepx-top8avg-system,jp,6.46875,https://www.jepx.jp/_download.php?dir=spot_summary&file=spot_summary_2019.csv
2020-02-17,jepx-top8avg-system,jp,8.4775,https://www.jepx.jp/_download.php?dir=spot_summary&file=spot_summary_2019.csv
2020-02-18,jepx-top8avg-system,jp,9.787500000000001,https://www.jepx.jp/_download.php?dir=spot_summary&file=spot_summary_2019.csv
2020-02-19,jepx-top8avg-system,jp,9.447500000000002,https://www.jepx.jp/_download.php?dir=spot_summary&file=spot_summary_2019.csv
2020-02-20,jepx-top8avg-system,jp,9.131250000000001,https://www.jepx.jp/_download.php?dir=spot_summary&file=spot_summary_2019.csv
2020-02-21,jepx-top8avg-system,jp,7.8412500000000005,https://www.jepx.jp/_download.php?dir=spot_summary&file=spot_summary_2019.csv
2020-02-22,jepx-top8avg-system,jp,6.875,https://www.jepx.jp/_download.php?dir=spot_summary&file=spot_summary_2019.csv
2020-02-23,jepx-top8avg-system,jp,7.31125,https://www.jepx.jp/_download.php?dir=spot_summary&file=spot_summary_2019.csv
2020-02-24,jepx-top8avg-system,jp,8.35625,https://www.jepx.jp/_download.php?dir=spot_summary&file=spot_summary_2019.csv
2020-02-25,jepx-top8avg-system,jp,8.1175,https://www.jepx.jp/_download.php?dir=spot_summary&file=spot_summary_2019.csv
2020-02-26,jepx-top8avg-system,jp,7.27375,https://www.jepx.jp/_download.php?dir=spot_summary&file=spot_summary_2019.csv
2020-02-27,jepx-top8avg-system,jp,9.188749999999999,https://www.jepx.jp/_download.php?dir=spot_summary&file=spot_summary_2019.csv
2020-02-28,jepx-top8avg-system,jp,9.31875,https://www.jepx.jp/_download.php?dir=spot_summary&file=spot_summary_2019.csv
2020-02-29,jepx-top8avg-system,jp,7.7575,https://www.jepx.jp/_download.php?dir=spot_summary&file=spot_summary_2019.csv
2020-03-01,jepx-top8avg-system,jp,7.754999999999999,https://www.jepx.jp/_download.php?dir=spot_summary&file=spot_summary_2019.csv
2020-03-02,jepx-top8avg-system,jp,9.133750000000001,https://www.jepx.jp/_download.php?dir=spot_summary&file=spot_summary_2019.csv
2020-03-03,jepx-top8avg-system,jp,8.1475,https://www.jepx.jp/_download.php?dir=spot_summary&file=spot_summary_2019.csv
2020-03-04,jepx-top8avg-system,jp,9.705,https://www.jepx.jp/_download.php?dir=spot_summary&file=spot_summary_2019.csv
2020-03-05,jepx-top8avg-system,jp,9.196250000000001,https://www.jepx.jp/_download.php?dir=spot_summary&file=spot_summary_2019.csv
2020-03-06,jepx-top8avg-system,jp,9.05875,https://www.jepx.jp/_download.php?dir=spot_summary&file=spot_summary_2019.csv
2020-03-07,jepx-top8avg-system,jp,8.61375,https://www.jepx.jp/_download.php?dir=spot_summary&file=spot_summary_2019.csv
2020-03-08,jepx-top8avg-system,jp,7.729999999999999,https://www.jepx.jp/_download.php?dir=spot_summary&file=spot_summary_2019.csv
2020-03-09,jepx-top8avg-system,jp,7.64875,https://www.jepx.jp/_download.php?dir=spot_summary&file=spot_summary_2019.csv
2020-03-10,jepx-top8avg-system,jp,9.177499999999998,https://www.jepx.jp/_download.php?dir=spot_summary&file=spot_summary_2019.csv
2020-03-11,jepx-top8avg-system,jp,7.7124999999999995,https://www.jepx.jp/_download.php?dir=spot_summary&file=spot_summary_2019.csv
2020-03-12,jepx-top8avg-system,jp,7.77875,https://www.jepx.jp/_download.php?dir=spot_summary&file=spot_summary_2019.csv
2020-03-13,jepx-top8avg-system,jp,7.52875,https://www.jepx.jp/_download.php?dir=spot_summary&file=spot_summary_2019.csv
2020-03-14,jepx-top8avg-system,jp,8.92125,https://www.jepx.jp/_download.php?dir=spot_summary&file=spot_summary_2019.csv
2020-03-15,jepx-top8avg-system,jp,8.975000000000001,https://www.jepx.jp/_download.php?dir=spot_summary&file=spot_summary_2019.csv
2020-03-16,jepx-top8avg-system,jp,10.478750000000002,https://www.jepx.jp/_download.php?dir=spot_summary&file=spot_summary_2019.csv
2020-03-17,jepx-top8avg-system,jp,9.67375,https://www.jepx.jp/_download.php?dir=spot_summary&file=spot_summary_2019.csv
2020-03-18,jepx-top8avg-system,jp,7.563750000000001,https://www.jepx.jp/_download.php?dir=spot_summary&file=spot_summary_2019.csv
2020-03-19,jepx-top8avg-system,jp,6.98375,https://www.jepx.jp/_download.php?dir=spot_summary&file=spot_summary_2019.csv
2020-03-20,jepx-top8avg-system,jp,7.2725,https://www.jepx.jp/_download.php?dir=spot_summary&file=spot_summary_2019.csv
2020-03-21,jepx-top8avg-system,jp,6.598750000000001,https://www.jepx.jp/_download.php?dir=spot_summary&file=spot_summary_2019.csv
2020-03-22,jepx-top8avg-system,jp,6.88125,https://www.jepx.jp/_download.php?dir=spot_summary&file=spot_summary_2019.csv
2020-03-23,jepx-top8avg-system,jp,7.53125,https://www.jepx.jp/_download.php?dir=spot_summary&file=spot_summary_2019.csv
2020-03-24,jepx-top8avg-system,jp,7.62125,https://www.jepx.jp/_download.php?dir=spot_summary&file=spot_summary_2019.csv
2020-03-25,jepx-top8avg-system,jp,7.38625,https://www.jepx.jp/_download.php?dir=spot_summary&file=spot_summary_2019.csv
2020-03-26,jepx-top8avg-system,jp,6.2875,https://www.jepx.jp/_download.php?dir=spot_summary&file=spot_summary_2019.csv
2020-03-27,jepx-top8avg-system,jp,6.45875,https://www.jepx.jp/_download.php?dir=spot_summary&file=spot_summary_2019.csv
2020-03-28,jepx-top8avg-system,jp,7.94875,https://www.jepx.jp/_download.php?dir=spot_summary&file=spot_summary_2019.csv
2020-03-29,jepx-top8avg-system,jp,8.7,https://www.jepx.jp/_download.php?dir=spot_summary&file=spot_summary_2019.csv
2020-03-30,jepx-top8avg-system,jp,8.783750000000001,https://www.jepx.jp/_download.php?dir=spot_summary&file=spot_summary_2019.csv
2020-03-31,jepx-top8avg-system,jp,7.3375,https://www.jepx.jp/_download.php?dir=spot_summary&file=spot_summary_2019.csv
2020-04-01,jepx-top8avg-system,jp,8.91875,https://www.jepx.jp/_download.php?dir=spot_summary&file=spot_summary_2020.csv
2020-04-02,jepx-top8avg-system,jp,8.1925,https://www.jepx.jp/_download.php?dir=spot_summary&file=spot_summary_2020.csv
2020-04-03,jepx-top8avg-system,jp,8.338750000000001,https://www.jepx.jp/_download.php?dir=spot_summary&file=spot_summary_2020.csv
2020-04-04,jepx-top8avg-system,jp,6.60375,https://www.jepx.jp/_download.php?dir=spot_summary&file=spot_summary_2020.csv
2020-04-05,jepx-top8avg-system,jp,8.27625,https://www.jepx.jp/_download.php?dir=spot_summary&file=spot_summary_2020.csv
2020-04-06,jepx-top8avg-system,jp,8.502500000000001,https://www.jepx.jp/_download.php?dir=spot_summary&file=spot_summary_2020.csv
2020-04-07,jepx-top8avg-system,jp,7.8025,https://www.jepx.jp/_download.php?dir=spot_summary&file=spot_summary_2020.csv
2020-04-08,jepx-top8avg-system,jp,7.44875,https://www.jepx.jp/_download.php?dir=spot_summary&file=spot_summary_2020.csv
2020-04-09,jepx-top8avg-system,jp,7.9399999999999995,https://www.jepx.jp/_download.php?dir=spot_summary&file=spot_summary_2020.csv
2020-04-10,jepx-top8avg-system,jp,7.89125,https://www.jepx.jp/_download.php?dir=spot_summary&file=spot_summary_2020.csv
2020-04-11,jepx-top8avg-system,jp,7.8187500000000005,https://www.jepx.jp/_download.php?dir=spot_summary&file=spot_summary_2020.csv
2020-04-12,jepx-top8avg-system,jp,7.7250000000000005,https://www.jepx.jp/_download.php?dir=spot_summary&file=spot_summary_2020.csv
2020-04-13,jepx-top8avg-system,jp,8.434999999999999,https://www.jepx.jp/_download.php?dir=spot_summary&file=spot_summary_2020.csv
2020-04-14,jepx-top8avg-system,jp,7.82,https://www.jepx.jp/_download.php?dir=spot_summary&file=spot_summary_2020.csv
2020-04-15,jepx-top8avg-system,jp,6.4625,https://www.jepx.jp/_download.php?dir=spot_summary&file=spot_summary_2020.csv
2020-04-16,jepx-top8avg-system,jp,8.00625,https://www.jepx.jp/_download.php?dir=spot_summary&file=spot_summary_2020.csv
2020-04-17,jepx-top8avg-system,jp,6.6537500000000005,https://www.jepx.jp/_download.php?dir=spot_summary&file=spot_summary_2020.csv
2020-04-18,jepx-top8avg-system,jp,6.827500000000001,https://www.jepx.jp/_download.php?dir=spot_summary&file=spot_summary_2020.csv
2020-04-19,jepx-top8avg-system,jp,6.376250000000001,https://www.jepx.jp/_download.php?dir=spot_summary&file=spot_summary_2020.csv
2020-04-20,jepx-top8avg-system,jp,6.776250000000001,https://www.jepx.jp/_download.php?dir=spot_summary&file=spot_summary_2020.csv
2020-04-21,jepx-top8avg-system,jp,5.5075,https://www.jepx.jp/_download.php?dir=spot_summary&file=spot_summary_2020.csv
2020-04-22,jepx-top8avg-system,jp,6.17,https://www.jepx.jp/_download.php?dir=spot_summary&file=spot_summary_2020.csv
2020-04-23,jepx-top8avg-system,jp,7.00125,https://www.jepx.jp/_download.php?dir=spot_summary&file=spot_summary_2020.csv
2020-04-24,jepx-top8avg-system,jp,6.42,https://www.jepx.jp/_download.php?dir=spot_summary&file=spot_summary_2020.csv
2020-04-25,jepx-top8avg-system,jp,6.7125,https://www.jepx.jp/_download.php?dir=spot_summary&file=spot_summary_2020.csv
2020-04-26,jepx-top8avg-system,jp,6.7749999999999995,https://www.jepx.jp/_download.php?dir=spot_summary&file=spot_summary_2020.csv
2020-04-27,jepx-top8avg-system,jp,6.97,https://www.jepx.jp/_download.php?dir=spot_summary&file=spot_summary_2020.csv
2020-04-28,jepx-top8avg-system,jp,7.143750000000001,https://www.jepx.jp/_download.php?dir=spot_summary&file=spot_summary_2020.csv
2020-04-29,jepx-top8avg-system,jp,6.895,https://www.jepx.jp/_download.php?dir=spot_summary&file=spot_summary_2020.csv
2020-04-30,jepx-top8avg-system,jp,9.021249999999998,https://www.jepx.jp/_download.php?dir=spot_summary&file=spot_summary_2020.csv
2020-05-01,jepx-top8avg-system,jp,8.7325,https://www.jepx.jp/_download.php?dir=spot_summary&file=spot_summary_2020.csv
2020-05-02,jepx-top8avg-system,jp,8.055,https://www.jepx.jp/_download.php?dir=spot_summary&file=spot_summary_2020.csv
2020-05-03,jepx-top8avg-system,jp,6.3225,https://www.jepx.jp/_download.php?dir=spot_summary&file=spot_summary_2020.csv
2020-05-04,jepx-top8avg-system,jp,5.453749999999999,https://www.jepx.jp/_download.php?dir=spot_summary&file=spot_summary_2020.csv
2020-05-05,jepx-top8avg-system,jp,6.32375,https://www.jepx.jp/_download.php?dir=spot_summary&file=spot_summary_2020.csv
2020-05-06,jepx-top8avg-system,jp,5.42125,https://www.jepx.jp/_download.php?dir=spot_summary&file=spot_summary_2020.csv
2020-05-07,jepx-top8avg-system,jp,5.9575,https://www.jepx.jp/_download.php?dir=spot_summary&file=spot_summary_2020.csv
2020-05-08,jepx-top8avg-system,jp,5.145,https://www.jepx.jp/_download.php?dir=spot_summary&file=spot_summary_2020.csv
2020-05-09,jepx-top8avg-system,jp,5.44625,https://www.jepx.jp/_download.php?dir=spot_summary&file=spot_summary_2020.csv
2020-05-10,jepx-top8avg-system,jp,4.9225,https://www.jepx.jp/_download.php?dir=spot_summary&file=spot_summary_2020.csv
2020-05-11,jepx-top8avg-system,jp,4.67625,https://www.jepx.jp/_download.php?dir=spot_summary&file=spot_summary_2020.csv
2020-05-12,jepx-top8avg-system,jp,4.725,https://www.jepx.jp/_download.php?dir=spot_summary&file=spot_summary_2020.csv
2020-05-13,jepx-top8avg-system,jp,6.3062499999999995,https://www.jepx.jp/_download.php?dir=spot_summary&file=spot_summary_2020.csv
2020-05-14,jepx-top8avg-system,jp,7.355,https://www.jepx.jp/_download.php?dir=spot_summary&file=spot_summary_2020.csv
2020-05-15,jepx-top8avg-system,jp,6.33375,https://www.jepx.jp/_download.php?dir=spot_summary&file=spot_summary_2020.csv
2020-05-16,jepx-top8avg-system,jp,6.442500000000001,https://www.jepx.jp/_download.php?dir=spot_summary&file=spot_summary_2020.csv
2020-05-17,jepx-top8avg-system,jp,5.71,https://www.jepx.jp/_download.php?dir=spot_summary&file=spot_summary_2020.csv
2020-05-18,jepx-top8avg-system,jp,7.46375,https://www.jepx.jp/_download.php?dir=spot_summary&file=spot_summary_2020.csv
2020-05-19,jepx-top8avg-system,jp,6.1425,https://www.jepx.jp/_download.php?dir=spot_summary&file=spot_summary_2020.csv
2020-05-20,jepx-top8avg-system,jp,6.297499999999999,https://www.jepx.jp/_download.php?dir=spot_summary&file=spot_summary_2020.csv
2020-05-21,jepx-top8avg-system,jp,6.4175,https://www.jepx.jp/_download.php?dir=spot_summary&file=spot_summary_2020.csv
2020-05-22,jepx-top8avg-system,jp,6.24625,https://www.jepx.jp/_download.php?dir=spot_summary&file=spot_summary_2020.csv
2020-05-23,jepx-top8avg-system,jp,6.5175,https://www.jepx.jp/_download.php?dir=spot_summary&file=spot_summary_2020.csv
2020-05-24,jepx-top8avg-system,jp,6.5112499999999995,https://www.jepx.jp/_download.php?dir=spot_summary&file=spot_summary_2020.csv
2020-05-25,jepx-top8avg-system,jp,6.73,https://www.jepx.jp/_download.php?dir=spot_summary&file=spot_summary_2020.csv
2020-05-26,jepx-top8avg-system,jp,7.28875,https://www.jepx.jp/_download.php?dir=spot_summary&file=spot_summary_2020.csv
2020-05-27,jepx-top8avg-system,jp,7.38375,https://www.jepx.jp/_download.php?dir=spot_summary&file=spot_summary_2020.csv
2020-05-28,jepx-top8avg-system,jp,6.62375,https://www.jepx.jp/_download.php?dir=spot_summary&file=spot_summary_2020.csv
2020-05-29,jepx-top8avg-system,jp,6.78,https://www.jepx.jp/_download.php?dir=spot_summary&file=spot_summary_2020.csv
2020-05-30,jepx-top8avg-system,jp,6.445,https://www.jepx.jp/_download.php?dir=spot_summary&file=spot_summary_2020.csv
2020-05-31,jepx-top8avg-system,jp,6.27625,https://www.jepx.jp/_download.php?dir=spot_summary&file=spot_summary_2020.csv
2020-06-01,jepx-top8avg-system,jp,5.9575,https://www.jepx.jp/_download.php?dir=spot_summary&file=spot_summary_2020.csv
2020-06-02,jepx-top8avg-system,jp,4.80375,https://www.jepx.jp/_download.php?dir=spot_summary&file=spot_summary_2020.csv
2020-06-03,jepx-top8avg-system,jp,8.0225,https://www.jepx.jp/_download.php?dir=spot_summary&file=spot_summary_2020.csv
2020-06-04,jepx-top8avg-system,jp,7.015,https://www.jepx.jp/_download.php?dir=spot_summary&file=spot_summary_2020.csv
2020-06-05,jepx-top8avg-system,jp,7.713750000000001,https://www.jepx.jp/_download.php?dir=spot_summary&file=spot_summary_2020.csv
2020-06-06,jepx-top8avg-system,jp,5.713749999999999,https://www.jepx.jp/_download.php?dir=spot_summary&file=spot_summary_2020.csv
2020-06-07,jepx-top8avg-system,jp,5.60375,https://www.jepx.jp/_download.php?dir=spot_summary&file=spot_summary_2020.csv
2020-06-08,jepx-top8avg-system,jp,6.67375,https://www.jepx.jp/_download.php?dir=spot_summary&file=spot_summary_2020.csv
2020-06-09,jepx-top8avg-system,jp,7.89,https://www.jepx.jp/_download.php?dir=spot_summary&file=spot_summary_2020.csv
2020-06-10,jepx-top8avg-system,jp,8.77125,https://www.jepx.jp/_download.php?dir=spot_summary&file=spot_summary_2020.csv
2020-06-11,jepx-top8avg-system,jp,14.466249999999999,https://www.jepx.jp/_download.php?dir=spot_summary&file=spot_summary_2020.csv
2020-06-12,jepx-top8avg-system,jp,9.14125,https://www.jepx.jp/_download.php?dir=spot_summary&file=spot_summary_2020.csv
2020-06-13,jepx-top8avg-system,jp,6.98625,https://www.jepx.jp/_download.php?dir=spot_summary&file=spot_summary_2020.csv
2020-06-14,jepx-top8avg-system,jp,6.0675,https://www.jepx.jp/_download.php?dir=spot_summary&file=spot_summary_2020.csv
2020-06-15,jepx-top8avg-system,jp,8.942499999999999,https://www.jepx.jp/_download.php?dir=spot_summary&file=spot_summary_2020.csv
2020-06-16,jepx-top8avg-system,jp,8.25,https://www.jepx.jp/_download.php?dir=spot_summary&file=spot_summary_2020.csv
2020-06-17,jepx-top8avg-system,jp,7.445,https://www.jepx.jp/_download.php?dir=spot_summary&file=spot_summary_2020.csv
2020-06-18,jepx-top8avg-system,jp,7.5562499999999995,https://www.jepx.jp/_download.php?dir=spot_summary&file=spot_summary_2020.csv
2020-06-19,jepx-top8avg-system,jp,6.75625,https://www.jepx.jp/_download.php?dir=spot_summary&file=spot_summary_2020.csv
2020-06-20,jepx-top8avg-system,jp,5.37125,https://www.jepx.jp/_download.php?dir=spot_summary&file=spot_summary_2020.csv
2020-06-21,jepx-top8avg-system,jp,5.75375,https://www.jepx.jp/_download.php?dir=spot_summary&file=spot_summary_2020.csv
2020-06-22,jepx-top8avg-system,jp,6.276249999999999,https://www.jepx.jp/_download.php?dir=spot_summary&file=spot_summary_2020.csv
2020-06-23,jepx-top8avg-system,jp,6.43,https://www.jepx.jp/_download.php?dir=spot_summary&file=spot_summary_2020.csv
2020-06-24,jepx-top8avg-system,jp,6.81625,https://www.jepx.jp/_download.php?dir=spot_summary&file=spot_summary_2020.csv
2020-06-25,jepx-top8avg-system,jp,7.53875,https://www.jepx.jp/_download.php?dir=spot_summary&file=spot_summary_2020.csv
2020-06-26,jepx-top8avg-system,jp,7.96875,https://www.jepx.jp/_download.php?dir=spot_summary&file=spot_summary_2020.csv
2020-06-27,jepx-top8avg-system,jp,6.12875,https://www.jepx.jp/_download.php?dir=spot_summary&file=spot_summary_2020.csv
2020-06-28,jepx-top8avg-system,jp,5.645,https://www.jepx.jp/_download.php?dir=spot_summary&file=spot_summary_2020.csv
2020-06-29,jepx-top8avg-system,jp,6.0337499999999995,https://www.jepx.jp/_download.php?dir=spot_summary&file=spot_summary_2020.csv
2020-06-30,jepx-top8avg-system,jp,6.1625,https://www.jepx.jp/_download.php?dir=spot_summary&file=spot_summary_2020.csv
2020-07-01,jepx-top8avg-system,jp,5.338749999999999,https://www.jepx.jp/_download.php?dir=spot_summary&file=spot_summary_2020.csv
2020-07-02,jepx-top8avg-system,jp,6.965,https://www.jepx.jp/_download.php?dir=spot_summary&file=spot_summary_2020.csv
2020-07-03,jepx-top8avg-system,jp,6.695,https://www.jepx.jp/_download.php?dir=spot_summary&file=spot_summary_2020.csv
2020-07-04,jepx-top8avg-system,jp,5.175000000000001,https://www.jepx.jp/_download.php?dir=spot_summary&file=spot_summary_2020.csv
2020-07-05,jepx-top8avg-system,jp,5.91375,https://www.jepx.jp/_download.php?dir=spot_summary&file=spot_summary_2020.csv
2020-07-06,jepx-top8avg-system,jp,7.155,https://www.jepx.jp/_download.php?dir=spot_summary&file=spot_summary_2020.csv
2020-07-07,jepx-top8avg-system,jp,7.44875,https://www.jepx.jp/_download.php?dir=spot_summary&file=spot_summary_2020.csv
2020-07-08,jepx-top8avg-system,jp,7.08125,https://www.jepx.jp/_download.php?dir=spot_summary&file=spot_summary_2020.csv
2020-07-09,jepx-top8avg-system,jp,7.2212499999999995,https://www.jepx.jp/_download.php?dir=spot_summary&file=spot_summary_2020.csv
2020-07-10,jepx-top8avg-system,jp,7.19125,https://www.jepx.jp/_download.php?dir=spot_summary&file=spot_summary_2020.csv
2020-07-11,jepx-top8avg-system,jp,5.2725,https://www.jepx.jp/_download.php?dir=spot_summary&file=spot_summary_2020.csv
2020-07-12,jepx-top8avg-system,jp,5.18125,https://www.jepx.jp/_download.php?dir=spot_summary&file=spot_summary_2020.csv
2020-07-13,jepx-top8avg-system,jp,6.92375,https://www.jepx.jp/_download.php?dir=spot_summary&file=spot_summary_2020.csv
2020-07-14,jepx-top8avg-system,jp,5.375,https://www.jepx.jp/_download.php?dir=spot_summary&file=spot_summary_2020.csv
2020-07-15,jepx-top8avg-system,jp,4.80625,https://www.jepx.jp/_download.php?dir=spot_summary&file=spot_summary_2020.csv
2020-07-16,jepx-top8avg-system,jp,4.911250000000001,https://www.jepx.jp/_download.php?dir=spot_summary&file=spot_summary_2020.csv
2020-07-17,jepx-top8avg-system,jp,4.80625,https://www.jepx.jp/_download.php?dir=spot_summary&file=spot_summary_2020.csv
2020-07-18,jepx-top8avg-system,jp,4.85375,https://www.jepx.jp/_download.php?dir=spot_summary&file=spot_summary_2020.csv
2020-07-19,jepx-top8avg-system,jp,4.766249999999999,https://www.jepx.jp/_download.php?dir=spot_summary&file=spot_summary_2020.csv
2020-07-20,jepx-top8avg-system,jp,5.4174999999999995,https://www.jepx.jp/_download.php?dir=spot_summary&file=spot_summary_2020.csv
2020-07-21,jepx-top8avg-system,jp,5.0525,https://www.jepx.jp/_download.php?dir=spot_summary&file=spot_summary_2020.csv
2020-07-22,jepx-top8avg-system,jp,6.9825,https://www.jepx.jp/_download.php?dir=spot_summary&file=spot_summary_2020.csv
2020-07-23,jepx-top8avg-system,jp,5.155,https://www.jepx.jp/_download.php?dir=spot_summary&file=spot_summary_2020.csv
2020-07-24,jepx-top8avg-system,jp,5.27375,https://www.jepx.jp/_download.php?dir=spot_summary&file=spot_summary_2020.csv
2020-07-25,jepx-top8avg-system,jp,5.10625,https://www.jepx.jp/_download.php?dir=spot_summary&file=spot_summary_2020.csv
2020-07-26,jepx-top8avg-system,jp,5.63875,https://www.jepx.jp/_download.php?dir=spot_summary&file=spot_summary_2020.csv
2020-07-27,jepx-top8avg-system,jp,7.88125,https://www.jepx.jp/_download.php?dir=spot_summary&file=spot_summary_2020.csv
2020-07-28,jepx-top8avg-system,jp,7.37125,https://www.jepx.jp/_download.php?dir=spot_summary&file=spot_summary_2020.csv
2020-07-29,jepx-top8avg-system,jp,6.1587499999999995,https://www.jepx.jp/_download.php?dir=spot_summary&file=spot_summary_2020.csv
2020-07-30,jepx-top8avg-system,jp,6.7675,https://www.jepx.jp/_download.php?dir=spot_summary&file=spot_summary_2020.csv
2020-07-31,jepx-top8avg-system,jp,7.047499999999999,https://www.jepx.jp/_download.php?dir=spot_summary&file=spot_summary_2020.csv
2020-08-01,jepx-top8avg-system,jp,5.234999999999999,https://www.jepx.jp/_download.php?dir=spot_summary&file=spot_summary_2020.csv
2020-08-02,jepx-top8avg-system,jp,4.897500000000001,https://www.jepx.jp/_download.php?dir=spot_summary&file=spot_summary_2020.csv
2020-08-03,jepx-top8avg-system,jp,6.321250000000001,https://www.jepx.jp/_download.php?dir=spot_summary&file=spot_summary_2020.csv
2020-08-04,jepx-top8avg-system,jp,6.481249999999999,https://www.jepx.jp/_download.php?dir=spot_summary&file=spot_summary_2020.csv
2020-08-05,jepx-top8avg-system,jp,10.44625,https://www.jepx.jp/_download.php?dir=spot_summary&file=spot_summary_2020.csv
2020-08-06,jepx-top8avg-system,jp,7.30875,https://www.jepx.jp/_download.php?dir=spot_summary&file=spot_summary_2020.csv
2020-08-07,jepx-top8avg-system,jp,11.993749999999999,https://www.jepx.jp/_download.php?dir=spot_summary&file=spot_summary_2020.csv
2020-08-08,jepx-top8avg-system,jp,6.3325,https://www.jepx.jp/_download.php?dir=spot_summary&file=spot_summary_2020.csv
2020-08-09,jepx-top8avg-system,jp,6.51375,https://www.jepx.jp/_download.php?dir=spot_summary&file=spot_summary_2020.csv
2020-08-10,jepx-top8avg-system,jp,6.6049999999999995,https://www.jepx.jp/_download.php?dir=spot_summary&file=spot_summary_2020.csv
2020-08-11,jepx-top8avg-system,jp,8.877500000000001,https://www.jepx.jp/_download.php?dir=spot_summary&file=spot_summary_2020.csv
2020-08-12,jepx-top8avg-system,jp,7.795,https://www.jepx.jp/_download.php?dir=spot_summary&file=spot_summary_2020.csv
2020-08-13,jepx-top8avg-system,jp,6.905,https://www.jepx.jp/_download.php?dir=spot_summary&file=spot_summary_2020.csv
2020-08-14,jepx-top8avg-system,jp,6.595,https://www.jepx.jp/_download.php?dir=spot_summary&file=spot_summary_2020.csv
2020-08-15,jepx-top8avg-system,jp,9.0825,https://www.jepx.jp/_download.php?dir=spot_summary&file=spot_summary_2020.csv
2020-08-16,jepx-top8avg-system,jp,7.30375,https://www.jepx.jp/_download.php?dir=spot_summary&file=spot_summary_2020.csv
2020-08-17,jepx-top8avg-system,jp,39.368750000000006,https://www.jepx.jp/_download.php?dir=spot_summary&file=spot_summary_2020.csv
2020-08-18,jepx-top8avg-system,jp,35.6175,https://www.jepx.jp/_download.php?dir=spot_summary&file=spot_summary_2020.csv
2020-08-19,jepx-top8avg-system,jp,23.695,https://www.jepx.jp/_download.php?dir=spot_summary&file=spot_summary_2020.csv
2020-08-20,jepx-top8avg-system,jp,31.604999999999997,https://www.jepx.jp/_download.php?dir=spot_summary&file=spot_summary_2020.csv
2020-08-21,jepx-top8avg-system,jp,26.866249999999997,https://www.jepx.jp/_download.php?dir=spot_summary&file=spot_summary_2020.csv
2020-08-22,jepx-top8avg-system,jp,8.29375,https://www.jepx.jp/_download.php?dir=spot_summary&file=spot_summary_2020.csv
2020-08-23,jepx-top8avg-system,jp,6.5912500000000005,https://www.jepx.jp/_download.php?dir=spot_summary&file=spot_summary_2020.csv
2020-08-24,jepx-top8avg-system,jp,15.4375,https://www.jepx.jp/_download.php?dir=spot_summary&file=spot_summary_2020.csv
2020-08-25,jepx-top8avg-system,jp,22.66625,https://www.jepx.jp/_download.php?dir=spot_summary&file=spot_summary_2020.csv
2020-08-26,jepx-top8avg-system,jp,29.754999999999995,https://www.jepx.jp/_download.php?dir=spot_summary&file=spot_summary_2020.csv
2020-08-27,jepx-top8avg-system,jp,37.49625,https://www.jepx.jp/_download.php?dir=spot_summary&file=spot_summary_2020.csv
2020-08-28,jepx-top8avg-system,jp,43.14875000000001,https://www.jepx.jp/_download.php?dir=spot_summary&file=spot_summary_2020.csv
2020-08-29,jepx-top8avg-system,jp,12.72125,https://www.jepx.jp/_download.php?dir=spot_summary&file=spot_summary_2020.csv
2020-08-30,jepx-top8avg-system,jp,11.2325,https://www.jepx.jp/_download.php?dir=spot_summary&file=spot_summary_2020.csv
2020-08-31,jepx-top8avg-system,jp,35.375,https://www.jepx.jp/_download.php?dir=spot_summary&file=spot_summary_2020.csv
2020-09-01,jepx-top8avg-system,jp,23.87,https://www.jepx.jp/_download.php?dir=spot_summary&file=spot_summary_2020.csv
2020-09-02,jepx-top8avg-system,jp,17.295,https://www.jepx.jp/_download.php?dir=spot_summary&file=spot_summary_2020.csv
2020-09-03,jepx-top8avg-system,jp,33.72625,https://www.jepx.jp/_download.php?dir=spot_summary&file=spot_summary_2020.csv
2020-09-04,jepx-top8avg-system,jp,34.92875,https://www.jepx.jp/_download.php?dir=spot_summary&file=spot_summary_2020.csv
2020-09-05,jepx-top8avg-system,jp,9.705,https://www.jepx.jp/_download.php?dir=spot_summary&file=spot_summary_2020.csv
2020-09-06,jepx-top8avg-system,jp,5.98875,https://www.jepx.jp/_download.php?dir=spot_summary&file=spot_summary_2020.csv
2020-09-07,jepx-top8avg-system,jp,17.9225,https://www.jepx.jp/_download.php?dir=spot_summary&file=spot_summary_2020.csv
2020-09-08,jepx-top8avg-system,jp,22.71875,https://www.jepx.jp/_download.php?dir=spot_summary&file=spot_summary_2020.csv
2020-09-09,jepx-top8avg-system,jp,25.875,https://www.jepx.jp/_download.php?dir=spot_summary&file=spot_summary_2020.csv
2020-09-10,jepx-top8avg-system,jp,11.04625,https://www.jepx.jp/_download.php?dir=spot_summary&file=spot_summary_2020.csv
2020-09-11,jepx-top8avg-system,jp,14.590000000000002,https://www.jepx.jp/_download.php?dir=spot_summary&file=spot_summary_2020.csv
2020-09-12,jepx-top8avg-system,jp,6.07375,https://www.jepx.jp/_download.php?dir=spot_summary&file=spot_summary_2020.csv
2020-09-13,jepx-top8avg-system,jp,5.99375,https://www.jepx.jp/_download.php?dir=spot_summary&file=spot_summary_2020.csv
2020-09-14,jepx-top8avg-system,jp,6.369999999999999,https://www.jepx.jp/_download.php?dir=spot_summary&file=spot_summary_2020.csv
2020-09-15,jepx-top8avg-system,jp,6.19375,https://www.jepx.jp/_download.php?dir=spot_summary&file=spot_summary_2020.csv
2020-09-16,jepx-top8avg-system,jp,6.17,https://www.jepx.jp/_download.php?dir=spot_summary&file=spot_summary_2020.csv
2020-09-17,jepx-top8avg-system,jp,12.2725,https://www.jepx.jp/_download.php?dir=spot_summary&file=spot_summary_2020.csv
2020-09-18,jepx-top8avg-system,jp,15.2725,https://www.jepx.jp/_download.php?dir=spot_summary&file=spot_summary_2020.csv
2020-09-19,jepx-top8avg-system,jp,6.285,https://www.jepx.jp/_download.php?dir=spot_summary&file=spot_summary_2020.csv
2020-09-20,jepx-top8avg-system,jp,5.11875,https://www.jepx.jp/_download.php?dir=spot_summary&file=spot_summary_2020.csv
2020-09-21,jepx-top8avg-system,jp,5.29125,https://www.jepx.jp/_download.php?dir=spot_summary&file=spot_summary_2020.csv
2020-09-22,jepx-top8avg-system,jp,5.539999999999999,https://www.jepx.jp/_download.php?dir=spot_summary&file=spot_summary_2020.csv
2020-09-23,jepx-top8avg-system,jp,6.883749999999999,https://www.jepx.jp/_download.php?dir=spot_summary&file=spot_summary_2020.csv
2020-09-24,jepx-top8avg-system,jp,6.13875,https://www.jepx.jp/_download.php?dir=spot_summary&file=spot_summary_2020.csv
2020-09-25,jepx-top8avg-system,jp,5.73875,https://www.jepx.jp/_download.php?dir=spot_summary&file=spot_summary_2020.csv
2020-09-26,jepx-top8avg-system,jp,5.265000000000001,https://www.jepx.jp/_download.php?dir=spot_summary&file=spot_summary_2020.csv
2020-09-27,jepx-top8avg-system,jp,4.79875,https://www.jepx.jp/_download.php?dir=spot_summary&file=spot_summary_2020.csv
2020-09-28,jepx-top8avg-system,jp,5.825,https://www.jepx.jp/_download.php?dir=spot_summary&file=spot_summary_2020.csv
2020-09-29,jepx-top8avg-system,jp,5.91,https://www.jepx.jp/_download.php?dir=spot_summary&file=spot_summary_2020.csv
2020-09-30,jepx-top8avg-system,jp,5.8,https://www.jepx.jp/_download.php?dir=spot_summary&file=spot_summary_2020.csv
2020-10-01,jepx-top8avg-system,jp,5.965,https://www.jepx.jp/_download.php?dir=spot_summary&file=spot_summary_2020.csv
2020-10-02,jepx-top8avg-system,jp,6.18375,https://www.jepx.jp/_download.php?dir=spot_summary&file=spot_summary_2020.csv
2020-10-03,jepx-top8avg-system,jp,5.9712499999999995,https://www.jepx.jp/_download.php?dir=spot_summary&file=spot_summary_2020.csv
2020-10-04,jepx-top8avg-system,jp,5.4575,https://www.jepx.jp/_download.php?dir=spot_summary&file=spot_summary_2020.csv
2020-10-05,jepx-top8avg-system,jp,7.578749999999999,https://www.jepx.jp/_download.php?dir=spot_summary&file=spot_summary_2020.csv
2020-10-06,jepx-top8avg-system,jp,6.25,https://www.jepx.jp/_download.php?dir=spot_summary&file=spot_summary_2020.csv
2020-10-07,jepx-top8avg-system,jp,6.73125,https://www.jepx.jp/_download.php?dir=spot_summary&file=spot_summary_2020.csv
2020-10-08,jepx-top8avg-system,jp,8.80625,https://www.jepx.jp/_download.php?dir=spot_summary&file=spot_summary_2020.csv
2020-10-09,jepx-top8avg-system,jp,9.38125,https://www.jepx.jp/_download.php?dir=spot_summary&file=spot_summary_2020.csv
2020-10-10,jepx-top8avg-system,jp,5.9350000000000005,https://www.jepx.jp/_download.php?dir=spot_summary&file=spot_summary_2020.csv
2020-10-11,jepx-top8avg-system,jp,5.742500000000001,https://www.jepx.jp/_download.php?dir=spot_summary&file=spot_summary_2020.csv
2020-10-12,jepx-top8avg-system,jp,8.53875,https://www.jepx.jp/_download.php?dir=spot_summary&file=spot_summary_2020.csv
2020-10-13,jepx-top8avg-system,jp,7.157499999999999,https://www.jepx.jp/_download.php?dir=spot_summary&file=spot_summary_2020.csv
2020-10-14,jepx-top8avg-system,jp,8.276250000000001,https://www.jepx.jp/_download.php?dir=spot_summary&file=spot_summary_2020.csv
2020-10-15,jepx-top8avg-system,jp,8.408750000000001,https://www.jepx.jp/_download.php?dir=spot_summary&file=spot_summary_2020.csv
2020-10-16,jepx-top8avg-system,jp,6.67375,https://www.jepx.jp/_download.php?dir=spot_summary&file=spot_summary_2020.csv
2020-10-17,jepx-top8avg-system,jp,6.766249999999999,https://www.jepx.jp/_download.php?dir=spot_summary&file=spot_summary_2020.csv
2020-10-18,jepx-top8avg-system,jp,5.995,https://www.jepx.jp/_download.php?dir=spot_summary&file=spot_summary_2020.csv
2020-10-19,jepx-top8avg-system,jp,7.077500000000001,https://www.jepx.jp/_download.php?dir=spot_summary&file=spot_summary_2020.csv
2020-10-20,jepx-top8avg-system,jp,7.890000000000001,https://www.jepx.jp/_download.php?dir=spot_summary&file=spot_summary_2020.csv
2020-10-21,jepx-top8avg-system,jp,8.684999999999999,https://www.jepx.jp/_download.php?dir=spot_summary&file=spot_summary_2020.csv
2020-10-22,jepx-top8avg-system,jp,10.69375,https://www.jepx.jp/_download.php?dir=spot_summary&file=spot_summary_2020.csv
2020-10-23,jepx-top8avg-system,jp,8.4625,https://www.jepx.jp/_download.php?dir=spot_summary&file=spot_summary_2020.csv
2020-10-24,jepx-top8avg-system,jp,6.012499999999999,https://www.jepx.jp/_download.php?dir=spot_summary&file=spot_summary_2020.csv
2020-10-25,jepx-top8avg-system,jp,5.6225000000000005,https://www.jepx.jp/_download.php?dir=spot_summary&file=spot_summary_2020.csv
2020-10-26,jepx-top8avg-system,jp,6.87125,https://www.jepx.jp/_download.php?dir=spot_summary&file=spot_summary_2020.csv
2020-10-27,jepx-top8avg-system,jp,8.006250000000001,https://www.jepx.jp/_download.php?dir=spot_summary&file=spot_summary_2020.csv
2020-10-28,jepx-top8avg-system,jp,8.20375,https://www.jepx.jp/_download.php?dir=spot_summary&file=spot_summary_2020.csv
2020-10-29,jepx-top8avg-system,jp,8.681249999999999,https://www.jepx.jp/_download.php?dir=spot_summary&file=spot_summary_2020.csv
2020-10-30,jepx-top8avg-system,jp,12.467500000000001,https://www.jepx.jp/_download.php?dir=spot_summary&file=spot_summary_2020.csv
2020-10-31,jepx-top8avg-system,jp,6.84,https://www.jepx.jp/_download.php?dir=spot_summary&file=spot_summary_2020.csv
2020-11-01,jepx-top8avg-system,jp,6.2675,https://www.jepx.jp/_download.php?dir=spot_summary&file=spot_summary_2020.csv
2020-11-02,jepx-top8avg-system,jp,14.35125,https://www.jepx.jp/_download.php?dir=spot_summary&file=spot_summary_2020.csv
2020-11-03,jepx-top8avg-system,jp,6.140000000000001,https://www.jepx.jp/_download.php?dir=spot_summary&file=spot_summary_2020.csv
2020-11-04,jepx-top8avg-system,jp,7.51375,https://www.jepx.jp/_download.php?dir=spot_summary&file=spot_summary_2020.csv
2020-11-05,jepx-top8avg-system,jp,8.1475,https://www.jepx.jp/_download.php?dir=spot_summary&file=spot_summary_2020.csv
2020-11-06,jepx-top8avg-system,jp,11.2225,https://www.jepx.jp/_download.php?dir=spot_summary&file=spot_summary_2020.csv
2020-11-07,jepx-top8avg-system,jp,6.22,https://www.jepx.jp/_download.php?dir=spot_summary&file=spot_summary_2020.csv
2020-11-08,jepx-top8avg-system,jp,6.08125,https://www.jepx.jp/_download.php?dir=spot_summary&file=spot_summary_2020.csv
2020-11-09,jepx-top8avg-system,jp,7.637500000000001,https://www.jepx.jp/_download.php?dir=spot_summary&file=spot_summary_2020.csv
2020-11-10,jepx-top8avg-system,jp,7.67875,https://www.jepx.jp/_download.php?dir=spot_summary&file=spot_summary_2020.csv
2020-11-11,jepx-top8avg-system,jp,9.870000000000001,https://www.jepx.jp/_download.php?dir=spot_summary&file=spot_summary_2020.csv
2020-11-12,jepx-top8avg-system,jp,9.3975,https://www.jepx.jp/_download.php?dir=spot_summary&file=spot_summary_2020.csv
2020-11-13,jepx-top8avg-system,jp,7.79,https://www.jepx.jp/_download.php?dir=spot_summary&file=spot_summary_2020.csv
2020-11-14,jepx-top8avg-system,jp,6.81125,https://www.jepx.jp/_download.php?dir=spot_summary&file=spot_summary_2020.csv
2020-11-15,jepx-top8avg-system,jp,6.10125,https://www.jepx.jp/_download.php?dir=spot_summary&file=spot_summary_2020.csv
2020-11-16,jepx-top8avg-system,jp,7.4425,https://www.jepx.jp/_download.php?dir=spot_summary&file=spot_summary_2020.csv
2020-11-17,jepx-top8avg-system,jp,7.7375,https://www.jepx.jp/_download.php?dir=spot_summary&file=spot_summary_2020.csv
2020-11-18,jepx-top8avg-system,jp,6.955,https://www.jepx.jp/_download.php?dir=spot_summary&file=spot_summary_2020.csv
2020-11-19,jepx-top8avg-system,jp,6.72125,https://www.jepx.jp/_download.php?dir=spot_summary&file=spot_summary_2020.csv
2020-11-20,jepx-top8avg-system,jp,6.547499999999999,https://www.jepx.jp/_download.php?dir=spot_summary&file=spot_summary_2020.csv
2020-11-21,jepx-top8avg-system,jp,6.16625,https://www.jepx.jp/_download.php?dir=spot_summary&file=spot_summary_2020.csv
2020-11-22,jepx-top8avg-system,jp,6.2325,https://www.jepx.jp/_download.php?dir=spot_summary&file=spot_summary_2020.csv
2020-11-23,jepx-top8avg-system,jp,6.3950000000000005,https://www.jepx.jp/_download.php?dir=spot_summary&file=spot_summary_2020.csv
2020-11-24,jepx-top8avg-system,jp,7.101249999999999,https://www.jepx.jp/_download.php?dir=spot_summary&file=spot_summary_2020.csv
2020-11-25,jepx-top8avg-system,jp,8.12375,https://www.jepx.jp/_download.php?dir=spot_summary&file=spot_summary_2020.csv
2020-11-26,jepx-top8avg-system,jp,6.63625,https://www.jepx.jp/_download.php?dir=spot_summary&file=spot_summary_2020.csv
2020-11-27,jepx-top8avg-system,jp,7.933750000000001,https://www.jepx.jp/_download.php?dir=spot_summary&file=spot_summary_2020.csv
2020-11-28,jepx-top8avg-system,jp,6.30375,https://www.jepx.jp/_download.php?dir=spot_summary&file=spot_summary_2020.csv
2020-11-29,jepx-top8avg-system,jp,6.8525,https://www.jepx.jp/_download.php?dir=spot_summary&file=spot_summary_2020.csv
2020-11-30,jepx-top8avg-system,jp,8.120000000000001,https://www.jepx.jp/_download.php?dir=spot_summary&file=spot_summary_2020.csv
2020-12-01,jepx-top8avg-system,jp,7.8325,https://www.jepx.jp/_download.php?dir=spot_summary&file=spot_summary_2020.csv
2020-12-02,jepx-top8avg-system,jp,8.36625,https://www.jepx.jp/_download.php?dir=spot_summary&file=spot_summary_2020.csv
2020-12-03,jepx-top8avg-system,jp,7.35125,https://www.jepx.jp/_download.php?dir=spot_summary&file=spot_summary_2020.csv
2020-12-04,jepx-top8avg-system,jp,7.4575,https://www.jepx.jp/_download.php?dir=spot_summary&file=spot_summary_2020.csv
2020-12-05,jepx-top8avg-system,jp,7.28875,https://www.jepx.jp/_download.php?dir=spot_summary&file=spot_summary_2020.csv
2020-12-06,jepx-top8avg-system,jp,6.545,https://www.jepx.jp/_download.php?dir=spot_summary&file=spot_summary_2020.csv
2020-12-07,jepx-top8avg-system,jp,7.141249999999999,https://www.jepx.jp/_download.php?dir=spot_summary&file=spot_summary_2020.csv
2020-12-08,jepx-top8avg-system,jp,7.391249999999999,https://www.jepx.jp/_download.php?dir=spot_summary&file=spot_summary_2020.csv
2020-12-09,jepx-top8avg-system,jp,8.895000000000001,https://www.jepx.jp/_download.php?dir=spot_summary&file=spot_summary_2020.csv
2020-12-10,jepx-top8avg-system,jp,8.97625,https://www.jepx.jp/_download.php?dir=spot_summary&file=spot_summary_2020.csv
2020-12-11,jepx-top8avg-system,jp,7.75,https://www.jepx.jp/_download.php?dir=spot_summary&file=spot_summary_2020.csv
2020-12-12,jepx-top8avg-system,jp,7.581250000000001,https://www.jepx.jp/_download.php?dir=spot_summary&file=spot_summary_2020.csv
2020-12-13,jepx-top8avg-system,jp,7.405,https://www.jepx.jp/_download.php?dir=spot_summary&file=spot_summary_2020.csv
2020-12-14,jepx-top8avg-system,jp,10.25375,https://www.jepx.jp/_download.php?dir=spot_summary&file=spot_summary_2020.csv
2020-12-15,jepx-top8avg-system,jp,15.00625,https://www.jepx.jp/_download.php?dir=spot_summary&file=spot_summary_2020.csv
2020-12-16,jepx-top8avg-system,jp,41.32125,https://www.jepx.jp/_download.php?dir=spot_summary&file=spot_summary_2020.csv
2020-12-17,jepx-top8avg-system,jp,54.36375,https://www.jepx.jp/_download.php?dir=spot_summary&file=spot_summary_2020.csv
2020-12-18,jepx-top8avg-system,jp,56.2475,https://www.jepx.jp/_download.php?dir=spot_summary&file=spot_summary_2020.csv
2020-12-19,jepx-top8avg-system,jp,27.478749999999998,https://www.jepx.jp/_download.php?dir=spot_summary&file=spot_summary_2020.csv
2020-12-20,jepx-top8avg-system,jp,14.85625,https://www.jepx.jp/_download.php?dir=spot_summary&file=spot_summary_2020.csv
2020-12-21,jepx-top8avg-system,jp,35.57,https://www.jepx.jp/_download.php?dir=spot_summary&file=spot_summary_2020.csv
2020-12-22,jepx-top8avg-system,jp,25.87375,https://www.jepx.jp/_download.php?dir=spot_summary&file=spot_summary_2020.csv
2020-12-23,jepx-top8avg-system,jp,18.11125,https://www.jepx.jp/_download.php?dir=spot_summary&file=spot_summary_2020.csv
2020-12-24,jepx-top8avg-system,jp,28.8675,https://www.jepx.jp/_download.php?dir=spot_summary&file=spot_summary_2020.csv
2020-12-25,jepx-top8avg-system,jp,25.4075,https://www.jepx.jp/_download.php?dir=spot_summary&file=spot_summary_2020.csv
2020-12-26,jepx-top8avg-system,jp,75.0775,https://www.jepx.jp/_download.php?dir=spot_summary&file=spot_summary_2020.csv
2020-12-27,jepx-top8avg-system,jp,71.8775,https://www.jepx.jp/_download.php?dir=spot_summary&file=spot_summary_2020.csv
2020-12-28,jepx-top8avg-system,jp,71.36375,https://www.jepx.jp/_download.php?dir=spot_summary&file=spot_summary_2020.csv
2020-12-29,jepx-top8avg-system,jp,45.005,https://www.jepx.jp/_download.php?dir=spot_summary&file=spot_summary_2020.csv
2020-12-30,jepx-top8avg-system,jp,63.306250000000006,https://www.jepx.jp/_download.php?dir=spot_summary&file=spot_summary_2020.csv
2020-12-31,jepx-top8avg-system,jp,50.0,https://www.jepx.jp/_download.php?dir=spot_summary&file=spot_summary_2020.csv
2021-01-01,jepx-top8avg-system,jp,57.105000000000004,https://www.jepx.jp/_download.php?dir=spot_summary&file=spot_summary_2020.csv
2021-01-02,jepx-top8avg-system,jp,60.0,https://www.jepx.jp/_download.php?dir=spot_summary&file=spot_summary_2020.csv
2021-01-03,jepx-top8avg-system,jp,62.25375,https://www.jepx.jp/_download.php?dir=spot_summary&file=spot_summary_2020.csv
2021-01-04,jepx-top8avg-system,jp,74.6875,https://www.jepx.jp/_download.php?dir=spot_summary&file=spot_summary_2020.csv
2021-01-05,jepx-top8avg-system,jp,80.65,https://www.jepx.jp/_download.php?dir=spot_summary&file=spot_summary_2020.csv
2021-01-06,jepx-top8avg-system,jp,97.3775,https://www.jepx.jp/_download.php?dir=spot_summary&file=spot_summary_2020.csv
2021-01-07,jepx-top8avg-system,jp,103.005,https://www.jepx.jp/_download.php?dir=spot_summary&file=spot_summary_2020.csv
2021-01-08,jepx-top8avg-system,jp,117.50874999999999,https://www.jepx.jp/_download.php?dir=spot_summary&file=spot_summary_2020.csv
2021-01-09,jepx-top8avg-system,jp,120.375,https://www.jepx.jp/_download.php?dir=spot_summary&file=spot_summary_2020.csv
2021-01-10,jepx-top8avg-system,jp,138.3475,https://www.jepx.jp/_download.php?dir=spot_summary&file=spot_summary_2020.csv
2021-01-11,jepx-top8avg-system,jp,168.92499999999998,https://www.jepx.jp/_download.php?dir=spot_summary&file=spot_summary_2020.csv
2021-01-12,jepx-top8avg-system,jp,206.50875,https://www.jepx.jp/_download.php?dir=spot_summary&file=spot_summary_2020.csv
2021-01-13,jepx-top8avg-system,jp,220.4625,https://www.jepx.jp/_download.php?dir=spot_summary&file=spot_summary_2020.csv
2021-01-14,jepx-top8avg-system,jp,225.91750000000002,https://www.jepx.jp/_download.php?dir=spot_summary&file=spot_summary_2020.csv
2021-01-15,jepx-top8avg-system,jp,231.555,https://www.jepx.jp/_download.php?dir=spot_summary&file=spot_summary_2020.csv
2021-01-16,jepx-top8avg-system,jp,95.2225,https://www.jepx.jp/_download.php?dir=spot_summary&file=spot_summary_2020.csv
2021-01-17,jepx-top8avg-system,jp,86.26124999999999,https://www.jepx.jp/_download.php?dir=spot_summary&file=spot_summary_2020.csv
2021-01-18,jepx-top8avg-system,jp,192.99125,https://www.jepx.jp/_download.php?dir=spot_summary&file=spot_summary_2020.csv
2021-01-19,jepx-top8avg-system,jp,199.9975,https://www.jepx.jp/_download.php?dir=spot_summary&file=spot_summary_2020.csv
2021-01-20,jepx-top8avg-system,jp,200.0,https://www.jepx.jp/_download.php?dir=spot_summary&file=spot_summary_2020.csv
2021-01-21,jepx-top8avg-system,jp,184.85,https://www.jepx.jp/_download.php?dir=spot_summary&file=spot_summary_2020.csv
2021-01-22,jepx-top8avg-system,jp,120.8375,https://www.jepx.jp/_download.php?dir=spot_summary&file=spot_summary_2020.csv
2021-01-23,jepx-top8avg-system,jp,53.08375,https://www.jepx.jp/_download.php?dir=spot_summary&file=spot_summary_2020.csv
2021-01-24,jepx-top8avg-system,jp,49.5,https://www.jepx.jp/_download.php?dir=spot_summary&file=spot_summary_2020.csv
2021-01-25,jepx-top8avg-system,jp,26.533749999999998,https://www.jepx.jp/_download.php?dir=spot_summary&file=spot_summary_2020.csv
2021-01-26,jepx-top8avg-system,jp,23.62625,https://www.jepx.jp/_download.php?dir=spot_summary&file=spot_summary_2020.csv
2021-01-27,jepx-top8avg-system,jp,12.3125,https://www.jepx.jp/_download.php?dir=spot_summary&file=spot_summary_2020.csv
2021-01-28,jepx-top8avg-system,jp,14.9025,https://www.jepx.jp/_download.php?dir=spot_summary&file=spot_summary_2020.csv
2021-01-29,jepx-top8avg-system,jp,13.661249999999999,https://www.jepx.jp/_download.php?dir=spot_summary&file=spot_summary_2020.csv
2021-01-30,jepx-top8avg-system,jp,10.7575,https://www.jepx.jp/_download.php?dir=spot_summary&file=spot_summary_2020.csv
2021-01-31,jepx-top8avg-system,jp,8.915,https://www.jepx.jp/_download.php?dir=spot_summary&file=spot_summary_2020.csv
2021-02-01,jepx-top8avg-system,jp,9.6925,https://www.jepx.jp/_download.php?dir=spot_summary&file=spot_summary_2020.csv
2021-02-02,jepx-top8avg-system,jp,9.56625,https://www.jepx.jp/_download.php?dir=spot_summary&file=spot_summary_2020.csv
2021-02-03,jepx-top8avg-system,jp,10.90125,https://www.jepx.jp/_download.php?dir=spot_summary&file=spot_summary_2020.csv
2021-02-04,jepx-top8avg-system,jp,10.44375,https://www.jepx.jp/_download.php?dir=spot_summary&file=spot_summary_2020.csv
2021-02-05,jepx-top8avg-system,jp,9.38625,https://www.jepx.jp/_download.php?dir=spot_summary&file=spot_summary_2020.csv
2021-02-06,jepx-top8avg-system,jp,8.4925,https://www.jepx.jp/_download.php?dir=spot_summary&file=spot_summary_2020.csv
2021-02-07,jepx-top8avg-system,jp,7.96875,https://www.jepx.jp/_download.php?dir=spot_summary&file=spot_summary_2020.csv
2021-02-08,jepx-top8avg-system,jp,10.61375,https://www.jepx.jp/_download.php?dir=spot_summary&file=spot_summary_2020.csv
2021-02-09,jepx-top8avg-system,jp,11.5275,https://www.jepx.jp/_download.php?dir=spot_summary&file=spot_summary_2020.csv
2021-02-10,jepx-top8avg-system,jp,9.15,https://www.jepx.jp/_download.php?dir=spot_summary&file=spot_summary_2020.csv
2021-02-11,jepx-top8avg-system,jp,8.675,https://www.jepx.jp/_download.php?dir=spot_summary&file=spot_summary_2020.csv
2021-02-12,jepx-top8avg-system,jp,8.565000000000001,https://www.jepx.jp/_download.php?dir=spot_summary&file=spot_summary_2020.csv
2021-02-13,jepx-top8avg-system,jp,7.03625,https://www.jepx.jp/_download.php?dir=spot_summary&file=spot_summary_2020.csv
2021-02-14,jepx-top8avg-system,jp,6.38375,https://www.jepx.jp/_download.php?dir=spot_summary&file=spot_summary_2020.csv
2021-02-15,jepx-top8avg-system,jp,10.3675,https://www.jepx.jp/_download.php?dir=spot_summary&file=spot_summary_2020.csv
2021-02-16,jepx-top8avg-system,jp,9.36875,https://www.jepx.jp/_download.php?dir=spot_summary&file=spot_summary_2020.csv
2021-02-17,jepx-top8avg-system,jp,18.4675,https://www.jepx.jp/_download.php?dir=spot_summary&file=spot_summary_2020.csv
2021-02-18,jepx-top8avg-system,jp,24.6875,https://www.jepx.jp/_download.php?dir=spot_summary&file=spot_summary_2020.csv
2021-02-19,jepx-top8avg-system,jp,10.759999999999998,https://www.jepx.jp/_download.php?dir=spot_summary&file=spot_summary_2020.csv
2021-02-20,jepx-top8avg-system,jp,8.721250000000001,https://www.jepx.jp/_download.php?dir=spot_summary&file=spot_summary_2020.csv
2021-02-21,jepx-top8avg-system,jp,7.671250000000001,https://www.jepx.jp/_download.php?dir=spot_summary&file=spot_summary_2020.csv
2021-02-22,jepx-top8avg-system,jp,6.838749999999999,https://www.jepx.jp/_download.php?dir=spot_summary&file=spot_summary_2020.csv
2021-02-23,jepx-top8avg-system,jp,8.96,https://www.jepx.jp/_download.php?dir=spot_summary&file=spot_summary_2020.csv
2021-02-24,jepx-top8avg-system,jp,11.423750000000002,https://www.jepx.jp/_download.php?dir=spot_summary&file=spot_summary_2020.csv
2021-02-25,jepx-top8avg-system,jp,10.25375,https://www.jepx.jp/_download.php?dir=spot_summary&file=spot_summary_2020.csv
2021-02-26,jepx-top8avg-system,jp,12.2525,https://www.jepx.jp/_download.php?dir=spot_summary&file=spot_summary_2020.csv
2021-02-27,jepx-top8avg-system,jp,9.57375,https://www.jepx.jp/_download.php?dir=spot_summary&file=spot_summary_2020.csv
2021-02-28,jepx-top8avg-system,jp,8.84,https://www.jepx.jp/_download.php?dir=spot_summary&file=spot_summary_2020.csv
2021-03-01,jepx-top8avg-system,jp,7.978750000000001,https://www.jepx.jp/_download.php?dir=spot_summary&file=spot_summary_2020.csv
2021-03-02,jepx-top8avg-system,jp,10.716249999999999,https://www.jepx.jp/_download.php?dir=spot_summary&file=spot_summary_2020.csv
2021-03-03,jepx-top8avg-system,jp,10.85,https://www.jepx.jp/_download.php?dir=spot_summary&file=spot_summary_2020.csv
2021-03-04,jepx-top8avg-system,jp,9.565,https://www.jepx.jp/_download.php?dir=spot_summary&file=spot_summary_2020.csv
2021-03-05,jepx-top8avg-system,jp,7.87,https://www.jepx.jp/_download.php?dir=spot_summary&file=spot_summary_2020.csv
2021-03-06,jepx-top8avg-system,jp,7.984999999999999,https://www.jepx.jp/_download.php?dir=spot_summary&file=spot_summary_2020.csv
2021-03-07,jepx-top8avg-system,jp,9.530000000000001,https://www.jepx.jp/_download.php?dir=spot_summary&file=spot_summary_2020.csv
2021-03-08,jepx-top8avg-system,jp,9.79625,https://www.jepx.jp/_download.php?dir=spot_summary&file=spot_summary_2020.csv
2021-03-09,jepx-top8avg-system,jp,10.0975,https://www.jepx.jp/_download.php?dir=spot_summary&file=spot_summary_2020.csv
2021-03-10,jepx-top8avg-system,jp,8.3825,https://www.jepx.jp/_download.php?dir=spot_summary&file=spot_summary_2020.csv
2021-03-11,jepx-top8avg-system,jp,8.925,https://www.jepx.jp/_download.php?dir=spot_summary&file=spot_summary_2020.csv
2021-03-12,jepx-top8avg-system,jp,9.225,https://www.jepx.jp/_download.php?dir=spot_summary&file=spot_summary_2020.csv
2021-03-13,jepx-top8avg-system,jp,7.522500000000001,https://www.jepx.jp/_download.php?dir=spot_summary&file=spot_summary_2020.csv
2021-03-14,jepx-top8avg-system,jp,7.48625,https://www.jepx.jp/_download.php?dir=spot_summary&file=spot_summary_2020.csv
2021-03-15,jepx-top8avg-system,jp,7.92,https://www.jepx.jp/_download.php?dir=spot_summary&file=spot_summary_2020.csv
2021-03-16,jepx-top8avg-system,jp,7.7837499999999995,https://www.jepx.jp/_download.php?dir=spot_summary&file=spot_summary_2020.csv
2021-03-17,jepx-top8avg-system,jp,7.875,https://www.jepx.jp/_download.php?dir=spot_summary&file=spot_summary_2020.csv
2021-03-18,jepx-top8avg-system,jp,7.78125,https://www.jepx.jp/_download.php?dir=spot_summary&file=spot_summary_2020.csv
2021-03-19,jepx-top8avg-system,jp,7.6000000000000005,https://www.jepx.jp/_download.php?dir=spot_summary&file=spot_summary_2020.csv
2021-03-20,jepx-top8avg-system,jp,7.6425,https://www.jepx.jp/_download.php?dir=spot_summary&file=spot_summary_2020.csv
2021-03-21,jepx-top8avg-system,jp,7.19625,https://www.jepx.jp/_download.php?dir=spot_summary&file=spot_summary_2020.csv
2021-03-22,jepx-top8avg-system,jp,8.81625,https://www.jepx.jp/_download.php?dir=spot_summary&file=spot_summary_2020.csv
2021-03-23,jepx-top8avg-system,jp,7.95,https://www.jepx.jp/_download.php?dir=spot_summary&file=spot_summary_2020.csv
2021-03-24,jepx-top8avg-system,jp,7.395,https://www.jepx.jp/_download.php?dir=spot_summary&file=spot_summary_2020.csv
2021-03-25,jepx-top8avg-system,jp,7.1225,https://www.jepx.jp/_download.php?dir=spot_summary&file=spot_summary_2020.csv
2021-03-26,jepx-top8avg-system,jp,7.078749999999999,https://www.jepx.jp/_download.php?dir=spot_summary&file=spot_summary_2020.csv
2021-03-27,jepx-top8avg-system,jp,5.67375,https://www.jepx.jp/_download.php?dir=spot_summary&file=spot_summary_2020.csv
2021-03-28,jepx-top8avg-system,jp,5.77375,https://www.jepx.jp/_download.php?dir=spot_summary&file=spot_summary_2020.csv
2021-03-29,jepx-top8avg-system,jp,6.33125,https://www.jepx.jp/_download.php?dir=spot_summary&file=spot_summary_2020.csv
2021-03-30,jepx-top8avg-system,jp,6.1575,https://www.jepx.jp/_download.php?dir=spot_summary&file=spot_summary_2020.csv
2021-03-31,jepx-top8avg-system,jp,6.05875,https://www.jepx.jp/_download.php?dir=spot_summary&file=spot_summary_2020.csv
2021-04-01,jepx-top8avg-system,jp,7.029999999999999,https://www.jepx.jp/_download.php?dir=spot_summary&file=spot_summary_2021.csv
2021-04-02,jepx-top8avg-system,jp,7.21125,https://www.jepx.jp/_download.php?dir=spot_summary&file=spot_summary_2021.csv
2021-04-03,jepx-top8avg-system,jp,7.44875,https://www.jepx.jp/_download.php?dir=spot_summary&file=spot_summary_2021.csv
2021-04-04,jepx-top8avg-system,jp,7.43875,https://www.jepx.jp/_download.php?dir=spot_summary&file=spot_summary_2021.csv
2021-04-05,jepx-top8avg-system,jp,7.733750000000001,https://www.jepx.jp/_download.php?dir=spot_summary&file=spot_summary_2021.csv
2021-04-06,jepx-top8avg-system,jp,8.295,https://www.jepx.jp/_download.php?dir=spot_summary&file=spot_summary_2021.csv
2021-04-07,jepx-top8avg-system,jp,8.668750000000001,https://www.jepx.jp/_download.php?dir=spot_summary&file=spot_summary_2021.csv
2021-04-08,jepx-top8avg-system,jp,9.108749999999999,https://www.jepx.jp/_download.php?dir=spot_summary&file=spot_summary_2021.csv
2021-04-09,jepx-top8avg-system,jp,9.76875,https://www.jepx.jp/_download.php?dir=spot_summary&file=spot_summary_2021.csv
2021-04-10,jepx-top8avg-system,jp,9.3,https://www.jepx.jp/_download.php?dir=spot_summary&file=spot_summary_2021.csv
2021-04-11,jepx-top8avg-system,jp,8.3325,https://www.jepx.jp/_download.php?dir=spot_summary&file=spot_summary_2021.csv
2021-04-12,jepx-top8avg-system,jp,9.77375,https://www.jepx.jp/_download.php?dir=spot_summary&file=spot_summary_2021.csv
2021-04-13,jepx-top8avg-system,jp,10.49,https://www.jepx.jp/_download.php?dir=spot_summary&file=spot_summary_2021.csv
2021-04-14,jepx-top8avg-system,jp,11.13375,https://www.jepx.jp/_download.php?dir=spot_summary&file=spot_summary_2021.csv
2021-04-15,jepx-top8avg-system,jp,11.6125,https://www.jepx.jp/_download.php?dir=spot_summary&file=spot_summary_2021.csv
2021-04-16,jepx-top8avg-system,jp,10.3325,https://www.jepx.jp/_download.php?dir=spot_summary&file=spot_summary_2021.csv
2021-04-17,jepx-top8avg-system,jp,8.535,https://www.jepx.jp/_download.php?dir=spot_summary&file=spot_summary_2021.csv
2021-04-18,jepx-top8avg-system,jp,7.93375,https://www.jepx.jp/_download.php?dir=spot_summary&file=spot_summary_2021.csv
2021-04-19,jepx-top8avg-system,jp,9.598749999999999,https://www.jepx.jp/_download.php?dir=spot_summary&file=spot_summary_2021.csv
2021-04-20,jepx-top8avg-system,jp,9.45875,https://www.jepx.jp/_download.php?dir=spot_summary&file=spot_summary_2021.csv
2021-04-21,jepx-top8avg-system,jp,9.17125,https://www.jepx.jp/_download.php?dir=spot_summary&file=spot_summary_2021.csv
2021-04-22,jepx-top8avg-system,jp,9.87875,https://www.jepx.jp/_download.php?dir=spot_summary&file=spot_summary_2021.csv
2021-04-23,jepx-top8avg-system,jp,10.498750000000001,https://www.jepx.jp/_download.php?dir=spot_summary&file=spot_summary_2021.csv
2021-04-24,jepx-top8avg-system,jp,9.22625,https://www.jepx.jp/_download.php?dir=spot_summary&file=spot_summary_2021.csv
2021-04-25,jepx-top8avg-system,jp,8.658750000000001,https://www.jepx.jp/_download.php?dir=spot_summary&file=spot_summary_2021.csv
2021-04-26,jepx-top8avg-system,jp,13.20625,https://www.jepx.jp/_download.php?dir=spot_summary&file=spot_summary_2021.csv
2021-04-27,jepx-top8avg-system,jp,13.146249999999998,https://www.jepx.jp/_download.php?dir=spot_summary&file=spot_summary_2021.csv
2021-04-28,jepx-top8avg-system,jp,17.38,https://www.jepx.jp/_download.php?dir=spot_summary&file=spot_summary_2021.csv
2021-04-29,jepx-top8avg-system,jp,11.81875,https://www.jepx.jp/_download.php?dir=spot_summary&file=spot_summary_2021.csv
2021-04-30,jepx-top8avg-system,jp,9.6375,https://www.jepx.jp/_download.php?dir=spot_summary&file=spot_summary_2021.csv
2021-05-01,jepx-top8avg-system,jp,9.19,https://www.jepx.jp/_download.php?dir=spot_summary&file=spot_summary_2021.csv
2021-05-02,jepx-top8avg-system,jp,8.27,https://www.jepx.jp/_download.php?dir=spot_summary&file=spot_summary_2021.csv
2021-05-03,jepx-top8avg-system,jp,8.186250000000001,https://www.jepx.jp/_download.php?dir=spot_summary&file=spot_summary_2021.csv
2021-05-04,jepx-top8avg-system,jp,8.12875,https://www.jepx.jp/_download.php?dir=spot_summary&file=spot_summary_2021.csv
2021-05-05,jepx-top8avg-system,jp,8.05375,https://www.jepx.jp/_download.php?dir=spot_summary&file=spot_summary_2021.csv
2021-05-06,jepx-top8avg-system,jp,8.2675,https://www.jepx.jp/_download.php?dir=spot_summary&file=spot_summary_2021.csv
2021-05-07,jepx-top8avg-system,jp,8.26375,https://www.jepx.jp/_download.php?dir=spot_summary&file=spot_summary_2021.csv
2021-05-08,jepx-top8avg-system,jp,8.07875,https://www.jepx.jp/_download.php?dir=spot_summary&file=spot_summary_2021.csv
2021-05-09,jepx-top8avg-system,jp,7.275,https://www.jepx.jp/_download.php?dir=spot_summary&file=spot_summary_2021.csv
2021-05-10,jepx-top8avg-system,jp,9.4125,https://www.jepx.jp/_download.php?dir=spot_summary&file=spot_summary_2021.csv
2021-05-11,jepx-top8avg-system,jp,11.248750000000001,https://www.jepx.jp/_download.php?dir=spot_summary&file=spot_summary_2021.csv
2021-05-12,jepx-top8avg-system,jp,10.74375,https://www.jepx.jp/_download.php?dir=spot_summary&file=spot_summary_2021.csv
2021-05-13,jepx-top8avg-system,jp,10.205,https://www.jepx.jp/_download.php?dir=spot_summary&file=spot_summary_2021.csv
2021-05-14,jepx-top8avg-system,jp,9.111249999999998,https://www.jepx.jp/_download.php?dir=spot_summary&file=spot_summary_2021.csv
2021-05-15,jepx-top8avg-system,jp,8.19,https://www.jepx.jp/_download.php?dir=spot_summary&file=spot_summary_2021.csv
2021-05-16,jepx-top8avg-system,jp,8.1825,https://www.jepx.jp/_download.php?dir=spot_summary&file=spot_summary_2021.csv
2021-05-17,jepx-top8avg-system,jp,12.938749999999999,https://www.jepx.jp/_download.php?dir=spot_summary&file=spot_summary_2021.csv
2021-05-18,jepx-top8avg-system,jp,10.61375,https://www.jepx.jp/_download.php?dir=spot_summary&file=spot_summary_2021.csv
2021-05-19,jepx-top8avg-system,jp,10.682500000000001,https://www.jepx.jp/_download.php?dir=spot_summary&file=spot_summary_2021.csv
2021-05-20,jepx-top8avg-system,jp,14.5075,https://www.jepx.jp/_download.php?dir=spot_summary&file=spot_summary_2021.csv
2021-05-21,jepx-top8avg-system,jp,13.0425,https://www.jepx.jp/_download.php?dir=spot_summary&file=spot_summary_2021.csv
2021-05-22,jepx-top8avg-system,jp,8.5475,https://www.jepx.jp/_download.php?dir=spot_summary&file=spot_summary_2021.csv
2021-05-23,jepx-top8avg-system,jp,8.54,https://www.jepx.jp/_download.php?dir=spot_summary&file=spot_summary_2021.csv
2021-05-24,jepx-top8avg-system,jp,14.875,https://www.jepx.jp/_download.php?dir=spot_summary&file=spot_summary_2021.csv
2021-05-25,jepx-top8avg-system,jp,9.502500000000001,https://www.jepx.jp/_download.php?dir=spot_summary&file=spot_summary_2021.csv
2021-05-26,jepx-top8avg-system,jp,8.5825,https://www.jepx.jp/_download.php?dir=spot_summary&file=spot_summary_2021.csv
2021-05-27,jepx-top8avg-system,jp,13.22125,https://www.jepx.jp/_download.php?dir=spot_summary&file=spot_summary_2021.csv
2021-05-28,jepx-top8avg-system,jp,8.455,https://www.jepx.jp/_download.php?dir=spot_summary&file=spot_summary_2021.csv
2021-05-29,jepx-top8avg-system,jp,7.75125,https://www.jepx.jp/_download.php?dir=spot_summary&file=spot_summary_2021.csv
2021-05-30,jepx-top8avg-system,jp,6.775,https://www.jepx.jp/_download.php?dir=spot_summary&file=spot_summary_2021.csv
2021-05-31,jepx-top8avg-system,jp,8.37125,https://www.jepx.jp/_download.php?dir=spot_summary&file=spot_summary_2021.csv
2021-06-01,jepx-top8avg-system,jp,8.6875,https://www.jepx.jp/_download.php?dir=spot_summary&file=spot_summary_2021.csv
2021-06-02,jepx-top8avg-system,jp,8.445,https://www.jepx.jp/_download.php?dir=spot_summary&file=spot_summary_2021.csv
2021-06-03,jepx-top8avg-system,jp,9.00875,https://www.jepx.jp/_download.php?dir=spot_summary&file=spot_summary_2021.csv
2021-06-04,jepx-top8avg-system,jp,11.875,https://www.jepx.jp/_download.php?dir=spot_summary&file=spot_summary_2021.csv
2021-06-05,jepx-top8avg-system,jp,7.97625,https://www.jepx.jp/_download.php?dir=spot_summary&file=spot_summary_2021.csv
2021-06-06,jepx-top8avg-system,jp,7.88625,https://www.jepx.jp/_download.php?dir=spot_summary&file=spot_summary_2021.csv
2021-06-07,jepx-top8avg-system,jp,8.915,https://www.jepx.jp/_download.php?dir=spot_summary&file=spot_summary_2021.csv
2021-06-08,jepx-top8avg-system,jp,8.40125,https://www.jepx.jp/_download.php?dir=spot_summary&file=spot_summary_2021.csv
2021-06-09,jepx-top8avg-system,jp,8.71875,https://www.jepx.jp/_download.php?dir=spot_summary&file=spot_summary_2021.csv
2021-06-10,jepx-top8avg-system,jp,9.55125,https://www.jepx.jp/_download.php?dir=spot_summary&file=spot_summary_2021.csv
2021-06-11,jepx-top8avg-system,jp,9.651250000000001,https://www.jepx.jp/_download.php?dir=spot_summary&file=spot_summary_2021.csv
2021-06-12,jepx-top8avg-system,jp,8.2575,https://www.jepx.jp/_download.php?dir=spot_summary&file=spot_summary_2021.csv
2021-06-13,jepx-top8avg-system,jp,8.12125,https://www.jepx.jp/_download.php?dir=spot_summary&file=spot_summary_2021.csv
2021-06-14,jepx-top8avg-system,jp,8.6625,https://www.jepx.jp/_download.php?dir=spot_summary&file=spot_summary_2021.csv
2021-06-15,jepx-top8avg-system,jp,8.6375,https://www.jepx.jp/_download.php?dir=spot_summary&file=spot_summary_2021.csv
2021-06-16,jepx-top8avg-system,jp,9.07125,https://www.jepx.jp/_download.php?dir=spot_summary&file=spot_summary_2021.csv
2021-06-17,jepx-top8avg-system,jp,8.73,https://www.jepx.jp/_download.php?dir=spot_summary&file=spot_summary_2021.csv
2021-06-18,jepx-top8avg-system,jp,8.89875,https://www.jepx.jp/_download.php?dir=spot_summary&file=spot_summary_2021.csv
2021-06-19,jepx-top8avg-system,jp,7.95875,https://www.jepx.jp/_download.php?dir=spot_summary&file=spot_summary_2021.csv
2021-06-20,jepx-top8avg-system,jp,8.3525,https://www.jepx.jp/_download.php?dir=spot_summary&file=spot_summary_2021.csv
2021-06-21,jepx-top8avg-system,jp,9.35125,https://www.jepx.jp/_download.php?dir=spot_summary&file=spot_summary_2021.csv
2021-06-22,jepx-top8avg-system,jp,8.81625,https://www.jepx.jp/_download.php?dir=spot_summary&file=spot_summary_2021.csv
2021-06-23,jepx-top8avg-system,jp,8.741249999999999,https://www.jepx.jp/_download.php?dir=spot_summary&file=spot_summary_2021.csv
2021-06-24,jepx-top8avg-system,jp,8.879999999999999,https://www.jepx.jp/_download.php?dir=spot_summary&file=spot_summary_2021.csv
2021-06-25,jepx-top8avg-system,jp,8.72875,https://www.jepx.jp/_download.php?dir=spot_summary&file=spot_summary_2021.csv
2021-06-26,jepx-top8avg-system,jp,8.5375,https://www.jepx.jp/_download.php?dir=spot_summary&file=spot_summary_2021.csv
2021-06-27,jepx-top8avg-system,jp,8.6475,https://www.jepx.jp/_download.php?dir=spot_summary&file=spot_summary_2021.csv
2021-06-28,jepx-top8avg-system,jp,9.01375,https://www.jepx.jp/_download.php?dir=spot_summary&file=spot_summary_2021.csv
2021-06-29,jepx-top8avg-system,jp,8.8,https://www.jepx.jp/_download.php?dir=spot_summary&file=spot_summary_2021.csv
2021-06-30,jepx-top8avg-system,jp,9.11875,https://www.jepx.jp/_download.php?dir=spot_summary&file=spot_summary_2021.csv
2021-07-01,jepx-top8avg-system,jp,9.673750000000002,https://www.jepx.jp/_download.php?dir=spot_summary&file=spot_summary_2021.csv
2021-07-02,jepx-top8avg-system,jp,9.30125,https://www.jepx.jp/_download.php?dir=spot_summary&file=spot_summary_2021.csv
2021-07-03,jepx-top8avg-system,jp,8.088750000000001,https://www.jepx.jp/_download.php?dir=spot_summary&file=spot_summary_2021.csv
2021-07-04,jepx-top8avg-system,jp,7.961250000000001,https://www.jepx.jp/_download.php?dir=spot_summary&file=spot_summary_2021.csv
2021-07-05,jepx-top8avg-system,jp,9.43125,https://www.jepx.jp/_download.php?dir=spot_summary&file=spot_summary_2021.csv
2021-07-06,jepx-top8avg-system,jp,9.38,https://www.jepx.jp/_download.php?dir=spot_summary&file=spot_summary_2021.csv
2021-07-07,jepx-top8avg-system,jp,9.34625,https://www.jepx.jp/_download.php?dir=spot_summary&file=spot_summary_2021.csv
2021-07-08,jepx-top8avg-system,jp,9.96125,https://www.jepx.jp/_download.php?dir=spot_summary&file=spot_summary_2021.csv
2021-07-09,jepx-top8avg-system,jp,9.5425,https://www.jepx.jp/_download.php?dir=spot_summary&file=spot_summary_2021.csv
2021-07-10,jepx-top8avg-system,jp,8.96875,https://www.jepx.jp/_download.php?dir=spot_summary&file=spot_summary_2021.csv
2021-07-11,jepx-top8avg-system,jp,9.10125,https://www.jepx.jp/_download.php?dir=spot_summary&file=spot_summary_2021.csv
2021-07-12,jepx-top8avg-system,jp,9.89125,https://www.jepx.jp/_download.php?dir=spot_summary&file=spot_summary_2021.csv
2021-07-13,jepx-top8avg-system,jp,10.204999999999998,https://www.jepx.jp/_download.php?dir=spot_summary&file=spot_summary_2021.csv
2021-07-14,jepx-top8avg-system,jp,9.77125,https://www.jepx.jp/_download.php?dir=spot_summary&file=spot_summary_2021.csv
2021-07-15,jepx-top8avg-system,jp,9.639999999999999,https://www.jepx.jp/_download.php?dir=spot_summary&file=spot_summary_2021.csv
2021-07-16,jepx-top8avg-system,jp,10.96875,https://www.jepx.jp/_download.php?dir=spot_summary&file=spot_summary_2021.csv
2021-07-17,jepx-top8avg-system,jp,9.545,https://www.jepx.jp/_download.php?dir=spot_summary&file=spot_summary_2021.csv
2021-07-18,jepx-top8avg-system,jp,9.3575,https://www.jepx.jp/_download.php?dir=spot_summary&file=spot_summary_2021.csv
2021-07-19,jepx-top8avg-system,jp,12.661249999999999,https://www.jepx.jp/_download.php?dir=spot_summary&file=spot_summary_2021.csv
2021-07-20,jepx-top8avg-system,jp,14.1025,https://www.jepx.jp/_download.php?dir=spot_summary&file=spot_summary_2021.csv
2021-07-21,jepx-top8avg-system,jp,18.0,https://www.jepx.jp/_download.php?dir=spot_summary&file=spot_summary_2021.csv
2021-07-22,jepx-top8avg-system,jp,11.2775,https://www.jepx.jp/_download.php?dir=spot_summary&file=spot_summary_2021.csv
2021-07-23,jepx-top8avg-system,jp,10.1275,https://www.jepx.jp/_download.php?dir=spot_summary&file=spot_summary_2021.csv
2021-07-24,jepx-top8avg-system,jp,10.616249999999999,https://www.jepx.jp/_download.php?dir=spot_summary&file=spot_summary_2021.csv
2021-07-25,jepx-top8avg-system,jp,9.59125,https://www.jepx.jp/_download.php?dir=spot_summary&file=spot_summary_2021.csv
2021-07-26,jepx-top8avg-system,jp,12.155000000000001,https://www.jepx.jp/_download.php?dir=spot_summary&file=spot_summary_2021.csv
2021-07-27,jepx-top8avg-system,jp,10.6425,https://www.jepx.jp/_download.php?dir=spot_summary&file=spot_summary_2021.csv
2021-07-28,jepx-top8avg-system,jp,11.848749999999999,https://www.jepx.jp/_download.php?dir=spot_summary&file=spot_summary_2021.csv
2021-07-29,jepx-top8avg-system,jp,14.48,https://www.jepx.jp/_download.php?dir=spot_summary&file=spot_summary_2021.csv
2021-07-30,jepx-top8avg-system,jp,12.033750000000001,https://www.jepx.jp/_download.php?dir=spot_summary&file=spot_summary_2021.csv
2021-07-31,jepx-top8avg-system,jp,9.73875,https://www.jepx.jp/_download.php?dir=spot_summary&file=spot_summary_2021.csv
2021-08-01,jepx-top8avg-system,jp,9.82,https://www.jepx.jp/_download.php?dir=spot_summary&file=spot_summary_2021.csv
2021-08-02,jepx-top8avg-system,jp,15.8,https://www.jepx.jp/_download.php?dir=spot_summary&file=spot_summary_2021.csv
2021-08-03,jepx-top8avg-system,jp,15.16,https://www.jepx.jp/_download.php?dir=spot_summary&file=spot_summary_2021.csv
2021-08-04,jepx-top8avg-system,jp,17.7575,https://www.jepx.jp/_download.php?dir=spot_summary&file=spot_summary_2021.csv
2021-08-05,jepx-top8avg-system,jp,22.830000000000002,https://www.jepx.jp/_download.php?dir=spot_summary&file=spot_summary_2021.csv
2021-08-06,jepx-top8avg-system,jp,18.0425,https://www.jepx.jp/_download.php?dir=spot_summary&file=spot_summary_2021.csv
2021-08-07,jepx-top8avg-system,jp,10.294999999999998,https://www.jepx.jp/_download.php?dir=spot_summary&file=spot_summary_2021.csv
2021-08-08,jepx-top8avg-system,jp,10.79625,https://www.jepx.jp/_download.php?dir=spot_summary&file=spot_summary_2021.csv
2021-08-09,jepx-top8avg-system,jp,14.095,https://www.jepx.jp/_download.php?dir=spot_summary&file=spot_summary_2021.csv
2021-08-10,jepx-top8avg-system,jp,13.38875,https://www.jepx.jp/_download.php?dir=spot_summary&file=spot_summary_2021.csv
2021-08-11,jepx-top8avg-system,jp,12.94,https://www.jepx.jp/_download.php?dir=spot_summary&file=spot_summary_2021.csv
2021-08-12,jepx-top8avg-system,jp,10.27,https://www.jepx.jp/_download.php?dir=spot_summary&file=spot_summary_2021.csv
2021-08-13,jepx-top8avg-system,jp,8.86,https://www.jepx.jp/_download.php?dir=spot_summary&file=spot_summary_2021.csv
2021-08-14,jepx-top8avg-system,jp,8.59375,https://www.jepx.jp/_download.php?dir=spot_summary&file=spot_summary_2021.csv
2021-08-15,jepx-top8avg-system,jp,7.4325,https://www.jepx.jp/_download.php?dir=spot_summary&file=spot_summary_2021.csv
2021-08-16,jepx-top8avg-system,jp,9.3975,https://www.jepx.jp/_download.php?dir=spot_summary&file=spot_summary_2021.csv
2021-08-17,jepx-top8avg-system,jp,9.068750000000001,https://www.jepx.jp/_download.php?dir=spot_summary&file=spot_summary_2021.csv
2021-08-18,jepx-top8avg-system,jp,9.5475,https://www.jepx.jp/_download.php?dir=spot_summary&file=spot_summary_2021.csv
2021-08-19,jepx-top8avg-system,jp,9.908750000000001,https://www.jepx.jp/_download.php?dir=spot_summary&file=spot_summary_2021.csv
2021-08-20,jepx-top8avg-system,jp,10.11875,https://www.jepx.jp/_download.php?dir=spot_summary&file=spot_summary_2021.csv
2021-08-21,jepx-top8avg-system,jp,9.19625,https://www.jepx.jp/_download.php?dir=spot_summary&file=spot_summary_2021.csv
2021-08-22,jepx-top8avg-system,jp,8.98375,https://www.jepx.jp/_download.php?dir=spot_summary&file=spot_summary_2021.csv
2021-08-23,jepx-top8avg-system,jp,10.181249999999999,https://www.jepx.jp/_download.php?dir=spot_summary&file=spot_summary_2021.csv
2021-08-24,jepx-top8avg-system,jp,10.32,https://www.jepx.jp/_download.php?dir=spot_summary&file=spot_summary_2021.csv
2021-08-25,jepx-top8avg-system,jp,11.20125,https://www.jepx.jp/_download.php?dir=spot_summary&file=spot_summary_2021.csv
2021-08-26,jepx-top8avg-system,jp,15.81375,https://www.jepx.jp/_download.php?dir=spot_summary&file=spot_summary_2021.csv
2021-08-27,jepx-top8avg-system,jp,13.1175,https://www.jepx.jp/_download.php?dir=spot_summary&file=spot_summary_2021.csv
2021-08-28,jepx-top8avg-system,jp,10.344999999999999,https://www.jepx.jp/_download.php?dir=spot_summary&file=spot_summary_2021.csv
2021-08-29,jepx-top8avg-system,jp,10.175,https://www.jepx.jp/_download.php?dir=spot_summary&file=spot_summary_2021.csv
2021-08-30,jepx-top8avg-system,jp,14.804999999999998,https://www.jepx.jp/_download.php?dir=spot_summary&file=spot_summary_2021.csv
2021-08-31,jepx-top8avg-system,jp,11.41375,https://www.jepx.jp/_download.php?dir=spot_summary&file=spot_summary_2021.csv
2021-09-01,jepx-top8avg-system,jp,11.14625,https://www.jepx.jp/_download.php?dir=spot_summary&file=spot_summary_2021.csv
2021-09-02,jepx-top8avg-system,jp,10.46,https://www.jepx.jp/_download.php?dir=spot_summary&file=spot_summary_2021.csv
2021-09-03,jepx-top8avg-system,jp,10.17,https://www.jepx.jp/_download.php?dir=spot_summary&file=spot_summary_2021.csv
2021-09-04,jepx-top8avg-system,jp,9.45875,https://www.jepx.jp/_download.php?dir=spot_summary&file=spot_summary_2021.csv
2021-09-05,jepx-top8avg-system,jp,9.395,https://www.jepx.jp/_download.php?dir=spot_summary&file=spot_summary_2021.csv
2021-09-06,jepx-top8avg-system,jp,9.995000000000001,https://www.jepx.jp/_download.php?dir=spot_summary&file=spot_summary_2021.csv
2021-09-07,jepx-top8avg-system,jp,10.05875,https://www.jepx.jp/_download.php?dir=spot_summary&file=spot_summary_2021.csv
2021-09-08,jepx-top8avg-system,jp,9.463750000000001,https://www.jepx.jp/_download.php?dir=spot_summary&file=spot_summary_2021.csv
2021-09-09,jepx-top8avg-system,jp,10.3475,https://www.jepx.jp/_download.php?dir=spot_summary&file=spot_summary_2021.csv
2021-09-10,jepx-top8avg-system,jp,10.45,https://www.jepx.jp/_download.php?dir=spot_summary&file=spot_summary_2021.csv
2021-09-11,jepx-top8avg-system,jp,9.9725,https://www.jepx.jp/_download.php?dir=spot_summary&file=spot_summary_2021.csv
2021-09-12,jepx-top8avg-system,jp,9.704999999999998,https://www.jepx.jp/_download.php?dir=spot_summary&file=spot_summary_2021.csv
2021-09-13,jepx-top8avg-system,jp,10.47,https://www.jepx.jp/_download.php?dir=spot_summary&file=spot_summary_2021.csv
2021-09-14,jepx-top8avg-system,jp,10.383750000000001,https://www.jepx.jp/_download.php?dir=spot_summary&file=spot_summary_2021.csv
2021-09-15,jepx-top8avg-system,jp,10.3775,https://www.jepx.jp/_download.php?dir=spot_summary&file=spot_summary_2021.csv
2021-09-16,jepx-top8avg-system,jp,10.2825,https://www.jepx.jp/_download.php?dir=spot_summary&file=spot_summary_2021.csv
2021-09-17,jepx-top8avg-system,jp,10.629999999999999,https://www.jepx.jp/_download.php?dir=spot_summary&file=spot_summary_2021.csv
2021-09-18,jepx-top8avg-system,jp,9.920000000000002,https://www.jepx.jp/_download.php?dir=spot_summary&file=spot_summary_2021.csv
2021-09-19,jepx-top8avg-system,jp,10.19875,https://www.jepx.jp/_download.php?dir=spot_summary&file=spot_summary_2021.csv
2021-09-20,jepx-top8avg-system,jp,10.2225,https://www.jepx.jp/_download.php?dir=spot_summary&file=spot_summary_2021.csv
2021-09-21,jepx-top8avg-system,jp,10.425,https://www.jepx.jp/_download.php?dir=spot_summary&file=spot_summary_2021.csv
2021-09-22,jepx-top8avg-system,jp,12.05,https://www.jepx.jp/_download.php?dir=spot_summary&file=spot_summary_2021.csv
2021-09-23,jepx-top8avg-system,jp,10.442499999999999,https://www.jepx.jp/_download.php?dir=spot_summary&file=spot_summary_2021.csv
2021-09-24,jepx-top8avg-system,jp,11.235,https://www.jepx.jp/_download.php?dir=spot_summary&file=spot_summary_2021.csv
2021-09-25,jepx-top8avg-system,jp,9.92125,https://www.jepx.jp/_download.php?dir=spot_summary&file=spot_summary_2021.csv
2021-09-26,jepx-top8avg-system,jp,9.14875,https://www.jepx.jp/_download.php?dir=spot_summary&file=spot_summary_2021.csv
2021-09-27,jepx-top8avg-system,jp,10.695,https://www.jepx.jp/_download.php?dir=spot_summary&file=spot_summary_2021.csv
2021-09-28,jepx-top8avg-system,jp,10.41,https://www.jepx.jp/_download.php?dir=spot_summary&file=spot_summary_2021.csv
2021-09-29,jepx-top8avg-system,jp,10.30875,https://www.jepx.jp/_download.php?dir=spot_summary&file=spot_summary_2021.csv
2021-09-30,jepx-top8avg-system,jp,11.927500000000002,https://www.jepx.jp/_download.php?dir=spot_summary&file=spot_summary_2021.csv
2021-10-01,jepx-top8avg-system,jp,16.3475,https://www.jepx.jp/_download.php?dir=spot_summary&file=spot_summary_2021.csv
2021-10-02,jepx-top8avg-system,jp,11.475,https://www.jepx.jp/_download.php?dir=spot_summary&file=spot_summary_2021.csv
2021-10-03,jepx-top8avg-system,jp,11.4475,https://www.jepx.jp/_download.php?dir=spot_summary&file=spot_summary_2021.csv
2021-10-04,jepx-top8avg-system,jp,18.814999999999998,https://www.jepx.jp/_download.php?dir=spot_summary&file=spot_summary_2021.csv
2021-10-05,jepx-top8avg-system,jp,29.396250000000002,https://www.jepx.jp/_download.php?dir=spot_summary&file=spot_summary_2021.csv
2021-10-06,jepx-top8avg-system,jp,23.426250000000003,https://www.jepx.jp/_download.php?dir=spot_summary&file=spot_summary_2021.csv
2021-10-07,jepx-top8avg-system,jp,24.16625,https://www.jepx.jp/_download.php?dir=spot_summary&file=spot_summary_2021.csv
2021-10-08,jepx-top8avg-system,jp,31.102500000000003,https://www.jepx.jp/_download.php?dir=spot_summary&file=spot_summary_2021.csv
2021-10-09,jepx-top8avg-system,jp,11.598749999999999,https://www.jepx.jp/_download.php?dir=spot_summary&file=spot_summary_2021.csv
2021-10-10,jepx-top8avg-system,jp,11.5075,https://www.jepx.jp/_download.php?dir=spot_summary&file=spot_summary_2021.csv
2021-10-11,jepx-top8avg-system,jp,36.58625,https://www.jepx.jp/_download.php?dir=spot_summary&file=spot_summary_2021.csv
2021-10-12,jepx-top8avg-system,jp,35.55,https://www.jepx.jp/_download.php?dir=spot_summary&file=spot_summary_2021.csv
2021-10-13,jepx-top8avg-system,jp,28.28125,https://www.jepx.jp/_download.php?dir=spot_summary&file=spot_summary_2021.csv
2021-10-14,jepx-top8avg-system,jp,20.18375,https://www.jepx.jp/_download.php?dir=spot_summary&file=spot_summary_2021.csv
2021-10-15,jepx-top8avg-system,jp,25.384999999999998,https://www.jepx.jp/_download.php?dir=spot_summary&file=spot_summary_2021.csv
2021-10-16,jepx-top8avg-system,jp,11.274999999999999,https://www.jepx.jp/_download.php?dir=spot_summary&file=spot_summary_2021.csv
2021-10-17,jepx-top8avg-system,jp,11.09875,https://www.jepx.jp/_download.php?dir=spot_summary&file=spot_summary_2021.csv
2021-10-18,jepx-top8avg-system,jp,22.832500000000003,https://www.jepx.jp/_download.php?dir=spot_summary&file=spot_summary_2021.csv
2021-10-19,jepx-top8avg-system,jp,23.62375,https://www.jepx.jp/_download.php?dir=spot_summary&file=spot_summary_2021.csv
2021-10-20,jepx-top8avg-system,jp,18.25625,https://www.jepx.jp/_download.php?dir=spot_summary&file=spot_summary_2021.csv
2021-10-21,jepx-top8avg-system,jp,24.0625,https://www.jepx.jp/_download.php?dir=spot_summary&file=spot_summary_2021.csv
2021-10-22,jepx-top8avg-system,jp,27.82375,https://www.jepx.jp/_download.php?dir=spot_summary&file=spot_summary_2021.csv
2021-10-23,jepx-top8avg-system,jp,16.29,https://www.jepx.jp/_download.php?dir=spot_summary&file=spot_summary_2021.csv
2021-10-24,jepx-top8avg-system,jp,16.332500000000003,https://www.jepx.jp/_download.php?dir=spot_summary&file=spot_summary_2021.csv
2021-10-25,jepx-top8avg-system,jp,26.78875,https://www.jepx.jp/_download.php?dir=spot_summary&file=spot_summary_2021.csv
2021-10-26,jepx-top8avg-system,jp,26.220000000000002,https://www.jepx.jp/_download.php?dir=spot_summary&file=spot_summary_2021.csv
2021-10-27,jepx-top8avg-system,jp,24.63375,https://www.jepx.jp/_download.php?dir=spot_summary&file=spot_summary_2021.csv
2021-10-28,jepx-top8avg-system,jp,20.53875,https://www.jepx.jp/_download.php?dir=spot_summary&file=spot_summary_2021.csv
2021-10-29,jepx-top8avg-system,jp,24.6725,https://www.jepx.jp/_download.php?dir=spot_summary&file=spot_summary_2021.csv
2021-10-30,jepx-top8avg-system,jp,18.21875,https://www.jepx.jp/_download.php?dir=spot_summary&file=spot_summary_2021.csv
2021-10-31,jepx-top8avg-system,jp,15.73125,https://www.jepx.jp/_download.php?dir=spot_summary&file=spot_summary_2021.csv
2021-11-01,jepx-top8avg-system,jp,29.39125,https://www.jepx.jp/_download.php?dir=spot_summary&file=spot_summary_2021.csv
2021-11-02,jepx-top8avg-system,jp,37.81375,https://www.jepx.jp/_download.php?dir=spot_summary&file=spot_summary_2021.csv
2021-11-03,jepx-top8avg-system,jp,23.160000000000004,https://www.jepx.jp/_download.php?dir=spot_summary&file=spot_summary_2021.csv
2021-11-04,jepx-top8avg-system,jp,29.932499999999997,https://www.jepx.jp/_download.php?dir=spot_summary&file=spot_summary_2021.csv
2021-11-05,jepx-top8avg-system,jp,25.5375,https://www.jepx.jp/_download.php?dir=spot_summary&file=spot_summary_2021.csv
2021-11-06,jepx-top8avg-system,jp,19.58625,https://www.jepx.jp/_download.php?dir=spot_summary&file=spot_summary_2021.csv
2021-11-07,jepx-top8avg-system,jp,20.57875,https://www.jepx.jp/_download.php?dir=spot_summary&file=spot_summary_2021.csv
2021-11-08,jepx-top8avg-system,jp,23.697499999999998,https://www.jepx.jp/_download.php?dir=spot_summary&file=spot_summary_2021.csv
2021-11-09,jepx-top8avg-system,jp,26.62875,https://www.jepx.jp/_download.php?dir=spot_summary&file=spot_summary_2021.csv
2021-11-10,jepx-top8avg-system,jp,26.9225,https://www.jepx.jp/_download.php?dir=spot_summary&file=spot_summary_2021.csv
2021-11-11,jepx-top8avg-system,jp,28.68625,https://www.jepx.jp/_download.php?dir=spot_summary&file=spot_summary_2021.csv
2021-11-12,jepx-top8avg-system,jp,31.6025,https://www.jepx.jp/_download.php?dir=spot_summary&file=spot_summary_2021.csv
2021-11-13,jepx-top8avg-system,jp,21.041249999999998,https://www.jepx.jp/_download.php?dir=spot_summary&file=spot_summary_2021.csv
2021-11-14,jepx-top8avg-system,jp,19.353749999999998,https://www.jepx.jp/_download.php?dir=spot_summary&file=spot_summary_2021.csv
2021-11-15,jepx-top8avg-system,jp,36.41625,https://www.jepx.jp/_download.php?dir=spot_summary&file=spot_summary_2021.csv
2021-11-16,jepx-top8avg-system,jp,35.4425,https://www.jepx.jp/_download.php?dir=spot_summary&file=spot_summary_2021.csv
2021-11-17,jepx-top8avg-system,jp,38.87375,https://www.jepx.jp/_download.php?dir=spot_summary&file=spot_summary_2021.csv
2021-11-18,jepx-top8avg-system,jp,27.205,https://www.jepx.jp/_download.php?dir=spot_summary&file=spot_summary_2021.csv
2021-11-19,jepx-top8avg-system,jp,30.0625,https://www.jepx.jp/_download.php?dir=spot_summary&file=spot_summary_2021.csv
2021-11-20,jepx-top8avg-system,jp,29.84375,https://www.jepx.jp/_download.php?dir=spot_summary&file=spot_summary_2021.csv
2021-11-21,jepx-top8avg-system,jp,27.817500000000003,https://www.jepx.jp/_download.php?dir=spot_summary&file=spot_summary_2021.csv
2021-11-22,jepx-top8avg-system,jp,61.771249999999995,https://www.jepx.jp/_download.php?dir=spot_summary&file=spot_summary_2021.csv
2021-11-23,jepx-top8avg-system,jp,31.496250000000003,https://www.jepx.jp/_download.php?dir=spot_summary&file=spot_summary_2021.csv
2021-11-24,jepx-top8avg-system,jp,31.36875,https://www.jepx.jp/_download.php?dir=spot_summary&file=spot_summary_2021.csv
2021-11-25,jepx-top8avg-system,jp,32.05375,https://www.jepx.jp/_download.php?dir=spot_summary&file=spot_summary_2021.csv
2021-11-26,jepx-top8avg-system,jp,27.896250000000002,https://www.jepx.jp/_download.php?dir=spot_summary&file=spot_summary_2021.csv
2021-11-27,jepx-top8avg-system,jp,29.487499999999997,https://www.jepx.jp/_download.php?dir=spot_summary&file=spot_summary_2021.csv
2021-11-28,jepx-top8avg-system,jp,27.05375,https://www.jepx.jp/_download.php?dir=spot_summary&file=spot_summary_2021.csv
2021-11-29,jepx-top8avg-system,jp,40.120000000000005,https://www.jepx.jp/_download.php?dir=spot_summary&file=spot_summary_2021.csv
2021-11-30,jepx-top8avg-system,jp,30.408749999999998,https://www.jepx.jp/_download.php?dir=spot_summary&file=spot_summary_2021.csv
2021-12-01,jepx-top8avg-system,jp,28.60875,https://www.jepx.jp/_download.php?dir=spot_summary&file=spot_summary_2021.csv
2021-12-02,jepx-top8avg-system,jp,32.53,https://www.jepx.jp/_download.php?dir=spot_summary&file=spot_summary_2021.csv
2021-12-03,jepx-top8avg-system,jp,29.24125,https://www.jepx.jp/_download.php?dir=spot_summary&file=spot_summary_2021.csv
2021-12-04,jepx-top8avg-system,jp,21.62125,https://www.jepx.jp/_download.php?dir=spot_summary&file=spot_summary_2021.csv
2021-12-05,jepx-top8avg-system,jp,25.93875,https://www.jepx.jp/_download.php?dir=spot_summary&file=spot_summary_2021.csv
2021-12-06,jepx-top8avg-system,jp,27.026249999999997,https://www.jepx.jp/_download.php?dir=spot_summary&file=spot_summary_2021.csv
2021-12-07,jepx-top8avg-system,jp,26.2125,https://www.jepx.jp/_download.php?dir=spot_summary&file=spot_summary_2021.csv
2021-12-08,jepx-top8avg-system,jp,31.9925,https://www.jepx.jp/_download.php?dir=spot_summary&file=spot_summary_2021.csv
2021-12-09,jepx-top8avg-system,jp,22.735,https://www.jepx.jp/_download.php?dir=spot_summary&file=spot_summary_2021.csv
2021-12-10,jepx-top8avg-system,jp,28.9,https://www.jepx.jp/_download.php?dir=spot_summary&file=spot_summary_2021.csv
2021-12-11,jepx-top8avg-system,jp,17.025,https://www.jepx.jp/_download.php?dir=spot_summary&file=spot_summary_2021.csv
2021-12-12,jepx-top8avg-system,jp,16.903750000000002,https://www.jepx.jp/_download.php?dir=spot_summary&file=spot_summary_2021.csv
2021-12-13,jepx-top8avg-system,jp,28.215,https://www.jepx.jp/_download.php?dir=spot_summary&file=spot_summary_2021.csv
2021-12-14,jepx-top8avg-system,jp,35.495000000000005,https://www.jepx.jp/_download.php?dir=spot_summary&file=spot_summary_2021.csv
2021-12-15,jepx-top8avg-system,jp,24.451249999999998,https://www.jepx.jp/_download.php?dir=spot_summary&file=spot_summary_2021.csv
2021-12-16,jepx-top8avg-system,jp,25.854999999999997,https://www.jepx.jp/_download.php?dir=spot_summary&file=spot_summary_2021.csv
2021-12-17,jepx-top8avg-system,jp,23.4225,https://www.jepx.jp/_download.php?dir=spot_summary&file=spot_summary_2021.csv
2021-12-18,jepx-top8avg-system,jp,26.50125,https://www.jepx.jp/_download.php?dir=spot_summary&file=spot_summary_2021.csv
2021-12-19,jepx-top8avg-system,jp,17.722500000000004,https://www.jepx.jp/_download.php?dir=spot_summary&file=spot_summary_2021.csv
2021-12-20,jepx-top8avg-system,jp,29.8375,https://www.jepx.jp/_download.php?dir=spot_summary&file=spot_summary_2021.csv
2021-12-21,jepx-top8avg-system,jp,29.7975,https://www.jepx.jp/_download.php?dir=spot_summary&file=spot_summary_2021.csv
2021-12-22,jepx-top8avg-system,jp,23.24625,https://www.jepx.jp/_download.php?dir=spot_summary&file=spot_summary_2021.csv
2021-12-23,jepx-top8avg-system,jp,29.61875,https://www.jepx.jp/_download.php?dir=spot_summary&file=spot_summary_2021.csv
2021-12-24,jepx-top8avg-system,jp,19.502499999999998,https://www.jepx.jp/_download.php?dir=spot_summary&file=spot_summary_2021.csv
2021-12-25,jepx-top8avg-system,jp,19.697499999999998,https://www.jepx.jp/_download.php?dir=spot_summary&file=spot_summary_2021.csv
2021-12-26,jepx-top8avg-system,jp,30.26625,https://www.jepx.jp/_download.php?dir=spot_summary&file=spot_summary_2021.csv
2021-12-27,jepx-top8avg-system,jp,47.441250000000004,https://www.jepx.jp/_download.php?dir=spot_summary&file=spot_summary_2021.csv
2021-12-28,jepx-top8avg-system,jp,23.3125,https://www.jepx.jp/_download.php?dir=spot_summary&file=spot_summary_2021.csv
2021-12-29,jepx-top8avg-system,jp,22.63625,https://www.jepx.jp/_download.php?dir=spot_summary&file=spot_summary_2021.csv
2021-12-30,jepx-top8avg-system,jp,17.53625,https://www.jepx.jp/_download.php?dir=spot_summary&file=spot_summary_2021.csv
2021-12-31,jepx-top8avg-system,jp,26.8125,https://www.jepx.jp/_download.php?dir=spot_summary&file=spot_summary_2021.csv
2022-01-01,jepx-top8avg-system,jp,21.19625,https://www.jepx.jp/_download.php?dir=spot_summary&file=spot_summary_2021.csv
2022-01-02,jepx-top8avg-system,jp,17.765,https://www.jepx.jp/_download.php?dir=spot_summary&file=spot_summary_2021.csv
2022-01-03,jepx-top8avg-system,jp,17.375,https://www.jepx.jp/_download.php?dir=spot_summary&file=spot_summary_2021.csv
2022-01-04,jepx-top8avg-system,jp,19.67125,https://www.jepx.jp/_download.php?dir=spot_summary&file=spot_summary_2021.csv
2022-01-05,jepx-top8avg-system,jp,41.77125,https://www.jepx.jp/_download.php?dir=spot_summary&file=spot_summary_2021.csv
2022-01-06,jepx-top8avg-system,jp,56.8275,https://www.jepx.jp/_download.php?dir=spot_summary&file=spot_summary_2021.csv
2022-01-07,jepx-top8avg-system,jp,45.1425,https://www.jepx.jp/_download.php?dir=spot_summary&file=spot_summary_2021.csv
2022-01-08,jepx-top8avg-system,jp,22.63875,https://www.jepx.jp/_download.php?dir=spot_summary&file=spot_summary_2021.csv
2022-01-09,jepx-top8avg-system,jp,20.30125,https://www.jepx.jp/_download.php?dir=spot_summary&file=spot_summary_2021.csv
2022-01-10,jepx-top8avg-system,jp,22.42875,https://www.jepx.jp/_download.php?dir=spot_summary&file=spot_summary_2021.csv
2022-01-11,jepx-top8avg-system,jp,64.1225,https://www.jepx.jp/_download.php?dir=spot_summary&file=spot_summary_2021.csv
2022-01-12,jepx-top8avg-system,jp,30.612500000000004,https://www.jepx.jp/_download.php?dir=spot_summary&file=spot_summary_2021.csv
2022-01-13,jepx-top8avg-system,jp,47.84875,https://www.jepx.jp/_download.php?dir=spot_summary&file=spot_summary_2021.csv
2022-01-14,jepx-top8avg-system,jp,49.6275,https://www.jepx.jp/_download.php?dir=spot_summary&file=spot_summary_2021.csv
2022-01-15,jepx-top8avg-system,jp,28.985,https://www.jepx.jp/_download.php?dir=spot_summary&file=spot_summary_2021.csv
2022-01-16,jepx-top8avg-system,jp,21.93375,https://www.jepx.jp/_download.php?dir=spot_summary&file=spot_summary_2021.csv
2022-01-17,jepx-top8avg-system,jp,50.8575,https://www.jepx.jp/_download.php?dir=spot_summary&file=spot_summary_2021.csv
2022-01-18,jepx-top8avg-system,jp,63.987500000000004,https://www.jepx.jp/_download.php?dir=spot_summary&file=spot_summary_2021.csv
2022-01-19,jepx-top8avg-system,jp,66.9825,https://www.jepx.jp/_download.php?dir=spot_summary&file=spot_summary_2021.csv
2022-01-20,jepx-top8avg-system,jp,71.03625,https://www.jepx.jp/_download.php?dir=spot_summary&file=spot_summary_2021.csv
2022-01-21,jepx-top8avg-system,jp,79.5,https://www.jepx.jp/_download.php?dir=spot_summary&file=spot_summary_2021.csv
2022-01-22,jepx-top8avg-system,jp,27.542499999999997,https://www.jepx.jp/_download.php?dir=spot_summary&file=spot_summary_2021.csv
2022-01-23,jepx-top8avg-system,jp,25.80375,https://www.jepx.jp/_download.php?dir=spot_summary&file=spot_summary_2021.csv
2022-01-24,jepx-top8avg-system,jp,44.03375,https://www.jepx.jp/_download.php?dir=spot_summary&file=spot_summary_2021.csv
2022-01-25,jepx-top8avg-system,jp,59.7375,https://www.jepx.jp/_download.php?dir=spot_summary&file=spot_summary_2021.csv
2022-01-26,jepx-top8avg-system,jp,30.93125,https://www.jepx.jp/_download.php?dir=spot_summary&file=spot_summary_2021.csv
2022-01-27,jepx-top8avg-system,jp,30.1875,https://www.jepx.jp/_download.php?dir=spot_summary&file=spot_summary_2021.csv
2022-01-28,jepx-top8avg-system,jp,30.18,https://www.jepx.jp/_download.php?dir=spot_summary&file=spot_summary_2021.csv
2022-01-29,jepx-top8avg-system,jp,22.31875,https://www.jepx.jp/_download.php?dir=spot_summary&file=spot_summary_2021.csv
2022-01-30,jepx-top8avg-system,jp,22.502499999999998,https://www.jepx.jp/_download.php?dir=spot_summary&file=spot_summary_2021.csv
2022-01-31,jepx-top8avg-system,jp,26.823749999999997,https://www.jepx.jp/_download.php?dir=spot_summary&file=spot_summary_2021.csv
2022-02-01,jepx-top8avg-system,jp,30.0925,https://www.jepx.jp/_download.php?dir=spot_summary&file=spot_summary_2021.csv
2022-02-02,jepx-top8avg-system,jp,29.25875,https://www.jepx.jp/_download.php?dir=spot_summary&file=spot_summary_2021.csv
2022-02-03,jepx-top8avg-system,jp,29.3275,https://www.jepx.jp/_download.php?dir=spot_summary&file=spot_summary_2021.csv
2022-02-04,jepx-top8avg-system,jp,26.11125,https://www.jepx.jp/_download.php?dir=spot_summary&file=spot_summary_2021.csv
2022-02-05,jepx-top8avg-system,jp,26.752499999999998,https://www.jepx.jp/_download.php?dir=spot_summary&file=spot_summary_2021.csv
2022-02-06,jepx-top8avg-system,jp,23.877499999999998,https://www.jepx.jp/_download.php?dir=spot_summary&file=spot_summary_2021.csv
2022-02-07,jepx-top8avg-system,jp,29.00625,https://www.jepx.jp/_download.php?dir=spot_summary&file=spot_summary_2021.csv
2022-02-08,jepx-top8avg-system,jp,29.70625,https://www.jepx.jp/_download.php?dir=spot_summary&file=spot_summary_2021.csv
2022-02-09,jepx-top8avg-system,jp,29.244999999999997,https://www.jepx.jp/_download.php?dir=spot_summary&file=spot_summary_2021.csv
2022-02-10,jepx-top8avg-system,jp,73.5825,https://www.jepx.jp/_download.php?dir=spot_summary&file=spot_summary_2021.csv
2022-02-11,jepx-top8avg-system,jp,29.4225,https://www.jepx.jp/_download.php?dir=spot_summary&file=spot_summary_2021.csv
2022-02-12,jepx-top8avg-system,jp,24.81625,https://www.jepx.jp/_download.php?dir=spot_summary&file=spot_summary_2021.csv
2022-02-13,jepx-top8avg-system,jp,26.32375,https://www.jepx.jp/_download.php?dir=spot_summary&file=spot_summary_2021.csv
2022-02-14,jepx-top8avg-system,jp,36.98375,https://www.jepx.jp/_download.php?dir=spot_summary&file=spot_summary_2021.csv
2022-02-15,jepx-top8avg-system,jp,38.60875,https://www.jepx.jp/_download.php?dir=spot_summary&file=spot_summary_2021.csv
2022-02-16,jepx-top8avg-system,jp,38.77625,https://www.jepx.jp/_download.php?dir=spot_summary&file=spot_summary_2021.csv
2022-02-17,jepx-top8avg-system,jp,56.175000000000004,https://www.jepx.jp/_download.php?dir=spot_summary&file=spot_summary_2021.csv
2022-02-18,jepx-top8avg-system,jp,26.38375,https://www.jepx.jp/_download.php?dir=spot_summary&file=spot_summary_2021.csv
2022-02-19,jepx-top8avg-system,jp,24.27375,https://www.jepx.jp/_download.php?dir=spot_summary&file=spot_summary_2021.csv
2022-02-20,jepx-top8avg-system,jp,23.28125,https://www.jepx.jp/_download.php?dir=spot_summary&file=spot_summary_2021.csv
2022-02-21,jepx-top8avg-system,jp,36.94625,https://www.jepx.jp/_download.php?dir=spot_summary&file=spot_summary_2021.csv
2022-02-22,jepx-top8avg-system,jp,37.21125,https://www.jepx.jp/_download.php?dir=spot_summary&file=spot_summary_2021.csv
2022-02-23,jepx-top8avg-system,jp,33.79625,https://www.jepx.jp/_download.php?dir=spot_summary&file=spot_summary_2021.csv
2022-02-24,jepx-top8avg-system,jp,35.28375,https://www.jepx.jp/_download.php?dir=spot_summary&file=spot_summary_2021.csv
2022-02-25,jepx-top8avg-system,jp,24.48375,https://www.jepx.jp/_download.php?dir=spot_summary&file=spot_summary_2021.csv
2022-02-26,jepx-top8avg-system,jp,23.695,https://www.jepx.jp/_download.php?dir=spot_summary&file=spot_summary_2021.csv
2022-02-27,jepx-top8avg-system,jp,23.80625,https://www.jepx.jp/_download.php?dir=spot_summary&file=spot_summary_2021.csv
2022-02-28,jepx-top8avg-system,jp,24.536250000000003,https://www.jepx.jp/_download.php?dir=spot_summary&file=spot_summary_2021.csv
2022-03-01,jepx-top8avg-system,jp,26.729999999999997,https://www.jepx.jp/_download.php?dir=spot_summary&file=spot_summary_2021.csv
2022-03-02,jepx-top8avg-system,jp,31.50625,https://www.jepx.jp/_download.php?dir=spot_summary&file=spot_summary_2021.csv
2022-03-03,jepx-top8avg-system,jp,27.47625,https://www.jepx.jp/_download.php?dir=spot_summary&file=spot_summary_2021.csv
2022-03-04,jepx-top8avg-system,jp,29.445,https://www.jepx.jp/_download.php?dir=spot_summary&file=spot_summary_2021.csv
2022-03-05,jepx-top8avg-system,jp,33.363749999999996,https://www.jepx.jp/_download.php?dir=spot_summary&file=spot_summary_2021.csv
2022-03-06,jepx-top8avg-system,jp,39.098749999999995,https://www.jepx.jp/_download.php?dir=spot_summary&file=spot_summary_2021.csv
2022-03-07,jepx-top8avg-system,jp,44.56125,https://www.jepx.jp/_download.php?dir=spot_summary&file=spot_summary_2021.csv
2022-03-08,jepx-top8avg-system,jp,71.2725,https://www.jepx.jp/_download.php?dir=spot_summary&file=spot_summary_2021.csv
2022-03-09,jepx-top8avg-system,jp,41.958749999999995,https://www.jepx.jp/_download.php?dir=spot_summary&file=spot_summary_2021.csv
2022-03-10,jepx-top8avg-system,jp,38.583749999999995,https://www.jepx.jp/_download.php?dir=spot_summary&file=spot_summary_2021.csv
2022-03-11,jepx-top8avg-system,jp,36.802499999999995,https://www.jepx.jp/_download.php?dir=spot_summary&file=spot_summary_2021.csv
2022-03-12,jepx-top8avg-system,jp,39.59625,https://www.jepx.jp/_download.php?dir=spot_summary&file=spot_summary_2021.csv
2022-03-13,jepx-top8avg-system,jp,31.06125,https://www.jepx.jp/_download.php?dir=spot_summary&file=spot_summary_2021.csv
2022-03-14,jepx-top8avg-system,jp,37.785,https://www.jepx.jp/_download.php?dir=spot_summary&file=spot_summary_2021.csv
2022-03-15,jepx-top8avg-system,jp,30.65125,https://www.jepx.jp/_download.php?dir=spot_summary&file=spot_summary_2021.csv
2022-03-16,jepx-top8avg-system,jp,25.60625,https://www.jepx.jp/_download.php?dir=spot_summary&file=spot_summary_2021.csv
2022-03-17,jepx-top8avg-system,jp,27.509999999999998,https://www.jepx.jp/_download.php?dir=spot_summary&file=spot_summary_2021.csv
2022-03-18,jepx-top8avg-system,jp,74.42125,https://www.jepx.jp/_download.php?dir=spot_summary&file=spot_summary_2021.csv
2022-03-19,jepx-top8avg-system,jp,36.43375,https://www.jepx.jp/_download.php?dir=spot_summary&file=spot_summary_2021.csv
2022-03-20,jepx-top8avg-system,jp,34.00625,https://www.jepx.jp/_download.php?dir=spot_summary&file=spot_summary_2021.csv
2022-03-21,jepx-top8avg-system,jp,41.301249999999996,https://www.jepx.jp/_download.php?dir=spot_summary&file=spot_summary_2021.csv
2022-03-22,jepx-top8avg-system,jp,80.0,https://www.jepx.jp/_download.php?dir=spot_summary&file=spot_summary_2021.csv
2022-03-23,jepx-top8avg-system,jp,80.0,https://www.jepx.jp/_download.php?dir=spot_summary&file=spot_summary_2021.csv
2022-03-24,jepx-top8avg-system,jp,38.86625,https://www.jepx.jp/_download.php?dir=spot_summary&file=spot_summary_2021.csv
2022-03-25,jepx-top8avg-system,jp,36.71125,https://www.jepx.jp/_download.php?dir=spot_summary&file=spot_summary_2021.csv
2022-03-26,jepx-top8avg-system,jp,29.307499999999997,https://www.jepx.jp/_download.php?dir=spot_summary&file=spot_summary_2021.csv
2022-03-27,jepx-top8avg-system,jp,22.1575,https://www.jepx.jp/_download.php?dir=spot_summary&file=spot_summary_2021.csv
2022-03-28,jepx-top8avg-system,jp,32.853750000000005,https://www.jepx.jp/_download.php?dir=spot_summary&file=spot_summary_2021.csv
2022-03-29,jepx-top8avg-system,jp,31.28125,https://www.jepx.jp/_download.php?dir=spot_summary&file=spot_summary_2021.csv
2022-03-30,jepx-top8avg-system,jp,25.947499999999998,https://www.jepx.jp/_download.php?dir=spot_summary&file=spot_summary_2021.csv
2022-03-31,jepx-top8avg-system,jp,27.945,https://www.jepx.jp/_download.php?dir=spot_summary&file=spot_summary_2021.csv
2022-04-01,jepx-top8avg-system,jp,29.966250000000002,https://www.jepx.jp/_download.php?dir=spot_summary&file=spot_summary_2022.csv
2022-04-02,jepx-top8avg-system,jp,26.16,https://www.jepx.jp/_download.php?dir=spot_summary&file=spot_summary_2022.csv
2022-04-03,jepx-top8avg-system,jp,24.36,https://www.jepx.jp/_download.php?dir=spot_summary&file=spot_summary_2022.csv
2022-04-04,jepx-top8avg-system,jp,41.275,https://www.jepx.jp/_download.php?dir=spot_summary&file=spot_summary_2022.csv
2022-04-05,jepx-top8avg-system,jp,34.7575,https://www.jepx.jp/_download.php?dir=spot_summary&file=spot_summary_2022.csv
2022-04-06,jepx-top8avg-system,jp,24.74625,https://www.jepx.jp/_download.php?dir=spot_summary&file=spot_summary_2022.csv
2022-04-07,jepx-top8avg-system,jp,32.93,https://www.jepx.jp/_download.php?dir=spot_summary&file=spot_summary_2022.csv
2022-04-08,jepx-top8avg-system,jp,30.278750000000002,https://www.jepx.jp/_download.php?dir=spot_summary&file=spot_summary_2022.csv
2022-04-09,jepx-top8avg-system,jp,23.845,https://www.jepx.jp/_download.php?dir=spot_summary&file=spot_summary_2022.csv
2022-04-10,jepx-top8avg-system,jp,21.19375,https://www.jepx.jp/_download.php?dir=spot_summary&file=spot_summary_2022.csv
2022-04-11,jepx-top8avg-system,jp,25.48375,https://www.jepx.jp/_download.php?dir=spot_summary&file=spot_summary_2022.csv
2022-04-12,jepx-top8avg-system,jp,22.896250000000002,https://www.jepx.jp/_download.php?dir=spot_summary&file=spot_summary_2022.csv
2022-04-13,jepx-top8avg-system,jp,25.64875,https://www.jepx.jp/_download.php?dir=spot_summary&file=spot_summary_2022.csv
2022-04-14,jepx-top8avg-system,jp,35.261250000000004,https://www.jepx.jp/_download.php?dir=spot_summary&file=spot_summary_2022.csv
2022-04-15,jepx-top8avg-system,jp,36.50125,https://www.jepx.jp/_download.php?dir=spot_summary&file=spot_summary_2022.csv
2022-04-16,jepx-top8avg-system,jp,24.20375,https://www.jepx.jp/_download.php?dir=spot_summary&file=spot_summary_2022.csv
2022-04-17,jepx-top8avg-system,jp,22.32375,https://www.jepx.jp/_download.php?dir=spot_summary&file=spot_summary_2022.csv
2022-04-18,jepx-top8avg-system,jp,24.901249999999997,https://www.jepx.jp/_download.php?dir=spot_summary&file=spot_summary_2022.csv
2022-04-19,jepx-top8avg-system,jp,23.89125,https://www.jepx.jp/_download.php?dir=spot_summary&file=spot_summary_2022.csv
2022-04-20,jepx-top8avg-system,jp,25.5625,https://www.jepx.jp/_download.php?dir=spot_summary&file=spot_summary_2022.csv
2022-04-21,jepx-top8avg-system,jp,31.573750000000004,https://www.jepx.jp/_download.php?dir=spot_summary&file=spot_summary_2022.csv
2022-04-22,jepx-top8avg-system,jp,25.38125,https://www.jepx.jp/_download.php?dir=spot_summary&file=spot_summary_2022.csv
2022-04-23,jepx-top8avg-system,jp,23.41375,https://www.jepx.jp/_download.php?dir=spot_summary&file=spot_summary_2022.csv
2022-04-24,jepx-top8avg-system,jp,24.990000000000002,https://www.jepx.jp/_download.php?dir=spot_summary&file=spot_summary_2022.csv
2022-04-25,jepx-top8avg-system,jp,28.381249999999998,https://www.jepx.jp/_download.php?dir=spot_summary&file=spot_summary_2022.csv
2022-04-26,jepx-top8avg-system,jp,30.08125,https://www.jepx.jp/_download.php?dir=spot_summary&file=spot_summary_2022.csv
2022-04-27,jepx-top8avg-system,jp,29.39375,https://www.jepx.jp/_download.php?dir=spot_summary&file=spot_summary_2022.csv
2022-04-28,jepx-top8avg-system,jp,28.57375,https://www.jepx.jp/_download.php?dir=spot_summary&file=spot_summary_2022.csv
2022-04-29,jepx-top8avg-system,jp,31.345,https://www.jepx.jp/_download.php?dir=spot_summary&file=spot_summary_2022.csv
2022-04-30,jepx-top8avg-system,jp,27.20875,https://www.jepx.jp/_download.php?dir=spot_summary&file=spot_summary_2022.csv
2022-05-01,jepx-top8avg-system,jp,28.00625,https://www.jepx.jp/_download.php?dir=spot_summary&file=spot_summary_2022.csv
2022-05-02,jepx-top8avg-system,jp,28.14875,https://www.jepx.jp/_download.php?dir=spot_summary&file=spot_summary_2022.csv
2022-05-03,jepx-top8avg-system,jp,23.06,https://www.jepx.jp/_download.php?dir=spot_summary&file=spot_summary_2022.csv
2022-05-04,jepx-top8avg-system,jp,24.14375,https://www.jepx.jp/_download.php?dir=spot_summary&file=spot_summary_2022.csv
2022-05-05,jepx-top8avg-system,jp,22.44,https://www.jepx.jp/_download.php?dir=spot_summary&file=spot_summary_2022.csv
2022-05-06,jepx-top8avg-system,jp,23.93,https://www.jepx.jp/_download.php?dir=spot_summary&file=spot_summary_2022.csv
2022-05-07,jepx-top8avg-system,jp,22.830000000000002,https://www.jepx.jp/_download.php?dir=spot_summary&file=spot_summary_2022.csv
2022-05-08,jepx-top8avg-system,jp,20.44375,https://www.jepx.jp/_download.php?dir=spot_summary&file=spot_summary_2022.csv
2022-05-09,jepx-top8avg-system,jp,27.473750000000003,https://www.jepx.jp/_download.php?dir=spot_summary&file=spot_summary_2022.csv
2022-05-10,jepx-top8avg-system,jp,33.443749999999994,https://www.jepx.jp/_download.php?dir=spot_summary&file=spot_summary_2022.csv
2022-05-11,jepx-top8avg-system,jp,29.13375,https://www.jepx.jp/_download.php?dir=spot_summary&file=spot_summary_2022.csv
2022-05-12,jepx-top8avg-system,jp,31.909999999999997,https://www.jepx.jp/_download.php?dir=spot_summary&file=spot_summary_2022.csv
2022-05-13,jepx-top8avg-system,jp,28.916249999999998,https://www.jepx.jp/_download.php?dir=spot_summary&file=spot_summary_2022.csv
2022-05-14,jepx-top8avg-system,jp,25.34125,https://www.jepx.jp/_download.php?dir=spot_summary&file=spot_summary_2022.csv
2022-05-15,jepx-top8avg-system,jp,23.295,https://www.jepx.jp/_download.php?dir=spot_summary&file=spot_summary_2022.csv
2022-05-16,jepx-top8avg-system,jp,26.307499999999997,https://www.jepx.jp/_download.php?dir=spot_summary&file=spot_summary_2022.csv
2022-05-17,jepx-top8avg-system,jp,25.15,https://www.jepx.jp/_download.php?dir=spot_summary&file=spot_summary_2022.csv
2022-05-18,jepx-top8avg-system,jp,26.35,https://www.jepx.jp/_download.php?dir=spot_summary&file=spot_summary_2022.csv
2022-05-19,jepx-top8avg-system,jp,25.3975,https://www.jepx.jp/_download.php?dir=spot_summary&file=spot_summary_2022.csv
2022-05-20,jepx-top8avg-system,jp,24.88375,https://www.jepx.jp/_download.php?dir=spot_summary&file=spot_summary_2022.csv
2022-05-21,jepx-top8avg-system,jp,23.713749999999997,https://www.jepx.jp/_download.php?dir=spot_summary&file=spot_summary_2022.csv
2022-05-22,jepx-top8avg-system,jp,19.48375,https://www.jepx.jp/_download.php?dir=spot_summary&file=spot_summary_2022.csv
2022-05-23,jepx-top8avg-system,jp,24.86,https://www.jepx.jp/_download.php?dir=spot_summary&file=spot_summary_2022.csv
2022-05-24,jepx-top8avg-system,jp,25.2625,https://www.jepx.jp/_download.php?dir=spot_summary&file=spot_summary_2022.csv
2022-05-25,jepx-top8avg-system,jp,25.06,https://www.jepx.jp/_download.php?dir=spot_summary&file=spot_summary_2022.csv
2022-05-26,jepx-top8avg-system,jp,26.24125,https://www.jepx.jp/_download.php?dir=spot_summary&file=spot_summary_2022.csv
2022-05-27,jepx-top8avg-system,jp,26.2125,https://www.jepx.jp/_download.php?dir=spot_summary&file=spot_summary_2022.csv
2022-05-28,jepx-top8avg-system,jp,22.2725,https://www.jepx.jp/_download.php?dir=spot_summary&file=spot_summary_2022.csv
2022-05-29,jepx-top8avg-system,jp,21.6025,https://www.jepx.jp/_download.php?dir=spot_summary&file=spot_summary_2022.csv
2022-05-30,jepx-top8avg-system,jp,25.05375,https://www.jepx.jp/_download.php?dir=spot_summary&file=spot_summary_2022.csv
2022-05-31,jepx-top8avg-system,jp,25.28,https://www.jepx.jp/_download.php?dir=spot_summary&file=spot_summary_2022.csv
2022-06-01,jepx-top8avg-system,jp,25.48125,https://www.jepx.jp/_download.php?dir=spot_summary&file=spot_summary_2022.csv
2022-06-02,jepx-top8avg-system,jp,23.979999999999997,https://www.jepx.jp/_download.php?dir=spot_summary&file=spot_summary_2022.csv
2022-06-03,jepx-top8avg-system,jp,21.9125,https://www.jepx.jp/_download.php?dir=spot_summary&file=spot_summary_2022.csv
2022-06-04,jepx-top8avg-system,jp,21.676250000000003,https://www.jepx.jp/_download.php?dir=spot_summary&file=spot_summary_2022.csv
2022-06-05,jepx-top8avg-system,jp,20.95125,https://www.jepx.jp/_download.php?dir=spot_summary&file=spot_summary_2022.csv
2022-06-06,jepx-top8avg-system,jp,22.697499999999998,https://www.jepx.jp/_download.php?dir=spot_summary&file=spot_summary_2022.csv
2022-06-07,jepx-top8avg-system,jp,25.0625,https://www.jepx.jp/_download.php?dir=spot_summary&file=spot_summary_2022.csv
2022-06-08,jepx-top8avg-system,jp,23.50625,https://www.jepx.jp/_download.php?dir=spot_summary&file=spot_summary_2022.csv
2022-06-09,jepx-top8avg-system,jp,21.865000000000002,https://www.jepx.jp/_download.php?dir=spot_summary&file=spot_summary_2022.csv
2022-06-10,jepx-top8avg-system,jp,25.2275,https://www.jepx.jp/_download.php?dir=spot_summary&file=spot_summary_2022.csv
2022-06-11,jepx-top8avg-system,jp,21.22125,https://www.jepx.jp/_download.php?dir=spot_summary&file=spot_summary_2022.csv
2022-06-12,jepx-top8avg-system,jp,19.93125,https://www.jepx.jp/_download.php?dir=spot_summary&file=spot_summary_2022.csv
2022-06-13,jepx-top8avg-system,jp,25.525,https://www.jepx.jp/_download.php?dir=spot_summary&file=spot_summary_2022.csv
2022-06-14,jepx-top8avg-system,jp,25.2625,https://www.jepx.jp/_download.php?dir=spot_summary&file=spot_summary_2022.csv
2022-06-15,jepx-top8avg-system,jp,23.2475,https://www.jepx.jp/_download.php?dir=spot_summary&file=spot_summary_2022.csv
2022-06-16,jepx-top8avg-system,jp,25.503749999999997,https://www.jepx.jp/_download.php?dir=spot_summary&file=spot_summary_2022.csv
2022-06-17,jepx-top8avg-system,jp,24.915,https://www.jepx.jp/_download.php?dir=spot_summary&file=spot_summary_2022.csv
2022-06-18,jepx-top8avg-system,jp,23.965,https://www.jepx.jp/_download.php?dir=spot_summary&file=spot_summary_2022.csv
2022-06-19,jepx-top8avg-system,jp,23.65,https://www.jepx.jp/_download.php?dir=spot_summary&file=spot_summary_2022.csv
2022-06-20,jepx-top8avg-system,jp,27.0075,https://www.jepx.jp/_download.php?dir=spot_summary&file=spot_summary_2022.csv
2022-06-21,jepx-top8avg-system,jp,27.0175,https://www.jepx.jp/_download.php?dir=spot_summary&file=spot_summary_2022.csv
2022-06-22,jepx-top8avg-system,jp,30.43125,https://www.jepx.jp/_download.php?dir=spot_summary&file=spot_summary_2022.csv
2022-06-23,jepx-top8avg-system,jp,27.70875,https://www.jepx.jp/_download.php?dir=spot_summary&file=spot_summary_2022.csv
2022-06-24,jepx-top8avg-system,jp,36.401250000000005,https://www.jepx.jp/_download.php?dir=spot_summary&file=spot_summary_2022.csv
2022-06-25,jepx-top8avg-system,jp,37.1625,https://www.jepx.jp/_download.php?dir=spot_summary&file=spot_summary_2022.csv
2022-06-26,jepx-top8avg-system,jp,42.4925,https://www.jepx.jp/_download.php?dir=spot_summary&file=spot_summary_2022.csv
2022-06-27,jepx-top8avg-system,jp,51.56125,https://www.jepx.jp/_download.php?dir=spot_summary&file=spot_summary_2022.csv
2022-06-28,jepx-top8avg-system,jp,76.92125,https://www.jepx.jp/_download.php?dir=spot_summary&file=spot_summary_2022.csv
2022-06-29,jepx-top8avg-system,jp,93.89125,https://www.jepx.jp/_download.php?dir=spot_summary&file=spot_summary_2022.csv
2022-06-30,jepx-top8avg-system,jp,85.80875,https://www.jepx.jp/_download.php?dir=spot_summary&file=spot_summary_2022.csv
2022-07-01,jepx-top8avg-system,jp,83.23625,https://www.jepx.jp/_download.php?dir=spot_summary&file=spot_summary_2022.csv
2022-07-02,jepx-top8avg-system,jp,45.067499999999995,https://www.jepx.jp/_download.php?dir=spot_summary&file=spot_summary_2022.csv
2022-07-03,jepx-top8avg-system,jp,39.02625,https://www.jepx.jp/_download.php?dir=spot_summary&file=spot_summary_2022.csv
2022-07-04,jepx-top8avg-system,jp,52.375,https://www.jepx.jp/_download.php?dir=spot_summary&file=spot_summary_2022.csv
2022-07-05,jepx-top8avg-system,jp,47.5925,https://www.jepx.jp/_download.php?dir=spot_summary&file=spot_summary_2022.csv
2022-07-06,jepx-top8avg-system,jp,42.94,https://www.jepx.jp/_download.php?dir=spot_summary&file=spot_summary_2022.csv
2022-07-07,jepx-top8avg-system,jp,42.6025,https://www.jepx.jp/_download.php?dir=spot_summary&file=spot_summary_2022.csv
2022-07-08,jepx-top8avg-system,jp,37.36,https://www.jepx.jp/_download.php?dir=spot_summary&file=spot_summary_2022.csv
2022-07-09,jepx-top8avg-system,jp,31.8825,https://www.jepx.jp/_download.php?dir=spot_summary&file=spot_summary_2022.csv
2022-07-10,jepx-top8avg-system,jp,29.0875,https://www.jepx.jp/_download.php?dir=spot_summary&file=spot_summary_2022.csv
2022-07-11,jepx-top8avg-system,jp,45.4675,https://www.jepx.jp/_download.php?dir=spot_summary&file=spot_summary_2022.csv
2022-07-12,jepx-top8avg-system,jp,45.0475,https://www.jepx.jp/_download.php?dir=spot_summary&file=spot_summary_2022.csv
2022-07-13,jepx-top8avg-system,jp,39.96125,https://www.jepx.jp/_download.php?dir=spot_summary&file=spot_summary_2022.csv
2022-07-14,jepx-top8avg-system,jp,35.927499999999995,https://www.jepx.jp/_download.php?dir=spot_summary&file=spot_summary_2022.csv
2022-07-15,jepx-top8avg-system,jp,37.81,https://www.jepx.jp/_download.php?dir=spot_summary&file=spot_summary_2022.csv
2022-07-16,jepx-top8avg-system,jp,26.82625,https://www.jepx.jp/_download.php?dir=spot_summary&file=spot_summary_2022.csv
2022-07-17,jepx-top8avg-system,jp,34.07,https://www.jepx.jp/_download.php?dir=spot_summary&file=spot_summary_2022.csv
2022-07-18,jepx-top8avg-system,jp,31.56375,https://www.jepx.jp/_download.php?dir=spot_summary&file=spot_summary_2022.csv
2022-07-19,jepx-top8avg-system,jp,29.64875,https://www.jepx.jp/_download.php?dir=spot_summary&file=spot_summary_2022.csv
2022-07-20,jepx-top8avg-system,jp,44.705,https://www.jepx.jp/_download.php?dir=spot_summary&file=spot_summary_2022.csv
2022-07-21,jepx-top8avg-system,jp,34.2175,https://www.jepx.jp/_download.php?dir=spot_summary&file=spot_summary_2022.csv
2022-07-22,jepx-top8avg-system,jp,33.32875,https://www.jepx.jp/_download.php?dir=spot_summary&file=spot_summary_2022.csv
2022-07-23,jepx-top8avg-system,jp,26.155,https://www.jepx.jp/_download.php?dir=spot_summary&file=spot_summary_2022.csv
2022-07-24,jepx-top8avg-system,jp,26.515,https://www.jepx.jp/_download.php?dir=spot_summary&file=spot_summary_2022.csv
2022-07-25,jepx-top8avg-system,jp,37.95125,https://www.jepx.jp/_download.php?dir=spot_summary&file=spot_summary_2022.csv
2022-07-26,jepx-top8avg-system,jp,48.55,https://www.jepx.jp/_download.php?dir=spot_summary&file=spot_summary_2022.csv
2022-07-27,jepx-top8avg-system,jp,50.06,https://www.jepx.jp/_download.php?dir=spot_summary&file=spot_summary_2022.csv
2022-07-28,jepx-top8avg-system,jp,51.12375,https://www.jepx.jp/_download.php?dir=spot_summary&file=spot_summary_2022.csv
2022-07-29,jepx-top8avg-system,jp,51.86125,https://www.jepx.jp/_download.php?dir=spot_summary&file=spot_summary_2022.csv
2022-07-30,jepx-top8avg-system,jp,34.147499999999994,https://www.jepx.jp/_download.php?dir=spot_summary&file=spot_summary_2022.csv
2022-07-31,jepx-top8avg-system,jp,35.11,https://www.jepx.jp/_download.php?dir=spot_summary&file=spot_summary_2022.csv
2022-08-01,jepx-top8avg-system,jp,54.90625,https://www.jepx.jp/_download.php?dir=spot_summary&file=spot_summary_2022.csv
2022-08-02,jepx-top8avg-system,jp,59.6725,https://www.jepx.jp/_download.php?dir=spot_summary&file=spot_summary_2022.csv
2022-08-03,jepx-top8avg-system,jp,75.75125,https://www.jepx.jp/_download.php?dir=spot_summary&file=spot_summary_2022.csv
2022-08-04,jepx-top8avg-system,jp,58.39874999999999,https://www.jepx.jp/_download.php?dir=spot_summary&file=spot_summary_2022.csv
2022-08-05,jepx-top8avg-system,jp,47.598749999999995,https://www.jepx.jp/_download.php?dir=spot_summary&file=spot_summary_2022.csv
2022-08-06,jepx-top8avg-system,jp,31.275,https://www.jepx.jp/_download.php?dir=spot_summary&file=spot_summary_2022.csv
2022-08-07,jepx-top8avg-system,jp,31.882499999999997,https://www.jepx.jp/_download.php?dir=spot_summary&file=spot_summary_2022.csv
2022-08-08,jepx-top8avg-system,jp,53.8475,https://www.jepx.jp/_download.php?dir=spot_summary&file=spot_summary_2022.csv
2022-08-09,jepx-top8avg-system,jp,62.25875,https://www.jepx.jp/_download.php?dir=spot_summary&file=spot_summary_2022.csv
2022-08-10,jepx-top8avg-system,jp,57.12375,https://www.jepx.jp/_download.php?dir=spot_summary&file=spot_summary_2022.csv
2022-08-11,jepx-top8avg-system,jp,44.65125,https://www.jepx.jp/_download.php?dir=spot_summary&file=spot_summary_2022.csv
2022-08-12,jepx-top8avg-system,jp,44.43625,https://www.jepx.jp/_download.php?dir=spot_summary&file=spot_summary_2022.csv
2022-08-13,jepx-top8avg-system,jp,30.9225,https://www.jepx.jp/_download.php?dir=spot_summary&file=spot_summary_2022.csv
2022-08-14,jepx-top8avg-system,jp,38.196250000000006,https://www.jepx.jp/_download.php?dir=spot_summary&file=spot_summary_2022.csv
2022-08-15,jepx-top8avg-system,jp,26.685,https://www.jepx.jp/_download.php?dir=spot_summary&file=spot_summary_2022.csv
2022-08-16,jepx-top8avg-system,jp,48.77,https://www.jepx.jp/_download.php?dir=spot_summary&file=spot_summary_2022.csv
2022-08-17,jepx-top8avg-system,jp,46.213750000000005,https://www.jepx.jp/_download.php?dir=spot_summary&file=spot_summary_2022.csv
2022-08-18,jepx-top8avg-system,jp,31.952499999999997,https://www.jepx.jp/_download.php?dir=spot_summary&file=spot_summary_2022.csv
2022-08-19,jepx-top8avg-system,jp,31.9075,https://www.jepx.jp/_download.php?dir=spot_summary&file=spot_summary_2022.csv
2022-08-20,jepx-top8avg-system,jp,27.94875,https://www.jepx.jp/_download.php?dir=spot_summary&file=spot_summary_2022.csv
2022-08-21,jepx-top8avg-system,jp,29.033749999999998,https://www.jepx.jp/_download.php?dir=spot_summary&file=spot_summary_2022.csv
2022-08-22,jepx-top8avg-system,jp,45.3525,https://www.jepx.jp/_download.php?dir=spot_summary&file=spot_summary_2022.csv
2022-08-23,jepx-top8avg-system,jp,55.7325,https://www.jepx.jp/_download.php?dir=spot_summary&file=spot_summary_2022.csv
2022-08-24,jepx-top8avg-system,jp,55.395,https://www.jepx.jp/_download.php?dir=spot_summary&file=spot_summary_2022.csv
2022-08-25,jepx-top8avg-system,jp,42.38,https://www.jepx.jp/_download.php?dir=spot_summary&file=spot_summary_2022.csv
2022-08-26,jepx-top8avg-system,jp,42.802499999999995,https://www.jepx.jp/_download.php?dir=spot_summary&file=spot_summary_2022.csv
2022-08-27,jepx-top8avg-system,jp,36.431250000000006,https://www.jepx.jp/_download.php?dir=spot_summary&file=spot_summary_2022.csv
2022-08-28,jepx-top8avg-system,jp,25.18625,https://www.jepx.jp/_download.php?dir=spot_summary&file=spot_summary_2022.csv
2022-08-29,jepx-top8avg-system,jp,44.67375,https://www.jepx.jp/_download.php?dir=spot_summary&file=spot_summary_2022.csv
2022-08-30,jepx-top8avg-system,jp,49.67625,https://www.jepx.jp/_download.php?dir=spot_summary&file=spot_summary_2022.csv
2022-08-31,jepx-top8avg-system,jp,51.963750000000005,https://www.jepx.jp/_download.php?dir=spot_summary&file=spot_summary_2022.csv
2022-09-01,jepx-top8avg-system,jp,63.3825,https://www.jepx.jp/_download.php?dir=spot_summary&file=spot_summary_2022.csv
2022-09-02,jepx-top8avg-system,jp,43.32875,https://www.jepx.jp/_download.php?dir=spot_summary&file=spot_summary_2022.csv
2022-09-03,jepx-top8avg-system,jp,35.43,https://www.jepx.jp/_download.php?dir=spot_summary&file=spot_summary_2022.csv
2022-09-04,jepx-top8avg-system,jp,37.53125,https://www.jepx.jp/_download.php?dir=spot_summary&file=spot_summary_2022.csv
2022-09-05,jepx-top8avg-system,jp,62.525,https://www.jepx.jp/_download.php?dir=spot_summary&file=spot_summary_2022.csv
2022-09-06,jepx-top8avg-system,jp,63.81625,https://www.jepx.jp/_download.php?dir=spot_summary&file=spot_summary_2022.csv
2022-09-07,jepx-top8avg-system,jp,60.97625000000001,https://www.jepx.jp/_download.php?dir=spot_summary&file=spot_summary_2022.csv
2022-09-08,jepx-top8avg-system,jp,56.25125,https://www.jepx.jp/_download.php?dir=spot_summary&file=spot_summary_2022.csv
2022-09-09,jepx-top8avg-system,jp,55.58624999999999,https://www.jepx.jp/_download.php?dir=spot_summary&file=spot_summary_2022.csv
2022-09-10,jepx-top8avg-system,jp,30.55625,https://www.jepx.jp/_download.php?dir=spot_summary&file=spot_summary_2022.csv
2022-09-11,jepx-top8avg-system,jp,31.24,https://www.jepx.jp/_download.php?dir=spot_summary&file=spot_summary_2022.csv
2022-09-12,jepx-top8avg-system,jp,55.93125,https://www.jepx.jp/_download.php?dir=spot_summary&file=spot_summary_2022.csv
2022-09-13,jepx-top8avg-system,jp,60.981249999999996,https://www.jepx.jp/_download.php?dir=spot_summary&file=spot_summary_2022.csv
2022-09-14,jepx-top8avg-system,jp,57.64625,https://www.jepx.jp/_download.php?dir=spot_summary&file=spot_summary_2022.csv
2022-09-15,jepx-top8avg-system,jp,53.161249999999995,https://www.jepx.jp/_download.php?dir=spot_summary&file=spot_summary_2022.csv
2022-09-16,jepx-top8avg-system,jp,58.10375,https://www.jepx.jp/_download.php?dir=spot_summary&file=spot_summary_2022.csv
2022-09-17,jepx-top8avg-system,jp,46.1125,https://www.jepx.jp/_download.php?dir=spot_summary&file=spot_summary_2022.csv
2022-09-18,jepx-top8avg-system,jp,50.46625,https://www.jepx.jp/_download.php?dir=spot_summary&file=spot_summary_2022.csv
2022-09-19,jepx-top8avg-system,jp,45.239999999999995,https://www.jepx.jp/_download.php?dir=spot_summary&file=spot_summary_2022.csv
2022-09-20,jepx-top8avg-system,jp,41.526250000000005,https://www.jepx.jp/_download.php?dir=spot_summary&file=spot_summary_2022.csv
2022-09-21,jepx-top8avg-system,jp,33.8375,https://www.jepx.jp/_download.php?dir=spot_summary&file=spot_summary_2022.csv
2022-09-22,jepx-top8avg-system,jp,31.21,https://www.jepx.jp/_download.php?dir=spot_summary&file=spot_summary_2022.csv
2022-09-23,jepx-top8avg-system,jp,20.945,https://www.jepx.jp/_download.php?dir=spot_summary&file=spot_summary_2022.csv
2022-09-24,jepx-top8avg-system,jp,22.2925,https://www.jepx.jp/_download.php?dir=spot_summary&file=spot_summary_2022.csv
2022-09-25,jepx-top8avg-system,jp,20.95,https://www.jepx.jp/_download.php?dir=spot_summary&file=spot_summary_2022.csv
2022-09-26,jepx-top8avg-system,jp,26.40125,https://www.jepx.jp/_download.php?dir=spot_summary&file=spot_summary_2022.csv
2022-09-27,jepx-top8avg-system,jp,20.8875,https://www.jepx.jp/_download.php?dir=spot_summary&file=spot_summary_2022.csv
2022-09-28,jepx-top8avg-system,jp,22.14,https://www.jepx.jp/_download.php?dir=spot_summary&file=spot_summary_2022.csv
2022-09-29,jepx-top8avg-system,jp,27.5325,https://www.jepx.jp/_download.php?dir=spot_summary&file=spot_summary_2022.csv
2022-09-30,jepx-top8avg-system,jp,28.7725,https://www.jepx.jp/_download.php?dir=spot_summary&file=spot_summary_2022.csv
2022-10-01,jepx-top8avg-system,jp,32.325,https://www.jepx.jp/_download.php?dir=spot_summary&file=spot_summary_2022.csv
2022-10-02,jepx-top8avg-system,jp,30.04625,https://www.jepx.jp/_download.php?dir=spot_summary&file=spot_summary_2022.csv
2022-10-03,jepx-top8avg-system,jp,45.04875,https://www.jepx.jp/_download.php?dir=spot_summary&file=spot_summary_2022.csv
2022-10-04,jepx-top8avg-system,jp,50.64,https://www.jepx.jp/_download.php?dir=spot_summary&file=spot_summary_2022.csv
2022-10-05,jepx-top8avg-system,jp,36.651250000000005,https://www.jepx.jp/_download.php?dir=spot_summary&file=spot_summary_2022.csv
2022-10-06,jepx-top8avg-system,jp,36.3725,https://www.jepx.jp/_download.php?dir=spot_summary&file=spot_summary_2022.csv
2022-10-07,jepx-top8avg-system,jp,36.46625,https://www.jepx.jp/_download.php?dir=spot_summary&file=spot_summary_2022.csv
2022-10-08,jepx-top8avg-system,jp,34.01,https://www.jepx.jp/_download.php?dir=spot_summary&file=spot_summary_2022.csv
2022-10-09,jepx-top8avg-system,jp,32.45125,https://www.jepx.jp/_download.php?dir=spot_summary&file=spot_summary_2022.csv
2022-10-10,jepx-top8avg-system,jp,39.253750000000004,https://www.jepx.jp/_download.php?dir=spot_summary&file=spot_summary_2022.csv
2022-10-11,jepx-top8avg-system,jp,34.14875,https://www.jepx.jp/_download.php?dir=spot_summary&file=spot_summary_2022.csv
2022-10-12,jepx-top8avg-system,jp,36.083749999999995,https://www.jepx.jp/_download.php?dir=spot_summary&file=spot_summary_2022.csv
2022-10-13,jepx-top8avg-system,jp,36.01625,https://www.jepx.jp/_download.php?dir=spot_summary&file=spot_summary_2022.csv
2022-10-14,jepx-top8avg-system,jp,35.78625,https://www.jepx.jp/_download.php?dir=spot_summary&file=spot_summary_2022.csv
2022-10-15,jepx-top8avg-system,jp,29.45,https://www.jepx.jp/_download.php?dir=spot_summary&file=spot_summary_2022.csv
2022-10-16,jepx-top8avg-system,jp,28.330000000000002,https://www.jepx.jp/_download.php?dir=spot_summary&file=spot_summary_2022.csv
2022-10-17,jepx-top8avg-system,jp,32.16375,https://www.jepx.jp/_download.php?dir=spot_summary&file=spot_summary_2022.csv
2022-10-18,jepx-top8avg-system,jp,30.06375,https://www.jepx.jp/_download.php?dir=spot_summary&file=spot_summary_2022.csv
2022-10-19,jepx-top8avg-system,jp,31.4575,https://www.jepx.jp/_download.php?dir=spot_summary&file=spot_summary_2022.csv
2022-10-20,jepx-top8avg-system,jp,32.14125,https://www.jepx.jp/_download.php?dir=spot_summary&file=spot_summary_2022.csv
2022-10-21,jepx-top8avg-system,jp,30.810000000000002,https://www.jepx.jp/_download.php?dir=spot_summary&file=spot_summary_2022.csv
2022-10-22,jepx-top8avg-system,jp,27.737499999999997,https://www.jepx.jp/_download.php?dir=spot_summary&file=spot_summary_2022.csv
2022-10-23,jepx-top8avg-system,jp,28.575,https://www.jepx.jp/_download.php?dir=spot_summary&file=spot_summary_2022.csv
2022-10-24,jepx-top8avg-system,jp,32.96,https://www.jepx.jp/_download.php?dir=spot_summary&file=spot_summary_2022.csv
2022-10-25,jepx-top8avg-system,jp,36.0,https://www.jepx.jp/_download.php?dir=spot_summary&file=spot_summary_2022.csv
2022-10-26,jepx-top8avg-system,jp,35.2275,https://www.jepx.jp/_download.php?dir=spot_summary&file=spot_summary_2022.csv
2022-10-27,jepx-top8avg-system,jp,33.78375,https://www.jepx.jp/_download.php?dir=spot_summary&file=spot_summary_2022.csv
2022-10-28,jepx-top8avg-system,jp,31.577500000000004,https://www.jepx.jp/_download.php?dir=spot_summary&file=spot_summary_2022.csv
2022-10-29,jepx-top8avg-system,jp,28.73125,https://www.jepx.jp/_download.php?dir=spot_summary&file=spot_summary_2022.csv
2022-10-30,jepx-top8avg-system,jp,29.515,https://www.jepx.jp/_download.php?dir=spot_summary&file=spot_summary_2022.csv
2022-10-31,jepx-top8avg-system,jp,36.64,https://www.jepx.jp/_download.php?dir=spot_summary&file=spot_summary_2022.csv
2022-11-01,jepx-top8avg-system,jp,38.58,https://www.jepx.jp/_download.php?dir=spot_summary&file=spot_summary_2022.csv
2022-11-02,jepx-top8avg-system,jp,34.19125,https://www.jepx.jp/_download.php?dir=spot_summary&file=spot_summary_2022.csv
2022-11-03,jepx-top8avg-system,jp,35.448750000000004,https://www.jepx.jp/_download.php?dir=spot_summary&file=spot_summary_2022.csv
2022-11-04,jepx-top8avg-system,jp,34.89,https://www.jepx.jp/_download.php?dir=spot_summary&file=spot_summary_2022.csv
2022-11-05,jepx-top8avg-system,jp,30.7175,https://www.jepx.jp/_download.php?dir=spot_summary&file=spot_summary_2022.csv
2022-11-06,jepx-top8avg-system,jp,28.73625,https://www.jepx.jp/_download.php?dir=spot_summary&file=spot_summary_2022.csv
2022-11-07,jepx-top8avg-system,jp,35.504999999999995,https://www.jepx.jp/_download.php?dir=spot_summary&file=spot_summary_2022.csv
2022-11-08,jepx-top8avg-system,jp,34.661249999999995,https://www.jepx.jp/_download.php?dir=spot_summary&file=spot_summary_2022.csv
2022-11-09,jepx-top8avg-system,jp,34.52,https://www.jepx.jp/_download.php?dir=spot_summary&file=spot_summary_2022.csv
2022-11-10,jepx-top8avg-system,jp,32.40875,https://www.jepx.jp/_download.php?dir=spot_summary&file=spot_summary_2022.csv
2022-11-11,jepx-top8avg-system,jp,34.015,https://www.jepx.jp/_download.php?dir=spot_summary&file=spot_summary_2022.csv
2022-11-12,jepx-top8avg-system,jp,27.122500000000002,https://www.jepx.jp/_download.php?dir=spot_summary&file=spot_summary_2022.csv
2022-11-13,jepx-top8avg-system,jp,25.89125,https://www.jepx.jp/_download.php?dir=spot_summary&file=spot_summary_2022.csv
2022-11-14,jepx-top8avg-system,jp,33.228750000000005,https://www.jepx.jp/_download.php?dir=spot_summary&file=spot_summary_2022.csv
2022-11-15,jepx-top8avg-system,jp,34.8125,https://www.jepx.jp/_download.php?dir=spot_summary&file=spot_summary_2022.csv
2022-11-16,jepx-top8avg-system,jp,30.067500000000003,https://www.jepx.jp/_download.php?dir=spot_summary&file=spot_summary_2022.csv
2022-11-17,jepx-top8avg-system,jp,34.2025,https://www.jepx.jp/_download.php?dir=spot_summary&file=spot_summary_2022.csv
2022-11-18,jepx-top8avg-system,jp,35.12875,https://www.jepx.jp/_download.php?dir=spot_summary&file=spot_summary_2022.csv
2022-11-19,jepx-top8avg-system,jp,24.075,https://www.jepx.jp/_download.php?dir=spot_summary&file=spot_summary_2022.csv
2022-11-20,jepx-top8avg-system,jp,24.65625,https://www.jepx.jp/_download.php?dir=spot_summary&file=spot_summary_2022.csv
2022-11-21,jepx-top8avg-system,jp,27.5625,https://www.jepx.jp/_download.php?dir=spot_summary&file=spot_summary_2022.csv
2022-11-22,jepx-top8avg-system,jp,28.42,https://www.jepx.jp/_download.php?dir=spot_summary&file=spot_summary_2022.csv
2022-11-23,jepx-top8avg-system,jp,28.8925,https://www.jepx.jp/_download.php?dir=spot_summary&file=spot_summary_2022.csv
2022-11-24,jepx-top8avg-system,jp,24.72,https://www.jepx.jp/_download.php?dir=spot_summary&file=spot_summary_2022.csv
2022-11-25,jepx-top8avg-system,jp,24.8425,https://www.jepx.jp/_download.php?dir=spot_summary&file=spot_summary_2022.csv
2022-11-26,jepx-top8avg-system,jp,22.299999999999997,https://www.jepx.jp/_download.php?dir=spot_summary&file=spot_summary_2022.csv
2022-11-27,jepx-top8avg-system,jp,22.98875,https://www.jepx.jp/_download.php?dir=spot_summary&file=spot_summary_2022.csv
2022-11-28,jepx-top8avg-system,jp,26.7325,https://www.jepx.jp/_download.php?dir=spot_summary&file=spot_summary_2022.csv
2022-11-29,jepx-top8avg-system,jp,24.59625,https://www.jepx.jp/_download.php?dir=spot_summary&file=spot_summary_2022.csv
2022-11-30,jepx-top8avg-system,jp,23.152500000000003,https://www.jepx.jp/_download.php?dir=spot_summary&file=spot_summary_2022.csv
2022-12-01,jepx-top8avg-system,jp,24.7975,https://www.jepx.jp/_download.php?dir=spot_summary&file=spot_summary_2022.csv
2022-12-02,jepx-top8avg-system,jp,25.44625,https://www.jepx.jp/_download.php?dir=spot_summary&file=spot_summary_2022.csv
2022-12-03,jepx-top8avg-system,jp,24.560000000000002,https://www.jepx.jp/_download.php?dir=spot_summary&file=spot_summary_2022.csv
2022-12-04,jepx-top8avg-system,jp,25.7425,https://www.jepx.jp/_download.php?dir=spot_summary&file=spot_summary_2022.csv
2022-12-05,jepx-top8avg-system,jp,32.28875,https://www.jepx.jp/_download.php?dir=spot_summary&file=spot_summary_2022.csv
2022-12-06,jepx-top8avg-system,jp,32.03625,https://www.jepx.jp/_download.php?dir=spot_summary&file=spot_summary_2022.csv
2022-12-07,jepx-top8avg-system,jp,34.105,https://www.jepx.jp/_download.php?dir=spot_summary&file=spot_summary_2022.csv
2022-12-08,jepx-top8avg-system,jp,32.2275,https://www.jepx.jp/_download.php?dir=spot_summary&file=spot_summary_2022.csv
2022-12-09,jepx-top8avg-system,jp,31.43125,https://www.jepx.jp/_download.php?dir=spot_summary&file=spot_summary_2022.csv
2022-12-10,jepx-top8avg-system,jp,24.76625,https://www.jepx.jp/_download.php?dir=spot_summary&file=spot_summary_2022.csv
2022-12-11,jepx-top8avg-system,jp,22.655,https://www.jepx.jp/_download.php?dir=spot_summary&file=spot_summary_2022.csv
2022-12-12,jepx-top8avg-system,jp,33.427499999999995,https://www.jepx.jp/_download.php?dir=spot_summary&file=spot_summary_2022.csv
2022-12-13,jepx-top8avg-system,jp,33.6425,https://www.jepx.jp/_download.php?dir=spot_summary&file=spot_summary_2022.csv
2022-12-14,jepx-top8avg-system,jp,35.06875,https://www.jepx.jp/_download.php?dir=spot_summary&file=spot_summary_2022.csv
2022-12-15,jepx-top8avg-system,jp,38.16875,https://www.jepx.jp/_download.php?dir=spot_summary&file=spot_summary_2022.csv
2022-12-16,jepx-top8avg-system,jp,39.56625,https://www.jepx.jp/_download.php?dir=spot_summary&file=spot_summary_2022.csv
2022-12-17,jepx-top8avg-system,jp,35.25,https://www.jepx.jp/_download.php?dir=spot_summary&file=spot_summary_2022.csv
2022-12-18,jepx-top8avg-system,jp,34.3775,https://www.jepx.jp/_download.php?dir=spot_summary&file=spot_summary_2022.csv
2022-12-19,jepx-top8avg-system,jp,47.1325,https://www.jepx.jp/_download.php?dir=spot_summary&file=spot_summary_2022.csv
2022-12-20,jepx-top8avg-system,jp,46.332499999999996,https://www.jepx.jp/_download.php?dir=spot_summary&file=spot_summary_2022.csv
2022-12-21,jepx-top8avg-system,jp,44.05875,https://www.jepx.jp/_download.php?dir=spot_summary&file=spot_summary_2022.csv
2022-12-22,jepx-top8avg-system,jp,41.41875,https://www.jepx.jp/_download.php?dir=spot_summary&file=spot_summary_2022.csv
2022-12-23,jepx-top8avg-system,jp,45.6975,https://www.jepx.jp/_download.php?dir=spot_summary&file=spot_summary_2022.csv
2022-12-24,jepx-top8avg-system,jp,34.5625,https://www.jepx.jp/_download.php?dir=spot_summary&file=spot_summary_2022.csv
2022-12-25,jepx-top8avg-system,jp,31.778750000000002,https://www.jepx.jp/_download.php?dir=spot_summary&file=spot_summary_2022.csv
2022-12-26,jepx-top8avg-system,jp,37.24625,https://www.jepx.jp/_download.php?dir=spot_summary&file=spot_summary_2022.csv
2022-12-27,jepx-top8avg-system,jp,42.37,https://www.jepx.jp/_download.php?dir=spot_summary&file=spot_summary_2022.csv
2022-12-28,jepx-top8avg-system,jp,34.739999999999995,https://www.jepx.jp/_download.php?dir=spot_summary&file=spot_summary_2022.csv
2022-12-29,jepx-top8avg-system,jp,27.325,https://www.jepx.jp/_download.php?dir=spot_summary&file=spot_summary_2022.csv
2022-12-30,jepx-top8avg-system,jp,30.14875,https://www.jepx.jp/_download.php?dir=spot_summary&file=spot_summary_2022.csv
2022-12-31,jepx-top8avg-system,jp,25.846249999999998,https://www.jepx.jp/_download.php?dir=spot_summary&file=spot_summary_2022.csv
2023-01-01,jepx-top8avg-system,jp,23.58875,https://www.jepx.jp/_download.php?dir=spot_summary&file=spot_summary_2022.csv
2023-01-02,jepx-top8avg-system,jp,23.052500000000002,https://www.jepx.jp/_download.php?dir=spot_summary&file=spot_summary_2022.csv
2023-01-03,jepx-top8avg-system,jp,23.57625,https://www.jepx.jp/_download.php?dir=spot_summary&file=spot_summary_2022.csv
2023-01-04,jepx-top8avg-system,jp,23.435000000000002,https://www.jepx.jp/_download.php?dir=spot_summary&file=spot_summary_2022.csv
2023-01-05,jepx-top8avg-system,jp,25.4725,https://www.jepx.jp/_download.php?dir=spot_summary&file=spot_summary_2022.csv
2023-01-06,jepx-top8avg-system,jp,25.75125,https://www.jepx.jp/_download.php?dir=spot_summary&file=spot_summary_2022.csv
2023-01-07,jepx-top8avg-system,jp,23.411250000000003,https://www.jepx.jp/_download.php?dir=spot_summary&file=spot_summary_2022.csv
2023-01-08,jepx-top8avg-system,jp,23.405,https://www.jepx.jp/_download.php?dir=spot_summary&file=spot_summary_2022.csv
2023-01-09,jepx-top8avg-system,jp,24.509999999999998,https://www.jepx.jp/_download.php?dir=spot_summary&file=spot_summary_2022.csv
2023-01-10,jepx-top8avg-system,jp,26.741249999999997,https://www.jepx.jp/_download.php?dir=spot_summary&file=spot_summary_2022.csv
2023-01-11,jepx-top8avg-system,jp,27.705,https://www.jepx.jp/_download.php?dir=spot_summary&file=spot_summary_2022.csv
2023-01-12,jepx-top8avg-system,jp,24.57,https://www.jepx.jp/_download.php?dir=spot_summary&file=spot_summary_2022.csv
2023-01-13,jepx-top8avg-system,jp,23.321250000000003,https://www.jepx.jp/_download.php?dir=spot_summary&file=spot_summary_2022.csv
2023-01-14,jepx-top8avg-system,jp,19.645,https://www.jepx.jp/_download.php?dir=spot_summary&file=spot_summary_2022.csv
2023-01-15,jepx-top8avg-system,jp,20.1425,https://www.jepx.jp/_download.php?dir=spot_summary&file=spot_summary_2022.csv
2023-01-16,jepx-top8avg-system,jp,22.485,https://www.jepx.jp/_download.php?dir=spot_summary&file=spot_summary_2022.csv
2023-01-17,jepx-top8avg-system,jp,23.537499999999998,https://www.jepx.jp/_download.php?dir=spot_summary&file=spot_summary_2022.csv
2023-01-18,jepx-top8avg-system,jp,23.355000000000004,https://www.jepx.jp/_download.php?dir=spot_summary&file=spot_summary_2022.csv
2023-01-19,jepx-top8avg-system,jp,23.567500000000003,https://www.jepx.jp/_download.php?dir=spot_summary&file=spot_summary_2022.csv
2023-01-20,jepx-top8avg-system,jp,21.7475,https://www.jepx.jp/_download.php?dir=spot_summary&file=spot_summary_2022.csv
2023-01-21,jepx-top8avg-system,jp,20.49,https://www.jepx.jp/_download.php?dir=spot_summary&file=spot_summary_2022.csv
2023-01-22,jepx-top8avg-system,jp,19.49625,https://www.jepx.jp/_download.php?dir=spot_summary&file=spot_summary_2022.csv
2023-01-23,jepx-top8avg-system,jp,23.8575,https://www.jepx.jp/_download.php?dir=spot_summary&file=spot_summary_2022.csv
2023-01-24,jepx-top8avg-system,jp,25.51625,https://www.jepx.jp/_download.php?dir=spot_summary&file=spot_summary_2022.csv
2023-01-25,jepx-top8avg-system,jp,42.00125,https://www.jepx.jp/_download.php?dir=spot_summary&file=spot_summary_2022.csv
2023-01-26,jepx-top8avg-system,jp,30.785,https://www.jepx.jp/_download.php?dir=spot_summary&file=spot_summary_2022.csv
2023-01-27,jepx-top8avg-system,jp,36.935,https://www.jepx.jp/_download.php?dir=spot_summary&file=spot_summary_2022.csv
2023-01-28,jepx-top8avg-system,jp,22.708750000000002,https://www.jepx.jp/_download.php?dir=spot_summary&file=spot_summary_2022.csv
2023-01-29,jepx-top8avg-system,jp,21.905,https://www.jepx.jp/_download.php?dir=spot_summary&file=spot_summary_2022.csv
2023-01-30,jepx-top8avg-system,jp,23.70125,https://www.jepx.jp/_download.php?dir=spot_summary&file=spot_summary_2022.csv
2023-01-31,jepx-top8avg-system,jp,23.64125,https://www.jepx.jp/_download.php?dir=spot_summary&file=spot_summary_2022.csv
2023-02-01,jepx-top8avg-system,jp,22.65125,https://www.jepx.jp/_download.php?dir=spot_summary&file=spot_summary_2022.csv
2023-02-02,jepx-top8avg-system,jp,22.73875,https://www.jepx.jp/_download.php?dir=spot_summary&file=spot_summary_2022.csv
2023-02-03,jepx-top8avg-system,jp,23.612499999999997,https://www.jepx.jp/_download.php?dir=spot_summary&file=spot_summary_2022.csv
2023-02-04,jepx-top8avg-system,jp,19.169999999999998,https://www.jepx.jp/_download.php?dir=spot_summary&file=spot_summary_2022.csv
2023-02-05,jepx-top8avg-system,jp,19.305,https://www.jepx.jp/_download.php?dir=spot_summary&file=spot_summary_2022.csv
2023-02-06,jepx-top8avg-system,jp,20.939999999999998,https://www.jepx.jp/_download.php?dir=spot_summary&file=spot_summary_2022.csv
2023-02-07,jepx-top8avg-system,jp,20.95375,https://www.jepx.jp/_download.php?dir=spot_summary&file=spot_summary_2022.csv
2023-02-08,jepx-top8avg-system,jp,20.13375,https://www.jepx.jp/_download.php?dir=spot_summary&file=spot_summary_2022.csv
2023-02-09,jepx-top8avg-system,jp,21.095,https://www.jepx.jp/_download.php?dir=spot_summary&file=spot_summary_2022.csv
2023-02-10,jepx-top8avg-system,jp,27.65,https://www.jepx.jp/_download.php?dir=spot_summary&file=spot_summary_2022.csv
2023-02-11,jepx-top8avg-system,jp,16.11,https://www.jepx.jp/_download.php?dir=spot_summary&file=spot_summary_2022.csv
2023-02-12,jepx-top8avg-system,jp,15.99625,https://www.jepx.jp/_download.php?dir=spot_summary&file=spot_summary_2022.csv
2023-02-13,jepx-top8avg-system,jp,20.175,https://www.jepx.jp/_download.php?dir=spot_summary&file=spot_summary_2022.csv
2023-02-14,jepx-top8avg-system,jp,20.37375,https://www.jepx.jp/_download.php?dir=spot_summary&file=spot_summary_2022.csv
2023-02-15,jepx-top8avg-system,jp,20.927500000000002,https://www.jepx.jp/_download.php?dir=spot_summary&file=spot_summary_2022.csv
2023-02-16,jepx-top8avg-system,jp,21.64875,https://www.jepx.jp/_download.php?dir=spot_summary&file=spot_summary_2022.csv
2023-02-17,jepx-top8avg-system,jp,20.30375,https://www.jepx.jp/_download.php?dir=spot_summary&file=spot_summary_2022.csv
2023-02-18,jepx-top8avg-system,jp,16.95125,https://www.jepx.jp/_download.php?dir=spot_summary&file=spot_summary_2022.csv
2023-02-19,jepx-top8avg-system,jp,15.59,https://www.jepx.jp/_download.php?dir=spot_summary&file=spot_summary_2022.csv
2023-02-20,jepx-top8avg-system,jp,17.095000000000002,https://www.jepx.jp/_download.php?dir=spot_summary&file=spot_summary_2022.csv
2023-02-21,jepx-top8avg-system,jp,20.55375,https://www.jepx.jp/_download.php?dir=spot_summary&file=spot_summary_2022.csv
2023-02-22,jepx-top8avg-system,jp,18.2525,https://www.jepx.jp/_download.php?dir=spot_summary&file=spot_summary_2022.csv
2023-02-23,jepx-top8avg-system,jp,18.00375,https://www.jepx.jp/_download.php?dir=spot_summary&file=spot_summary_2022.csv
2023-02-24,jepx-top8avg-system,jp,18.225,https://www.jepx.jp/_download.php?dir=spot_summary&file=spot_summary_2022.csv
2023-02-25,jepx-top8avg-system,jp,18.097500000000004,https://www.jepx.jp/_download.php?dir=spot_summary&file=spot_summary_2022.csv
2023-02-26,jepx-top8avg-system,jp,17.925,https://www.jepx.jp/_download.php?dir=spot_summary&file=spot_summary_2022.csv
2023-02-27,jepx-top8avg-system,jp,18.13125,https://www.jepx.jp/_download.php?dir=spot_summary&file=spot_summary_2022.csv
2023-02-28,jepx-top8avg-system,jp,16.97625,https://www.jepx.jp/_download.php?dir=spot_summary&file=spot_summary_2022.csv
2023-03-01,jepx-top8avg-system,jp,17.45625,https://www.jepx.jp/_download.php?dir=spot_summary&file=spot_summary_2022.csv
2023-03-02,jepx-top8avg-system,jp,17.6325,https://www.jepx.jp/_download.php?dir=spot_summary&file=spot_summary_2022.csv
2023-03-03,jepx-top8avg-system,jp,17.5075,https://www.jepx.jp/_download.php?dir=spot_summary&file=spot_summary_2022.csv
2023-03-04,jepx-top8avg-system,jp,15.2375,https://www.jepx.jp/_download.php?dir=spot_summary&file=spot_summary_2022.csv
2023-03-05,jepx-top8avg-system,jp,14.401250000000001,https://www.jepx.jp/_download.php?dir=spot_summary&file=spot_summary_2022.csv
2023-03-06,jepx-top8avg-system,jp,15.735,https://www.jepx.jp/_download.php?dir=spot_summary&file=spot_summary_2022.csv
2023-03-07,jepx-top8avg-system,jp,15.821250000000001,https://www.jepx.jp/_download.php?dir=spot_summary&file=spot_summary_2022.csv
2023-03-08,jepx-top8avg-system,jp,14.424999999999999,https://www.jepx.jp/_download.php?dir=spot_summary&file=spot_summary_2022.csv
2023-03-09,jepx-top8avg-system,jp,12.84375,https://www.jepx.jp/_download.php?dir=spot_summary&file=spot_summary_2022.csv
2023-03-10,jepx-top8avg-system,jp,13.40625,https://www.jepx.jp/_download.php?dir=spot_summary&file=spot_summary_2022.csv
2023-03-11,jepx-top8avg-system,jp,12.67625,https://www.jepx.jp/_download.php?dir=spot_summary&file=spot_summary_2022.csv
2023-03-12,jepx-top8avg-system,jp,13.036249999999999,https://www.jepx.jp/_download.php?dir=spot_summary&file=spot_summary_2022.csv
2023-03-13,jepx-top8avg-system,jp,15.588750000000001,https://www.jepx.jp/_download.php?dir=spot_summary&file=spot_summary_2022.csv
2023-03-14,jepx-top8avg-system,jp,16.21,https://www.jepx.jp/_download.php?dir=spot_summary&file=spot_summary_2022.csv
2023-03-15,jepx-top8avg-system,jp,13.47125,https://www.jepx.jp/_download.php?dir=spot_summary&file=spot_summary_2022.csv
2023-03-16,jepx-top8avg-system,jp,13.50125,https://www.jepx.jp/_download.php?dir=spot_summary&file=spot_summary_2022.csv
2023-03-17,jepx-top8avg-system,jp,15.685,https://www.jepx.jp/_download.php?dir=spot_summary&file=spot_summary_2022.csv
2023-03-18,jepx-top8avg-system,jp,14.67375,https://www.jepx.jp/_download.php?dir=spot_summary&file=spot_summary_2022.csv
2023-03-19,jepx-top8avg-system,jp,14.00625,https://www.jepx.jp/_download.php?dir=spot_summary&file=spot_summary_2022.csv
2023-03-20,jepx-top8avg-system,jp,13.8525,https://www.jepx.jp/_download.php?dir=spot_summary&file=spot_summary_2022.csv
2023-03-21,jepx-top8avg-system,jp,13.11125,https://www.jepx.jp/_download.php?dir=spot_summary&file=spot_summary_2022.csv
2023-03-22,jepx-top8avg-system,jp,13.225000000000001,https://www.jepx.jp/_download.php?dir=spot_summary&file=spot_summary_2022.csv
2023-03-23,jepx-top8avg-system,jp,14.1125,https://www.jepx.jp/_download.php?dir=spot_summary&file=spot_summary_2022.csv
2023-03-24,jepx-top8avg-system,jp,12.247499999999999,https://www.jepx.jp/_download.php?dir=spot_summary&file=spot_summary_2022.csv
2023-03-25,jepx-top8avg-system,jp,11.6225,https://www.jepx.jp/_download.php?dir=spot_summary&file=spot_summary_2022.csv
2023-03-26,jepx-top8avg-system,jp,11.03875,https://www.jepx.jp/_download.php?dir=spot_summary&file=spot_summary_2022.csv
2023-03-27,jepx-top8avg-system,jp,14.21125,https://www.jepx.jp/_download.php?dir=spot_summary&file=spot_summary_2022.csv
2023-03-28,jepx-top8avg-system,jp,13.518749999999999,https://www.jepx.jp/_download.php?dir=spot_summary&file=spot_summary_2022.csv
2023-03-29,jepx-top8avg-system,jp,14.158750000000001,https://www.jepx.jp/_download.php?dir=spot_summary&file=spot_summary_2022.csv
2023-03-30,jepx-top8avg-system,jp,13.2275,https://www.jepx.jp/_download.php?dir=spot_summary&file=spot_summary_2022.csv
2023-03-31,jepx-top8avg-system,jp,12.35875,https://www.jepx.jp/_download.php?dir=spot_summary&file=spot_summary_2022.csv
2023-04-01,jepx-top8avg-system,jp,13.908750000000001,https://www.jepx.jp/_download.php?dir=spot_summary&file=spot_summary_2023.csv
2023-04-02,jepx-top8avg-system,jp,11.70625,https://www.jepx.jp/_download.php?dir=spot_summary&file=spot_summary_2023.csv
2023-04-03,jepx-top8avg-system,jp,14.585,https://www.jepx.jp/_download.php?dir=spot_summary&file=spot_summary_2023.csv
2023-04-04,jepx-top8avg-system,jp,13.59125,https://www.jepx.jp/_download.php?dir=spot_summary&file=spot_summary_2023.csv
2023-04-05,jepx-top8avg-system,jp,14.4825,https://www.jepx.jp/_download.php?dir=spot_summary&file=spot_summary_2023.csv
2023-04-06,jepx-top8avg-system,jp,14.13875,https://www.jepx.jp/_download.php?dir=spot_summary&file=spot_summary_2023.csv
2023-04-07,jepx-top8avg-system,jp,14.62125,https://www.jepx.jp/_download.php?dir=spot_summary&file=spot_summary_2023.csv
2023-04-08,jepx-top8avg-system,jp,14.10125,https://www.jepx.jp/_download.php?dir=spot_summary&file=spot_summary_2023.csv
2023-04-09,jepx-top8avg-system,jp,14.97,https://www.jepx.jp/_download.php?dir=spot_summary&file=spot_summary_2023.csv
2023-04-10,jepx-top8avg-system,jp,14.19375,https://www.jepx.jp/_download.php?dir=spot_summary&file=spot_summary_2023.csv
2023-04-11,jepx-top8avg-system,jp,13.57375,https://www.jepx.jp/_download.php?dir=spot_summary&file=spot_summary_2023.csv
2023-04-12,jepx-top8avg-system,jp,14.131250000000001,https://www.jepx.jp/_download.php?dir=spot_summary&file=spot_summary_2023.csv
2023-04-13,jepx-top8avg-system,jp,13.68,https://www.jepx.jp/_download.php?dir=spot_summary&file=spot_summary_2023.csv
2023-04-14,jepx-top8avg-system,jp,14.3025,https://www.jepx.jp/_download.php?dir=spot_summary&file=spot_summary_2023.csv
2023-04-15,jepx-top8avg-system,jp,14.205,https://www.jepx.jp/_download.php?dir=spot_summary&file=spot_summary_2023.csv
2023-04-16,jepx-top8avg-system,jp,12.6425,https://www.jepx.jp/_download.php?dir=spot_summary&file=spot_summary_2023.csv
2023-04-17,jepx-top8avg-system,jp,15.325000000000001,https://www.jepx.jp/_download.php?dir=spot_summary&file=spot_summary_2023.csv
2023-04-18,jepx-top8avg-system,jp,14.14,https://www.jepx.jp/_download.php?dir=spot_summary&file=spot_summary_2023.csv
2023-04-19,jepx-top8avg-system,jp,14.39375,https://www.jepx.jp/_download.php?dir=spot_summary&file=spot_summary_2023.csv
2023-04-20,jepx-top8avg-system,jp,13.49,https://www.jepx.jp/_download.php?dir=spot_summary&file=spot_summary_2023.csv
2023-04-21,jepx-top8avg-system,jp,13.751249999999999,https://www.jepx.jp/_download.php?dir=spot_summary&file=spot_summary_2023.csv
2023-04-22,jepx-top8avg-system,jp,14.4025,https://www.jepx.jp/_download.php?dir=spot_summary&file=spot_summary_2023.csv
2023-04-23,jepx-top8avg-system,jp,14.45375,https://www.jepx.jp/_download.php?dir=spot_summary&file=spot_summary_2023.csv
2023-04-24,jepx-top8avg-system,jp,14.40375,https://www.jepx.jp/_download.php?dir=spot_summary&file=spot_summary_2023.csv
2023-04-25,jepx-top8avg-system,jp,15.8975,https://www.jepx.jp/_download.php?dir=spot_summary&file=spot_summary_2023.csv
2023-04-26,jepx-top8avg-system,jp,14.64125,https://www.jepx.jp/_download.php?dir=spot_summary&file=spot_summary_2023.csv
2023-04-27,jepx-top8avg-system,jp,14.285,https://www.jepx.jp/_download.php?dir=spot_summary&file=spot_summary_2023.csv
2023-04-28,jepx-top8avg-system,jp,14.87125,https://www.jepx.jp/_download.php?dir=spot_summary&file=spot_summary_2023.csv
2023-04-29,jepx-top8avg-system,jp,16.37625,https://www.jepx.jp/_download.php?dir=spot_summary&file=spot_summary_2023.csv
2023-04-30,jepx-top8avg-system,jp,15.181249999999999,https://www.jepx.jp/_download.php?dir=spot_summary&file=spot_summary_2023.csv
2023-05-01,jepx-top8avg-system,jp,15.81375,https://www.jepx.jp/_download.php?dir=spot_summary&file=spot_summary_2023.csv
2023-05-02,jepx-top8avg-system,jp,15.56375,https://www.jepx.jp/_download.php?dir=spot_summary&file=spot_summary_2023.csv
2023-05-03,jepx-top8avg-system,jp,14.844999999999999,https://www.jepx.jp/_download.php?dir=spot_summary&file=spot_summary_2023.csv
2023-05-04,jepx-top8avg-system,jp,16.166249999999998,https://www.jepx.jp/_download.php?dir=spot_summary&file=spot_summary_2023.csv
2023-05-05,jepx-top8avg-system,jp,15.348749999999999,https://www.jepx.jp/_download.php?dir=spot_summary&file=spot_summary_2023.csv
2023-05-06,jepx-top8avg-system,jp,14.735,https://www.jepx.jp/_download.php?dir=spot_summary&file=spot_summary_2023.csv
2023-05-07,jepx-top8avg-system,jp,13.57125,https://www.jepx.jp/_download.php?dir=spot_summary&file=spot_summary_2023.csv
2023-05-08,jepx-top8avg-system,jp,15.835,https://www.jepx.jp/_download.php?dir=spot_summary&file=spot_summary_2023.csv
2023-05-09,jepx-top8avg-system,jp,15.236250000000002,https://www.jepx.jp/_download.php?dir=spot_summary&file=spot_summary_2023.csv
2023-05-10,jepx-top8avg-system,jp,15.7275,https://www.jepx.jp/_download.php?dir=spot_summary&file=spot_summary_2023.csv
2023-05-11,jepx-top8avg-system,jp,14.39625,https://www.jepx.jp/_download.php?dir=spot_summary&file=spot_summary_2023.csv
2023-05-12,jepx-top8avg-system,jp,13.7675,https://www.jepx.jp/_download.php?dir=spot_summary&file=spot_summary_2023.csv
2023-05-13,jepx-top8avg-system,jp,13.28125,https://www.jepx.jp/_download.php?dir=spot_summary&file=spot_summary_2023.csv
2023-05-14,jepx-top8avg-system,jp,14.05625,https://www.jepx.jp/_download.php?dir=spot_summary&file=spot_summary_2023.csv
2023-05-15,jepx-top8avg-system,jp,14.325,https://www.jepx.jp/_download.php?dir=spot_summary&file=spot_summary_2023.csv
2023-05-16,jepx-top8avg-system,jp,13.7725,https://www.jepx.jp/_download.php?dir=spot_summary&file=spot_summary_2023.csv
2023-05-17,jepx-top8avg-system,jp,16.9175,https://www.jepx.jp/_download.php?dir=spot_summary&file=spot_summary_2023.csv
2023-05-18,jepx-top8avg-system,jp,16.79,https://www.jepx.jp/_download.php?dir=spot_summary&file=spot_summary_2023.csv
2023-05-19,jepx-top8avg-system,jp,15.45625,https://www.jepx.jp/_download.php?dir=spot_summary&file=spot_summary_2023.csv
2023-05-20,jepx-top8avg-system,jp,11.38875,https://www.jepx.jp/_download.php?dir=spot_summary&file=spot_summary_2023.csv
2023-05-21,jepx-top8avg-system,jp,11.11125,https://www.jepx.jp/_download.php?dir=spot_summary&file=spot_summary_2023.csv
2023-05-22,jepx-top8avg-system,jp,14.467500000000001,https://www.jepx.jp/_download.php?dir=spot_summary&file=spot_summary_2023.csv
2023-05-23,jepx-top8avg-system,jp,12.748750000000001,https://www.jepx.jp/_download.php?dir=spot_summary&file=spot_summary_2023.csv
2023-05-24,jepx-top8avg-system,jp,13.256249999999998,https://www.jepx.jp/_download.php?dir=spot_summary&file=spot_summary_2023.csv
2023-05-25,jepx-top8avg-system,jp,13.697500000000002,https://www.jepx.jp/_download.php?dir=spot_summary&file=spot_summary_2023.csv
2023-05-26,jepx-top8avg-system,jp,12.2625,https://www.jepx.jp/_download.php?dir=spot_summary&file=spot_summary_2023.csv
2023-05-27,jepx-top8avg-system,jp,12.63125,https://www.jepx.jp/_download.php?dir=spot_summary&file=spot_summary_2023.csv
2023-05-28,jepx-top8avg-system,jp,10.991249999999999,https://www.jepx.jp/_download.php?dir=spot_summary&file=spot_summary_2023.csv
2023-05-29,jepx-top8avg-system,jp,15.46,https://www.jepx.jp/_download.php?dir=spot_summary&file=spot_summary_2023.csv
2023-05-30,jepx-top8avg-system,jp,12.83375,https://www.jepx.jp/_download.php?dir=spot_summary&file=spot_summary_2023.csv
2023-05-31,jepx-top8avg-system,jp,11.1375,https://www.jepx.jp/_download.php?dir=spot_summary&file=spot_summary_2023.csv
2023-06-01,jepx-top8avg-system,jp,10.24625,https://www.jepx.jp/_download.php?dir=spot_summary&file=spot_summary_2023.csv
2023-06-02,jepx-top8avg-system,jp,12.11,https://www.jepx.jp/_download.php?dir=spot_summary&file=spot_summary_2023.csv
2023-06-03,jepx-top8avg-system,jp,9.7125,https://www.jepx.jp/_download.php?dir=spot_summary&file=spot_summary_2023.csv
2023-06-04,jepx-top8avg-system,jp,10.22625,https://www.jepx.jp/_download.php?dir=spot_summary&file=spot_summary_2023.csv
2023-06-05,jepx-top8avg-system,jp,12.506250000000001,https://www.jepx.jp/_download.php?dir=spot_summary&file=spot_summary_2023.csv
2023-06-06,jepx-top8avg-system,jp,11.126249999999999,https://www.jepx.jp/_download.php?dir=spot_summary&file=spot_summary_2023.csv
2023-06-07,jepx-top8avg-system,jp,11.943750000000001,https://www.jepx.jp/_download.php?dir=spot_summary&file=spot_summary_2023.csv
2023-06-08,jepx-top8avg-system,jp,12.05625,https://www.jepx.jp/_download.php?dir=spot_summary&file=spot_summary_2023.csv
2023-06-09,jepx-top8avg-system,jp,11.681249999999999,https://www.jepx.jp/_download.php?dir=spot_summary&file=spot_summary_2023.csv
2023-06-10,jepx-top8avg-system,jp,10.19625,https://www.jepx.jp/_download.php?dir=spot_summary&file=spot_summary_2023.csv
2023-06-11,jepx-top8avg-system,jp,10.165,https://www.jepx.jp/_download.php?dir=spot_summary&file=spot_summary_2023.csv
2023-06-12,jepx-top8avg-system,jp,10.873750000000001,https://www.jepx.jp/_download.php?dir=spot_summary&file=spot_summary_2023.csv
2023-06-13,jepx-top8avg-system,jp,12.35125,https://www.jepx.jp/_download.php?dir=spot_summary&file=spot_summary_2023.csv
2023-06-14,jepx-top8avg-system,jp,11.10375,https://www.jepx.jp/_download.php?dir=spot_summary&file=spot_summary_2023.csv
2023-06-15,jepx-top8avg-system,jp,11.08375,https://www.jepx.jp/_download.php?dir=spot_summary&file=spot_summary_2023.csv
2023-06-16,jepx-top8avg-system,jp,12.204999999999998,https://www.jepx.jp/_download.php?dir=spot_summary&file=spot_summary_2023.csv
2023-06-17,jepx-top8avg-system,jp,13.307500000000001,https://www.jepx.jp/_download.php?dir=spot_summary&file=spot_summary_2023.csv
2023-06-18,jepx-top8avg-system,jp,12.26,https://www.jepx.jp/_download.php?dir=spot_summary&file=spot_summary_2023.csv
2023-06-19,jepx-top8avg-system,jp,12.26125,https://www.jepx.jp/_download.php?dir=spot_summary&file=spot_summary_2023.csv
2023-06-20,jepx-top8avg-system,jp,11.04375,https://www.jepx.jp/_download.php?dir=spot_summary&file=spot_summary_2023.csv
2023-06-21,jepx-top8avg-system,jp,10.998750000000001,https://www.jepx.jp/_download.php?dir=spot_summary&file=spot_summary_2023.csv
2023-06-22,jepx-top8avg-system,jp,10.36375,https://www.jepx.jp/_download.php?dir=spot_summary&file=spot_summary_2023.csv
2023-06-23,jepx-top8avg-system,jp,11.445,https://www.jepx.jp/_download.php?dir=spot_summary&file=spot_summary_2023.csv
2023-06-24,jepx-top8avg-system,jp,12.49375,https://www.jepx.jp/_download.php?dir=spot_summary&file=spot_summary_2023.csv
2023-06-25,jepx-top8avg-system,jp,12.66875,https://www.jepx.jp/_download.php?dir=spot_summary&file=spot_summary_2023.csv
2023-06-26,jepx-top8avg-system,jp,13.87125,https://www.jepx.jp/_download.php?dir=spot_summary&file=spot_summary_2023.csv
2023-06-27,jepx-top8avg-system,jp,15.9275,https://www.jepx.jp/_download.php?dir=spot_summary&file=spot_summary_2023.csv
2023-06-28,jepx-top8avg-system,jp,14.84,https://www.jepx.jp/_download.php?dir=spot_summary&file=spot_summary_2023.csv
2023-06-29,jepx-top8avg-system,jp,16.55875,https://www.jepx.jp/_download.php?dir=spot_summary&file=spot_summary_2023.csv
2023-06-30,jepx-top8avg-system,jp,16.275,https://www.jepx.jp/_download.php?dir=spot_summary&file=spot_summary_2023.csv
2023-07-01,jepx-top8avg-system,jp,11.32375,https://www.jepx.jp/_download.php?dir=spot_summary&file=spot_summary_2023.csv
2023-07-02,jepx-top8avg-system,jp,12.92125,https://www.jepx.jp/_download.php?dir=spot_summary&file=spot_summary_2023.csv
2023-07-03,jepx-top8avg-system,jp,14.95875,https://www.jepx.jp/_download.php?dir=spot_summary&file=spot_summary_2023.csv
2023-07-04,jepx-top8avg-system,jp,15.305,https://www.jepx.jp/_download.php?dir=spot_summary&file=spot_summary_2023.csv
2023-07-05,jepx-top8avg-system,jp,11.832500000000001,https://www.jepx.jp/_download.php?dir=spot_summary&file=spot_summary_2023.csv
2023-07-06,jepx-top8avg-system,jp,15.033750000000001,https://www.jepx.jp/_download.php?dir=spot_summary&file=spot_summary_2023.csv
2023-07-07,jepx-top8avg-system,jp,15.45125,https://www.jepx.jp/_download.php?dir=spot_summary&file=spot_summary_2023.csv
2023-07-08,jepx-top8avg-system,jp,12.14125,https://www.jepx.jp/_download.php?dir=spot_summary&file=spot_summary_2023.csv
2023-07-09,jepx-top8avg-system,jp,13.27375,https://www.jepx.jp/_download.php?dir=spot_summary&file=spot_summary_2023.csv
2023-07-10,jepx-top8avg-system,jp,15.7275,https://www.jepx.jp/_download.php?dir=spot_summary&file=spot_summary_2023.csv
2023-07-11,jepx-top8avg-system,jp,15.986250000000002,https://www.jepx.jp/_download.php?dir=spot_summary&file=spot_summary_2023.csv
2023-07-12,jepx-top8avg-system,jp,17.155,https://www.jepx.jp/_download.php?dir=spot_summary&file=spot_summary_2023.csv
2023-07-13,jepx-top8avg-system,jp,15.72,https://www.jepx.jp/_download.php?dir=spot_summary&file=spot_summary_2023.csv
2023-07-14,jepx-top8avg-system,jp,15.17375,https://www.jepx.jp/_download.php?dir=spot_summary&file=spot_summary_2023.csv
2023-07-15,jepx-top8avg-system,jp,11.557500000000001,https://www.jepx.jp/_download.php?dir=spot_summary&file=spot_summary_2023.csv
2023-07-16,jepx-top8avg-system,jp,14.54375,https://www.jepx.jp/_download.php?dir=spot_summary&file=spot_summary_2023.csv
2023-07-17,jepx-top8avg-system,jp,16.78,https://www.jepx.jp/_download.php?dir=spot_summary&file=spot_summary_2023.csv
2023-07-18,jepx-top8avg-system,jp,19.6675,https://www.jepx.jp/_download.php?dir=spot_summary&file=spot_summary_2023.csv
2023-07-19,jepx-top8avg-system,jp,16.66,https://www.jepx.jp/_download.php?dir=spot_summary&file=spot_summary_2023.csv
2023-07-20,jepx-top8avg-system,jp,15.850000000000001,https://www.jepx.jp/_download.php?dir=spot_summary&file=spot_summary_2023.csv
2023-07-21,jepx-top8avg-system,jp,14.81875,https://www.jepx.jp/_download.php?dir=spot_summary&file=spot_summary_2023.csv
2023-07-22,jepx-top8avg-system,jp,11.63375,https://www.jepx.jp/_download.php?dir=spot_summary&file=spot_summary_2023.csv
2023-07-23,jepx-top8avg-system,jp,13.056249999999999,https://www.jepx.jp/_download.php?dir=spot_summary&file=spot_summary_2023.csv
2023-07-24,jepx-top8avg-system,jp,17.072499999999998,https://www.jepx.jp/_download.php?dir=spot_summary&file=spot_summary_2023.csv
2023-07-25,jepx-top8avg-system,jp,16.21875,https://www.jepx.jp/_download.php?dir=spot_summary&file=spot_summary_2023.csv
2023-07-26,jepx-top8avg-system,jp,16.28375,https://www.jepx.jp/_download.php?dir=spot_summary&file=spot_summary_2023.csv
2023-07-27,jepx-top8avg-system,jp,20.01875,https://www.jepx.jp/_download.php?dir=spot_summary&file=spot_summary_2023.csv
2023-07-28,jepx-top8avg-system,jp,16.6325,https://www.jepx.jp/_download.php?dir=spot_summary&file=spot_summary_2023.csv
2023-07-29,jepx-top8avg-system,jp,15.3975,https://www.jepx.jp/_download.php?dir=spot_summary&file=spot_summary_2023.csv
2023-07-30,jepx-top8avg-system,jp,14.379999999999999,https://www.jepx.jp/_download.php?dir=spot_summary&file=spot_summary_2023.csv
2023-07-31,jepx-top8avg-system,jp,18.185,https://www.jepx.jp/_download.php?dir=spot_summary&file=spot_summary_2023.csv
2023-08-01,jepx-top8avg-system,jp,17.2775,https://www.jepx.jp/_download.php?dir=spot_summary&file=spot_summary_2023.csv
2023-08-02,jepx-top8avg-system,jp,17.0475,https://www.jepx.jp/_download.php?dir=spot_summary&file=spot_summary_2023.csv
2023-08-03,jepx-top8avg-system,jp,17.721249999999998,https://www.jepx.jp/_download.php?dir=spot_summary&file=spot_summary_2023.csv
2023-08-04,jepx-top8avg-system,jp,17.54,https://www.jepx.jp/_download.php?dir=spot_summary&file=spot_summary_2023.csv
2023-08-05,jepx-top8avg-system,jp,13.5425,https://www.jepx.jp/_download.php?dir=spot_summary&file=spot_summary_2023.csv
2023-08-06,jepx-top8avg-system,jp,13.963750000000001,https://www.jepx.jp/_download.php?dir=spot_summary&file=spot_summary_2023.csv
2023-08-07,jepx-top8avg-system,jp,17.2075,https://www.jepx.jp/_download.php?dir=spot_summary&file=spot_summary_2023.csv
2023-08-08,jepx-top8avg-system,jp,17.6325,https://www.jepx.jp/_download.php?dir=spot_summary&file=spot_summary_2023.csv
2023-08-09,jepx-top8avg-system,jp,17.572499999999998,https://www.jepx.jp/_download.php?dir=spot_summary&file=spot_summary_2023.csv
2023-08-10,jepx-top8avg-system,jp,17.73,https://www.jepx.jp/_download.php?dir=spot_summary&file=spot_summary_2023.csv
2023-08-11,jepx-top8avg-system,jp,15.11625,https://www.jepx.jp/_download.php?dir=spot_summary&file=spot_summary_2023.csv
2023-08-12,jepx-top8avg-system,jp,16.877499999999998,https://www.jepx.jp/_download.php?dir=spot_summary&file=spot_summary_2023.csv
2023-08-13,jepx-top8avg-system,jp,17.0375,https://www.jepx.jp/_download.php?dir=spot_summary&file=spot_summary_2023.csv
2023-08-14,jepx-top8avg-system,jp,15.315,https://www.jepx.jp/_download.php?dir=spot_summary&file=spot_summary_2023.csv
2023-08-15,jepx-top8avg-system,jp,14.432500000000001,https://www.jepx.jp/_download.php?dir=spot_summary&file=spot_summary_2023.csv
2023-08-16,jepx-top8avg-system,jp,14.296249999999999,https://www.jepx.jp/_download.php?dir=spot_summary&file=spot_summary_2023.csv
2023-08-17,jepx-top8avg-system,jp,15.04,https://www.jepx.jp/_download.php?dir=spot_summary&file=spot_summary_2023.csv
2023-08-18,jepx-top8avg-system,jp,15.6025,https://www.jepx.jp/_download.php?dir=spot_summary&file=spot_summary_2023.csv
2023-08-19,jepx-top8avg-system,jp,16.175,https://www.jepx.jp/_download.php?dir=spot_summary&file=spot_summary_2023.csv
2023-08-20,jepx-top8avg-system,jp,15.731250000000001,https://www.jepx.jp/_download.php?dir=spot_summary&file=spot_summary_2023.csv
2023-08-21,jepx-top8avg-system,jp,18.49125,https://www.jepx.jp/_download.php?dir=spot_summary&file=spot_summary_2023.csv
2023-08-22,jepx-top8avg-system,jp,18.627499999999998,https://www.jepx.jp/_download.php?dir=spot_summary&file=spot_summary_2023.csv
2023-08-23,jepx-top8avg-system,jp,18.64,https://www.jepx.jp/_download.php?dir=spot_summary&file=spot_summary_2023.csv
2023-08-24,jepx-top8avg-system,jp,18.084999999999997,https://www.jepx.jp/_download.php?dir=spot_summary&file=spot_summary_2023.csv
2023-08-25,jepx-top8avg-system,jp,16.783749999999998,https://www.jepx.jp/_download.php?dir=spot_summary&file=spot_summary_2023.csv
2023-08-26,jepx-top8avg-system,jp,14.875,https://www.jepx.jp/_download.php?dir=spot_summary&file=spot_summary_2023.csv
2023-08-27,jepx-top8avg-system,jp,14.623750000000001,https://www.jepx.jp/_download.php?dir=spot_summary&file=spot_summary_2023.csv
2023-08-28,jepx-top8avg-system,jp,19.68,https://www.jepx.jp/_download.php?dir=spot_summary&file=spot_summary_2023.csv
2023-08-29,jepx-top8avg-system,jp,20.1625,https://www.jepx.jp/_download.php?dir=spot_summary&file=spot_summary_2023.csv
2023-08-30,jepx-top8avg-system,jp,20.471249999999998,https://www.jepx.jp/_download.php?dir=spot_summary&file=spot_summary_2023.csv
2023-08-31,jepx-top8avg-system,jp,22.42875,https://www.jepx.jp/_download.php?dir=spot_summary&file=spot_summary_2023.csv
2023-09-01,jepx-top8avg-system,jp,21.009999999999998,https://www.jepx.jp/_download.php?dir=spot_summary&file=spot_summary_2023.csv
2023-09-02,jepx-top8avg-system,jp,16.08625,https://www.jepx.jp/_download.php?dir=spot_summary&file=spot_summary_2023.csv
2023-09-03,jepx-top8avg-system,jp,14.418750000000001,https://www.jepx.jp/_download.php?dir=spot_summary&file=spot_summary_2023.csv
2023-09-04,jepx-top8avg-system,jp,19.8925,https://www.jepx.jp/_download.php?dir=spot_summary&file=spot_summary_2023.csv
2023-09-05,jepx-top8avg-system,jp,20.73875,https://www.jepx.jp/_download.php?dir=spot_summary&file=spot_summary_2023.csv
2023-09-06,jepx-top8avg-system,jp,16.6075,https://www.jepx.jp/_download.php?dir=spot_summary&file=spot_summary_2023.csv
2023-09-07,jepx-top8avg-system,jp,16.96875,https://www.jepx.jp/_download.php?dir=spot_summary&file=spot_summary_2023.csv
2023-09-08,jepx-top8avg-system,jp,15.647499999999999,https://www.jepx.jp/_download.php?dir=spot_summary&file=spot_summary_2023.csv
2023-09-09,jepx-top8avg-system,jp,13.9725,https://www.jepx.jp/_download.php?dir=spot_summary&file=spot_summary_2023.csv
2023-09-10,jepx-top8avg-system,jp,13.59625,https://www.jepx.jp/_download.php?dir=spot_summary&file=spot_summary_2023.csv
2023-09-11,jepx-top8avg-system,jp,16.713749999999997,https://www.jepx.jp/_download.php?dir=spot_summary&file=spot_summary_2023.csv
2023-09-12,jepx-top8avg-system,jp,17.21375,https://www.jepx.jp/_download.php?dir=spot_summary&file=spot_summary_2023.csv
2023-09-13,jepx-top8avg-system,jp,17.7825,https://www.jepx.jp/_download.php?dir=spot_summary&file=spot_summary_2023.csv
2023-09-14,jepx-top8avg-system,jp,20.13875,https://www.jepx.jp/_download.php?dir=spot_summary&file=spot_summary_2023.csv
2023-09-15,jepx-top8avg-system,jp,22.04625,https://www.jepx.jp/_download.php?dir=spot_summary&file=spot_summary_2023.csv
2023-09-16,jepx-top8avg-system,jp,20.7875,https://www.jepx.jp/_download.php?dir=spot_summary&file=spot_summary_2023.csv
2023-09-17,jepx-top8avg-system,jp,20.607499999999998,https://www.jepx.jp/_download.php?dir=spot_summary&file=spot_summary_2023.csv
2023-09-18,jepx-top8avg-system,jp,26.71375,https://www.jepx.jp/_download.php?dir=spot_summary&file=spot_summary_2023.csv
2023-09-19,jepx-top8avg-system,jp,35.93,https://www.jepx.jp/_download.php?dir=spot_summary&file=spot_summary_2023.csv
2023-09-20,jepx-top8avg-system,jp,39.2575,https://www.jepx.jp/_download.php?dir=spot_summary&file=spot_summary_2023.csv
2023-09-21,jepx-top8avg-system,jp,36.06125,https://www.jepx.jp/_download.php?dir=spot_summary&file=spot_summary_2023.csv
2023-09-22,jepx-top8avg-system,jp,18.8875,https://www.jepx.jp/_download.php?dir=spot_summary&file=spot_summary_2023.csv
2023-09-23,jepx-top8avg-system,jp,14.6925,https://www.jepx.jp/_download.php?dir=spot_summary&file=spot_summary_2023.csv
2023-09-24,jepx-top8avg-system,jp,13.13375,https://www.jepx.jp/_download.php?dir=spot_summary&file=spot_summary_2023.csv
2023-09-25,jepx-top8avg-system,jp,17.255,https://www.jepx.jp/_download.php?dir=spot_summary&file=spot_summary_2023.csv
2023-09-26,jepx-top8avg-system,jp,18.2325,https://www.jepx.jp/_download.php?dir=spot_summary&file=spot_summary_2023.csv
2023-09-27,jepx-top8avg-system,jp,18.315,https://www.jepx.jp/_download.php?dir=spot_summary&file=spot_summary_2023.csv
2023-09-28,jepx-top8avg-system,jp,22.12875,https://www.jepx.jp/_download.php?dir=spot_summary&file=spot_summary_2023.csv
2023-09-29,jepx-top8avg-system,jp,18.9075,https://www.jepx.jp/_download.php?dir=spot_summary&file=spot_summary_2023.csv
2023-09-30,jepx-top8avg-system,jp,14.493749999999999,https://www.jepx.jp/_download.php?dir=spot_summary&file=spot_summary_2023.csv
2023-10-01,jepx-top8avg-system,jp,13.743750000000002,https://www.jepx.jp/_download.php?dir=spot_summary&file=spot_summary_2023.csv
2023-10-02,jepx-top8avg-system,jp,16.837500000000002,https://www.jepx.jp/_download.php?dir=spot_summary&file=spot_summary_2023.csv
2023-10-03,jepx-top8avg-system,jp,18.1025,https://www.jepx.jp/_download.php?dir=spot_summary&file=spot_summary_2023.csv
2023-10-04,jepx-top8avg-system,jp,18.3325,https://www.jepx.jp/_download.php?dir=spot_summary&file=spot_summary_2023.csv
2023-10-05,jepx-top8avg-system,jp,14.467500000000001,https://www.jepx.jp/_download.php?dir=spot_summary&file=spot_summary_2023.csv
2023-10-06,jepx-top8avg-system,jp,13.395,https://www.jepx.jp/_download.php?dir=spot_summary&file=spot_summary_2023.csv
2023-10-07,jepx-top8avg-system,jp,13.86,https://www.jepx.jp/_download.php?dir=spot_summary&file=spot_summary_2023.csv
2023-10-08,jepx-top8avg-system,jp,13.901250000000001,https://www.jepx.jp/_download.php?dir=spot_summary&file=spot_summary_2023.csv
2023-10-09,jepx-top8avg-system,jp,14.188749999999999,https://www.jepx.jp/_download.php?dir=spot_summary&file=spot_summary_2023.csv
2023-10-10,jepx-top8avg-system,jp,15.9125,https://www.jepx.jp/_download.php?dir=spot_summary&file=spot_summary_2023.csv
2023-10-11,jepx-top8avg-system,jp,16.097499999999997,https://www.jepx.jp/_download.php?dir=spot_summary&file=spot_summary_2023.csv
2023-10-12,jepx-top8avg-system,jp,15.02375,https://www.jepx.jp/_download.php?dir=spot_summary&file=spot_summary_2023.csv
2023-10-13,jepx-top8avg-system,jp,14.09,https://www.jepx.jp/_download.php?dir=spot_summary&file=spot_summary_2023.csv
2023-10-14,jepx-top8avg-system,jp,12.705,https://www.jepx.jp/_download.php?dir=spot_summary&file=spot_summary_2023.csv
2023-10-15,jepx-top8avg-system,jp,12.732500000000002,https://www.jepx.jp/_download.php?dir=spot_summary&file=spot_summary_2023.csv
2023-10-16,jepx-top8avg-system,jp,17.295,https://www.jepx.jp/_download.php?dir=spot_summary&file=spot_summary_2023.csv
2023-10-17,jepx-top8avg-system,jp,15.137500000000001,https://www.jepx.jp/_download.php?dir=spot_summary&file=spot_summary_2023.csv
2023-10-18,jepx-top8avg-system,jp,17.59625,https://www.jepx.jp/_download.php?dir=spot_summary&file=spot_summary_2023.csv
2023-10-19,jepx-top8avg-system,jp,18.823749999999997,https://www.jepx.jp/_download.php?dir=spot_summary&file=spot_summary_2023.csv
2023-10-20,jepx-top8avg-system,jp,16.99125,https://www.jepx.jp/_download.php?dir=spot_summary&file=spot_summary_2023.csv
2023-10-21,jepx-top8avg-system,jp,16.7825,https://www.jepx.jp/_download.php?dir=spot_summary&file=spot_summary_2023.csv
2023-10-22,jepx-top8avg-system,jp,16.485,https://www.jepx.jp/_download.php?dir=spot_summary&file=spot_summary_2023.csv
2023-10-23,jepx-top8avg-system,jp,18.996250000000003,https://www.jepx.jp/_download.php?dir=spot_summary&file=spot_summary_2023.csv
2023-10-24,jepx-top8avg-system,jp,19.958750000000002,https://www.jepx.jp/_download.php?dir=spot_summary&file=spot_summary_2023.csv
2023-10-25,jepx-top8avg-system,jp,17.74125,https://www.jepx.jp/_download.php?dir=spot_summary&file=spot_summary_2023.csv
2023-10-26,jepx-top8avg-system,jp,17.549999999999997,https://www.jepx.jp/_download.php?dir=spot_summary&file=spot_summary_2023.csv
2023-10-27,jepx-top8avg-system,jp,17.42125,https://www.jepx.jp/_download.php?dir=spot_summary&file=spot_summary_2023.csv
2023-10-28,jepx-top8avg-system,jp,15.495000000000001,https://www.jepx.jp/_download.php?dir=spot_summary&file=spot_summary_2023.csv
2023-10-29,jepx-top8avg-system,jp,14.9125,https://www.jepx.jp/_download.php?dir=spot_summary&file=spot_summary_2023.csv
2023-10-30,jepx-top8avg-system,jp,16.68125,https://www.jepx.jp/_download.php?dir=spot_summary&file=spot_summary_2023.csv
2023-10-31,jepx-top8avg-system,jp,16.34875,https://www.jepx.jp/_download.php?dir=spot_summary&file=spot_summary_2023.csv
2023-11-01,jepx-top8avg-system,jp,16.2925,https://www.jepx.jp/_download.php?dir=spot_summary&file=spot_summary_2023.csv
2023-11-02,jepx-top8avg-system,jp,16.50125,https://www.jepx.jp/_download.php?dir=spot_summary&file=spot_summary_2023.csv
2023-11-03,jepx-top8avg-system,jp,15.985,https://www.jepx.jp/_download.php?dir=spot_summary&file=spot_summary_2023.csv
2023-11-04,jepx-top8avg-system,jp,15.9125,https://www.jepx.jp/_download.php?dir=spot_summary&file=spot_summary_2023.csv
2023-11-05,jepx-top8avg-system,jp,15.991249999999999,https://www.jepx.jp/_download.php?dir=spot_summary&file=spot_summary_2023.csv
2023-11-06,jepx-top8avg-system,jp,17.63625,https://www.jepx.jp/_download.php?dir=spot_summary&file=spot_summary_2023.csv
2023-11-07,jepx-top8avg-system,jp,17.415,https://www.jepx.jp/_download.php?dir=spot_summary&file=spot_summary_2023.csv
2023-11-08,jepx-top8avg-system,jp,18.283749999999998,https://www.jepx.jp/_download.php?dir=spot_summary&file=spot_summary_2023.csv
2023-11-09,jepx-top8avg-system,jp,17.7225,https://www.jepx.jp/_download.php?dir=spot_summary&file=spot_summary_2023.csv
2023-11-10,jepx-top8avg-system,jp,19.23,https://www.jepx.jp/_download.php?dir=spot_summary&file=spot_summary_2023.csv
2023-11-11,jepx-top8avg-system,jp,16.082500000000003,https://www.jepx.jp/_download.php?dir=spot_summary&file=spot_summary_2023.csv
2023-11-12,jepx-top8avg-system,jp,16.35875,https://www.jepx.jp/_download.php?dir=spot_summary&file=spot_summary_2023.csv
2023-11-13,jepx-top8avg-system,jp,21.19625,https://www.jepx.jp/_download.php?dir=spot_summary&file=spot_summary_2023.csv
2023-11-14,jepx-top8avg-system,jp,22.195,https://www.jepx.jp/_download.php?dir=spot_summary&file=spot_summary_2023.csv
2023-11-15,jepx-top8avg-system,jp,22.7,https://www.jepx.jp/_download.php?dir=spot_summary&file=spot_summary_2023.csv
2023-11-16,jepx-top8avg-system,jp,21.942500000000003,https://www.jepx.jp/_download.php?dir=spot_summary&file=spot_summary_2023.csv
2023-11-17,jepx-top8avg-system,jp,21.32375,https://www.jepx.jp/_download.php?dir=spot_summary&file=spot_summary_2023.csv
2023-11-18,jepx-top8avg-system,jp,21.805,https://www.jepx.jp/_download.php?dir=spot_summary&file=spot_summary_2023.csv
2023-11-19,jepx-top8avg-system,jp,15.762500000000001,https://www.jepx.jp/_download.php?dir=spot_summary&file=spot_summary_2023.csv
2023-11-20,jepx-top8avg-system,jp,21.6575,https://www.jepx.jp/_download.php?dir=spot_summary&file=spot_summary_2023.csv
2023-11-21,jepx-top8avg-system,jp,19.9525,https://www.jepx.jp/_download.php?dir=spot_summary&file=spot_summary_2023.csv
2023-11-22,jepx-top8avg-system,jp,19.12375,https://www.jepx.jp/_download.php?dir=spot_summary&file=spot_summary_2023.csv
2023-11-23,jepx-top8avg-system,jp,15.467500000000001,https://www.jepx.jp/_download.php?dir=spot_summary&file=spot_summary_2023.csv
2023-11-24,jepx-top8avg-system,jp,19.846249999999998,https://www.jepx.jp/_download.php?dir=spot_summary&file=spot_summary_2023.csv
2023-11-25,jepx-top8avg-system,jp,20.20375,https://www.jepx.jp/_download.php?dir=spot_summary&file=spot_summary_2023.csv
2023-11-26,jepx-top8avg-system,jp,17.908749999999998,https://www.jepx.jp/_download.php?dir=spot_summary&file=spot_summary_2023.csv
2023-11-27,jepx-top8avg-system,jp,20.136249999999997,https://www.jepx.jp/_download.php?dir=spot_summary&file=spot_summary_2023.csv
2023-11-28,jepx-top8avg-system,jp,17.11875,https://www.jepx.jp/_download.php?dir=spot_summary&file=spot_summary_2023.csv
2023-11-29,jepx-top8avg-system,jp,20.57125,https://www.jepx.jp/_download.php?dir=spot_summary&file=spot_summary_2023.csv
2023-11-30,jepx-top8avg-system,jp,20.17125,https://www.jepx.jp/_download.php?dir=spot_summary&file=spot_summary_2023.csv
2023-12-01,jepx-top8avg-system,jp,21.0725,https://www.jepx.jp/_download.php?dir=spot_summary&file=spot_summary_2023.csv
2023-12-02,jepx-top8avg-system,jp,16.19875,https://www.jepx.jp/_download.php?dir=spot_summary&file=spot_summary_2023.csv
2023-12-03,jepx-top8avg-system,jp,16.7975,https://www.jepx.jp/_download.php?dir=spot_summary&file=spot_summary_2023.csv
2023-12-04,jepx-top8avg-system,jp,17.96125,https://www.jepx.jp/_download.php?dir=spot_summary&file=spot_summary_2023.csv
2023-12-05,jepx-top8avg-system,jp,19.69,https://www.jepx.jp/_download.php?dir=spot_summary&file=spot_summary_2023.csv
2023-12-06,jepx-top8avg-system,jp,18.2625,https://www.jepx.jp/_download.php?dir=spot_summary&file=spot_summary_2023.csv
2023-12-07,jepx-top8avg-system,jp,16.2375,https://www.jepx.jp/_download.php?dir=spot_summary&file=spot_summary_2023.csv
2023-12-08,jepx-top8avg-system,jp,17.268749999999997,https://www.jepx.jp/_download.php?dir=spot_summary&file=spot_summary_2023.csv
2023-12-09,jepx-top8avg-system,jp,13.760000000000002,https://www.jepx.jp/_download.php?dir=spot_summary&file=spot_summary_2023.csv
2023-12-10,jepx-top8avg-system,jp,13.0625,https://www.jepx.jp/_download.php?dir=spot_summary&file=spot_summary_2023.csv
2023-12-11,jepx-top8avg-system,jp,15.2,https://www.jepx.jp/_download.php?dir=spot_summary&file=spot_summary_2023.csv
2023-12-12,jepx-top8avg-system,jp,15.23875,https://www.jepx.jp/_download.php?dir=spot_summary&file=spot_summary_2023.csv
2023-12-13,jepx-top8avg-system,jp,14.74875,https://www.jepx.jp/_download.php?dir=spot_summary&file=spot_summary_2023.csv
2023-12-14,jepx-top8avg-system,jp,13.97625,https://www.jepx.jp/_download.php?dir=spot_summary&file=spot_summary_2023.csv
2023-12-15,jepx-top8avg-system,jp,14.780000000000001,https://www.jepx.jp/_download.php?dir=spot_summary&file=spot_summary_2023.csv
2023-12-16,jepx-top8avg-system,jp,12.686250000000001,https://www.jepx.jp/_download.php?dir=spot_summary&file=spot_summary_2023.csv
2023-12-17,jepx-top8avg-system,jp,14.32625,https://www.jepx.jp/_download.php?dir=spot_summary&file=spot_summary_2023.csv
2023-12-18,jepx-top8avg-system,jp,19.5625,https://www.jepx.jp/_download.php?dir=spot_summary&file=spot_summary_2023.csv
2023-12-19,jepx-top8avg-system,jp,19.37,https://www.jepx.jp/_download.php?dir=spot_summary&file=spot_summary_2023.csv
2023-12-20,jepx-top8avg-system,jp,16.47375,https://www.jepx.jp/_download.php?dir=spot_summary&file=spot_summary_2023.csv
2023-12-21,jepx-top8avg-system,jp,18.636250000000004,https://www.jepx.jp/_download.php?dir=spot_summary&file=spot_summary_2023.csv
2023-12-22,jepx-top8avg-system,jp,21.603749999999998,https://www.jepx.jp/_download.php?dir=spot_summary&file=spot_summary_2023.csv
2023-12-23,jepx-top8avg-system,jp,14.778749999999999,https://www.jepx.jp/_download.php?dir=spot_summary&file=spot_summary_2023.csv
2023-12-24,jepx-top8avg-system,jp,13.86875,https://www.jepx.jp/_download.php?dir=spot_summary&file=spot_summary_2023.csv
2023-12-25,jepx-top8avg-system,jp,14.294999999999998,https://www.jepx.jp/_download.php?dir=spot_summary&file=spot_summary_2023.csv
2023-12-26,jepx-top8avg-system,jp,13.341249999999999,https://www.jepx.jp/_download.php?dir=spot_summary&file=spot_summary_2023.csv
2023-12-27,jepx-top8avg-system,jp,14.07,https://www.jepx.jp/_download.php?dir=spot_summary&file=spot_summary_2023.csv
2023-12-28,jepx-top8avg-system,jp,14.469999999999999,https://www.jepx.jp/_download.php?dir=spot_summary&file=spot_summary_2023.csv
2023-12-29,jepx-top8avg-system,jp,13.568750000000001,https://www.jepx.jp/_download.php?dir=spot_summary&file=spot_summary_2023.csv
2023-12-30,jepx-top8avg-system,jp,11.8825,https://www.jepx.jp/_download.php?dir=spot_summary&file=spot_summary_2023.csv
2023-12-31,jepx-top8avg-system,jp,11.40625,https://www.jepx.jp/_download.php?dir=spot_summary&file=spot_summary_2023.csv
2024-01-01,jepx-top8avg-system,jp,11.8475,https://www.jepx.jp/_download.php?dir=spot_summary&file=spot_summary_2023.csv
2024-01-02,jepx-top8avg-system,jp,11.4525,https://www.jepx.jp/_download.php?dir=spot_summary&file=spot_summary_2023.csv
2024-01-03,jepx-top8avg-system,jp,11.68125,https://www.jepx.jp/_download.php?dir=spot_summary&file=spot_summary_2023.csv
2024-01-04,jepx-top8avg-system,jp,11.32125,https://www.jepx.jp/_download.php?dir=spot_summary&file=spot_summary_2023.csv
2024-01-05,jepx-top8avg-system,jp,11.838750000000001,https://www.jepx.jp/_download.php?dir=spot_summary&file=spot_summary_2023.csv
2024-01-06,jepx-top8avg-system,jp,11.27125,https://www.jepx.jp/_download.php?dir=spot_summary&file=spot_summary_2023.csv
2024-01-07,jepx-top8avg-system,jp,11.7625,https://www.jepx.jp/_download.php?dir=spot_summary&file=spot_summary_2023.csv
2024-01-08,jepx-top8avg-system,jp,13.29875,https://www.jepx.jp/_download.php?dir=spot_summary&file=spot_summary_2023.csv
2024-01-09,jepx-top8avg-system,jp,13.557500000000001,https://www.jepx.jp/_download.php?dir=spot_summary&file=spot_summary_2023.csv
2024-01-10,jepx-top8avg-system,jp,13.86125,https://www.jepx.jp/_download.php?dir=spot_summary&file=spot_summary_2023.csv
2024-01-11,jepx-top8avg-system,jp,15.282499999999999,https://www.jepx.jp/_download.php?dir=spot_summary&file=spot_summary_2023.csv
2024-01-12,jepx-top8avg-system,jp,12.10875,https://www.jepx.jp/_download.php?dir=spot_summary&file=spot_summary_2023.csv
2024-01-13,jepx-top8avg-system,jp,13.09,https://www.jepx.jp/_download.php?dir=spot_summary&file=spot_summary_2023.csv
2024-01-14,jepx-top8avg-system,jp,11.9775,https://www.jepx.jp/_download.php?dir=spot_summary&file=spot_summary_2023.csv
2024-01-15,jepx-top8avg-system,jp,13.38375,https://www.jepx.jp/_download.php?dir=spot_summary&file=spot_summary_2023.csv
2024-01-16,jepx-top8avg-system,jp,16.16875,https://www.jepx.jp/_download.php?dir=spot_summary&file=spot_summary_2023.csv
2024-01-17,jepx-top8avg-system,jp,15.129999999999999,https://www.jepx.jp/_download.php?dir=spot_summary&file=spot_summary_2023.csv
2024-01-18,jepx-top8avg-system,jp,15.12875,https://www.jepx.jp/_download.php?dir=spot_summary&file=spot_summary_2023.csv
2024-01-19,jepx-top8avg-system,jp,11.67375,https://www.jepx.jp/_download.php?dir=spot_summary&file=spot_summary_2023.csv
2024-01-20,jepx-top8avg-system,jp,10.881250000000001,https://www.jepx.jp/_download.php?dir=spot_summary&file=spot_summary_2023.csv
2024-01-21,jepx-top8avg-system,jp,9.99625,https://www.jepx.jp/_download.php?dir=spot_summary&file=spot_summary_2023.csv
2024-01-22,jepx-top8avg-system,jp,11.3175,https://www.jepx.jp/_download.php?dir=spot_summary&file=spot_summary_2023.csv
2024-01-23,jepx-top8avg-system,jp,14.876249999999999,https://www.jepx.jp/_download.php?dir=spot_summary&file=spot_summary_2023.csv
2024-01-24,jepx-top8avg-system,jp,16.855000000000004,https://www.jepx.jp/_download.php?dir=spot_summary&file=spot_summary_2023.csv
2024-01-25,jepx-top8avg-system,jp,17.48,https://www.jepx.jp/_download.php?dir=spot_summary&file=spot_summary_2023.csv
2024-01-26,jepx-top8avg-system,jp,14.61125,https://www.jepx.jp/_download.php?dir=spot_summary&file=spot_summary_2023.csv
2024-01-27,jepx-top8avg-system,jp,12.24,https://www.jepx.jp/_download.php?dir=spot_summary&file=spot_summary_2023.csv
2024-01-28,jepx-top8avg-system,jp,11.017499999999998,https://www.jepx.jp/_download.php?dir=spot_summary&file=spot_summary_2023.csv
2024-01-29,jepx-top8avg-system,jp,11.988750000000001,https://www.jepx.jp/_download.php?dir=spot_summary&file=spot_summary_2023.csv
2024-01-30,jepx-top8avg-system,jp,11.00125,https://www.jepx.jp/_download.php?dir=spot_summary&file=spot_summary_2023.csv
2024-01-31,jepx-top8avg-system,jp,11.876249999999999,https://www.jepx.jp/_download.php?dir=spot_summary&file=spot_summary_2023.csv
2024-02-01,jepx-top8avg-system,jp,10.52125,https://www.jepx.jp/_download.php?dir=spot_summary&file=spot_summary_2023.csv
2024-02-02,jepx-top8avg-system,jp,12.35125,https://www.jepx.jp/_download.php?dir=spot_summary&file=spot_summary_2023.csv
2024-02-03,jepx-top8avg-system,jp,10.65,https://www.jepx.jp/_download.php?dir=spot_summary&file=spot_summary_2023.csv
2024-02-04,jepx-top8avg-system,jp,11.153749999999999,https://www.jepx.jp/_download.php?dir=spot_summary&file=spot_summary_2023.csv
2024-02-05,jepx-top8avg-system,jp,16.08,https://www.jepx.jp/_download.php?dir=spot_summary&file=spot_summary_2023.csv
2024-02-06,jepx-top8avg-system,jp,18.1975,https://www.jepx.jp/_download.php?dir=spot_summary&file=spot_summary_2023.csv
2024-02-07,jepx-top8avg-system,jp,14.32,https://www.jepx.jp/_download.php?dir=spot_summary&file=spot_summary_2023.csv
2024-02-08,jepx-top8avg-system,jp,12.16,https://www.jepx.jp/_download.php?dir=spot_summary&file=spot_summary_2023.csv
2024-02-09,jepx-top8avg-system,jp,12.076249999999998,https://www.jepx.jp/_download.php?dir=spot_summary&file=spot_summary_2023.csv
2024-02-10,jepx-top8avg-system,jp,11.21625,https://www.jepx.jp/_download.php?dir=spot_summary&file=spot_summary_2023.csv
2024-02-11,jepx-top8avg-system,jp,11.302499999999998,https://www.jepx.jp/_download.php?dir=spot_summary&file=spot_summary_2023.csv
2024-02-12,jepx-top8avg-system,jp,11.127500000000001,https://www.jepx.jp/_download.php?dir=spot_summary&file=spot_summary_2023.csv
2024-02-13,jepx-top8avg-system,jp,10.17625,https://www.jepx.jp/_download.php?dir=spot_summary&file=spot_summary_2023.csv
2024-02-14,jepx-top8avg-system,jp,9.315,https://www.jepx.jp/_download.php?dir=spot_summary&file=spot_summary_2023.csv
2024-02-15,jepx-top8avg-system,jp,10.20875,https://www.jepx.jp/_download.php?dir=spot_summary&file=spot_summary_2023.csv
2024-02-16,jepx-top8avg-system,jp,13.096250000000001,https://www.jepx.jp/_download.php?dir=spot_summary&file=spot_summary_2023.csv
2024-02-17,jepx-top8avg-system,jp,13.81125,https://www.jepx.jp/_download.php?dir=spot_summary&file=spot_summary_2023.csv
2024-02-18,jepx-top8avg-system,jp,9.5575,https://www.jepx.jp/_download.php?dir=spot_summary&file=spot_summary_2023.csv
2024-02-19,jepx-top8avg-system,jp,9.5,https://www.jepx.jp/_download.php?dir=spot_summary&file=spot_summary_2023.csv
2024-02-20,jepx-top8avg-system,jp,9.43625,https://www.jepx.jp/_download.php?dir=spot_summary&file=spot_summary_2023.csv
2024-02-21,jepx-top8avg-system,jp,11.18875,https://www.jepx.jp/_download.php?dir=spot_summary&file=spot_summary_2023.csv
2024-02-22,jepx-top8avg-system,jp,11.916250000000002,https://www.jepx.jp/_download.php?dir=spot_summary&file=spot_summary_2023.csv
2024-02-23,jepx-top8avg-system,jp,11.623750000000001,https://www.jepx.jp/_download.php?dir=spot_summary&file=spot_summary_2023.csv
2024-02-24,jepx-top8avg-system,jp,11.969999999999999,https://www.jepx.jp/_download.php?dir=spot_summary&file=spot_summary_2023.csv
2024-02-25,jepx-top8avg-system,jp,12.1325,https://www.jepx.jp/_download.php?dir=spot_summary&file=spot_summary_2023.csv
2024-02-26,jepx-top8avg-system,jp,11.803749999999999,https://www.jepx.jp/_download.php?dir=spot_summary&file=spot_summary_2023.csv
2024-02-27,jepx-top8avg-system,jp,12.95375,https://www.jepx.jp/_download.php?dir=spot_summary&file=spot_summary_2023.csv
2024-02-28,jepx-top8avg-system,jp,12.217500000000001,https://www.jepx.jp/_download.php?dir=spot_summary&file=spot_summary_2023.csv
2024-02-29,jepx-top8avg-system,jp,12.506250000000001,https://www.jepx.jp/_download.php?dir=spot_summary&file=spot_summary_2023.csv
2024-03-01,jepx-top8avg-system,jp,14.311250000000001,https://www.jepx.jp/_download.php?dir=spot_summary&file=spot_summary_2023.csv
2024-03-02,jepx-top8avg-system,jp,15.075,https://www.jepx.jp/_download.php?dir=spot_summary&file=spot_summary_2023.csv
2024-03-03,jepx-top8avg-system,jp,13.010000000000002,https://www.jepx.jp/_download.php?dir=spot_summary&file=spot_summary_2023.csv
2024-03-04,jepx-top8avg-system,jp,12.765,https://www.jepx.jp/_download.php?dir=spot_summary&file=spot_summary_2023.csv
2024-03-05,jepx-top8avg-system,jp,16.015,https://www.jepx.jp/_download.php?dir=spot_summary&file=spot_summary_2023.csv
2024-03-06,jepx-top8avg-system,jp,16.52,https://www.jepx.jp/_download.php?dir=spot_summary&file=spot_summary_2023.csv
2024-03-07,jepx-top8avg-system,jp,18.195,https://www.jepx.jp/_download.php?dir=spot_summary&file=spot_summary_2023.csv
2024-03-08,jepx-top8avg-system,jp,16.99,https://www.jepx.jp/_download.php?dir=spot_summary&file=spot_summary_2023.csv
2024-03-09,jepx-top8avg-system,jp,15.42,https://www.jepx.jp/_download.php?dir=spot_summary&file=spot_summary_2023.csv
2024-03-10,jepx-top8avg-system,jp,15.498750000000001,https://www.jepx.jp/_download.php?dir=spot_summary&file=spot_summary_2023.csv
2024-03-11,jepx-top8avg-system,jp,16.16375,https://www.jepx.jp/_download.php?dir=spot_summary&file=spot_summary_2023.csv
2024-03-12,jepx-top8avg-system,jp,17.002499999999998,https://www.jepx.jp/_download.php?dir=spot_summary&file=spot_summary_2023.csv
2024-03-13,jepx-top8avg-system,jp,15.579999999999998,https://www.jepx.jp/_download.php?dir=spot_summary&file=spot_summary_2023.csv
2024-03-14,jepx-top8avg-system,jp,15.427500000000002,https://www.jepx.jp/_download.php?dir=spot_summary&file=spot_summary_2023.csv
2024-03-15,jepx-top8avg-system,jp,14.71,https://www.jepx.jp/_download.php?dir=spot_summary&file=spot_summary_2023.csv
2024-03-16,jepx-top8avg-system,jp,12.13125,https://www.jepx.jp/_download.php?dir=spot_summary&file=spot_summary_2023.csv
2024-03-17,jepx-top8avg-system,jp,12.49625,https://www.jepx.jp/_download.php?dir=spot_summary&file=spot_summary_2023.csv
2024-03-18,jepx-top8avg-system,jp,15.70625,https://www.jepx.jp/_download.php?dir=spot_summary&file=spot_summary_2023.csv
2024-03-19,jepx-top8avg-system,jp,16.56,https://www.jepx.jp/_download.php?dir=spot_summary&file=spot_summary_2023.csv
2024-03-20,jepx-top8avg-system,jp,16.160000000000004,https://www.jepx.jp/_download.php?dir=spot_summary&file=spot_summary_2023.csv
2024-03-21,jepx-top8avg-system,jp,26.419999999999998,https://www.jepx.jp/_download.php?dir=spot_summary&file=spot_summary_2023.csv
2024-03-22,jepx-top8avg-system,jp,16.81,https://www.jepx.jp/_download.php?dir=spot_summary&file=spot_summary_2023.csv
2024-03-23,jepx-top8avg-system,jp,15.334999999999999,https://www.jepx.jp/_download.php?dir=spot_summary&file=spot_summary_2023.csv
2024-03-24,jepx-top8avg-system,jp,14.70375,https://www.jepx.jp/_download.php?dir=spot_summary&file=spot_summary_2023.csv
2024-03-25,jepx-top8avg-system,jp,16.352500000000003,https://www.jepx.jp/_download.php?dir=spot_summary&file=spot_summary_2023.csv
2024-03-26,jepx-top8avg-system,jp,20.80625,https://www.jepx.jp/_download.php?dir=spot_summary&file=spot_summary_2023.csv
2024-03-27,jepx-top8avg-system,jp,17.35,https://www.jepx.jp/_download.php?dir=spot_summary&file=spot_summary_2023.csv
2024-03-28,jepx-top8avg-system,jp,16.07125,https://www.jepx.jp/_download.php?dir=spot_summary&file=spot_summary_2023.csv
2024-03-29,jepx-top8avg-system,jp,12.305,https://www.jepx.jp/_download.php?dir=spot_summary&file=spot_summary_2023.csv
2024-03-30,jepx-top8avg-system,jp,11.66875,https://www.jepx.jp/_download.php?dir=spot_summary&file=spot_summary_2023.csv
2024-03-31,jepx-top8avg-system,jp,11.93375,https://www.jepx.jp/_download.php?dir=spot_summary&file=spot_summary_2023.csv
2024-04-01,jepx-top8avg-system,jp,12.95375,https://www.jepx.jp/_download.php?dir=spot_summary&file=spot_summary_2024.csv
2024-04-02,jepx-top8avg-system,jp,13.41375,https://www.jepx.jp/_download.php?dir=spot_summary&file=spot_summary_2024.csv
2024-04-03,jepx-top8avg-system,jp,15.9175,https://www.jepx.jp/_download.php?dir=spot_summary&file=spot_summary_2024.csv
2024-04-04,jepx-top8avg-system,jp,12.92875,https://www.jepx.jp/_download.php?dir=spot_summary&file=spot_summary_2024.csv
2024-04-05,jepx-top8avg-system,jp,13.73,https://www.jepx.jp/_download.php?dir=spot_summary&file=spot_summary_2024.csv
2024-04-06,jepx-top8avg-system,jp,12.875,https://www.jepx.jp/_download.php?dir=spot_summary&file=spot_summary_2024.csv
2024-04-07,jepx-top8avg-system,jp,12.57875,https://www.jepx.jp/_download.php?dir=spot_summary&file=spot_summary_2024.csv
2024-04-08,jepx-top8avg-system,jp,13.75875,https://www.jepx.jp/_download.php?dir=spot_summary&file=spot_summary_2024.csv
2024-04-09,jepx-top8avg-system,jp,15.28,https://www.jepx.jp/_download.php?dir=spot_summary&file=spot_summary_2024.csv
2024-04-10,jepx-top8avg-system,jp,15.3075,https://www.jepx.jp/_download.php?dir=spot_summary&file=spot_summary_2024.csv
2024-04-11,jepx-top8avg-system,jp,16.06125,https://www.jepx.jp/_download.php?dir=spot_summary&file=spot_summary_2024.csv
2024-04-12,jepx-top8avg-system,jp,13.3875,https://www.jepx.jp/_download.php?dir=spot_summary&file=spot_summary_2024.csv
2024-04-13,jepx-top8avg-system,jp,12.165,https://www.jepx.jp/_download.php?dir=spot_summary&file=spot_summary_2024.csv
2024-04-14,jepx-top8avg-system,jp,11.07625,https://www.jepx.jp/_download.php?dir=spot_summary&file=spot_summary_2024.csv
2024-04-15,jepx-top8avg-system,jp,12.965,https://www.jepx.jp/_download.php?dir=spot_summary&file=spot_summary_2024.csv
2024-04-16,jepx-top8avg-system,jp,14.34375,https://www.jepx.jp/_download.php?dir=spot_summary&file=spot_summary_2024.csv
2024-04-17,jepx-top8avg-system,jp,12.82125,https://www.jepx.jp/_download.php?dir=spot_summary&file=spot_summary_2024.csv
2024-04-18,jepx-top8avg-system,jp,12.07,https://www.jepx.jp/_download.php?dir=spot_summary&file=spot_summary_2024.csv
2024-04-19,jepx-top8avg-system,jp,11.258750000000001,https://www.jepx.jp/_download.php?dir=spot_summary&file=spot_summary_2024.csv
2024-04-20,jepx-top8avg-system,jp,11.11625,https://www.jepx.jp/_download.php?dir=spot_summary&file=spot_summary_2024.csv
2024-04-21,jepx-top8avg-system,jp,11.61375,https://www.jepx.jp/_download.php?dir=spot_summary&file=spot_summary_2024.csv
2024-04-22,jepx-top8avg-system,jp,14.161249999999999,https://www.jepx.jp/_download.php?dir=spot_summary&file=spot_summary_2024.csv
2024-04-23,jepx-top8avg-system,jp,14.186250000000001,https://www.jepx.jp/_download.php?dir=spot_summary&file=spot_summary_2024.csv
2024-04-24,jepx-top8avg-system,jp,15.51,https://www.jepx.jp/_download.php?dir=spot_summary&file=spot_summary_2024.csv
2024-04-25,jepx-top8avg-system,jp,13.70125,https://www.jepx.jp/_download.php?dir=spot_summary&file=spot_summary_2024.csv
2024-04-26,jepx-top8avg-system,jp,13.14125,https://www.jepx.jp/_download.php?dir=spot_summary&file=spot_summary_2024.csv
2024-04-27,jepx-top8avg-system,jp,15.213750000000001,https://www.jepx.jp/_download.php?dir=spot_summary&file=spot_summary_2024.csv
2024-04-28,jepx-top8avg-system,jp,11.809999999999999,https://www.jepx.jp/_download.php?dir=spot_summary&file=spot_summary_2024.csv
2024-04-29,jepx-top8avg-system,jp,12.010000000000002,https://www.jepx.jp/_download.php?dir=spot_summary&file=spot_summary_2024.csv
2024-04-30,jepx-top8avg-system,jp,14.041250000000002,https://www.jepx.jp/_download.php?dir=spot_summary&file=spot_summary_2024.csv
2024-05-01,jepx-top8avg-system,jp,13.752500000000001,https://www.jepx.jp/_download.php?dir=spot_summary&file=spot_summary_2024.csv
2024-05-02,jepx-top8avg-system,jp,14.42125,https://www.jepx.jp/_download.php?dir=spot_summary&file=spot_summary_2024.csv
2024-05-03,jepx-top8avg-system,jp,12.2775,https://www.jepx.jp/_download.php?dir=spot_summary&file=spot_summary_2024.csv
2024-05-04,jepx-top8avg-system,jp,11.657499999999999,https://www.jepx.jp/_download.php?dir=spot_summary&file=spot_summary_2024.csv
2024-05-05,jepx-top8avg-system,jp,11.387500000000001,https://www.jepx.jp/_download.php?dir=spot_summary&file=spot_summary_2024.csv
2024-05-06,jepx-top8avg-system,jp,13.005,https://www.jepx.jp/_download.php?dir=spot_summary&file=spot_summary_2024.csv
2024-05-07,jepx-top8avg-system,jp,15.268749999999999,https://www.jepx.jp/_download.php?dir=spot_summary&file=spot_summary_2024.csv
2024-05-08,jepx-top8avg-system,jp,13.7375,https://www.jepx.jp/_download.php?dir=spot_summary&file=spot_summary_2024.csv
2024-05-09,jepx-top8avg-system,jp,14.15625,https://www.jepx.jp/_download.php?dir=spot_summary&file=spot_summary_2024.csv
2024-05-10,jepx-top8avg-system,jp,13.248750000000001,https://www.jepx.jp/_download.php?dir=spot_summary&file=spot_summary_2024.csv
2024-05-11,jepx-top8avg-system,jp,13.765,https://www.jepx.jp/_download.php?dir=spot_summary&file=spot_summary_2024.csv
2024-05-12,jepx-top8avg-system,jp,13.7725,https://www.jepx.jp/_download.php?dir=spot_summary&file=spot_summary_2024.csv
2024-05-13,jepx-top8avg-system,jp,16.715000000000003,https://www.jepx.jp/_download.php?dir=spot_summary&file=spot_summary_2024.csv
2024-05-14,jepx-top8avg-system,jp,15.485,https://www.jepx.jp/_download.php?dir=spot_summary&file=spot_summary_2024.csv
2024-05-15,jepx-top8avg-system,jp,14.6875,https://www.jepx.jp/_download.php?dir=spot_summary&file=spot_summary_2024.csv
2024-05-16,jepx-top8avg-system,jp,14.17375,https://www.jepx.jp/_download.php?dir=spot_summary&file=spot_summary_2024.csv
2024-05-17,jepx-top8avg-system,jp,14.92125,https://www.jepx.jp/_download.php?dir=spot_summary&file=spot_summary_2024.csv
2024-05-18,jepx-top8avg-system,jp,12.126249999999999,https://www.jepx.jp/_download.php?dir=spot_summary&file=spot_summary_2024.csv
2024-05-19,jepx-top8avg-system,jp,11.72625,https://www.jepx.jp/_download.php?dir=spot_summary&file=spot_summary_2024.csv
2024-05-20,jepx-top8avg-system,jp,15.813749999999999,https://www.jepx.jp/_download.php?dir=spot_summary&file=spot_summary_2024.csv
2024-05-21,jepx-top8avg-system,jp,16.1,https://www.jepx.jp/_download.php?dir=spot_summary&file=spot_summary_2024.csv
2024-05-22,jepx-top8avg-system,jp,15.712499999999999,https://www.jepx.jp/_download.php?dir=spot_summary&file=spot_summary_2024.csv
2024-05-23,jepx-top8avg-system,jp,17.5825,https://www.jepx.jp/_download.php?dir=spot_summary&file=spot_summary_2024.csv
2024-05-24,jepx-top8avg-system,jp,16.79,https://www.jepx.jp/_download.php?dir=spot_summary&file=spot_summary_2024.csv
2024-05-25,jepx-top8avg-system,jp,11.9625,https://www.jepx.jp/_download.php?dir=spot_summary&file=spot_summary_2024.csv
2024-05-26,jepx-top8avg-system,jp,12.5775,https://www.jepx.jp/_download.php?dir=spot_summary&file=spot_summary_2024.csv
2024-05-27,jepx-top8avg-system,jp,17.86125,https://www.jepx.jp/_download.php?dir=spot_summary&file=spot_summary_2024.csv
2024-05-28,jepx-top8avg-system,jp,20.09,https://www.jepx.jp/_download.php?dir=spot_summary&file=spot_summary_2024.csv
2024-05-29,jepx-top8avg-system,jp,13.145,https://www.jepx.jp/_download.php?dir=spot_summary&file=spot_summary_2024.csv
2024-05-30,jepx-top8avg-system,jp,14.51125,https://www.jepx.jp/_download.php?dir=spot_summary&file=spot_summary_2024.csv
2024-05-31,jepx-top8avg-system,jp,12.311250000000001,https://www.jepx.jp/_download.php?dir=spot_summary&file=spot_summary_2024.csv
2024-06-01,jepx-top8avg-system,jp,12.03125,https://www.jepx.jp/_download.php?dir=spot_summary&file=spot_summary_2024.csv
2024-06-02,jepx-top8avg-system,jp,11.92625,https://www.jepx.jp/_download.php?dir=spot_summary&file=spot_summary_2024.csv
2024-06-03,jepx-top8avg-system,jp,13.0175,https://www.jepx.jp/_download.php?dir=spot_summary&file=spot_summary_2024.csv
2024-06-04,jepx-top8avg-system,jp,12.98,https://www.jepx.jp/_download.php?dir=spot_summary&file=spot_summary_2024.csv
2024-06-05,jepx-top8avg-system,jp,13.175,https://www.jepx.jp/_download.php?dir=spot_summary&file=spot_summary_2024.csv
2024-06-06,jepx-top8avg-system,jp,13.26875,https://www.jepx.jp/_download.php?dir=spot_summary&file=spot_summary_2024.csv
2024-06-07,jepx-top8avg-system,jp,12.91875,https://www.jepx.jp/_download.php?dir=spot_summary&file=spot_summary_2024.csv
2024-06-08,jepx-top8avg-system,jp,12.295,https://www.jepx.jp/_download.php?dir=spot_summary&file=spot_summary_2024.csv
2024-06-09,jepx-top8avg-system,jp,12.22125,https://www.jepx.jp/_download.php?dir=spot_summary&file=spot_summary_2024.csv
2024-06-10,jepx-top8avg-system,jp,14.26625,https://www.jepx.jp/_download.php?dir=spot_summary&file=spot_summary_2024.csv
2024-06-11,jepx-top8avg-system,jp,16.47625,https://www.jepx.jp/_download.php?dir=spot_summary&file=spot_summary_2024.csv
2024-06-12,jepx-top8avg-system,jp,16.965,https://www.jepx.jp/_download.php?dir=spot_summary&file=spot_summary_2024.csv
2024-06-13,jepx-top8avg-system,jp,20.415,https://www.jepx.jp/_download.php?dir=spot_summary&file=spot_summary_2024.csv
2024-06-14,jepx-top8avg-system,jp,20.89125,https://www.jepx.jp/_download.php?dir=spot_summary&file=spot_summary_2024.csv
2024-06-15,jepx-top8avg-system,jp,15.5425,https://www.jepx.jp/_download.php?dir=spot_summary&file=spot_summary_2024.csv
2024-06-16,jepx-top8avg-system,jp,16.67625,https://www.jepx.jp/_download.php?dir=spot_summary&file=spot_summary_2024.csv
2024-06-17,jepx-top8avg-system,jp,20.685,https://www.jepx.jp/_download.php?dir=spot_summary&file=spot_summary_2024.csv
2024-06-18,jepx-top8avg-system,jp,17.863750000000003,https://www.jepx.jp/_download.php?dir=spot_summary&file=spot_summary_2024.csv
2024-06-19,jepx-top8avg-system,jp,19.4825,https://www.jepx.jp/_download.php?dir=spot_summary&file=spot_summary_2024.csv
2024-06-20,jepx-top8avg-system,jp,17.23625,https://www.jepx.jp/_download.php?dir=spot_summary&file=spot_summary_2024.csv
2024-06-21,jepx-top8avg-system,jp,13.74,https://www.jepx.jp/_download.php?dir=spot_summary&file=spot_summary_2024.csv
2024-06-22,jepx-top8avg-system,jp,12.735,https://www.jepx.jp/_download.php?dir=spot_summary&file=spot_summary_2024.csv
2024-06-23,jepx-top8avg-system,jp,15.005,https://www.jepx.jp/_download.php?dir=spot_summary&file=spot_summary_2024.csv
2024-06-24,jepx-top8avg-system,jp,18.2975,https://www.jepx.jp/_download.php?dir=spot_summary&file=spot_summary_2024.csv
2024-06-25,jepx-top8avg-system,jp,17.53,https://www.jepx.jp/_download.php?dir=spot_summary&file=spot_summary_2024.csv
2024-06-26,jepx-top8avg-system,jp,13.348749999999999,https://www.jepx.jp/_download.php?dir=spot_summary&file=spot_summary_2024.csv
2024-06-27,jepx-top8avg-system,jp,13.2375,https://www.jepx.jp/_download.php?dir=spot_summary&file=spot_summary_2024.csv
2024-06-28,jepx-top8avg-system,jp,12.9525,https://www.jepx.jp/_download.php?dir=spot_summary&file=spot_summary_2024.csv
2024-06-29,jepx-top8avg-system,jp,11.85375,https://www.jepx.jp/_download.php?dir=spot_summary&file=spot_summary_2024.csv
2024-06-30,jepx-top8avg-system,jp,11.65125,https://www.jepx.jp/_download.php?dir=spot_summary&file=spot_summary_2024.csv
2024-07-01,jepx-top8avg-system,jp,16.1125,https://www.jepx.jp/_download.php?dir=spot_summary&file=spot_summary_2024.csv
2024-07-02,jepx-top8avg-system,jp,14.23375,https://www.jepx.jp/_download.php?dir=spot_summary&file=spot_summary_2024.csv
2024-07-03,jepx-top8avg-system,jp,18.17375,https://www.jepx.jp/_download.php?dir=spot_summary&file=spot_summary_2024.csv
2024-07-04,jepx-top8avg-system,jp,20.908749999999998,https://www.jepx.jp/_download.php?dir=spot_summary&file=spot_summary_2024.csv
2024-07-05,jepx-top8avg-system,jp,20.95125,https://www.jepx.jp/_download.php?dir=spot_summary&file=spot_summary_2024.csv
2024-07-06,jepx-top8avg-system,jp,15.5225,https://www.jepx.jp/_download.php?dir=spot_summary&file=spot_summary_2024.csv
2024-07-07,jepx-top8avg-system,jp,19.555,https://www.jepx.jp/_download.php?dir=spot_summary&file=spot_summary_2024.csv
2024-07-08,jepx-top8avg-system,jp,24.67375,https://www.jepx.jp/_download.php?dir=spot_summary&file=spot_summary_2024.csv
2024-07-09,jepx-top8avg-system,jp,28.5,https://www.jepx.jp/_download.php?dir=spot_summary&file=spot_summary_2024.csv
2024-07-10,jepx-top8avg-system,jp,30.0,https://www.jepx.jp/_download.php?dir=spot_summary&file=spot_summary_2024.csv
2024-07-11,jepx-top8avg-system,jp,19.64,https://www.jepx.jp/_download.php?dir=spot_summary&file=spot_summary_2024.csv
2024-07-12,jepx-top8avg-system,jp,14.76375,https://www.jepx.jp/_download.php?dir=spot_summary&file=spot_summary_2024.csv
2024-07-13,jepx-top8avg-system,jp,13.5175,https://www.jepx.jp/_download.php?dir=spot_summary&file=spot_summary_2024.csv
2024-07-14,jepx-top8avg-system,jp,12.805,https://www.jepx.jp/_download.php?dir=spot_summary&file=spot_summary_2024.csv
2024-07-15,jepx-top8avg-system,jp,14.05875,https://www.jepx.jp/_download.php?dir=spot_summary&file=spot_summary_2024.csv
2024-07-16,jepx-top8avg-system,jp,13.18375,https://www.jepx.jp/_download.php?dir=spot_summary&file=spot_summary_2024.csv
2024-07-17,jepx-top8avg-system,jp,14.89875,https://www.jepx.jp/_download.php?dir=spot_summary&file=spot_summary_2024.csv
2024-07-18,jepx-top8avg-system,jp,19.622500000000002,https://www.jepx.jp/_download.php?dir=spot_summary&file=spot_summary_2024.csv
2024-07-19,jepx-top8avg-system,jp,21.41,https://www.jepx.jp/_download.php?dir=spot_summary&file=spot_summary_2024.csv
2024-07-20,jepx-top8avg-system,jp,17.4225,https://www.jepx.jp/_download.php?dir=spot_summary&file=spot_summary_2024.csv
2024-07-21,jepx-top8avg-system,jp,20.17,https://www.jepx.jp/_download.php?dir=spot_summary&file=spot_summary_2024.csv
2024-07-22,jepx-top8avg-system,jp,29.16,https://www.jepx.jp/_download.php?dir=spot_summary&file=spot_summary_2024.csv
2024-07-23,jepx-top8avg-system,jp,29.21,https://www.jepx.jp/_download.php?dir=spot_summary&file=spot_summary_2024.csv
2024-07-24,jepx-top8avg-system,jp,24.4225,https://www.jepx.jp/_download.php?dir=spot_summary&file=spot_summary_2024.csv
2024-07-25,jepx-top8avg-system,jp,21.89875,https://www.jepx.jp/_download.php?dir=spot_summary&file=spot_summary_2024.csv
2024-07-26,jepx-top8avg-system,jp,21.81875,https://www.jepx.jp/_download.php?dir=spot_summary&file=spot_summary_2024.csv
2024-07-27,jepx-top8avg-system,jp,20.41875,https://www.jepx.jp/_download.php?dir=spot_summary&file=spot_summary_2024.csv
2024-07-28,jepx-top8avg-system,jp,22.06125,https://www.jepx.jp/_download.php?dir=spot_summary&file=spot_summary_2024.csv
2024-07-29,jepx-top8avg-system,jp,26.6375,https://www.jepx.jp/_download.php?dir=spot_summary&file=spot_summary_2024.csv
2024-07-30,jepx-top8avg-system,jp,28.1825,https://www.jepx.jp/_download.php?dir=spot_summary&file=spot_summary_2024.csv
2024-07-31,jepx-top8avg-system,jp,26.1825,https://www.jepx.jp/_download.php?dir=spot_summary&file=spot_summary_2024.csv
2024-08-01,jepx-top8avg-system,jp,26.04,https://www.jepx.jp/_download.php?dir=spot_summary&file=spot_summary_2024.csv
2024-08-02,jepx-top8avg-system,jp,21.197499999999998,https://www.jepx.jp/_download.php?dir=spot_summary&file=spot_summary_2024.csv
2024-08-03,jepx-top8avg-system,jp,17.645,https://www.jepx.jp/_download.php?dir=spot_summary&file=spot_summary_2024.csv
2024-08-04,jepx-top8avg-system,jp,18.1325,https://www.jepx.jp/_download.php?dir=spot_summary&file=spot_summary_2024.csv
2024-08-05,jepx-top8avg-system,jp,21.0175,https://www.jepx.jp/_download.php?dir=spot_summary&file=spot_summary_2024.csv
2024-08-06,jepx-top8avg-system,jp,21.113749999999996,https://www.jepx.jp/_download.php?dir=spot_summary&file=spot_summary_2024.csv
2024-08-07,jepx-top8avg-system,jp,19.07375,https://www.jepx.jp/_download.php?dir=spot_summary&file=spot_summary_2024.csv
2024-08-08,jepx-top8avg-system,jp,21.158749999999998,https://www.jepx.jp/_download.php?dir=spot_summary&file=spot_summary_2024.csv
2024-08-09,jepx-top8avg-system,jp,20.94,https://www.jepx.jp/_download.php?dir=spot_summary&file=spot_summary_2024.csv
2024-08-10,jepx-top8avg-system,jp,18.471249999999998,https://www.jepx.jp/_download.php?dir=spot_summary&file=spot_summary_2024.csv
2024-08-11,jepx-top8avg-system,jp,19.335,https://www.jepx.jp/_download.php?dir=spot_summary&file=spot_summary_2024.csv
2024-08-12,jepx-top8avg-system,jp,18.26625,https://www.jepx.jp/_download.php?dir=spot_summary&file=spot_summary_2024.csv
2024-08-13,jepx-top8avg-system,jp,17.74625,https://www.jepx.jp/_download.php?dir=spot_summary&file=spot_summary_2024.csv
2024-08-14,jepx-top8avg-system,jp,16.48375,https://www.jepx.jp/_download.php?dir=spot_summary&file=spot_summary_2024.csv
2024-08-15,jepx-top8avg-system,jp,16.8375,https://www.jepx.jp/_download.php?dir=spot_summary&file=spot_summary_2024.csv
2024-08-16,jepx-top8avg-system,jp,17.5475,https://www.jepx.jp/_download.php?dir=spot_summary&file=spot_summary_2024.csv
2024-08-17,jepx-top8avg-system,jp,20.001250000000002,https://www.jepx.jp/_download.php?dir=spot_summary&file=spot_summary_2024.csv
2024-08-18,jepx-top8avg-system,jp,20.4125,https://www.jepx.jp/_download.php?dir=spot_summary&file=spot_summary_2024.csv
2024-08-19,jepx-top8avg-system,jp,20.901249999999997,https://www.jepx.jp/_download.php?dir=spot_summary&file=spot_summary_2024.csv
2024-08-20,jepx-top8avg-system,jp,21.0,https://www.jepx.jp/_download.php?dir=spot_summary&file=spot_summary_2024.csv
2024-08-21,jepx-top8avg-system,jp,20.74875,https://www.jepx.jp/_download.php?dir=spot_summary&file=spot_summary_2024.csv
2024-08-22,jepx-top8avg-system,jp,19.65875,https://www.jepx.jp/_download.php?dir=spot_summary&file=spot_summary_2024.csv
2024-08-23,jepx-top8avg-system,jp,20.84125,https://www.jepx.jp/_download.php?dir=spot_summary&file=spot_summary_2024.csv
2024-08-24,jepx-top8avg-system,jp,18.39125,https://www.jepx.jp/_download.php?dir=spot_summary&file=spot_summary_2024.csv
2024-08-25,jepx-top8avg-system,jp,15.13625,https://www.jepx.jp/_download.php?dir=spot_summary&file=spot_summary_2024.csv
2024-08-26,jepx-top8avg-system,jp,20.771250000000002,https://www.jepx.jp/_download.php?dir=spot_summary&file=spot_summary_2024.csv
2024-08-27,jepx-top8avg-system,jp,21.036250000000003,https://www.jepx.jp/_download.php?dir=spot_summary&file=spot_summary_2024.csv
2024-08-28,jepx-top8avg-system,jp,21.3525,https://www.jepx.jp/_download.php?dir=spot_summary&file=spot_summary_2024.csv
2024-08-29,jepx-top8avg-system,jp,20.81875,https://www.jepx.jp/_download.php?dir=spot_summary&file=spot_summary_2024.csv
2024-08-30,jepx-top8avg-system,jp,31.43375,https://www.jepx.jp/_download.php?dir=spot_summary&file=spot_summary_2024.csv
2024-08-31,jepx-top8avg-system,jp,16.03125,https://www.jepx.jp/_download.php?dir=spot_summary&file=spot_summary_2024.csv
2024-09-01,jepx-top8avg-system,jp,18.12375,https://www.jepx.jp/_download.php?dir=spot_summary&file=spot_summary_2024.csv
2024-09-02,jepx-top8avg-system,jp,20.27875,https://www.jepx.jp/_download.php?dir=spot_summary&file=spot_summary_2024.csv
2024-09-03,jepx-top8avg-system,jp,18.47,https://www.jepx.jp/_download.php?dir=spot_summary&file=spot_summary_2024.csv
2024-09-04,jepx-top8avg-system,jp,17.4675,https://www.jepx.jp/_download.php?dir=spot_summary&file=spot_summary_2024.csv
2024-09-05,jepx-top8avg-system,jp,18.43625,https://www.jepx.jp/_download.php?dir=spot_summary&file=spot_summary_2024.csv
2024-09-06,jepx-top8avg-system,jp,19.153750000000002,https://www.jepx.jp/_download.php?dir=spot_summary&file=spot_summary_2024.csv
2024-09-07,jepx-top8avg-system,jp,14.965,https://www.jepx.jp/_download.php?dir=spot_summary&file=spot_summary_2024.csv
2024-09-08,jepx-top8avg-system,jp,15.36375,https://www.jepx.jp/_download.php?dir=spot_summary&file=spot_summary_2024.csv
2024-09-09,jepx-top8avg-system,jp,26.47125,https://www.jepx.jp/_download.php?dir=spot_summary&file=spot_summary_2024.csv
2024-09-10,jepx-top8avg-system,jp,26.021250000000002,https://www.jepx.jp/_download.php?dir=spot_summary&file=spot_summary_2024.csv
2024-09-11,jepx-top8avg-system,jp,29.19125,https://www.jepx.jp/_download.php?dir=spot_summary&file=spot_summary_2024.csv
2024-09-12,jepx-top8avg-system,jp,23.877499999999998,https://www.jepx.jp/_download.php?dir=spot_summary&file=spot_summary_2024.csv
2024-09-13,jepx-top8avg-system,jp,25.4,https://www.jepx.jp/_download.php?dir=spot_summary&file=spot_summary_2024.csv
2024-09-14,jepx-top8avg-system,jp,20.43,https://www.jepx.jp/_download.php?dir=spot_summary&file=spot_summary_2024.csv
2024-09-15,jepx-top8avg-system,jp,17.29375,https://www.jepx.jp/_download.php?dir=spot_summary&file=spot_summary_2024.csv
2024-09-16,jepx-top8avg-system,jp,20.09375,https://www.jepx.jp/_download.php?dir=spot_summary&file=spot_summary_2024.csv
2024-09-17,jepx-top8avg-system,jp,32.43,https://www.jepx.jp/_download.php?dir=spot_summary&file=spot_summary_2024.csv
2024-09-18,jepx-top8avg-system,jp,32.49625,https://www.jepx.jp/_download.php?dir=spot_summary&file=spot_summary_2024.csv
2024-09-19,jepx-top8avg-system,jp,32.75,https://www.jepx.jp/_download.php?dir=spot_summary&file=spot_summary_2024.csv
2024-09-20,jepx-top8avg-system,jp,33.255,https://www.jepx.jp/_download.php?dir=spot_summary&file=spot_summary_2024.csv
2024-09-21,jepx-top8avg-system,jp,20.75625,https://www.jepx.jp/_download.php?dir=spot_summary&file=spot_summary_2024.csv
2024-09-22,jepx-top8avg-system,jp,15.6875,https://www.jepx.jp/_download.php?dir=spot_summary&file=spot_summary_2024.csv
2024-09-23,jepx-top8avg-system,jp,13.52375,https://www.jepx.jp/_download.php?dir=spot_summary&file=spot_summary_2024.csv
2024-09-24,jepx-top8avg-system,jp,17.057499999999997,https://www.jepx.jp/_download.php?dir=spot_summary&file=spot_summary_2024.csv
2024-09-25,jepx-top8avg-system,jp,14.6025,https://www.jepx.jp/_download.php?dir=spot_summary&file=spot_summary_2024.csv
2024-09-26,jepx-top8avg-system,jp,17.977500000000003,https://www.jepx.jp/_download.php?dir=spot_summary&file=spot_summary_2024.csv
2024-09-27,jepx-top8avg-system,jp,17.43875,https://www.jepx.jp/_download.php?dir=spot_summary&file=spot_summary_2024.csv
2024-09-28,jepx-top8avg-system,jp,13.12875,https://www.jepx.jp/_download.php?dir=spot_summary&file=spot_summary_2024.csv
2024-09-29,jepx-top8avg-system,jp,12.1325,https://www.jepx.jp/_download.php?dir=spot_summary&file=spot_summary_2024.csv
2024-09-30,jepx-top8avg-system,jp,16.285000000000004,https://www.jepx.jp/_download.php?dir=spot_summary&file=spot_summary_2024.csv
2024-10-01,jepx-top8avg-system,jp,20.1075,https://www.jepx.jp/_download.php?dir=spot_summary&file=spot_summary_2024.csv
2024-10-02,jepx-top8avg-system,jp,20.331249999999997,https://www.jepx.jp/_download.php?dir=spot_summary&file=spot_summary_2024.csv
2024-10-03,jepx-top8avg-system,jp,20.387500000000003,https://www.jepx.jp/_download.php?dir=spot_summary&file=spot_summary_2024.csv
2024-10-04,jepx-top8avg-system,jp,20.6725,https://www.jepx.jp/_download.php?dir=spot_summary&file=spot_summary_2024.csv
2024-10-05,jepx-top8avg-system,jp,13.7875,https://www.jepx.jp/_download.php?dir=spot_summary&file=spot_summary_2024.csv
2024-10-06,jepx-top8avg-system,jp,15.945,https://www.jepx.jp/_download.php?dir=spot_summary&file=spot_summary_2024.csv
2024-10-07,jepx-top8avg-system,jp,20.621250000000003,https://www.jepx.jp/_download.php?dir=spot_summary&file=spot_summary_2024.csv
2024-10-08,jepx-top8avg-system,jp,18.340000000000003,https://www.jepx.jp/_download.php?dir=spot_summary&file=spot_summary_2024.csv
2024-10-09,jepx-top8avg-system,jp,16.93125,https://www.jepx.jp/_download.php?dir=spot_summary&file=spot_summary_2024.csv
2024-10-10,jepx-top8avg-system,jp,16.3575,https://www.jepx.jp/_download.php?dir=spot_summary&file=spot_summary_2024.csv
2024-10-11,jepx-top8avg-system,jp,17.205,https://www.jepx.jp/_download.php?dir=spot_summary&file=spot_summary_2024.csv
2024-10-12,jepx-top8avg-system,jp,12.445,https://www.jepx.jp/_download.php?dir=spot_summary&file=spot_summary_2024.csv
2024-10-13,jepx-top8avg-system,jp,12.85375,https://www.jepx.jp/_download.php?dir=spot_summary&file=spot_summary_2024.csv
2024-10-14,jepx-top8avg-system,jp,14.462499999999999,https://www.jepx.jp/_download.php?dir=spot_summary&file=spot_summary_2024.csv
2024-10-15,jepx-top8avg-system,jp,19.80625,https://www.jepx.jp/_download.php?dir=spot_summary&file=spot_summary_2024.csv
2024-10-16,jepx-top8avg-system,jp,20.63,https://www.jepx.jp/_download.php?dir=spot_summary&file=spot_summary_2024.csv
2024-10-17,jepx-top8avg-system,jp,24.61125,https://www.jepx.jp/_download.php?dir=spot_summary&file=spot_summary_2024.csv
2024-10-18,jepx-top8avg-system,jp,23.597499999999997,https://www.jepx.jp/_download.php?dir=spot_summary&file=spot_summary_2024.csv
2024-10-19,jepx-top8avg-system,jp,17.490000000000002,https://www.jepx.jp/_download.php?dir=spot_summary&file=spot_summary_2024.csv
2024-10-20,jepx-top8avg-system,jp,13.74625,https://www.jepx.jp/_download.php?dir=spot_summary&file=spot_summary_2024.csv
2024-10-21,jepx-top8avg-system,jp,18.158749999999998,https://www.jepx.jp/_download.php?dir=spot_summary&file=spot_summary_2024.csv
2024-10-22,jepx-top8avg-system,jp,18.385,https://www.jepx.jp/_download.php?dir=spot_summary&file=spot_summary_2024.csv
2024-10-23,jepx-top8avg-system,jp,20.04125,https://www.jepx.jp/_download.php?dir=spot_summary&file=spot_summary_2024.csv
2024-10-24,jepx-top8avg-system,jp,18.69125,https://www.jepx.jp/_download.php?dir=spot_summary&file=spot_summary_2024.csv
2024-10-25,jepx-top8avg-system,jp,18.627499999999998,https://www.jepx.jp/_download.php?dir=spot_summary&file=spot_summary_2024.csv
2024-10-26,jepx-top8avg-system,jp,14.473749999999999,https://www.jepx.jp/_download.php?dir=spot_summary&file=spot_summary_2024.csv
2024-10-27,jepx-top8avg-system,jp,12.9575,https://www.jepx.jp/_download.php?dir=spot_summary&file=spot_summary_2024.csv
2024-10-28,jepx-top8avg-system,jp,18.225,https://www.jepx.jp/_download.php?dir=spot_summary&file=spot_summary_2024.csv
2024-10-29,jepx-top8avg-system,jp,19.1175,https://www.jepx.jp/_download.php?dir=spot_summary&file=spot_summary_2024.csv
2024-10-30,jepx-top8avg-system,jp,15.68125,https://www.jepx.jp/_download.php?dir=spot_summary&file=spot_summary_2024.csv
2024-10-31,jepx-top8avg-system,jp,14.41375,https://www.jepx.jp/_download.php?dir=spot_summary&file=spot_summary_2024.csv
2024-11-01,jepx-top8avg-system,jp,15.45,https://www.jepx.jp/_download.php?dir=spot_summary&file=spot_summary_2024.csv
2024-11-02,jepx-top8avg-system,jp,12.97875,https://www.jepx.jp/_download.php?dir=spot_summary&file=spot_summary_2024.csv
2024-11-03,jepx-top8avg-system,jp,12.85625,https://www.jepx.jp/_download.php?dir=spot_summary&file=spot_summary_2024.csv
2024-11-04,jepx-top8avg-system,jp,14.065,https://www.jepx.jp/_download.php?dir=spot_summary&file=spot_summary_2024.csv
2024-11-05,jepx-top8avg-system,jp,16.58625,https://www.jepx.jp/_download.php?dir=spot_summary&file=spot_summary_2024.csv
2024-11-06,jepx-top8avg-system,jp,16.94375,https://www.jepx.jp/_download.php?dir=spot_summary&file=spot_summary_2024.csv
2024-11-07,jepx-top8avg-system,jp,17.128750000000004,https://www.jepx.jp/_download.php?dir=spot_summary&file=spot_summary_2024.csv
2024-11-08,jepx-top8avg-system,jp,16.993750000000002,https://www.jepx.jp/_download.php?dir=spot_summary&file=spot_summary_2024.csv
2024-11-09,jepx-top8avg-system,jp,14.3275,https://www.jepx.jp/_download.php?dir=spot_summary&file=spot_summary_2024.csv
2024-11-10,jepx-top8avg-system,jp,13.013749999999998,https://www.jepx.jp/_download.php?dir=spot_summary&file=spot_summary_2024.csv
2024-11-11,jepx-top8avg-system,jp,16.5825,https://www.jepx.jp/_download.php?dir=spot_summary&file=spot_summary_2024.csv
2024-11-12,jepx-top8avg-system,jp,16.325,https://www.jepx.jp/_download.php?dir=spot_summary&file=spot_summary_2024.csv
2024-11-13,jepx-top8avg-system,jp,15.778750000000002,https://www.jepx.jp/_download.php?dir=spot_summary&file=spot_summary_2024.csv
2024-11-14,jepx-top8avg-system,jp,17.369999999999997,https://www.jepx.jp/_download.php?dir=spot_summary&file=spot_summary_2024.csv
2024-11-15,jepx-top8avg-system,jp,18.197499999999998,https://www.jepx.jp/_download.php?dir=spot_summary&file=spot_summary_2024.csv
2024-11-16,jepx-top8avg-system,jp,13.829999999999998,https://www.jepx.jp/_download.php?dir=spot_summary&file=spot_summary_2024.csv
2024-11-17,jepx-top8avg-system,jp,13.286249999999999,https://www.jepx.jp/_download.php?dir=spot_summary&file=spot_summary_2024.csv
2024-11-18,jepx-top8avg-system,jp,18.853749999999998,https://www.jepx.jp/_download.php?dir=spot_summary&file=spot_summary_2024.csv
2024-11-19,jepx-top8avg-system,jp,20.80625,https://www.jepx.jp/_download.php?dir=spot_summary&file=spot_summary_2024.csv
2024-11-20,jepx-top8avg-system,jp,20.88,https://www.jepx.jp/_download.php?dir=spot_summary&file=spot_summary_2024.csv
2024-11-21,jepx-top8avg-system,jp,21.240000000000002,https://www.jepx.jp/_download.php?dir=spot_summary&file=spot_summary_2024.csv
2024-11-22,jepx-top8avg-system,jp,17.5975,https://www.jepx.jp/_download.php?dir=spot_summary&file=spot_summary_2024.csv
2024-11-23,jepx-top8avg-system,jp,17.07125,https://www.jepx.jp/_download.php?dir=spot_summary&file=spot_summary_2024.csv
2024-11-24,jepx-top8avg-system,jp,16.23,https://www.jepx.jp/_download.php?dir=spot_summary&file=spot_summary_2024.csv
2024-11-25,jepx-top8avg-system,jp,21.01,https://www.jepx.jp/_download.php?dir=spot_summary&file=spot_summary_2024.csv
2024-11-26,jepx-top8avg-system,jp,20.665000000000003,https://www.jepx.jp/_download.php?dir=spot_summary&file=spot_summary_2024.csv
2024-11-27,jepx-top8avg-system,jp,17.96625,https://www.jepx.jp/_download.php?dir=spot_summary&file=spot_summary_2024.csv
2024-11-28,jepx-top8avg-system,jp,18.37125,https://www.jepx.jp/_download.php?dir=spot_summary&file=spot_summary_2024.csv
2024-11-29,jepx-top8avg-system,jp,14.440000000000001,https://www.jepx.jp/_download.php?dir=spot_summary&file=spot_summary_2024.csv
2024-11-30,jepx-top8avg-system,jp,12.955,https://www.jepx.jp/_download.php?dir=spot_summary&file=spot_summary_2024.csv
2024-12-01,jepx-top8avg-system,jp,14.451250000000002,https://www.jepx.jp/_download.php?dir=spot_summary&file=spot_summary_2024.csv
2024-12-02,jepx-top8avg-system,jp,15.686250000000001,https://www.jepx.jp/_download.php?dir=spot_summary&file=spot_summary_2024.csv
2024-12-03,jepx-top8avg-system,jp,15.13625,https://www.jepx.jp/_download.php?dir=spot_summary&file=spot_summary_2024.csv
2024-12-04,jepx-top8avg-system,jp,15.74,https://www.jepx.jp/_download.php?dir=spot_summary&file=spot_summary_2024.csv
2024-12-05,jepx-top8avg-system,jp,16.708750000000002,https://www.jepx.jp/_download.php?dir=spot_summary&file=spot_summary_2024.csv
2024-12-06,jepx-top8avg-system,jp,16.41625,https://www.jepx.jp/_download.php?dir=spot_summary&file=spot_summary_2024.csv
2024-12-07,jepx-top8avg-system,jp,12.93125,https://www.jepx.jp/_download.php?dir=spot_summary&file=spot_summary_2024.csv
2024-12-08,jepx-top8avg-system,jp,14.09375,https://www.jepx.jp/_download.php?dir=spot_summary&file=spot_summary_2024.csv
2024-12-09,jepx-top8avg-system,jp,16.4525,https://www.jepx.jp/_download.php?dir=spot_summary&file=spot_summary_2024.csv
2024-12-10,jepx-top8avg-system,jp,16.067500000000003,https://www.jepx.jp/_download.php?dir=spot_summary&file=spot_summary_2024.csv
2024-12-11,jepx-top8avg-system,jp,17.92875,https://www.jepx.jp/_download.php?dir=spot_summary&file=spot_summary_2024.csv
2024-12-12,jepx-top8avg-system,jp,18.064999999999998,https://www.jepx.jp/_download.php?dir=spot_summary&file=spot_summary_2024.csv
2024-12-13,jepx-top8avg-system,jp,18.21125,https://www.jepx.jp/_download.php?dir=spot_summary&file=spot_summary_2024.csv
2024-12-14,jepx-top8avg-system,jp,16.193749999999998,https://www.jepx.jp/_download.php?dir=spot_summary&file=spot_summary_2024.csv
2024-12-15,jepx-top8avg-system,jp,15.563749999999999,https://www.jepx.jp/_download.php?dir=spot_summary&file=spot_summary_2024.csv
2024-12-16,jepx-top8avg-system,jp,15.877500000000001,https://www.jepx.jp/_download.php?dir=spot_summary&file=spot_summary_2024.csv
2024-12-17,jepx-top8avg-system,jp,16.310000000000002,https://www.jepx.jp/_download.php?dir=spot_summary&file=spot_summary_2024.csv
2024-12-18,jepx-top8avg-system,jp,17.098750000000003,https://www.jepx.jp/_download.php?dir=spot_summary&file=spot_summary_2024.csv
2024-12-19,jepx-top8avg-system,jp,21.5475,https://www.jepx.jp/_download.php?dir=spot_summary&file=spot_summary_2024.csv
2024-12-20,jepx-top8avg-system,jp,18.65625,https://www.jepx.jp/_download.php?dir=spot_summary&file=spot_summary_2024.csv
2024-12-21,jepx-top8avg-system,jp,14.1325,https://www.jepx.jp/_download.php?dir=spot_summary&file=spot_summary_2024.csv
2024-12-22,jepx-top8avg-system,jp,17.83125,https://www.jepx.jp/_download.php?dir=spot_summary&file=spot_summary_2024.csv
2024-12-23,jepx-top8avg-system,jp,18.57,https://www.jepx.jp/_download.php?dir=spot_summary&file=spot_summary_2024.csv
2024-12-24,jepx-top8avg-system,jp,18.56,https://www.jepx.jp/_download.php?dir=spot_summary&file=spot_summary_2024.csv
2024-12-25,jepx-top8avg-system,jp,18.7375,https://www.jepx.jp/_download.php?dir=spot_summary&file=spot_summary_2024.csv
2024-12-26,jepx-top8avg-system,jp,16.24875,https://www.jepx.jp/_download.php?dir=spot_summary&file=spot_summary_2024.csv
2024-12-27,jepx-top8avg-system,jp,13.1175,https://www.jepx.jp/_download.php?dir=spot_summary&file=spot_summary_2024.csv
2024-12-28,jepx-top8avg-system,jp,14.60625,https://www.jepx.jp/_download.php?dir=spot_summary&file=spot_summary_2024.csv
2024-12-29,jepx-top8avg-system,jp,14.067499999999999,https://www.jepx.jp/_download.php?dir=spot_summary&file=spot_summary_2024.csv
2024-12-30,jepx-top8avg-system,jp,13.704999999999998,https://www.jepx.jp/_download.php?dir=spot_summary&file=spot_summary_2024.csv
2024-12-31,jepx-top8avg-system,jp,12.5925,https://www.jepx.jp/_download.php?dir=spot_summary&file=spot_summary_2024.csv
2025-01-01,jepx-top8avg-system,jp,13.28875,https://www.jepx.jp/_download.php?dir=spot_summary&file=spot_summary_2024.csv
2025-01-02,jepx-top8avg-system,jp,13.08625,https://www.jepx.jp/_download.php?dir=spot_summary&file=spot_summary_2024.csv
2025-01-03,jepx-top8avg-system,jp,12.754999999999999,https://www.jepx.jp/_download.php?dir=spot_summary&file=spot_summary_2024.csv
2025-01-04,jepx-top8avg-system,jp,13.945,https://www.jepx.jp/_download.php?dir=spot_summary&file=spot_summary_2024.csv
2025-01-05,jepx-top8avg-system,jp,14.48875,https://www.jepx.jp/_download.php?dir=spot_summary&file=spot_summary_2024.csv
2025-01-06,jepx-top8avg-system,jp,17.7675,https://www.jepx.jp/_download.php?dir=spot_summary&file=spot_summary_2024.csv
2025-01-07,jepx-top8avg-system,jp,16.6575,https://www.jepx.jp/_download.php?dir=spot_summary&file=spot_summary_2024.csv
2025-01-08,jepx-top8avg-system,jp,17.3925,https://www.jepx.jp/_download.php?dir=spot_summary&file=spot_summary_2024.csv
2025-01-09,jepx-top8avg-system,jp,21.5575,https://www.jepx.jp/_download.php?dir=spot_summary&file=spot_summary_2024.csv
2025-01-10,jepx-top8avg-system,jp,20.415,https://www.jepx.jp/_download.php?dir=spot_summary&file=spot_summary_2024.csv
2025-01-11,jepx-top8avg-system,jp,16.776249999999997,https://www.jepx.jp/_download.php?dir=spot_summary&file=spot_summary_2024.csv
2025-01-12,jepx-top8avg-system,jp,16.4275,https://www.jepx.jp/_download.php?dir=spot_summary&file=spot_summary_2024.csv
2025-01-13,jepx-top8avg-system,jp,16.77625,https://www.jepx.jp/_download.php?dir=spot_summary&file=spot_summary_2024.csv
2025-01-14,jepx-top8avg-system,jp,16.1525,https://www.jepx.jp/_download.php?dir=spot_summary&file=spot_summary_2024.csv
2025-01-15,jepx-top8avg-system,jp,16.818749999999998,https://www.jepx.jp/_download.php?dir=spot_summary&file=spot_summary_2024.csv
2025-01-16,jepx-top8avg-system,jp,19.331249999999997,https://www.jepx.jp/_download.php?dir=spot_summary&file=spot_summary_2024.csv
2025-01-17,jepx-top8avg-system,jp,18.7725,https://www.jepx.jp/_download.php?dir=spot_summary&file=spot_summary_2024.csv
2025-01-18,jepx-top8avg-system,jp,15.64625,https://www.jepx.jp/_download.php?dir=spot_summary&file=spot_summary_2024.csv
2025-01-19,jepx-top8avg-system,jp,14.03625,https://www.jepx.jp/_download.php?dir=spot_summary&file=spot_summary_2024.csv
2025-01-20,jepx-top8avg-system,jp,15.78875,https://www.jepx.jp/_download.php?dir=spot_summary&file=spot_summary_2024.csv
2025-01-21,jepx-top8avg-system,jp,15.0225,https://www.jepx.jp/_download.php?dir=spot_summary&file=spot_summary_2024.csv
2025-01-22,jepx-top8avg-system,jp,14.785,https://www.jepx.jp/_download.php?dir=spot_summary&file=spot_summary_2024.csv
2025-01-23,jepx-top8avg-system,jp,14.3275,https://www.jepx.jp/_download.php?dir=spot_summary&file=spot_summary_2024.csv
2025-01-24,jepx-top8avg-system,jp,13.202499999999999,https://www.jepx.jp/_download.php?dir=spot_summary&file=spot_summary_2024.csv
2025-01-25,jepx-top8avg-system,jp,13.407499999999999,https://www.jepx.jp/_download.php?dir=spot_summary&file=spot_summary_2024.csv
2025-01-26,jepx-top8avg-system,jp,13.098749999999999,https://www.jepx.jp/_download.php?dir=spot_summary&file=spot_summary_2024.csv
2025-01-27,jepx-top8avg-system,jp,15.040000000000001,https://www.jepx.jp/_download.php?dir=spot_summary&file=spot_summary_2024.csv
2025-01-28,jepx-top8avg-system,jp,14.535,https://www.jepx.jp/_download.php?dir=spot_summary&file=spot_summary_2024.csv
2025-01-29,jepx-top8avg-system,jp,15.305,https://www.jepx.jp/_download.php?dir=spot_summary&file=spot_summary_2024.csv
2025-01-30,jepx-top8avg-system,jp,16.75375,https://www.jepx.jp/_download.php?dir=spot_summary&file=spot_summary_2024.csv
2025-01-31,jepx-top8avg-system,jp,16.79,https://www.jepx.jp/_download.php?dir=spot_summary&file=spot_summary_2024.csv
2025-02-01,jepx-top8avg-system,jp,14.385000000000002,https://www.jepx.jp/_download.php?dir=spot_summary&file=spot_summary_2024.csv
2025-02-02,jepx-top8avg-system,jp,14.05625,https://www.jepx.jp/_download.php?dir=spot_summary&file=spot_summary_2024.csv
2025-02-03,jepx-top8avg-system,jp,14.82625,https://www.jepx.jp/_download.php?dir=spot_summary&file=spot_summary_2024.csv
2025-02-04,jepx-top8avg-system,jp,18.4525,https://www.jepx.jp/_download.php?dir=spot_summary&file=spot_summary_2024.csv
2025-02-05,jepx-top8avg-system,jp,21.369999999999997,https://www.jepx.jp/_download.php?dir=spot_summary&file=spot_summary_2024.csv
2025-02-06,jepx-top8avg-system,jp,21.48125,https://www.jepx.jp/_download.php?dir=spot_summary&file=spot_summary_2024.csv
2025-02-07,jepx-top8avg-system,jp,20.61875,https://www.jepx.jp/_download.php?dir=spot_summary&file=spot_summary_2024.csv
2025-02-08,jepx-top8avg-system,jp,19.51625,https://www.jepx.jp/_download.php?dir=spot_summary&file=spot_summary_2024.csv
2025-02-09,jepx-top8avg-system,jp,16.5625,https://www.jepx.jp/_download.php?dir=spot_summary&file=spot_summary_2024.csv
2025-02-10,jepx-top8avg-system,jp,20.055,https://www.jepx.jp/_download.php?dir=spot_summary&file=spot_summary_2024.csv
2025-02-11,jepx-top8avg-system,jp,18.791249999999998,https://www.jepx.jp/_download.php?dir=spot_summary&file=spot_summary_2024.csv
2025-02-12,jepx-top8avg-system,jp,20.02625,https://www.jepx.jp/_download.php?dir=spot_summary&file=spot_summary_2024.csv
2025-02-13,jepx-top8avg-system,jp,19.244999999999997,https://www.jepx.jp/_download.php?dir=spot_summary&file=spot_summary_2024.csv
2025-02-14,jepx-top8avg-system,jp,15.89875,https://www.jepx.jp/_download.php?dir=spot_summary&file=spot_summary_2024.csv
2025-02-15,jepx-top8avg-system,jp,15.7725,https://www.jepx.jp/_download.php?dir=spot_summary&file=spot_summary_2024.csv
2025-02-16,jepx-top8avg-system,jp,14.35875,https://www.jepx.jp/_download.php?dir=spot_summary&file=spot_summary_2024.csv
2025-02-17,jepx-top8avg-system,jp,17.81125,https://www.jepx.jp/_download.php?dir=spot_summary&file=spot_summary_2024.csv
2025-02-18,jepx-top8avg-system,jp,20.161250000000003,https://www.jepx.jp/_download.php?dir=spot_summary&file=spot_summary_2024.csv
2025-02-19,jepx-top8avg-system,jp,22.488750000000003,https://www.jepx.jp/_download.php?dir=spot_summary&file=spot_summary_2024.csv
2025-02-20,jepx-top8avg-system,jp,21.159999999999997,https://www.jepx.jp/_download.php?dir=spot_summary&file=spot_summary_2024.csv
2025-02-21,jepx-top8avg-system,jp,20.415,https://www.jepx.jp/_download.php?dir=spot_summary&file=spot_summary_2024.csv
2025-02-22,jepx-top8avg-system,jp,21.38875,https://www.jepx.jp/_download.php?dir=spot_summary&file=spot_summary_2024.csv
2025-02-23,jepx-top8avg-system,jp,18.82125,https://www.jepx.jp/_download.php?dir=spot_summary&file=spot_summary_2024.csv
2025-02-24,jepx-top8avg-system,jp,20.439999999999998,https://www.jepx.jp/_download.php?dir=spot_summary&file=spot_summary_2024.csv
2025-02-25,jepx-top8avg-system,jp,19.233749999999997,https://www.jepx.jp/_download.php?dir=spot_summary&file=spot_summary_2024.csv
2025-02-26,jepx-top8avg-system,jp,15.283750000000001,https://www.jepx.jp/_download.php?dir=spot_summary&file=spot_summary_2024.csv
2025-02-27,jepx-top8avg-system,jp,15.465,https://www.jepx.jp/_download.php?dir=spot_summary&file=spot_summary_2024.csv
2025-02-28,jepx-top8avg-system,jp,14.2125,https://www.jepx.jp/_download.php?dir=spot_summary&file=spot_summary_2024.csv
2025-03-01,jepx-top8avg-system,jp,13.27,https://www.jepx.jp/_download.php?dir=spot_summary&file=spot_summary_2024.csv
2025-03-02,jepx-top8avg-system,jp,14.307500000000001,https://www.jepx.jp/_download.php?dir=spot_summary&file=spot_summary_2024.csv
2025-03-03,jepx-top8avg-system,jp,21.60625,https://www.jepx.jp/_download.php?dir=spot_summary&file=spot_summary_2024.csv
2025-03-04,jepx-top8avg-system,jp,28.60875,https://www.jepx.jp/_download.php?dir=spot_summary&file=spot_summary_2024.csv
2025-03-05,jepx-top8avg-system,jp,22.2125,https://www.jepx.jp/_download.php?dir=spot_summary&file=spot_summary_2024.csv
2025-03-06,jepx-top8avg-system,jp,21.27,https://www.jepx.jp/_download.php?dir=spot_summary&file=spot_summary_2024.csv
2025-03-07,jepx-top8avg-system,jp,21.09625,https://www.jepx.jp/_download.php?dir=spot_summary&file=spot_summary_2024.csv
2025-03-08,jepx-top8avg-system,jp,17.161250000000003,https://www.jepx.jp/_download.php?dir=spot_summary&file=spot_summary_2024.csv
2025-03-09,jepx-top8avg-system,jp,15.427499999999998,https://www.jepx.jp/_download.php?dir=spot_summary&file=spot_summary_2024.csv
2025-03-10,jepx-top8avg-system,jp,17.195,https://www.jepx.jp/_download.php?dir=spot_summary&file=spot_summary_2024.csv
2025-03-11,jepx-top8avg-system,jp,16.8475,https://www.jepx.jp/_download.php?dir=spot_summary&file=spot_summary_2024.csv
2025-03-12,jepx-top8avg-system,jp,15.13625,https://www.jepx.jp/_download.php?dir=spot_summary&file=spot_summary_2024.csv
2025-03-13,jepx-top8avg-system,jp,12.91,https://www.jepx.jp/_download.php?dir=spot_summary&file=spot_summary_2024.csv
2025-03-14,jepx-top8avg-system,jp,13.9925,https://www.jepx.jp/_download.php?dir=spot_summary&file=spot_summary_2024.csv
2025-03-15,jepx-top8avg-system,jp,13.584999999999999,https://www.jepx.jp/_download.php?dir=spot_summary&file=spot_summary_2024.csv
2025-03-16,jepx-top8avg-system,jp,14.9325,https://www.jepx.jp/_download.php?dir=spot_summary&file=spot_summary_2024.csv
2025-03-17,jepx-top8avg-system,jp,20.16125,https://www.jepx.jp/_download.php?dir=spot_summary&file=spot_summary_2024.csv
2025-03-18,jepx-top8avg-system,jp,20.0875,https://www.jepx.jp/_download.php?dir=spot_summary&file=spot_summary_2024.csv
2025-03-19,jepx-top8avg-system,jp,20.3675,https://www.jepx.jp/_download.php?dir=spot_summary&file=spot_summary_2024.csv
2025-03-20,jepx-top8avg-system,jp,18.0375,https://www.jepx.jp/_download.php?dir=spot_summary&file=spot_summary_2024.csv
2025-03-21,jepx-top8avg-system,jp,12.8025,https://www.jepx.jp/_download.php?dir=spot_summary&file=spot_summary_2024.csv
2025-03-22,jepx-top8avg-system,jp,11.958749999999998,https://www.jepx.jp/_download.php?dir=spot_summary&file=spot_summary_2024.csv
2025-03-23,jepx-top8avg-system,jp,10.45,https://www.jepx.jp/_download.php?dir=spot_summary&file=spot_summary_2024.csv
2025-03-24,jepx-top8avg-system,jp,12.4075,https://www.jepx.jp/_download.php?dir=spot_summary&file=spot_summary_2024.csv
2025-03-25,jepx-top8avg-system,jp,9.8625,https://www.jepx.jp/_download.php?dir=spot_summary&file=spot_summary_2024.csv
2025-03-26,jepx-top8avg-system,jp,11.231250000000001,https://www.jepx.jp/_download.php?dir=spot_summary&file=spot_summary_2024.csv
2025-03-27,jepx-top8avg-system,jp,11.54625,https://www.jepx.jp/_download.php?dir=spot_summary&file=spot_summary_2024.csv
2025-03-28,jepx-top8avg-system,jp,10.1975,https://www.jepx.jp/_download.php?dir=spot_summary&file=spot_summary_2024.csv
2025-03-29,jepx-top8avg-system,jp,11.87125,https://www.jepx.jp/_download.php?dir=spot_summary&file=spot_summary_2024.csv
2025-03-30,jepx-top8avg-system,jp,12.13125,https://www.jepx.jp/_download.php?dir=spot_summary&file=spot_summary_2024.csv
2025-03-31,jepx-top8avg-system,jp,14.8375,https://www.jepx.jp/_download.php?dir=spot_summary&file=spot_summary_2024.csv
2025-04-01,jepx-top8avg-system,jp,17.353749999999998,https://www.jepx.jp/_download.php?dir=spot_summary&file=spot_summary_2025.csv
2025-04-02,jepx-top8avg-system,jp,14.697500000000002,https://www.jepx.jp/_download.php?dir=spot_summary&file=spot_summary_2025.csv
2025-04-03,jepx-top8avg-system,jp,17.558750000000003,https://www.jepx.jp/_download.php?dir=spot_summary&file=spot_summary_2025.csv
2025-04-04,jepx-top8avg-system,jp,15.352500000000001,https://www.jepx.jp/_download.php?dir=spot_summary&file=spot_summary_2025.csv
2025-04-05,jepx-top8avg-system,jp,12.96125,https://www.jepx.jp/_download.php?dir=spot_summary&file=spot_summary_2025.csv
2025-04-06,jepx-top8avg-system,jp,12.77875,https://www.jepx.jp/_download.php?dir=spot_summary&file=spot_summary_2025.csv
2025-04-07,jepx-top8avg-system,jp,13.9175,https://www.jepx.jp/_download.php?dir=spot_summary&file=spot_summary_2025.csv
2025-04-08,jepx-top8avg-system,jp,13.34625,https://www.jepx.jp/_download.php?dir=spot_summary&file=spot_summary_2025.csv
2025-04-09,jepx-top8avg-system,jp,13.99375,https://www.jepx.jp/_download.php?dir=spot_summary&file=spot_summary_2025.csv
2025-04-10,jepx-top8avg-system,jp,14.653749999999999,https://www.jepx.jp/_download.php?dir=spot_summary&file=spot_summary_2025.csv
2025-04-11,jepx-top8avg-system,jp,13.8225,https://www.jepx.jp/_download.php?dir=spot_summary&file=spot_summary_2025.csv
2025-04-12,jepx-top8avg-system,jp,12.84625,https://www.jepx.jp/_download.php?dir=spot_summary&file=spot_summary_2025.csv
2025-04-13,jepx-top8avg-system,jp,12.03375,https://www.jepx.jp/_download.php?dir=spot_summary&file=spot_summary_2025.csv
2025-04-14,jepx-top8avg-system,jp,13.835,https://www.jepx.jp/_download.php?dir=spot_summary&file=spot_summary_2025.csv
2025-04-15,jepx-top8avg-system,jp,14.966249999999999,https://www.jepx.jp/_download.php?dir=spot_summary&file=spot_summary_2025.csv
2025-04-16,jepx-top8avg-system,jp,13.235,https://www.jepx.jp/_download.php?dir=spot_summary&file=spot_summary_2025.csv
2025-04-17,jepx-top8avg-system,jp,11.99125,https://www.jepx.jp/_download.php?dir=spot_summary&file=spot_summary_2025.csv
2025-04-18,jepx-top8avg-system,jp,12.03875,https://www.jepx.jp/_download.php?dir=spot_summary&file=spot_summary_2025.csv
2025-04-19,jepx-top8avg-system,jp,11.05,https://www.jepx.jp/_download.php?dir=spot_summary&file=spot_summary_2025.csv
2025-04-20,jepx-top8avg-system,jp,10.84125,https://www.jepx.jp/_download.php?dir=spot_summary&file=spot_summary_2025.csv
2025-04-21,jepx-top8avg-system,jp,13.58625,https://www.jepx.jp/_download.php?dir=spot_summary&file=spot_summary_2025.csv
2025-04-22,jepx-top8avg-system,jp,13.998750000000001,https://www.jepx.jp/_download.php?dir=spot_summary&file=spot_summary_2025.csv
2025-04-23,jepx-top8avg-system,jp,16.071250000000003,https://www.jepx.jp/_download.php?dir=spot_summary&file=spot_summary_2025.csv
2025-04-24,jepx-top8avg-system,jp,12.4425,https://www.jepx.jp/_download.php?dir=spot_summary&file=spot_summary_2025.csv
2025-04-25,jepx-top8avg-system,jp,12.60625,https://www.jepx.jp/_download.php?dir=spot_summary&file=spot_summary_2025.csv
2025-04-26,jepx-top8avg-system,jp,11.50125,https://www.jepx.jp/_download.php?dir=spot_summary&file=spot_summary_2025.csv
2025-04-27,jepx-top8avg-system,jp,12.765,https://www.jepx.jp/_download.php?dir=spot_summary&file=spot_summary_2025.csv
2025-04-28,jepx-top8avg-system,jp,13.858749999999999,https://www.jepx.jp/_download.php?dir=spot_summary&file=spot_summary_2025.csv
2025-04-29,jepx-top8avg-system,jp,13.55375,https://www.jepx.jp/_download.php?dir=spot_summary&file=spot_summary_2025.csv
2025-04-30,jepx-top8avg-system,jp,13.0925,https://www.jepx.jp/_download.php?dir=spot_summary&file=spot_summary_2025.csv
2025-05-01,jepx-top8avg-system,jp,14.53125,https://www.jepx.jp/_download.php?dir=spot_summary&file=spot_summary_2025.csv
2025-05-02,jepx-top8avg-system,jp,14.045,https://www.jepx.jp/_download.php?dir=spot_summary&file=spot_summary_2025.csv
2025-05-03,jepx-top8avg-system,jp,13.62875,https://www.jepx.jp/_download.php?dir=spot_summary&file=spot_summary_2025.csv
2025-05-04,jepx-top8avg-system,jp,12.65,https://www.jepx.jp/_download.php?dir=spot_summary&file=spot_summary_2025.csv
2025-05-05,jepx-top8avg-system,jp,11.68375,https://www.jepx.jp/_download.php?dir=spot_summary&file=spot_summary_2025.csv
2025-05-06,jepx-top8avg-system,jp,15.23875,https://www.jepx.jp/_download.php?dir=spot_summary&file=spot_summary_2025.csv
2025-05-07,jepx-top8avg-system,jp,13.21125,https://www.jepx.jp/_download.php?dir=spot_summary&file=spot_summary_2025.csv
2025-05-08,jepx-top8avg-system,jp,13.49125,https://www.jepx.jp/_download.php?dir=spot_summary&file=spot_summary_2025.csv
2025-05-09,jepx-top8avg-system,jp,14.38625,https://www.jepx.jp/_download.php?dir=spot_summary&file=spot_summary_2025.csv
2025-05-10,jepx-top8avg-system,jp,10.3625,https://www.jepx.jp/_download.php?dir=spot_summary&file=spot_summary_2025.csv
2025-05-11,jepx-top8avg-system,jp,10.5,https://www.jepx.jp/_download.php?dir=spot_summary&file=spot_summary_2025.csv
2025-05-12,jepx-top8avg-system,jp,11.907499999999999,https://www.jepx.jp/_download.php?dir=spot_summary&file=spot_summary_2025.csv
2025-05-13,jepx-top8avg-system,jp,11.9575,https://www.jepx.jp/_download.php?dir=spot_summary&file=spot_summary_2025.csv
2025-05-14,jepx-top8avg-system,jp,11.73125,https://www.jepx.jp/_download.php?dir=spot_summary&file=spot_summary_2025.csv
2025-05-15,jepx-top8avg-system,jp,12.60375,https://www.jepx.jp/_download.php?dir=spot_summary&file=spot_summary_2025.csv
2025-05-16,jepx-top8avg-system,jp,13.528749999999999,https://www.jepx.jp/_download.php?dir=spot_summary&file=spot_summary_2025.csv
2025-05-17,jepx-top8avg-system,jp,11.445,https://www.jepx.jp/_download.php?dir=spot_summary&file=spot_summary_2025.csv
2025-05-18,jepx-top8avg-system,jp,11.21875,https://www.jepx.jp/_download.php?dir=spot_summary&file=spot_summary_2025.csv
2025-05-19,jepx-top8avg-system,jp,12.690000000000001,https://www.jepx.jp/_download.php?dir=spot_summary&file=spot_summary_2025.csv
2025-05-20,jepx-top8avg-system,jp,15.96125,https://www.jepx.jp/_download.php?dir=spot_summary&file=spot_summary_2025.csv
2025-05-21,jepx-top8avg-system,jp,17.3775,https://www.jepx.jp/_download.php?dir=spot_summary&file=spot_summary_2025.csv
2025-05-22,jepx-top8avg-system,jp,14.405,https://www.jepx.jp/_download.php?dir=spot_summary&file=spot_summary_2025.csv
2025-05-23,jepx-top8avg-system,jp,11.30125,https://www.jepx.jp/_download.php?dir=spot_summary&file=spot_summary_2025.csv
2025-05-24,jepx-top8avg-system,jp,11.13,https://www.jepx.jp/_download.php?dir=spot_summary&file=spot_summary_2025.csv
2025-05-25,jepx-top8avg-system,jp,10.5825,https://www.jepx.jp/_download.php?dir=spot_summary&file=spot_summary_2025.csv
2025-05-26,jepx-top8avg-system,jp,11.765,https://www.jepx.jp/_download.php?dir=spot_summary&file=spot_summary_2025.csv
2025-05-27,jepx-top8avg-system,jp,11.598749999999999,https://www.jepx.jp/_download.php?dir=spot_summary&file=spot_summary_2025.csv
2025-05-28,jepx-top8avg-system,jp,11.59125,https://www.jepx.jp/_download.php?dir=spot_summary&file=spot_summary_2025.csv
2025-05-29,jepx-top8avg-system,jp,13.295,https://www.jepx.jp/_download.php?dir=spot_summary&file=spot_summary_2025.csv
2025-05-30,jepx-top8avg-system,jp,11.821250000000001,https://www.jepx.jp/_download.php?dir=spot_summary&file=spot_summary_2025.csv
2025-05-31,jepx-top8avg-system,jp,10.186250000000001,https://www.jepx.jp/_download.php?dir=spot_summary&file=spot_summary_2025.csv
2025-06-01,jepx-top8avg-system,jp,11.408750000000001,https://www.jepx.jp/_download.php?dir=spot_summary&file=spot_summary_2025.csv
2025-06-02,jepx-top8avg-system,jp,12.782499999999999,https://www.jepx.jp/_download.php?dir=spot_summary&file=spot_summary_2025.csv
2025-06-03,jepx-top8avg-system,jp,16.28,https://www.jepx.jp/_download.php?dir=spot_summary&file=spot_summary_2025.csv
2025-06-04,jepx-top8avg-system,jp,12.015,https://www.jepx.jp/_download.php?dir=spot_summary&file=spot_summary_2025.csv
2025-06-05,jepx-top8avg-system,jp,11.66375,https://www.jepx.jp/_download.php?dir=spot_summary&file=spot_summary_2025.csv
2025-06-06,jepx-top8avg-system,jp,11.748750000000001,https://www.jepx.jp/_download.php?dir=spot_summary&file=spot_summary_2025.csv
2025-06-07,jepx-top8avg-system,jp,11.2425,https://www.jepx.jp/_download.php?dir=spot_summary&file=spot_summary_2025.csv
2025-06-08,jepx-top8avg-system,jp,11.53875,https://www.jepx.jp/_download.php?dir=spot_summary&file=spot_summary_2025.csv
2025-06-09,jepx-top8avg-system,jp,11.782499999999999,https://www.jepx.jp/_download.php?dir=spot_summary&file=spot_summary_2025.csv
2025-06-10,jepx-top8avg-system,jp,15.42625,https://www.jepx.jp/_download.php?dir=spot_summary&file=spot_summary_2025.csv
2025-06-11,jepx-top8avg-system,jp,15.536249999999999,https://www.jepx.jp/_download.php?dir=spot_summary&file=spot_summary_2025.csv
2025-06-12,jepx-top8avg-system,jp,12.77375,https://www.jepx.jp/_download.php?dir=spot_summary&file=spot_summary_2025.csv
2025-06-13,jepx-top8avg-system,jp,11.41375,https://www.jepx.jp/_download.php?dir=spot_summary&file=spot_summary_2025.csv
2025-06-14,jepx-top8avg-system,jp,11.71625,https://www.jepx.jp/_download.php?dir=spot_summary&file=spot_summary_2025.csv
2025-06-15,jepx-top8avg-system,jp,12.94375,https://www.jepx.jp/_download.php?dir=spot_summary&file=spot_summary_2025.csv
2025-06-16,jepx-top8avg-system,jp,20.4675,https://www.jepx.jp/_download.php?dir=spot_summary&file=spot_summary_2025.csv
2025-06-17,jepx-top8avg-system,jp,21.4,https://www.jepx.jp/_download.php?dir=spot_summary&file=spot_summary_2025.csv
2025-06-18,jepx-top8avg-system,jp,25.57625,https://www.jepx.jp/_download.php?dir=spot_summary&file=spot_summary_2025.csv
2025-06-19,jepx-top8avg-system,jp,27.065,https://www.jepx.jp/_download.php?dir=spot_summary&file=spot_summary_2025.csv
2025-06-20,jepx-top8avg-system,jp,23.10875,https://www.jepx.jp/_download.php?dir=spot_summary&file=spot_summary_2025.csv
2025-06-21,jepx-top8avg-system,jp,16.887500000000003,https://www.jepx.jp/_download.php?dir=spot_summary&file=spot_summary_2025.csv
2025-06-22,jepx-top8avg-system,jp,17.439999999999998,https://www.jepx.jp/_download.php?dir=spot_summary&file=spot_summary_2025.csv
2025-06-23,jepx-top8avg-system,jp,20.06875,https://www.jepx.jp/_download.php?dir=spot_summary&file=spot_summary_2025.csv
2025-06-24,jepx-top8avg-system,jp,22.92,https://www.jepx.jp/_download.php?dir=spot_summary&file=spot_summary_2025.csv
2025-06-25,jepx-top8avg-system,jp,19.79875,https://www.jepx.jp/_download.php?dir=spot_summary&file=spot_summary_2025.csv
2025-06-26,jepx-top8avg-system,jp,18.4975,https://www.jepx.jp/_download.php?dir=spot_summary&file=spot_summary_2025.csv
2025-06-27,jepx-top8avg-system,jp,18.042499999999997,https://www.jepx.jp/_download.php?dir=spot_summary&file=spot_summary_2025.csv
2025-06-28,jepx-top8avg-system,jp,15.05,https://www.jepx.jp/_download.php?dir=spot_summary&file=spot_summary_2025.csv
2025-06-29,jepx-top8avg-system,jp,14.713750000000001,https://www.jepx.jp/_download.php?dir=spot_summary&file=spot_summary_2025.csv
2025-06-30,jepx-top8avg-system,jp,19.865,https://www.jepx.jp/_download.php?dir=spot_summary&file=spot_summary_2025.csv
2025-07-01,jepx-top8avg-system,jp,20.412499999999998,https://www.jepx.jp/_download.php?dir=spot_summary&file=spot_summary_2025.csv
2025-07-02,jepx-top8avg-system,jp,25.191249999999997,https://www.jepx.jp/_download.php?dir=spot_summary&file=spot_summary_2025.csv
2025-07-03,jepx-top8avg-system,jp,19.95375,https://www.jepx.jp/_download.php?dir=spot_summary&file=spot_summary_2025.csv
2025-07-04,jepx-top8avg-system,jp,23.26625,https://www.jepx.jp/_download.php?dir=spot_summary&file=spot_summary_2025.csv
2025-07-05,jepx-top8avg-system,jp,18.177500000000002,https://www.jepx.jp/_download.php?dir=spot_summary&file=spot_summary_2025.csv
2025-07-06,jepx-top8avg-system,jp,18.759999999999998,https://www.jepx.jp/_download.php?dir=spot_summary&file=spot_summary_2025.csv
2025-07-07,jepx-top8avg-system,jp,31.61875,https://www.jepx.jp/_download.php?dir=spot_summary&file=spot_summary_2025.csv
2025-07-08,jepx-top8avg-system,jp,27.1075,https://www.jepx.jp/_download.php?dir=spot_summary&file=spot_summary_2025.csv
2025-07-09,jepx-top8avg-system,jp,20.767500000000002,https://www.jepx.jp/_download.php?dir=spot_summary&file=spot_summary_2025.csv
2025-07-10,jepx-top8avg-system,jp,19.73375,https://www.jepx.jp/_download.php?dir=spot_summary&file=spot_summary_2025.csv
2025-07-11,jepx-top8avg-system,jp,16.1475,https://www.jepx.jp/_download.php?dir=spot_summary&file=spot_summary_2025.csv
2025-07-12,jepx-top8avg-system,jp,14.372499999999999,https://www.jepx.jp/_download.php?dir=spot_summary&file=spot_summary_2025.csv
2025-07-13,jepx-top8avg-system,jp,14.94125,https://www.jepx.jp/_download.php?dir=spot_summary&file=spot_summary_2025.csv
2025-07-14,jepx-top8avg-system,jp,17.1425,https://www.jepx.jp/_download.php?dir=spot_summary&file=spot_summary_2025.csv
2025-07-15,jepx-top8avg-system,jp,17.6,https://www.jepx.jp/_download.php?dir=spot_summary&file=spot_summary_2025.csv
2025-07-16,jepx-top8avg-system,jp,16.385,https://www.jepx.jp/_download.php?dir=spot_summary&file=spot_summary_2025.csv
2025-07-17,jepx-top8avg-system,jp,15.75625,https://www.jepx.jp/_download.php?dir=spot_summary&file=spot_summary_2025.csv
2025-07-18,jepx-top8avg-system,jp,16.6525,https://www.jepx.jp/_download.php?dir=spot_summary&file=spot_summary_2025.csv
2025-07-19,jepx-top8avg-system,jp,12.77375,https://www.jepx.jp/_download.php?dir=spot_summary&file=spot_summary_2025.csv
2025-07-20,jepx-top8avg-system,jp,12.735,https://www.jepx.jp/_download.php?dir=spot_summary&file=spot_summary_2025.csv
2025-07-21,jepx-top8avg-system,jp,14.84875,https://www.jepx.jp/_download.php?dir=spot_summary&file=spot_summary_2025.csv
2025-07-22,jepx-top8avg-system,jp,19.47,https://www.jepx.jp/_download.php?dir=spot_summary&file=spot_summary_2025.csv
2025-07-23,jepx-top8avg-system,jp,19.5225,https://www.jepx.jp/_download.php?dir=spot_summary&file=spot_summary_2025.csv
2025-07-24,jepx-top8avg-system,jp,20.0325,https://www.jepx.jp/_download.php?dir=spot_summary&file=spot_summary_2025.csv
2025-07-25,jepx-top8avg-system,jp,19.34,https://www.jepx.jp/_download.php?dir=spot_summary&file=spot_summary_2025.csv
2025-07-26,jepx-top8avg-system,jp,16.2,https://www.jepx.jp/_download.php?dir=spot_summary&file=spot_summary_2025.csv
2025-07-27,jepx-top8avg-system,jp,16.3075,https://www.jepx.jp/_download.php?dir=spot_summary&file=spot_summary_2025.csv
2025-07-28,jepx-top8avg-system,jp,21.560000000000002,https://www.jepx.jp/_download.php?dir=spot_summary&file=spot_summary_2025.csv
2025-07-29,jepx-top8avg-system,jp,31.017500000000002,https://www.jepx.jp/_download.php?dir=spot_summary&file=spot_summary_2025.csv
2025-07-30,jepx-top8avg-system,jp,19.01375,https://www.jepx.jp/_download.php?dir=spot_summary&file=spot_summary_2025.csv
2025-07-31,jepx-top8avg-system,jp,18.615000000000002,https://www.jepx.jp/_download.php?dir=spot_summary&file=spot_summary_2025.csv
2025-08-01,jepx-top8avg-system,jp,18.44125,https://www.jepx.jp/_download.php?dir=spot_summary&file=spot_summary_2025.csv
2025-08-02,jepx-top8avg-system,jp,18.927500000000002,https://www.jepx.jp/_download.php?dir=spot_summary&file=spot_summary_2025.csv
2025-08-03,jepx-top8avg-system,jp,18.43125,https://www.jepx.jp/_download.php?dir=spot_summary&file=spot_summary_2025.csv
2025-08-04,jepx-top8avg-system,jp,19.9375,https://www.jepx.jp/_download.php?dir=spot_summary&file=spot_summary_2025.csv
2025-08-05,jepx-top8avg-system,jp,26.83125,https://www.jepx.jp/_download.php?dir=spot_summary&file=spot_summary_2025.csv
2025-08-06,jepx-top8avg-system,jp,26.176250000000003,https://www.jepx.jp/_download.php?dir=spot_summary&file=spot_summary_2025.csv
2025-08-07,jepx-top8avg-system,jp,20.740000000000002,https://www.jepx.jp/_download.php?dir=spot_summary&file=spot_summary_2025.csv
2025-08-08,jepx-top8avg-system,jp,18.645,https://www.jepx.jp/_download.php?dir=spot_summary&file=spot_summary_2025.csv
2025-08-09,jepx-top8avg-system,jp,13.8325,https://www.jepx.jp/_download.php?dir=spot_summary&file=spot_summary_2025.csv
2025-08-10,jepx-top8avg-system,jp,11.1075,https://www.jepx.jp/_download.php?dir=spot_summary&file=spot_summary_2025.csv
2025-08-11,jepx-top8avg-system,jp,11.69875,https://www.jepx.jp/_download.php?dir=spot_summary&file=spot_summary_2025.csv
2025-08-12,jepx-top8avg-system,jp,12.1075,https://www.jepx.jp/_download.php?dir=spot_summary&file=spot_summary_2025.csv
2025-08-13,jepx-top8avg-system,jp,12.545000000000002,https://www.jepx.jp/_download.php?dir=spot_summary&file=spot_summary_2025.csv
2025-08-14,jepx-top8avg-system,jp,12.2,https://www.jepx.jp/_download.php?dir=spot_summary&file=spot_summary_2025.csv
2025-08-15,jepx-top8avg-system,jp,11.653749999999999,https://www.jepx.jp/_download.php?dir=spot_summary&file=spot_summary_2025.csv
2025-08-16,jepx-top8avg-system,jp,11.75375,https://www.jepx.jp/_download.php?dir=spot_summary&file=spot_summary_2025.csv
2025-08-17,jepx-top8avg-system,jp,12.50875,https://www.jepx.jp/_download.php?dir=spot_summary&file=spot_summary_2025.csv
2025-08-18,jepx-top8avg-system,jp,18.375,https://www.jepx.jp/_download.php?dir=spot_summary&file=spot_summary_2025.csv
2025-08-19,jepx-top8avg-system,jp,18.988750000000003,https://www.jepx.jp/_download.php?dir=spot_summary&file=spot_summary_2025.csv
2025-08-20,jepx-top8avg-system,jp,18.86125,https://www.jepx.jp/_download.php?dir=spot_summary&file=spot_summary_2025.csv
2025-08-21,jepx-top8avg-system,jp,19.400000000000002,https://www.jepx.jp/_download.php?dir=spot_summary&file=spot_summary_2025.csv
2025-08-22,jepx-top8avg-system,jp,19.7425,https://www.jepx.jp/_download.php?dir=spot_summary&file=spot_summary_2025.csv
2025-08-23,jepx-top8avg-system,jp,14.38875,https://www.jepx.jp/_download.php?dir=spot_summary&file=spot_summary_2025.csv
2025-08-24,jepx-top8avg-system,jp,16.67375,https://www.jepx.jp/_download.php?dir=spot_summary&file=spot_summary_2025.csv
2025-08-25,jepx-top8avg-system,jp,19.815,https://www.jepx.jp/_download.php?dir=spot_summary&file=spot_summary_2025.csv
2025-08-26,jepx-top8avg-system,jp,19.326249999999998,https://www.jepx.jp/_download.php?dir=spot_summary&file=spot_summary_2025.csv
2025-08-27,jepx-top8avg-system,jp,19.22125,https://www.jepx.jp/_download.php?dir=spot_summary&file=spot_summary_2025.csv
2025-08-28,jepx-top8avg-system,jp,18.3725,https://www.jepx.jp/_download.php?dir=spot_summary&file=spot_summary_2025.csv
2025-08-29,jepx-top8avg-system,jp,18.91125,https://www.jepx.jp/_download.php?dir=spot_summary&file=spot_summary_2025.csv
2025-08-30,jepx-top8avg-system,jp,16.442500000000003,https://www.jepx.jp/_download.php?dir=spot_summary&file=spot_summary_2025.csv
2025-08-31,jepx-top8avg-system,jp,16.59625,https://www.jepx.jp/_download.php?dir=spot_summary&file=spot_summary_2025.csv
2025-09-01,jepx-top8avg-system,jp,25.155,https://www.jepx.jp/_download.php?dir=spot_summary&file=spot_summary_2025.csv
2025-09-02,jepx-top8avg-system,jp,22.08125,https://www.jepx.jp/_download.php?dir=spot_summary&file=spot_summary_2025.csv
2025-09-03,jepx-top8avg-system,jp,27.33375,https://www.jepx.jp/_download.php?dir=spot_summary&file=spot_summary_2025.csv
2025-09-04,jepx-top8avg-system,jp,18.83125,https://www.jepx.jp/_download.php?dir=spot_summary&file=spot_summary_2025.csv
2025-09-05,jepx-top8avg-system,jp,18.450000000000003,https://www.jepx.jp/_download.php?dir=spot_summary&file=spot_summary_2025.csv
2025-09-06,jepx-top8avg-system,jp,14.86875,https://www.jepx.jp/_download.php?dir=spot_summary&file=spot_summary_2025.csv
2025-09-07,jepx-top8avg-system,jp,15.0425,https://www.jepx.jp/_download.php?dir=spot_summary&file=spot_summary_2025.csv
2025-09-08,jepx-top8avg-system,jp,22.05,https://www.jepx.jp/_download.php?dir=spot_summary&file=spot_summary_2025.csv
2025-09-09,jepx-top8avg-system,jp,19.49,https://www.jepx.jp/_download.php?dir=spot_summary&file=spot_summary_2025.csv
2025-09-10,jepx-top8avg-system,jp,20.01375,https://www.jepx.jp/_download.php?dir=spot_summary&file=spot_summary_2025.csv
2025-09-11,jepx-top8avg-system,jp,17.81375,https://www.jepx.jp/_download.php?dir=spot_summary&file=spot_summary_2025.csv
2025-09-12,jepx-top8avg-system,jp,13.915,https://www.jepx.jp/_download.php?dir=spot_summary&file=spot_summary_2025.csv
2025-09-13,jepx-top8avg-system,jp,12.91625,https://www.jepx.jp/_download.php?dir=spot_summary&file=spot_summary_2025.csv
2025-09-14,jepx-top8avg-system,jp,16.37125,https://www.jepx.jp/_download.php?dir=spot_summary&file=spot_summary_2025.csv
2025-09-15,jepx-top8avg-system,jp,17.9625,https://www.jepx.jp/_download.php?dir=spot_summary&file=spot_summary_2025.csv
2025-09-16,jepx-top8avg-system,jp,22.427500000000002,https://www.jepx.jp/_download.php?dir=spot_summary&file=spot_summary_2025.csv
2025-09-17,jepx-top8avg-system,jp,26.685,https://www.jepx.jp/_download.php?dir=spot_summary&file=spot_summary_2025.csv
2025-09-18,jepx-top8avg-system,jp,20.372500000000002,https://www.jepx.jp/_download.php?dir=spot_summary&file=spot_summary_2025.csv
2025-09-19,jepx-top8avg-system,jp,14.7725,https://www.jepx.jp/_download.php?dir=spot_summary&file=spot_summary_2025.csv
2025-09-20,jepx-top8avg-system,jp,12.8775,https://www.jepx.jp/_download.php?dir=spot_summary&file=spot_summary_2025.csv
2025-09-21,jepx-top8avg-system,jp,11.352500000000001,https://www.jepx.jp/_download.php?dir=spot_summary&file=spot_summary_2025.csv
2025-09-22,jepx-top8avg-system,jp,13.01625,https://www.jepx.jp/_download.php?dir=spot_summary&file=spot_summary_2025.csv
2025-09-23,jepx-top8avg-system,jp,10.82875,https://www.jepx.jp/_download.php?dir=spot_summary&file=spot_summary_2025.csv
2025-09-24,jepx-top8avg-system,jp,12.688749999999999,https://www.jepx.jp/_download.php?dir=spot_summary&file=spot_summary_2025.csv
2025-09-25,jepx-top8avg-system,jp,13.545,https://www.jepx.jp/_download.php?dir=spot_summary&file=spot_summary_2025.csv
2025-09-26,jepx-top8avg-system,jp,14.466249999999999,https://www.jepx.jp/_download.php?dir=spot_summary&file=spot_summary_2025.csv
2025-09-27,jepx-top8avg-system,jp,11.23875,https://www.jepx.jp/_download.php?dir=spot_summary&file=spot_summary_2025.csv
2025-09-28,jepx-top8avg-system,jp,11.32375,https://www.jepx.jp/_download.php?dir=spot_summary&file=spot_summary_2025.csv
2025-09-29,jepx-top8avg-system,jp,14.225,https://www.jepx.jp/_download.php?dir=spot_summary&file=spot_summary_2025.csv
2025-09-30,jepx-top8avg-system,jp,13.17625,https://www.jepx.jp/_download.php?dir=spot_summary&file=spot_summary_2025.csv
2025-10-01,jepx-top8avg-system,jp,16.8525,https://www.jepx.jp/_download.php?dir=spot_summary&file=spot_summary_2025.csv
2025-10-02,jepx-top8avg-system,jp,14.36375,https://www.jepx.jp/_download.php?dir=spot_summary&file=spot_summary_2025.csv
2025-10-03,jepx-top8avg-system,jp,15.46125,https://www.jepx.jp/_download.php?dir=spot_summary&file=spot_summary_2025.csv
2025-10-04,jepx-top8avg-system,jp,12.059999999999999,https://www.jepx.jp/_download.php?dir=spot_summary&file=spot_summary_2025.csv
2025-10-05,jepx-top8avg-system,jp,13.01125,https://www.jepx.jp/_download.php?dir=spot_summary&file=spot_summary_2025.csv
2025-10-06,jepx-top8avg-system,jp,16.07625,https://www.jepx.jp/_download.php?dir=spot_summary&file=spot_summary_2025.csv
2025-10-07,jepx-top8avg-system,jp,15.787500000000001,https://www.jepx.jp/_download.php?dir=spot_summary&file=spot_summary_2025.csv
2025-10-08,jepx-top8avg-system,jp,18.091250000000002,https://www.jepx.jp/_download.php?dir=spot_summary&file=spot_summary_2025.csv
2025-10-09,jepx-top8avg-system,jp,16.2825,https://www.jepx.jp/_download.php?dir=spot_summary&file=spot_summary_2025.csv
2025-10-10,jepx-top8avg-system,jp,14.87125,https://www.jepx.jp/_download.php?dir=spot_summary&file=spot_summary_2025.csv
2025-10-11,jepx-top8avg-system,jp,13.75375,https://www.jepx.jp/_download.php?dir=spot_summary&file=spot_summary_2025.csv
2025-10-12,jepx-top8avg-system,jp,14.4025,https://www.jepx.jp/_download.php?dir=spot_summary&file=spot_summary_2025.csv
2025-10-13,jepx-top8avg-system,jp,17.805,https://www.jepx.jp/_download.php?dir=spot_summary&file=spot_summary_2025.csv
2025-10-14,jepx-top8avg-system,jp,18.51,https://www.jepx.jp/_download.php?dir=spot_summary&file=spot_summary_2025.csv
2025-10-15,jepx-top8avg-system,jp,18.71375,https://www.jepx.jp/_download.php?dir=spot_summary&file=spot_summary_2025.csv
2025-10-16,jepx-top8avg-system,jp,23.177500000000002,https://www.jepx.jp/_download.php?dir=spot_summary&file=spot_summary_2025.csv
2025-10-17,jepx-top8avg-system,jp,17.55125,https://www.jepx.jp/_download.php?dir=spot_summary&file=spot_summary_2025.csv
2025-10-18,jepx-top8avg-system,jp,14.342500000000001,https://www.jepx.jp/_download.php?dir=spot_summary&file=spot_summary_2025.csv
2025-10-19,jepx-top8avg-system,jp,13.1325,https://www.jepx.jp/_download.php?dir=spot_summary&file=spot_summary_2025.csv
2025-10-20,jepx-top8avg-system,jp,16.091250000000002,https://www.jepx.jp/_download.php?dir=spot_summary&file=spot_summary_2025.csv
2025-10-21,jepx-top8avg-system,jp,17.6525,https://www.jepx.jp/_download.php?dir=spot_summary&file=spot_summary_2025.csv
2025-10-22,jepx-top8avg-system,jp,18.36,https://www.jepx.jp/_download.php?dir=spot_summary&file=spot_summary_2025.csv
2025-10-23,jepx-top8avg-system,jp,16.70625,https://www.jepx.jp/_download.php?dir=spot_summary&file=spot_summary_2025.csv
2025-10-24,jepx-top8avg-system,jp,15.32625,https://www.jepx.jp/_download.php?dir=spot_summary&file=spot_summary_2025.csv
2025-10-25,jepx-top8avg-system,jp,12.647499999999999,https://www.jepx.jp/_download.php?dir=spot_summary&file=spot_summary_2025.csv
2025-10-26,jepx-top8avg-system,jp,12.36125,https://www.jepx.jp/_download.php?dir=spot_summary&file=spot_summary_2025.csv
2025-10-27,jepx-top8avg-system,jp,13.79875,https://www.jepx.jp/_download.php?dir=spot_summary&file=spot_summary_2025.csv
2025-10-28,jepx-top8avg-system,jp,15.91,https://www.jepx.jp/_download.php?dir=spot_summary&file=spot_summary_2025.csv
2025-10-29,jepx-top8avg-system,jp,15.10875,https://www.jepx.jp/_download.php?dir=spot_summary&file=spot_summary_2025.csv
2025-10-30,jepx-top8avg-system,jp,15.931249999999999,https://www.jepx.jp/_download.php?dir=spot_summary&file=spot_summary_2025.csv
2025-10-31,jepx-top8avg-system,jp,15.86125,https://www.jepx.jp/_download.php?dir=spot_summary&file=spot_summary_2025.csv
2025-11-01,jepx-top8avg-system,jp,11.233749999999999,https://www.jepx.jp/_download.php?dir=spot_summary&file=spot_summary_2025.csv
2025-11-02,jepx-top8avg-system,jp,11.3375,https://www.jepx.jp/_download.php?dir=spot_summary&file=spot_summary_2025.csv
2025-11-03,jepx-top8avg-system,jp,12.76375,https://www.jepx.jp/_download.php?dir=spot_summary&file=spot_summary_2025.csv
2025-11-04,jepx-top8avg-system,jp,14.2425,https://www.jepx.jp/_download.php?dir=spot_summary&file=spot_summary_2025.csv
2025-11-05,jepx-top8avg-system,jp,14.587499999999999,https://www.jepx.jp/_download.php?dir=spot_summary&file=spot_summary_2025.csv
2025-11-06,jepx-top8avg-system,jp,12.895,https://www.jepx.jp/_download.php?dir=spot_summary&file=spot_summary_2025.csv
2025-11-07,jepx-top8avg-system,jp,12.986249999999998,https://www.jepx.jp/_download.php?dir=spot_summary&file=spot_summary_2025.csv
2025-11-08,jepx-top8avg-system,jp,12.93,https://www.jepx.jp/_download.php?dir=spot_summary&file=spot_summary_2025.csv
2025-11-09,jepx-top8avg-system,jp,13.0275,https://www.jepx.jp/_download.php?dir=spot_summary&file=spot_summary_2025.csv
2025-11-10,jepx-top8avg-system,jp,14.2925,https://www.jepx.jp/_download.php?dir=spot_summary&file=spot_summary_2025.csv
2025-11-11,jepx-top8avg-system,jp,15.4675,https://www.jepx.jp/_download.php?dir=spot_summary&file=spot_summary_2025.csv
2025-11-12,jepx-top8avg-system,jp,16.28625,https://www.jepx.jp/_download.php?dir=spot_summary&file=spot_summary_2025.csv
2025-11-13,jepx-top8avg-system,jp,16.26625,https://www.jepx.jp/_download.php?dir=spot_summary&file=spot_summary_2025.csv
2025-11-14,jepx-top8avg-system,jp,14.376249999999999,https://www.jepx.jp/_download.php?dir=spot_summary&file=spot_summary_2025.csv
2025-11-15,jepx-top8avg-system,jp,12.837499999999999,https://www.jepx.jp/_download.php?dir=spot_summary&file=spot_summary_2025.csv
2025-11-16,jepx-top8avg-system,jp,12.052499999999998,https://www.jepx.jp/_download.php?dir=spot_summary&file=spot_summary_2025.csv
2025-11-17,jepx-top8avg-system,jp,11.9875,https://www.jepx.jp/_download.php?dir=spot_summary&file=spot_summary_2025.csv
2025-11-18,jepx-top8avg-system,jp,16.25125,https://www.jepx.jp/_download.php?dir=spot_summary&file=spot_summary_2025.csv
2025-11-19,jepx-top8avg-system,jp,16.963749999999997,https://www.jepx.jp/_download.php?dir=spot_summary&file=spot_summary_2025.csv
2025-11-20,jepx-top8avg-system,jp,16.5175,https://www.jepx.jp/_download.php?dir=spot_summary&file=spot_summary_2025.csv
2025-11-21,jepx-top8avg-system,jp,14.283750000000001,https://www.jepx.jp/_download.php?dir=spot_summary&file=spot_summary_2025.csv
2025-11-22,jepx-top8avg-system,jp,12.03125,https://www.jepx.jp/_download.php?dir=spot_summary&file=spot_summary_2025.csv
2025-11-23,jepx-top8avg-system,jp,12.158750000000001,https://www.jepx.jp/_download.php?dir=spot_summary&file=spot_summary_2025.csv
2025-11-24,jepx-top8avg-system,jp,12.568750000000001,https://www.jepx.jp/_download.php?dir=spot_summary&file=spot_summary_2025.csv
2025-11-25,jepx-top8avg-system,jp,14.52375,https://www.jepx.jp/_download.php?dir=spot_summary&file=spot_summary_2025.csv
2025-11-26,jepx-top8avg-system,jp,14.8,https://www.jepx.jp/_download.php?dir=spot_summary&file=spot_summary_2025.csv
2025-11-27,jepx-top8avg-system,jp,14.69375,https://www.jepx.jp/_download.php?dir=spot_summary&file=spot_summary_2025.csv
2025-11-28,jepx-top8avg-system,jp,12.8175,https://www.jepx.jp/_download.php?dir=spot_summary&file=spot_summary_2025.csv
2025-11-29,jepx-top8avg-system,jp,12.06625,https://www.jepx.jp/_download.php?dir=spot_summary&file=spot_summary_2025.csv
2025-11-30,jepx-top8avg-system,jp,11.22625,https://www.jepx.jp/_download.php?dir=spot_summary&file=spot_summary_2025.csv
2025-12-01,jepx-top8avg-system,jp,12.030000000000001,https://www.jepx.jp/_download.php?dir=spot_summary&file=spot_summary_2025.csv
2025-12-02,jepx-top8avg-system,jp,12.8325,https://www.jepx.jp/_download.php?dir=spot_summary&file=spot_summary_2025.csv
2025-12-03,jepx-top8avg-system,jp,16.11625,https://www.jepx.jp/_download.php?dir=spot_summary&file=spot_summary_2025.csv
2025-12-04,jepx-top8avg-system,jp,16.291249999999998,https://www.jepx.jp/_download.php?dir=spot_summary&file=spot_summary_2025.csv
2025-12-05,jepx-top8avg-system,jp,16.77875,https://www.jepx.jp/_download.php?dir=spot_summary&file=spot_summary_2025.csv
2025-12-06,jepx-top8avg-system,jp,13.9275,https://www.jepx.jp/_download.php?dir=spot_summary&file=spot_summary_2025.csv
2025-12-07,jepx-top8avg-system,jp,11.51625,https://www.jepx.jp/_download.php?dir=spot_summary&file=spot_summary_2025.csv
2025-12-08,jepx-top8avg-system,jp,12.9475,https://www.jepx.jp/_download.php?dir=spot_summary&file=spot_summary_2025.csv
2025-12-09,jepx-top8avg-system,jp,15.2275,https://www.jepx.jp/_download.php?dir=spot_summary&file=spot_summary_2025.csv
2025-12-10,jepx-top8avg-system,jp,16.1075,https://www.jepx.jp/_download.php?dir=spot_summary&file=spot_summary_2025.csv
2025-12-11,jepx-top8avg-system,jp,14.9925,https://www.jepx.jp/_download.php?dir=spot_summary&file=spot_summary_2025.csv
2025-12-12,jepx-top8avg-system,jp,16.52125,https://www.jepx.jp/_download.php?dir=spot_summary&file=spot_summary_2025.csv
2025-12-13,jepx-top8avg-system,jp,13.795,https://www.jepx.jp/_download.php?dir=spot_summary&file=spot_summary_2025.csv
2025-12-14,jepx-top8avg-system,jp,11.221250000000001,https://www.jepx.jp/_download.php?dir=spot_summary&file=spot_summary_2025.csv
2025-12-15,jepx-top8avg-system,jp,14.081249999999999,https://www.jepx.jp/_download.php?dir=spot_summary&file=spot_summary_2025.csv
2025-12-16,jepx-top8avg-system,jp,13.634999999999998,https://www.jepx.jp/_download.php?dir=spot_summary&file=spot_summary_2025.csv
2025-12-17,jepx-top8avg-system,jp,13.1825,https://www.jepx.jp/_download.php?dir=spot_summary&file=spot_summary_2025.csv
2025-12-18,jepx-top8avg-system,jp,12.697500000000002,https://www.jepx.jp/_download.php?dir=spot_summary&file=spot_summary_2025.csv
2025-12-19,jepx-top8avg-system,jp,13.20375,https://www.jepx.jp/_download.php?dir=spot_summary&file=spot_summary_2025.csv
2025-12-20,jepx-top8avg-system,jp,9.67625,https://www.jepx.jp/_download.php?dir=spot_summary&file=spot_summary_2025.csv
2025-12-21,jepx-top8avg-system,jp,9.88,https://www.jepx.jp/_download.php?dir=spot_summary&file=spot_summary_2025.csv
2025-12-22,jepx-top8avg-system,jp,11.99875,https://www.jepx.jp/_download.php?dir=spot_summary&file=spot_summary_2025.csv
2025-12-23,jepx-top8avg-system,jp,12.2575,https://www.jepx.jp/_download.php?dir=spot_summary&file=spot_summary_2025.csv
2025-12-24,jepx-top8avg-system,jp,13.17625,https://www.jepx.jp/_download.php?dir=spot_summary&file=spot_summary_2025.csv
2025-12-25,jepx-top8avg-system,jp,11.686250000000001,https://www.jepx.jp/_download.php?dir=spot_summary&file=spot_summary_2025.csv
2025-12-26,jepx-top8avg-system,jp,11.202499999999999,https://www.jepx.jp/_download.php?dir=spot_summary&file=spot_summary_2025.csv
2025-12-27,jepx-top8avg-system,jp,10.841249999999999,https://www.jepx.jp/_download.php?dir=spot_summary&file=spot_summary_2025.csv
2025-12-28,jepx-top8avg-system,jp,11.0825,https://www.jepx.jp/_download.php?dir=spot_summary&file=spot_summary_2025.csv
2025-12-29,jepx-top8avg-system,jp,10.03125,https://www.jepx.jp/_download.php?dir=spot_summary&file=spot_summary_2025.csv
2025-12-30,jepx-top8avg-system,jp,9.58875,https://www.jepx.jp/_download.php?dir=spot_summary&file=spot_summary_2025.csv
2025-12-31,jepx-top8avg-system,jp,9.475,https://www.jepx.jp/_download.php?dir=spot_summary&file=spot_summary_2025.csv
2026-01-01,jepx-top8avg-system,jp,10.58,https://www.jepx.jp/_download.php?dir=spot_summary&file=spot_summary_2025.csv
2026-01-02,jepx-top8avg-system,jp,11.36125,https://www.jepx.jp/_download.php?dir=spot_summary&file=spot_summary_2025.csv
2026-01-03,jepx-top8avg-system,jp,11.04625,https://www.jepx.jp/_download.php?dir=spot_summary&file=spot_summary_2025.csv
2026-01-04,jepx-top8avg-system,jp,11.633750000000001,https://www.jepx.jp/_download.php?dir=spot_summary&file=spot_summary_2025.csv
2026-01-05,jepx-top8avg-system,jp,13.2075,https://www.jepx.jp/_download.php?dir=spot_summary&file=spot_summary_2025.csv
2026-01-06,jepx-top8avg-system,jp,14.66,https://www.jepx.jp/_download.php?dir=spot_summary&file=spot_summary_2025.csv
2026-01-07,jepx-top8avg-system,jp,15.48375,https://www.jepx.jp/_download.php?dir=spot_summary&file=spot_summary_2025.csv
2026-01-08,jepx-top8avg-system,jp,15.22375,https://www.jepx.jp/_download.php?dir=spot_summary&file=spot_summary_2025.csv
2026-01-09,jepx-top8avg-system,jp,15.629999999999999,https://www.jepx.jp/_download.php?dir=spot_summary&file=spot_summary_2025.csv
2026-01-10,jepx-top8avg-system,jp,10.7575,https://www.jepx.jp/_download.php?dir=spot_summary&file=spot_summary_2025.csv
2026-01-11,jepx-top8avg-system,jp,11.17125,https://www.jepx.jp/_download.php?dir=spot_summary&file=spot_summary_2025.csv
2026-01-12,jepx-top8avg-system,jp,13.798749999999998,https://www.jepx.jp/_download.php?dir=spot_summary&file=spot_summary_2025.csv
2026-01-13,jepx-top8avg-system,jp,13.25125,https://www.jepx.jp/_download.php?dir=spot_summary&file=spot_summary_2025.csv
2026-01-14,jepx-top8avg-system,jp,14.89,https://www.jepx.jp/_download.php?dir=spot_summary&file=spot_summary_2025.csv
2026-01-15,jepx-top8avg-system,jp,14.68375,https://www.jepx.jp/_download.php?dir=spot_summary&file=spot_summary_2025.csv
2026-01-16,jepx-top8avg-system,jp,11.79375,https://www.jepx.jp/_download.php?dir=spot_summary&file=spot_summary_2025.csv
2026-01-17,jepx-top8avg-system,jp,10.879999999999999,https://www.jepx.jp/_download.php?dir=spot_summary&file=spot_summary_2025.csv
2026-01-18,jepx-top8avg-system,jp,11.73625,https://www.jepx.jp/_download.php?dir=spot_summary&file=spot_summary_2025.csv
2026-01-19,jepx-top8avg-system,jp,15.82,https://www.jepx.jp/_download.php?dir=spot_summary&file=spot_summary_2025.csv
2026-01-20,jepx-top8avg-system,jp,16.1575,https://www.jepx.jp/_download.php?dir=spot_summary&file=spot_summary_2025.csv
2026-01-21,jepx-top8avg-system,jp,18.80375,https://www.jepx.jp/_download.php?dir=spot_summary&file=spot_summary_2025.csv
2026-01-22,jepx-top8avg-system,jp,20.87,https://www.jepx.jp/_download.php?dir=spot_summary&file=spot_summary_2025.csv
2026-01-23,jepx-top8avg-system,jp,18.12875,https://www.jepx.jp/_download.php?dir=spot_summary&file=spot_summary_2025.csv
2026-01-24,jepx-top8avg-system,jp,15.31,https://www.jepx.jp/_download.php?dir=spot_summary&file=spot_summary_2025.csv
2026-01-25,jepx-top8avg-system,jp,15.98375,https://www.jepx.jp/_download.php?dir=spot_summary&file=spot_summary_2025.csv
2026-01-26,jepx-top8avg-system,jp,24.64125,https://www.jepx.jp/_download.php?dir=spot_summary&file=spot_summary_2025.csv
2026-01-27,jepx-top8avg-system,jp,17.8525,https://www.jepx.jp/_download.php?dir=spot_summary&file=spot_summary_2025.csv
2026-01-28,jepx-top8avg-system,jp,17.0775,https://www.jepx.jp/_download.php?dir=spot_summary&file=spot_summary_2025.csv
2026-01-29,jepx-top8avg-system,jp,18.042499999999997,https://www.jepx.jp/_download.php?dir=spot_summary&file=spot_summary_2025.csv
2026-01-30,jepx-top8avg-system,jp,18.365000000000002,https://www.jepx.jp/_download.php?dir=spot_summary&file=spot_summary_2025.csv
2026-01-31,jepx-top8avg-system,jp,14.682500000000001,https://www.jepx.jp/_download.php?dir=spot_summary&file=spot_summary_2025.csv
2026-02-01,jepx-top8avg-system,jp,12.51,https://www.jepx.jp/_download.php?dir=spot_summary&file=spot_summary_2025.csv
2026-02-02,jepx-top8avg-system,jp,16.42,https://www.jepx.jp/_download.php?dir=spot_summary&file=spot_summary_2025.csv
2026-02-03,jepx-top8avg-system,jp,16.6375,https://www.jepx.jp/_download.php?dir=spot_summary&file=spot_summary_2025.csv
2026-02-04,jepx-top8avg-system,jp,15.36375,https://www.jepx.jp/_download.php?dir=spot_summary&file=spot_summary_2025.csv
2026-02-05,jepx-top8avg-system,jp,14.605,https://www.jepx.jp/_download.php?dir=spot_summary&file=spot_summary_2025.csv
2026-02-06,jepx-top8avg-system,jp,11.94375,https://www.jepx.jp/_download.php?dir=spot_summary&file=spot_summary_2025.csv
2026-02-07,jepx-top8avg-system,jp,14.28875,https://www.jepx.jp/_download.php?dir=spot_summary&file=spot_summary_2025.csv
2026-02-08,jepx-top8avg-system,jp,17.20875,https://www.jepx.jp/_download.php?dir=spot_summary&file=spot_summary_2025.csv
2026-02-09,jepx-top8avg-system,jp,18.11875,https://www.jepx.jp/_download.php?dir=spot_summary&file=spot_summary_2025.csv
2026-02-10,jepx-top8avg-system,jp,17.32,https://www.jepx.jp/_download.php?dir=spot_summary&file=spot_summary_2025.csv
2026-02-11,jepx-top8avg-system,jp,15.17,https://www.jepx.jp/_download.php?dir=spot_summary&file=spot_summary_2025.csv
2026-02-12,jepx-top8avg-system,jp,14.2975,https://www.jepx.jp/_download.php?dir=spot_summary&file=spot_summary_2025.csv
2026-02-13,jepx-top8avg-system,jp,14.127500000000001,https://www.jepx.jp/_download.php?dir=spot_summary&file=spot_summary_2025.csv
2026-02-14,jepx-top8avg-system,jp,11.501249999999999,https://www.jepx.jp/_download.php?dir=spot_summary&file=spot_summary_2025.csv
2026-02-15,jepx-top8avg-system,jp,10.381250000000001,https://www.jepx.jp/_download.php?dir=spot_summary&file=spot_summary_2025.csv
2026-02-16,jepx-top8avg-system,jp,12.01375,https://www.jepx.jp/_download.php?dir=spot_summary&file=spot_summary_2025.csv
2026-02-17,jepx-top8avg-system,jp,12.809999999999999,https://www.jepx.jp/_download.php?dir=spot_summary&file=spot_summary_2025.csv
2026-02-18,jepx-top8avg-system,jp,12.255,https://www.jepx.jp/_download.php?dir=spot_summary&file=spot_summary_2025.csv
2026-02-19,jepx-top8avg-system,jp,13.581249999999999,https://www.jepx.jp/_download.php?dir=spot_summary&file=spot_summary_2025.csv
2026-02-20,jepx-top8avg-system,jp,12.7075,https://www.jepx.jp/_download.php?dir=spot_summary&file=spot_summary_2025.csv
2026-02-21,jepx-top8avg-system,jp,11.126249999999999,https://www.jepx.jp/_download.php?dir=spot_summary&file=spot_summary_2025.csv
2026-02-22,jepx-top8avg-system,jp,9.645,https://www.jepx.jp/_download.php?dir=spot_summary&file=spot_summary_2025.csv
2026-02-23,jepx-top8avg-system,jp,10.228750000000002,https://www.jepx.jp/_download.php?dir=spot_summary&file=spot_summary_2025.csv
2026-02-24,jepx-top8avg-system,jp,10.70375,https://www.jepx.jp/_download.php?dir=spot_summary&file=spot_summary_2025.csv
2026-02-25,jepx-top8avg-system,jp,12.13125,https://www.jepx.jp/_download.php?dir=spot_summary&file=spot_summary_2025.csv
2026-02-26,jepx-top8avg-system,jp,10.62125,https://www.jepx.jp/_download.php?dir=spot_summary&file=spot_summary_2025.csv
2026-02-27,jepx-top8avg-system,jp,10.59125,https://www.jepx.jp/_download.php?dir=spot_summary&file=spot_summary_2025.csv
2026-02-28,jepx-top8avg-system,jp,9.85625,https://www.jepx.jp/_download.php?dir=spot_summary&file=spot_summary_2025.csv
2026-03-01,jepx-top8avg-system,jp,10.344999999999999,https://www.jepx.jp/_download.php?dir=spot_summary&file=spot_summary_2025.csv
2026-03-02,jepx-top8avg-system,jp,12.375,https://www.jepx.jp/_download.php?dir=spot_summary&file=spot_summary_2025.csv
2026-03-03,jepx-top8avg-system,jp,13.73875,https://www.jepx.jp/_download.php?dir=spot_summary&file=spot_summary_2025.csv
2026-03-04,jepx-top8avg-system,jp,13.282499999999999,https://www.jepx.jp/_download.php?dir=spot_summary&file=spot_summary_2025.csv
2026-03-05,jepx-top8avg-system,jp,12.94875,https://www.jepx.jp/_download.php?dir=spot_summary&file=spot_summary_2025.csv
2026-03-06,jepx-top8avg-system,jp,12.0125,https://www.jepx.jp/_download.php?dir=spot_summary&file=spot_summary_2025.csv
2026-03-07,jepx-top8avg-system,jp,11.912500000000001,https://www.jepx.jp/_download.php?dir=spot_summary&file=spot_summary_2025.csv
2026-03-08,jepx-top8avg-system,jp,12.97125,https://www.jepx.jp/_download.php?dir=spot_summary&file=spot_summary_2025.csv
2026-03-09,jepx-top8avg-system,jp,16.02375,https://www.jepx.jp/_download.php?dir=spot_summary&file=spot_summary_2025.csv
2026-03-10,jepx-top8avg-system,jp,20.3625,https://www.jepx.jp/_download.php?dir=spot_summary&file=spot_summary_2025.csv
2026-03-11,jepx-top8avg-system,jp,16.677500000000002,https://www.jepx.jp/_download.php?dir=spot_summary&file=spot_summary_2025.csv
2026-03-12,jepx-top8avg-system,jp,17.17875,https://www.jepx.jp/_download.php?dir=spot_summary&file=spot_summary_2025.csv
2026-03-13,jepx-top8avg-system,jp,19.316250000000004,https://www.jepx.jp/_download.php?dir=spot_summary&file=spot_summary_2025.csv
2026-03-14,jepx-top8avg-system,jp,19.50875,https://www.jepx.jp/_download.php?dir=spot_summary&file=spot_summary_2025.csv
2026-03-15,jepx-top8avg-system,jp,18.98125,https://www.jepx.jp/_download.php?dir=spot_summary&file=spot_summary_2025.csv
2026-03-16,jepx-top8avg-system,jp,19.58625,https://www.jepx.jp/_download.php?dir=spot_summary&file=spot_summary_2025.csv
2026-03-17,jepx-top8avg-system,jp,20.71625,https://www.jepx.jp/_download.php?dir=spot_summary&file=spot_summary_2025.csv
2026-03-18,jepx-top8avg-system,jp,20.0625,https://www.jepx.jp/_download.php?dir=spot_summary&file=spot_summary_2025.csv
2026-03-19,jepx-top8avg-system,jp,17.62625,https://www.jepx.jp/_download.php?dir=spot_summary&file=spot_summary_2025.csv
2026-03-20,jepx-top8avg-system,jp,17.75125,https://www.jepx.jp/_download.php?dir=spot_summary&file=spot_summary_2025.csv
2026-03-21,jepx-top8avg-system,jp,17.6375,https://www.jepx.jp/_download.php?dir=spot_summary&file=spot_summary_2025.csv
2026-03-22,jepx-top8avg-system,jp,17.15125,https://www.jepx.jp/_download.php?dir=spot_summary&file=spot_summary_2025.csv
2026-03-23,jepx-top8avg-system,jp,18.94375,https://www.jepx.jp/_download.php?dir=spot_summary&file=spot_summary_2025.csv
2026-03-24,jepx-top8avg-system,jp,20.07625,https://www.jepx.jp/_download.php?dir=spot_summary&file=spot_summary_2025.csv
2026-03-25,jepx-top8avg-system,jp,18.950000000000003,https://www.jepx.jp/_download.php?dir=spot_summary&file=spot_summary_2025.csv
2026-03-26,jepx-top8avg-system,jp,19.50125,https://www.jepx.jp/_download.php?dir=spot_summary&file=spot_summary_2025.csv
2026-03-27,jepx-top8avg-system,jp,19.15,https://www.jepx.jp/_download.php?dir=spot_summary&file=spot_summary_2025.csv
2026-03-28,jepx-top8avg-system,jp,18.06625,https://www.jepx.jp/_download.php?dir=spot_summary&file=spot_summary_2025.csv
2026-03-29,jepx-top8avg-system,jp,15.21125,https://www.jepx.jp/_download.php?dir=spot_summary&file=spot_summary_2025.csv
2026-03-30,jepx-top8avg-system,jp,18.7125,https://www.jepx.jp/_download.php?dir=spot_summary&file=spot_summary_2025.csv
2026-03-31,jepx-top8avg-system,jp,17.88875,https://www.jepx.jp/_download.php?dir=spot_summary&file=spot_summary_2025.csv
2026-04-01,jepx-top8avg-system,jp,33.275,https://www.jepx.jp/_download.php?dir=spot_summary&file=spot_summary_2026.csv
2026-04-02,jepx-top8avg-system,jp,22.33,https://www.jepx.jp/_download.php?dir=spot_summary&file=spot_summary_2026.csv
2026-04-03,jepx-top8avg-system,jp,24.61375,https://www.jepx.jp/_download.php?dir=spot_summary&file=spot_summary_2026.csv
2026-04-04,jepx-top8avg-system,jp,18.43,https://www.jepx.jp/_download.php?dir=spot_summary&file=spot_summary_2026.csv
2026-04-05,jepx-top8avg-system,jp,18.72875,https://www.jepx.jp/_download.php?dir=spot_summary&file=spot_summary_2026.csv
2026-04-06,jepx-top8avg-system,jp,20.88375,https://www.jepx.jp/_download.php?dir=spot_summary&file=spot_summary_2026.csv
2026-04-07,jepx-top8avg-system,jp,27.518750000000004,https://www.jepx.jp/_download.php?dir=spot_summary&file=spot_summary_2026.csv
2026-04-08,jepx-top8avg-system,jp,28.997500000000002,https://www.jepx.jp/_download.php?dir=spot_summary&file=spot_summary_2026.csv
2026-04-09,jepx-top8avg-system,jp,26.07125,https://www.jepx.jp/_download.php?dir=spot_summary&file=spot_summary_2026.csv
2026-04-10,jepx-top8avg-system,jp,27.713749999999997,https://www.jepx.jp/_download.php?dir=spot_summary&file=spot_summary_2026.csv
2026-04-11,jepx-top8avg-system,jp,17.16,https://www.jepx.jp/_download.php?dir=spot_summary&file=spot_summary_2026.csv
2026-04-12,jepx-top8avg-system,jp,18.056250000000002,https://www.jepx.jp/_download.php?dir=spot_summary&file=spot_summary_2026.csv
2026-04-13,jepx-top8avg-system,jp,23.47,https://www.jepx.jp/_download.php?dir=spot_summary&file=spot_summary_2026.csv
2026-04-14,jepx-top8avg-system,jp,25.245,https://www.jepx.jp/_download.php?dir=spot_summary&file=spot_summary_2026.csv
2026-04-15,jepx-top8avg-system,jp,24.831249999999997,https://www.jepx.jp/_download.php?dir=spot_summary&file=spot_summary_2026.csv
2026-04-16,jepx-top8avg-system,jp,25.496250000000003,https://www.jepx.jp/_download.php?dir=spot_summary&file=spot_summary_2026.csv
2026-04-17,jepx-top8avg-system,jp,21.5625,https://www.jepx.jp/_download.php?dir=spot_summary&file=spot_summary_2026.csv
2026-04-18,jepx-top8avg-system,jp,16.11875,https://www.jepx.jp/_download.php?dir=spot_summary&file=spot_summary_2026.csv
2026-04-19,jepx-top8avg-system,jp,17.744999999999997,https://www.jepx.jp/_download.php?dir=spot_summary&file=spot_summary_2026.csv
2026-04-20,jepx-top8avg-system,jp,20.79375,https://www.jepx.jp/_download.php?dir=spot_summary&file=spot_summary_2026.csv
2026-04-21,jepx-top8avg-system,jp,20.28625,https://www.jepx.jp/_download.php?dir=spot_summary&file=spot_summary_2026.csv
2026-04-22,jepx-top8avg-system,jp,25.229999999999997,https://www.jepx.jp/_download.php?dir=spot_summary&file=spot_summary_2026.csv
2026-04-23,jepx-top8avg-system,jp,28.5325,https://www.jepx.jp/_download.php?dir=spot_summary&file=spot_summary_2026.csv
2026-04-24,jepx-top8avg-system,jp,17.71875,https://www.jepx.jp/_download.php?dir=spot_summary&file=spot_summary_2026.csv
2026-04-25,jepx-top8avg-system,jp,16.549999999999997,https://www.jepx.jp/_download.php?dir=spot_summary&file=spot_summary_2026.csv
2026-04-26,jepx-top8avg-system,jp,18.28,https://www.jepx.jp/_download.php?dir=spot_summary&file=spot_summary_2026.csv
2026-04-27,jepx-top8avg-system,jp,17.5375,https://www.jepx.jp/_download.php?dir=spot_summary&file=spot_summary_2026.csv
2026-04-28,jepx-top8avg-system,jp,19.83625,https://www.jepx.jp/_download.php?dir=spot_summary&file=spot_summary_2026.csv
2026-04-29,jepx-top8avg-system,jp,19.58625,https://www.jepx.jp/_download.php?dir=spot_summary&file=spot_summary_2026.csv
2026-04-30,jepx-top8avg-system,jp,17.6075,https://www.jepx.jp/_download.php?dir=spot_summary&file=spot_summary_2026.csv
2026-05-01,jepx-top8avg-system,jp,18.8775,https://www.jepx.jp/_download.php?dir=spot_summary&file=spot_summary_2026.csv
2026-05-02,jepx-top8avg-system,jp,16.628750000000004,https://www.jepx.jp/_download.php?dir=spot_summary&file=spot_summary_2026.csv
2026-05-03,jepx-top8avg-system,jp,15.5075,https://www.jepx.jp/_download.php?dir=spot_summary&file=spot_summary_2026.csv
2026-05-04,jepx-top8avg-system,jp,14.68125,https://www.jepx.jp/_download.php?dir=spot_summary&file=spot_summary_2026.csv
2026-05-05,jepx-top8avg-system,jp,14.51625,https://www.jepx.jp/_download.php?dir=spot_summary&file=spot_summary_2026.csv
2026-05-06,jepx-top8avg-system,jp,15.598749999999999,https://www.jepx.jp/_download.php?dir=spot_summary&file=spot_summary_2026.csv
2026-05-07,jepx-top8avg-system,jp,17.5325,https://www.jepx.jp/_download.php?dir=spot_summary&file=spot_summary_2026.csv
2026-05-08,jepx-top8avg-system,jp,19.286250000000003,https://www.jepx.jp/_download.php?dir=spot_summary&file=spot_summary_2026.csv
2026-05-09,jepx-top8avg-system,jp,16.82625,https://www.jepx.jp/_download.php?dir=spot_summary&file=spot_summary_2026.csv
2026-05-10,jepx-top8avg-system,jp,17.15875,https://www.jepx.jp/_download.php?dir=spot_summary&file=spot_summary_2026.csv
2026-05-11,jepx-top8avg-system,jp,21.46625,https://www.jepx.jp/_download.php?dir=spot_summary&file=spot_summary_2026.csv
2026-05-12,jepx-top8avg-system,jp,23.985,https://www.jepx.jp/_download.php?dir=spot_summary&file=spot_summary_2026.csv
2026-05-13,jepx-top8avg-system,jp,23.2975,https://www.jepx.jp/_download.php?dir=spot_summary&file=spot_summary_2026.csv
2026-05-14,jepx-top8avg-system,jp,27.980000000000004,https://www.jepx.jp/_download.php?dir=spot_summary&file=spot_summary_2026.csv
2026-05-15,jepx-top8avg-system,jp,24.963749999999997,https://www.jepx.jp/_download.php?dir=spot_summary&file=spot_summary_2026.csv
2026-05-16,jepx-top8avg-system,jp,19.59375,https://www.jepx.jp/_download.php?dir=spot_summary&file=spot_summary_2026.csv
2026-05-17,jepx-top8avg-system,jp,17.04,https://www.jepx.jp/_download.php?dir=spot_summary&file=spot_summary_2026.csv
2026-05-18,jepx-top8avg-system,jp,25.71,https://www.jepx.jp/_download.php?dir=spot_summary&file=spot_summary_2026.csv
2026-05-19,jepx-top8avg-system,jp,25.82125,https://www.jepx.jp/_download.php?dir=spot_summary&file=spot_summary_2026.csv
2026-05-20,jepx-top8avg-system,jp,31.936249999999998,https://www.jepx.jp/_download.php?dir=spot_summary&file=spot_summary_2026.csv
2026-05-21,jepx-top8avg-system,jp,28.6875,https://www.jepx.jp/_download.php?dir=spot_summary&file=spot_summary_2026.csv
2026-05-22,jepx-top8avg-system,jp,22.95,https://www.jepx.jp/_download.php?dir=spot_summary&file=spot_summary_2026.csv
2026-05-23,jepx-top8avg-system,jp,17.049999999999997,https://www.jepx.jp/_download.php?dir=spot_summary&file=spot_summary_2026.csv
2026-05-24,jepx-top8avg-system,jp,23.34375,https://www.jepx.jp/_download.php?dir=spot_summary&file=spot_summary_2026.csv
2026-05-25,jepx-top8avg-system,jp,32.894999999999996,https://www.jepx.jp/_download.php?dir=spot_summary&file=spot_summary_2026.csv
2026-05-26,jepx-top8avg-system,jp,31.2875,https://www.jepx.jp/_download.php?dir=spot_summary&file=spot_summary_2026.csv
2026-05-27,jepx-top8avg-system,jp,32.515,https://www.jepx.jp/_download.php?dir=spot_summary&file=spot_summary_2026.csv
2026-05-28,jepx-top8avg-system,jp,30.88,https://www.jepx.jp/_download.php?dir=spot_summary&file=spot_summary_2026.csv
2026-05-29,jepx-top8avg-system,jp,26.5175,https://www.jepx.jp/_download.php?dir=spot_summary&file=spot_summary_2026.csv
2026-05-30,jepx-top8avg-system,jp,19.634999999999998,https://www.jepx.jp/_download.php?dir=spot_summary&file=spot_summary_2026.csv
2026-05-31,jepx-top8avg-system,jp,19.8375,https://www.jepx.jp/_download.php?dir=spot_summary&file=spot_summary_2026.csv
2026-06-01,jepx-top8avg-system,jp,30.58,https://www.jepx.jp/_download.php?dir=spot_summary&file=spot_summary_2026.csv
2026-06-02,jepx-top8avg-system,jp,30.896250000000002,https://www.jepx.jp/_download.php?dir=spot_summary&file=spot_summary_2026.csv
2026-06-03,jepx-top8avg-system,jp,30.573749999999997,https://www.jepx.jp/_download.php?dir=spot_summary&file=spot_summary_2026.csv
2026-06-04,jepx-top8avg-system,jp,29.66,https://www.jepx.jp/_download.php?dir=spot_summary&file=spot_summary_2026.csv
2026-06-05,jepx-top8avg-system,jp,23.235,https://www.jepx.jp/_download.php?dir=spot_summary&file=spot_summary_2026.csv
2026-06-06,jepx-top8avg-system,jp,17.94,https://www.jepx.jp/_download.php?dir=spot_summary&file=spot_summary_2026.csv
2026-06-07,jepx-top8avg-system,jp,20.575,https://www.jepx.jp/_download.php?dir=spot_summary&file=spot_summary_2026.csv
2026-06-08,jepx-top8avg-system,jp,21.807499999999997,https://www.jepx.jp/_download.php?dir=spot_summary&file=spot_summary_2026.csv
2026-06-09,jepx-top8avg-system,jp,23.81625,https://www.jepx.jp/_download.php?dir=spot_summary&file=spot_summary_2026.csv
2026-06-10,jepx-top8avg-system,jp,19.384999999999998,https://www.jepx.jp/_download.php?dir=spot_summary&file=spot_summary_2026.csv
2026-06-11,jepx-top8avg-system,jp,18.63,https://www.jepx.jp/_download.php?dir=spot_summary&file=spot_summary_2026.csv
2026-06-12,jepx-top8avg-system,jp,17.96875,https://www.jepx.jp/_download.php?dir=spot_summary&file=spot_summary_2026.csv
2026-06-13,jepx-top8avg-system,jp,17.38625,https://www.jepx.jp/_download.php?dir=spot_summary&file=spot_summary_2026.csv
2026-06-14,jepx-top8avg-system,jp,18.25875,https://www.jepx.jp/_download.php?dir=spot_summary&file=spot_summary_2026.csv
2026-06-15,jepx-top8avg-system,jp,18.27375,https://www.jepx.jp/_download.php?dir=spot_summary&file=spot_summary_2026.csv
2026-06-16,jepx-top8avg-system,jp,19.8325,https://www.jepx.jp/_download.php?dir=spot_summary&file=spot_summary_2026.csv
2026-06-17,jepx-top8avg-system,jp,20.18875,https://www.jepx.jp/_download.php?dir=spot_summary&file=spot_summary_2026.csv
2026-06-18,jepx-top8avg-system,jp,22.48625,https://www.jepx.jp/_download.php?dir=spot_summary&file=spot_summary_2026.csv
2026-06-19,jepx-top8avg-system,jp,23.28875,https://www.jepx.jp/_download.php?dir=spot_summary&file=spot_summary_2026.csv
2026-06-20,jepx-top8avg-system,jp,17.20125,https://www.jepx.jp/_download.php?dir=spot_summary&file=spot_summary_2026.csv
2026-06-21,jepx-top8avg-system,jp,16.48375,https://www.jepx.jp/_download.php?dir=spot_summary&file=spot_summary_2026.csv
2026-06-22,jepx-top8avg-system,jp,17.856250000000003,https://www.jepx.jp/_download.php?dir=spot_summary&file=spot_summary_2026.csv
2026-06-23,jepx-top8avg-system,jp,17.9775,https://www.jepx.jp/_download.php?dir=spot_summary&file=spot_summary_2026.csv
2026-06-24,jepx-top8avg-system,jp,17.03125,https://www.jepx.jp/_download.php?dir=spot_summary&file=spot_summary_2026.csv
2026-06-25,jepx-top8avg-system,jp,18.38875,https://www.jepx.jp/_download.php?dir=spot_summary&file=spot_summary_2026.csv
2026-06-26,jepx-top8avg-system,jp,18.221249999999998,https://www.jepx.jp/_download.php?dir=spot_summary&file=spot_summary_2026.csv
2026-06-27,jepx-top8avg-system,jp,14.61875,https://www.jepx.jp/_download.php?dir=spot_summary&file=spot_summary_2026.csv
2026-06-28,jepx-top8avg-system,jp,14.170000000000002,https://www.jepx.jp/_download.php?dir=spot_summary&file=spot_summary_2026.csv
2026-06-29,jepx-top8avg-system,jp,18.557499999999997,https://www.jepx.jp/_download.php?dir=spot_summary&file=spot_summary_2026.csv
2026-06-30,jepx-top8avg-system,jp,16.53,https://www.jepx.jp/_download.php?dir=spot_summary&file=spot_summary_2026.csv
2026-07-01,jepx-top8avg-system,jp,19.91125,https://www.jepx.jp/_download.php?dir=spot_summary&file=spot_summary_2026.csv
2026-07-02,jepx-top8avg-system,jp,18.173750000000002,https://www.jepx.jp/_download.php?dir=spot_summary&file=spot_summary_2026.csv
2026-07-03,jepx-top8avg-system,jp,15.712500000000002,https://www.jepx.jp/_download.php?dir=spot_summary&file=spot_summary_2026.csv
2026-07-04,jepx-top8avg-system,jp,13.963750000000001,https://www.jepx.jp/_download.php?dir=spot_summary&file=spot_summary_2026.csv
2026-07-05,jepx-top8avg-system,jp,13.235,https://www.jepx.jp/_download.php?dir=spot_summary&file=spot_summary_2026.csv
2026-07-06,jepx-top8avg-system,jp,17.2775,https://www.jepx.jp/_download.php?dir=spot_summary&file=spot_summary_2026.csv
2026-07-07,jepx-top8avg-system,jp,18.10125,https://www.jepx.jp/_download.php?dir=spot_summary&file=spot_summary_2026.csv
2026-07-08,jepx-top8avg-system,jp,15.64875,https://www.jepx.jp/_download.php?dir=spot_summary&file=spot_summary_2026.csv
2026-07-09,jepx-top8avg-system,jp,17.488750000000003,https://www.jepx.jp/_download.php?dir=spot_summary&file=spot_summary_2026.csv
2026-07-10,jepx-top8avg-system,jp,21.625,https://www.jepx.jp/_download.php?dir=spot_summary&file=spot_summary_2026.csv
2026-07-11,jepx-top8avg-system,jp,21.9625,https://www.jepx.jp/_download.php?dir=spot_summary&file=spot_summary_2026.csv
2026-07-12,jepx-top8avg-system,jp,21.92625,https://www.jepx.jp/_download.php?dir=spot_summary&file=spot_summary_2026.csv
2026-07-13,jepx-top8avg-system,jp,29.8075,https://www.jepx.jp/_download.php?dir=spot_summary&file=spot_summary_2026.csv
2026-07-14,jepx-top8avg-system,jp,33.46625,https://www.jepx.jp/_download.php?dir=spot_summary&file=spot_summary_2026.csv
2026-07-15,jepx-top8avg-system,jp,31.75625,https://www.jepx.jp/_download.php?dir=spot_summary&file=spot_summary_2026.csv
2026-07-16,jepx-top8avg-system,jp,31.63125,https://www.jepx.jp/_download.php?dir=spot_summary&file=spot_summary_2026.csv
2026-07-17,jepx-top8avg-system,jp,27.705,https://www.jepx.jp/_download.php?dir=spot_summary&file=spot_summary_2026.csv
2026-07-18,jepx-top8avg-system,jp,24.536250000000003,https://www.jepx.jp/_download.php?dir=spot_summary&file=spot_summary_2026.csv
2026-07-19,jepx-top8avg-system,jp,25.06,https://www.jepx.jp/_download.php?dir=spot_summary&file=spot_summary_2026.csv
2026-07-20,jepx-top8avg-system,jp,31.195,https://www.jepx.jp/_download.php?dir=spot_summary&file=spot_summary_2026.csv
2026-07-21,jepx-top8avg-system,jp,31.76125,https://www.jepx.jp/_download.php?dir=spot_summary&file=spot_summary_2026.csv
2026-07-22,jepx-top8avg-system,jp,35.44375,https://www.jepx.jp/_download.php?dir=spot_summary&file=spot_summary_2026.csv
2026-07-23,jepx-top8avg-system,jp,46.245000000000005,https://www.jepx.jp/_download.php?dir=spot_summary&file=spot_summary_2026.csv
2026-07-24,jepx-top8avg-system,jp,41.04,https://www.jepx.jp/_download.php?dir=spot_summary&file=spot_summary_2026.csv
2026-07-25,jepx-top8avg-system,jp,29.73125,https://www.jepx.jp/_download.php?dir=spot_summary&file=spot_summary_2026.csv
2026-07-26,jepx-top8avg-system,jp,27.575,https://www.jepx.jp/_download.php?dir=spot_summary&file=spot_summary_2026.csv
2026-07-27,jepx-top8avg-system,jp,31.14125,https://www.jepx.jp/_download.php?dir=spot_summary&file=spot_summary_2026.csv
2026-07-28,jepx-top8avg-system,jp,31.323750000000004,https://www.jepx.jp/_download.php?dir=spot_summary&file=spot_summary_2026.csv
2026-07-29,jepx-top8avg-system,jp,31.446250000000003,https://www.jepx.jp/_download.php?dir=spot_summary&file=spot_summary_2026.csv
2026-07-30,jepx-top8avg-system,jp,33.66625,https://www.jepx.jp/_download.php?dir=spot_summary&file=spot_summary_2026.csv
2026-07-31,jepx-top8avg-system,jp,33.38375,https://www.jepx.jp/_download.php?dir=spot_summary&file=spot_summary_2026.csv
2026-08-01,jepx-top8avg-system,jp,29.146250000000002,https://www.jepx.jp/_download.php?dir=spot_summary&file=spot_summary_2026.csv
2026-08-02,jepx-top8avg-system,jp,25.595,https://www.jepx.jp/_download.php?dir=spot_summary&file=spot_summary_2026.csv
2026-08-03,jepx-top8avg-system,jp,27.387500000000003,https://www.jepx.jp/_download.php?dir=spot_summary&file=spot_summary_2026.csv
2026-08-04,jepx-top8avg-system,jp,29.765,https://www.jepx.jp/_download.php?dir=spot_summary&file=spot_summary_2026.csv
2026-08-05,jepx-top8avg-system,jp,31.461250000000003,https://www.jepx.jp/_download.php?dir=spot_summary&file=spot_summary_2026.csv
2026-08-06,jepx-top8avg-system,jp,34.942499999999995,https://www.jepx.jp/_download.php?dir=spot_summary&file=spot_summary_2026.csv
2026-08-07,jepx-top8avg-system,jp,31.668750000000003,https://www.jepx.jp/_download.php?dir=spot_summary&file=spot_summary_2026.csv
2026-08-08,jepx-top8avg-system,jp,27.1075,https://www.jepx.jp/_download.php?dir=spot_summary&file=spot_summary_2026.csv
2026-08-09,jepx-top8avg-system,jp,23.588749999999997,https://www.jepx.jp/_download.php?dir=spot_summary&file=spot_summary_2026.csv
2026-08-10,jepx-top8avg-system,jp,21.36,https://www.jepx.jp/_download.php?dir=spot_summary&file=spot_summary_2026.csv
2026-08-11,jepx-top8avg-system,jp,15.200000000000001,https://www.jepx.jp/_download.php?dir=spot_summary&file=spot_summary_2026.csv
2026-08-12,jepx-top8avg-system,jp,19.552500000000002,https://www.jepx.jp/_download.php?dir=spot_summary&file=spot_summary_2026.csv
2026-08-13,jepx-top8avg-system,jp,18.95375,https://www.jepx.jp/_download.php?dir=spot_summary&file=spot_summary_2026.csv
2026-08-14,jepx-top8avg-system,jp,17.48875,https://www.jepx.jp/_download.php?dir=spot_summary&file=spot_summary_2026.csv
2026-08-15,jepx-top8avg-system,jp,17.04875,https://www.jepx.jp/_download.php?dir=spot_summary&file=spot_summary_2026.csv
2026-08-16,jepx-top8avg-system,jp,19.362499999999997,https://www.jepx.jp/_download.php?dir=spot_summary&file=spot_summary_2026.csv
2026-08-17,jepx-top8avg-system,jp,29.415,https://www.jepx.jp/_download.php?dir=spot_summary&file=spot_summary_2026.csv
2026-08-18,jepx-top8avg-system,jp,31.04875,https://www.jepx.jp/_download.php?dir=spot_summary&file=spot_summary_2026.csv
2026-08-19,jepx-top8avg-system,jp,30.38875,https://www.jepx.jp/_download.php?dir=spot_summary&file=spot_summary_2026.csv
2026-08-20,jepx-top8avg-system,jp,30.5075,https://www.jepx.jp/_download.php?dir=spot_summary&file=spot_summary_2026.csv
2026-08-21,jepx-top8avg-system,jp,31.27375,https://www.jepx.jp/_download.php?dir=spot_summary&file=spot_summary_2026.csv
2026-08-22,jepx-top8avg-system,jp,25.7875,https://www.jepx.jp/_download.php?dir=spot_summary&file=spot_summary_2026.csv
2026-08-23,jepx-top8avg-system,jp,27.53875,https://www.jepx.jp/_download.php?dir=spot_summary&file=spot_summary_2026.csv
2026-08-24,jepx-top8avg-system,jp,32.04875,https://www.jepx.jp/_download.php?dir=spot_summary&file=spot_summary_2026.csv
2026-08-25,jepx-top8avg-system,jp,42.20125,https://www.jepx.jp/_download.php?dir=spot_summary&file=spot_summary_2026.csv
2026-08-26,jepx-top8avg-system,jp,48.13375,https://www.jepx.jp/_download.php?dir=spot_summary&file=spot_summary_2026.csv
2026-08-27,jepx-top8avg-system,jp,33.45625,https://www.jepx.jp/_download.php?dir=spot_summary&file=spot_summary_2026.csv
2026-08-28,jepx-top8avg-system,jp,32.48625,https://www.jepx.jp/_download.php?dir=spot_summary&file=spot_summary_2026.csv
2026-08-29,jepx-top8avg-system,jp,26.18375,https://www.jepx.jp/_download.php?dir=spot_summary&file=spot_summary_2026.csv
2026-08-30,jepx-top8avg-system,jp,26.80375,https://www.jepx.jp/_download.php?dir=spot_summary&file=spot_summary_2026.csv
2026-08-31,jepx-top8avg-system,jp,34.03125,https://www.jepx.jp/_download.php?dir=spot_summary&file=spot_summary_2026.csv
2026-09-01,jepx-top8avg-system,jp,37.416250000000005,https://www.jepx.jp/_download.php?dir=spot_summary&file=spot_summary_2026.csv
2026-09-02,jepx-top8avg-system,jp,40.3575,https://www.jepx.jp/_download.php?dir=spot_summary&file=spot_summary_2026.csv
2026-09-03,jepx-top8avg-system,jp,34.230000000000004,https://www.jepx.jp/_download.php?dir=spot_summary&file=spot_summary_2026.csv
2026-09-04,jepx-top8avg-system,jp,29.86625,https://www.jepx.jp/_download.php?dir=spot_summary&file=spot_summary_2026.csv
2026-09-05,jepx-top8avg-system,jp,20.06125,https://www.jepx.jp/_download.php?dir=spot_summary&file=spot_summary_2026.csv
2026-09-06,jepx-top8avg-system,jp,20.32375,https://www.jepx.jp/_download.php?dir=spot_summary&file=spot_summary_2026.csv
2026-09-07,jepx-top8avg-system,jp,30.957500000000003,https://www.jepx.jp/_download.php?dir=spot_summary&file=spot_summary_2026.csv
2026-09-08,jepx-top8avg-system,jp,31.493750000000002,https://www.jepx.jp/_download.php?dir=spot_summary&file=spot_summary_2026.csv
2026-09-09,jepx-top8avg-system,jp,26.05375,https://www.jepx.jp/_download.php?dir=spot_summary&file=spot_summary_2026.csv
2026-09-10,jepx-top8avg-system,jp,23.835,https://www.jepx.jp/_download.php?dir=spot_summary&file=spot_summary_2026.csv
2026-09-11,jepx-top8avg-system,jp,22.44,https://www.jepx.jp/_download.php?dir=spot_summary&file=spot_summary_2026.csv
2026-09-12,jepx-top8avg-system,jp,20.18625,https://www.jepx.jp/_download.php?dir=spot_summary&file=spot_summary_2026.csv
2026-09-13,jepx-top8avg-system,jp,22.4975,https://www.jepx.jp/_download.php?dir=spot_summary&file=spot_summary_2026.csv
2026-09-14,jepx-top8avg-system,jp,32.587500000000006,https://www.jepx.jp/_download.php?dir=spot_summary&file=spot_summary_2026.csv
2026-09-15,jepx-top8avg-system,jp,29.9375,https://www.jepx.jp/_download.php?dir=spot_summary&file=spot_summary_2026.csv
2026-09-16,jepx-top8avg-system,jp,26.5925,https://www.jepx.jp/_download.php?dir=spot_summary&file=spot_summary_2026.csv
2026-09-17,jepx-top8avg-system,jp,25.1925,https://www.jepx.jp/_download.php?dir=spot_summary&file=spot_summary_2026.csv
2026-09-18,jepx-top8avg-system,jp,23.692500000000003,https://www.jepx.jp/_download.php?dir=spot_summary&file=spot_summary_2026.csv
2026-09-19,jepx-top8avg-system,jp,22.177500000000002,https://www.jepx.jp/_download.php?dir=spot_summary&file=spot_summary_2026.csv
2026-09-20,jepx-top8avg-system,jp,23.6175,https://www.jepx.jp/_download.php?dir=spot_summary&file=spot_summary_2026.csv
2026-09-21,jepx-top8avg-system,jp,25.395,https://www.jepx.jp/_download.php?dir=spot_summary&file=spot_summary_2026.csv
2026-09-22,jepx-top8avg-system,jp,27.051250000000003,https://www.jepx.jp/_download.php?dir=spot_summary&file=spot_summary_2026.csv
2026-09-23,jepx-top8avg-system,jp,26.69125,https://www.jepx.jp/_download.php?dir=spot_summary&file=spot_summary_2026.csv
2026-09-24,jepx-top8avg-system,jp,35.741249999999994,https://www.jepx.jp/_download.php?dir=spot_summary&file=spot_summary_2026.csv
2026-09-25,jepx-top8avg-system,jp,26.75625,https://www.jepx.jp/_download.php?dir=spot_summary&file=spot_summary_2026.csv
2026-09-26,jepx-top8avg-system,jp,20.84125,https://www.jepx.jp/_download.php?dir=spot_summary&file=spot_summary_2026.csv
