date,indicator_id,region,value,source_url
2012-04-01,jepx-spread-range-kansai,kansai,2.75,https://www.jepx.jp/_download.php?dir=spot_summary&file=spot_summary_2012.csv
2012-04-02,jepx-spread-range-kansai,kansai,1.59,https://www.jepx.jp/_download.php?dir=spot_summary&file=spot_summary_2012.csv
2012-04-03,jepx-spread-range-kansai,kansai,3.82,https://www.jepx.jp/_download.php?dir=spot_summary&file=spot_summary_2012.csv
2012-04-04,jepx-spread-range-kansai,kansai,4.790000000000001,https://www.jepx.jp/_download.php?dir=spot_summary&file=spot_summary_2012.csv
2012-04-05,jepx-spread-range-kansai,kansai,5.1800000000000015,https://www.jepx.jp/_download.php?dir=spot_summary&file=spot_summary_2012.csv
2012-04-06,jepx-spread-range-kansai,kansai,7.0,https://www.jepx.jp/_download.php?dir=spot_summary&file=spot_summary_2012.csv
2012-04-07,jepx-spread-range-kansai,kansai,6.280000000000001,https://www.jepx.jp/_download.php?dir=spot_summary&file=spot_summary_2012.csv
2012-04-08,jepx-spread-range-kansai,kansai,4.890000000000001,https://www.jepx.jp/_download.php?dir=spot_summary&file=spot_summary_2012.csv
2012-04-09,jepx-spread-range-kansai,kansai,6.069999999999999,https://www.jepx.jp/_download.php?dir=spot_summary&file=spot_summary_2012.csv
2012-04-10,jepx-spread-range-kansai,kansai,5.890000000000002,https://www.jepx.jp/_download.php?dir=spot_summary&file=spot_summary_2012.csv
2012-04-11,jepx-spread-range-kansai,kansai,10.83,https://www.jepx.jp/_download.php?dir=spot_summary&file=spot_summary_2012.csv
2012-04-12,jepx-spread-range-kansai,kansai,5.489999999999998,https://www.jepx.jp/_download.php?dir=spot_summary&file=spot_summary_2012.csv
2012-04-13,jepx-spread-range-kansai,kansai,6.330000000000002,https://www.jepx.jp/_download.php?dir=spot_summary&file=spot_summary_2012.csv
2012-04-14,jepx-spread-range-kansai,kansai,4.280000000000001,https://www.jepx.jp/_download.php?dir=spot_summary&file=spot_summary_2012.csv
2012-04-15,jepx-spread-range-kansai,kansai,3.91,https://www.jepx.jp/_download.php?dir=spot_summary&file=spot_summary_2012.csv
2012-04-16,jepx-spread-range-kansai,kansai,4.719999999999999,https://www.jepx.jp/_download.php?dir=spot_summary&file=spot_summary_2012.csv
2012-04-17,jepx-spread-range-kansai,kansai,4.399999999999999,https://www.jepx.jp/_download.php?dir=spot_summary&file=spot_summary_2012.csv
2012-04-18,jepx-spread-range-kansai,kansai,4.23,https://www.jepx.jp/_download.php?dir=spot_summary&file=spot_summary_2012.csv
2012-04-19,jepx-spread-range-kansai,kansai,4.819999999999999,https://www.jepx.jp/_download.php?dir=spot_summary&file=spot_summary_2012.csv
2012-04-20,jepx-spread-range-kansai,kansai,4.819999999999999,https://www.jepx.jp/_download.php?dir=spot_summary&file=spot_summary_2012.csv
2012-04-21,jepx-spread-range-kansai,kansai,3.049999999999999,https://www.jepx.jp/_download.php?dir=spot_summary&file=spot_summary_2012.csv
2012-04-22,jepx-spread-range-kansai,kansai,2.8599999999999994,https://www.jepx.jp/_download.php?dir=spot_summary&file=spot_summary_2012.csv
2012-04-23,jepx-spread-range-kansai,kansai,3.690000000000001,https://www.jepx.jp/_download.php?dir=spot_summary&file=spot_summary_2012.csv
2012-04-24,jepx-spread-range-kansai,kansai,6.07,https://www.jepx.jp/_download.php?dir=spot_summary&file=spot_summary_2012.csv
2012-04-25,jepx-spread-range-kansai,kansai,10.85,https://www.jepx.jp/_download.php?dir=spot_summary&file=spot_summary_2012.csv
2012-04-26,jepx-spread-range-kansai,kansai,13.67,https://www.jepx.jp/_download.php?dir=spot_summary&file=spot_summary_2012.csv
2012-04-27,jepx-spread-range-kansai,kansai,8.799999999999999,https://www.jepx.jp/_download.php?dir=spot_summary&file=spot_summary_2012.csv
2012-04-28,jepx-spread-range-kansai,kansai,3.789999999999999,https://www.jepx.jp/_download.php?dir=spot_summary&file=spot_summary_2012.csv
2012-04-29,jepx-spread-range-kansai,kansai,4.560000000000002,https://www.jepx.jp/_download.php?dir=spot_summary&file=spot_summary_2012.csv
2012-04-30,jepx-spread-range-kansai,kansai,4.710000000000001,https://www.jepx.jp/_download.php?dir=spot_summary&file=spot_summary_2012.csv
2012-05-01,jepx-spread-range-kansai,kansai,8.78,https://www.jepx.jp/_download.php?dir=spot_summary&file=spot_summary_2012.csv
2012-05-02,jepx-spread-range-kansai,kansai,8.889999999999999,https://www.jepx.jp/_download.php?dir=spot_summary&file=spot_summary_2012.csv
2012-05-03,jepx-spread-range-kansai,kansai,3.9,https://www.jepx.jp/_download.php?dir=spot_summary&file=spot_summary_2012.csv
2012-05-04,jepx-spread-range-kansai,kansai,6.1800000000000015,https://www.jepx.jp/_download.php?dir=spot_summary&file=spot_summary_2012.csv
2012-05-05,jepx-spread-range-kansai,kansai,5.789999999999999,https://www.jepx.jp/_download.php?dir=spot_summary&file=spot_summary_2012.csv
2012-05-06,jepx-spread-range-kansai,kansai,4.220000000000001,https://www.jepx.jp/_download.php?dir=spot_summary&file=spot_summary_2012.csv
2012-05-07,jepx-spread-range-kansai,kansai,13.12,https://www.jepx.jp/_download.php?dir=spot_summary&file=spot_summary_2012.csv
2012-05-08,jepx-spread-range-kansai,kansai,11.17,https://www.jepx.jp/_download.php?dir=spot_summary&file=spot_summary_2012.csv
2012-05-09,jepx-spread-range-kansai,kansai,10.689999999999998,https://www.jepx.jp/_download.php?dir=spot_summary&file=spot_summary_2012.csv
2012-05-10,jepx-spread-range-kansai,kansai,11.599999999999998,https://www.jepx.jp/_download.php?dir=spot_summary&file=spot_summary_2012.csv
2012-05-11,jepx-spread-range-kansai,kansai,10.29,https://www.jepx.jp/_download.php?dir=spot_summary&file=spot_summary_2012.csv
2012-05-12,jepx-spread-range-kansai,kansai,2.41,https://www.jepx.jp/_download.php?dir=spot_summary&file=spot_summary_2012.csv
2012-05-13,jepx-spread-range-kansai,kansai,2.890000000000001,https://www.jepx.jp/_download.php?dir=spot_summary&file=spot_summary_2012.csv
2012-05-14,jepx-spread-range-kansai,kansai,7.860000000000001,https://www.jepx.jp/_download.php?dir=spot_summary&file=spot_summary_2012.csv
2012-05-15,jepx-spread-range-kansai,kansai,11.42,https://www.jepx.jp/_download.php?dir=spot_summary&file=spot_summary_2012.csv
2012-05-16,jepx-spread-range-kansai,kansai,11.19,https://www.jepx.jp/_download.php?dir=spot_summary&file=spot_summary_2012.csv
2012-05-17,jepx-spread-range-kansai,kansai,9.63,https://www.jepx.jp/_download.php?dir=spot_summary&file=spot_summary_2012.csv
2012-05-18,jepx-spread-range-kansai,kansai,3.549999999999999,https://www.jepx.jp/_download.php?dir=spot_summary&file=spot_summary_2012.csv
2012-05-19,jepx-spread-range-kansai,kansai,3.53,https://www.jepx.jp/_download.php?dir=spot_summary&file=spot_summary_2012.csv
2012-05-20,jepx-spread-range-kansai,kansai,3.5500000000000007,https://www.jepx.jp/_download.php?dir=spot_summary&file=spot_summary_2012.csv
2012-05-21,jepx-spread-range-kansai,kansai,16.47,https://www.jepx.jp/_download.php?dir=spot_summary&file=spot_summary_2012.csv
2012-05-22,jepx-spread-range-kansai,kansai,8.47,https://www.jepx.jp/_download.php?dir=spot_summary&file=spot_summary_2012.csv
2012-05-23,jepx-spread-range-kansai,kansai,4.270000000000001,https://www.jepx.jp/_download.php?dir=spot_summary&file=spot_summary_2012.csv
2012-05-24,jepx-spread-range-kansai,kansai,8.6,https://www.jepx.jp/_download.php?dir=spot_summary&file=spot_summary_2012.csv
2012-05-25,jepx-spread-range-kansai,kansai,7.9,https://www.jepx.jp/_download.php?dir=spot_summary&file=spot_summary_2012.csv
2012-05-26,jepx-spread-range-kansai,kansai,2.93,https://www.jepx.jp/_download.php?dir=spot_summary&file=spot_summary_2012.csv
2012-05-27,jepx-spread-range-kansai,kansai,1.17,https://www.jepx.jp/_download.php?dir=spot_summary&file=spot_summary_2012.csv
2012-05-28,jepx-spread-range-kansai,kansai,6.780000000000001,https://www.jepx.jp/_download.php?dir=spot_summary&file=spot_summary_2012.csv
2012-05-29,jepx-spread-range-kansai,kansai,5.720000000000002,https://www.jepx.jp/_download.php?dir=spot_summary&file=spot_summary_2012.csv
2012-05-30,jepx-spread-range-kansai,kansai,6.5,https://www.jepx.jp/_download.php?dir=spot_summary&file=spot_summary_2012.csv
2012-05-31,jepx-spread-range-kansai,kansai,7.629999999999999,https://www.jepx.jp/_download.php?dir=spot_summary&file=spot_summary_2012.csv
2012-06-01,jepx-spread-range-kansai,kansai,6.68,https://www.jepx.jp/_download.php?dir=spot_summary&file=spot_summary_2012.csv
2012-06-02,jepx-spread-range-kansai,kansai,2.0,https://www.jepx.jp/_download.php?dir=spot_summary&file=spot_summary_2012.csv
2012-06-03,jepx-spread-range-kansai,kansai,1.5600000000000005,https://www.jepx.jp/_download.php?dir=spot_summary&file=spot_summary_2012.csv
2012-06-04,jepx-spread-range-kansai,kansai,6.84,https://www.jepx.jp/_download.php?dir=spot_summary&file=spot_summary_2012.csv
2012-06-05,jepx-spread-range-kansai,kansai,7.84,https://www.jepx.jp/_download.php?dir=spot_summary&file=spot_summary_2012.csv
2012-06-06,jepx-spread-range-kansai,kansai,6.73,https://www.jepx.jp/_download.php?dir=spot_summary&file=spot_summary_2012.csv
2012-06-07,jepx-spread-range-kansai,kansai,6.69,https://www.jepx.jp/_download.php?dir=spot_summary&file=spot_summary_2012.csv
2012-06-08,jepx-spread-range-kansai,kansai,3.26,https://www.jepx.jp/_download.php?dir=spot_summary&file=spot_summary_2012.csv
2012-06-09,jepx-spread-range-kansai,kansai,1.5199999999999996,https://www.jepx.jp/_download.php?dir=spot_summary&file=spot_summary_2012.csv
2012-06-10,jepx-spread-range-kansai,kansai,1.3899999999999988,https://www.jepx.jp/_download.php?dir=spot_summary&file=spot_summary_2012.csv
2012-06-11,jepx-spread-range-kansai,kansai,6.879999999999999,https://www.jepx.jp/_download.php?dir=spot_summary&file=spot_summary_2012.csv
2012-06-12,jepx-spread-range-kansai,kansai,6.460000000000001,https://www.jepx.jp/_download.php?dir=spot_summary&file=spot_summary_2012.csv
2012-06-13,jepx-spread-range-kansai,kansai,3.120000000000001,https://www.jepx.jp/_download.php?dir=spot_summary&file=spot_summary_2012.csv
2012-06-14,jepx-spread-range-kansai,kansai,4.610000000000001,https://www.jepx.jp/_download.php?dir=spot_summary&file=spot_summary_2012.csv
2012-06-15,jepx-spread-range-kansai,kansai,3.380000000000001,https://www.jepx.jp/_download.php?dir=spot_summary&file=spot_summary_2012.csv
2012-06-16,jepx-spread-range-kansai,kansai,1.99,https://www.jepx.jp/_download.php?dir=spot_summary&file=spot_summary_2012.csv
2012-06-17,jepx-spread-range-kansai,kansai,2.83,https://www.jepx.jp/_download.php?dir=spot_summary&file=spot_summary_2012.csv
2012-06-18,jepx-spread-range-kansai,kansai,6.179999999999998,https://www.jepx.jp/_download.php?dir=spot_summary&file=spot_summary_2012.csv
2012-06-19,jepx-spread-range-kansai,kansai,6.0600000000000005,https://www.jepx.jp/_download.php?dir=spot_summary&file=spot_summary_2012.csv
2012-06-20,jepx-spread-range-kansai,kansai,13.189999999999998,https://www.jepx.jp/_download.php?dir=spot_summary&file=spot_summary_2012.csv
2012-06-21,jepx-spread-range-kansai,kansai,7.16,https://www.jepx.jp/_download.php?dir=spot_summary&file=spot_summary_2012.csv
2012-06-22,jepx-spread-range-kansai,kansai,7.780000000000001,https://www.jepx.jp/_download.php?dir=spot_summary&file=spot_summary_2012.csv
2012-06-23,jepx-spread-range-kansai,kansai,3.83,https://www.jepx.jp/_download.php?dir=spot_summary&file=spot_summary_2012.csv
2012-06-24,jepx-spread-range-kansai,kansai,3.92,https://www.jepx.jp/_download.php?dir=spot_summary&file=spot_summary_2012.csv
2012-06-25,jepx-spread-range-kansai,kansai,5.220000000000001,https://www.jepx.jp/_download.php?dir=spot_summary&file=spot_summary_2012.csv
2012-06-26,jepx-spread-range-kansai,kansai,4.119999999999999,https://www.jepx.jp/_download.php?dir=spot_summary&file=spot_summary_2012.csv
2012-06-27,jepx-spread-range-kansai,kansai,4.949999999999999,https://www.jepx.jp/_download.php?dir=spot_summary&file=spot_summary_2012.csv
2012-06-28,jepx-spread-range-kansai,kansai,5.73,https://www.jepx.jp/_download.php?dir=spot_summary&file=spot_summary_2012.csv
2012-06-29,jepx-spread-range-kansai,kansai,5.739999999999998,https://www.jepx.jp/_download.php?dir=spot_summary&file=spot_summary_2012.csv
2012-06-30,jepx-spread-range-kansai,kansai,4.1,https://www.jepx.jp/_download.php?dir=spot_summary&file=spot_summary_2012.csv
2012-07-01,jepx-spread-range-kansai,kansai,3.25,https://www.jepx.jp/_download.php?dir=spot_summary&file=spot_summary_2012.csv
2012-07-02,jepx-spread-range-kansai,kansai,5.370000000000001,https://www.jepx.jp/_download.php?dir=spot_summary&file=spot_summary_2012.csv
2012-07-03,jepx-spread-range-kansai,kansai,4.83,https://www.jepx.jp/_download.php?dir=spot_summary&file=spot_summary_2012.csv
2012-07-04,jepx-spread-range-kansai,kansai,5.539999999999999,https://www.jepx.jp/_download.php?dir=spot_summary&file=spot_summary_2012.csv
2012-07-05,jepx-spread-range-kansai,kansai,5.350000000000001,https://www.jepx.jp/_download.php?dir=spot_summary&file=spot_summary_2012.csv
2012-07-06,jepx-spread-range-kansai,kansai,5.890000000000001,https://www.jepx.jp/_download.php?dir=spot_summary&file=spot_summary_2012.csv
2012-07-07,jepx-spread-range-kansai,kansai,5.680000000000001,https://www.jepx.jp/_download.php?dir=spot_summary&file=spot_summary_2012.csv
2012-07-08,jepx-spread-range-kansai,kansai,4.52,https://www.jepx.jp/_download.php?dir=spot_summary&file=spot_summary_2012.csv
2012-07-09,jepx-spread-range-kansai,kansai,6.699999999999999,https://www.jepx.jp/_download.php?dir=spot_summary&file=spot_summary_2012.csv
2012-07-10,jepx-spread-range-kansai,kansai,6.709999999999999,https://www.jepx.jp/_download.php?dir=spot_summary&file=spot_summary_2012.csv
2012-07-11,jepx-spread-range-kansai,kansai,5.77,https://www.jepx.jp/_download.php?dir=spot_summary&file=spot_summary_2012.csv
2012-07-12,jepx-spread-range-kansai,kansai,6.25,https://www.jepx.jp/_download.php?dir=spot_summary&file=spot_summary_2012.csv
2012-07-13,jepx-spread-range-kansai,kansai,6.42,https://www.jepx.jp/_download.php?dir=spot_summary&file=spot_summary_2012.csv
2012-07-14,jepx-spread-range-kansai,kansai,4.54,https://www.jepx.jp/_download.php?dir=spot_summary&file=spot_summary_2012.csv
2012-07-15,jepx-spread-range-kansai,kansai,5.01,https://www.jepx.jp/_download.php?dir=spot_summary&file=spot_summary_2012.csv
2012-07-16,jepx-spread-range-kansai,kansai,5.11,https://www.jepx.jp/_download.php?dir=spot_summary&file=spot_summary_2012.csv
2012-07-17,jepx-spread-range-kansai,kansai,6.42,https://www.jepx.jp/_download.php?dir=spot_summary&file=spot_summary_2012.csv
2012-07-18,jepx-spread-range-kansai,kansai,9.45,https://www.jepx.jp/_download.php?dir=spot_summary&file=spot_summary_2012.csv
2012-07-19,jepx-spread-range-kansai,kansai,11.09,https://www.jepx.jp/_download.php?dir=spot_summary&file=spot_summary_2012.csv
2012-07-20,jepx-spread-range-kansai,kansai,6.92,https://www.jepx.jp/_download.php?dir=spot_summary&file=spot_summary_2012.csv
2012-07-21,jepx-spread-range-kansai,kansai,4.530000000000001,https://www.jepx.jp/_download.php?dir=spot_summary&file=spot_summary_2012.csv
2012-07-22,jepx-spread-range-kansai,kansai,4.5200000000000005,https://www.jepx.jp/_download.php?dir=spot_summary&file=spot_summary_2012.csv
2012-07-23,jepx-spread-range-kansai,kansai,12.47,https://www.jepx.jp/_download.php?dir=spot_summary&file=spot_summary_2012.csv
2012-07-24,jepx-spread-range-kansai,kansai,12.78,https://www.jepx.jp/_download.php?dir=spot_summary&file=spot_summary_2012.csv
2012-07-25,jepx-spread-range-kansai,kansai,12.79,https://www.jepx.jp/_download.php?dir=spot_summary&file=spot_summary_2012.csv
2012-07-26,jepx-spread-range-kansai,kansai,12.64,https://www.jepx.jp/_download.php?dir=spot_summary&file=spot_summary_2012.csv
2012-07-27,jepx-spread-range-kansai,kansai,14.079999999999998,https://www.jepx.jp/_download.php?dir=spot_summary&file=spot_summary_2012.csv
2012-07-28,jepx-spread-range-kansai,kansai,6.749999999999999,https://www.jepx.jp/_download.php?dir=spot_summary&file=spot_summary_2012.csv
2012-07-29,jepx-spread-range-kansai,kansai,5.59,https://www.jepx.jp/_download.php?dir=spot_summary&file=spot_summary_2012.csv
2012-07-30,jepx-spread-range-kansai,kansai,17.66,https://www.jepx.jp/_download.php?dir=spot_summary&file=spot_summary_2012.csv
2012-07-31,jepx-spread-range-kansai,kansai,27.16,https://www.jepx.jp/_download.php?dir=spot_summary&file=spot_summary_2012.csv
2012-08-01,jepx-spread-range-kansai,kansai,15.759999999999998,https://www.jepx.jp/_download.php?dir=spot_summary&file=spot_summary_2012.csv
2012-08-02,jepx-spread-range-kansai,kansai,17.88,https://www.jepx.jp/_download.php?dir=spot_summary&file=spot_summary_2012.csv
2012-08-03,jepx-spread-range-kansai,kansai,30.15,https://www.jepx.jp/_download.php?dir=spot_summary&file=spot_summary_2012.csv
2012-08-04,jepx-spread-range-kansai,kansai,5.33,https://www.jepx.jp/_download.php?dir=spot_summary&file=spot_summary_2012.csv
2012-08-05,jepx-spread-range-kansai,kansai,4.35,https://www.jepx.jp/_download.php?dir=spot_summary&file=spot_summary_2012.csv
2012-08-06,jepx-spread-range-kansai,kansai,12.609999999999998,https://www.jepx.jp/_download.php?dir=spot_summary&file=spot_summary_2012.csv
2012-08-07,jepx-spread-range-kansai,kansai,11.89,https://www.jepx.jp/_download.php?dir=spot_summary&file=spot_summary_2012.csv
2012-08-08,jepx-spread-range-kansai,kansai,12.87,https://www.jepx.jp/_download.php?dir=spot_summary&file=spot_summary_2012.csv
2012-08-09,jepx-spread-range-kansai,kansai,11.63,https://www.jepx.jp/_download.php?dir=spot_summary&file=spot_summary_2012.csv
2012-08-10,jepx-spread-range-kansai,kansai,11.449999999999998,https://www.jepx.jp/_download.php?dir=spot_summary&file=spot_summary_2012.csv
2012-08-11,jepx-spread-range-kansai,kansai,4.24,https://www.jepx.jp/_download.php?dir=spot_summary&file=spot_summary_2012.csv
2012-08-12,jepx-spread-range-kansai,kansai,4.25,https://www.jepx.jp/_download.php?dir=spot_summary&file=spot_summary_2012.csv
2012-08-13,jepx-spread-range-kansai,kansai,4.739999999999998,https://www.jepx.jp/_download.php?dir=spot_summary&file=spot_summary_2012.csv
2012-08-14,jepx-spread-range-kansai,kansai,4.760000000000002,https://www.jepx.jp/_download.php?dir=spot_summary&file=spot_summary_2012.csv
2012-08-15,jepx-spread-range-kansai,kansai,5.709999999999999,https://www.jepx.jp/_download.php?dir=spot_summary&file=spot_summary_2012.csv
2012-08-16,jepx-spread-range-kansai,kansai,6.440000000000001,https://www.jepx.jp/_download.php?dir=spot_summary&file=spot_summary_2012.csv
2012-08-17,jepx-spread-range-kansai,kansai,10.29,https://www.jepx.jp/_download.php?dir=spot_summary&file=spot_summary_2012.csv
2012-08-18,jepx-spread-range-kansai,kansai,4.359999999999999,https://www.jepx.jp/_download.php?dir=spot_summary&file=spot_summary_2012.csv
2012-08-19,jepx-spread-range-kansai,kansai,5.379999999999999,https://www.jepx.jp/_download.php?dir=spot_summary&file=spot_summary_2012.csv
2012-08-20,jepx-spread-range-kansai,kansai,30.090000000000003,https://www.jepx.jp/_download.php?dir=spot_summary&file=spot_summary_2012.csv
2012-08-21,jepx-spread-range-kansai,kansai,30.120000000000005,https://www.jepx.jp/_download.php?dir=spot_summary&file=spot_summary_2012.csv
2012-08-22,jepx-spread-range-kansai,kansai,9.05,https://www.jepx.jp/_download.php?dir=spot_summary&file=spot_summary_2012.csv
2012-08-23,jepx-spread-range-kansai,kansai,26.08,https://www.jepx.jp/_download.php?dir=spot_summary&file=spot_summary_2012.csv
2012-08-24,jepx-spread-range-kansai,kansai,29.590000000000003,https://www.jepx.jp/_download.php?dir=spot_summary&file=spot_summary_2012.csv
2012-08-25,jepx-spread-range-kansai,kansai,4.640000000000001,https://www.jepx.jp/_download.php?dir=spot_summary&file=spot_summary_2012.csv
2012-08-26,jepx-spread-range-kansai,kansai,3.7200000000000006,https://www.jepx.jp/_download.php?dir=spot_summary&file=spot_summary_2012.csv
2012-08-27,jepx-spread-range-kansai,kansai,13.42,https://www.jepx.jp/_download.php?dir=spot_summary&file=spot_summary_2012.csv
2012-08-28,jepx-spread-range-kansai,kansai,23.18,https://www.jepx.jp/_download.php?dir=spot_summary&file=spot_summary_2012.csv
2012-08-29,jepx-spread-range-kansai,kansai,30.0,https://www.jepx.jp/_download.php?dir=spot_summary&file=spot_summary_2012.csv
2012-08-30,jepx-spread-range-kansai,kansai,24.17,https://www.jepx.jp/_download.php?dir=spot_summary&file=spot_summary_2012.csv
2012-08-31,jepx-spread-range-kansai,kansai,25.72,https://www.jepx.jp/_download.php?dir=spot_summary&file=spot_summary_2012.csv
2012-09-01,jepx-spread-range-kansai,kansai,6.340000000000002,https://www.jepx.jp/_download.php?dir=spot_summary&file=spot_summary_2012.csv
2012-09-02,jepx-spread-range-kansai,kansai,5.49,https://www.jepx.jp/_download.php?dir=spot_summary&file=spot_summary_2012.csv
2012-09-03,jepx-spread-range-kansai,kansai,11.909999999999998,https://www.jepx.jp/_download.php?dir=spot_summary&file=spot_summary_2012.csv
2012-09-04,jepx-spread-range-kansai,kansai,29.47,https://www.jepx.jp/_download.php?dir=spot_summary&file=spot_summary_2012.csv
2012-09-05,jepx-spread-range-kansai,kansai,13.24,https://www.jepx.jp/_download.php?dir=spot_summary&file=spot_summary_2012.csv
2012-09-06,jepx-spread-range-kansai,kansai,7.4300000000000015,https://www.jepx.jp/_download.php?dir=spot_summary&file=spot_summary_2012.csv
2012-09-07,jepx-spread-range-kansai,kansai,7.57,https://www.jepx.jp/_download.php?dir=spot_summary&file=spot_summary_2012.csv
2012-09-08,jepx-spread-range-kansai,kansai,4.23,https://www.jepx.jp/_download.php?dir=spot_summary&file=spot_summary_2012.csv
2012-09-09,jepx-spread-range-kansai,kansai,4.199999999999999,https://www.jepx.jp/_download.php?dir=spot_summary&file=spot_summary_2012.csv
2012-09-10,jepx-spread-range-kansai,kansai,6.58,https://www.jepx.jp/_download.php?dir=spot_summary&file=spot_summary_2012.csv
2012-09-11,jepx-spread-range-kansai,kansai,10.07,https://www.jepx.jp/_download.php?dir=spot_summary&file=spot_summary_2012.csv
2012-09-12,jepx-spread-range-kansai,kansai,9.749999999999998,https://www.jepx.jp/_download.php?dir=spot_summary&file=spot_summary_2012.csv
2012-09-13,jepx-spread-range-kansai,kansai,10.22,https://www.jepx.jp/_download.php?dir=spot_summary&file=spot_summary_2012.csv
2012-09-14,jepx-spread-range-kansai,kansai,10.49,https://www.jepx.jp/_download.php?dir=spot_summary&file=spot_summary_2012.csv
2012-09-15,jepx-spread-range-kansai,kansai,2.870000000000001,https://www.jepx.jp/_download.php?dir=spot_summary&file=spot_summary_2012.csv
2012-09-16,jepx-spread-range-kansai,kansai,3.41,https://www.jepx.jp/_download.php?dir=spot_summary&file=spot_summary_2012.csv
2012-09-17,jepx-spread-range-kansai,kansai,6.639999999999999,https://www.jepx.jp/_download.php?dir=spot_summary&file=spot_summary_2012.csv
2012-09-18,jepx-spread-range-kansai,kansai,9.47,https://www.jepx.jp/_download.php?dir=spot_summary&file=spot_summary_2012.csv
2012-09-19,jepx-spread-range-kansai,kansai,5.42,https://www.jepx.jp/_download.php?dir=spot_summary&file=spot_summary_2012.csv
2012-09-20,jepx-spread-range-kansai,kansai,5.209999999999999,https://www.jepx.jp/_download.php?dir=spot_summary&file=spot_summary_2012.csv
2012-09-21,jepx-spread-range-kansai,kansai,6.039999999999999,https://www.jepx.jp/_download.php?dir=spot_summary&file=spot_summary_2012.csv
2012-09-22,jepx-spread-range-kansai,kansai,5.8100000000000005,https://www.jepx.jp/_download.php?dir=spot_summary&file=spot_summary_2012.csv
2012-09-23,jepx-spread-range-kansai,kansai,5.65,https://www.jepx.jp/_download.php?dir=spot_summary&file=spot_summary_2012.csv
2012-09-24,jepx-spread-range-kansai,kansai,6.239999999999999,https://www.jepx.jp/_download.php?dir=spot_summary&file=spot_summary_2012.csv
2012-09-25,jepx-spread-range-kansai,kansai,6.420000000000001,https://www.jepx.jp/_download.php?dir=spot_summary&file=spot_summary_2012.csv
2012-09-26,jepx-spread-range-kansai,kansai,7.580000000000001,https://www.jepx.jp/_download.php?dir=spot_summary&file=spot_summary_2012.csv
2012-09-27,jepx-spread-range-kansai,kansai,7.24,https://www.jepx.jp/_download.php?dir=spot_summary&file=spot_summary_2012.csv
2012-09-28,jepx-spread-range-kansai,kansai,7.550000000000001,https://www.jepx.jp/_download.php?dir=spot_summary&file=spot_summary_2012.csv
2012-09-29,jepx-spread-range-kansai,kansai,5.98,https://www.jepx.jp/_download.php?dir=spot_summary&file=spot_summary_2012.csv
2012-09-30,jepx-spread-range-kansai,kansai,6.3100000000000005,https://www.jepx.jp/_download.php?dir=spot_summary&file=spot_summary_2012.csv
2012-10-01,jepx-spread-range-kansai,kansai,8.639999999999999,https://www.jepx.jp/_download.php?dir=spot_summary&file=spot_summary_2012.csv
2012-10-02,jepx-spread-range-kansai,kansai,5.5,https://www.jepx.jp/_download.php?dir=spot_summary&file=spot_summary_2012.csv
2012-10-03,jepx-spread-range-kansai,kansai,5.0600000000000005,https://www.jepx.jp/_download.php?dir=spot_summary&file=spot_summary_2012.csv
2012-10-04,jepx-spread-range-kansai,kansai,7.629999999999999,https://www.jepx.jp/_download.php?dir=spot_summary&file=spot_summary_2012.csv
2012-10-05,jepx-spread-range-kansai,kansai,5.469999999999999,https://www.jepx.jp/_download.php?dir=spot_summary&file=spot_summary_2012.csv
2012-10-06,jepx-spread-range-kansai,kansai,2.8200000000000003,https://www.jepx.jp/_download.php?dir=spot_summary&file=spot_summary_2012.csv
2012-10-07,jepx-spread-range-kansai,kansai,3.209999999999999,https://www.jepx.jp/_download.php?dir=spot_summary&file=spot_summary_2012.csv
2012-10-08,jepx-spread-range-kansai,kansai,3.2200000000000006,https://www.jepx.jp/_download.php?dir=spot_summary&file=spot_summary_2012.csv
2012-10-09,jepx-spread-range-kansai,kansai,4.510000000000002,https://www.jepx.jp/_download.php?dir=spot_summary&file=spot_summary_2012.csv
2012-10-10,jepx-spread-range-kansai,kansai,5.18,https://www.jepx.jp/_download.php?dir=spot_summary&file=spot_summary_2012.csv
2012-10-11,jepx-spread-range-kansai,kansai,7.229999999999999,https://www.jepx.jp/_download.php?dir=spot_summary&file=spot_summary_2012.csv
2012-10-12,jepx-spread-range-kansai,kansai,7.82,https://www.jepx.jp/_download.php?dir=spot_summary&file=spot_summary_2012.csv
2012-10-13,jepx-spread-range-kansai,kansai,3.1999999999999997,https://www.jepx.jp/_download.php?dir=spot_summary&file=spot_summary_2012.csv
2012-10-14,jepx-spread-range-kansai,kansai,2.0700000000000003,https://www.jepx.jp/_download.php?dir=spot_summary&file=spot_summary_2012.csv
2012-10-15,jepx-spread-range-kansai,kansai,3.6999999999999993,https://www.jepx.jp/_download.php?dir=spot_summary&file=spot_summary_2012.csv
2012-10-16,jepx-spread-range-kansai,kansai,5.029999999999998,https://www.jepx.jp/_download.php?dir=spot_summary&file=spot_summary_2012.csv
2012-10-17,jepx-spread-range-kansai,kansai,7.049999999999999,https://www.jepx.jp/_download.php?dir=spot_summary&file=spot_summary_2012.csv
2012-10-18,jepx-spread-range-kansai,kansai,4.050000000000001,https://www.jepx.jp/_download.php?dir=spot_summary&file=spot_summary_2012.csv
2012-10-19,jepx-spread-range-kansai,kansai,2.08,https://www.jepx.jp/_download.php?dir=spot_summary&file=spot_summary_2012.csv
2012-10-20,jepx-spread-range-kansai,kansai,1.9499999999999995,https://www.jepx.jp/_download.php?dir=spot_summary&file=spot_summary_2012.csv
2012-10-21,jepx-spread-range-kansai,kansai,2.200000000000001,https://www.jepx.jp/_download.php?dir=spot_summary&file=spot_summary_2012.csv
2012-10-22,jepx-spread-range-kansai,kansai,6.57,https://www.jepx.jp/_download.php?dir=spot_summary&file=spot_summary_2012.csv
2012-10-23,jepx-spread-range-kansai,kansai,2.41,https://www.jepx.jp/_download.php?dir=spot_summary&file=spot_summary_2012.csv
2012-10-24,jepx-spread-range-kansai,kansai,2.28,https://www.jepx.jp/_download.php?dir=spot_summary&file=spot_summary_2012.csv
2012-10-25,jepx-spread-range-kansai,kansai,2.49,https://www.jepx.jp/_download.php?dir=spot_summary&file=spot_summary_2012.csv
2012-10-26,jepx-spread-range-kansai,kansai,2.34,https://www.jepx.jp/_download.php?dir=spot_summary&file=spot_summary_2012.csv
2012-10-27,jepx-spread-range-kansai,kansai,2.3100000000000005,https://www.jepx.jp/_download.php?dir=spot_summary&file=spot_summary_2012.csv
2012-10-28,jepx-spread-range-kansai,kansai,2.369999999999999,https://www.jepx.jp/_download.php?dir=spot_summary&file=spot_summary_2012.csv
2012-10-29,jepx-spread-range-kansai,kansai,3.08,https://www.jepx.jp/_download.php?dir=spot_summary&file=spot_summary_2012.csv
2012-10-30,jepx-spread-range-kansai,kansai,3.26,https://www.jepx.jp/_download.php?dir=spot_summary&file=spot_summary_2012.csv
2012-10-31,jepx-spread-range-kansai,kansai,2.83,https://www.jepx.jp/_download.php?dir=spot_summary&file=spot_summary_2012.csv
2012-11-01,jepx-spread-range-kansai,kansai,3.210000000000001,https://www.jepx.jp/_download.php?dir=spot_summary&file=spot_summary_2012.csv
2012-11-02,jepx-spread-range-kansai,kansai,2.219999999999999,https://www.jepx.jp/_download.php?dir=spot_summary&file=spot_summary_2012.csv
2012-11-03,jepx-spread-range-kansai,kansai,3.140000000000001,https://www.jepx.jp/_download.php?dir=spot_summary&file=spot_summary_2012.csv
2012-11-04,jepx-spread-range-kansai,kansai,2.890000000000001,https://www.jepx.jp/_download.php?dir=spot_summary&file=spot_summary_2012.csv
2012-11-05,jepx-spread-range-kansai,kansai,4.51,https://www.jepx.jp/_download.php?dir=spot_summary&file=spot_summary_2012.csv
2012-11-06,jepx-spread-range-kansai,kansai,3.640000000000001,https://www.jepx.jp/_download.php?dir=spot_summary&file=spot_summary_2012.csv
2012-11-07,jepx-spread-range-kansai,kansai,3.130000000000001,https://www.jepx.jp/_download.php?dir=spot_summary&file=spot_summary_2012.csv
2012-11-08,jepx-spread-range-kansai,kansai,4.310000000000002,https://www.jepx.jp/_download.php?dir=spot_summary&file=spot_summary_2012.csv
2012-11-09,jepx-spread-range-kansai,kansai,3.4399999999999995,https://www.jepx.jp/_download.php?dir=spot_summary&file=spot_summary_2012.csv
2012-11-10,jepx-spread-range-kansai,kansai,2.76,https://www.jepx.jp/_download.php?dir=spot_summary&file=spot_summary_2012.csv
2012-11-11,jepx-spread-range-kansai,kansai,3.82,https://www.jepx.jp/_download.php?dir=spot_summary&file=spot_summary_2012.csv
2012-11-12,jepx-spread-range-kansai,kansai,3.5500000000000007,https://www.jepx.jp/_download.php?dir=spot_summary&file=spot_summary_2012.csv
2012-11-13,jepx-spread-range-kansai,kansai,3.030000000000001,https://www.jepx.jp/_download.php?dir=spot_summary&file=spot_summary_2012.csv
2012-11-14,jepx-spread-range-kansai,kansai,6.84,https://www.jepx.jp/_download.php?dir=spot_summary&file=spot_summary_2012.csv
2012-11-15,jepx-spread-range-kansai,kansai,8.68,https://www.jepx.jp/_download.php?dir=spot_summary&file=spot_summary_2012.csv
2012-11-16,jepx-spread-range-kansai,kansai,8.440000000000001,https://www.jepx.jp/_download.php?dir=spot_summary&file=spot_summary_2012.csv
2012-11-17,jepx-spread-range-kansai,kansai,2.3200000000000003,https://www.jepx.jp/_download.php?dir=spot_summary&file=spot_summary_2012.csv
2012-11-18,jepx-spread-range-kansai,kansai,2.3599999999999994,https://www.jepx.jp/_download.php?dir=spot_summary&file=spot_summary_2012.csv
2012-11-19,jepx-spread-range-kansai,kansai,6.539999999999999,https://www.jepx.jp/_download.php?dir=spot_summary&file=spot_summary_2012.csv
2012-11-20,jepx-spread-range-kansai,kansai,3.75,https://www.jepx.jp/_download.php?dir=spot_summary&file=spot_summary_2012.csv
2012-11-21,jepx-spread-range-kansai,kansai,6.049999999999999,https://www.jepx.jp/_download.php?dir=spot_summary&file=spot_summary_2012.csv
2012-11-22,jepx-spread-range-kansai,kansai,3.360000000000001,https://www.jepx.jp/_download.php?dir=spot_summary&file=spot_summary_2012.csv
2012-11-23,jepx-spread-range-kansai,kansai,4.140000000000001,https://www.jepx.jp/_download.php?dir=spot_summary&file=spot_summary_2012.csv
2012-11-24,jepx-spread-range-kansai,kansai,3.809999999999999,https://www.jepx.jp/_download.php?dir=spot_summary&file=spot_summary_2012.csv
2012-11-25,jepx-spread-range-kansai,kansai,3.5,https://www.jepx.jp/_download.php?dir=spot_summary&file=spot_summary_2012.csv
2012-11-26,jepx-spread-range-kansai,kansai,6.279999999999999,https://www.jepx.jp/_download.php?dir=spot_summary&file=spot_summary_2012.csv
2012-11-27,jepx-spread-range-kansai,kansai,6.65,https://www.jepx.jp/_download.php?dir=spot_summary&file=spot_summary_2012.csv
2012-11-28,jepx-spread-range-kansai,kansai,5.979999999999999,https://www.jepx.jp/_download.php?dir=spot_summary&file=spot_summary_2012.csv
2012-11-29,jepx-spread-range-kansai,kansai,7.079999999999998,https://www.jepx.jp/_download.php?dir=spot_summary&file=spot_summary_2012.csv
2012-11-30,jepx-spread-range-kansai,kansai,7.190000000000001,https://www.jepx.jp/_download.php?dir=spot_summary&file=spot_summary_2012.csv
2012-12-01,jepx-spread-range-kansai,kansai,3.26,https://www.jepx.jp/_download.php?dir=spot_summary&file=spot_summary_2012.csv
2012-12-02,jepx-spread-range-kansai,kansai,2.9499999999999997,https://www.jepx.jp/_download.php?dir=spot_summary&file=spot_summary_2012.csv
2012-12-03,jepx-spread-range-kansai,kansai,7.639999999999999,https://www.jepx.jp/_download.php?dir=spot_summary&file=spot_summary_2012.csv
2012-12-04,jepx-spread-range-kansai,kansai,8.16,https://www.jepx.jp/_download.php?dir=spot_summary&file=spot_summary_2012.csv
2012-12-05,jepx-spread-range-kansai,kansai,8.950000000000001,https://www.jepx.jp/_download.php?dir=spot_summary&file=spot_summary_2012.csv
2012-12-06,jepx-spread-range-kansai,kansai,8.700000000000001,https://www.jepx.jp/_download.php?dir=spot_summary&file=spot_summary_2012.csv
2012-12-07,jepx-spread-range-kansai,kansai,13.29,https://www.jepx.jp/_download.php?dir=spot_summary&file=spot_summary_2012.csv
2012-12-08,jepx-spread-range-kansai,kansai,2.1899999999999995,https://www.jepx.jp/_download.php?dir=spot_summary&file=spot_summary_2012.csv
2012-12-09,jepx-spread-range-kansai,kansai,3.710000000000001,https://www.jepx.jp/_download.php?dir=spot_summary&file=spot_summary_2012.csv
2012-12-10,jepx-spread-range-kansai,kansai,13.79,https://www.jepx.jp/_download.php?dir=spot_summary&file=spot_summary_2012.csv
2012-12-11,jepx-spread-range-kansai,kansai,19.02,https://www.jepx.jp/_download.php?dir=spot_summary&file=spot_summary_2012.csv
2012-12-12,jepx-spread-range-kansai,kansai,18.32,https://www.jepx.jp/_download.php?dir=spot_summary&file=spot_summary_2012.csv
2012-12-13,jepx-spread-range-kansai,kansai,19.51,https://www.jepx.jp/_download.php?dir=spot_summary&file=spot_summary_2012.csv
2012-12-14,jepx-spread-range-kansai,kansai,13.29,https://www.jepx.jp/_download.php?dir=spot_summary&file=spot_summary_2012.csv
2012-12-15,jepx-spread-range-kansai,kansai,1.0099999999999998,https://www.jepx.jp/_download.php?dir=spot_summary&file=spot_summary_2012.csv
2012-12-16,jepx-spread-range-kansai,kansai,1.34,https://www.jepx.jp/_download.php?dir=spot_summary&file=spot_summary_2012.csv
2012-12-17,jepx-spread-range-kansai,kansai,5.970000000000001,https://www.jepx.jp/_download.php?dir=spot_summary&file=spot_summary_2012.csv
2012-12-18,jepx-spread-range-kansai,kansai,8.49,https://www.jepx.jp/_download.php?dir=spot_summary&file=spot_summary_2012.csv
2012-12-19,jepx-spread-range-kansai,kansai,14.03,https://www.jepx.jp/_download.php?dir=spot_summary&file=spot_summary_2012.csv
2012-12-20,jepx-spread-range-kansai,kansai,12.69,https://www.jepx.jp/_download.php?dir=spot_summary&file=spot_summary_2012.csv
2012-12-21,jepx-spread-range-kansai,kansai,6.470000000000001,https://www.jepx.jp/_download.php?dir=spot_summary&file=spot_summary_2012.csv
2012-12-22,jepx-spread-range-kansai,kansai,1.9699999999999989,https://www.jepx.jp/_download.php?dir=spot_summary&file=spot_summary_2012.csv
2012-12-23,jepx-spread-range-kansai,kansai,1.5200000000000014,https://www.jepx.jp/_download.php?dir=spot_summary&file=spot_summary_2012.csv
2012-12-24,jepx-spread-range-kansai,kansai,4.050000000000001,https://www.jepx.jp/_download.php?dir=spot_summary&file=spot_summary_2012.csv
2012-12-25,jepx-spread-range-kansai,kansai,4.990000000000002,https://www.jepx.jp/_download.php?dir=spot_summary&file=spot_summary_2012.csv
2012-12-26,jepx-spread-range-kansai,kansai,5.860000000000001,https://www.jepx.jp/_download.php?dir=spot_summary&file=spot_summary_2012.csv
2012-12-27,jepx-spread-range-kansai,kansai,4.65,https://www.jepx.jp/_download.php?dir=spot_summary&file=spot_summary_2012.csv
2012-12-28,jepx-spread-range-kansai,kansai,3.91,https://www.jepx.jp/_download.php?dir=spot_summary&file=spot_summary_2012.csv
2012-12-29,jepx-spread-range-kansai,kansai,0.8800000000000008,https://www.jepx.jp/_download.php?dir=spot_summary&file=spot_summary_2012.csv
2012-12-30,jepx-spread-range-kansai,kansai,3.17,https://www.jepx.jp/_download.php?dir=spot_summary&file=spot_summary_2012.csv
2012-12-31,jepx-spread-range-kansai,kansai,2.289999999999999,https://www.jepx.jp/_download.php?dir=spot_summary&file=spot_summary_2012.csv
2013-01-01,jepx-spread-range-kansai,kansai,2.860000000000001,https://www.jepx.jp/_download.php?dir=spot_summary&file=spot_summary_2012.csv
2013-01-02,jepx-spread-range-kansai,kansai,2.9000000000000004,https://www.jepx.jp/_download.php?dir=spot_summary&file=spot_summary_2012.csv
2013-01-03,jepx-spread-range-kansai,kansai,2.549999999999999,https://www.jepx.jp/_download.php?dir=spot_summary&file=spot_summary_2012.csv
2013-01-04,jepx-spread-range-kansai,kansai,2.219999999999999,https://www.jepx.jp/_download.php?dir=spot_summary&file=spot_summary_2012.csv
2013-01-05,jepx-spread-range-kansai,kansai,1.6799999999999995,https://www.jepx.jp/_download.php?dir=spot_summary&file=spot_summary_2012.csv
2013-01-06,jepx-spread-range-kansai,kansai,1.959999999999999,https://www.jepx.jp/_download.php?dir=spot_summary&file=spot_summary_2012.csv
2013-01-07,jepx-spread-range-kansai,kansai,8.919999999999998,https://www.jepx.jp/_download.php?dir=spot_summary&file=spot_summary_2012.csv
2013-01-08,jepx-spread-range-kansai,kansai,7.18,https://www.jepx.jp/_download.php?dir=spot_summary&file=spot_summary_2012.csv
2013-01-09,jepx-spread-range-kansai,kansai,7.139999999999999,https://www.jepx.jp/_download.php?dir=spot_summary&file=spot_summary_2012.csv
2013-01-10,jepx-spread-range-kansai,kansai,6.450000000000001,https://www.jepx.jp/_download.php?dir=spot_summary&file=spot_summary_2012.csv
2013-01-11,jepx-spread-range-kansai,kansai,2.4700000000000006,https://www.jepx.jp/_download.php?dir=spot_summary&file=spot_summary_2012.csv
2013-01-12,jepx-spread-range-kansai,kansai,0.6699999999999999,https://www.jepx.jp/_download.php?dir=spot_summary&file=spot_summary_2012.csv
2013-01-13,jepx-spread-range-kansai,kansai,0.6400000000000006,https://www.jepx.jp/_download.php?dir=spot_summary&file=spot_summary_2012.csv
2013-01-14,jepx-spread-range-kansai,kansai,0.9299999999999996,https://www.jepx.jp/_download.php?dir=spot_summary&file=spot_summary_2012.csv
2013-01-15,jepx-spread-range-kansai,kansai,2.5500000000000007,https://www.jepx.jp/_download.php?dir=spot_summary&file=spot_summary_2012.csv
2013-01-16,jepx-spread-range-kansai,kansai,2.370000000000001,https://www.jepx.jp/_download.php?dir=spot_summary&file=spot_summary_2012.csv
2013-01-17,jepx-spread-range-kansai,kansai,2.18,https://www.jepx.jp/_download.php?dir=spot_summary&file=spot_summary_2012.csv
2013-01-18,jepx-spread-range-kansai,kansai,5.67,https://www.jepx.jp/_download.php?dir=spot_summary&file=spot_summary_2012.csv
2013-01-19,jepx-spread-range-kansai,kansai,2.24,https://www.jepx.jp/_download.php?dir=spot_summary&file=spot_summary_2012.csv
2013-01-20,jepx-spread-range-kansai,kansai,1.4299999999999995,https://www.jepx.jp/_download.php?dir=spot_summary&file=spot_summary_2012.csv
2013-01-21,jepx-spread-range-kansai,kansai,2.3999999999999986,https://www.jepx.jp/_download.php?dir=spot_summary&file=spot_summary_2012.csv
2013-01-22,jepx-spread-range-kansai,kansai,1.6999999999999993,https://www.jepx.jp/_download.php?dir=spot_summary&file=spot_summary_2012.csv
2013-01-23,jepx-spread-range-kansai,kansai,2.83,https://www.jepx.jp/_download.php?dir=spot_summary&file=spot_summary_2012.csv
2013-01-24,jepx-spread-range-kansai,kansai,5.07,https://www.jepx.jp/_download.php?dir=spot_summary&file=spot_summary_2012.csv
2013-01-25,jepx-spread-range-kansai,kansai,5.57,https://www.jepx.jp/_download.php?dir=spot_summary&file=spot_summary_2012.csv
2013-01-26,jepx-spread-range-kansai,kansai,6.020000000000001,https://www.jepx.jp/_download.php?dir=spot_summary&file=spot_summary_2012.csv
2013-01-27,jepx-spread-range-kansai,kansai,1.0,https://www.jepx.jp/_download.php?dir=spot_summary&file=spot_summary_2012.csv
2013-01-28,jepx-spread-range-kansai,kansai,7.570000000000002,https://www.jepx.jp/_download.php?dir=spot_summary&file=spot_summary_2012.csv
2013-01-29,jepx-spread-range-kansai,kansai,3.6999999999999993,https://www.jepx.jp/_download.php?dir=spot_summary&file=spot_summary_2012.csv
2013-01-30,jepx-spread-range-kansai,kansai,6.080000000000002,https://www.jepx.jp/_download.php?dir=spot_summary&file=spot_summary_2012.csv
2013-01-31,jepx-spread-range-kansai,kansai,4.929999999999998,https://www.jepx.jp/_download.php?dir=spot_summary&file=spot_summary_2012.csv
2013-02-01,jepx-spread-range-kansai,kansai,5.08,https://www.jepx.jp/_download.php?dir=spot_summary&file=spot_summary_2012.csv
2013-02-02,jepx-spread-range-kansai,kansai,2.66,https://www.jepx.jp/_download.php?dir=spot_summary&file=spot_summary_2012.csv
2013-02-03,jepx-spread-range-kansai,kansai,5.43,https://www.jepx.jp/_download.php?dir=spot_summary&file=spot_summary_2012.csv
2013-02-04,jepx-spread-range-kansai,kansai,5.190000000000001,https://www.jepx.jp/_download.php?dir=spot_summary&file=spot_summary_2012.csv
2013-02-05,jepx-spread-range-kansai,kansai,5.99,https://www.jepx.jp/_download.php?dir=spot_summary&file=spot_summary_2012.csv
2013-02-06,jepx-spread-range-kansai,kansai,5.290000000000001,https://www.jepx.jp/_download.php?dir=spot_summary&file=spot_summary_2012.csv
2013-02-07,jepx-spread-range-kansai,kansai,5.299999999999999,https://www.jepx.jp/_download.php?dir=spot_summary&file=spot_summary_2012.csv
2013-02-08,jepx-spread-range-kansai,kansai,6.169999999999998,https://www.jepx.jp/_download.php?dir=spot_summary&file=spot_summary_2012.csv
2013-02-09,jepx-spread-range-kansai,kansai,1.92,https://www.jepx.jp/_download.php?dir=spot_summary&file=spot_summary_2012.csv
2013-02-10,jepx-spread-range-kansai,kansai,1.879999999999999,https://www.jepx.jp/_download.php?dir=spot_summary&file=spot_summary_2012.csv
2013-02-11,jepx-spread-range-kansai,kansai,1.67,https://www.jepx.jp/_download.php?dir=spot_summary&file=spot_summary_2012.csv
2013-02-12,jepx-spread-range-kansai,kansai,2.8200000000000003,https://www.jepx.jp/_download.php?dir=spot_summary&file=spot_summary_2012.csv
2013-02-13,jepx-spread-range-kansai,kansai,4.489999999999998,https://www.jepx.jp/_download.php?dir=spot_summary&file=spot_summary_2012.csv
2013-02-14,jepx-spread-range-kansai,kansai,4.070000000000002,https://www.jepx.jp/_download.php?dir=spot_summary&file=spot_summary_2012.csv
2013-02-15,jepx-spread-range-kansai,kansai,5.59,https://www.jepx.jp/_download.php?dir=spot_summary&file=spot_summary_2012.csv
2013-02-16,jepx-spread-range-kansai,kansai,2.7200000000000006,https://www.jepx.jp/_download.php?dir=spot_summary&file=spot_summary_2012.csv
2013-02-17,jepx-spread-range-kansai,kansai,4.710000000000001,https://www.jepx.jp/_download.php?dir=spot_summary&file=spot_summary_2012.csv
2013-02-18,jepx-spread-range-kansai,kansai,5.619999999999999,https://www.jepx.jp/_download.php?dir=spot_summary&file=spot_summary_2012.csv
2013-02-19,jepx-spread-range-kansai,kansai,6.299999999999999,https://www.jepx.jp/_download.php?dir=spot_summary&file=spot_summary_2012.csv
2013-02-20,jepx-spread-range-kansai,kansai,6.859999999999999,https://www.jepx.jp/_download.php?dir=spot_summary&file=spot_summary_2012.csv
2013-02-21,jepx-spread-range-kansai,kansai,6.790000000000001,https://www.jepx.jp/_download.php?dir=spot_summary&file=spot_summary_2012.csv
2013-02-22,jepx-spread-range-kansai,kansai,5.32,https://www.jepx.jp/_download.php?dir=spot_summary&file=spot_summary_2012.csv
2013-02-23,jepx-spread-range-kansai,kansai,2.09,https://www.jepx.jp/_download.php?dir=spot_summary&file=spot_summary_2012.csv
2013-02-24,jepx-spread-range-kansai,kansai,4.420000000000002,https://www.jepx.jp/_download.php?dir=spot_summary&file=spot_summary_2012.csv
2013-02-25,jepx-spread-range-kansai,kansai,8.11,https://www.jepx.jp/_download.php?dir=spot_summary&file=spot_summary_2012.csv
2013-02-26,jepx-spread-range-kansai,kansai,5.380000000000001,https://www.jepx.jp/_download.php?dir=spot_summary&file=spot_summary_2012.csv
2013-02-27,jepx-spread-range-kansai,kansai,5.290000000000001,https://www.jepx.jp/_download.php?dir=spot_summary&file=spot_summary_2012.csv
2013-02-28,jepx-spread-range-kansai,kansai,2.6000000000000014,https://www.jepx.jp/_download.php?dir=spot_summary&file=spot_summary_2012.csv
2013-03-01,jepx-spread-range-kansai,kansai,3.6000000000000014,https://www.jepx.jp/_download.php?dir=spot_summary&file=spot_summary_2012.csv
2013-03-02,jepx-spread-range-kansai,kansai,1.58,https://www.jepx.jp/_download.php?dir=spot_summary&file=spot_summary_2012.csv
2013-03-03,jepx-spread-range-kansai,kansai,4.049999999999999,https://www.jepx.jp/_download.php?dir=spot_summary&file=spot_summary_2012.csv
2013-03-04,jepx-spread-range-kansai,kansai,14.11,https://www.jepx.jp/_download.php?dir=spot_summary&file=spot_summary_2012.csv
2013-03-05,jepx-spread-range-kansai,kansai,9.529999999999998,https://www.jepx.jp/_download.php?dir=spot_summary&file=spot_summary_2012.csv
2013-03-06,jepx-spread-range-kansai,kansai,3.889999999999999,https://www.jepx.jp/_download.php?dir=spot_summary&file=spot_summary_2012.csv
2013-03-07,jepx-spread-range-kansai,kansai,3.870000000000001,https://www.jepx.jp/_download.php?dir=spot_summary&file=spot_summary_2012.csv
2013-03-08,jepx-spread-range-kansai,kansai,4.829999999999998,https://www.jepx.jp/_download.php?dir=spot_summary&file=spot_summary_2012.csv
2013-03-09,jepx-spread-range-kansai,kansai,3.26,https://www.jepx.jp/_download.php?dir=spot_summary&file=spot_summary_2012.csv
2013-03-10,jepx-spread-range-kansai,kansai,4.76,https://www.jepx.jp/_download.php?dir=spot_summary&file=spot_summary_2012.csv
2013-03-11,jepx-spread-range-kansai,kansai,5.099999999999998,https://www.jepx.jp/_download.php?dir=spot_summary&file=spot_summary_2012.csv
2013-03-12,jepx-spread-range-kansai,kansai,3.799999999999999,https://www.jepx.jp/_download.php?dir=spot_summary&file=spot_summary_2012.csv
2013-03-13,jepx-spread-range-kansai,kansai,3.86,https://www.jepx.jp/_download.php?dir=spot_summary&file=spot_summary_2012.csv
2013-03-14,jepx-spread-range-kansai,kansai,4.899999999999999,https://www.jepx.jp/_download.php?dir=spot_summary&file=spot_summary_2012.csv
2013-03-15,jepx-spread-range-kansai,kansai,3.1999999999999997,https://www.jepx.jp/_download.php?dir=spot_summary&file=spot_summary_2012.csv
2013-03-16,jepx-spread-range-kansai,kansai,2.530000000000001,https://www.jepx.jp/_download.php?dir=spot_summary&file=spot_summary_2012.csv
2013-03-17,jepx-spread-range-kansai,kansai,2.950000000000001,https://www.jepx.jp/_download.php?dir=spot_summary&file=spot_summary_2012.csv
2013-03-18,jepx-spread-range-kansai,kansai,5.749999999999998,https://www.jepx.jp/_download.php?dir=spot_summary&file=spot_summary_2012.csv
2013-03-19,jepx-spread-range-kansai,kansai,3.719999999999999,https://www.jepx.jp/_download.php?dir=spot_summary&file=spot_summary_2012.csv
2013-03-20,jepx-spread-range-kansai,kansai,5.540000000000001,https://www.jepx.jp/_download.php?dir=spot_summary&file=spot_summary_2012.csv
2013-03-21,jepx-spread-range-kansai,kansai,3.93,https://www.jepx.jp/_download.php?dir=spot_summary&file=spot_summary_2012.csv
2013-03-22,jepx-spread-range-kansai,kansai,3.5599999999999987,https://www.jepx.jp/_download.php?dir=spot_summary&file=spot_summary_2012.csv
2013-03-23,jepx-spread-range-kansai,kansai,3.52,https://www.jepx.jp/_download.php?dir=spot_summary&file=spot_summary_2012.csv
2013-03-24,jepx-spread-range-kansai,kansai,3.8299999999999983,https://www.jepx.jp/_download.php?dir=spot_summary&file=spot_summary_2012.csv
2013-03-25,jepx-spread-range-kansai,kansai,4.029999999999999,https://www.jepx.jp/_download.php?dir=spot_summary&file=spot_summary_2012.csv
2013-03-26,jepx-spread-range-kansai,kansai,2.5500000000000007,https://www.jepx.jp/_download.php?dir=spot_summary&file=spot_summary_2012.csv
2013-03-27,jepx-spread-range-kansai,kansai,2.93,https://www.jepx.jp/_download.php?dir=spot_summary&file=spot_summary_2012.csv
2013-03-28,jepx-spread-range-kansai,kansai,3.9899999999999984,https://www.jepx.jp/_download.php?dir=spot_summary&file=spot_summary_2012.csv
2013-03-29,jepx-spread-range-kansai,kansai,4.189999999999998,https://www.jepx.jp/_download.php?dir=spot_summary&file=spot_summary_2012.csv
2013-03-30,jepx-spread-range-kansai,kansai,2.5699999999999985,https://www.jepx.jp/_download.php?dir=spot_summary&file=spot_summary_2012.csv
2013-03-31,jepx-spread-range-kansai,kansai,4.1,https://www.jepx.jp/_download.php?dir=spot_summary&file=spot_summary_2012.csv
2013-04-01,jepx-spread-range-kansai,kansai,4.129999999999999,https://www.jepx.jp/_download.php?dir=spot_summary&file=spot_summary_2013.csv
2013-04-02,jepx-spread-range-kansai,kansai,4.579999999999998,https://www.jepx.jp/_download.php?dir=spot_summary&file=spot_summary_2013.csv
2013-04-03,jepx-spread-range-kansai,kansai,3.299999999999999,https://www.jepx.jp/_download.php?dir=spot_summary&file=spot_summary_2013.csv
2013-04-04,jepx-spread-range-kansai,kansai,3.49,https://www.jepx.jp/_download.php?dir=spot_summary&file=spot_summary_2013.csv
2013-04-05,jepx-spread-range-kansai,kansai,3.7499999999999982,https://www.jepx.jp/_download.php?dir=spot_summary&file=spot_summary_2013.csv
2013-04-06,jepx-spread-range-kansai,kansai,5.01,https://www.jepx.jp/_download.php?dir=spot_summary&file=spot_summary_2013.csv
2013-04-07,jepx-spread-range-kansai,kansai,4.59,https://www.jepx.jp/_download.php?dir=spot_summary&file=spot_summary_2013.csv
2013-04-08,jepx-spread-range-kansai,kansai,2.7700000000000014,https://www.jepx.jp/_download.php?dir=spot_summary&file=spot_summary_2013.csv
2013-04-09,jepx-spread-range-kansai,kansai,3.9499999999999993,https://www.jepx.jp/_download.php?dir=spot_summary&file=spot_summary_2013.csv
2013-04-10,jepx-spread-range-kansai,kansai,4.940000000000001,https://www.jepx.jp/_download.php?dir=spot_summary&file=spot_summary_2013.csv
2013-04-11,jepx-spread-range-kansai,kansai,5.440000000000001,https://www.jepx.jp/_download.php?dir=spot_summary&file=spot_summary_2013.csv
2013-04-12,jepx-spread-range-kansai,kansai,3.9099999999999984,https://www.jepx.jp/_download.php?dir=spot_summary&file=spot_summary_2013.csv
2013-04-13,jepx-spread-range-kansai,kansai,4.609999999999999,https://www.jepx.jp/_download.php?dir=spot_summary&file=spot_summary_2013.csv
2013-04-14,jepx-spread-range-kansai,kansai,4.75,https://www.jepx.jp/_download.php?dir=spot_summary&file=spot_summary_2013.csv
2013-04-15,jepx-spread-range-kansai,kansai,3.450000000000001,https://www.jepx.jp/_download.php?dir=spot_summary&file=spot_summary_2013.csv
2013-04-16,jepx-spread-range-kansai,kansai,4.129999999999999,https://www.jepx.jp/_download.php?dir=spot_summary&file=spot_summary_2013.csv
2013-04-17,jepx-spread-range-kansai,kansai,4.399999999999999,https://www.jepx.jp/_download.php?dir=spot_summary&file=spot_summary_2013.csv
2013-04-18,jepx-spread-range-kansai,kansai,4.369999999999999,https://www.jepx.jp/_download.php?dir=spot_summary&file=spot_summary_2013.csv
2013-04-19,jepx-spread-range-kansai,kansai,4.120000000000001,https://www.jepx.jp/_download.php?dir=spot_summary&file=spot_summary_2013.csv
2013-04-20,jepx-spread-range-kansai,kansai,3.649999999999999,https://www.jepx.jp/_download.php?dir=spot_summary&file=spot_summary_2013.csv
2013-04-21,jepx-spread-range-kansai,kansai,4.699999999999999,https://www.jepx.jp/_download.php?dir=spot_summary&file=spot_summary_2013.csv
2013-04-22,jepx-spread-range-kansai,kansai,3.860000000000001,https://www.jepx.jp/_download.php?dir=spot_summary&file=spot_summary_2013.csv
2013-04-23,jepx-spread-range-kansai,kansai,4.07,https://www.jepx.jp/_download.php?dir=spot_summary&file=spot_summary_2013.csv
2013-04-24,jepx-spread-range-kansai,kansai,5.370000000000001,https://www.jepx.jp/_download.php?dir=spot_summary&file=spot_summary_2013.csv
2013-04-25,jepx-spread-range-kansai,kansai,5.800000000000001,https://www.jepx.jp/_download.php?dir=spot_summary&file=spot_summary_2013.csv
2013-04-26,jepx-spread-range-kansai,kansai,5.070000000000002,https://www.jepx.jp/_download.php?dir=spot_summary&file=spot_summary_2013.csv
2013-04-27,jepx-spread-range-kansai,kansai,2.8299999999999983,https://www.jepx.jp/_download.php?dir=spot_summary&file=spot_summary_2013.csv
2013-04-28,jepx-spread-range-kansai,kansai,4.9300000000000015,https://www.jepx.jp/_download.php?dir=spot_summary&file=spot_summary_2013.csv
2013-04-29,jepx-spread-range-kansai,kansai,4.9300000000000015,https://www.jepx.jp/_download.php?dir=spot_summary&file=spot_summary_2013.csv
2013-04-30,jepx-spread-range-kansai,kansai,12.0,https://www.jepx.jp/_download.php?dir=spot_summary&file=spot_summary_2013.csv
2013-05-01,jepx-spread-range-kansai,kansai,10.97,https://www.jepx.jp/_download.php?dir=spot_summary&file=spot_summary_2013.csv
2013-05-02,jepx-spread-range-kansai,kansai,9.13,https://www.jepx.jp/_download.php?dir=spot_summary&file=spot_summary_2013.csv
2013-05-03,jepx-spread-range-kansai,kansai,3.0600000000000005,https://www.jepx.jp/_download.php?dir=spot_summary&file=spot_summary_2013.csv
2013-05-04,jepx-spread-range-kansai,kansai,2.59,https://www.jepx.jp/_download.php?dir=spot_summary&file=spot_summary_2013.csv
2013-05-05,jepx-spread-range-kansai,kansai,3.629999999999999,https://www.jepx.jp/_download.php?dir=spot_summary&file=spot_summary_2013.csv
2013-05-06,jepx-spread-range-kansai,kansai,4.079999999999998,https://www.jepx.jp/_download.php?dir=spot_summary&file=spot_summary_2013.csv
2013-05-07,jepx-spread-range-kansai,kansai,5.599999999999998,https://www.jepx.jp/_download.php?dir=spot_summary&file=spot_summary_2013.csv
2013-05-08,jepx-spread-range-kansai,kansai,2.780000000000001,https://www.jepx.jp/_download.php?dir=spot_summary&file=spot_summary_2013.csv
2013-05-09,jepx-spread-range-kansai,kansai,3.9099999999999984,https://www.jepx.jp/_download.php?dir=spot_summary&file=spot_summary_2013.csv
2013-05-10,jepx-spread-range-kansai,kansai,3.899999999999999,https://www.jepx.jp/_download.php?dir=spot_summary&file=spot_summary_2013.csv
2013-05-11,jepx-spread-range-kansai,kansai,3.849999999999998,https://www.jepx.jp/_download.php?dir=spot_summary&file=spot_summary_2013.csv
2013-05-12,jepx-spread-range-kansai,kansai,5.059999999999999,https://www.jepx.jp/_download.php?dir=spot_summary&file=spot_summary_2013.csv
2013-05-13,jepx-spread-range-kansai,kansai,5.239999999999998,https://www.jepx.jp/_download.php?dir=spot_summary&file=spot_summary_2013.csv
2013-05-14,jepx-spread-range-kansai,kansai,5.239999999999998,https://www.jepx.jp/_download.php?dir=spot_summary&file=spot_summary_2013.csv
2013-05-15,jepx-spread-range-kansai,kansai,7.439999999999999,https://www.jepx.jp/_download.php?dir=spot_summary&file=spot_summary_2013.csv
2013-05-16,jepx-spread-range-kansai,kansai,8.49,https://www.jepx.jp/_download.php?dir=spot_summary&file=spot_summary_2013.csv
2013-05-17,jepx-spread-range-kansai,kansai,6.07,https://www.jepx.jp/_download.php?dir=spot_summary&file=spot_summary_2013.csv
2013-05-18,jepx-spread-range-kansai,kansai,4.199999999999999,https://www.jepx.jp/_download.php?dir=spot_summary&file=spot_summary_2013.csv
2013-05-19,jepx-spread-range-kansai,kansai,4.009999999999998,https://www.jepx.jp/_download.php?dir=spot_summary&file=spot_summary_2013.csv
2013-05-20,jepx-spread-range-kansai,kansai,6.0600000000000005,https://www.jepx.jp/_download.php?dir=spot_summary&file=spot_summary_2013.csv
2013-05-21,jepx-spread-range-kansai,kansai,5.690000000000001,https://www.jepx.jp/_download.php?dir=spot_summary&file=spot_summary_2013.csv
2013-05-22,jepx-spread-range-kansai,kansai,6.98,https://www.jepx.jp/_download.php?dir=spot_summary&file=spot_summary_2013.csv
2013-05-23,jepx-spread-range-kansai,kansai,5.970000000000001,https://www.jepx.jp/_download.php?dir=spot_summary&file=spot_summary_2013.csv
2013-05-24,jepx-spread-range-kansai,kansai,4.23,https://www.jepx.jp/_download.php?dir=spot_summary&file=spot_summary_2013.csv
2013-05-25,jepx-spread-range-kansai,kansai,6.199999999999999,https://www.jepx.jp/_download.php?dir=spot_summary&file=spot_summary_2013.csv
2013-05-26,jepx-spread-range-kansai,kansai,5.480000000000002,https://www.jepx.jp/_download.php?dir=spot_summary&file=spot_summary_2013.csv
2013-05-27,jepx-spread-range-kansai,kansai,7.550000000000001,https://www.jepx.jp/_download.php?dir=spot_summary&file=spot_summary_2013.csv
2013-05-28,jepx-spread-range-kansai,kansai,7.810000000000002,https://www.jepx.jp/_download.php?dir=spot_summary&file=spot_summary_2013.csv
2013-05-29,jepx-spread-range-kansai,kansai,7.700000000000001,https://www.jepx.jp/_download.php?dir=spot_summary&file=spot_summary_2013.csv
2013-05-30,jepx-spread-range-kansai,kansai,6.270000000000001,https://www.jepx.jp/_download.php?dir=spot_summary&file=spot_summary_2013.csv
2013-05-31,jepx-spread-range-kansai,kansai,7.640000000000001,https://www.jepx.jp/_download.php?dir=spot_summary&file=spot_summary_2013.csv
2013-06-01,jepx-spread-range-kansai,kansai,5.420000000000002,https://www.jepx.jp/_download.php?dir=spot_summary&file=spot_summary_2013.csv
2013-06-02,jepx-spread-range-kansai,kansai,4.44,https://www.jepx.jp/_download.php?dir=spot_summary&file=spot_summary_2013.csv
2013-06-03,jepx-spread-range-kansai,kansai,8.43,https://www.jepx.jp/_download.php?dir=spot_summary&file=spot_summary_2013.csv
2013-06-04,jepx-spread-range-kansai,kansai,10.22,https://www.jepx.jp/_download.php?dir=spot_summary&file=spot_summary_2013.csv
2013-06-05,jepx-spread-range-kansai,kansai,10.05,https://www.jepx.jp/_download.php?dir=spot_summary&file=spot_summary_2013.csv
2013-06-06,jepx-spread-range-kansai,kansai,9.159999999999998,https://www.jepx.jp/_download.php?dir=spot_summary&file=spot_summary_2013.csv
2013-06-07,jepx-spread-range-kansai,kansai,9.27,https://www.jepx.jp/_download.php?dir=spot_summary&file=spot_summary_2013.csv
2013-06-08,jepx-spread-range-kansai,kansai,5.420000000000002,https://www.jepx.jp/_download.php?dir=spot_summary&file=spot_summary_2013.csv
2013-06-09,jepx-spread-range-kansai,kansai,5.85,https://www.jepx.jp/_download.php?dir=spot_summary&file=spot_summary_2013.csv
2013-06-10,jepx-spread-range-kansai,kansai,9.97,https://www.jepx.jp/_download.php?dir=spot_summary&file=spot_summary_2013.csv
2013-06-11,jepx-spread-range-kansai,kansai,6.949999999999999,https://www.jepx.jp/_download.php?dir=spot_summary&file=spot_summary_2013.csv
2013-06-12,jepx-spread-range-kansai,kansai,11.1,https://www.jepx.jp/_download.php?dir=spot_summary&file=spot_summary_2013.csv
2013-06-13,jepx-spread-range-kansai,kansai,9.159999999999998,https://www.jepx.jp/_download.php?dir=spot_summary&file=spot_summary_2013.csv
2013-06-14,jepx-spread-range-kansai,kansai,10.12,https://www.jepx.jp/_download.php?dir=spot_summary&file=spot_summary_2013.csv
2013-06-15,jepx-spread-range-kansai,kansai,7.5699999999999985,https://www.jepx.jp/_download.php?dir=spot_summary&file=spot_summary_2013.csv
2013-06-16,jepx-spread-range-kansai,kansai,4.629999999999999,https://www.jepx.jp/_download.php?dir=spot_summary&file=spot_summary_2013.csv
2013-06-17,jepx-spread-range-kansai,kansai,21.0,https://www.jepx.jp/_download.php?dir=spot_summary&file=spot_summary_2013.csv
2013-06-18,jepx-spread-range-kansai,kansai,11.93,https://www.jepx.jp/_download.php?dir=spot_summary&file=spot_summary_2013.csv
2013-06-19,jepx-spread-range-kansai,kansai,10.239999999999998,https://www.jepx.jp/_download.php?dir=spot_summary&file=spot_summary_2013.csv
2013-06-20,jepx-spread-range-kansai,kansai,9.78,https://www.jepx.jp/_download.php?dir=spot_summary&file=spot_summary_2013.csv
2013-06-21,jepx-spread-range-kansai,kansai,11.79,https://www.jepx.jp/_download.php?dir=spot_summary&file=spot_summary_2013.csv
2013-06-22,jepx-spread-range-kansai,kansai,6.390000000000001,https://www.jepx.jp/_download.php?dir=spot_summary&file=spot_summary_2013.csv
2013-06-23,jepx-spread-range-kansai,kansai,5.719999999999999,https://www.jepx.jp/_download.php?dir=spot_summary&file=spot_summary_2013.csv
2013-06-24,jepx-spread-range-kansai,kansai,10.3,https://www.jepx.jp/_download.php?dir=spot_summary&file=spot_summary_2013.csv
2013-06-25,jepx-spread-range-kansai,kansai,10.29,https://www.jepx.jp/_download.php?dir=spot_summary&file=spot_summary_2013.csv
2013-06-26,jepx-spread-range-kansai,kansai,9.72,https://www.jepx.jp/_download.php?dir=spot_summary&file=spot_summary_2013.csv
2013-06-27,jepx-spread-range-kansai,kansai,8.0,https://www.jepx.jp/_download.php?dir=spot_summary&file=spot_summary_2013.csv
2013-06-28,jepx-spread-range-kansai,kansai,7.970000000000001,https://www.jepx.jp/_download.php?dir=spot_summary&file=spot_summary_2013.csv
2013-06-29,jepx-spread-range-kansai,kansai,6.030000000000001,https://www.jepx.jp/_download.php?dir=spot_summary&file=spot_summary_2013.csv
2013-06-30,jepx-spread-range-kansai,kansai,4.57,https://www.jepx.jp/_download.php?dir=spot_summary&file=spot_summary_2013.csv
2013-07-01,jepx-spread-range-kansai,kansai,8.040000000000001,https://www.jepx.jp/_download.php?dir=spot_summary&file=spot_summary_2013.csv
2013-07-02,jepx-spread-range-kansai,kansai,8.309999999999999,https://www.jepx.jp/_download.php?dir=spot_summary&file=spot_summary_2013.csv
2013-07-03,jepx-spread-range-kansai,kansai,6.359999999999999,https://www.jepx.jp/_download.php?dir=spot_summary&file=spot_summary_2013.csv
2013-07-04,jepx-spread-range-kansai,kansai,6.51,https://www.jepx.jp/_download.php?dir=spot_summary&file=spot_summary_2013.csv
2013-07-05,jepx-spread-range-kansai,kansai,8.17,https://www.jepx.jp/_download.php?dir=spot_summary&file=spot_summary_2013.csv
2013-07-06,jepx-spread-range-kansai,kansai,5.039999999999999,https://www.jepx.jp/_download.php?dir=spot_summary&file=spot_summary_2013.csv
2013-07-07,jepx-spread-range-kansai,kansai,4.559999999999999,https://www.jepx.jp/_download.php?dir=spot_summary&file=spot_summary_2013.csv
2013-07-08,jepx-spread-range-kansai,kansai,10.57,https://www.jepx.jp/_download.php?dir=spot_summary&file=spot_summary_2013.csv
2013-07-09,jepx-spread-range-kansai,kansai,9.8,https://www.jepx.jp/_download.php?dir=spot_summary&file=spot_summary_2013.csv
2013-07-10,jepx-spread-range-kansai,kansai,9.65,https://www.jepx.jp/_download.php?dir=spot_summary&file=spot_summary_2013.csv
2013-07-11,jepx-spread-range-kansai,kansai,11.56,https://www.jepx.jp/_download.php?dir=spot_summary&file=spot_summary_2013.csv
2013-07-12,jepx-spread-range-kansai,kansai,11.55,https://www.jepx.jp/_download.php?dir=spot_summary&file=spot_summary_2013.csv
2013-07-13,jepx-spread-range-kansai,kansai,4.549999999999999,https://www.jepx.jp/_download.php?dir=spot_summary&file=spot_summary_2013.csv
2013-07-14,jepx-spread-range-kansai,kansai,5.59,https://www.jepx.jp/_download.php?dir=spot_summary&file=spot_summary_2013.csv
2013-07-15,jepx-spread-range-kansai,kansai,5.25,https://www.jepx.jp/_download.php?dir=spot_summary&file=spot_summary_2013.csv
2013-07-16,jepx-spread-range-kansai,kansai,7.949999999999999,https://www.jepx.jp/_download.php?dir=spot_summary&file=spot_summary_2013.csv
2013-07-17,jepx-spread-range-kansai,kansai,6.509999999999998,https://www.jepx.jp/_download.php?dir=spot_summary&file=spot_summary_2013.csv
2013-07-18,jepx-spread-range-kansai,kansai,7.969999999999999,https://www.jepx.jp/_download.php?dir=spot_summary&file=spot_summary_2013.csv
2013-07-19,jepx-spread-range-kansai,kansai,6.359999999999999,https://www.jepx.jp/_download.php?dir=spot_summary&file=spot_summary_2013.csv
2013-07-20,jepx-spread-range-kansai,kansai,4.449999999999999,https://www.jepx.jp/_download.php?dir=spot_summary&file=spot_summary_2013.csv
2013-07-21,jepx-spread-range-kansai,kansai,4.059999999999999,https://www.jepx.jp/_download.php?dir=spot_summary&file=spot_summary_2013.csv
2013-07-22,jepx-spread-range-kansai,kansai,13.18,https://www.jepx.jp/_download.php?dir=spot_summary&file=spot_summary_2013.csv
2013-07-23,jepx-spread-range-kansai,kansai,9.31,https://www.jepx.jp/_download.php?dir=spot_summary&file=spot_summary_2013.csv
2013-07-24,jepx-spread-range-kansai,kansai,5.369999999999999,https://www.jepx.jp/_download.php?dir=spot_summary&file=spot_summary_2013.csv
2013-07-25,jepx-spread-range-kansai,kansai,9.47,https://www.jepx.jp/_download.php?dir=spot_summary&file=spot_summary_2013.csv
2013-07-26,jepx-spread-range-kansai,kansai,8.450000000000001,https://www.jepx.jp/_download.php?dir=spot_summary&file=spot_summary_2013.csv
2013-07-27,jepx-spread-range-kansai,kansai,4.609999999999999,https://www.jepx.jp/_download.php?dir=spot_summary&file=spot_summary_2013.csv
2013-07-28,jepx-spread-range-kansai,kansai,4.85,https://www.jepx.jp/_download.php?dir=spot_summary&file=spot_summary_2013.csv
2013-07-29,jepx-spread-range-kansai,kansai,9.46,https://www.jepx.jp/_download.php?dir=spot_summary&file=spot_summary_2013.csv
2013-07-30,jepx-spread-range-kansai,kansai,8.01,https://www.jepx.jp/_download.php?dir=spot_summary&file=spot_summary_2013.csv
2013-07-31,jepx-spread-range-kansai,kansai,8.18,https://www.jepx.jp/_download.php?dir=spot_summary&file=spot_summary_2013.csv
2013-08-01,jepx-spread-range-kansai,kansai,7.99,https://www.jepx.jp/_download.php?dir=spot_summary&file=spot_summary_2013.csv
2013-08-02,jepx-spread-range-kansai,kansai,8.11,https://www.jepx.jp/_download.php?dir=spot_summary&file=spot_summary_2013.csv
2013-08-03,jepx-spread-range-kansai,kansai,6.619999999999999,https://www.jepx.jp/_download.php?dir=spot_summary&file=spot_summary_2013.csv
2013-08-04,jepx-spread-range-kansai,kansai,6.589999999999998,https://www.jepx.jp/_download.php?dir=spot_summary&file=spot_summary_2013.csv
2013-08-05,jepx-spread-range-kansai,kansai,10.04,https://www.jepx.jp/_download.php?dir=spot_summary&file=spot_summary_2013.csv
2013-08-06,jepx-spread-range-kansai,kansai,8.830000000000002,https://www.jepx.jp/_download.php?dir=spot_summary&file=spot_summary_2013.csv
2013-08-07,jepx-spread-range-kansai,kansai,8.07,https://www.jepx.jp/_download.php?dir=spot_summary&file=spot_summary_2013.csv
2013-08-08,jepx-spread-range-kansai,kansai,12.19,https://www.jepx.jp/_download.php?dir=spot_summary&file=spot_summary_2013.csv
2013-08-09,jepx-spread-range-kansai,kansai,10.13,https://www.jepx.jp/_download.php?dir=spot_summary&file=spot_summary_2013.csv
2013-08-10,jepx-spread-range-kansai,kansai,5.9300000000000015,https://www.jepx.jp/_download.php?dir=spot_summary&file=spot_summary_2013.csv
2013-08-11,jepx-spread-range-kansai,kansai,6.24,https://www.jepx.jp/_download.php?dir=spot_summary&file=spot_summary_2013.csv
2013-08-12,jepx-spread-range-kansai,kansai,7.450000000000001,https://www.jepx.jp/_download.php?dir=spot_summary&file=spot_summary_2013.csv
2013-08-13,jepx-spread-range-kansai,kansai,8.400000000000002,https://www.jepx.jp/_download.php?dir=spot_summary&file=spot_summary_2013.csv
2013-08-14,jepx-spread-range-kansai,kansai,5.629999999999999,https://www.jepx.jp/_download.php?dir=spot_summary&file=spot_summary_2013.csv
2013-08-15,jepx-spread-range-kansai,kansai,8.47,https://www.jepx.jp/_download.php?dir=spot_summary&file=spot_summary_2013.csv
2013-08-16,jepx-spread-range-kansai,kansai,8.250000000000002,https://www.jepx.jp/_download.php?dir=spot_summary&file=spot_summary_2013.csv
2013-08-17,jepx-spread-range-kansai,kansai,7.109999999999999,https://www.jepx.jp/_download.php?dir=spot_summary&file=spot_summary_2013.csv
2013-08-18,jepx-spread-range-kansai,kansai,6.920000000000002,https://www.jepx.jp/_download.php?dir=spot_summary&file=spot_summary_2013.csv
2013-08-19,jepx-spread-range-kansai,kansai,13.96,https://www.jepx.jp/_download.php?dir=spot_summary&file=spot_summary_2013.csv
2013-08-20,jepx-spread-range-kansai,kansai,26.239999999999995,https://www.jepx.jp/_download.php?dir=spot_summary&file=spot_summary_2013.csv
2013-08-21,jepx-spread-range-kansai,kansai,13.470000000000002,https://www.jepx.jp/_download.php?dir=spot_summary&file=spot_summary_2013.csv
2013-08-22,jepx-spread-range-kansai,kansai,38.97,https://www.jepx.jp/_download.php?dir=spot_summary&file=spot_summary_2013.csv
2013-08-23,jepx-spread-range-kansai,kansai,29.55,https://www.jepx.jp/_download.php?dir=spot_summary&file=spot_summary_2013.csv
2013-08-24,jepx-spread-range-kansai,kansai,2.379999999999999,https://www.jepx.jp/_download.php?dir=spot_summary&file=spot_summary_2013.csv
2013-08-25,jepx-spread-range-kansai,kansai,4.23,https://www.jepx.jp/_download.php?dir=spot_summary&file=spot_summary_2013.csv
2013-08-26,jepx-spread-range-kansai,kansai,7.900000000000002,https://www.jepx.jp/_download.php?dir=spot_summary&file=spot_summary_2013.csv
2013-08-27,jepx-spread-range-kansai,kansai,8.330000000000002,https://www.jepx.jp/_download.php?dir=spot_summary&file=spot_summary_2013.csv
2013-08-28,jepx-spread-range-kansai,kansai,9.580000000000002,https://www.jepx.jp/_download.php?dir=spot_summary&file=spot_summary_2013.csv
2013-08-29,jepx-spread-range-kansai,kansai,8.030000000000001,https://www.jepx.jp/_download.php?dir=spot_summary&file=spot_summary_2013.csv
2013-08-30,jepx-spread-range-kansai,kansai,7.639999999999999,https://www.jepx.jp/_download.php?dir=spot_summary&file=spot_summary_2013.csv
2013-08-31,jepx-spread-range-kansai,kansai,6.99,https://www.jepx.jp/_download.php?dir=spot_summary&file=spot_summary_2013.csv
2013-09-01,jepx-spread-range-kansai,kansai,6.410000000000002,https://www.jepx.jp/_download.php?dir=spot_summary&file=spot_summary_2013.csv
2013-09-02,jepx-spread-range-kansai,kansai,9.91,https://www.jepx.jp/_download.php?dir=spot_summary&file=spot_summary_2013.csv
2013-09-03,jepx-spread-range-kansai,kansai,10.51,https://www.jepx.jp/_download.php?dir=spot_summary&file=spot_summary_2013.csv
2013-09-04,jepx-spread-range-kansai,kansai,9.15,https://www.jepx.jp/_download.php?dir=spot_summary&file=spot_summary_2013.csv
2013-09-05,jepx-spread-range-kansai,kansai,18.18,https://www.jepx.jp/_download.php?dir=spot_summary&file=spot_summary_2013.csv
2013-09-06,jepx-spread-range-kansai,kansai,10.2,https://www.jepx.jp/_download.php?dir=spot_summary&file=spot_summary_2013.csv
2013-09-07,jepx-spread-range-kansai,kansai,5.92,https://www.jepx.jp/_download.php?dir=spot_summary&file=spot_summary_2013.csv
2013-09-08,jepx-spread-range-kansai,kansai,4.15,https://www.jepx.jp/_download.php?dir=spot_summary&file=spot_summary_2013.csv
2013-09-09,jepx-spread-range-kansai,kansai,11.47,https://www.jepx.jp/_download.php?dir=spot_summary&file=spot_summary_2013.csv
2013-09-10,jepx-spread-range-kansai,kansai,6.41,https://www.jepx.jp/_download.php?dir=spot_summary&file=spot_summary_2013.csv
2013-09-11,jepx-spread-range-kansai,kansai,8.629999999999999,https://www.jepx.jp/_download.php?dir=spot_summary&file=spot_summary_2013.csv
2013-09-12,jepx-spread-range-kansai,kansai,7.23,https://www.jepx.jp/_download.php?dir=spot_summary&file=spot_summary_2013.csv
2013-09-13,jepx-spread-range-kansai,kansai,8.2,https://www.jepx.jp/_download.php?dir=spot_summary&file=spot_summary_2013.csv
2013-09-14,jepx-spread-range-kansai,kansai,3.880000000000001,https://www.jepx.jp/_download.php?dir=spot_summary&file=spot_summary_2013.csv
2013-09-15,jepx-spread-range-kansai,kansai,5.76,https://www.jepx.jp/_download.php?dir=spot_summary&file=spot_summary_2013.csv
2013-09-16,jepx-spread-range-kansai,kansai,8.91,https://www.jepx.jp/_download.php?dir=spot_summary&file=spot_summary_2013.csv
2013-09-17,jepx-spread-range-kansai,kansai,8.209999999999999,https://www.jepx.jp/_download.php?dir=spot_summary&file=spot_summary_2013.csv
2013-09-18,jepx-spread-range-kansai,kansai,6.02,https://www.jepx.jp/_download.php?dir=spot_summary&file=spot_summary_2013.csv
2013-09-19,jepx-spread-range-kansai,kansai,7.299999999999999,https://www.jepx.jp/_download.php?dir=spot_summary&file=spot_summary_2013.csv
2013-09-20,jepx-spread-range-kansai,kansai,6.18,https://www.jepx.jp/_download.php?dir=spot_summary&file=spot_summary_2013.csv
2013-09-21,jepx-spread-range-kansai,kansai,5.229999999999999,https://www.jepx.jp/_download.php?dir=spot_summary&file=spot_summary_2013.csv
2013-09-22,jepx-spread-range-kansai,kansai,5.17,https://www.jepx.jp/_download.php?dir=spot_summary&file=spot_summary_2013.csv
2013-09-23,jepx-spread-range-kansai,kansai,5.610000000000001,https://www.jepx.jp/_download.php?dir=spot_summary&file=spot_summary_2013.csv
2013-09-24,jepx-spread-range-kansai,kansai,6.98,https://www.jepx.jp/_download.php?dir=spot_summary&file=spot_summary_2013.csv
2013-09-25,jepx-spread-range-kansai,kansai,6.99,https://www.jepx.jp/_download.php?dir=spot_summary&file=spot_summary_2013.csv
2013-09-26,jepx-spread-range-kansai,kansai,5.209999999999999,https://www.jepx.jp/_download.php?dir=spot_summary&file=spot_summary_2013.csv
2013-09-27,jepx-spread-range-kansai,kansai,5.26,https://www.jepx.jp/_download.php?dir=spot_summary&file=spot_summary_2013.csv
2013-09-28,jepx-spread-range-kansai,kansai,3.9499999999999993,https://www.jepx.jp/_download.php?dir=spot_summary&file=spot_summary_2013.csv
2013-09-29,jepx-spread-range-kansai,kansai,7.98,https://www.jepx.jp/_download.php?dir=spot_summary&file=spot_summary_2013.csv
2013-09-30,jepx-spread-range-kansai,kansai,4.77,https://www.jepx.jp/_download.php?dir=spot_summary&file=spot_summary_2013.csv
2013-10-01,jepx-spread-range-kansai,kansai,8.16,https://www.jepx.jp/_download.php?dir=spot_summary&file=spot_summary_2013.csv
2013-10-02,jepx-spread-range-kansai,kansai,7.100000000000001,https://www.jepx.jp/_download.php?dir=spot_summary&file=spot_summary_2013.csv
2013-10-03,jepx-spread-range-kansai,kansai,8.110000000000001,https://www.jepx.jp/_download.php?dir=spot_summary&file=spot_summary_2013.csv
2013-10-04,jepx-spread-range-kansai,kansai,6.449999999999999,https://www.jepx.jp/_download.php?dir=spot_summary&file=spot_summary_2013.csv
2013-10-05,jepx-spread-range-kansai,kansai,4.09,https://www.jepx.jp/_download.php?dir=spot_summary&file=spot_summary_2013.csv
2013-10-06,jepx-spread-range-kansai,kansai,4.52,https://www.jepx.jp/_download.php?dir=spot_summary&file=spot_summary_2013.csv
2013-10-07,jepx-spread-range-kansai,kansai,9.340000000000002,https://www.jepx.jp/_download.php?dir=spot_summary&file=spot_summary_2013.csv
2013-10-08,jepx-spread-range-kansai,kansai,12.320000000000002,https://www.jepx.jp/_download.php?dir=spot_summary&file=spot_summary_2013.csv
2013-10-09,jepx-spread-range-kansai,kansai,16.54,https://www.jepx.jp/_download.php?dir=spot_summary&file=spot_summary_2013.csv
2013-10-10,jepx-spread-range-kansai,kansai,11.57,https://www.jepx.jp/_download.php?dir=spot_summary&file=spot_summary_2013.csv
2013-10-11,jepx-spread-range-kansai,kansai,24.629999999999995,https://www.jepx.jp/_download.php?dir=spot_summary&file=spot_summary_2013.csv
2013-10-12,jepx-spread-range-kansai,kansai,5.3100000000000005,https://www.jepx.jp/_download.php?dir=spot_summary&file=spot_summary_2013.csv
2013-10-13,jepx-spread-range-kansai,kansai,6.859999999999999,https://www.jepx.jp/_download.php?dir=spot_summary&file=spot_summary_2013.csv
2013-10-14,jepx-spread-range-kansai,kansai,7.41,https://www.jepx.jp/_download.php?dir=spot_summary&file=spot_summary_2013.csv
2013-10-15,jepx-spread-range-kansai,kansai,8.509999999999998,https://www.jepx.jp/_download.php?dir=spot_summary&file=spot_summary_2013.csv
2013-10-16,jepx-spread-range-kansai,kansai,8.509999999999998,https://www.jepx.jp/_download.php?dir=spot_summary&file=spot_summary_2013.csv
2013-10-17,jepx-spread-range-kansai,kansai,6.720000000000002,https://www.jepx.jp/_download.php?dir=spot_summary&file=spot_summary_2013.csv
2013-10-18,jepx-spread-range-kansai,kansai,7.019999999999998,https://www.jepx.jp/_download.php?dir=spot_summary&file=spot_summary_2013.csv
2013-10-19,jepx-spread-range-kansai,kansai,5.27,https://www.jepx.jp/_download.php?dir=spot_summary&file=spot_summary_2013.csv
2013-10-20,jepx-spread-range-kansai,kansai,5.850000000000001,https://www.jepx.jp/_download.php?dir=spot_summary&file=spot_summary_2013.csv
2013-10-21,jepx-spread-range-kansai,kansai,8.239999999999998,https://www.jepx.jp/_download.php?dir=spot_summary&file=spot_summary_2013.csv
2013-10-22,jepx-spread-range-kansai,kansai,8.95,https://www.jepx.jp/_download.php?dir=spot_summary&file=spot_summary_2013.csv
2013-10-23,jepx-spread-range-kansai,kansai,8.479999999999999,https://www.jepx.jp/_download.php?dir=spot_summary&file=spot_summary_2013.csv
2013-10-24,jepx-spread-range-kansai,kansai,12.05,https://www.jepx.jp/_download.php?dir=spot_summary&file=spot_summary_2013.csv
2013-10-25,jepx-spread-range-kansai,kansai,12.34,https://www.jepx.jp/_download.php?dir=spot_summary&file=spot_summary_2013.csv
2013-10-26,jepx-spread-range-kansai,kansai,5.059999999999999,https://www.jepx.jp/_download.php?dir=spot_summary&file=spot_summary_2013.csv
2013-10-27,jepx-spread-range-kansai,kansai,7.41,https://www.jepx.jp/_download.php?dir=spot_summary&file=spot_summary_2013.csv
2013-10-28,jepx-spread-range-kansai,kansai,9.35,https://www.jepx.jp/_download.php?dir=spot_summary&file=spot_summary_2013.csv
2013-10-29,jepx-spread-range-kansai,kansai,8.349999999999998,https://www.jepx.jp/_download.php?dir=spot_summary&file=spot_summary_2013.csv
2013-10-30,jepx-spread-range-kansai,kansai,7.659999999999998,https://www.jepx.jp/_download.php?dir=spot_summary&file=spot_summary_2013.csv
2013-10-31,jepx-spread-range-kansai,kansai,6.629999999999999,https://www.jepx.jp/_download.php?dir=spot_summary&file=spot_summary_2013.csv
2013-11-01,jepx-spread-range-kansai,kansai,5.280000000000001,https://www.jepx.jp/_download.php?dir=spot_summary&file=spot_summary_2013.csv
2013-11-02,jepx-spread-range-kansai,kansai,3.1000000000000014,https://www.jepx.jp/_download.php?dir=spot_summary&file=spot_summary_2013.csv
2013-11-03,jepx-spread-range-kansai,kansai,4.98,https://www.jepx.jp/_download.php?dir=spot_summary&file=spot_summary_2013.csv
2013-11-04,jepx-spread-range-kansai,kansai,5.440000000000001,https://www.jepx.jp/_download.php?dir=spot_summary&file=spot_summary_2013.csv
2013-11-05,jepx-spread-range-kansai,kansai,8.700000000000001,https://www.jepx.jp/_download.php?dir=spot_summary&file=spot_summary_2013.csv
2013-11-06,jepx-spread-range-kansai,kansai,7.030000000000001,https://www.jepx.jp/_download.php?dir=spot_summary&file=spot_summary_2013.csv
2013-11-07,jepx-spread-range-kansai,kansai,7.630000000000003,https://www.jepx.jp/_download.php?dir=spot_summary&file=spot_summary_2013.csv
2013-11-08,jepx-spread-range-kansai,kansai,8.340000000000002,https://www.jepx.jp/_download.php?dir=spot_summary&file=spot_summary_2013.csv
2013-11-09,jepx-spread-range-kansai,kansai,4.470000000000001,https://www.jepx.jp/_download.php?dir=spot_summary&file=spot_summary_2013.csv
2013-11-10,jepx-spread-range-kansai,kansai,6.870000000000001,https://www.jepx.jp/_download.php?dir=spot_summary&file=spot_summary_2013.csv
2013-11-11,jepx-spread-range-kansai,kansai,12.47,https://www.jepx.jp/_download.php?dir=spot_summary&file=spot_summary_2013.csv
2013-11-12,jepx-spread-range-kansai,kansai,12.05,https://www.jepx.jp/_download.php?dir=spot_summary&file=spot_summary_2013.csv
2013-11-13,jepx-spread-range-kansai,kansai,12.4,https://www.jepx.jp/_download.php?dir=spot_summary&file=spot_summary_2013.csv
2013-11-14,jepx-spread-range-kansai,kansai,8.120000000000001,https://www.jepx.jp/_download.php?dir=spot_summary&file=spot_summary_2013.csv
2013-11-15,jepx-spread-range-kansai,kansai,10.08,https://www.jepx.jp/_download.php?dir=spot_summary&file=spot_summary_2013.csv
2013-11-16,jepx-spread-range-kansai,kansai,4.840000000000002,https://www.jepx.jp/_download.php?dir=spot_summary&file=spot_summary_2013.csv
2013-11-17,jepx-spread-range-kansai,kansai,5.440000000000001,https://www.jepx.jp/_download.php?dir=spot_summary&file=spot_summary_2013.csv
2013-11-18,jepx-spread-range-kansai,kansai,10.69,https://www.jepx.jp/_download.php?dir=spot_summary&file=spot_summary_2013.csv
2013-11-19,jepx-spread-range-kansai,kansai,10.55,https://www.jepx.jp/_download.php?dir=spot_summary&file=spot_summary_2013.csv
2013-11-20,jepx-spread-range-kansai,kansai,9.05,https://www.jepx.jp/_download.php?dir=spot_summary&file=spot_summary_2013.csv
2013-11-21,jepx-spread-range-kansai,kansai,7.549999999999999,https://www.jepx.jp/_download.php?dir=spot_summary&file=spot_summary_2013.csv
2013-11-22,jepx-spread-range-kansai,kansai,4.51,https://www.jepx.jp/_download.php?dir=spot_summary&file=spot_summary_2013.csv
2013-11-23,jepx-spread-range-kansai,kansai,4.139999999999999,https://www.jepx.jp/_download.php?dir=spot_summary&file=spot_summary_2013.csv
2013-11-24,jepx-spread-range-kansai,kansai,5.059999999999999,https://www.jepx.jp/_download.php?dir=spot_summary&file=spot_summary_2013.csv
2013-11-25,jepx-spread-range-kansai,kansai,4.529999999999999,https://www.jepx.jp/_download.php?dir=spot_summary&file=spot_summary_2013.csv
2013-11-26,jepx-spread-range-kansai,kansai,7.549999999999999,https://www.jepx.jp/_download.php?dir=spot_summary&file=spot_summary_2013.csv
2013-11-27,jepx-spread-range-kansai,kansai,9.22,https://www.jepx.jp/_download.php?dir=spot_summary&file=spot_summary_2013.csv
2013-11-28,jepx-spread-range-kansai,kansai,7.549999999999999,https://www.jepx.jp/_download.php?dir=spot_summary&file=spot_summary_2013.csv
2013-11-29,jepx-spread-range-kansai,kansai,9.31,https://www.jepx.jp/_download.php?dir=spot_summary&file=spot_summary_2013.csv
2013-11-30,jepx-spread-range-kansai,kansai,2.75,https://www.jepx.jp/_download.php?dir=spot_summary&file=spot_summary_2013.csv
2013-12-01,jepx-spread-range-kansai,kansai,4.629999999999999,https://www.jepx.jp/_download.php?dir=spot_summary&file=spot_summary_2013.csv
2013-12-02,jepx-spread-range-kansai,kansai,4.52,https://www.jepx.jp/_download.php?dir=spot_summary&file=spot_summary_2013.csv
2013-12-03,jepx-spread-range-kansai,kansai,6.279999999999999,https://www.jepx.jp/_download.php?dir=spot_summary&file=spot_summary_2013.csv
2013-12-04,jepx-spread-range-kansai,kansai,6.19,https://www.jepx.jp/_download.php?dir=spot_summary&file=spot_summary_2013.csv
2013-12-05,jepx-spread-range-kansai,kansai,5.34,https://www.jepx.jp/_download.php?dir=spot_summary&file=spot_summary_2013.csv
2013-12-06,jepx-spread-range-kansai,kansai,4.239999999999998,https://www.jepx.jp/_download.php?dir=spot_summary&file=spot_summary_2013.csv
2013-12-07,jepx-spread-range-kansai,kansai,4.25,https://www.jepx.jp/_download.php?dir=spot_summary&file=spot_summary_2013.csv
2013-12-08,jepx-spread-range-kansai,kansai,4.51,https://www.jepx.jp/_download.php?dir=spot_summary&file=spot_summary_2013.csv
2013-12-09,jepx-spread-range-kansai,kansai,5.080000000000002,https://www.jepx.jp/_download.php?dir=spot_summary&file=spot_summary_2013.csv
2013-12-10,jepx-spread-range-kansai,kansai,9.72,https://www.jepx.jp/_download.php?dir=spot_summary&file=spot_summary_2013.csv
2013-12-11,jepx-spread-range-kansai,kansai,7.5699999999999985,https://www.jepx.jp/_download.php?dir=spot_summary&file=spot_summary_2013.csv
2013-12-12,jepx-spread-range-kansai,kansai,9.12,https://www.jepx.jp/_download.php?dir=spot_summary&file=spot_summary_2013.csv
2013-12-13,jepx-spread-range-kansai,kansai,7.669999999999998,https://www.jepx.jp/_download.php?dir=spot_summary&file=spot_summary_2013.csv
2013-12-14,jepx-spread-range-kansai,kansai,2.959999999999999,https://www.jepx.jp/_download.php?dir=spot_summary&file=spot_summary_2013.csv
2013-12-15,jepx-spread-range-kansai,kansai,4.540000000000001,https://www.jepx.jp/_download.php?dir=spot_summary&file=spot_summary_2013.csv
2013-12-16,jepx-spread-range-kansai,kansai,7.879999999999999,https://www.jepx.jp/_download.php?dir=spot_summary&file=spot_summary_2013.csv
2013-12-17,jepx-spread-range-kansai,kansai,11.22,https://www.jepx.jp/_download.php?dir=spot_summary&file=spot_summary_2013.csv
2013-12-18,jepx-spread-range-kansai,kansai,11.19,https://www.jepx.jp/_download.php?dir=spot_summary&file=spot_summary_2013.csv
2013-12-19,jepx-spread-range-kansai,kansai,6.870000000000001,https://www.jepx.jp/_download.php?dir=spot_summary&file=spot_summary_2013.csv
2013-12-20,jepx-spread-range-kansai,kansai,11.27,https://www.jepx.jp/_download.php?dir=spot_summary&file=spot_summary_2013.csv
2013-12-21,jepx-spread-range-kansai,kansai,3.1599999999999984,https://www.jepx.jp/_download.php?dir=spot_summary&file=spot_summary_2013.csv
2013-12-22,jepx-spread-range-kansai,kansai,8.68,https://www.jepx.jp/_download.php?dir=spot_summary&file=spot_summary_2013.csv
2013-12-23,jepx-spread-range-kansai,kansai,7.77,https://www.jepx.jp/_download.php?dir=spot_summary&file=spot_summary_2013.csv
2013-12-24,jepx-spread-range-kansai,kansai,10.28,https://www.jepx.jp/_download.php?dir=spot_summary&file=spot_summary_2013.csv
2013-12-25,jepx-spread-range-kansai,kansai,9.83,https://www.jepx.jp/_download.php?dir=spot_summary&file=spot_summary_2013.csv
2013-12-26,jepx-spread-range-kansai,kansai,9.58,https://www.jepx.jp/_download.php?dir=spot_summary&file=spot_summary_2013.csv
2013-12-27,jepx-spread-range-kansai,kansai,7.57,https://www.jepx.jp/_download.php?dir=spot_summary&file=spot_summary_2013.csv
2013-12-28,jepx-spread-range-kansai,kansai,5.370000000000001,https://www.jepx.jp/_download.php?dir=spot_summary&file=spot_summary_2013.csv
2013-12-29,jepx-spread-range-kansai,kansai,4.329999999999998,https://www.jepx.jp/_download.php?dir=spot_summary&file=spot_summary_2013.csv
2013-12-30,jepx-spread-range-kansai,kansai,3.619999999999999,https://www.jepx.jp/_download.php?dir=spot_summary&file=spot_summary_2013.csv
2013-12-31,jepx-spread-range-kansai,kansai,4.66,https://www.jepx.jp/_download.php?dir=spot_summary&file=spot_summary_2013.csv
2014-01-01,jepx-spread-range-kansai,kansai,3.3099999999999987,https://www.jepx.jp/_download.php?dir=spot_summary&file=spot_summary_2013.csv
2014-01-02,jepx-spread-range-kansai,kansai,4.109999999999999,https://www.jepx.jp/_download.php?dir=spot_summary&file=spot_summary_2013.csv
2014-01-03,jepx-spread-range-kansai,kansai,4.190000000000001,https://www.jepx.jp/_download.php?dir=spot_summary&file=spot_summary_2013.csv
2014-01-04,jepx-spread-range-kansai,kansai,3.9899999999999984,https://www.jepx.jp/_download.php?dir=spot_summary&file=spot_summary_2013.csv
2014-01-05,jepx-spread-range-kansai,kansai,5.540000000000001,https://www.jepx.jp/_download.php?dir=spot_summary&file=spot_summary_2013.csv
2014-01-06,jepx-spread-range-kansai,kansai,8.739999999999998,https://www.jepx.jp/_download.php?dir=spot_summary&file=spot_summary_2013.csv
2014-01-07,jepx-spread-range-kansai,kansai,10.77,https://www.jepx.jp/_download.php?dir=spot_summary&file=spot_summary_2013.csv
2014-01-08,jepx-spread-range-kansai,kansai,8.0,https://www.jepx.jp/_download.php?dir=spot_summary&file=spot_summary_2013.csv
2014-01-09,jepx-spread-range-kansai,kansai,7.259999999999998,https://www.jepx.jp/_download.php?dir=spot_summary&file=spot_summary_2013.csv
2014-01-10,jepx-spread-range-kansai,kansai,8.18,https://www.jepx.jp/_download.php?dir=spot_summary&file=spot_summary_2013.csv
2014-01-11,jepx-spread-range-kansai,kansai,1.9800000000000004,https://www.jepx.jp/_download.php?dir=spot_summary&file=spot_summary_2013.csv
2014-01-12,jepx-spread-range-kansai,kansai,3.0799999999999983,https://www.jepx.jp/_download.php?dir=spot_summary&file=spot_summary_2013.csv
2014-01-13,jepx-spread-range-kansai,kansai,7.989999999999998,https://www.jepx.jp/_download.php?dir=spot_summary&file=spot_summary_2013.csv
2014-01-14,jepx-spread-range-kansai,kansai,8.18,https://www.jepx.jp/_download.php?dir=spot_summary&file=spot_summary_2013.csv
2014-01-15,jepx-spread-range-kansai,kansai,6.789999999999999,https://www.jepx.jp/_download.php?dir=spot_summary&file=spot_summary_2013.csv
2014-01-16,jepx-spread-range-kansai,kansai,3.169999999999998,https://www.jepx.jp/_download.php?dir=spot_summary&file=spot_summary_2013.csv
2014-01-17,jepx-spread-range-kansai,kansai,6.669999999999998,https://www.jepx.jp/_download.php?dir=spot_summary&file=spot_summary_2013.csv
2014-01-18,jepx-spread-range-kansai,kansai,6.679999999999998,https://www.jepx.jp/_download.php?dir=spot_summary&file=spot_summary_2013.csv
2014-01-19,jepx-spread-range-kansai,kansai,3.75,https://www.jepx.jp/_download.php?dir=spot_summary&file=spot_summary_2013.csv
2014-01-20,jepx-spread-range-kansai,kansai,7.650000000000002,https://www.jepx.jp/_download.php?dir=spot_summary&file=spot_summary_2013.csv
2014-01-21,jepx-spread-range-kansai,kansai,7.289999999999999,https://www.jepx.jp/_download.php?dir=spot_summary&file=spot_summary_2013.csv
2014-01-22,jepx-spread-range-kansai,kansai,7.43,https://www.jepx.jp/_download.php?dir=spot_summary&file=spot_summary_2013.csv
2014-01-23,jepx-spread-range-kansai,kansai,7.07,https://www.jepx.jp/_download.php?dir=spot_summary&file=spot_summary_2013.csv
2014-01-24,jepx-spread-range-kansai,kansai,7.609999999999999,https://www.jepx.jp/_download.php?dir=spot_summary&file=spot_summary_2013.csv
2014-01-25,jepx-spread-range-kansai,kansai,2.2799999999999976,https://www.jepx.jp/_download.php?dir=spot_summary&file=spot_summary_2013.csv
2014-01-26,jepx-spread-range-kansai,kansai,3.2200000000000024,https://www.jepx.jp/_download.php?dir=spot_summary&file=spot_summary_2013.csv
2014-01-27,jepx-spread-range-kansai,kansai,9.23,https://www.jepx.jp/_download.php?dir=spot_summary&file=spot_summary_2013.csv
2014-01-28,jepx-spread-range-kansai,kansai,6.690000000000001,https://www.jepx.jp/_download.php?dir=spot_summary&file=spot_summary_2013.csv
2014-01-29,jepx-spread-range-kansai,kansai,7.299999999999999,https://www.jepx.jp/_download.php?dir=spot_summary&file=spot_summary_2013.csv
2014-01-30,jepx-spread-range-kansai,kansai,3.92,https://www.jepx.jp/_download.php?dir=spot_summary&file=spot_summary_2013.csv
2014-01-31,jepx-spread-range-kansai,kansai,3.290000000000001,https://www.jepx.jp/_download.php?dir=spot_summary&file=spot_summary_2013.csv
2014-02-01,jepx-spread-range-kansai,kansai,2.3199999999999985,https://www.jepx.jp/_download.php?dir=spot_summary&file=spot_summary_2013.csv
2014-02-02,jepx-spread-range-kansai,kansai,2.519999999999998,https://www.jepx.jp/_download.php?dir=spot_summary&file=spot_summary_2013.csv
2014-02-03,jepx-spread-range-kansai,kansai,4.200000000000003,https://www.jepx.jp/_download.php?dir=spot_summary&file=spot_summary_2013.csv
2014-02-04,jepx-spread-range-kansai,kansai,12.04,https://www.jepx.jp/_download.php?dir=spot_summary&file=spot_summary_2013.csv
2014-02-05,jepx-spread-range-kansai,kansai,9.91,https://www.jepx.jp/_download.php?dir=spot_summary&file=spot_summary_2013.csv
2014-02-06,jepx-spread-range-kansai,kansai,17.590000000000003,https://www.jepx.jp/_download.php?dir=spot_summary&file=spot_summary_2013.csv
2014-02-07,jepx-spread-range-kansai,kansai,9.91,https://www.jepx.jp/_download.php?dir=spot_summary&file=spot_summary_2013.csv
2014-02-08,jepx-spread-range-kansai,kansai,2.419999999999998,https://www.jepx.jp/_download.php?dir=spot_summary&file=spot_summary_2013.csv
2014-02-09,jepx-spread-range-kansai,kansai,1.7299999999999969,https://www.jepx.jp/_download.php?dir=spot_summary&file=spot_summary_2013.csv
2014-02-10,jepx-spread-range-kansai,kansai,9.479999999999997,https://www.jepx.jp/_download.php?dir=spot_summary&file=spot_summary_2013.csv
2014-02-11,jepx-spread-range-kansai,kansai,2.41,https://www.jepx.jp/_download.php?dir=spot_summary&file=spot_summary_2013.csv
2014-02-12,jepx-spread-range-kansai,kansai,9.329999999999998,https://www.jepx.jp/_download.php?dir=spot_summary&file=spot_summary_2013.csv
2014-02-13,jepx-spread-range-kansai,kansai,9.91,https://www.jepx.jp/_download.php?dir=spot_summary&file=spot_summary_2013.csv
2014-02-14,jepx-spread-range-kansai,kansai,20.879999999999995,https://www.jepx.jp/_download.php?dir=spot_summary&file=spot_summary_2013.csv
2014-02-15,jepx-spread-range-kansai,kansai,2.370000000000001,https://www.jepx.jp/_download.php?dir=spot_summary&file=spot_summary_2013.csv
2014-02-16,jepx-spread-range-kansai,kansai,1.8099999999999987,https://www.jepx.jp/_download.php?dir=spot_summary&file=spot_summary_2013.csv
2014-02-17,jepx-spread-range-kansai,kansai,7.149999999999999,https://www.jepx.jp/_download.php?dir=spot_summary&file=spot_summary_2013.csv
2014-02-18,jepx-spread-range-kansai,kansai,11.099999999999998,https://www.jepx.jp/_download.php?dir=spot_summary&file=spot_summary_2013.csv
2014-02-19,jepx-spread-range-kansai,kansai,11.099999999999998,https://www.jepx.jp/_download.php?dir=spot_summary&file=spot_summary_2013.csv
2014-02-20,jepx-spread-range-kansai,kansai,11.099999999999998,https://www.jepx.jp/_download.php?dir=spot_summary&file=spot_summary_2013.csv
2014-02-21,jepx-spread-range-kansai,kansai,9.4,https://www.jepx.jp/_download.php?dir=spot_summary&file=spot_summary_2013.csv
2014-02-22,jepx-spread-range-kansai,kansai,3.5,https://www.jepx.jp/_download.php?dir=spot_summary&file=spot_summary_2013.csv
2014-02-23,jepx-spread-range-kansai,kansai,4.15,https://www.jepx.jp/_download.php?dir=spot_summary&file=spot_summary_2013.csv
2014-02-24,jepx-spread-range-kansai,kansai,6.439999999999998,https://www.jepx.jp/_download.php?dir=spot_summary&file=spot_summary_2013.csv
2014-02-25,jepx-spread-range-kansai,kansai,4.210000000000001,https://www.jepx.jp/_download.php?dir=spot_summary&file=spot_summary_2013.csv
2014-02-26,jepx-spread-range-kansai,kansai,3.5500000000000007,https://www.jepx.jp/_download.php?dir=spot_summary&file=spot_summary_2013.csv
2014-02-27,jepx-spread-range-kansai,kansai,6.720000000000001,https://www.jepx.jp/_download.php?dir=spot_summary&file=spot_summary_2013.csv
2014-02-28,jepx-spread-range-kansai,kansai,4.049999999999999,https://www.jepx.jp/_download.php?dir=spot_summary&file=spot_summary_2013.csv
2014-03-01,jepx-spread-range-kansai,kansai,0.9800000000000004,https://www.jepx.jp/_download.php?dir=spot_summary&file=spot_summary_2013.csv
2014-03-02,jepx-spread-range-kansai,kansai,3.690000000000001,https://www.jepx.jp/_download.php?dir=spot_summary&file=spot_summary_2013.csv
2014-03-03,jepx-spread-range-kansai,kansai,10.260000000000002,https://www.jepx.jp/_download.php?dir=spot_summary&file=spot_summary_2013.csv
2014-03-04,jepx-spread-range-kansai,kansai,5.960000000000001,https://www.jepx.jp/_download.php?dir=spot_summary&file=spot_summary_2013.csv
2014-03-05,jepx-spread-range-kansai,kansai,9.43,https://www.jepx.jp/_download.php?dir=spot_summary&file=spot_summary_2013.csv
2014-03-06,jepx-spread-range-kansai,kansai,8.75,https://www.jepx.jp/_download.php?dir=spot_summary&file=spot_summary_2013.csv
2014-03-07,jepx-spread-range-kansai,kansai,12.59,https://www.jepx.jp/_download.php?dir=spot_summary&file=spot_summary_2013.csv
2014-03-08,jepx-spread-range-kansai,kansai,5.010000000000002,https://www.jepx.jp/_download.php?dir=spot_summary&file=spot_summary_2013.csv
2014-03-09,jepx-spread-range-kansai,kansai,3.4700000000000024,https://www.jepx.jp/_download.php?dir=spot_summary&file=spot_summary_2013.csv
2014-03-10,jepx-spread-range-kansai,kansai,16.1,https://www.jepx.jp/_download.php?dir=spot_summary&file=spot_summary_2013.csv
2014-03-11,jepx-spread-range-kansai,kansai,10.55,https://www.jepx.jp/_download.php?dir=spot_summary&file=spot_summary_2013.csv
2014-03-12,jepx-spread-range-kansai,kansai,2.099999999999998,https://www.jepx.jp/_download.php?dir=spot_summary&file=spot_summary_2013.csv
2014-03-13,jepx-spread-range-kansai,kansai,9.529999999999998,https://www.jepx.jp/_download.php?dir=spot_summary&file=spot_summary_2013.csv
2014-03-14,jepx-spread-range-kansai,kansai,7.050000000000001,https://www.jepx.jp/_download.php?dir=spot_summary&file=spot_summary_2013.csv
2014-03-15,jepx-spread-range-kansai,kansai,4.43,https://www.jepx.jp/_download.php?dir=spot_summary&file=spot_summary_2013.csv
2014-03-16,jepx-spread-range-kansai,kansai,2.7099999999999973,https://www.jepx.jp/_download.php?dir=spot_summary&file=spot_summary_2013.csv
2014-03-17,jepx-spread-range-kansai,kansai,2.890000000000001,https://www.jepx.jp/_download.php?dir=spot_summary&file=spot_summary_2013.csv
2014-03-18,jepx-spread-range-kansai,kansai,3.3999999999999986,https://www.jepx.jp/_download.php?dir=spot_summary&file=spot_summary_2013.csv
2014-03-19,jepx-spread-range-kansai,kansai,3.169999999999998,https://www.jepx.jp/_download.php?dir=spot_summary&file=spot_summary_2013.csv
2014-03-20,jepx-spread-range-kansai,kansai,9.8,https://www.jepx.jp/_download.php?dir=spot_summary&file=spot_summary_2013.csv
2014-03-21,jepx-spread-range-kansai,kansai,7.91,https://www.jepx.jp/_download.php?dir=spot_summary&file=spot_summary_2013.csv
2014-03-22,jepx-spread-range-kansai,kansai,3.0,https://www.jepx.jp/_download.php?dir=spot_summary&file=spot_summary_2013.csv
2014-03-23,jepx-spread-range-kansai,kansai,3.4700000000000024,https://www.jepx.jp/_download.php?dir=spot_summary&file=spot_summary_2013.csv
2014-03-24,jepx-spread-range-kansai,kansai,3.049999999999999,https://www.jepx.jp/_download.php?dir=spot_summary&file=spot_summary_2013.csv
2014-03-25,jepx-spread-range-kansai,kansai,3.4499999999999997,https://www.jepx.jp/_download.php?dir=spot_summary&file=spot_summary_2013.csv
2014-03-26,jepx-spread-range-kansai,kansai,3.3599999999999994,https://www.jepx.jp/_download.php?dir=spot_summary&file=spot_summary_2013.csv
2014-03-27,jepx-spread-range-kansai,kansai,3.3599999999999994,https://www.jepx.jp/_download.php?dir=spot_summary&file=spot_summary_2013.csv
2014-03-28,jepx-spread-range-kansai,kansai,2.589999999999998,https://www.jepx.jp/_download.php?dir=spot_summary&file=spot_summary_2013.csv
2014-03-29,jepx-spread-range-kansai,kansai,3.1500000000000004,https://www.jepx.jp/_download.php?dir=spot_summary&file=spot_summary_2013.csv
2014-03-30,jepx-spread-range-kansai,kansai,4.929999999999998,https://www.jepx.jp/_download.php?dir=spot_summary&file=spot_summary_2013.csv
2014-03-31,jepx-spread-range-kansai,kansai,2.43,https://www.jepx.jp/_download.php?dir=spot_summary&file=spot_summary_2013.csv
2014-04-01,jepx-spread-range-kansai,kansai,2.84,https://www.jepx.jp/_download.php?dir=spot_summary&file=spot_summary_2014.csv
2014-04-02,jepx-spread-range-kansai,kansai,3.43,https://www.jepx.jp/_download.php?dir=spot_summary&file=spot_summary_2014.csv
2014-04-03,jepx-spread-range-kansai,kansai,2.8099999999999987,https://www.jepx.jp/_download.php?dir=spot_summary&file=spot_summary_2014.csv
2014-04-04,jepx-spread-range-kansai,kansai,3.4499999999999997,https://www.jepx.jp/_download.php?dir=spot_summary&file=spot_summary_2014.csv
2014-04-05,jepx-spread-range-kansai,kansai,3.219999999999999,https://www.jepx.jp/_download.php?dir=spot_summary&file=spot_summary_2014.csv
2014-04-06,jepx-spread-range-kansai,kansai,4.52,https://www.jepx.jp/_download.php?dir=spot_summary&file=spot_summary_2014.csv
2014-04-07,jepx-spread-range-kansai,kansai,6.52,https://www.jepx.jp/_download.php?dir=spot_summary&file=spot_summary_2014.csv
2014-04-08,jepx-spread-range-kansai,kansai,2.4399999999999995,https://www.jepx.jp/_download.php?dir=spot_summary&file=spot_summary_2014.csv
2014-04-09,jepx-spread-range-kansai,kansai,3.02,https://www.jepx.jp/_download.php?dir=spot_summary&file=spot_summary_2014.csv
2014-04-10,jepx-spread-range-kansai,kansai,3.890000000000001,https://www.jepx.jp/_download.php?dir=spot_summary&file=spot_summary_2014.csv
2014-04-11,jepx-spread-range-kansai,kansai,3.53,https://www.jepx.jp/_download.php?dir=spot_summary&file=spot_summary_2014.csv
2014-04-12,jepx-spread-range-kansai,kansai,2.09,https://www.jepx.jp/_download.php?dir=spot_summary&file=spot_summary_2014.csv
2014-04-13,jepx-spread-range-kansai,kansai,2.6000000000000014,https://www.jepx.jp/_download.php?dir=spot_summary&file=spot_summary_2014.csv
2014-04-14,jepx-spread-range-kansai,kansai,6.949999999999999,https://www.jepx.jp/_download.php?dir=spot_summary&file=spot_summary_2014.csv
2014-04-15,jepx-spread-range-kansai,kansai,5.460000000000001,https://www.jepx.jp/_download.php?dir=spot_summary&file=spot_summary_2014.csv
2014-04-16,jepx-spread-range-kansai,kansai,3.3999999999999986,https://www.jepx.jp/_download.php?dir=spot_summary&file=spot_summary_2014.csv
2014-04-17,jepx-spread-range-kansai,kansai,3.379999999999999,https://www.jepx.jp/_download.php?dir=spot_summary&file=spot_summary_2014.csv
2014-04-18,jepx-spread-range-kansai,kansai,6.460000000000001,https://www.jepx.jp/_download.php?dir=spot_summary&file=spot_summary_2014.csv
2014-04-19,jepx-spread-range-kansai,kansai,4.540000000000001,https://www.jepx.jp/_download.php?dir=spot_summary&file=spot_summary_2014.csv
2014-04-20,jepx-spread-range-kansai,kansai,4.719999999999999,https://www.jepx.jp/_download.php?dir=spot_summary&file=spot_summary_2014.csv
2014-04-21,jepx-spread-range-kansai,kansai,4.579999999999998,https://www.jepx.jp/_download.php?dir=spot_summary&file=spot_summary_2014.csv
2014-04-22,jepx-spread-range-kansai,kansai,3.210000000000001,https://www.jepx.jp/_download.php?dir=spot_summary&file=spot_summary_2014.csv
2014-04-23,jepx-spread-range-kansai,kansai,4.470000000000001,https://www.jepx.jp/_download.php?dir=spot_summary&file=spot_summary_2014.csv
2014-04-24,jepx-spread-range-kansai,kansai,4.520000000000001,https://www.jepx.jp/_download.php?dir=spot_summary&file=spot_summary_2014.csv
2014-04-25,jepx-spread-range-kansai,kansai,4.01,https://www.jepx.jp/_download.php?dir=spot_summary&file=spot_summary_2014.csv
2014-04-26,jepx-spread-range-kansai,kansai,4.369999999999999,https://www.jepx.jp/_download.php?dir=spot_summary&file=spot_summary_2014.csv
2014-04-27,jepx-spread-range-kansai,kansai,3.9700000000000006,https://www.jepx.jp/_download.php?dir=spot_summary&file=spot_summary_2014.csv
2014-04-28,jepx-spread-range-kansai,kansai,5.44,https://www.jepx.jp/_download.php?dir=spot_summary&file=spot_summary_2014.csv
2014-04-29,jepx-spread-range-kansai,kansai,4.4,https://www.jepx.jp/_download.php?dir=spot_summary&file=spot_summary_2014.csv
2014-04-30,jepx-spread-range-kansai,kansai,8.76,https://www.jepx.jp/_download.php?dir=spot_summary&file=spot_summary_2014.csv
2014-05-01,jepx-spread-range-kansai,kansai,3.449999999999997,https://www.jepx.jp/_download.php?dir=spot_summary&file=spot_summary_2014.csv
2014-05-02,jepx-spread-range-kansai,kansai,4.44,https://www.jepx.jp/_download.php?dir=spot_summary&file=spot_summary_2014.csv
2014-05-03,jepx-spread-range-kansai,kansai,5.700000000000001,https://www.jepx.jp/_download.php?dir=spot_summary&file=spot_summary_2014.csv
2014-05-04,jepx-spread-range-kansai,kansai,6.75,https://www.jepx.jp/_download.php?dir=spot_summary&file=spot_summary_2014.csv
2014-05-05,jepx-spread-range-kansai,kansai,2.3999999999999986,https://www.jepx.jp/_download.php?dir=spot_summary&file=spot_summary_2014.csv
2014-05-06,jepx-spread-range-kansai,kansai,4.980000000000002,https://www.jepx.jp/_download.php?dir=spot_summary&file=spot_summary_2014.csv
2014-05-07,jepx-spread-range-kansai,kansai,8.129999999999999,https://www.jepx.jp/_download.php?dir=spot_summary&file=spot_summary_2014.csv
2014-05-08,jepx-spread-range-kansai,kansai,7.139999999999999,https://www.jepx.jp/_download.php?dir=spot_summary&file=spot_summary_2014.csv
2014-05-09,jepx-spread-range-kansai,kansai,4.15,https://www.jepx.jp/_download.php?dir=spot_summary&file=spot_summary_2014.csv
2014-05-10,jepx-spread-range-kansai,kansai,4.44,https://www.jepx.jp/_download.php?dir=spot_summary&file=spot_summary_2014.csv
2014-05-11,jepx-spread-range-kansai,kansai,4.190000000000001,https://www.jepx.jp/_download.php?dir=spot_summary&file=spot_summary_2014.csv
2014-05-12,jepx-spread-range-kansai,kansai,8.319999999999999,https://www.jepx.jp/_download.php?dir=spot_summary&file=spot_summary_2014.csv
2014-05-13,jepx-spread-range-kansai,kansai,6.57,https://www.jepx.jp/_download.php?dir=spot_summary&file=spot_summary_2014.csv
2014-05-14,jepx-spread-range-kansai,kansai,9.82,https://www.jepx.jp/_download.php?dir=spot_summary&file=spot_summary_2014.csv
2014-05-15,jepx-spread-range-kansai,kansai,10.9,https://www.jepx.jp/_download.php?dir=spot_summary&file=spot_summary_2014.csv
2014-05-16,jepx-spread-range-kansai,kansai,6.050000000000001,https://www.jepx.jp/_download.php?dir=spot_summary&file=spot_summary_2014.csv
2014-05-17,jepx-spread-range-kansai,kansai,4.319999999999999,https://www.jepx.jp/_download.php?dir=spot_summary&file=spot_summary_2014.csv
2014-05-18,jepx-spread-range-kansai,kansai,6.93,https://www.jepx.jp/_download.php?dir=spot_summary&file=spot_summary_2014.csv
2014-05-19,jepx-spread-range-kansai,kansai,9.920000000000002,https://www.jepx.jp/_download.php?dir=spot_summary&file=spot_summary_2014.csv
2014-05-20,jepx-spread-range-kansai,kansai,9.920000000000002,https://www.jepx.jp/_download.php?dir=spot_summary&file=spot_summary_2014.csv
2014-05-21,jepx-spread-range-kansai,kansai,4.25,https://www.jepx.jp/_download.php?dir=spot_summary&file=spot_summary_2014.csv
2014-05-22,jepx-spread-range-kansai,kansai,4.580000000000002,https://www.jepx.jp/_download.php?dir=spot_summary&file=spot_summary_2014.csv
2014-05-23,jepx-spread-range-kansai,kansai,4.370000000000001,https://www.jepx.jp/_download.php?dir=spot_summary&file=spot_summary_2014.csv
2014-05-24,jepx-spread-range-kansai,kansai,4.609999999999999,https://www.jepx.jp/_download.php?dir=spot_summary&file=spot_summary_2014.csv
2014-05-25,jepx-spread-range-kansai,kansai,4.350000000000001,https://www.jepx.jp/_download.php?dir=spot_summary&file=spot_summary_2014.csv
2014-05-26,jepx-spread-range-kansai,kansai,6.599999999999998,https://www.jepx.jp/_download.php?dir=spot_summary&file=spot_summary_2014.csv
2014-05-27,jepx-spread-range-kansai,kansai,4.609999999999999,https://www.jepx.jp/_download.php?dir=spot_summary&file=spot_summary_2014.csv
2014-05-28,jepx-spread-range-kansai,kansai,5.69,https://www.jepx.jp/_download.php?dir=spot_summary&file=spot_summary_2014.csv
2014-05-29,jepx-spread-range-kansai,kansai,8.230000000000002,https://www.jepx.jp/_download.php?dir=spot_summary&file=spot_summary_2014.csv
2014-05-30,jepx-spread-range-kansai,kansai,7.19,https://www.jepx.jp/_download.php?dir=spot_summary&file=spot_summary_2014.csv
2014-05-31,jepx-spread-range-kansai,kansai,5.57,https://www.jepx.jp/_download.php?dir=spot_summary&file=spot_summary_2014.csv
2014-06-01,jepx-spread-range-kansai,kansai,6.0,https://www.jepx.jp/_download.php?dir=spot_summary&file=spot_summary_2014.csv
2014-06-02,jepx-spread-range-kansai,kansai,8.549999999999999,https://www.jepx.jp/_download.php?dir=spot_summary&file=spot_summary_2014.csv
2014-06-03,jepx-spread-range-kansai,kansai,11.38,https://www.jepx.jp/_download.php?dir=spot_summary&file=spot_summary_2014.csv
2014-06-04,jepx-spread-range-kansai,kansai,11.32,https://www.jepx.jp/_download.php?dir=spot_summary&file=spot_summary_2014.csv
2014-06-05,jepx-spread-range-kansai,kansai,9.820000000000002,https://www.jepx.jp/_download.php?dir=spot_summary&file=spot_summary_2014.csv
2014-06-06,jepx-spread-range-kansai,kansai,8.24,https://www.jepx.jp/_download.php?dir=spot_summary&file=spot_summary_2014.csv
2014-06-07,jepx-spread-range-kansai,kansai,3.5600000000000005,https://www.jepx.jp/_download.php?dir=spot_summary&file=spot_summary_2014.csv
2014-06-08,jepx-spread-range-kansai,kansai,5.210000000000001,https://www.jepx.jp/_download.php?dir=spot_summary&file=spot_summary_2014.csv
2014-06-09,jepx-spread-range-kansai,kansai,7.23,https://www.jepx.jp/_download.php?dir=spot_summary&file=spot_summary_2014.csv
2014-06-10,jepx-spread-range-kansai,kansai,8.36,https://www.jepx.jp/_download.php?dir=spot_summary&file=spot_summary_2014.csv
2014-06-11,jepx-spread-range-kansai,kansai,7.890000000000001,https://www.jepx.jp/_download.php?dir=spot_summary&file=spot_summary_2014.csv
2014-06-12,jepx-spread-range-kansai,kansai,7.449999999999999,https://www.jepx.jp/_download.php?dir=spot_summary&file=spot_summary_2014.csv
2014-06-13,jepx-spread-range-kansai,kansai,6.16,https://www.jepx.jp/_download.php?dir=spot_summary&file=spot_summary_2014.csv
2014-06-14,jepx-spread-range-kansai,kansai,4.33,https://www.jepx.jp/_download.php?dir=spot_summary&file=spot_summary_2014.csv
2014-06-15,jepx-spread-range-kansai,kansai,3.610000000000001,https://www.jepx.jp/_download.php?dir=spot_summary&file=spot_summary_2014.csv
2014-06-16,jepx-spread-range-kansai,kansai,8.67,https://www.jepx.jp/_download.php?dir=spot_summary&file=spot_summary_2014.csv
2014-06-17,jepx-spread-range-kansai,kansai,6.08,https://www.jepx.jp/_download.php?dir=spot_summary&file=spot_summary_2014.csv
2014-06-18,jepx-spread-range-kansai,kansai,6.27,https://www.jepx.jp/_download.php?dir=spot_summary&file=spot_summary_2014.csv
2014-06-19,jepx-spread-range-kansai,kansai,6.450000000000001,https://www.jepx.jp/_download.php?dir=spot_summary&file=spot_summary_2014.csv
2014-06-20,jepx-spread-range-kansai,kansai,7.329999999999998,https://www.jepx.jp/_download.php?dir=spot_summary&file=spot_summary_2014.csv
2014-06-21,jepx-spread-range-kansai,kansai,4.83,https://www.jepx.jp/_download.php?dir=spot_summary&file=spot_summary_2014.csv
2014-06-22,jepx-spread-range-kansai,kansai,3.860000000000001,https://www.jepx.jp/_download.php?dir=spot_summary&file=spot_summary_2014.csv
2014-06-23,jepx-spread-range-kansai,kansai,8.9,https://www.jepx.jp/_download.php?dir=spot_summary&file=spot_summary_2014.csv
2014-06-24,jepx-spread-range-kansai,kansai,6.700000000000001,https://www.jepx.jp/_download.php?dir=spot_summary&file=spot_summary_2014.csv
2014-06-25,jepx-spread-range-kansai,kansai,6.83,https://www.jepx.jp/_download.php?dir=spot_summary&file=spot_summary_2014.csv
2014-06-26,jepx-spread-range-kansai,kansai,6.790000000000001,https://www.jepx.jp/_download.php?dir=spot_summary&file=spot_summary_2014.csv
2014-06-27,jepx-spread-range-kansai,kansai,9.44,https://www.jepx.jp/_download.php?dir=spot_summary&file=spot_summary_2014.csv
2014-06-28,jepx-spread-range-kansai,kansai,3.9700000000000015,https://www.jepx.jp/_download.php?dir=spot_summary&file=spot_summary_2014.csv
2014-06-29,jepx-spread-range-kansai,kansai,4.169999999999998,https://www.jepx.jp/_download.php?dir=spot_summary&file=spot_summary_2014.csv
2014-06-30,jepx-spread-range-kansai,kansai,7.359999999999999,https://www.jepx.jp/_download.php?dir=spot_summary&file=spot_summary_2014.csv
2014-07-01,jepx-spread-range-kansai,kansai,7.139999999999999,https://www.jepx.jp/_download.php?dir=spot_summary&file=spot_summary_2014.csv
2014-07-02,jepx-spread-range-kansai,kansai,8.729999999999999,https://www.jepx.jp/_download.php?dir=spot_summary&file=spot_summary_2014.csv
2014-07-03,jepx-spread-range-kansai,kansai,7.139999999999999,https://www.jepx.jp/_download.php?dir=spot_summary&file=spot_summary_2014.csv
2014-07-04,jepx-spread-range-kansai,kansai,7.34,https://www.jepx.jp/_download.php?dir=spot_summary&file=spot_summary_2014.csv
2014-07-05,jepx-spread-range-kansai,kansai,5.420000000000002,https://www.jepx.jp/_download.php?dir=spot_summary&file=spot_summary_2014.csv
2014-07-06,jepx-spread-range-kansai,kansai,5.420000000000002,https://www.jepx.jp/_download.php?dir=spot_summary&file=spot_summary_2014.csv
2014-07-07,jepx-spread-range-kansai,kansai,9.38,https://www.jepx.jp/_download.php?dir=spot_summary&file=spot_summary_2014.csv
2014-07-08,jepx-spread-range-kansai,kansai,8.14,https://www.jepx.jp/_download.php?dir=spot_summary&file=spot_summary_2014.csv
2014-07-09,jepx-spread-range-kansai,kansai,9.810000000000002,https://www.jepx.jp/_download.php?dir=spot_summary&file=spot_summary_2014.csv
2014-07-10,jepx-spread-range-kansai,kansai,10.000000000000002,https://www.jepx.jp/_download.php?dir=spot_summary&file=spot_summary_2014.csv
2014-07-11,jepx-spread-range-kansai,kansai,14.02,https://www.jepx.jp/_download.php?dir=spot_summary&file=spot_summary_2014.csv
2014-07-12,jepx-spread-range-kansai,kansai,6.17,https://www.jepx.jp/_download.php?dir=spot_summary&file=spot_summary_2014.csv
2014-07-13,jepx-spread-range-kansai,kansai,5.949999999999999,https://www.jepx.jp/_download.php?dir=spot_summary&file=spot_summary_2014.csv
2014-07-14,jepx-spread-range-kansai,kansai,10.86,https://www.jepx.jp/_download.php?dir=spot_summary&file=spot_summary_2014.csv
2014-07-15,jepx-spread-range-kansai,kansai,7.690000000000001,https://www.jepx.jp/_download.php?dir=spot_summary&file=spot_summary_2014.csv
2014-07-16,jepx-spread-range-kansai,kansai,10.510000000000002,https://www.jepx.jp/_download.php?dir=spot_summary&file=spot_summary_2014.csv
2014-07-17,jepx-spread-range-kansai,kansai,10.45,https://www.jepx.jp/_download.php?dir=spot_summary&file=spot_summary_2014.csv
2014-07-18,jepx-spread-range-kansai,kansai,9.96,https://www.jepx.jp/_download.php?dir=spot_summary&file=spot_summary_2014.csv
2014-07-19,jepx-spread-range-kansai,kansai,4.48,https://www.jepx.jp/_download.php?dir=spot_summary&file=spot_summary_2014.csv
2014-07-20,jepx-spread-range-kansai,kansai,4.790000000000001,https://www.jepx.jp/_download.php?dir=spot_summary&file=spot_summary_2014.csv
2014-07-21,jepx-spread-range-kansai,kansai,6.5,https://www.jepx.jp/_download.php?dir=spot_summary&file=spot_summary_2014.csv
2014-07-22,jepx-spread-range-kansai,kansai,10.44,https://www.jepx.jp/_download.php?dir=spot_summary&file=spot_summary_2014.csv
2014-07-23,jepx-spread-range-kansai,kansai,9.7,https://www.jepx.jp/_download.php?dir=spot_summary&file=spot_summary_2014.csv
2014-07-24,jepx-spread-range-kansai,kansai,14.739999999999998,https://www.jepx.jp/_download.php?dir=spot_summary&file=spot_summary_2014.csv
2014-07-25,jepx-spread-range-kansai,kansai,32.03,https://www.jepx.jp/_download.php?dir=spot_summary&file=spot_summary_2014.csv
2014-07-26,jepx-spread-range-kansai,kansai,6.44,https://www.jepx.jp/_download.php?dir=spot_summary&file=spot_summary_2014.csv
2014-07-27,jepx-spread-range-kansai,kansai,6.27,https://www.jepx.jp/_download.php?dir=spot_summary&file=spot_summary_2014.csv
2014-07-28,jepx-spread-range-kansai,kansai,9.400000000000002,https://www.jepx.jp/_download.php?dir=spot_summary&file=spot_summary_2014.csv
2014-07-29,jepx-spread-range-kansai,kansai,9.44,https://www.jepx.jp/_download.php?dir=spot_summary&file=spot_summary_2014.csv
2014-07-30,jepx-spread-range-kansai,kansai,10.94,https://www.jepx.jp/_download.php?dir=spot_summary&file=spot_summary_2014.csv
2014-07-31,jepx-spread-range-kansai,kansai,12.26,https://www.jepx.jp/_download.php?dir=spot_summary&file=spot_summary_2014.csv
2014-08-01,jepx-spread-range-kansai,kansai,11.269999999999998,https://www.jepx.jp/_download.php?dir=spot_summary&file=spot_summary_2014.csv
2014-08-02,jepx-spread-range-kansai,kansai,5.19,https://www.jepx.jp/_download.php?dir=spot_summary&file=spot_summary_2014.csv
2014-08-03,jepx-spread-range-kansai,kansai,4.85,https://www.jepx.jp/_download.php?dir=spot_summary&file=spot_summary_2014.csv
2014-08-04,jepx-spread-range-kansai,kansai,10.07,https://www.jepx.jp/_download.php?dir=spot_summary&file=spot_summary_2014.csv
2014-08-05,jepx-spread-range-kansai,kansai,10.7,https://www.jepx.jp/_download.php?dir=spot_summary&file=spot_summary_2014.csv
2014-08-06,jepx-spread-range-kansai,kansai,9.61,https://www.jepx.jp/_download.php?dir=spot_summary&file=spot_summary_2014.csv
2014-08-07,jepx-spread-range-kansai,kansai,8.62,https://www.jepx.jp/_download.php?dir=spot_summary&file=spot_summary_2014.csv
2014-08-08,jepx-spread-range-kansai,kansai,8.499999999999998,https://www.jepx.jp/_download.php?dir=spot_summary&file=spot_summary_2014.csv
2014-08-09,jepx-spread-range-kansai,kansai,4.770000000000001,https://www.jepx.jp/_download.php?dir=spot_summary&file=spot_summary_2014.csv
2014-08-10,jepx-spread-range-kansai,kansai,4.590000000000002,https://www.jepx.jp/_download.php?dir=spot_summary&file=spot_summary_2014.csv
2014-08-11,jepx-spread-range-kansai,kansai,10.32,https://www.jepx.jp/_download.php?dir=spot_summary&file=spot_summary_2014.csv
2014-08-12,jepx-spread-range-kansai,kansai,6.26,https://www.jepx.jp/_download.php?dir=spot_summary&file=spot_summary_2014.csv
2014-08-13,jepx-spread-range-kansai,kansai,8.190000000000001,https://www.jepx.jp/_download.php?dir=spot_summary&file=spot_summary_2014.csv
2014-08-14,jepx-spread-range-kansai,kansai,6.109999999999999,https://www.jepx.jp/_download.php?dir=spot_summary&file=spot_summary_2014.csv
2014-08-15,jepx-spread-range-kansai,kansai,8.149999999999999,https://www.jepx.jp/_download.php?dir=spot_summary&file=spot_summary_2014.csv
2014-08-16,jepx-spread-range-kansai,kansai,4.69,https://www.jepx.jp/_download.php?dir=spot_summary&file=spot_summary_2014.csv
2014-08-17,jepx-spread-range-kansai,kansai,6.3,https://www.jepx.jp/_download.php?dir=spot_summary&file=spot_summary_2014.csv
2014-08-18,jepx-spread-range-kansai,kansai,13.920000000000002,https://www.jepx.jp/_download.php?dir=spot_summary&file=spot_summary_2014.csv
2014-08-19,jepx-spread-range-kansai,kansai,12.000000000000002,https://www.jepx.jp/_download.php?dir=spot_summary&file=spot_summary_2014.csv
2014-08-20,jepx-spread-range-kansai,kansai,9.98,https://www.jepx.jp/_download.php?dir=spot_summary&file=spot_summary_2014.csv
2014-08-21,jepx-spread-range-kansai,kansai,9.42,https://www.jepx.jp/_download.php?dir=spot_summary&file=spot_summary_2014.csv
2014-08-22,jepx-spread-range-kansai,kansai,8.110000000000001,https://www.jepx.jp/_download.php?dir=spot_summary&file=spot_summary_2014.csv
2014-08-23,jepx-spread-range-kansai,kansai,4.98,https://www.jepx.jp/_download.php?dir=spot_summary&file=spot_summary_2014.csv
2014-08-24,jepx-spread-range-kansai,kansai,4.5600000000000005,https://www.jepx.jp/_download.php?dir=spot_summary&file=spot_summary_2014.csv
2014-08-25,jepx-spread-range-kansai,kansai,10.46,https://www.jepx.jp/_download.php?dir=spot_summary&file=spot_summary_2014.csv
2014-08-26,jepx-spread-range-kansai,kansai,8.21,https://www.jepx.jp/_download.php?dir=spot_summary&file=spot_summary_2014.csv
2014-08-27,jepx-spread-range-kansai,kansai,7.210000000000001,https://www.jepx.jp/_download.php?dir=spot_summary&file=spot_summary_2014.csv
2014-08-28,jepx-spread-range-kansai,kansai,6.43,https://www.jepx.jp/_download.php?dir=spot_summary&file=spot_summary_2014.csv
2014-08-29,jepx-spread-range-kansai,kansai,5.74,https://www.jepx.jp/_download.php?dir=spot_summary&file=spot_summary_2014.csv
2014-08-30,jepx-spread-range-kansai,kansai,3.49,https://www.jepx.jp/_download.php?dir=spot_summary&file=spot_summary_2014.csv
2014-08-31,jepx-spread-range-kansai,kansai,2.9000000000000004,https://www.jepx.jp/_download.php?dir=spot_summary&file=spot_summary_2014.csv
2014-09-01,jepx-spread-range-kansai,kansai,7.789999999999999,https://www.jepx.jp/_download.php?dir=spot_summary&file=spot_summary_2014.csv
2014-09-02,jepx-spread-range-kansai,kansai,5.66,https://www.jepx.jp/_download.php?dir=spot_summary&file=spot_summary_2014.csv
2014-09-03,jepx-spread-range-kansai,kansai,6.200000000000001,https://www.jepx.jp/_download.php?dir=spot_summary&file=spot_summary_2014.csv
2014-09-04,jepx-spread-range-kansai,kansai,5.619999999999997,https://www.jepx.jp/_download.php?dir=spot_summary&file=spot_summary_2014.csv
2014-09-05,jepx-spread-range-kansai,kansai,5.949999999999999,https://www.jepx.jp/_download.php?dir=spot_summary&file=spot_summary_2014.csv
2014-09-06,jepx-spread-range-kansai,kansai,6.510000000000002,https://www.jepx.jp/_download.php?dir=spot_summary&file=spot_summary_2014.csv
2014-09-07,jepx-spread-range-kansai,kansai,6.82,https://www.jepx.jp/_download.php?dir=spot_summary&file=spot_summary_2014.csv
2014-09-08,jepx-spread-range-kansai,kansai,6.390000000000002,https://www.jepx.jp/_download.php?dir=spot_summary&file=spot_summary_2014.csv
2014-09-09,jepx-spread-range-kansai,kansai,5.549999999999999,https://www.jepx.jp/_download.php?dir=spot_summary&file=spot_summary_2014.csv
2014-09-10,jepx-spread-range-kansai,kansai,5.800000000000001,https://www.jepx.jp/_download.php?dir=spot_summary&file=spot_summary_2014.csv
2014-09-11,jepx-spread-range-kansai,kansai,5.530000000000001,https://www.jepx.jp/_download.php?dir=spot_summary&file=spot_summary_2014.csv
2014-09-12,jepx-spread-range-kansai,kansai,8.450000000000001,https://www.jepx.jp/_download.php?dir=spot_summary&file=spot_summary_2014.csv
2014-09-13,jepx-spread-range-kansai,kansai,5.630000000000001,https://www.jepx.jp/_download.php?dir=spot_summary&file=spot_summary_2014.csv
2014-09-14,jepx-spread-range-kansai,kansai,8.729999999999999,https://www.jepx.jp/_download.php?dir=spot_summary&file=spot_summary_2014.csv
2014-09-15,jepx-spread-range-kansai,kansai,10.869999999999996,https://www.jepx.jp/_download.php?dir=spot_summary&file=spot_summary_2014.csv
2014-09-16,jepx-spread-range-kansai,kansai,8.74,https://www.jepx.jp/_download.php?dir=spot_summary&file=spot_summary_2014.csv
2014-09-17,jepx-spread-range-kansai,kansai,8.22,https://www.jepx.jp/_download.php?dir=spot_summary&file=spot_summary_2014.csv
2014-09-18,jepx-spread-range-kansai,kansai,5.950000000000001,https://www.jepx.jp/_download.php?dir=spot_summary&file=spot_summary_2014.csv
2014-09-19,jepx-spread-range-kansai,kansai,5.659999999999998,https://www.jepx.jp/_download.php?dir=spot_summary&file=spot_summary_2014.csv
2014-09-20,jepx-spread-range-kansai,kansai,4.489999999999998,https://www.jepx.jp/_download.php?dir=spot_summary&file=spot_summary_2014.csv
2014-09-21,jepx-spread-range-kansai,kansai,6.43,https://www.jepx.jp/_download.php?dir=spot_summary&file=spot_summary_2014.csv
2014-09-22,jepx-spread-range-kansai,kansai,7.109999999999998,https://www.jepx.jp/_download.php?dir=spot_summary&file=spot_summary_2014.csv
2014-09-23,jepx-spread-range-kansai,kansai,5.139999999999999,https://www.jepx.jp/_download.php?dir=spot_summary&file=spot_summary_2014.csv
2014-09-24,jepx-spread-range-kansai,kansai,6.389999999999999,https://www.jepx.jp/_download.php?dir=spot_summary&file=spot_summary_2014.csv
2014-09-25,jepx-spread-range-kansai,kansai,6.76,https://www.jepx.jp/_download.php?dir=spot_summary&file=spot_summary_2014.csv
2014-09-26,jepx-spread-range-kansai,kansai,6.279999999999999,https://www.jepx.jp/_download.php?dir=spot_summary&file=spot_summary_2014.csv
2014-09-27,jepx-spread-range-kansai,kansai,5.100000000000001,https://www.jepx.jp/_download.php?dir=spot_summary&file=spot_summary_2014.csv
2014-09-28,jepx-spread-range-kansai,kansai,8.879999999999999,https://www.jepx.jp/_download.php?dir=spot_summary&file=spot_summary_2014.csv
2014-09-29,jepx-spread-range-kansai,kansai,6.449999999999999,https://www.jepx.jp/_download.php?dir=spot_summary&file=spot_summary_2014.csv
2014-09-30,jepx-spread-range-kansai,kansai,6.030000000000001,https://www.jepx.jp/_download.php?dir=spot_summary&file=spot_summary_2014.csv
2014-10-01,jepx-spread-range-kansai,kansai,6.049999999999999,https://www.jepx.jp/_download.php?dir=spot_summary&file=spot_summary_2014.csv
2014-10-02,jepx-spread-range-kansai,kansai,6.029999999999999,https://www.jepx.jp/_download.php?dir=spot_summary&file=spot_summary_2014.csv
2014-10-03,jepx-spread-range-kansai,kansai,6.939999999999998,https://www.jepx.jp/_download.php?dir=spot_summary&file=spot_summary_2014.csv
2014-10-04,jepx-spread-range-kansai,kansai,2.5599999999999987,https://www.jepx.jp/_download.php?dir=spot_summary&file=spot_summary_2014.csv
2014-10-05,jepx-spread-range-kansai,kansai,1.5700000000000005,https://www.jepx.jp/_download.php?dir=spot_summary&file=spot_summary_2014.csv
2014-10-06,jepx-spread-range-kansai,kansai,3.59,https://www.jepx.jp/_download.php?dir=spot_summary&file=spot_summary_2014.csv
2014-10-07,jepx-spread-range-kansai,kansai,4.449999999999999,https://www.jepx.jp/_download.php?dir=spot_summary&file=spot_summary_2014.csv
2014-10-08,jepx-spread-range-kansai,kansai,7.619999999999999,https://www.jepx.jp/_download.php?dir=spot_summary&file=spot_summary_2014.csv
2014-10-09,jepx-spread-range-kansai,kansai,5.6999999999999975,https://www.jepx.jp/_download.php?dir=spot_summary&file=spot_summary_2014.csv
2014-10-10,jepx-spread-range-kansai,kansai,6.439999999999998,https://www.jepx.jp/_download.php?dir=spot_summary&file=spot_summary_2014.csv
2014-10-11,jepx-spread-range-kansai,kansai,5.320000000000002,https://www.jepx.jp/_download.php?dir=spot_summary&file=spot_summary_2014.csv
2014-10-12,jepx-spread-range-kansai,kansai,3.120000000000001,https://www.jepx.jp/_download.php?dir=spot_summary&file=spot_summary_2014.csv
2014-10-13,jepx-spread-range-kansai,kansai,6.539999999999999,https://www.jepx.jp/_download.php?dir=spot_summary&file=spot_summary_2014.csv
2014-10-14,jepx-spread-range-kansai,kansai,9.28,https://www.jepx.jp/_download.php?dir=spot_summary&file=spot_summary_2014.csv
2014-10-15,jepx-spread-range-kansai,kansai,9.06,https://www.jepx.jp/_download.php?dir=spot_summary&file=spot_summary_2014.csv
2014-10-16,jepx-spread-range-kansai,kansai,8.089999999999998,https://www.jepx.jp/_download.php?dir=spot_summary&file=spot_summary_2014.csv
2014-10-17,jepx-spread-range-kansai,kansai,6.85,https://www.jepx.jp/_download.php?dir=spot_summary&file=spot_summary_2014.csv
2014-10-18,jepx-spread-range-kansai,kansai,6.810000000000002,https://www.jepx.jp/_download.php?dir=spot_summary&file=spot_summary_2014.csv
2014-10-19,jepx-spread-range-kansai,kansai,6.18,https://www.jepx.jp/_download.php?dir=spot_summary&file=spot_summary_2014.csv
2014-10-20,jepx-spread-range-kansai,kansai,7.949999999999999,https://www.jepx.jp/_download.php?dir=spot_summary&file=spot_summary_2014.csv
2014-10-21,jepx-spread-range-kansai,kansai,4.940000000000001,https://www.jepx.jp/_download.php?dir=spot_summary&file=spot_summary_2014.csv
2014-10-22,jepx-spread-range-kansai,kansai,4.669999999999998,https://www.jepx.jp/_download.php?dir=spot_summary&file=spot_summary_2014.csv
2014-10-23,jepx-spread-range-kansai,kansai,4.52,https://www.jepx.jp/_download.php?dir=spot_summary&file=spot_summary_2014.csv
2014-10-24,jepx-spread-range-kansai,kansai,4.260000000000002,https://www.jepx.jp/_download.php?dir=spot_summary&file=spot_summary_2014.csv
2014-10-25,jepx-spread-range-kansai,kansai,3.41,https://www.jepx.jp/_download.php?dir=spot_summary&file=spot_summary_2014.csv
2014-10-26,jepx-spread-range-kansai,kansai,4.92,https://www.jepx.jp/_download.php?dir=spot_summary&file=spot_summary_2014.csv
2014-10-27,jepx-spread-range-kansai,kansai,5.359999999999999,https://www.jepx.jp/_download.php?dir=spot_summary&file=spot_summary_2014.csv
2014-10-28,jepx-spread-range-kansai,kansai,5.299999999999999,https://www.jepx.jp/_download.php?dir=spot_summary&file=spot_summary_2014.csv
2014-10-29,jepx-spread-range-kansai,kansai,5.640000000000001,https://www.jepx.jp/_download.php?dir=spot_summary&file=spot_summary_2014.csv
2014-10-30,jepx-spread-range-kansai,kansai,4.25,https://www.jepx.jp/_download.php?dir=spot_summary&file=spot_summary_2014.csv
2014-10-31,jepx-spread-range-kansai,kansai,5.24,https://www.jepx.jp/_download.php?dir=spot_summary&file=spot_summary_2014.csv
2014-11-01,jepx-spread-range-kansai,kansai,5.390000000000001,https://www.jepx.jp/_download.php?dir=spot_summary&file=spot_summary_2014.csv
2014-11-02,jepx-spread-range-kansai,kansai,6.260000000000002,https://www.jepx.jp/_download.php?dir=spot_summary&file=spot_summary_2014.csv
2014-11-03,jepx-spread-range-kansai,kansai,3.299999999999999,https://www.jepx.jp/_download.php?dir=spot_summary&file=spot_summary_2014.csv
2014-11-04,jepx-spread-range-kansai,kansai,6.93,https://www.jepx.jp/_download.php?dir=spot_summary&file=spot_summary_2014.csv
2014-11-05,jepx-spread-range-kansai,kansai,3.540000000000001,https://www.jepx.jp/_download.php?dir=spot_summary&file=spot_summary_2014.csv
2014-11-06,jepx-spread-range-kansai,kansai,3.6999999999999993,https://www.jepx.jp/_download.php?dir=spot_summary&file=spot_summary_2014.csv
2014-11-07,jepx-spread-range-kansai,kansai,7.08,https://www.jepx.jp/_download.php?dir=spot_summary&file=spot_summary_2014.csv
2014-11-08,jepx-spread-range-kansai,kansai,4.049999999999999,https://www.jepx.jp/_download.php?dir=spot_summary&file=spot_summary_2014.csv
2014-11-09,jepx-spread-range-kansai,kansai,3.219999999999999,https://www.jepx.jp/_download.php?dir=spot_summary&file=spot_summary_2014.csv
2014-11-10,jepx-spread-range-kansai,kansai,6.640000000000001,https://www.jepx.jp/_download.php?dir=spot_summary&file=spot_summary_2014.csv
2014-11-11,jepx-spread-range-kansai,kansai,4.199999999999999,https://www.jepx.jp/_download.php?dir=spot_summary&file=spot_summary_2014.csv
2014-11-12,jepx-spread-range-kansai,kansai,4.5,https://www.jepx.jp/_download.php?dir=spot_summary&file=spot_summary_2014.csv
2014-11-13,jepx-spread-range-kansai,kansai,6.83,https://www.jepx.jp/_download.php?dir=spot_summary&file=spot_summary_2014.csv
2014-11-14,jepx-spread-range-kansai,kansai,6.559999999999999,https://www.jepx.jp/_download.php?dir=spot_summary&file=spot_summary_2014.csv
2014-11-15,jepx-spread-range-kansai,kansai,5.23,https://www.jepx.jp/_download.php?dir=spot_summary&file=spot_summary_2014.csv
2014-11-16,jepx-spread-range-kansai,kansai,4.309999999999999,https://www.jepx.jp/_download.php?dir=spot_summary&file=spot_summary_2014.csv
2014-11-17,jepx-spread-range-kansai,kansai,5.01,https://www.jepx.jp/_download.php?dir=spot_summary&file=spot_summary_2014.csv
2014-11-18,jepx-spread-range-kansai,kansai,4.420000000000002,https://www.jepx.jp/_download.php?dir=spot_summary&file=spot_summary_2014.csv
2014-11-19,jepx-spread-range-kansai,kansai,5.190000000000001,https://www.jepx.jp/_download.php?dir=spot_summary&file=spot_summary_2014.csv
2014-11-20,jepx-spread-range-kansai,kansai,4.57,https://www.jepx.jp/_download.php?dir=spot_summary&file=spot_summary_2014.csv
2014-11-21,jepx-spread-range-kansai,kansai,4.8100000000000005,https://www.jepx.jp/_download.php?dir=spot_summary&file=spot_summary_2014.csv
2014-11-22,jepx-spread-range-kansai,kansai,3.700000000000001,https://www.jepx.jp/_download.php?dir=spot_summary&file=spot_summary_2014.csv
2014-11-23,jepx-spread-range-kansai,kansai,5.389999999999999,https://www.jepx.jp/_download.php?dir=spot_summary&file=spot_summary_2014.csv
2014-11-24,jepx-spread-range-kansai,kansai,3.78,https://www.jepx.jp/_download.php?dir=spot_summary&file=spot_summary_2014.csv
2014-11-25,jepx-spread-range-kansai,kansai,4.350000000000001,https://www.jepx.jp/_download.php?dir=spot_summary&file=spot_summary_2014.csv
2014-11-26,jepx-spread-range-kansai,kansai,3.789999999999999,https://www.jepx.jp/_download.php?dir=spot_summary&file=spot_summary_2014.csv
2014-11-27,jepx-spread-range-kansai,kansai,3.52,https://www.jepx.jp/_download.php?dir=spot_summary&file=spot_summary_2014.csv
2014-11-28,jepx-spread-range-kansai,kansai,3.52,https://www.jepx.jp/_download.php?dir=spot_summary&file=spot_summary_2014.csv
2014-11-29,jepx-spread-range-kansai,kansai,4.48,https://www.jepx.jp/_download.php?dir=spot_summary&file=spot_summary_2014.csv
2014-11-30,jepx-spread-range-kansai,kansai,3.2300000000000004,https://www.jepx.jp/_download.php?dir=spot_summary&file=spot_summary_2014.csv
2014-12-01,jepx-spread-range-kansai,kansai,4.509999999999998,https://www.jepx.jp/_download.php?dir=spot_summary&file=spot_summary_2014.csv
2014-12-02,jepx-spread-range-kansai,kansai,7.609999999999999,https://www.jepx.jp/_download.php?dir=spot_summary&file=spot_summary_2014.csv
2014-12-03,jepx-spread-range-kansai,kansai,6.559999999999999,https://www.jepx.jp/_download.php?dir=spot_summary&file=spot_summary_2014.csv
2014-12-04,jepx-spread-range-kansai,kansai,7.200000000000001,https://www.jepx.jp/_download.php?dir=spot_summary&file=spot_summary_2014.csv
2014-12-05,jepx-spread-range-kansai,kansai,7.800000000000001,https://www.jepx.jp/_download.php?dir=spot_summary&file=spot_summary_2014.csv
2014-12-06,jepx-spread-range-kansai,kansai,3.5700000000000003,https://www.jepx.jp/_download.php?dir=spot_summary&file=spot_summary_2014.csv
2014-12-07,jepx-spread-range-kansai,kansai,3.34,https://www.jepx.jp/_download.php?dir=spot_summary&file=spot_summary_2014.csv
2014-12-08,jepx-spread-range-kansai,kansai,4.699999999999999,https://www.jepx.jp/_download.php?dir=spot_summary&file=spot_summary_2014.csv
2014-12-09,jepx-spread-range-kansai,kansai,4.16,https://www.jepx.jp/_download.php?dir=spot_summary&file=spot_summary_2014.csv
2014-12-10,jepx-spread-range-kansai,kansai,4.1800000000000015,https://www.jepx.jp/_download.php?dir=spot_summary&file=spot_summary_2014.csv
2014-12-11,jepx-spread-range-kansai,kansai,2.870000000000001,https://www.jepx.jp/_download.php?dir=spot_summary&file=spot_summary_2014.csv
2014-12-12,jepx-spread-range-kansai,kansai,4.67,https://www.jepx.jp/_download.php?dir=spot_summary&file=spot_summary_2014.csv
2014-12-13,jepx-spread-range-kansai,kansai,3.509999999999998,https://www.jepx.jp/_download.php?dir=spot_summary&file=spot_summary_2014.csv
2014-12-14,jepx-spread-range-kansai,kansai,2.4700000000000024,https://www.jepx.jp/_download.php?dir=spot_summary&file=spot_summary_2014.csv
2014-12-15,jepx-spread-range-kansai,kansai,5.100000000000001,https://www.jepx.jp/_download.php?dir=spot_summary&file=spot_summary_2014.csv
2014-12-16,jepx-spread-range-kansai,kansai,6.440000000000001,https://www.jepx.jp/_download.php?dir=spot_summary&file=spot_summary_2014.csv
2014-12-17,jepx-spread-range-kansai,kansai,19.14,https://www.jepx.jp/_download.php?dir=spot_summary&file=spot_summary_2014.csv
2014-12-18,jepx-spread-range-kansai,kansai,14.42,https://www.jepx.jp/_download.php?dir=spot_summary&file=spot_summary_2014.csv
2014-12-19,jepx-spread-range-kansai,kansai,19.9,https://www.jepx.jp/_download.php?dir=spot_summary&file=spot_summary_2014.csv
2014-12-20,jepx-spread-range-kansai,kansai,4.169999999999998,https://www.jepx.jp/_download.php?dir=spot_summary&file=spot_summary_2014.csv
2014-12-21,jepx-spread-range-kansai,kansai,2.799999999999999,https://www.jepx.jp/_download.php?dir=spot_summary&file=spot_summary_2014.csv
2014-12-22,jepx-spread-range-kansai,kansai,7.309999999999999,https://www.jepx.jp/_download.php?dir=spot_summary&file=spot_summary_2014.csv
2014-12-23,jepx-spread-range-kansai,kansai,4.289999999999999,https://www.jepx.jp/_download.php?dir=spot_summary&file=spot_summary_2014.csv
2014-12-24,jepx-spread-range-kansai,kansai,5.280000000000001,https://www.jepx.jp/_download.php?dir=spot_summary&file=spot_summary_2014.csv
2014-12-25,jepx-spread-range-kansai,kansai,4.629999999999999,https://www.jepx.jp/_download.php?dir=spot_summary&file=spot_summary_2014.csv
2014-12-26,jepx-spread-range-kansai,kansai,2.379999999999999,https://www.jepx.jp/_download.php?dir=spot_summary&file=spot_summary_2014.csv
2014-12-27,jepx-spread-range-kansai,kansai,3.8000000000000007,https://www.jepx.jp/_download.php?dir=spot_summary&file=spot_summary_2014.csv
2014-12-28,jepx-spread-range-kansai,kansai,3.629999999999999,https://www.jepx.jp/_download.php?dir=spot_summary&file=spot_summary_2014.csv
2014-12-29,jepx-spread-range-kansai,kansai,3.4400000000000013,https://www.jepx.jp/_download.php?dir=spot_summary&file=spot_summary_2014.csv
2014-12-30,jepx-spread-range-kansai,kansai,3.6700000000000017,https://www.jepx.jp/_download.php?dir=spot_summary&file=spot_summary_2014.csv
2014-12-31,jepx-spread-range-kansai,kansai,4.169999999999998,https://www.jepx.jp/_download.php?dir=spot_summary&file=spot_summary_2014.csv
2015-01-01,jepx-spread-range-kansai,kansai,2.1500000000000004,https://www.jepx.jp/_download.php?dir=spot_summary&file=spot_summary_2014.csv
2015-01-02,jepx-spread-range-kansai,kansai,2.83,https://www.jepx.jp/_download.php?dir=spot_summary&file=spot_summary_2014.csv
2015-01-03,jepx-spread-range-kansai,kansai,3.35,https://www.jepx.jp/_download.php?dir=spot_summary&file=spot_summary_2014.csv
2015-01-04,jepx-spread-range-kansai,kansai,3.9099999999999984,https://www.jepx.jp/_download.php?dir=spot_summary&file=spot_summary_2014.csv
2015-01-05,jepx-spread-range-kansai,kansai,5.879999999999999,https://www.jepx.jp/_download.php?dir=spot_summary&file=spot_summary_2014.csv
2015-01-06,jepx-spread-range-kansai,kansai,5.69,https://www.jepx.jp/_download.php?dir=spot_summary&file=spot_summary_2014.csv
2015-01-07,jepx-spread-range-kansai,kansai,5.42,https://www.jepx.jp/_download.php?dir=spot_summary&file=spot_summary_2014.csv
2015-01-08,jepx-spread-range-kansai,kansai,6.880000000000001,https://www.jepx.jp/_download.php?dir=spot_summary&file=spot_summary_2014.csv
2015-01-09,jepx-spread-range-kansai,kansai,5.43,https://www.jepx.jp/_download.php?dir=spot_summary&file=spot_summary_2014.csv
2015-01-10,jepx-spread-range-kansai,kansai,4.350000000000001,https://www.jepx.jp/_download.php?dir=spot_summary&file=spot_summary_2014.csv
2015-01-11,jepx-spread-range-kansai,kansai,4.510000000000002,https://www.jepx.jp/_download.php?dir=spot_summary&file=spot_summary_2014.csv
2015-01-12,jepx-spread-range-kansai,kansai,4.500000000000002,https://www.jepx.jp/_download.php?dir=spot_summary&file=spot_summary_2014.csv
2015-01-13,jepx-spread-range-kansai,kansai,4.350000000000001,https://www.jepx.jp/_download.php?dir=spot_summary&file=spot_summary_2014.csv
2015-01-14,jepx-spread-range-kansai,kansai,4.170000000000002,https://www.jepx.jp/_download.php?dir=spot_summary&file=spot_summary_2014.csv
2015-01-15,jepx-spread-range-kansai,kansai,6.179999999999998,https://www.jepx.jp/_download.php?dir=spot_summary&file=spot_summary_2014.csv
2015-01-16,jepx-spread-range-kansai,kansai,3.620000000000001,https://www.jepx.jp/_download.php?dir=spot_summary&file=spot_summary_2014.csv
2015-01-17,jepx-spread-range-kansai,kansai,3.640000000000001,https://www.jepx.jp/_download.php?dir=spot_summary&file=spot_summary_2014.csv
2015-01-18,jepx-spread-range-kansai,kansai,4.450000000000001,https://www.jepx.jp/_download.php?dir=spot_summary&file=spot_summary_2014.csv
2015-01-19,jepx-spread-range-kansai,kansai,5.92,https://www.jepx.jp/_download.php?dir=spot_summary&file=spot_summary_2014.csv
2015-01-20,jepx-spread-range-kansai,kansai,4.779999999999999,https://www.jepx.jp/_download.php?dir=spot_summary&file=spot_summary_2014.csv
2015-01-21,jepx-spread-range-kansai,kansai,5.410000000000002,https://www.jepx.jp/_download.php?dir=spot_summary&file=spot_summary_2014.csv
2015-01-22,jepx-spread-range-kansai,kansai,5.869999999999999,https://www.jepx.jp/_download.php?dir=spot_summary&file=spot_summary_2014.csv
2015-01-23,jepx-spread-range-kansai,kansai,4.530000000000001,https://www.jepx.jp/_download.php?dir=spot_summary&file=spot_summary_2014.csv
2015-01-24,jepx-spread-range-kansai,kansai,2.58,https://www.jepx.jp/_download.php?dir=spot_summary&file=spot_summary_2014.csv
2015-01-25,jepx-spread-range-kansai,kansai,1.5399999999999991,https://www.jepx.jp/_download.php?dir=spot_summary&file=spot_summary_2014.csv
2015-01-26,jepx-spread-range-kansai,kansai,4.52,https://www.jepx.jp/_download.php?dir=spot_summary&file=spot_summary_2014.csv
2015-01-27,jepx-spread-range-kansai,kansai,4.4,https://www.jepx.jp/_download.php?dir=spot_summary&file=spot_summary_2014.csv
2015-01-28,jepx-spread-range-kansai,kansai,6.370000000000001,https://www.jepx.jp/_download.php?dir=spot_summary&file=spot_summary_2014.csv
2015-01-29,jepx-spread-range-kansai,kansai,5.460000000000001,https://www.jepx.jp/_download.php?dir=spot_summary&file=spot_summary_2014.csv
2015-01-30,jepx-spread-range-kansai,kansai,14.68,https://www.jepx.jp/_download.php?dir=spot_summary&file=spot_summary_2014.csv
2015-01-31,jepx-spread-range-kansai,kansai,2.99,https://www.jepx.jp/_download.php?dir=spot_summary&file=spot_summary_2014.csv
2015-02-01,jepx-spread-range-kansai,kansai,2.6,https://www.jepx.jp/_download.php?dir=spot_summary&file=spot_summary_2014.csv
2015-02-02,jepx-spread-range-kansai,kansai,7.0600000000000005,https://www.jepx.jp/_download.php?dir=spot_summary&file=spot_summary_2014.csv
2015-02-03,jepx-spread-range-kansai,kansai,3.75,https://www.jepx.jp/_download.php?dir=spot_summary&file=spot_summary_2014.csv
2015-02-04,jepx-spread-range-kansai,kansai,4.709999999999999,https://www.jepx.jp/_download.php?dir=spot_summary&file=spot_summary_2014.csv
2015-02-05,jepx-spread-range-kansai,kansai,6.440000000000001,https://www.jepx.jp/_download.php?dir=spot_summary&file=spot_summary_2014.csv
2015-02-06,jepx-spread-range-kansai,kansai,4.449999999999999,https://www.jepx.jp/_download.php?dir=spot_summary&file=spot_summary_2014.csv
2015-02-07,jepx-spread-range-kansai,kansai,3.33,https://www.jepx.jp/_download.php?dir=spot_summary&file=spot_summary_2014.csv
2015-02-08,jepx-spread-range-kansai,kansai,2.8400000000000016,https://www.jepx.jp/_download.php?dir=spot_summary&file=spot_summary_2014.csv
2015-02-09,jepx-spread-range-kansai,kansai,7.200000000000001,https://www.jepx.jp/_download.php?dir=spot_summary&file=spot_summary_2014.csv
2015-02-10,jepx-spread-range-kansai,kansai,5.139999999999999,https://www.jepx.jp/_download.php?dir=spot_summary&file=spot_summary_2014.csv
2015-02-11,jepx-spread-range-kansai,kansai,3.98,https://www.jepx.jp/_download.php?dir=spot_summary&file=spot_summary_2014.csv
2015-02-12,jepx-spread-range-kansai,kansai,7.420000000000002,https://www.jepx.jp/_download.php?dir=spot_summary&file=spot_summary_2014.csv
2015-02-13,jepx-spread-range-kansai,kansai,5.129999999999999,https://www.jepx.jp/_download.php?dir=spot_summary&file=spot_summary_2014.csv
2015-02-14,jepx-spread-range-kansai,kansai,3.08,https://www.jepx.jp/_download.php?dir=spot_summary&file=spot_summary_2014.csv
2015-02-15,jepx-spread-range-kansai,kansai,2.539999999999999,https://www.jepx.jp/_download.php?dir=spot_summary&file=spot_summary_2014.csv
2015-02-16,jepx-spread-range-kansai,kansai,7.26,https://www.jepx.jp/_download.php?dir=spot_summary&file=spot_summary_2014.csv
2015-02-17,jepx-spread-range-kansai,kansai,7.59,https://www.jepx.jp/_download.php?dir=spot_summary&file=spot_summary_2014.csv
2015-02-18,jepx-spread-range-kansai,kansai,7.83,https://www.jepx.jp/_download.php?dir=spot_summary&file=spot_summary_2014.csv
2015-02-19,jepx-spread-range-kansai,kansai,6.57,https://www.jepx.jp/_download.php?dir=spot_summary&file=spot_summary_2014.csv
2015-02-20,jepx-spread-range-kansai,kansai,3.8000000000000007,https://www.jepx.jp/_download.php?dir=spot_summary&file=spot_summary_2014.csv
2015-02-21,jepx-spread-range-kansai,kansai,2.549999999999999,https://www.jepx.jp/_download.php?dir=spot_summary&file=spot_summary_2014.csv
2015-02-22,jepx-spread-range-kansai,kansai,2.640000000000001,https://www.jepx.jp/_download.php?dir=spot_summary&file=spot_summary_2014.csv
2015-02-23,jepx-spread-range-kansai,kansai,3.6,https://www.jepx.jp/_download.php?dir=spot_summary&file=spot_summary_2014.csv
2015-02-24,jepx-spread-range-kansai,kansai,3.24,https://www.jepx.jp/_download.php?dir=spot_summary&file=spot_summary_2014.csv
2015-02-25,jepx-spread-range-kansai,kansai,3.6,https://www.jepx.jp/_download.php?dir=spot_summary&file=spot_summary_2014.csv
2015-02-26,jepx-spread-range-kansai,kansai,6.99,https://www.jepx.jp/_download.php?dir=spot_summary&file=spot_summary_2014.csv
2015-02-27,jepx-spread-range-kansai,kansai,3.25,https://www.jepx.jp/_download.php?dir=spot_summary&file=spot_summary_2014.csv
2015-02-28,jepx-spread-range-kansai,kansai,2.879999999999999,https://www.jepx.jp/_download.php?dir=spot_summary&file=spot_summary_2014.csv
2015-03-01,jepx-spread-range-kansai,kansai,2.4000000000000004,https://www.jepx.jp/_download.php?dir=spot_summary&file=spot_summary_2014.csv
2015-03-02,jepx-spread-range-kansai,kansai,4.199999999999999,https://www.jepx.jp/_download.php?dir=spot_summary&file=spot_summary_2014.csv
2015-03-03,jepx-spread-range-kansai,kansai,7.81,https://www.jepx.jp/_download.php?dir=spot_summary&file=spot_summary_2014.csv
2015-03-04,jepx-spread-range-kansai,kansai,4.91,https://www.jepx.jp/_download.php?dir=spot_summary&file=spot_summary_2014.csv
2015-03-05,jepx-spread-range-kansai,kansai,6.310000000000002,https://www.jepx.jp/_download.php?dir=spot_summary&file=spot_summary_2014.csv
2015-03-06,jepx-spread-range-kansai,kansai,6.040000000000001,https://www.jepx.jp/_download.php?dir=spot_summary&file=spot_summary_2014.csv
2015-03-07,jepx-spread-range-kansai,kansai,2.25,https://www.jepx.jp/_download.php?dir=spot_summary&file=spot_summary_2014.csv
2015-03-08,jepx-spread-range-kansai,kansai,2.03,https://www.jepx.jp/_download.php?dir=spot_summary&file=spot_summary_2014.csv
2015-03-09,jepx-spread-range-kansai,kansai,6.069999999999999,https://www.jepx.jp/_download.php?dir=spot_summary&file=spot_summary_2014.csv
2015-03-10,jepx-spread-range-kansai,kansai,22.85,https://www.jepx.jp/_download.php?dir=spot_summary&file=spot_summary_2014.csv
2015-03-11,jepx-spread-range-kansai,kansai,15.54,https://www.jepx.jp/_download.php?dir=spot_summary&file=spot_summary_2014.csv
2015-03-12,jepx-spread-range-kansai,kansai,5.74,https://www.jepx.jp/_download.php?dir=spot_summary&file=spot_summary_2014.csv
2015-03-13,jepx-spread-range-kansai,kansai,5.379999999999999,https://www.jepx.jp/_download.php?dir=spot_summary&file=spot_summary_2014.csv
2015-03-14,jepx-spread-range-kansai,kansai,2.290000000000001,https://www.jepx.jp/_download.php?dir=spot_summary&file=spot_summary_2014.csv
2015-03-15,jepx-spread-range-kansai,kansai,1.790000000000001,https://www.jepx.jp/_download.php?dir=spot_summary&file=spot_summary_2014.csv
2015-03-16,jepx-spread-range-kansai,kansai,5.619999999999999,https://www.jepx.jp/_download.php?dir=spot_summary&file=spot_summary_2014.csv
2015-03-17,jepx-spread-range-kansai,kansai,2.0699999999999985,https://www.jepx.jp/_download.php?dir=spot_summary&file=spot_summary_2014.csv
2015-03-18,jepx-spread-range-kansai,kansai,2.3200000000000003,https://www.jepx.jp/_download.php?dir=spot_summary&file=spot_summary_2014.csv
2015-03-19,jepx-spread-range-kansai,kansai,3.67,https://www.jepx.jp/_download.php?dir=spot_summary&file=spot_summary_2014.csv
2015-03-20,jepx-spread-range-kansai,kansai,1.8200000000000005,https://www.jepx.jp/_download.php?dir=spot_summary&file=spot_summary_2014.csv
2015-03-21,jepx-spread-range-kansai,kansai,1.75,https://www.jepx.jp/_download.php?dir=spot_summary&file=spot_summary_2014.csv
2015-03-22,jepx-spread-range-kansai,kansai,1.58,https://www.jepx.jp/_download.php?dir=spot_summary&file=spot_summary_2014.csv
2015-03-23,jepx-spread-range-kansai,kansai,5.5600000000000005,https://www.jepx.jp/_download.php?dir=spot_summary&file=spot_summary_2014.csv
2015-03-24,jepx-spread-range-kansai,kansai,4.8100000000000005,https://www.jepx.jp/_download.php?dir=spot_summary&file=spot_summary_2014.csv
2015-03-25,jepx-spread-range-kansai,kansai,4.760000000000002,https://www.jepx.jp/_download.php?dir=spot_summary&file=spot_summary_2014.csv
2015-03-26,jepx-spread-range-kansai,kansai,4.090000000000002,https://www.jepx.jp/_download.php?dir=spot_summary&file=spot_summary_2014.csv
2015-03-27,jepx-spread-range-kansai,kansai,1.83,https://www.jepx.jp/_download.php?dir=spot_summary&file=spot_summary_2014.csv
2015-03-28,jepx-spread-range-kansai,kansai,5.8500000000000005,https://www.jepx.jp/_download.php?dir=spot_summary&file=spot_summary_2014.csv
2015-03-29,jepx-spread-range-kansai,kansai,4.15,https://www.jepx.jp/_download.php?dir=spot_summary&file=spot_summary_2014.csv
2015-03-30,jepx-spread-range-kansai,kansai,2.41,https://www.jepx.jp/_download.php?dir=spot_summary&file=spot_summary_2014.csv
2015-03-31,jepx-spread-range-kansai,kansai,2.290000000000001,https://www.jepx.jp/_download.php?dir=spot_summary&file=spot_summary_2014.csv
2015-04-01,jepx-spread-range-kansai,kansai,4.130000000000001,https://www.jepx.jp/_download.php?dir=spot_summary&file=spot_summary_2015.csv
2015-04-02,jepx-spread-range-kansai,kansai,3.6,https://www.jepx.jp/_download.php?dir=spot_summary&file=spot_summary_2015.csv
2015-04-03,jepx-spread-range-kansai,kansai,6.41,https://www.jepx.jp/_download.php?dir=spot_summary&file=spot_summary_2015.csv
2015-04-04,jepx-spread-range-kansai,kansai,3.0700000000000003,https://www.jepx.jp/_download.php?dir=spot_summary&file=spot_summary_2015.csv
2015-04-05,jepx-spread-range-kansai,kansai,3.700000000000001,https://www.jepx.jp/_download.php?dir=spot_summary&file=spot_summary_2015.csv
2015-04-06,jepx-spread-range-kansai,kansai,6.199999999999999,https://www.jepx.jp/_download.php?dir=spot_summary&file=spot_summary_2015.csv
2015-04-07,jepx-spread-range-kansai,kansai,5.559999999999999,https://www.jepx.jp/_download.php?dir=spot_summary&file=spot_summary_2015.csv
2015-04-08,jepx-spread-range-kansai,kansai,4.530000000000001,https://www.jepx.jp/_download.php?dir=spot_summary&file=spot_summary_2015.csv
2015-04-09,jepx-spread-range-kansai,kansai,4.530000000000001,https://www.jepx.jp/_download.php?dir=spot_summary&file=spot_summary_2015.csv
2015-04-10,jepx-spread-range-kansai,kansai,5.69,https://www.jepx.jp/_download.php?dir=spot_summary&file=spot_summary_2015.csv
2015-04-11,jepx-spread-range-kansai,kansai,1.6799999999999995,https://www.jepx.jp/_download.php?dir=spot_summary&file=spot_summary_2015.csv
2015-04-12,jepx-spread-range-kansai,kansai,3.129999999999999,https://www.jepx.jp/_download.php?dir=spot_summary&file=spot_summary_2015.csv
2015-04-13,jepx-spread-range-kansai,kansai,6.34,https://www.jepx.jp/_download.php?dir=spot_summary&file=spot_summary_2015.csv
2015-04-14,jepx-spread-range-kansai,kansai,5.02,https://www.jepx.jp/_download.php?dir=spot_summary&file=spot_summary_2015.csv
2015-04-15,jepx-spread-range-kansai,kansai,6.6,https://www.jepx.jp/_download.php?dir=spot_summary&file=spot_summary_2015.csv
2015-04-16,jepx-spread-range-kansai,kansai,4.0600000000000005,https://www.jepx.jp/_download.php?dir=spot_summary&file=spot_summary_2015.csv
2015-04-17,jepx-spread-range-kansai,kansai,4.529999999999999,https://www.jepx.jp/_download.php?dir=spot_summary&file=spot_summary_2015.csv
2015-04-18,jepx-spread-range-kansai,kansai,3.28,https://www.jepx.jp/_download.php?dir=spot_summary&file=spot_summary_2015.csv
2015-04-19,jepx-spread-range-kansai,kansai,2.6999999999999997,https://www.jepx.jp/_download.php?dir=spot_summary&file=spot_summary_2015.csv
2015-04-20,jepx-spread-range-kansai,kansai,5.66,https://www.jepx.jp/_download.php?dir=spot_summary&file=spot_summary_2015.csv
2015-04-21,jepx-spread-range-kansai,kansai,4.76,https://www.jepx.jp/_download.php?dir=spot_summary&file=spot_summary_2015.csv
2015-04-22,jepx-spread-range-kansai,kansai,3.33,https://www.jepx.jp/_download.php?dir=spot_summary&file=spot_summary_2015.csv
2015-04-23,jepx-spread-range-kansai,kansai,3.1099999999999994,https://www.jepx.jp/_download.php?dir=spot_summary&file=spot_summary_2015.csv
2015-04-24,jepx-spread-range-kansai,kansai,2.18,https://www.jepx.jp/_download.php?dir=spot_summary&file=spot_summary_2015.csv
2015-04-25,jepx-spread-range-kansai,kansai,3.18,https://www.jepx.jp/_download.php?dir=spot_summary&file=spot_summary_2015.csv
2015-04-26,jepx-spread-range-kansai,kansai,3.219999999999999,https://www.jepx.jp/_download.php?dir=spot_summary&file=spot_summary_2015.csv
2015-04-27,jepx-spread-range-kansai,kansai,3.2300000000000004,https://www.jepx.jp/_download.php?dir=spot_summary&file=spot_summary_2015.csv
2015-04-28,jepx-spread-range-kansai,kansai,3.9499999999999993,https://www.jepx.jp/_download.php?dir=spot_summary&file=spot_summary_2015.csv
2015-04-29,jepx-spread-range-kansai,kansai,3.9,https://www.jepx.jp/_download.php?dir=spot_summary&file=spot_summary_2015.csv
2015-04-30,jepx-spread-range-kansai,kansai,3.34,https://www.jepx.jp/_download.php?dir=spot_summary&file=spot_summary_2015.csv
2015-05-01,jepx-spread-range-kansai,kansai,3.2300000000000004,https://www.jepx.jp/_download.php?dir=spot_summary&file=spot_summary_2015.csv
2015-05-02,jepx-spread-range-kansai,kansai,4.94,https://www.jepx.jp/_download.php?dir=spot_summary&file=spot_summary_2015.csv
2015-05-03,jepx-spread-range-kansai,kansai,3.5100000000000007,https://www.jepx.jp/_download.php?dir=spot_summary&file=spot_summary_2015.csv
2015-05-04,jepx-spread-range-kansai,kansai,3.880000000000001,https://www.jepx.jp/_download.php?dir=spot_summary&file=spot_summary_2015.csv
2015-05-05,jepx-spread-range-kansai,kansai,4.300000000000001,https://www.jepx.jp/_download.php?dir=spot_summary&file=spot_summary_2015.csv
2015-05-06,jepx-spread-range-kansai,kansai,3.3000000000000007,https://www.jepx.jp/_download.php?dir=spot_summary&file=spot_summary_2015.csv
2015-05-07,jepx-spread-range-kansai,kansai,3.889999999999999,https://www.jepx.jp/_download.php?dir=spot_summary&file=spot_summary_2015.csv
2015-05-08,jepx-spread-range-kansai,kansai,5.16,https://www.jepx.jp/_download.php?dir=spot_summary&file=spot_summary_2015.csv
2015-05-09,jepx-spread-range-kansai,kansai,3.810000000000001,https://www.jepx.jp/_download.php?dir=spot_summary&file=spot_summary_2015.csv
2015-05-10,jepx-spread-range-kansai,kansai,5.369999999999999,https://www.jepx.jp/_download.php?dir=spot_summary&file=spot_summary_2015.csv
2015-05-11,jepx-spread-range-kansai,kansai,5.33,https://www.jepx.jp/_download.php?dir=spot_summary&file=spot_summary_2015.csv
2015-05-12,jepx-spread-range-kansai,kansai,6.020000000000001,https://www.jepx.jp/_download.php?dir=spot_summary&file=spot_summary_2015.csv
2015-05-13,jepx-spread-range-kansai,kansai,4.380000000000001,https://www.jepx.jp/_download.php?dir=spot_summary&file=spot_summary_2015.csv
2015-05-14,jepx-spread-range-kansai,kansai,4.41,https://www.jepx.jp/_download.php?dir=spot_summary&file=spot_summary_2015.csv
2015-05-15,jepx-spread-range-kansai,kansai,5.380000000000001,https://www.jepx.jp/_download.php?dir=spot_summary&file=spot_summary_2015.csv
2015-05-16,jepx-spread-range-kansai,kansai,3.73,https://www.jepx.jp/_download.php?dir=spot_summary&file=spot_summary_2015.csv
2015-05-17,jepx-spread-range-kansai,kansai,4.549999999999999,https://www.jepx.jp/_download.php?dir=spot_summary&file=spot_summary_2015.csv
2015-05-18,jepx-spread-range-kansai,kansai,6.18,https://www.jepx.jp/_download.php?dir=spot_summary&file=spot_summary_2015.csv
2015-05-19,jepx-spread-range-kansai,kansai,6.67,https://www.jepx.jp/_download.php?dir=spot_summary&file=spot_summary_2015.csv
2015-05-20,jepx-spread-range-kansai,kansai,5.83,https://www.jepx.jp/_download.php?dir=spot_summary&file=spot_summary_2015.csv
2015-05-21,jepx-spread-range-kansai,kansai,5.130000000000001,https://www.jepx.jp/_download.php?dir=spot_summary&file=spot_summary_2015.csv
2015-05-22,jepx-spread-range-kansai,kansai,5.610000000000001,https://www.jepx.jp/_download.php?dir=spot_summary&file=spot_summary_2015.csv
2015-05-23,jepx-spread-range-kansai,kansai,3.879999999999999,https://www.jepx.jp/_download.php?dir=spot_summary&file=spot_summary_2015.csv
2015-05-24,jepx-spread-range-kansai,kansai,3.979999999999999,https://www.jepx.jp/_download.php?dir=spot_summary&file=spot_summary_2015.csv
2015-05-25,jepx-spread-range-kansai,kansai,5.33,https://www.jepx.jp/_download.php?dir=spot_summary&file=spot_summary_2015.csv
2015-05-26,jepx-spread-range-kansai,kansai,6.93,https://www.jepx.jp/_download.php?dir=spot_summary&file=spot_summary_2015.csv
2015-05-27,jepx-spread-range-kansai,kansai,7.380000000000003,https://www.jepx.jp/_download.php?dir=spot_summary&file=spot_summary_2015.csv
2015-05-28,jepx-spread-range-kansai,kansai,7.240000000000002,https://www.jepx.jp/_download.php?dir=spot_summary&file=spot_summary_2015.csv
2015-05-29,jepx-spread-range-kansai,kansai,7.190000000000001,https://www.jepx.jp/_download.php?dir=spot_summary&file=spot_summary_2015.csv
2015-05-30,jepx-spread-range-kansai,kansai,4.299999999999999,https://www.jepx.jp/_download.php?dir=spot_summary&file=spot_summary_2015.csv
2015-05-31,jepx-spread-range-kansai,kansai,1.9000000000000004,https://www.jepx.jp/_download.php?dir=spot_summary&file=spot_summary_2015.csv
2015-06-01,jepx-spread-range-kansai,kansai,6.6800000000000015,https://www.jepx.jp/_download.php?dir=spot_summary&file=spot_summary_2015.csv
2015-06-02,jepx-spread-range-kansai,kansai,8.52,https://www.jepx.jp/_download.php?dir=spot_summary&file=spot_summary_2015.csv
2015-06-03,jepx-spread-range-kansai,kansai,9.47,https://www.jepx.jp/_download.php?dir=spot_summary&file=spot_summary_2015.csv
2015-06-04,jepx-spread-range-kansai,kansai,5.67,https://www.jepx.jp/_download.php?dir=spot_summary&file=spot_summary_2015.csv
2015-06-05,jepx-spread-range-kansai,kansai,8.510000000000002,https://www.jepx.jp/_download.php?dir=spot_summary&file=spot_summary_2015.csv
2015-06-06,jepx-spread-range-kansai,kansai,3.92,https://www.jepx.jp/_download.php?dir=spot_summary&file=spot_summary_2015.csv
2015-06-07,jepx-spread-range-kansai,kansai,3.91,https://www.jepx.jp/_download.php?dir=spot_summary&file=spot_summary_2015.csv
2015-06-08,jepx-spread-range-kansai,kansai,9.33,https://www.jepx.jp/_download.php?dir=spot_summary&file=spot_summary_2015.csv
2015-06-09,jepx-spread-range-kansai,kansai,9.13,https://www.jepx.jp/_download.php?dir=spot_summary&file=spot_summary_2015.csv
2015-06-10,jepx-spread-range-kansai,kansai,8.159999999999998,https://www.jepx.jp/_download.php?dir=spot_summary&file=spot_summary_2015.csv
2015-06-11,jepx-spread-range-kansai,kansai,5.41,https://www.jepx.jp/_download.php?dir=spot_summary&file=spot_summary_2015.csv
2015-06-12,jepx-spread-range-kansai,kansai,6.669999999999998,https://www.jepx.jp/_download.php?dir=spot_summary&file=spot_summary_2015.csv
2015-06-13,jepx-spread-range-kansai,kansai,3.91,https://www.jepx.jp/_download.php?dir=spot_summary&file=spot_summary_2015.csv
2015-06-14,jepx-spread-range-kansai,kansai,4.16,https://www.jepx.jp/_download.php?dir=spot_summary&file=spot_summary_2015.csv
2015-06-15,jepx-spread-range-kansai,kansai,8.620000000000001,https://www.jepx.jp/_download.php?dir=spot_summary&file=spot_summary_2015.csv
2015-06-16,jepx-spread-range-kansai,kansai,5.0,https://www.jepx.jp/_download.php?dir=spot_summary&file=spot_summary_2015.csv
2015-06-17,jepx-spread-range-kansai,kansai,5.16,https://www.jepx.jp/_download.php?dir=spot_summary&file=spot_summary_2015.csv
2015-06-18,jepx-spread-range-kansai,kansai,4.26,https://www.jepx.jp/_download.php?dir=spot_summary&file=spot_summary_2015.csv
2015-06-19,jepx-spread-range-kansai,kansai,4.949999999999999,https://www.jepx.jp/_download.php?dir=spot_summary&file=spot_summary_2015.csv
2015-06-20,jepx-spread-range-kansai,kansai,3.53,https://www.jepx.jp/_download.php?dir=spot_summary&file=spot_summary_2015.csv
2015-06-21,jepx-spread-range-kansai,kansai,3.9,https://www.jepx.jp/_download.php?dir=spot_summary&file=spot_summary_2015.csv
2015-06-22,jepx-spread-range-kansai,kansai,5.289999999999999,https://www.jepx.jp/_download.php?dir=spot_summary&file=spot_summary_2015.csv
2015-06-23,jepx-spread-range-kansai,kansai,5.289999999999999,https://www.jepx.jp/_download.php?dir=spot_summary&file=spot_summary_2015.csv
2015-06-24,jepx-spread-range-kansai,kansai,5.84,https://www.jepx.jp/_download.php?dir=spot_summary&file=spot_summary_2015.csv
2015-06-25,jepx-spread-range-kansai,kansai,5.889999999999999,https://www.jepx.jp/_download.php?dir=spot_summary&file=spot_summary_2015.csv
2015-06-26,jepx-spread-range-kansai,kansai,6.02,https://www.jepx.jp/_download.php?dir=spot_summary&file=spot_summary_2015.csv
2015-06-27,jepx-spread-range-kansai,kansai,3.24,https://www.jepx.jp/_download.php?dir=spot_summary&file=spot_summary_2015.csv
2015-06-28,jepx-spread-range-kansai,kansai,4.99,https://www.jepx.jp/_download.php?dir=spot_summary&file=spot_summary_2015.csv
2015-06-29,jepx-spread-range-kansai,kansai,6.68,https://www.jepx.jp/_download.php?dir=spot_summary&file=spot_summary_2015.csv
2015-06-30,jepx-spread-range-kansai,kansai,5.289999999999999,https://www.jepx.jp/_download.php?dir=spot_summary&file=spot_summary_2015.csv
2015-07-01,jepx-spread-range-kansai,kansai,5.140000000000001,https://www.jepx.jp/_download.php?dir=spot_summary&file=spot_summary_2015.csv
2015-07-02,jepx-spread-range-kansai,kansai,5.449999999999999,https://www.jepx.jp/_download.php?dir=spot_summary&file=spot_summary_2015.csv
2015-07-03,jepx-spread-range-kansai,kansai,5.01,https://www.jepx.jp/_download.php?dir=spot_summary&file=spot_summary_2015.csv
2015-07-04,jepx-spread-range-kansai,kansai,2.92,https://www.jepx.jp/_download.php?dir=spot_summary&file=spot_summary_2015.csv
2015-07-05,jepx-spread-range-kansai,kansai,2.4799999999999995,https://www.jepx.jp/_download.php?dir=spot_summary&file=spot_summary_2015.csv
2015-07-06,jepx-spread-range-kansai,kansai,6.989999999999999,https://www.jepx.jp/_download.php?dir=spot_summary&file=spot_summary_2015.csv
2015-07-07,jepx-spread-range-kansai,kansai,6.02,https://www.jepx.jp/_download.php?dir=spot_summary&file=spot_summary_2015.csv
2015-07-08,jepx-spread-range-kansai,kansai,6.43,https://www.jepx.jp/_download.php?dir=spot_summary&file=spot_summary_2015.csv
2015-07-09,jepx-spread-range-kansai,kansai,6.08,https://www.jepx.jp/_download.php?dir=spot_summary&file=spot_summary_2015.csv
2015-07-10,jepx-spread-range-kansai,kansai,7.109999999999999,https://www.jepx.jp/_download.php?dir=spot_summary&file=spot_summary_2015.csv
2015-07-11,jepx-spread-range-kansai,kansai,4.250000000000001,https://www.jepx.jp/_download.php?dir=spot_summary&file=spot_summary_2015.csv
2015-07-12,jepx-spread-range-kansai,kansai,3.94,https://www.jepx.jp/_download.php?dir=spot_summary&file=spot_summary_2015.csv
2015-07-13,jepx-spread-range-kansai,kansai,9.669999999999998,https://www.jepx.jp/_download.php?dir=spot_summary&file=spot_summary_2015.csv
2015-07-14,jepx-spread-range-kansai,kansai,10.159999999999998,https://www.jepx.jp/_download.php?dir=spot_summary&file=spot_summary_2015.csv
2015-07-15,jepx-spread-range-kansai,kansai,6.84,https://www.jepx.jp/_download.php?dir=spot_summary&file=spot_summary_2015.csv
2015-07-16,jepx-spread-range-kansai,kansai,9.66,https://www.jepx.jp/_download.php?dir=spot_summary&file=spot_summary_2015.csv
2015-07-17,jepx-spread-range-kansai,kansai,27.89,https://www.jepx.jp/_download.php?dir=spot_summary&file=spot_summary_2015.csv
2015-07-18,jepx-spread-range-kansai,kansai,3.959999999999999,https://www.jepx.jp/_download.php?dir=spot_summary&file=spot_summary_2015.csv
2015-07-19,jepx-spread-range-kansai,kansai,3.869999999999999,https://www.jepx.jp/_download.php?dir=spot_summary&file=spot_summary_2015.csv
2015-07-20,jepx-spread-range-kansai,kansai,6.029999999999999,https://www.jepx.jp/_download.php?dir=spot_summary&file=spot_summary_2015.csv
2015-07-21,jepx-spread-range-kansai,kansai,8.780000000000001,https://www.jepx.jp/_download.php?dir=spot_summary&file=spot_summary_2015.csv
2015-07-22,jepx-spread-range-kansai,kansai,8.219999999999999,https://www.jepx.jp/_download.php?dir=spot_summary&file=spot_summary_2015.csv
2015-07-23,jepx-spread-range-kansai,kansai,10.189999999999998,https://www.jepx.jp/_download.php?dir=spot_summary&file=spot_summary_2015.csv
2015-07-24,jepx-spread-range-kansai,kansai,8.690000000000001,https://www.jepx.jp/_download.php?dir=spot_summary&file=spot_summary_2015.csv
2015-07-25,jepx-spread-range-kansai,kansai,5.489999999999999,https://www.jepx.jp/_download.php?dir=spot_summary&file=spot_summary_2015.csv
2015-07-26,jepx-spread-range-kansai,kansai,6.53,https://www.jepx.jp/_download.php?dir=spot_summary&file=spot_summary_2015.csv
2015-07-27,jepx-spread-range-kansai,kansai,9.19,https://www.jepx.jp/_download.php?dir=spot_summary&file=spot_summary_2015.csv
2015-07-28,jepx-spread-range-kansai,kansai,9.43,https://www.jepx.jp/_download.php?dir=spot_summary&file=spot_summary_2015.csv
2015-07-29,jepx-spread-range-kansai,kansai,7.859999999999999,https://www.jepx.jp/_download.php?dir=spot_summary&file=spot_summary_2015.csv
2015-07-30,jepx-spread-range-kansai,kansai,8.880000000000003,https://www.jepx.jp/_download.php?dir=spot_summary&file=spot_summary_2015.csv
2015-07-31,jepx-spread-range-kansai,kansai,8.170000000000002,https://www.jepx.jp/_download.php?dir=spot_summary&file=spot_summary_2015.csv
2015-08-01,jepx-spread-range-kansai,kansai,3.41,https://www.jepx.jp/_download.php?dir=spot_summary&file=spot_summary_2015.csv
2015-08-02,jepx-spread-range-kansai,kansai,4.449999999999999,https://www.jepx.jp/_download.php?dir=spot_summary&file=spot_summary_2015.csv
2015-08-03,jepx-spread-range-kansai,kansai,10.21,https://www.jepx.jp/_download.php?dir=spot_summary&file=spot_summary_2015.csv
2015-08-04,jepx-spread-range-kansai,kansai,31.43,https://www.jepx.jp/_download.php?dir=spot_summary&file=spot_summary_2015.csv
2015-08-05,jepx-spread-range-kansai,kansai,9.22,https://www.jepx.jp/_download.php?dir=spot_summary&file=spot_summary_2015.csv
2015-08-06,jepx-spread-range-kansai,kansai,23.75,https://www.jepx.jp/_download.php?dir=spot_summary&file=spot_summary_2015.csv
2015-08-07,jepx-spread-range-kansai,kansai,28.18,https://www.jepx.jp/_download.php?dir=spot_summary&file=spot_summary_2015.csv
2015-08-08,jepx-spread-range-kansai,kansai,4.33,https://www.jepx.jp/_download.php?dir=spot_summary&file=spot_summary_2015.csv
2015-08-09,jepx-spread-range-kansai,kansai,4.17,https://www.jepx.jp/_download.php?dir=spot_summary&file=spot_summary_2015.csv
2015-08-10,jepx-spread-range-kansai,kansai,5.800000000000001,https://www.jepx.jp/_download.php?dir=spot_summary&file=spot_summary_2015.csv
2015-08-11,jepx-spread-range-kansai,kansai,7.850000000000001,https://www.jepx.jp/_download.php?dir=spot_summary&file=spot_summary_2015.csv
2015-08-12,jepx-spread-range-kansai,kansai,7.670000000000001,https://www.jepx.jp/_download.php?dir=spot_summary&file=spot_summary_2015.csv
2015-08-13,jepx-spread-range-kansai,kansai,3.3099999999999987,https://www.jepx.jp/_download.php?dir=spot_summary&file=spot_summary_2015.csv
2015-08-14,jepx-spread-range-kansai,kansai,2.9800000000000004,https://www.jepx.jp/_download.php?dir=spot_summary&file=spot_summary_2015.csv
2015-08-15,jepx-spread-range-kansai,kansai,4.3100000000000005,https://www.jepx.jp/_download.php?dir=spot_summary&file=spot_summary_2015.csv
2015-08-16,jepx-spread-range-kansai,kansai,3.0599999999999987,https://www.jepx.jp/_download.php?dir=spot_summary&file=spot_summary_2015.csv
2015-08-17,jepx-spread-range-kansai,kansai,8.120000000000001,https://www.jepx.jp/_download.php?dir=spot_summary&file=spot_summary_2015.csv
2015-08-18,jepx-spread-range-kansai,kansai,5.569999999999999,https://www.jepx.jp/_download.php?dir=spot_summary&file=spot_summary_2015.csv
2015-08-19,jepx-spread-range-kansai,kansai,5.639999999999999,https://www.jepx.jp/_download.php?dir=spot_summary&file=spot_summary_2015.csv
2015-08-20,jepx-spread-range-kansai,kansai,6.57,https://www.jepx.jp/_download.php?dir=spot_summary&file=spot_summary_2015.csv
2015-08-21,jepx-spread-range-kansai,kansai,9.8,https://www.jepx.jp/_download.php?dir=spot_summary&file=spot_summary_2015.csv
2015-08-22,jepx-spread-range-kansai,kansai,3.76,https://www.jepx.jp/_download.php?dir=spot_summary&file=spot_summary_2015.csv
2015-08-23,jepx-spread-range-kansai,kansai,4.61,https://www.jepx.jp/_download.php?dir=spot_summary&file=spot_summary_2015.csv
2015-08-24,jepx-spread-range-kansai,kansai,5.99,https://www.jepx.jp/_download.php?dir=spot_summary&file=spot_summary_2015.csv
2015-08-25,jepx-spread-range-kansai,kansai,6.490000000000001,https://www.jepx.jp/_download.php?dir=spot_summary&file=spot_summary_2015.csv
2015-08-26,jepx-spread-range-kansai,kansai,3.93,https://www.jepx.jp/_download.php?dir=spot_summary&file=spot_summary_2015.csv
2015-08-27,jepx-spread-range-kansai,kansai,5.369999999999999,https://www.jepx.jp/_download.php?dir=spot_summary&file=spot_summary_2015.csv
2015-08-28,jepx-spread-range-kansai,kansai,4.64,https://www.jepx.jp/_download.php?dir=spot_summary&file=spot_summary_2015.csv
2015-08-29,jepx-spread-range-kansai,kansai,3.28,https://www.jepx.jp/_download.php?dir=spot_summary&file=spot_summary_2015.csv
2015-08-30,jepx-spread-range-kansai,kansai,3.1900000000000004,https://www.jepx.jp/_download.php?dir=spot_summary&file=spot_summary_2015.csv
2015-08-31,jepx-spread-range-kansai,kansai,7.16,https://www.jepx.jp/_download.php?dir=spot_summary&file=spot_summary_2015.csv
2015-09-01,jepx-spread-range-kansai,kansai,6.8,https://www.jepx.jp/_download.php?dir=spot_summary&file=spot_summary_2015.csv
2015-09-02,jepx-spread-range-kansai,kansai,4.94,https://www.jepx.jp/_download.php?dir=spot_summary&file=spot_summary_2015.csv
2015-09-03,jepx-spread-range-kansai,kansai,7.539999999999999,https://www.jepx.jp/_download.php?dir=spot_summary&file=spot_summary_2015.csv
2015-09-04,jepx-spread-range-kansai,kansai,6.62,https://www.jepx.jp/_download.php?dir=spot_summary&file=spot_summary_2015.csv
2015-09-05,jepx-spread-range-kansai,kansai,1.9400000000000004,https://www.jepx.jp/_download.php?dir=spot_summary&file=spot_summary_2015.csv
2015-09-06,jepx-spread-range-kansai,kansai,1.37,https://www.jepx.jp/_download.php?dir=spot_summary&file=spot_summary_2015.csv
2015-09-07,jepx-spread-range-kansai,kansai,7.45,https://www.jepx.jp/_download.php?dir=spot_summary&file=spot_summary_2015.csv
2015-09-08,jepx-spread-range-kansai,kansai,7.13,https://www.jepx.jp/_download.php?dir=spot_summary&file=spot_summary_2015.csv
2015-09-09,jepx-spread-range-kansai,kansai,7.87,https://www.jepx.jp/_download.php?dir=spot_summary&file=spot_summary_2015.csv
2015-09-10,jepx-spread-range-kansai,kansai,5.74,https://www.jepx.jp/_download.php?dir=spot_summary&file=spot_summary_2015.csv
2015-09-11,jepx-spread-range-kansai,kansai,5.17,https://www.jepx.jp/_download.php?dir=spot_summary&file=spot_summary_2015.csv
2015-09-12,jepx-spread-range-kansai,kansai,3.120000000000001,https://www.jepx.jp/_download.php?dir=spot_summary&file=spot_summary_2015.csv
2015-09-13,jepx-spread-range-kansai,kansai,2.0700000000000003,https://www.jepx.jp/_download.php?dir=spot_summary&file=spot_summary_2015.csv
2015-09-14,jepx-spread-range-kansai,kansai,7.46,https://www.jepx.jp/_download.php?dir=spot_summary&file=spot_summary_2015.csv
2015-09-15,jepx-spread-range-kansai,kansai,7.549999999999999,https://www.jepx.jp/_download.php?dir=spot_summary&file=spot_summary_2015.csv
2015-09-16,jepx-spread-range-kansai,kansai,7.109999999999999,https://www.jepx.jp/_download.php?dir=spot_summary&file=spot_summary_2015.csv
2015-09-17,jepx-spread-range-kansai,kansai,4.959999999999999,https://www.jepx.jp/_download.php?dir=spot_summary&file=spot_summary_2015.csv
2015-09-18,jepx-spread-range-kansai,kansai,4.2700000000000005,https://www.jepx.jp/_download.php?dir=spot_summary&file=spot_summary_2015.csv
2015-09-19,jepx-spread-range-kansai,kansai,3.1900000000000004,https://www.jepx.jp/_download.php?dir=spot_summary&file=spot_summary_2015.csv
2015-09-20,jepx-spread-range-kansai,kansai,2.78,https://www.jepx.jp/_download.php?dir=spot_summary&file=spot_summary_2015.csv
2015-09-21,jepx-spread-range-kansai,kansai,2.55,https://www.jepx.jp/_download.php?dir=spot_summary&file=spot_summary_2015.csv
2015-09-22,jepx-spread-range-kansai,kansai,4.260000000000001,https://www.jepx.jp/_download.php?dir=spot_summary&file=spot_summary_2015.csv
2015-09-23,jepx-spread-range-kansai,kansai,5.449999999999999,https://www.jepx.jp/_download.php?dir=spot_summary&file=spot_summary_2015.csv
2015-09-24,jepx-spread-range-kansai,kansai,5.379999999999999,https://www.jepx.jp/_download.php?dir=spot_summary&file=spot_summary_2015.csv
2015-09-25,jepx-spread-range-kansai,kansai,4.949999999999999,https://www.jepx.jp/_download.php?dir=spot_summary&file=spot_summary_2015.csv
2015-09-26,jepx-spread-range-kansai,kansai,4.8,https://www.jepx.jp/_download.php?dir=spot_summary&file=spot_summary_2015.csv
2015-09-27,jepx-spread-range-kansai,kansai,4.73,https://www.jepx.jp/_download.php?dir=spot_summary&file=spot_summary_2015.csv
2015-09-28,jepx-spread-range-kansai,kansai,9.0,https://www.jepx.jp/_download.php?dir=spot_summary&file=spot_summary_2015.csv
2015-09-29,jepx-spread-range-kansai,kansai,7.58,https://www.jepx.jp/_download.php?dir=spot_summary&file=spot_summary_2015.csv
2015-09-30,jepx-spread-range-kansai,kansai,6.32,https://www.jepx.jp/_download.php?dir=spot_summary&file=spot_summary_2015.csv
2015-10-01,jepx-spread-range-kansai,kansai,4.819999999999999,https://www.jepx.jp/_download.php?dir=spot_summary&file=spot_summary_2015.csv
2015-10-02,jepx-spread-range-kansai,kansai,5.34,https://www.jepx.jp/_download.php?dir=spot_summary&file=spot_summary_2015.csv
2015-10-03,jepx-spread-range-kansai,kansai,4.73,https://www.jepx.jp/_download.php?dir=spot_summary&file=spot_summary_2015.csv
2015-10-04,jepx-spread-range-kansai,kansai,3.73,https://www.jepx.jp/_download.php?dir=spot_summary&file=spot_summary_2015.csv
2015-10-05,jepx-spread-range-kansai,kansai,5.25,https://www.jepx.jp/_download.php?dir=spot_summary&file=spot_summary_2015.csv
2015-10-06,jepx-spread-range-kansai,kansai,4.5,https://www.jepx.jp/_download.php?dir=spot_summary&file=spot_summary_2015.csv
2015-10-07,jepx-spread-range-kansai,kansai,5.09,https://www.jepx.jp/_download.php?dir=spot_summary&file=spot_summary_2015.csv
2015-10-08,jepx-spread-range-kansai,kansai,5.0200000000000005,https://www.jepx.jp/_download.php?dir=spot_summary&file=spot_summary_2015.csv
2015-10-09,jepx-spread-range-kansai,kansai,4.579999999999999,https://www.jepx.jp/_download.php?dir=spot_summary&file=spot_summary_2015.csv
2015-10-10,jepx-spread-range-kansai,kansai,3.04,https://www.jepx.jp/_download.php?dir=spot_summary&file=spot_summary_2015.csv
2015-10-11,jepx-spread-range-kansai,kansai,4.290000000000001,https://www.jepx.jp/_download.php?dir=spot_summary&file=spot_summary_2015.csv
2015-10-12,jepx-spread-range-kansai,kansai,4.23,https://www.jepx.jp/_download.php?dir=spot_summary&file=spot_summary_2015.csv
2015-10-13,jepx-spread-range-kansai,kansai,5.75,https://www.jepx.jp/_download.php?dir=spot_summary&file=spot_summary_2015.csv
2015-10-14,jepx-spread-range-kansai,kansai,7.050000000000001,https://www.jepx.jp/_download.php?dir=spot_summary&file=spot_summary_2015.csv
2015-10-15,jepx-spread-range-kansai,kansai,6.02,https://www.jepx.jp/_download.php?dir=spot_summary&file=spot_summary_2015.csv
2015-10-16,jepx-spread-range-kansai,kansai,6.02,https://www.jepx.jp/_download.php?dir=spot_summary&file=spot_summary_2015.csv
2015-10-17,jepx-spread-range-kansai,kansai,3.68,https://www.jepx.jp/_download.php?dir=spot_summary&file=spot_summary_2015.csv
2015-10-18,jepx-spread-range-kansai,kansai,3.7399999999999993,https://www.jepx.jp/_download.php?dir=spot_summary&file=spot_summary_2015.csv
2015-10-19,jepx-spread-range-kansai,kansai,6.449999999999999,https://www.jepx.jp/_download.php?dir=spot_summary&file=spot_summary_2015.csv
2015-10-20,jepx-spread-range-kansai,kansai,4.450000000000001,https://www.jepx.jp/_download.php?dir=spot_summary&file=spot_summary_2015.csv
2015-10-21,jepx-spread-range-kansai,kansai,5.59,https://www.jepx.jp/_download.php?dir=spot_summary&file=spot_summary_2015.csv
2015-10-22,jepx-spread-range-kansai,kansai,5.98,https://www.jepx.jp/_download.php?dir=spot_summary&file=spot_summary_2015.csv
2015-10-23,jepx-spread-range-kansai,kansai,5.239999999999999,https://www.jepx.jp/_download.php?dir=spot_summary&file=spot_summary_2015.csv
2015-10-24,jepx-spread-range-kansai,kansai,2.700000000000001,https://www.jepx.jp/_download.php?dir=spot_summary&file=spot_summary_2015.csv
2015-10-25,jepx-spread-range-kansai,kansai,2.219999999999999,https://www.jepx.jp/_download.php?dir=spot_summary&file=spot_summary_2015.csv
2015-10-26,jepx-spread-range-kansai,kansai,6.94,https://www.jepx.jp/_download.php?dir=spot_summary&file=spot_summary_2015.csv
2015-10-27,jepx-spread-range-kansai,kansai,7.279999999999999,https://www.jepx.jp/_download.php?dir=spot_summary&file=spot_summary_2015.csv
2015-10-28,jepx-spread-range-kansai,kansai,5.48,https://www.jepx.jp/_download.php?dir=spot_summary&file=spot_summary_2015.csv
2015-10-29,jepx-spread-range-kansai,kansai,5.57,https://www.jepx.jp/_download.php?dir=spot_summary&file=spot_summary_2015.csv
2015-10-30,jepx-spread-range-kansai,kansai,4.76,https://www.jepx.jp/_download.php?dir=spot_summary&file=spot_summary_2015.csv
2015-10-31,jepx-spread-range-kansai,kansai,1.84,https://www.jepx.jp/_download.php?dir=spot_summary&file=spot_summary_2015.csv
2015-11-01,jepx-spread-range-kansai,kansai,2.140000000000001,https://www.jepx.jp/_download.php?dir=spot_summary&file=spot_summary_2015.csv
2015-11-02,jepx-spread-range-kansai,kansai,4.84,https://www.jepx.jp/_download.php?dir=spot_summary&file=spot_summary_2015.csv
2015-11-03,jepx-spread-range-kansai,kansai,2.2300000000000004,https://www.jepx.jp/_download.php?dir=spot_summary&file=spot_summary_2015.csv
2015-11-04,jepx-spread-range-kansai,kansai,5.44,https://www.jepx.jp/_download.php?dir=spot_summary&file=spot_summary_2015.csv
2015-11-05,jepx-spread-range-kansai,kansai,5.44,https://www.jepx.jp/_download.php?dir=spot_summary&file=spot_summary_2015.csv
2015-11-06,jepx-spread-range-kansai,kansai,4.770000000000001,https://www.jepx.jp/_download.php?dir=spot_summary&file=spot_summary_2015.csv
2015-11-07,jepx-spread-range-kansai,kansai,2.5700000000000003,https://www.jepx.jp/_download.php?dir=spot_summary&file=spot_summary_2015.csv
2015-11-08,jepx-spread-range-kansai,kansai,3.22,https://www.jepx.jp/_download.php?dir=spot_summary&file=spot_summary_2015.csv
2015-11-09,jepx-spread-range-kansai,kansai,4.85,https://www.jepx.jp/_download.php?dir=spot_summary&file=spot_summary_2015.csv
2015-11-10,jepx-spread-range-kansai,kansai,6.049999999999999,https://www.jepx.jp/_download.php?dir=spot_summary&file=spot_summary_2015.csv
2015-11-11,jepx-spread-range-kansai,kansai,6.340000000000001,https://www.jepx.jp/_download.php?dir=spot_summary&file=spot_summary_2015.csv
2015-11-12,jepx-spread-range-kansai,kansai,6.199999999999999,https://www.jepx.jp/_download.php?dir=spot_summary&file=spot_summary_2015.csv
2015-11-13,jepx-spread-range-kansai,kansai,5.17,https://www.jepx.jp/_download.php?dir=spot_summary&file=spot_summary_2015.csv
2015-11-14,jepx-spread-range-kansai,kansai,3.170000000000001,https://www.jepx.jp/_download.php?dir=spot_summary&file=spot_summary_2015.csv
2015-11-15,jepx-spread-range-kansai,kansai,2.12,https://www.jepx.jp/_download.php?dir=spot_summary&file=spot_summary_2015.csv
2015-11-16,jepx-spread-range-kansai,kansai,4.6,https://www.jepx.jp/_download.php?dir=spot_summary&file=spot_summary_2015.csv
2015-11-17,jepx-spread-range-kansai,kansai,5.73,https://www.jepx.jp/_download.php?dir=spot_summary&file=spot_summary_2015.csv
2015-11-18,jepx-spread-range-kansai,kansai,7.120000000000001,https://www.jepx.jp/_download.php?dir=spot_summary&file=spot_summary_2015.csv
2015-11-19,jepx-spread-range-kansai,kansai,4.550000000000001,https://www.jepx.jp/_download.php?dir=spot_summary&file=spot_summary_2015.csv
2015-11-20,jepx-spread-range-kansai,kansai,7.119999999999999,https://www.jepx.jp/_download.php?dir=spot_summary&file=spot_summary_2015.csv
2015-11-21,jepx-spread-range-kansai,kansai,2.28,https://www.jepx.jp/_download.php?dir=spot_summary&file=spot_summary_2015.csv
2015-11-22,jepx-spread-range-kansai,kansai,1.740000000000001,https://www.jepx.jp/_download.php?dir=spot_summary&file=spot_summary_2015.csv
2015-11-23,jepx-spread-range-kansai,kansai,2.0,https://www.jepx.jp/_download.php?dir=spot_summary&file=spot_summary_2015.csv
2015-11-24,jepx-spread-range-kansai,kansai,3.129999999999999,https://www.jepx.jp/_download.php?dir=spot_summary&file=spot_summary_2015.csv
2015-11-25,jepx-spread-range-kansai,kansai,6.08,https://www.jepx.jp/_download.php?dir=spot_summary&file=spot_summary_2015.csv
2015-11-26,jepx-spread-range-kansai,kansai,2.1899999999999995,https://www.jepx.jp/_download.php?dir=spot_summary&file=spot_summary_2015.csv
2015-11-27,jepx-spread-range-kansai,kansai,2.64,https://www.jepx.jp/_download.php?dir=spot_summary&file=spot_summary_2015.csv
2015-11-28,jepx-spread-range-kansai,kansai,1.260000000000001,https://www.jepx.jp/_download.php?dir=spot_summary&file=spot_summary_2015.csv
2015-11-29,jepx-spread-range-kansai,kansai,2.539999999999999,https://www.jepx.jp/_download.php?dir=spot_summary&file=spot_summary_2015.csv
2015-11-30,jepx-spread-range-kansai,kansai,4.389999999999999,https://www.jepx.jp/_download.php?dir=spot_summary&file=spot_summary_2015.csv
2015-12-01,jepx-spread-range-kansai,kansai,2.59,https://www.jepx.jp/_download.php?dir=spot_summary&file=spot_summary_2015.csv
2015-12-02,jepx-spread-range-kansai,kansai,1.1799999999999995,https://www.jepx.jp/_download.php?dir=spot_summary&file=spot_summary_2015.csv
2015-12-03,jepx-spread-range-kansai,kansai,4.16,https://www.jepx.jp/_download.php?dir=spot_summary&file=spot_summary_2015.csv
2015-12-04,jepx-spread-range-kansai,kansai,4.02,https://www.jepx.jp/_download.php?dir=spot_summary&file=spot_summary_2015.csv
2015-12-05,jepx-spread-range-kansai,kansai,1.9399999999999995,https://www.jepx.jp/_download.php?dir=spot_summary&file=spot_summary_2015.csv
2015-12-06,jepx-spread-range-kansai,kansai,1.8100000000000005,https://www.jepx.jp/_download.php?dir=spot_summary&file=spot_summary_2015.csv
2015-12-07,jepx-spread-range-kansai,kansai,4.8500000000000005,https://www.jepx.jp/_download.php?dir=spot_summary&file=spot_summary_2015.csv
2015-12-08,jepx-spread-range-kansai,kansai,4.96,https://www.jepx.jp/_download.php?dir=spot_summary&file=spot_summary_2015.csv
2015-12-09,jepx-spread-range-kansai,kansai,4.3500000000000005,https://www.jepx.jp/_download.php?dir=spot_summary&file=spot_summary_2015.csv
2015-12-10,jepx-spread-range-kansai,kansai,4.97,https://www.jepx.jp/_download.php?dir=spot_summary&file=spot_summary_2015.csv
2015-12-11,jepx-spread-range-kansai,kansai,4.09,https://www.jepx.jp/_download.php?dir=spot_summary&file=spot_summary_2015.csv
2015-12-12,jepx-spread-range-kansai,kansai,1.7699999999999996,https://www.jepx.jp/_download.php?dir=spot_summary&file=spot_summary_2015.csv
2015-12-13,jepx-spread-range-kansai,kansai,2.27,https://www.jepx.jp/_download.php?dir=spot_summary&file=spot_summary_2015.csv
2015-12-14,jepx-spread-range-kansai,kansai,4.79,https://www.jepx.jp/_download.php?dir=spot_summary&file=spot_summary_2015.csv
2015-12-15,jepx-spread-range-kansai,kansai,5.13,https://www.jepx.jp/_download.php?dir=spot_summary&file=spot_summary_2015.csv
2015-12-16,jepx-spread-range-kansai,kansai,4.000000000000001,https://www.jepx.jp/_download.php?dir=spot_summary&file=spot_summary_2015.csv
2015-12-17,jepx-spread-range-kansai,kansai,4.59,https://www.jepx.jp/_download.php?dir=spot_summary&file=spot_summary_2015.csv
2015-12-18,jepx-spread-range-kansai,kansai,5.12,https://www.jepx.jp/_download.php?dir=spot_summary&file=spot_summary_2015.csv
2015-12-19,jepx-spread-range-kansai,kansai,1.3099999999999987,https://www.jepx.jp/_download.php?dir=spot_summary&file=spot_summary_2015.csv
2015-12-20,jepx-spread-range-kansai,kansai,0.8999999999999995,https://www.jepx.jp/_download.php?dir=spot_summary&file=spot_summary_2015.csv
2015-12-21,jepx-spread-range-kansai,kansai,4.68,https://www.jepx.jp/_download.php?dir=spot_summary&file=spot_summary_2015.csv
2015-12-22,jepx-spread-range-kansai,kansai,4.15,https://www.jepx.jp/_download.php?dir=spot_summary&file=spot_summary_2015.csv
2015-12-23,jepx-spread-range-kansai,kansai,2.170000000000001,https://www.jepx.jp/_download.php?dir=spot_summary&file=spot_summary_2015.csv
2015-12-24,jepx-spread-range-kansai,kansai,4.290000000000001,https://www.jepx.jp/_download.php?dir=spot_summary&file=spot_summary_2015.csv
2015-12-25,jepx-spread-range-kansai,kansai,3.43,https://www.jepx.jp/_download.php?dir=spot_summary&file=spot_summary_2015.csv
2015-12-26,jepx-spread-range-kansai,kansai,2.53,https://www.jepx.jp/_download.php?dir=spot_summary&file=spot_summary_2015.csv
2015-12-27,jepx-spread-range-kansai,kansai,2.0599999999999987,https://www.jepx.jp/_download.php?dir=spot_summary&file=spot_summary_2015.csv
2015-12-28,jepx-spread-range-kansai,kansai,3.639999999999999,https://www.jepx.jp/_download.php?dir=spot_summary&file=spot_summary_2015.csv
2015-12-29,jepx-spread-range-kansai,kansai,1.4800000000000004,https://www.jepx.jp/_download.php?dir=spot_summary&file=spot_summary_2015.csv
2015-12-30,jepx-spread-range-kansai,kansai,0.9400000000000004,https://www.jepx.jp/_download.php?dir=spot_summary&file=spot_summary_2015.csv
2015-12-31,jepx-spread-range-kansai,kansai,1.3200000000000005,https://www.jepx.jp/_download.php?dir=spot_summary&file=spot_summary_2015.csv
2016-01-01,jepx-spread-range-kansai,kansai,2.62,https://www.jepx.jp/_download.php?dir=spot_summary&file=spot_summary_2015.csv
2016-01-02,jepx-spread-range-kansai,kansai,1.04,https://www.jepx.jp/_download.php?dir=spot_summary&file=spot_summary_2015.csv
2016-01-03,jepx-spread-range-kansai,kansai,1.0500000000000007,https://www.jepx.jp/_download.php?dir=spot_summary&file=spot_summary_2015.csv
2016-01-04,jepx-spread-range-kansai,kansai,4.6,https://www.jepx.jp/_download.php?dir=spot_summary&file=spot_summary_2015.csv
2016-01-05,jepx-spread-range-kansai,kansai,5.04,https://www.jepx.jp/_download.php?dir=spot_summary&file=spot_summary_2015.csv
2016-01-06,jepx-spread-range-kansai,kansai,3.4499999999999997,https://www.jepx.jp/_download.php?dir=spot_summary&file=spot_summary_2015.csv
2016-01-07,jepx-spread-range-kansai,kansai,4.6,https://www.jepx.jp/_download.php?dir=spot_summary&file=spot_summary_2015.csv
2016-01-08,jepx-spread-range-kansai,kansai,3.869999999999999,https://www.jepx.jp/_download.php?dir=spot_summary&file=spot_summary_2015.csv
2016-01-09,jepx-spread-range-kansai,kansai,1.34,https://www.jepx.jp/_download.php?dir=spot_summary&file=spot_summary_2015.csv
2016-01-10,jepx-spread-range-kansai,kansai,1.2200000000000006,https://www.jepx.jp/_download.php?dir=spot_summary&file=spot_summary_2015.csv
2016-01-11,jepx-spread-range-kansai,kansai,1.0,https://www.jepx.jp/_download.php?dir=spot_summary&file=spot_summary_2015.csv
2016-01-12,jepx-spread-range-kansai,kansai,4.53,https://www.jepx.jp/_download.php?dir=spot_summary&file=spot_summary_2015.csv
2016-01-13,jepx-spread-range-kansai,kansai,4.66,https://www.jepx.jp/_download.php?dir=spot_summary&file=spot_summary_2015.csv
2016-01-14,jepx-spread-range-kansai,kansai,5.119999999999999,https://www.jepx.jp/_download.php?dir=spot_summary&file=spot_summary_2015.csv
2016-01-15,jepx-spread-range-kansai,kansai,5.119999999999999,https://www.jepx.jp/_download.php?dir=spot_summary&file=spot_summary_2015.csv
2016-01-16,jepx-spread-range-kansai,kansai,2.53,https://www.jepx.jp/_download.php?dir=spot_summary&file=spot_summary_2015.csv
2016-01-17,jepx-spread-range-kansai,kansai,1.6900000000000004,https://www.jepx.jp/_download.php?dir=spot_summary&file=spot_summary_2015.csv
2016-01-18,jepx-spread-range-kansai,kansai,4.330000000000001,https://www.jepx.jp/_download.php?dir=spot_summary&file=spot_summary_2015.csv
2016-01-19,jepx-spread-range-kansai,kansai,5.18,https://www.jepx.jp/_download.php?dir=spot_summary&file=spot_summary_2015.csv
2016-01-20,jepx-spread-range-kansai,kansai,6.209999999999999,https://www.jepx.jp/_download.php?dir=spot_summary&file=spot_summary_2015.csv
2016-01-21,jepx-spread-range-kansai,kansai,3.4700000000000006,https://www.jepx.jp/_download.php?dir=spot_summary&file=spot_summary_2015.csv
2016-01-22,jepx-spread-range-kansai,kansai,3.540000000000001,https://www.jepx.jp/_download.php?dir=spot_summary&file=spot_summary_2015.csv
2016-01-23,jepx-spread-range-kansai,kansai,4.75,https://www.jepx.jp/_download.php?dir=spot_summary&file=spot_summary_2015.csv
2016-01-24,jepx-spread-range-kansai,kansai,4.06,https://www.jepx.jp/_download.php?dir=spot_summary&file=spot_summary_2015.csv
2016-01-25,jepx-spread-range-kansai,kansai,28.48,https://www.jepx.jp/_download.php?dir=spot_summary&file=spot_summary_2015.csv
2016-01-26,jepx-spread-range-kansai,kansai,10.07,https://www.jepx.jp/_download.php?dir=spot_summary&file=spot_summary_2015.csv
2016-01-27,jepx-spread-range-kansai,kansai,4.1000000000000005,https://www.jepx.jp/_download.php?dir=spot_summary&file=spot_summary_2015.csv
2016-01-28,jepx-spread-range-kansai,kansai,4.23,https://www.jepx.jp/_download.php?dir=spot_summary&file=spot_summary_2015.csv
2016-01-29,jepx-spread-range-kansai,kansai,6.6000000000000005,https://www.jepx.jp/_download.php?dir=spot_summary&file=spot_summary_2015.csv
2016-01-30,jepx-spread-range-kansai,kansai,2.9800000000000004,https://www.jepx.jp/_download.php?dir=spot_summary&file=spot_summary_2015.csv
2016-01-31,jepx-spread-range-kansai,kansai,1.4299999999999995,https://www.jepx.jp/_download.php?dir=spot_summary&file=spot_summary_2015.csv
2016-02-01,jepx-spread-range-kansai,kansai,4.0,https://www.jepx.jp/_download.php?dir=spot_summary&file=spot_summary_2015.csv
2016-02-02,jepx-spread-range-kansai,kansai,4.16,https://www.jepx.jp/_download.php?dir=spot_summary&file=spot_summary_2015.csv
2016-02-03,jepx-spread-range-kansai,kansai,4.2,https://www.jepx.jp/_download.php?dir=spot_summary&file=spot_summary_2015.csv
2016-02-04,jepx-spread-range-kansai,kansai,4.34,https://www.jepx.jp/_download.php?dir=spot_summary&file=spot_summary_2015.csv
2016-02-05,jepx-spread-range-kansai,kansai,4.41,https://www.jepx.jp/_download.php?dir=spot_summary&file=spot_summary_2015.csv
2016-02-06,jepx-spread-range-kansai,kansai,1.59,https://www.jepx.jp/_download.php?dir=spot_summary&file=spot_summary_2015.csv
2016-02-07,jepx-spread-range-kansai,kansai,2.25,https://www.jepx.jp/_download.php?dir=spot_summary&file=spot_summary_2015.csv
2016-02-08,jepx-spread-range-kansai,kansai,4.53,https://www.jepx.jp/_download.php?dir=spot_summary&file=spot_summary_2015.csv
2016-02-09,jepx-spread-range-kansai,kansai,4.510000000000001,https://www.jepx.jp/_download.php?dir=spot_summary&file=spot_summary_2015.csv
2016-02-10,jepx-spread-range-kansai,kansai,4.569999999999999,https://www.jepx.jp/_download.php?dir=spot_summary&file=spot_summary_2015.csv
2016-02-11,jepx-spread-range-kansai,kansai,2.960000000000001,https://www.jepx.jp/_download.php?dir=spot_summary&file=spot_summary_2015.csv
2016-02-12,jepx-spread-range-kansai,kansai,2.4800000000000004,https://www.jepx.jp/_download.php?dir=spot_summary&file=spot_summary_2015.csv
2016-02-13,jepx-spread-range-kansai,kansai,1.99,https://www.jepx.jp/_download.php?dir=spot_summary&file=spot_summary_2015.csv
2016-02-14,jepx-spread-range-kansai,kansai,1.6199999999999992,https://www.jepx.jp/_download.php?dir=spot_summary&file=spot_summary_2015.csv
2016-02-15,jepx-spread-range-kansai,kansai,6.459999999999999,https://www.jepx.jp/_download.php?dir=spot_summary&file=spot_summary_2015.csv
2016-02-16,jepx-spread-range-kansai,kansai,4.35,https://www.jepx.jp/_download.php?dir=spot_summary&file=spot_summary_2015.csv
2016-02-17,jepx-spread-range-kansai,kansai,3.68,https://www.jepx.jp/_download.php?dir=spot_summary&file=spot_summary_2015.csv
2016-02-18,jepx-spread-range-kansai,kansai,4.35,https://www.jepx.jp/_download.php?dir=spot_summary&file=spot_summary_2015.csv
2016-02-19,jepx-spread-range-kansai,kansai,4.37,https://www.jepx.jp/_download.php?dir=spot_summary&file=spot_summary_2015.csv
2016-02-20,jepx-spread-range-kansai,kansai,2.6899999999999995,https://www.jepx.jp/_download.php?dir=spot_summary&file=spot_summary_2015.csv
2016-02-21,jepx-spread-range-kansai,kansai,1.92,https://www.jepx.jp/_download.php?dir=spot_summary&file=spot_summary_2015.csv
2016-02-22,jepx-spread-range-kansai,kansai,3.21,https://www.jepx.jp/_download.php?dir=spot_summary&file=spot_summary_2015.csv
2016-02-23,jepx-spread-range-kansai,kansai,3.3599999999999994,https://www.jepx.jp/_download.php?dir=spot_summary&file=spot_summary_2015.csv
2016-02-24,jepx-spread-range-kansai,kansai,3.33,https://www.jepx.jp/_download.php?dir=spot_summary&file=spot_summary_2015.csv
2016-02-25,jepx-spread-range-kansai,kansai,4.22,https://www.jepx.jp/_download.php?dir=spot_summary&file=spot_summary_2015.csv
2016-02-26,jepx-spread-range-kansai,kansai,4.48,https://www.jepx.jp/_download.php?dir=spot_summary&file=spot_summary_2015.csv
2016-02-27,jepx-spread-range-kansai,kansai,2.3100000000000005,https://www.jepx.jp/_download.php?dir=spot_summary&file=spot_summary_2015.csv
2016-02-28,jepx-spread-range-kansai,kansai,1.38,https://www.jepx.jp/_download.php?dir=spot_summary&file=spot_summary_2015.csv
2016-02-29,jepx-spread-range-kansai,kansai,6.07,https://www.jepx.jp/_download.php?dir=spot_summary&file=spot_summary_2015.csv
2016-03-01,jepx-spread-range-kansai,kansai,5.840000000000001,https://www.jepx.jp/_download.php?dir=spot_summary&file=spot_summary_2015.csv
2016-03-02,jepx-spread-range-kansai,kansai,4.529999999999999,https://www.jepx.jp/_download.php?dir=spot_summary&file=spot_summary_2015.csv
2016-03-03,jepx-spread-range-kansai,kansai,2.750000000000001,https://www.jepx.jp/_download.php?dir=spot_summary&file=spot_summary_2015.csv
2016-03-04,jepx-spread-range-kansai,kansai,3.679999999999999,https://www.jepx.jp/_download.php?dir=spot_summary&file=spot_summary_2015.csv
2016-03-05,jepx-spread-range-kansai,kansai,2.56,https://www.jepx.jp/_download.php?dir=spot_summary&file=spot_summary_2015.csv
2016-03-06,jepx-spread-range-kansai,kansai,1.95,https://www.jepx.jp/_download.php?dir=spot_summary&file=spot_summary_2015.csv
2016-03-07,jepx-spread-range-kansai,kansai,3.5100000000000007,https://www.jepx.jp/_download.php?dir=spot_summary&file=spot_summary_2015.csv
2016-03-08,jepx-spread-range-kansai,kansai,3.709999999999999,https://www.jepx.jp/_download.php?dir=spot_summary&file=spot_summary_2015.csv
2016-03-09,jepx-spread-range-kansai,kansai,5.47,https://www.jepx.jp/_download.php?dir=spot_summary&file=spot_summary_2015.csv
2016-03-10,jepx-spread-range-kansai,kansai,3.76,https://www.jepx.jp/_download.php?dir=spot_summary&file=spot_summary_2015.csv
2016-03-11,jepx-spread-range-kansai,kansai,4.44,https://www.jepx.jp/_download.php?dir=spot_summary&file=spot_summary_2015.csv
2016-03-12,jepx-spread-range-kansai,kansai,2.02,https://www.jepx.jp/_download.php?dir=spot_summary&file=spot_summary_2015.csv
2016-03-13,jepx-spread-range-kansai,kansai,2.35,https://www.jepx.jp/_download.php?dir=spot_summary&file=spot_summary_2015.csv
2016-03-14,jepx-spread-range-kansai,kansai,5.37,https://www.jepx.jp/_download.php?dir=spot_summary&file=spot_summary_2015.csv
2016-03-15,jepx-spread-range-kansai,kansai,3.119999999999999,https://www.jepx.jp/_download.php?dir=spot_summary&file=spot_summary_2015.csv
2016-03-16,jepx-spread-range-kansai,kansai,3.1899999999999995,https://www.jepx.jp/_download.php?dir=spot_summary&file=spot_summary_2015.csv
2016-03-17,jepx-spread-range-kansai,kansai,2.4499999999999997,https://www.jepx.jp/_download.php?dir=spot_summary&file=spot_summary_2015.csv
2016-03-18,jepx-spread-range-kansai,kansai,2.1899999999999995,https://www.jepx.jp/_download.php?dir=spot_summary&file=spot_summary_2015.csv
2016-03-19,jepx-spread-range-kansai,kansai,2.35,https://www.jepx.jp/_download.php?dir=spot_summary&file=spot_summary_2015.csv
2016-03-20,jepx-spread-range-kansai,kansai,2.76,https://www.jepx.jp/_download.php?dir=spot_summary&file=spot_summary_2015.csv
2016-03-21,jepx-spread-range-kansai,kansai,3.47,https://www.jepx.jp/_download.php?dir=spot_summary&file=spot_summary_2015.csv
2016-03-22,jepx-spread-range-kansai,kansai,3.1800000000000006,https://www.jepx.jp/_download.php?dir=spot_summary&file=spot_summary_2015.csv
2016-03-23,jepx-spread-range-kansai,kansai,2.7,https://www.jepx.jp/_download.php?dir=spot_summary&file=spot_summary_2015.csv
2016-03-24,jepx-spread-range-kansai,kansai,3.1500000000000004,https://www.jepx.jp/_download.php?dir=spot_summary&file=spot_summary_2015.csv
2016-03-25,jepx-spread-range-kansai,kansai,3.3600000000000003,https://www.jepx.jp/_download.php?dir=spot_summary&file=spot_summary_2015.csv
2016-03-26,jepx-spread-range-kansai,kansai,2.77,https://www.jepx.jp/_download.php?dir=spot_summary&file=spot_summary_2015.csv
2016-03-27,jepx-spread-range-kansai,kansai,2.6,https://www.jepx.jp/_download.php?dir=spot_summary&file=spot_summary_2015.csv
2016-03-28,jepx-spread-range-kansai,kansai,2.84,https://www.jepx.jp/_download.php?dir=spot_summary&file=spot_summary_2015.csv
2016-03-29,jepx-spread-range-kansai,kansai,2.92,https://www.jepx.jp/_download.php?dir=spot_summary&file=spot_summary_2015.csv
2016-03-30,jepx-spread-range-kansai,kansai,2.55,https://www.jepx.jp/_download.php?dir=spot_summary&file=spot_summary_2015.csv
2016-03-31,jepx-spread-range-kansai,kansai,2.88,https://www.jepx.jp/_download.php?dir=spot_summary&file=spot_summary_2015.csv
2016-04-01,jepx-spread-range-kansai,kansai,2.25,https://www.jepx.jp/_download.php?dir=spot_summary&file=spot_summary_2016.csv
2016-04-02,jepx-spread-range-kansai,kansai,2.05,https://www.jepx.jp/_download.php?dir=spot_summary&file=spot_summary_2016.csv
2016-04-03,jepx-spread-range-kansai,kansai,2.55,https://www.jepx.jp/_download.php?dir=spot_summary&file=spot_summary_2016.csv
2016-04-04,jepx-spread-range-kansai,kansai,4.29,https://www.jepx.jp/_download.php?dir=spot_summary&file=spot_summary_2016.csv
2016-04-05,jepx-spread-range-kansai,kansai,4.23,https://www.jepx.jp/_download.php?dir=spot_summary&file=spot_summary_2016.csv
2016-04-06,jepx-spread-range-kansai,kansai,1.9400000000000004,https://www.jepx.jp/_download.php?dir=spot_summary&file=spot_summary_2016.csv
2016-04-07,jepx-spread-range-kansai,kansai,5.459999999999999,https://www.jepx.jp/_download.php?dir=spot_summary&file=spot_summary_2016.csv
2016-04-08,jepx-spread-range-kansai,kansai,2.88,https://www.jepx.jp/_download.php?dir=spot_summary&file=spot_summary_2016.csv
2016-04-09,jepx-spread-range-kansai,kansai,2.8200000000000003,https://www.jepx.jp/_download.php?dir=spot_summary&file=spot_summary_2016.csv
2016-04-10,jepx-spread-range-kansai,kansai,1.67,https://www.jepx.jp/_download.php?dir=spot_summary&file=spot_summary_2016.csv
2016-04-11,jepx-spread-range-kansai,kansai,2.8200000000000003,https://www.jepx.jp/_download.php?dir=spot_summary&file=spot_summary_2016.csv
2016-04-12,jepx-spread-range-kansai,kansai,2.93,https://www.jepx.jp/_download.php?dir=spot_summary&file=spot_summary_2016.csv
2016-04-13,jepx-spread-range-kansai,kansai,6.06,https://www.jepx.jp/_download.php?dir=spot_summary&file=spot_summary_2016.csv
2016-04-14,jepx-spread-range-kansai,kansai,2.1900000000000004,https://www.jepx.jp/_download.php?dir=spot_summary&file=spot_summary_2016.csv
2016-04-15,jepx-spread-range-kansai,kansai,3.61,https://www.jepx.jp/_download.php?dir=spot_summary&file=spot_summary_2016.csv
2016-04-16,jepx-spread-range-kansai,kansai,3.94,https://www.jepx.jp/_download.php?dir=spot_summary&file=spot_summary_2016.csv
2016-04-17,jepx-spread-range-kansai,kansai,2.3199999999999994,https://www.jepx.jp/_download.php?dir=spot_summary&file=spot_summary_2016.csv
2016-04-18,jepx-spread-range-kansai,kansai,5.1,https://www.jepx.jp/_download.php?dir=spot_summary&file=spot_summary_2016.csv
2016-04-19,jepx-spread-range-kansai,kansai,3.33,https://www.jepx.jp/_download.php?dir=spot_summary&file=spot_summary_2016.csv
2016-04-20,jepx-spread-range-kansai,kansai,3.75,https://www.jepx.jp/_download.php?dir=spot_summary&file=spot_summary_2016.csv
2016-04-21,jepx-spread-range-kansai,kansai,7.080000000000001,https://www.jepx.jp/_download.php?dir=spot_summary&file=spot_summary_2016.csv
2016-04-22,jepx-spread-range-kansai,kansai,2.4800000000000004,https://www.jepx.jp/_download.php?dir=spot_summary&file=spot_summary_2016.csv
2016-04-23,jepx-spread-range-kansai,kansai,2.33,https://www.jepx.jp/_download.php?dir=spot_summary&file=spot_summary_2016.csv
2016-04-24,jepx-spread-range-kansai,kansai,2.34,https://www.jepx.jp/_download.php?dir=spot_summary&file=spot_summary_2016.csv
2016-04-25,jepx-spread-range-kansai,kansai,6.159999999999999,https://www.jepx.jp/_download.php?dir=spot_summary&file=spot_summary_2016.csv
2016-04-26,jepx-spread-range-kansai,kansai,3.4000000000000004,https://www.jepx.jp/_download.php?dir=spot_summary&file=spot_summary_2016.csv
2016-04-27,jepx-spread-range-kansai,kansai,7.229999999999999,https://www.jepx.jp/_download.php?dir=spot_summary&file=spot_summary_2016.csv
2016-04-28,jepx-spread-range-kansai,kansai,4.74,https://www.jepx.jp/_download.php?dir=spot_summary&file=spot_summary_2016.csv
2016-04-29,jepx-spread-range-kansai,kansai,3.0,https://www.jepx.jp/_download.php?dir=spot_summary&file=spot_summary_2016.csv
2016-04-30,jepx-spread-range-kansai,kansai,2.33,https://www.jepx.jp/_download.php?dir=spot_summary&file=spot_summary_2016.csv
2016-05-01,jepx-spread-range-kansai,kansai,3.6599999999999993,https://www.jepx.jp/_download.php?dir=spot_summary&file=spot_summary_2016.csv
2016-05-02,jepx-spread-range-kansai,kansai,5.99,https://www.jepx.jp/_download.php?dir=spot_summary&file=spot_summary_2016.csv
2016-05-03,jepx-spread-range-kansai,kansai,5.420000000000001,https://www.jepx.jp/_download.php?dir=spot_summary&file=spot_summary_2016.csv
2016-05-04,jepx-spread-range-kansai,kansai,2.83,https://www.jepx.jp/_download.php?dir=spot_summary&file=spot_summary_2016.csv
2016-05-05,jepx-spread-range-kansai,kansai,2.85,https://www.jepx.jp/_download.php?dir=spot_summary&file=spot_summary_2016.csv
2016-05-06,jepx-spread-range-kansai,kansai,6.44,https://www.jepx.jp/_download.php?dir=spot_summary&file=spot_summary_2016.csv
2016-05-07,jepx-spread-range-kansai,kansai,3.09,https://www.jepx.jp/_download.php?dir=spot_summary&file=spot_summary_2016.csv
2016-05-08,jepx-spread-range-kansai,kansai,2.1900000000000004,https://www.jepx.jp/_download.php?dir=spot_summary&file=spot_summary_2016.csv
2016-05-09,jepx-spread-range-kansai,kansai,7.430000000000001,https://www.jepx.jp/_download.php?dir=spot_summary&file=spot_summary_2016.csv
2016-05-10,jepx-spread-range-kansai,kansai,6.96,https://www.jepx.jp/_download.php?dir=spot_summary&file=spot_summary_2016.csv
2016-05-11,jepx-spread-range-kansai,kansai,6.99,https://www.jepx.jp/_download.php?dir=spot_summary&file=spot_summary_2016.csv
2016-05-12,jepx-spread-range-kansai,kansai,6.369999999999999,https://www.jepx.jp/_download.php?dir=spot_summary&file=spot_summary_2016.csv
2016-05-13,jepx-spread-range-kansai,kansai,6.9,https://www.jepx.jp/_download.php?dir=spot_summary&file=spot_summary_2016.csv
2016-05-14,jepx-spread-range-kansai,kansai,2.1099999999999994,https://www.jepx.jp/_download.php?dir=spot_summary&file=spot_summary_2016.csv
2016-05-15,jepx-spread-range-kansai,kansai,1.96,https://www.jepx.jp/_download.php?dir=spot_summary&file=spot_summary_2016.csv
2016-05-16,jepx-spread-range-kansai,kansai,7.4,https://www.jepx.jp/_download.php?dir=spot_summary&file=spot_summary_2016.csv
2016-05-17,jepx-spread-range-kansai,kansai,6.049999999999999,https://www.jepx.jp/_download.php?dir=spot_summary&file=spot_summary_2016.csv
2016-05-18,jepx-spread-range-kansai,kansai,7.4,https://www.jepx.jp/_download.php?dir=spot_summary&file=spot_summary_2016.csv
2016-05-19,jepx-spread-range-kansai,kansai,3.31,https://www.jepx.jp/_download.php?dir=spot_summary&file=spot_summary_2016.csv
2016-05-20,jepx-spread-range-kansai,kansai,7.4,https://www.jepx.jp/_download.php?dir=spot_summary&file=spot_summary_2016.csv
2016-05-21,jepx-spread-range-kansai,kansai,1.99,https://www.jepx.jp/_download.php?dir=spot_summary&file=spot_summary_2016.csv
2016-05-22,jepx-spread-range-kansai,kansai,2.04,https://www.jepx.jp/_download.php?dir=spot_summary&file=spot_summary_2016.csv
2016-05-23,jepx-spread-range-kansai,kansai,7.73,https://www.jepx.jp/_download.php?dir=spot_summary&file=spot_summary_2016.csv
2016-05-24,jepx-spread-range-kansai,kansai,7.66,https://www.jepx.jp/_download.php?dir=spot_summary&file=spot_summary_2016.csv
2016-05-25,jepx-spread-range-kansai,kansai,7.66,https://www.jepx.jp/_download.php?dir=spot_summary&file=spot_summary_2016.csv
2016-05-26,jepx-spread-range-kansai,kansai,10.329999999999998,https://www.jepx.jp/_download.php?dir=spot_summary&file=spot_summary_2016.csv
2016-05-27,jepx-spread-range-kansai,kansai,5.77,https://www.jepx.jp/_download.php?dir=spot_summary&file=spot_summary_2016.csv
2016-05-28,jepx-spread-range-kansai,kansai,2.9300000000000006,https://www.jepx.jp/_download.php?dir=spot_summary&file=spot_summary_2016.csv
2016-05-29,jepx-spread-range-kansai,kansai,3.000000000000001,https://www.jepx.jp/_download.php?dir=spot_summary&file=spot_summary_2016.csv
2016-05-30,jepx-spread-range-kansai,kansai,7.4,https://www.jepx.jp/_download.php?dir=spot_summary&file=spot_summary_2016.csv
2016-05-31,jepx-spread-range-kansai,kansai,7.84,https://www.jepx.jp/_download.php?dir=spot_summary&file=spot_summary_2016.csv
2016-06-01,jepx-spread-range-kansai,kansai,7.31,https://www.jepx.jp/_download.php?dir=spot_summary&file=spot_summary_2016.csv
2016-06-02,jepx-spread-range-kansai,kansai,7.52,https://www.jepx.jp/_download.php?dir=spot_summary&file=spot_summary_2016.csv
2016-06-03,jepx-spread-range-kansai,kansai,5.869999999999999,https://www.jepx.jp/_download.php?dir=spot_summary&file=spot_summary_2016.csv
2016-06-04,jepx-spread-range-kansai,kansai,1.99,https://www.jepx.jp/_download.php?dir=spot_summary&file=spot_summary_2016.csv
2016-06-05,jepx-spread-range-kansai,kansai,2.140000000000001,https://www.jepx.jp/_download.php?dir=spot_summary&file=spot_summary_2016.csv
2016-06-06,jepx-spread-range-kansai,kansai,8.02,https://www.jepx.jp/_download.php?dir=spot_summary&file=spot_summary_2016.csv
2016-06-07,jepx-spread-range-kansai,kansai,6.859999999999999,https://www.jepx.jp/_download.php?dir=spot_summary&file=spot_summary_2016.csv
2016-06-08,jepx-spread-range-kansai,kansai,7.929999999999999,https://www.jepx.jp/_download.php?dir=spot_summary&file=spot_summary_2016.csv
2016-06-09,jepx-spread-range-kansai,kansai,7.48,https://www.jepx.jp/_download.php?dir=spot_summary&file=spot_summary_2016.csv
2016-06-10,jepx-spread-range-kansai,kansai,5.869999999999999,https://www.jepx.jp/_download.php?dir=spot_summary&file=spot_summary_2016.csv
2016-06-11,jepx-spread-range-kansai,kansai,3.5700000000000003,https://www.jepx.jp/_download.php?dir=spot_summary&file=spot_summary_2016.csv
2016-06-12,jepx-spread-range-kansai,kansai,4.5200000000000005,https://www.jepx.jp/_download.php?dir=spot_summary&file=spot_summary_2016.csv
2016-06-13,jepx-spread-range-kansai,kansai,8.14,https://www.jepx.jp/_download.php?dir=spot_summary&file=spot_summary_2016.csv
2016-06-14,jepx-spread-range-kansai,kansai,9.76,https://www.jepx.jp/_download.php?dir=spot_summary&file=spot_summary_2016.csv
2016-06-15,jepx-spread-range-kansai,kansai,9.29,https://www.jepx.jp/_download.php?dir=spot_summary&file=spot_summary_2016.csv
2016-06-16,jepx-spread-range-kansai,kansai,14.93,https://www.jepx.jp/_download.php?dir=spot_summary&file=spot_summary_2016.csv
2016-06-17,jepx-spread-range-kansai,kansai,14.93,https://www.jepx.jp/_download.php?dir=spot_summary&file=spot_summary_2016.csv
2016-06-18,jepx-spread-range-kansai,kansai,3.5100000000000007,https://www.jepx.jp/_download.php?dir=spot_summary&file=spot_summary_2016.csv
2016-06-19,jepx-spread-range-kansai,kansai,3.2700000000000005,https://www.jepx.jp/_download.php?dir=spot_summary&file=spot_summary_2016.csv
2016-06-20,jepx-spread-range-kansai,kansai,9.68,https://www.jepx.jp/_download.php?dir=spot_summary&file=spot_summary_2016.csv
2016-06-21,jepx-spread-range-kansai,kansai,8.219999999999999,https://www.jepx.jp/_download.php?dir=spot_summary&file=spot_summary_2016.csv
2016-06-22,jepx-spread-range-kansai,kansai,8.23,https://www.jepx.jp/_download.php?dir=spot_summary&file=spot_summary_2016.csv
2016-06-23,jepx-spread-range-kansai,kansai,15.73,https://www.jepx.jp/_download.php?dir=spot_summary&file=spot_summary_2016.csv
2016-06-24,jepx-spread-range-kansai,kansai,8.23,https://www.jepx.jp/_download.php?dir=spot_summary&file=spot_summary_2016.csv
2016-06-25,jepx-spread-range-kansai,kansai,3.710000000000001,https://www.jepx.jp/_download.php?dir=spot_summary&file=spot_summary_2016.csv
2016-06-26,jepx-spread-range-kansai,kansai,3.3199999999999994,https://www.jepx.jp/_download.php?dir=spot_summary&file=spot_summary_2016.csv
2016-06-27,jepx-spread-range-kansai,kansai,7.430000000000001,https://www.jepx.jp/_download.php?dir=spot_summary&file=spot_summary_2016.csv
2016-06-28,jepx-spread-range-kansai,kansai,7.11,https://www.jepx.jp/_download.php?dir=spot_summary&file=spot_summary_2016.csv
2016-06-29,jepx-spread-range-kansai,kansai,7.16,https://www.jepx.jp/_download.php?dir=spot_summary&file=spot_summary_2016.csv
2016-06-30,jepx-spread-range-kansai,kansai,6.119999999999999,https://www.jepx.jp/_download.php?dir=spot_summary&file=spot_summary_2016.csv
2016-07-01,jepx-spread-range-kansai,kansai,7.869999999999999,https://www.jepx.jp/_download.php?dir=spot_summary&file=spot_summary_2016.csv
2016-07-02,jepx-spread-range-kansai,kansai,2.4099999999999997,https://www.jepx.jp/_download.php?dir=spot_summary&file=spot_summary_2016.csv
2016-07-03,jepx-spread-range-kansai,kansai,3.1500000000000004,https://www.jepx.jp/_download.php?dir=spot_summary&file=spot_summary_2016.csv
2016-07-04,jepx-spread-range-kansai,kansai,14.54,https://www.jepx.jp/_download.php?dir=spot_summary&file=spot_summary_2016.csv
2016-07-05,jepx-spread-range-kansai,kansai,19.68,https://www.jepx.jp/_download.php?dir=spot_summary&file=spot_summary_2016.csv
2016-07-06,jepx-spread-range-kansai,kansai,14.82,https://www.jepx.jp/_download.php?dir=spot_summary&file=spot_summary_2016.csv
2016-07-07,jepx-spread-range-kansai,kansai,23.39,https://www.jepx.jp/_download.php?dir=spot_summary&file=spot_summary_2016.csv
2016-07-08,jepx-spread-range-kansai,kansai,14.68,https://www.jepx.jp/_download.php?dir=spot_summary&file=spot_summary_2016.csv
2016-07-09,jepx-spread-range-kansai,kansai,3.369999999999999,https://www.jepx.jp/_download.php?dir=spot_summary&file=spot_summary_2016.csv
2016-07-10,jepx-spread-range-kansai,kansai,4.970000000000001,https://www.jepx.jp/_download.php?dir=spot_summary&file=spot_summary_2016.csv
2016-07-11,jepx-spread-range-kansai,kansai,15.8,https://www.jepx.jp/_download.php?dir=spot_summary&file=spot_summary_2016.csv
2016-07-12,jepx-spread-range-kansai,kansai,14.78,https://www.jepx.jp/_download.php?dir=spot_summary&file=spot_summary_2016.csv
2016-07-13,jepx-spread-range-kansai,kansai,14.82,https://www.jepx.jp/_download.php?dir=spot_summary&file=spot_summary_2016.csv
2016-07-14,jepx-spread-range-kansai,kansai,15.19,https://www.jepx.jp/_download.php?dir=spot_summary&file=spot_summary_2016.csv
2016-07-15,jepx-spread-range-kansai,kansai,7.69,https://www.jepx.jp/_download.php?dir=spot_summary&file=spot_summary_2016.csv
2016-07-16,jepx-spread-range-kansai,kansai,2.17,https://www.jepx.jp/_download.php?dir=spot_summary&file=spot_summary_2016.csv
2016-07-17,jepx-spread-range-kansai,kansai,4.359999999999999,https://www.jepx.jp/_download.php?dir=spot_summary&file=spot_summary_2016.csv
2016-07-18,jepx-spread-range-kansai,kansai,4.69,https://www.jepx.jp/_download.php?dir=spot_summary&file=spot_summary_2016.csv
2016-07-19,jepx-spread-range-kansai,kansai,7.779999999999999,https://www.jepx.jp/_download.php?dir=spot_summary&file=spot_summary_2016.csv
2016-07-20,jepx-spread-range-kansai,kansai,14.73,https://www.jepx.jp/_download.php?dir=spot_summary&file=spot_summary_2016.csv
2016-07-21,jepx-spread-range-kansai,kansai,14.73,https://www.jepx.jp/_download.php?dir=spot_summary&file=spot_summary_2016.csv
2016-07-22,jepx-spread-range-kansai,kansai,8.36,https://www.jepx.jp/_download.php?dir=spot_summary&file=spot_summary_2016.csv
2016-07-23,jepx-spread-range-kansai,kansai,1.0700000000000005,https://www.jepx.jp/_download.php?dir=spot_summary&file=spot_summary_2016.csv
2016-07-24,jepx-spread-range-kansai,kansai,1.8600000000000003,https://www.jepx.jp/_download.php?dir=spot_summary&file=spot_summary_2016.csv
2016-07-25,jepx-spread-range-kansai,kansai,10.44,https://www.jepx.jp/_download.php?dir=spot_summary&file=spot_summary_2016.csv
2016-07-26,jepx-spread-range-kansai,kansai,7.83,https://www.jepx.jp/_download.php?dir=spot_summary&file=spot_summary_2016.csv
2016-07-27,jepx-spread-range-kansai,kansai,10.33,https://www.jepx.jp/_download.php?dir=spot_summary&file=spot_summary_2016.csv
2016-07-28,jepx-spread-range-kansai,kansai,14.82,https://www.jepx.jp/_download.php?dir=spot_summary&file=spot_summary_2016.csv
2016-07-29,jepx-spread-range-kansai,kansai,10.12,https://www.jepx.jp/_download.php?dir=spot_summary&file=spot_summary_2016.csv
2016-07-30,jepx-spread-range-kansai,kansai,4.02,https://www.jepx.jp/_download.php?dir=spot_summary&file=spot_summary_2016.csv
2016-07-31,jepx-spread-range-kansai,kansai,3.56,https://www.jepx.jp/_download.php?dir=spot_summary&file=spot_summary_2016.csv
2016-08-01,jepx-spread-range-kansai,kansai,9.91,https://www.jepx.jp/_download.php?dir=spot_summary&file=spot_summary_2016.csv
2016-08-02,jepx-spread-range-kansai,kansai,14.49,https://www.jepx.jp/_download.php?dir=spot_summary&file=spot_summary_2016.csv
2016-08-03,jepx-spread-range-kansai,kansai,14.97,https://www.jepx.jp/_download.php?dir=spot_summary&file=spot_summary_2016.csv
2016-08-04,jepx-spread-range-kansai,kansai,14.33,https://www.jepx.jp/_download.php?dir=spot_summary&file=spot_summary_2016.csv
2016-08-05,jepx-spread-range-kansai,kansai,14.49,https://www.jepx.jp/_download.php?dir=spot_summary&file=spot_summary_2016.csv
2016-08-06,jepx-spread-range-kansai,kansai,5.68,https://www.jepx.jp/_download.php?dir=spot_summary&file=spot_summary_2016.csv
2016-08-07,jepx-spread-range-kansai,kansai,2.6599999999999997,https://www.jepx.jp/_download.php?dir=spot_summary&file=spot_summary_2016.csv
2016-08-08,jepx-spread-range-kansai,kansai,29.74,https://www.jepx.jp/_download.php?dir=spot_summary&file=spot_summary_2016.csv
2016-08-09,jepx-spread-range-kansai,kansai,14.36,https://www.jepx.jp/_download.php?dir=spot_summary&file=spot_summary_2016.csv
2016-08-10,jepx-spread-range-kansai,kansai,15.23,https://www.jepx.jp/_download.php?dir=spot_summary&file=spot_summary_2016.csv
2016-08-11,jepx-spread-range-kansai,kansai,5.7,https://www.jepx.jp/_download.php?dir=spot_summary&file=spot_summary_2016.csv
2016-08-12,jepx-spread-range-kansai,kansai,9.98,https://www.jepx.jp/_download.php?dir=spot_summary&file=spot_summary_2016.csv
2016-08-13,jepx-spread-range-kansai,kansai,4.88,https://www.jepx.jp/_download.php?dir=spot_summary&file=spot_summary_2016.csv
2016-08-14,jepx-spread-range-kansai,kansai,2.97,https://www.jepx.jp/_download.php?dir=spot_summary&file=spot_summary_2016.csv
2016-08-15,jepx-spread-range-kansai,kansai,4.580000000000001,https://www.jepx.jp/_download.php?dir=spot_summary&file=spot_summary_2016.csv
2016-08-16,jepx-spread-range-kansai,kansai,5.15,https://www.jepx.jp/_download.php?dir=spot_summary&file=spot_summary_2016.csv
2016-08-17,jepx-spread-range-kansai,kansai,10.15,https://www.jepx.jp/_download.php?dir=spot_summary&file=spot_summary_2016.csv
2016-08-18,jepx-spread-range-kansai,kansai,11.77,https://www.jepx.jp/_download.php?dir=spot_summary&file=spot_summary_2016.csv
2016-08-19,jepx-spread-range-kansai,kansai,14.56,https://www.jepx.jp/_download.php?dir=spot_summary&file=spot_summary_2016.csv
2016-08-20,jepx-spread-range-kansai,kansai,3.92,https://www.jepx.jp/_download.php?dir=spot_summary&file=spot_summary_2016.csv
2016-08-21,jepx-spread-range-kansai,kansai,6.619999999999999,https://www.jepx.jp/_download.php?dir=spot_summary&file=spot_summary_2016.csv
2016-08-22,jepx-spread-range-kansai,kansai,21.85,https://www.jepx.jp/_download.php?dir=spot_summary&file=spot_summary_2016.csv
2016-08-23,jepx-spread-range-kansai,kansai,14.76,https://www.jepx.jp/_download.php?dir=spot_summary&file=spot_summary_2016.csv
2016-08-24,jepx-spread-range-kansai,kansai,14.55,https://www.jepx.jp/_download.php?dir=spot_summary&file=spot_summary_2016.csv
2016-08-25,jepx-spread-range-kansai,kansai,10.7,https://www.jepx.jp/_download.php?dir=spot_summary&file=spot_summary_2016.csv
2016-08-26,jepx-spread-range-kansai,kansai,14.53,https://www.jepx.jp/_download.php?dir=spot_summary&file=spot_summary_2016.csv
2016-08-27,jepx-spread-range-kansai,kansai,4.929999999999999,https://www.jepx.jp/_download.php?dir=spot_summary&file=spot_summary_2016.csv
2016-08-28,jepx-spread-range-kansai,kansai,2.03,https://www.jepx.jp/_download.php?dir=spot_summary&file=spot_summary_2016.csv
2016-08-29,jepx-spread-range-kansai,kansai,10.26,https://www.jepx.jp/_download.php?dir=spot_summary&file=spot_summary_2016.csv
2016-08-30,jepx-spread-range-kansai,kansai,6.21,https://www.jepx.jp/_download.php?dir=spot_summary&file=spot_summary_2016.csv
2016-08-31,jepx-spread-range-kansai,kansai,9.88,https://www.jepx.jp/_download.php?dir=spot_summary&file=spot_summary_2016.csv
2016-09-01,jepx-spread-range-kansai,kansai,11.1,https://www.jepx.jp/_download.php?dir=spot_summary&file=spot_summary_2016.csv
2016-09-02,jepx-spread-range-kansai,kansai,10.07,https://www.jepx.jp/_download.php?dir=spot_summary&file=spot_summary_2016.csv
2016-09-03,jepx-spread-range-kansai,kansai,3.64,https://www.jepx.jp/_download.php?dir=spot_summary&file=spot_summary_2016.csv
2016-09-04,jepx-spread-range-kansai,kansai,4.7700000000000005,https://www.jepx.jp/_download.php?dir=spot_summary&file=spot_summary_2016.csv
2016-09-05,jepx-spread-range-kansai,kansai,11.68,https://www.jepx.jp/_download.php?dir=spot_summary&file=spot_summary_2016.csv
2016-09-06,jepx-spread-range-kansai,kansai,10.329999999999998,https://www.jepx.jp/_download.php?dir=spot_summary&file=spot_summary_2016.csv
2016-09-07,jepx-spread-range-kansai,kansai,9.93,https://www.jepx.jp/_download.php?dir=spot_summary&file=spot_summary_2016.csv
2016-09-08,jepx-spread-range-kansai,kansai,14.71,https://www.jepx.jp/_download.php?dir=spot_summary&file=spot_summary_2016.csv
2016-09-09,jepx-spread-range-kansai,kansai,9.8,https://www.jepx.jp/_download.php?dir=spot_summary&file=spot_summary_2016.csv
2016-09-10,jepx-spread-range-kansai,kansai,3.3999999999999995,https://www.jepx.jp/_download.php?dir=spot_summary&file=spot_summary_2016.csv
2016-09-11,jepx-spread-range-kansai,kansai,2.12,https://www.jepx.jp/_download.php?dir=spot_summary&file=spot_summary_2016.csv
2016-09-12,jepx-spread-range-kansai,kansai,11.43,https://www.jepx.jp/_download.php?dir=spot_summary&file=spot_summary_2016.csv
2016-09-13,jepx-spread-range-kansai,kansai,14.97,https://www.jepx.jp/_download.php?dir=spot_summary&file=spot_summary_2016.csv
2016-09-14,jepx-spread-range-kansai,kansai,10.97,https://www.jepx.jp/_download.php?dir=spot_summary&file=spot_summary_2016.csv
2016-09-15,jepx-spread-range-kansai,kansai,12.43,https://www.jepx.jp/_download.php?dir=spot_summary&file=spot_summary_2016.csv
2016-09-16,jepx-spread-range-kansai,kansai,15.07,https://www.jepx.jp/_download.php?dir=spot_summary&file=spot_summary_2016.csv
2016-09-17,jepx-spread-range-kansai,kansai,5.01,https://www.jepx.jp/_download.php?dir=spot_summary&file=spot_summary_2016.csv
2016-09-18,jepx-spread-range-kansai,kansai,2.01,https://www.jepx.jp/_download.php?dir=spot_summary&file=spot_summary_2016.csv
2016-09-19,jepx-spread-range-kansai,kansai,4.95,https://www.jepx.jp/_download.php?dir=spot_summary&file=spot_summary_2016.csv
2016-09-20,jepx-spread-range-kansai,kansai,11.16,https://www.jepx.jp/_download.php?dir=spot_summary&file=spot_summary_2016.csv
2016-09-21,jepx-spread-range-kansai,kansai,7.59,https://www.jepx.jp/_download.php?dir=spot_summary&file=spot_summary_2016.csv
2016-09-22,jepx-spread-range-kansai,kansai,4.48,https://www.jepx.jp/_download.php?dir=spot_summary&file=spot_summary_2016.csv
2016-09-23,jepx-spread-range-kansai,kansai,7.25,https://www.jepx.jp/_download.php?dir=spot_summary&file=spot_summary_2016.csv
2016-09-24,jepx-spread-range-kansai,kansai,3.42,https://www.jepx.jp/_download.php?dir=spot_summary&file=spot_summary_2016.csv
2016-09-25,jepx-spread-range-kansai,kansai,3.89,https://www.jepx.jp/_download.php?dir=spot_summary&file=spot_summary_2016.csv
2016-09-26,jepx-spread-range-kansai,kansai,8.77,https://www.jepx.jp/_download.php?dir=spot_summary&file=spot_summary_2016.csv
2016-09-27,jepx-spread-range-kansai,kansai,11.1,https://www.jepx.jp/_download.php?dir=spot_summary&file=spot_summary_2016.csv
2016-09-28,jepx-spread-range-kansai,kansai,7.27,https://www.jepx.jp/_download.php?dir=spot_summary&file=spot_summary_2016.csv
2016-09-29,jepx-spread-range-kansai,kansai,5.659999999999999,https://www.jepx.jp/_download.php?dir=spot_summary&file=spot_summary_2016.csv
2016-09-30,jepx-spread-range-kansai,kansai,5.859999999999999,https://www.jepx.jp/_download.php?dir=spot_summary&file=spot_summary_2016.csv
2016-10-01,jepx-spread-range-kansai,kansai,3.98,https://www.jepx.jp/_download.php?dir=spot_summary&file=spot_summary_2016.csv
2016-10-02,jepx-spread-range-kansai,kansai,5.4,https://www.jepx.jp/_download.php?dir=spot_summary&file=spot_summary_2016.csv
2016-10-03,jepx-spread-range-kansai,kansai,8.83,https://www.jepx.jp/_download.php?dir=spot_summary&file=spot_summary_2016.csv
2016-10-04,jepx-spread-range-kansai,kansai,11.68,https://www.jepx.jp/_download.php?dir=spot_summary&file=spot_summary_2016.csv
2016-10-05,jepx-spread-range-kansai,kansai,10.22,https://www.jepx.jp/_download.php?dir=spot_summary&file=spot_summary_2016.csv
2016-10-06,jepx-spread-range-kansai,kansai,9.73,https://www.jepx.jp/_download.php?dir=spot_summary&file=spot_summary_2016.csv
2016-10-07,jepx-spread-range-kansai,kansai,5.17,https://www.jepx.jp/_download.php?dir=spot_summary&file=spot_summary_2016.csv
2016-10-08,jepx-spread-range-kansai,kansai,5.48,https://www.jepx.jp/_download.php?dir=spot_summary&file=spot_summary_2016.csv
2016-10-09,jepx-spread-range-kansai,kansai,6.090000000000001,https://www.jepx.jp/_download.php?dir=spot_summary&file=spot_summary_2016.csv
2016-10-10,jepx-spread-range-kansai,kansai,5.410000000000001,https://www.jepx.jp/_download.php?dir=spot_summary&file=spot_summary_2016.csv
2016-10-11,jepx-spread-range-kansai,kansai,6.73,https://www.jepx.jp/_download.php?dir=spot_summary&file=spot_summary_2016.csv
2016-10-12,jepx-spread-range-kansai,kansai,6.290000000000001,https://www.jepx.jp/_download.php?dir=spot_summary&file=spot_summary_2016.csv
2016-10-13,jepx-spread-range-kansai,kansai,6.220000000000001,https://www.jepx.jp/_download.php?dir=spot_summary&file=spot_summary_2016.csv
2016-10-14,jepx-spread-range-kansai,kansai,6.220000000000001,https://www.jepx.jp/_download.php?dir=spot_summary&file=spot_summary_2016.csv
2016-10-15,jepx-spread-range-kansai,kansai,2.71,https://www.jepx.jp/_download.php?dir=spot_summary&file=spot_summary_2016.csv
2016-10-16,jepx-spread-range-kansai,kansai,4.78,https://www.jepx.jp/_download.php?dir=spot_summary&file=spot_summary_2016.csv
2016-10-17,jepx-spread-range-kansai,kansai,6.66,https://www.jepx.jp/_download.php?dir=spot_summary&file=spot_summary_2016.csv
2016-10-18,jepx-spread-range-kansai,kansai,7.24,https://www.jepx.jp/_download.php?dir=spot_summary&file=spot_summary_2016.csv
2016-10-19,jepx-spread-range-kansai,kansai,6.7700000000000005,https://www.jepx.jp/_download.php?dir=spot_summary&file=spot_summary_2016.csv
2016-10-20,jepx-spread-range-kansai,kansai,6.500000000000001,https://www.jepx.jp/_download.php?dir=spot_summary&file=spot_summary_2016.csv
2016-10-21,jepx-spread-range-kansai,kansai,8.04,https://www.jepx.jp/_download.php?dir=spot_summary&file=spot_summary_2016.csv
2016-10-22,jepx-spread-range-kansai,kansai,2.6900000000000004,https://www.jepx.jp/_download.php?dir=spot_summary&file=spot_summary_2016.csv
2016-10-23,jepx-spread-range-kansai,kansai,2.46,https://www.jepx.jp/_download.php?dir=spot_summary&file=spot_summary_2016.csv
2016-10-24,jepx-spread-range-kansai,kansai,5.39,https://www.jepx.jp/_download.php?dir=spot_summary&file=spot_summary_2016.csv
2016-10-25,jepx-spread-range-kansai,kansai,7.2,https://www.jepx.jp/_download.php?dir=spot_summary&file=spot_summary_2016.csv
2016-10-26,jepx-spread-range-kansai,kansai,7.94,https://www.jepx.jp/_download.php?dir=spot_summary&file=spot_summary_2016.csv
2016-10-27,jepx-spread-range-kansai,kansai,6.989999999999999,https://www.jepx.jp/_download.php?dir=spot_summary&file=spot_summary_2016.csv
2016-10-28,jepx-spread-range-kansai,kansai,6.290000000000001,https://www.jepx.jp/_download.php?dir=spot_summary&file=spot_summary_2016.csv
2016-10-29,jepx-spread-range-kansai,kansai,2.95,https://www.jepx.jp/_download.php?dir=spot_summary&file=spot_summary_2016.csv
2016-10-30,jepx-spread-range-kansai,kansai,2.7299999999999995,https://www.jepx.jp/_download.php?dir=spot_summary&file=spot_summary_2016.csv
2016-10-31,jepx-spread-range-kansai,kansai,6.31,https://www.jepx.jp/_download.php?dir=spot_summary&file=spot_summary_2016.csv
2016-11-01,jepx-spread-range-kansai,kansai,7.160000000000001,https://www.jepx.jp/_download.php?dir=spot_summary&file=spot_summary_2016.csv
2016-11-02,jepx-spread-range-kansai,kansai,8.030000000000001,https://www.jepx.jp/_download.php?dir=spot_summary&file=spot_summary_2016.csv
2016-11-03,jepx-spread-range-kansai,kansai,4.5600000000000005,https://www.jepx.jp/_download.php?dir=spot_summary&file=spot_summary_2016.csv
2016-11-04,jepx-spread-range-kansai,kansai,6.94,https://www.jepx.jp/_download.php?dir=spot_summary&file=spot_summary_2016.csv
2016-11-05,jepx-spread-range-kansai,kansai,5.089999999999999,https://www.jepx.jp/_download.php?dir=spot_summary&file=spot_summary_2016.csv
2016-11-06,jepx-spread-range-kansai,kansai,3.4700000000000006,https://www.jepx.jp/_download.php?dir=spot_summary&file=spot_summary_2016.csv
2016-11-07,jepx-spread-range-kansai,kansai,6.960000000000001,https://www.jepx.jp/_download.php?dir=spot_summary&file=spot_summary_2016.csv
2016-11-08,jepx-spread-range-kansai,kansai,5.120000000000001,https://www.jepx.jp/_download.php?dir=spot_summary&file=spot_summary_2016.csv
2016-11-09,jepx-spread-range-kansai,kansai,6.94,https://www.jepx.jp/_download.php?dir=spot_summary&file=spot_summary_2016.csv
2016-11-10,jepx-spread-range-kansai,kansai,8.17,https://www.jepx.jp/_download.php?dir=spot_summary&file=spot_summary_2016.csv
2016-11-11,jepx-spread-range-kansai,kansai,5.94,https://www.jepx.jp/_download.php?dir=spot_summary&file=spot_summary_2016.csv
2016-11-12,jepx-spread-range-kansai,kansai,5.26,https://www.jepx.jp/_download.php?dir=spot_summary&file=spot_summary_2016.csv
2016-11-13,jepx-spread-range-kansai,kansai,3.789999999999999,https://www.jepx.jp/_download.php?dir=spot_summary&file=spot_summary_2016.csv
2016-11-14,jepx-spread-range-kansai,kansai,6.18,https://www.jepx.jp/_download.php?dir=spot_summary&file=spot_summary_2016.csv
2016-11-15,jepx-spread-range-kansai,kansai,6.1000000000000005,https://www.jepx.jp/_download.php?dir=spot_summary&file=spot_summary_2016.csv
2016-11-16,jepx-spread-range-kansai,kansai,13.61,https://www.jepx.jp/_download.php?dir=spot_summary&file=spot_summary_2016.csv
2016-11-17,jepx-spread-range-kansai,kansai,8.370000000000001,https://www.jepx.jp/_download.php?dir=spot_summary&file=spot_summary_2016.csv
2016-11-18,jepx-spread-range-kansai,kansai,8.35,https://www.jepx.jp/_download.php?dir=spot_summary&file=spot_summary_2016.csv
2016-11-19,jepx-spread-range-kansai,kansai,5.35,https://www.jepx.jp/_download.php?dir=spot_summary&file=spot_summary_2016.csv
2016-11-20,jepx-spread-range-kansai,kansai,2.9800000000000004,https://www.jepx.jp/_download.php?dir=spot_summary&file=spot_summary_2016.csv
2016-11-21,jepx-spread-range-kansai,kansai,6.630000000000001,https://www.jepx.jp/_download.php?dir=spot_summary&file=spot_summary_2016.csv
2016-11-22,jepx-spread-range-kansai,kansai,5.44,https://www.jepx.jp/_download.php?dir=spot_summary&file=spot_summary_2016.csv
2016-11-23,jepx-spread-range-kansai,kansai,6.290000000000001,https://www.jepx.jp/_download.php?dir=spot_summary&file=spot_summary_2016.csv
2016-11-24,jepx-spread-range-kansai,kansai,8.35,https://www.jepx.jp/_download.php?dir=spot_summary&file=spot_summary_2016.csv
2016-11-25,jepx-spread-range-kansai,kansai,7.779999999999999,https://www.jepx.jp/_download.php?dir=spot_summary&file=spot_summary_2016.csv
2016-11-26,jepx-spread-range-kansai,kansai,4.990000000000001,https://www.jepx.jp/_download.php?dir=spot_summary&file=spot_summary_2016.csv
2016-11-27,jepx-spread-range-kansai,kansai,6.659999999999999,https://www.jepx.jp/_download.php?dir=spot_summary&file=spot_summary_2016.csv
2016-11-28,jepx-spread-range-kansai,kansai,12.28,https://www.jepx.jp/_download.php?dir=spot_summary&file=spot_summary_2016.csv
2016-11-29,jepx-spread-range-kansai,kansai,8.5,https://www.jepx.jp/_download.php?dir=spot_summary&file=spot_summary_2016.csv
2016-11-30,jepx-spread-range-kansai,kansai,12.11,https://www.jepx.jp/_download.php?dir=spot_summary&file=spot_summary_2016.csv
2016-12-01,jepx-spread-range-kansai,kansai,9.01,https://www.jepx.jp/_download.php?dir=spot_summary&file=spot_summary_2016.csv
2016-12-02,jepx-spread-range-kansai,kansai,14.02,https://www.jepx.jp/_download.php?dir=spot_summary&file=spot_summary_2016.csv
2016-12-03,jepx-spread-range-kansai,kansai,4.959999999999999,https://www.jepx.jp/_download.php?dir=spot_summary&file=spot_summary_2016.csv
2016-12-04,jepx-spread-range-kansai,kansai,4.369999999999999,https://www.jepx.jp/_download.php?dir=spot_summary&file=spot_summary_2016.csv
2016-12-05,jepx-spread-range-kansai,kansai,6.580000000000001,https://www.jepx.jp/_download.php?dir=spot_summary&file=spot_summary_2016.csv
2016-12-06,jepx-spread-range-kansai,kansai,8.08,https://www.jepx.jp/_download.php?dir=spot_summary&file=spot_summary_2016.csv
2016-12-07,jepx-spread-range-kansai,kansai,12.06,https://www.jepx.jp/_download.php?dir=spot_summary&file=spot_summary_2016.csv
2016-12-08,jepx-spread-range-kansai,kansai,8.85,https://www.jepx.jp/_download.php?dir=spot_summary&file=spot_summary_2016.csv
2016-12-09,jepx-spread-range-kansai,kansai,6.359999999999999,https://www.jepx.jp/_download.php?dir=spot_summary&file=spot_summary_2016.csv
2016-12-10,jepx-spread-range-kansai,kansai,4.15,https://www.jepx.jp/_download.php?dir=spot_summary&file=spot_summary_2016.csv
2016-12-11,jepx-spread-range-kansai,kansai,4.3,https://www.jepx.jp/_download.php?dir=spot_summary&file=spot_summary_2016.csv
2016-12-12,jepx-spread-range-kansai,kansai,5.869999999999999,https://www.jepx.jp/_download.php?dir=spot_summary&file=spot_summary_2016.csv
2016-12-13,jepx-spread-range-kansai,kansai,9.02,https://www.jepx.jp/_download.php?dir=spot_summary&file=spot_summary_2016.csv
2016-12-14,jepx-spread-range-kansai,kansai,7.199999999999999,https://www.jepx.jp/_download.php?dir=spot_summary&file=spot_summary_2016.csv
2016-12-15,jepx-spread-range-kansai,kansai,12.43,https://www.jepx.jp/_download.php?dir=spot_summary&file=spot_summary_2016.csv
2016-12-16,jepx-spread-range-kansai,kansai,9.73,https://www.jepx.jp/_download.php?dir=spot_summary&file=spot_summary_2016.csv
2016-12-17,jepx-spread-range-kansai,kansai,4.859999999999999,https://www.jepx.jp/_download.php?dir=spot_summary&file=spot_summary_2016.csv
2016-12-18,jepx-spread-range-kansai,kansai,4.830000000000001,https://www.jepx.jp/_download.php?dir=spot_summary&file=spot_summary_2016.csv
2016-12-19,jepx-spread-range-kansai,kansai,10.09,https://www.jepx.jp/_download.php?dir=spot_summary&file=spot_summary_2016.csv
2016-12-20,jepx-spread-range-kansai,kansai,8.379999999999999,https://www.jepx.jp/_download.php?dir=spot_summary&file=spot_summary_2016.csv
2016-12-21,jepx-spread-range-kansai,kansai,6.5600000000000005,https://www.jepx.jp/_download.php?dir=spot_summary&file=spot_summary_2016.csv
2016-12-22,jepx-spread-range-kansai,kansai,5.220000000000001,https://www.jepx.jp/_download.php?dir=spot_summary&file=spot_summary_2016.csv
2016-12-23,jepx-spread-range-kansai,kansai,3.4399999999999995,https://www.jepx.jp/_download.php?dir=spot_summary&file=spot_summary_2016.csv
2016-12-24,jepx-spread-range-kansai,kansai,5.199999999999999,https://www.jepx.jp/_download.php?dir=spot_summary&file=spot_summary_2016.csv
2016-12-25,jepx-spread-range-kansai,kansai,4.93,https://www.jepx.jp/_download.php?dir=spot_summary&file=spot_summary_2016.csv
2016-12-26,jepx-spread-range-kansai,kansai,9.32,https://www.jepx.jp/_download.php?dir=spot_summary&file=spot_summary_2016.csv
2016-12-27,jepx-spread-range-kansai,kansai,5.050000000000001,https://www.jepx.jp/_download.php?dir=spot_summary&file=spot_summary_2016.csv
2016-12-28,jepx-spread-range-kansai,kansai,9.25,https://www.jepx.jp/_download.php?dir=spot_summary&file=spot_summary_2016.csv
2016-12-29,jepx-spread-range-kansai,kansai,3.41,https://www.jepx.jp/_download.php?dir=spot_summary&file=spot_summary_2016.csv
2016-12-30,jepx-spread-range-kansai,kansai,5.510000000000001,https://www.jepx.jp/_download.php?dir=spot_summary&file=spot_summary_2016.csv
2016-12-31,jepx-spread-range-kansai,kansai,3.579999999999999,https://www.jepx.jp/_download.php?dir=spot_summary&file=spot_summary_2016.csv
2017-01-01,jepx-spread-range-kansai,kansai,3.0699999999999994,https://www.jepx.jp/_download.php?dir=spot_summary&file=spot_summary_2016.csv
2017-01-02,jepx-spread-range-kansai,kansai,1.0700000000000005,https://www.jepx.jp/_download.php?dir=spot_summary&file=spot_summary_2016.csv
2017-01-03,jepx-spread-range-kansai,kansai,2.8500000000000005,https://www.jepx.jp/_download.php?dir=spot_summary&file=spot_summary_2016.csv
2017-01-04,jepx-spread-range-kansai,kansai,3.83,https://www.jepx.jp/_download.php?dir=spot_summary&file=spot_summary_2016.csv
2017-01-05,jepx-spread-range-kansai,kansai,7.97,https://www.jepx.jp/_download.php?dir=spot_summary&file=spot_summary_2016.csv
2017-01-06,jepx-spread-range-kansai,kansai,5.72,https://www.jepx.jp/_download.php?dir=spot_summary&file=spot_summary_2016.csv
2017-01-07,jepx-spread-range-kansai,kansai,6.07,https://www.jepx.jp/_download.php?dir=spot_summary&file=spot_summary_2016.csv
2017-01-08,jepx-spread-range-kansai,kansai,5.169999999999999,https://www.jepx.jp/_download.php?dir=spot_summary&file=spot_summary_2016.csv
2017-01-09,jepx-spread-range-kansai,kansai,5.69,https://www.jepx.jp/_download.php?dir=spot_summary&file=spot_summary_2016.csv
2017-01-10,jepx-spread-range-kansai,kansai,9.44,https://www.jepx.jp/_download.php?dir=spot_summary&file=spot_summary_2016.csv
2017-01-11,jepx-spread-range-kansai,kansai,9.79,https://www.jepx.jp/_download.php?dir=spot_summary&file=spot_summary_2016.csv
2017-01-12,jepx-spread-range-kansai,kansai,7.75,https://www.jepx.jp/_download.php?dir=spot_summary&file=spot_summary_2016.csv
2017-01-13,jepx-spread-range-kansai,kansai,8.530000000000001,https://www.jepx.jp/_download.php?dir=spot_summary&file=spot_summary_2016.csv
2017-01-14,jepx-spread-range-kansai,kansai,5.6,https://www.jepx.jp/_download.php?dir=spot_summary&file=spot_summary_2016.csv
2017-01-15,jepx-spread-range-kansai,kansai,7.54,https://www.jepx.jp/_download.php?dir=spot_summary&file=spot_summary_2016.csv
2017-01-16,jepx-spread-range-kansai,kansai,15.3,https://www.jepx.jp/_download.php?dir=spot_summary&file=spot_summary_2016.csv
2017-01-17,jepx-spread-range-kansai,kansai,7.220000000000001,https://www.jepx.jp/_download.php?dir=spot_summary&file=spot_summary_2016.csv
2017-01-18,jepx-spread-range-kansai,kansai,7.19,https://www.jepx.jp/_download.php?dir=spot_summary&file=spot_summary_2016.csv
2017-01-19,jepx-spread-range-kansai,kansai,7.36,https://www.jepx.jp/_download.php?dir=spot_summary&file=spot_summary_2016.csv
2017-01-20,jepx-spread-range-kansai,kansai,11.78,https://www.jepx.jp/_download.php?dir=spot_summary&file=spot_summary_2016.csv
2017-01-21,jepx-spread-range-kansai,kansai,4.78,https://www.jepx.jp/_download.php?dir=spot_summary&file=spot_summary_2016.csv
2017-01-22,jepx-spread-range-kansai,kansai,3.869999999999999,https://www.jepx.jp/_download.php?dir=spot_summary&file=spot_summary_2016.csv
2017-01-23,jepx-spread-range-kansai,kansai,11.58,https://www.jepx.jp/_download.php?dir=spot_summary&file=spot_summary_2016.csv
2017-01-24,jepx-spread-range-kansai,kansai,16.14,https://www.jepx.jp/_download.php?dir=spot_summary&file=spot_summary_2016.csv
2017-01-25,jepx-spread-range-kansai,kansai,16.33,https://www.jepx.jp/_download.php?dir=spot_summary&file=spot_summary_2016.csv
2017-01-26,jepx-spread-range-kansai,kansai,17.259999999999998,https://www.jepx.jp/_download.php?dir=spot_summary&file=spot_summary_2016.csv
2017-01-27,jepx-spread-range-kansai,kansai,7.18,https://www.jepx.jp/_download.php?dir=spot_summary&file=spot_summary_2016.csv
2017-01-28,jepx-spread-range-kansai,kansai,4.73,https://www.jepx.jp/_download.php?dir=spot_summary&file=spot_summary_2016.csv
2017-01-29,jepx-spread-range-kansai,kansai,5.249999999999999,https://www.jepx.jp/_download.php?dir=spot_summary&file=spot_summary_2016.csv
2017-01-30,jepx-spread-range-kansai,kansai,12.7,https://www.jepx.jp/_download.php?dir=spot_summary&file=spot_summary_2016.csv
2017-01-31,jepx-spread-range-kansai,kansai,7.28,https://www.jepx.jp/_download.php?dir=spot_summary&file=spot_summary_2016.csv
2017-02-01,jepx-spread-range-kansai,kansai,11.9,https://www.jepx.jp/_download.php?dir=spot_summary&file=spot_summary_2016.csv
2017-02-02,jepx-spread-range-kansai,kansai,7.960000000000001,https://www.jepx.jp/_download.php?dir=spot_summary&file=spot_summary_2016.csv
2017-02-03,jepx-spread-range-kansai,kansai,8.219999999999999,https://www.jepx.jp/_download.php?dir=spot_summary&file=spot_summary_2016.csv
2017-02-04,jepx-spread-range-kansai,kansai,5.37,https://www.jepx.jp/_download.php?dir=spot_summary&file=spot_summary_2016.csv
2017-02-05,jepx-spread-range-kansai,kansai,5.609999999999999,https://www.jepx.jp/_download.php?dir=spot_summary&file=spot_summary_2016.csv
2017-02-06,jepx-spread-range-kansai,kansai,8.190000000000001,https://www.jepx.jp/_download.php?dir=spot_summary&file=spot_summary_2016.csv
2017-02-07,jepx-spread-range-kansai,kansai,7.19,https://www.jepx.jp/_download.php?dir=spot_summary&file=spot_summary_2016.csv
2017-02-08,jepx-spread-range-kansai,kansai,8.3,https://www.jepx.jp/_download.php?dir=spot_summary&file=spot_summary_2016.csv
2017-02-09,jepx-spread-range-kansai,kansai,12.96,https://www.jepx.jp/_download.php?dir=spot_summary&file=spot_summary_2016.csv
2017-02-10,jepx-spread-range-kansai,kansai,12.85,https://www.jepx.jp/_download.php?dir=spot_summary&file=spot_summary_2016.csv
2017-02-11,jepx-spread-range-kansai,kansai,4.77,https://www.jepx.jp/_download.php?dir=spot_summary&file=spot_summary_2016.csv
2017-02-12,jepx-spread-range-kansai,kansai,5.72,https://www.jepx.jp/_download.php?dir=spot_summary&file=spot_summary_2016.csv
2017-02-13,jepx-spread-range-kansai,kansai,8.569999999999999,https://www.jepx.jp/_download.php?dir=spot_summary&file=spot_summary_2016.csv
2017-02-14,jepx-spread-range-kansai,kansai,8.09,https://www.jepx.jp/_download.php?dir=spot_summary&file=spot_summary_2016.csv
2017-02-15,jepx-spread-range-kansai,kansai,6.76,https://www.jepx.jp/_download.php?dir=spot_summary&file=spot_summary_2016.csv
2017-02-16,jepx-spread-range-kansai,kansai,7.13,https://www.jepx.jp/_download.php?dir=spot_summary&file=spot_summary_2016.csv
2017-02-17,jepx-spread-range-kansai,kansai,7.159999999999999,https://www.jepx.jp/_download.php?dir=spot_summary&file=spot_summary_2016.csv
2017-02-18,jepx-spread-range-kansai,kansai,4.24,https://www.jepx.jp/_download.php?dir=spot_summary&file=spot_summary_2016.csv
2017-02-19,jepx-spread-range-kansai,kansai,6.71,https://www.jepx.jp/_download.php?dir=spot_summary&file=spot_summary_2016.csv
2017-02-20,jepx-spread-range-kansai,kansai,12.15,https://www.jepx.jp/_download.php?dir=spot_summary&file=spot_summary_2016.csv
2017-02-21,jepx-spread-range-kansai,kansai,8.29,https://www.jepx.jp/_download.php?dir=spot_summary&file=spot_summary_2016.csv
2017-02-22,jepx-spread-range-kansai,kansai,7.290000000000001,https://www.jepx.jp/_download.php?dir=spot_summary&file=spot_summary_2016.csv
2017-02-23,jepx-spread-range-kansai,kansai,11.510000000000002,https://www.jepx.jp/_download.php?dir=spot_summary&file=spot_summary_2016.csv
2017-02-24,jepx-spread-range-kansai,kansai,7.789999999999999,https://www.jepx.jp/_download.php?dir=spot_summary&file=spot_summary_2016.csv
2017-02-25,jepx-spread-range-kansai,kansai,5.69,https://www.jepx.jp/_download.php?dir=spot_summary&file=spot_summary_2016.csv
2017-02-26,jepx-spread-range-kansai,kansai,6.339999999999999,https://www.jepx.jp/_download.php?dir=spot_summary&file=spot_summary_2016.csv
2017-02-27,jepx-spread-range-kansai,kansai,8.04,https://www.jepx.jp/_download.php?dir=spot_summary&file=spot_summary_2016.csv
2017-02-28,jepx-spread-range-kansai,kansai,5.84,https://www.jepx.jp/_download.php?dir=spot_summary&file=spot_summary_2016.csv
2017-03-01,jepx-spread-range-kansai,kansai,8.35,https://www.jepx.jp/_download.php?dir=spot_summary&file=spot_summary_2016.csv
2017-03-02,jepx-spread-range-kansai,kansai,11.44,https://www.jepx.jp/_download.php?dir=spot_summary&file=spot_summary_2016.csv
2017-03-03,jepx-spread-range-kansai,kansai,8.32,https://www.jepx.jp/_download.php?dir=spot_summary&file=spot_summary_2016.csv
2017-03-04,jepx-spread-range-kansai,kansai,5.18,https://www.jepx.jp/_download.php?dir=spot_summary&file=spot_summary_2016.csv
2017-03-05,jepx-spread-range-kansai,kansai,5.890000000000001,https://www.jepx.jp/_download.php?dir=spot_summary&file=spot_summary_2016.csv
2017-03-06,jepx-spread-range-kansai,kansai,12.869999999999996,https://www.jepx.jp/_download.php?dir=spot_summary&file=spot_summary_2016.csv
2017-03-07,jepx-spread-range-kansai,kansai,7.37,https://www.jepx.jp/_download.php?dir=spot_summary&file=spot_summary_2016.csv
2017-03-08,jepx-spread-range-kansai,kansai,8.32,https://www.jepx.jp/_download.php?dir=spot_summary&file=spot_summary_2016.csv
2017-03-09,jepx-spread-range-kansai,kansai,7.92,https://www.jepx.jp/_download.php?dir=spot_summary&file=spot_summary_2016.csv
2017-03-10,jepx-spread-range-kansai,kansai,7.2,https://www.jepx.jp/_download.php?dir=spot_summary&file=spot_summary_2016.csv
2017-03-11,jepx-spread-range-kansai,kansai,4.86,https://www.jepx.jp/_download.php?dir=spot_summary&file=spot_summary_2016.csv
2017-03-12,jepx-spread-range-kansai,kansai,5.969999999999999,https://www.jepx.jp/_download.php?dir=spot_summary&file=spot_summary_2016.csv
2017-03-13,jepx-spread-range-kansai,kansai,8.8,https://www.jepx.jp/_download.php?dir=spot_summary&file=spot_summary_2016.csv
2017-03-14,jepx-spread-range-kansai,kansai,9.829999999999998,https://www.jepx.jp/_download.php?dir=spot_summary&file=spot_summary_2016.csv
2017-03-15,jepx-spread-range-kansai,kansai,12.63,https://www.jepx.jp/_download.php?dir=spot_summary&file=spot_summary_2016.csv
2017-03-16,jepx-spread-range-kansai,kansai,8.639999999999999,https://www.jepx.jp/_download.php?dir=spot_summary&file=spot_summary_2016.csv
2017-03-17,jepx-spread-range-kansai,kansai,8.489999999999998,https://www.jepx.jp/_download.php?dir=spot_summary&file=spot_summary_2016.csv
2017-03-18,jepx-spread-range-kansai,kansai,6.56,https://www.jepx.jp/_download.php?dir=spot_summary&file=spot_summary_2016.csv
2017-03-19,jepx-spread-range-kansai,kansai,5.38,https://www.jepx.jp/_download.php?dir=spot_summary&file=spot_summary_2016.csv
2017-03-20,jepx-spread-range-kansai,kansai,3.9499999999999993,https://www.jepx.jp/_download.php?dir=spot_summary&file=spot_summary_2016.csv
2017-03-21,jepx-spread-range-kansai,kansai,13.81,https://www.jepx.jp/_download.php?dir=spot_summary&file=spot_summary_2016.csv
2017-03-22,jepx-spread-range-kansai,kansai,7.95,https://www.jepx.jp/_download.php?dir=spot_summary&file=spot_summary_2016.csv
2017-03-23,jepx-spread-range-kansai,kansai,8.39,https://www.jepx.jp/_download.php?dir=spot_summary&file=spot_summary_2016.csv
2017-03-24,jepx-spread-range-kansai,kansai,8.11,https://www.jepx.jp/_download.php?dir=spot_summary&file=spot_summary_2016.csv
2017-03-25,jepx-spread-range-kansai,kansai,4.090000000000001,https://www.jepx.jp/_download.php?dir=spot_summary&file=spot_summary_2016.csv
2017-03-26,jepx-spread-range-kansai,kansai,5.3100000000000005,https://www.jepx.jp/_download.php?dir=spot_summary&file=spot_summary_2016.csv
2017-03-27,jepx-spread-range-kansai,kansai,12.62,https://www.jepx.jp/_download.php?dir=spot_summary&file=spot_summary_2016.csv
2017-03-28,jepx-spread-range-kansai,kansai,7.6,https://www.jepx.jp/_download.php?dir=spot_summary&file=spot_summary_2016.csv
2017-03-29,jepx-spread-range-kansai,kansai,10.84,https://www.jepx.jp/_download.php?dir=spot_summary&file=spot_summary_2016.csv
2017-03-30,jepx-spread-range-kansai,kansai,7.25,https://www.jepx.jp/_download.php?dir=spot_summary&file=spot_summary_2016.csv
2017-03-31,jepx-spread-range-kansai,kansai,10.31,https://www.jepx.jp/_download.php?dir=spot_summary&file=spot_summary_2016.csv
2017-04-01,jepx-spread-range-kansai,kansai,5.2,https://www.jepx.jp/_download.php?dir=spot_summary&file=spot_summary_2017.csv
2017-04-02,jepx-spread-range-kansai,kansai,4.69,https://www.jepx.jp/_download.php?dir=spot_summary&file=spot_summary_2017.csv
2017-04-03,jepx-spread-range-kansai,kansai,9.49,https://www.jepx.jp/_download.php?dir=spot_summary&file=spot_summary_2017.csv
2017-04-04,jepx-spread-range-kansai,kansai,7.32,https://www.jepx.jp/_download.php?dir=spot_summary&file=spot_summary_2017.csv
2017-04-05,jepx-spread-range-kansai,kansai,6.130000000000001,https://www.jepx.jp/_download.php?dir=spot_summary&file=spot_summary_2017.csv
2017-04-06,jepx-spread-range-kansai,kansai,6.470000000000001,https://www.jepx.jp/_download.php?dir=spot_summary&file=spot_summary_2017.csv
2017-04-07,jepx-spread-range-kansai,kansai,8.190000000000001,https://www.jepx.jp/_download.php?dir=spot_summary&file=spot_summary_2017.csv
2017-04-08,jepx-spread-range-kansai,kansai,6.04,https://www.jepx.jp/_download.php?dir=spot_summary&file=spot_summary_2017.csv
2017-04-09,jepx-spread-range-kansai,kansai,5.98,https://www.jepx.jp/_download.php?dir=spot_summary&file=spot_summary_2017.csv
2017-04-10,jepx-spread-range-kansai,kansai,9.32,https://www.jepx.jp/_download.php?dir=spot_summary&file=spot_summary_2017.csv
2017-04-11,jepx-spread-range-kansai,kansai,12.47,https://www.jepx.jp/_download.php?dir=spot_summary&file=spot_summary_2017.csv
2017-04-12,jepx-spread-range-kansai,kansai,7.32,https://www.jepx.jp/_download.php?dir=spot_summary&file=spot_summary_2017.csv
2017-04-13,jepx-spread-range-kansai,kansai,7.32,https://www.jepx.jp/_download.php?dir=spot_summary&file=spot_summary_2017.csv
2017-04-14,jepx-spread-range-kansai,kansai,7.16,https://www.jepx.jp/_download.php?dir=spot_summary&file=spot_summary_2017.csv
2017-04-15,jepx-spread-range-kansai,kansai,5.5,https://www.jepx.jp/_download.php?dir=spot_summary&file=spot_summary_2017.csv
2017-04-16,jepx-spread-range-kansai,kansai,4.679999999999999,https://www.jepx.jp/_download.php?dir=spot_summary&file=spot_summary_2017.csv
2017-04-17,jepx-spread-range-kansai,kansai,9.02,https://www.jepx.jp/_download.php?dir=spot_summary&file=spot_summary_2017.csv
2017-04-18,jepx-spread-range-kansai,kansai,6.23,https://www.jepx.jp/_download.php?dir=spot_summary&file=spot_summary_2017.csv
2017-04-19,jepx-spread-range-kansai,kansai,5.489999999999999,https://www.jepx.jp/_download.php?dir=spot_summary&file=spot_summary_2017.csv
2017-04-20,jepx-spread-range-kansai,kansai,6.510000000000001,https://www.jepx.jp/_download.php?dir=spot_summary&file=spot_summary_2017.csv
2017-04-21,jepx-spread-range-kansai,kansai,6.079999999999999,https://www.jepx.jp/_download.php?dir=spot_summary&file=spot_summary_2017.csv
2017-04-22,jepx-spread-range-kansai,kansai,3.59,https://www.jepx.jp/_download.php?dir=spot_summary&file=spot_summary_2017.csv
2017-04-23,jepx-spread-range-kansai,kansai,4.679999999999999,https://www.jepx.jp/_download.php?dir=spot_summary&file=spot_summary_2017.csv
2017-04-24,jepx-spread-range-kansai,kansai,4.5600000000000005,https://www.jepx.jp/_download.php?dir=spot_summary&file=spot_summary_2017.csv
2017-04-25,jepx-spread-range-kansai,kansai,4.290000000000001,https://www.jepx.jp/_download.php?dir=spot_summary&file=spot_summary_2017.csv
2017-04-26,jepx-spread-range-kansai,kansai,6.66,https://www.jepx.jp/_download.php?dir=spot_summary&file=spot_summary_2017.csv
2017-04-27,jepx-spread-range-kansai,kansai,3.619999999999999,https://www.jepx.jp/_download.php?dir=spot_summary&file=spot_summary_2017.csv
2017-04-28,jepx-spread-range-kansai,kansai,4.279999999999999,https://www.jepx.jp/_download.php?dir=spot_summary&file=spot_summary_2017.csv
2017-04-29,jepx-spread-range-kansai,kansai,4.550000000000001,https://www.jepx.jp/_download.php?dir=spot_summary&file=spot_summary_2017.csv
2017-04-30,jepx-spread-range-kansai,kansai,2.78,https://www.jepx.jp/_download.php?dir=spot_summary&file=spot_summary_2017.csv
2017-05-01,jepx-spread-range-kansai,kansai,7.130000000000001,https://www.jepx.jp/_download.php?dir=spot_summary&file=spot_summary_2017.csv
2017-05-02,jepx-spread-range-kansai,kansai,4.6,https://www.jepx.jp/_download.php?dir=spot_summary&file=spot_summary_2017.csv
2017-05-03,jepx-spread-range-kansai,kansai,4.53,https://www.jepx.jp/_download.php?dir=spot_summary&file=spot_summary_2017.csv
2017-05-04,jepx-spread-range-kansai,kansai,4.550000000000001,https://www.jepx.jp/_download.php?dir=spot_summary&file=spot_summary_2017.csv
2017-05-05,jepx-spread-range-kansai,kansai,2.29,https://www.jepx.jp/_download.php?dir=spot_summary&file=spot_summary_2017.csv
2017-05-06,jepx-spread-range-kansai,kansai,2.96,https://www.jepx.jp/_download.php?dir=spot_summary&file=spot_summary_2017.csv
2017-05-07,jepx-spread-range-kansai,kansai,4.550000000000001,https://www.jepx.jp/_download.php?dir=spot_summary&file=spot_summary_2017.csv
2017-05-08,jepx-spread-range-kansai,kansai,6.369999999999999,https://www.jepx.jp/_download.php?dir=spot_summary&file=spot_summary_2017.csv
2017-05-09,jepx-spread-range-kansai,kansai,6.199999999999999,https://www.jepx.jp/_download.php?dir=spot_summary&file=spot_summary_2017.csv
2017-05-10,jepx-spread-range-kansai,kansai,4.68,https://www.jepx.jp/_download.php?dir=spot_summary&file=spot_summary_2017.csv
2017-05-11,jepx-spread-range-kansai,kansai,4.51,https://www.jepx.jp/_download.php?dir=spot_summary&file=spot_summary_2017.csv
2017-05-12,jepx-spread-range-kansai,kansai,6.069999999999999,https://www.jepx.jp/_download.php?dir=spot_summary&file=spot_summary_2017.csv
2017-05-13,jepx-spread-range-kansai,kansai,2.29,https://www.jepx.jp/_download.php?dir=spot_summary&file=spot_summary_2017.csv
2017-05-14,jepx-spread-range-kansai,kansai,3.1,https://www.jepx.jp/_download.php?dir=spot_summary&file=spot_summary_2017.csv
2017-05-15,jepx-spread-range-kansai,kansai,6.760000000000001,https://www.jepx.jp/_download.php?dir=spot_summary&file=spot_summary_2017.csv
2017-05-16,jepx-spread-range-kansai,kansai,5.739999999999999,https://www.jepx.jp/_download.php?dir=spot_summary&file=spot_summary_2017.csv
2017-05-17,jepx-spread-range-kansai,kansai,6.290000000000001,https://www.jepx.jp/_download.php?dir=spot_summary&file=spot_summary_2017.csv
2017-05-18,jepx-spread-range-kansai,kansai,4.59,https://www.jepx.jp/_download.php?dir=spot_summary&file=spot_summary_2017.csv
2017-05-19,jepx-spread-range-kansai,kansai,3.959999999999999,https://www.jepx.jp/_download.php?dir=spot_summary&file=spot_summary_2017.csv
2017-05-20,jepx-spread-range-kansai,kansai,3.6599999999999993,https://www.jepx.jp/_download.php?dir=spot_summary&file=spot_summary_2017.csv
2017-05-21,jepx-spread-range-kansai,kansai,4.800000000000001,https://www.jepx.jp/_download.php?dir=spot_summary&file=spot_summary_2017.csv
2017-05-22,jepx-spread-range-kansai,kansai,4.409999999999999,https://www.jepx.jp/_download.php?dir=spot_summary&file=spot_summary_2017.csv
2017-05-23,jepx-spread-range-kansai,kansai,3.9099999999999993,https://www.jepx.jp/_download.php?dir=spot_summary&file=spot_summary_2017.csv
2017-05-24,jepx-spread-range-kansai,kansai,7.53,https://www.jepx.jp/_download.php?dir=spot_summary&file=spot_summary_2017.csv
2017-05-25,jepx-spread-range-kansai,kansai,6.67,https://www.jepx.jp/_download.php?dir=spot_summary&file=spot_summary_2017.csv
2017-05-26,jepx-spread-range-kansai,kansai,4.48,https://www.jepx.jp/_download.php?dir=spot_summary&file=spot_summary_2017.csv
2017-05-27,jepx-spread-range-kansai,kansai,3.629999999999999,https://www.jepx.jp/_download.php?dir=spot_summary&file=spot_summary_2017.csv
2017-05-28,jepx-spread-range-kansai,kansai,6.029999999999999,https://www.jepx.jp/_download.php?dir=spot_summary&file=spot_summary_2017.csv
2017-05-29,jepx-spread-range-kansai,kansai,7.31,https://www.jepx.jp/_download.php?dir=spot_summary&file=spot_summary_2017.csv
2017-05-30,jepx-spread-range-kansai,kansai,6.8,https://www.jepx.jp/_download.php?dir=spot_summary&file=spot_summary_2017.csv
2017-05-31,jepx-spread-range-kansai,kansai,7.09,https://www.jepx.jp/_download.php?dir=spot_summary&file=spot_summary_2017.csv
2017-06-01,jepx-spread-range-kansai,kansai,4.429999999999999,https://www.jepx.jp/_download.php?dir=spot_summary&file=spot_summary_2017.csv
2017-06-02,jepx-spread-range-kansai,kansai,4.35,https://www.jepx.jp/_download.php?dir=spot_summary&file=spot_summary_2017.csv
2017-06-03,jepx-spread-range-kansai,kansai,3.85,https://www.jepx.jp/_download.php?dir=spot_summary&file=spot_summary_2017.csv
2017-06-04,jepx-spread-range-kansai,kansai,5.5200000000000005,https://www.jepx.jp/_download.php?dir=spot_summary&file=spot_summary_2017.csv
2017-06-05,jepx-spread-range-kansai,kansai,5.35,https://www.jepx.jp/_download.php?dir=spot_summary&file=spot_summary_2017.csv
2017-06-06,jepx-spread-range-kansai,kansai,4.489999999999999,https://www.jepx.jp/_download.php?dir=spot_summary&file=spot_summary_2017.csv
2017-06-07,jepx-spread-range-kansai,kansai,5.840000000000001,https://www.jepx.jp/_download.php?dir=spot_summary&file=spot_summary_2017.csv
2017-06-08,jepx-spread-range-kansai,kansai,3.959999999999999,https://www.jepx.jp/_download.php?dir=spot_summary&file=spot_summary_2017.csv
2017-06-09,jepx-spread-range-kansai,kansai,4.48,https://www.jepx.jp/_download.php?dir=spot_summary&file=spot_summary_2017.csv
2017-06-10,jepx-spread-range-kansai,kansai,4.32,https://www.jepx.jp/_download.php?dir=spot_summary&file=spot_summary_2017.csv
2017-06-11,jepx-spread-range-kansai,kansai,3.5200000000000005,https://www.jepx.jp/_download.php?dir=spot_summary&file=spot_summary_2017.csv
2017-06-12,jepx-spread-range-kansai,kansai,5.01,https://www.jepx.jp/_download.php?dir=spot_summary&file=spot_summary_2017.csv
2017-06-13,jepx-spread-range-kansai,kansai,4.489999999999999,https://www.jepx.jp/_download.php?dir=spot_summary&file=spot_summary_2017.csv
2017-06-14,jepx-spread-range-kansai,kansai,3.31,https://www.jepx.jp/_download.php?dir=spot_summary&file=spot_summary_2017.csv
2017-06-15,jepx-spread-range-kansai,kansai,3.92,https://www.jepx.jp/_download.php?dir=spot_summary&file=spot_summary_2017.csv
2017-06-16,jepx-spread-range-kansai,kansai,4.24,https://www.jepx.jp/_download.php?dir=spot_summary&file=spot_summary_2017.csv
2017-06-17,jepx-spread-range-kansai,kansai,3.1800000000000006,https://www.jepx.jp/_download.php?dir=spot_summary&file=spot_summary_2017.csv
2017-06-18,jepx-spread-range-kansai,kansai,4.43,https://www.jepx.jp/_download.php?dir=spot_summary&file=spot_summary_2017.csv
2017-06-19,jepx-spread-range-kansai,kansai,5.04,https://www.jepx.jp/_download.php?dir=spot_summary&file=spot_summary_2017.csv
2017-06-20,jepx-spread-range-kansai,kansai,7.91,https://www.jepx.jp/_download.php?dir=spot_summary&file=spot_summary_2017.csv
2017-06-21,jepx-spread-range-kansai,kansai,6.079999999999999,https://www.jepx.jp/_download.php?dir=spot_summary&file=spot_summary_2017.csv
2017-06-22,jepx-spread-range-kansai,kansai,6.250000000000001,https://www.jepx.jp/_download.php?dir=spot_summary&file=spot_summary_2017.csv
2017-06-23,jepx-spread-range-kansai,kansai,7.410000000000001,https://www.jepx.jp/_download.php?dir=spot_summary&file=spot_summary_2017.csv
2017-06-24,jepx-spread-range-kansai,kansai,5.17,https://www.jepx.jp/_download.php?dir=spot_summary&file=spot_summary_2017.csv
2017-06-25,jepx-spread-range-kansai,kansai,4.989999999999999,https://www.jepx.jp/_download.php?dir=spot_summary&file=spot_summary_2017.csv
2017-06-26,jepx-spread-range-kansai,kansai,7.430000000000001,https://www.jepx.jp/_download.php?dir=spot_summary&file=spot_summary_2017.csv
2017-06-27,jepx-spread-range-kansai,kansai,7.229999999999999,https://www.jepx.jp/_download.php?dir=spot_summary&file=spot_summary_2017.csv
2017-06-28,jepx-spread-range-kansai,kansai,9.329999999999998,https://www.jepx.jp/_download.php?dir=spot_summary&file=spot_summary_2017.csv
2017-06-29,jepx-spread-range-kansai,kansai,6.52,https://www.jepx.jp/_download.php?dir=spot_summary&file=spot_summary_2017.csv
2017-06-30,jepx-spread-range-kansai,kansai,6.11,https://www.jepx.jp/_download.php?dir=spot_summary&file=spot_summary_2017.csv
2017-07-01,jepx-spread-range-kansai,kansai,3.5699999999999994,https://www.jepx.jp/_download.php?dir=spot_summary&file=spot_summary_2017.csv
2017-07-02,jepx-spread-range-kansai,kansai,6.339999999999999,https://www.jepx.jp/_download.php?dir=spot_summary&file=spot_summary_2017.csv
2017-07-03,jepx-spread-range-kansai,kansai,10.1,https://www.jepx.jp/_download.php?dir=spot_summary&file=spot_summary_2017.csv
2017-07-04,jepx-spread-range-kansai,kansai,14.6,https://www.jepx.jp/_download.php?dir=spot_summary&file=spot_summary_2017.csv
2017-07-05,jepx-spread-range-kansai,kansai,18.92,https://www.jepx.jp/_download.php?dir=spot_summary&file=spot_summary_2017.csv
2017-07-06,jepx-spread-range-kansai,kansai,16.369999999999997,https://www.jepx.jp/_download.php?dir=spot_summary&file=spot_summary_2017.csv
2017-07-07,jepx-spread-range-kansai,kansai,16.04,https://www.jepx.jp/_download.php?dir=spot_summary&file=spot_summary_2017.csv
2017-07-08,jepx-spread-range-kansai,kansai,5.58,https://www.jepx.jp/_download.php?dir=spot_summary&file=spot_summary_2017.csv
2017-07-09,jepx-spread-range-kansai,kansai,5.130000000000001,https://www.jepx.jp/_download.php?dir=spot_summary&file=spot_summary_2017.csv
2017-07-10,jepx-spread-range-kansai,kansai,11.0,https://www.jepx.jp/_download.php?dir=spot_summary&file=spot_summary_2017.csv
2017-07-11,jepx-spread-range-kansai,kansai,18.66,https://www.jepx.jp/_download.php?dir=spot_summary&file=spot_summary_2017.csv
2017-07-12,jepx-spread-range-kansai,kansai,18.79,https://www.jepx.jp/_download.php?dir=spot_summary&file=spot_summary_2017.csv
2017-07-13,jepx-spread-range-kansai,kansai,19.52,https://www.jepx.jp/_download.php?dir=spot_summary&file=spot_summary_2017.csv
2017-07-14,jepx-spread-range-kansai,kansai,18.91,https://www.jepx.jp/_download.php?dir=spot_summary&file=spot_summary_2017.csv
2017-07-15,jepx-spread-range-kansai,kansai,7.42,https://www.jepx.jp/_download.php?dir=spot_summary&file=spot_summary_2017.csv
2017-07-16,jepx-spread-range-kansai,kansai,6.02,https://www.jepx.jp/_download.php?dir=spot_summary&file=spot_summary_2017.csv
2017-07-17,jepx-spread-range-kansai,kansai,6.470000000000001,https://www.jepx.jp/_download.php?dir=spot_summary&file=spot_summary_2017.csv
2017-07-18,jepx-spread-range-kansai,kansai,20.06,https://www.jepx.jp/_download.php?dir=spot_summary&file=spot_summary_2017.csv
2017-07-19,jepx-spread-range-kansai,kansai,19.4,https://www.jepx.jp/_download.php?dir=spot_summary&file=spot_summary_2017.csv
2017-07-20,jepx-spread-range-kansai,kansai,23.62,https://www.jepx.jp/_download.php?dir=spot_summary&file=spot_summary_2017.csv
2017-07-21,jepx-spread-range-kansai,kansai,18.52,https://www.jepx.jp/_download.php?dir=spot_summary&file=spot_summary_2017.csv
2017-07-22,jepx-spread-range-kansai,kansai,6.33,https://www.jepx.jp/_download.php?dir=spot_summary&file=spot_summary_2017.csv
2017-07-23,jepx-spread-range-kansai,kansai,5.87,https://www.jepx.jp/_download.php?dir=spot_summary&file=spot_summary_2017.csv
2017-07-24,jepx-spread-range-kansai,kansai,19.38,https://www.jepx.jp/_download.php?dir=spot_summary&file=spot_summary_2017.csv
2017-07-25,jepx-spread-range-kansai,kansai,20.01,https://www.jepx.jp/_download.php?dir=spot_summary&file=spot_summary_2017.csv
2017-07-26,jepx-spread-range-kansai,kansai,17.63,https://www.jepx.jp/_download.php?dir=spot_summary&file=spot_summary_2017.csv
2017-07-27,jepx-spread-range-kansai,kansai,16.46,https://www.jepx.jp/_download.php?dir=spot_summary&file=spot_summary_2017.csv
2017-07-28,jepx-spread-range-kansai,kansai,13.869999999999996,https://www.jepx.jp/_download.php?dir=spot_summary&file=spot_summary_2017.csv
2017-07-29,jepx-spread-range-kansai,kansai,6.09,https://www.jepx.jp/_download.php?dir=spot_summary&file=spot_summary_2017.csv
2017-07-30,jepx-spread-range-kansai,kansai,6.579999999999999,https://www.jepx.jp/_download.php?dir=spot_summary&file=spot_summary_2017.csv
2017-07-31,jepx-spread-range-kansai,kansai,20.12,https://www.jepx.jp/_download.php?dir=spot_summary&file=spot_summary_2017.csv
2017-08-01,jepx-spread-range-kansai,kansai,18.98,https://www.jepx.jp/_download.php?dir=spot_summary&file=spot_summary_2017.csv
2017-08-02,jepx-spread-range-kansai,kansai,13.61,https://www.jepx.jp/_download.php?dir=spot_summary&file=spot_summary_2017.csv
2017-08-03,jepx-spread-range-kansai,kansai,13.92,https://www.jepx.jp/_download.php?dir=spot_summary&file=spot_summary_2017.csv
2017-08-04,jepx-spread-range-kansai,kansai,13.27,https://www.jepx.jp/_download.php?dir=spot_summary&file=spot_summary_2017.csv
2017-08-05,jepx-spread-range-kansai,kansai,5.66,https://www.jepx.jp/_download.php?dir=spot_summary&file=spot_summary_2017.csv
2017-08-06,jepx-spread-range-kansai,kansai,5.11,https://www.jepx.jp/_download.php?dir=spot_summary&file=spot_summary_2017.csv
2017-08-07,jepx-spread-range-kansai,kansai,19.340000000000003,https://www.jepx.jp/_download.php?dir=spot_summary&file=spot_summary_2017.csv
2017-08-08,jepx-spread-range-kansai,kansai,19.93,https://www.jepx.jp/_download.php?dir=spot_summary&file=spot_summary_2017.csv
2017-08-09,jepx-spread-range-kansai,kansai,15.06,https://www.jepx.jp/_download.php?dir=spot_summary&file=spot_summary_2017.csv
2017-08-10,jepx-spread-range-kansai,kansai,20.62,https://www.jepx.jp/_download.php?dir=spot_summary&file=spot_summary_2017.csv
2017-08-11,jepx-spread-range-kansai,kansai,6.25,https://www.jepx.jp/_download.php?dir=spot_summary&file=spot_summary_2017.csv
2017-08-12,jepx-spread-range-kansai,kansai,4.81,https://www.jepx.jp/_download.php?dir=spot_summary&file=spot_summary_2017.csv
2017-08-13,jepx-spread-range-kansai,kansai,6.050000000000001,https://www.jepx.jp/_download.php?dir=spot_summary&file=spot_summary_2017.csv
2017-08-14,jepx-spread-range-kansai,kansai,5.75,https://www.jepx.jp/_download.php?dir=spot_summary&file=spot_summary_2017.csv
2017-08-15,jepx-spread-range-kansai,kansai,5.0200000000000005,https://www.jepx.jp/_download.php?dir=spot_summary&file=spot_summary_2017.csv
2017-08-16,jepx-spread-range-kansai,kansai,6.130000000000001,https://www.jepx.jp/_download.php?dir=spot_summary&file=spot_summary_2017.csv
2017-08-17,jepx-spread-range-kansai,kansai,7.96,https://www.jepx.jp/_download.php?dir=spot_summary&file=spot_summary_2017.csv
2017-08-18,jepx-spread-range-kansai,kansai,7.71,https://www.jepx.jp/_download.php?dir=spot_summary&file=spot_summary_2017.csv
2017-08-19,jepx-spread-range-kansai,kansai,4.760000000000001,https://www.jepx.jp/_download.php?dir=spot_summary&file=spot_summary_2017.csv
2017-08-20,jepx-spread-range-kansai,kansai,5.199999999999999,https://www.jepx.jp/_download.php?dir=spot_summary&file=spot_summary_2017.csv
2017-08-21,jepx-spread-range-kansai,kansai,11.63,https://www.jepx.jp/_download.php?dir=spot_summary&file=spot_summary_2017.csv
2017-08-22,jepx-spread-range-kansai,kansai,13.45,https://www.jepx.jp/_download.php?dir=spot_summary&file=spot_summary_2017.csv
2017-08-23,jepx-spread-range-kansai,kansai,13.92,https://www.jepx.jp/_download.php?dir=spot_summary&file=spot_summary_2017.csv
2017-08-24,jepx-spread-range-kansai,kansai,18.71,https://www.jepx.jp/_download.php?dir=spot_summary&file=spot_summary_2017.csv
2017-08-25,jepx-spread-range-kansai,kansai,20.56,https://www.jepx.jp/_download.php?dir=spot_summary&file=spot_summary_2017.csv
2017-08-26,jepx-spread-range-kansai,kansai,6.0200000000000005,https://www.jepx.jp/_download.php?dir=spot_summary&file=spot_summary_2017.csv
2017-08-27,jepx-spread-range-kansai,kansai,4.619999999999999,https://www.jepx.jp/_download.php?dir=spot_summary&file=spot_summary_2017.csv
2017-08-28,jepx-spread-range-kansai,kansai,15.06,https://www.jepx.jp/_download.php?dir=spot_summary&file=spot_summary_2017.csv
2017-08-29,jepx-spread-range-kansai,kansai,17.61,https://www.jepx.jp/_download.php?dir=spot_summary&file=spot_summary_2017.csv
2017-08-30,jepx-spread-range-kansai,kansai,15.12,https://www.jepx.jp/_download.php?dir=spot_summary&file=spot_summary_2017.csv
2017-08-31,jepx-spread-range-kansai,kansai,7.38,https://www.jepx.jp/_download.php?dir=spot_summary&file=spot_summary_2017.csv
2017-09-01,jepx-spread-range-kansai,kansai,8.780000000000001,https://www.jepx.jp/_download.php?dir=spot_summary&file=spot_summary_2017.csv
2017-09-02,jepx-spread-range-kansai,kansai,4.51,https://www.jepx.jp/_download.php?dir=spot_summary&file=spot_summary_2017.csv
2017-09-03,jepx-spread-range-kansai,kansai,4.620000000000001,https://www.jepx.jp/_download.php?dir=spot_summary&file=spot_summary_2017.csv
2017-09-04,jepx-spread-range-kansai,kansai,7.939999999999999,https://www.jepx.jp/_download.php?dir=spot_summary&file=spot_summary_2017.csv
2017-09-05,jepx-spread-range-kansai,kansai,7.93,https://www.jepx.jp/_download.php?dir=spot_summary&file=spot_summary_2017.csv
2017-09-06,jepx-spread-range-kansai,kansai,7.46,https://www.jepx.jp/_download.php?dir=spot_summary&file=spot_summary_2017.csv
2017-09-07,jepx-spread-range-kansai,kansai,7.28,https://www.jepx.jp/_download.php?dir=spot_summary&file=spot_summary_2017.csv
2017-09-08,jepx-spread-range-kansai,kansai,7.73,https://www.jepx.jp/_download.php?dir=spot_summary&file=spot_summary_2017.csv
2017-09-09,jepx-spread-range-kansai,kansai,3.14,https://www.jepx.jp/_download.php?dir=spot_summary&file=spot_summary_2017.csv
2017-09-10,jepx-spread-range-kansai,kansai,3.24,https://www.jepx.jp/_download.php?dir=spot_summary&file=spot_summary_2017.csv
2017-09-11,jepx-spread-range-kansai,kansai,7.7,https://www.jepx.jp/_download.php?dir=spot_summary&file=spot_summary_2017.csv
2017-09-12,jepx-spread-range-kansai,kansai,11.579999999999998,https://www.jepx.jp/_download.php?dir=spot_summary&file=spot_summary_2017.csv
2017-09-13,jepx-spread-range-kansai,kansai,13.41,https://www.jepx.jp/_download.php?dir=spot_summary&file=spot_summary_2017.csv
2017-09-14,jepx-spread-range-kansai,kansai,7.090000000000001,https://www.jepx.jp/_download.php?dir=spot_summary&file=spot_summary_2017.csv
2017-09-15,jepx-spread-range-kansai,kansai,7.52,https://www.jepx.jp/_download.php?dir=spot_summary&file=spot_summary_2017.csv
2017-09-16,jepx-spread-range-kansai,kansai,2.83,https://www.jepx.jp/_download.php?dir=spot_summary&file=spot_summary_2017.csv
2017-09-17,jepx-spread-range-kansai,kansai,2.99,https://www.jepx.jp/_download.php?dir=spot_summary&file=spot_summary_2017.csv
2017-09-18,jepx-spread-range-kansai,kansai,5.73,https://www.jepx.jp/_download.php?dir=spot_summary&file=spot_summary_2017.csv
2017-09-19,jepx-spread-range-kansai,kansai,8.57,https://www.jepx.jp/_download.php?dir=spot_summary&file=spot_summary_2017.csv
2017-09-20,jepx-spread-range-kansai,kansai,8.09,https://www.jepx.jp/_download.php?dir=spot_summary&file=spot_summary_2017.csv
2017-09-21,jepx-spread-range-kansai,kansai,8.09,https://www.jepx.jp/_download.php?dir=spot_summary&file=spot_summary_2017.csv
2017-09-22,jepx-spread-range-kansai,kansai,8.09,https://www.jepx.jp/_download.php?dir=spot_summary&file=spot_summary_2017.csv
2017-09-23,jepx-spread-range-kansai,kansai,2.96,https://www.jepx.jp/_download.php?dir=spot_summary&file=spot_summary_2017.csv
2017-09-24,jepx-spread-range-kansai,kansai,2.6100000000000003,https://www.jepx.jp/_download.php?dir=spot_summary&file=spot_summary_2017.csv
2017-09-25,jepx-spread-range-kansai,kansai,8.03,https://www.jepx.jp/_download.php?dir=spot_summary&file=spot_summary_2017.csv
2017-09-26,jepx-spread-range-kansai,kansai,8.0,https://www.jepx.jp/_download.php?dir=spot_summary&file=spot_summary_2017.csv
2017-09-27,jepx-spread-range-kansai,kansai,7.8,https://www.jepx.jp/_download.php?dir=spot_summary&file=spot_summary_2017.csv
2017-09-28,jepx-spread-range-kansai,kansai,6.87,https://www.jepx.jp/_download.php?dir=spot_summary&file=spot_summary_2017.csv
2017-09-29,jepx-spread-range-kansai,kansai,5.86,https://www.jepx.jp/_download.php?dir=spot_summary&file=spot_summary_2017.csv
2017-09-30,jepx-spread-range-kansai,kansai,4.0200000000000005,https://www.jepx.jp/_download.php?dir=spot_summary&file=spot_summary_2017.csv
2017-10-01,jepx-spread-range-kansai,kansai,3.8,https://www.jepx.jp/_download.php?dir=spot_summary&file=spot_summary_2017.csv
2017-10-02,jepx-spread-range-kansai,kansai,12.85,https://www.jepx.jp/_download.php?dir=spot_summary&file=spot_summary_2017.csv
2017-10-03,jepx-spread-range-kansai,kansai,11.060000000000002,https://www.jepx.jp/_download.php?dir=spot_summary&file=spot_summary_2017.csv
2017-10-04,jepx-spread-range-kansai,kansai,7.56,https://www.jepx.jp/_download.php?dir=spot_summary&file=spot_summary_2017.csv
2017-10-05,jepx-spread-range-kansai,kansai,9.62,https://www.jepx.jp/_download.php?dir=spot_summary&file=spot_summary_2017.csv
2017-10-06,jepx-spread-range-kansai,kansai,9.18,https://www.jepx.jp/_download.php?dir=spot_summary&file=spot_summary_2017.csv
2017-10-07,jepx-spread-range-kansai,kansai,4.88,https://www.jepx.jp/_download.php?dir=spot_summary&file=spot_summary_2017.csv
2017-10-08,jepx-spread-range-kansai,kansai,3.5,https://www.jepx.jp/_download.php?dir=spot_summary&file=spot_summary_2017.csv
2017-10-09,jepx-spread-range-kansai,kansai,7.399999999999999,https://www.jepx.jp/_download.php?dir=spot_summary&file=spot_summary_2017.csv
2017-10-10,jepx-spread-range-kansai,kansai,10.36,https://www.jepx.jp/_download.php?dir=spot_summary&file=spot_summary_2017.csv
2017-10-11,jepx-spread-range-kansai,kansai,10.45,https://www.jepx.jp/_download.php?dir=spot_summary&file=spot_summary_2017.csv
2017-10-12,jepx-spread-range-kansai,kansai,9.46,https://www.jepx.jp/_download.php?dir=spot_summary&file=spot_summary_2017.csv
2017-10-13,jepx-spread-range-kansai,kansai,9.09,https://www.jepx.jp/_download.php?dir=spot_summary&file=spot_summary_2017.csv
2017-10-14,jepx-spread-range-kansai,kansai,4.7700000000000005,https://www.jepx.jp/_download.php?dir=spot_summary&file=spot_summary_2017.csv
2017-10-15,jepx-spread-range-kansai,kansai,3.850000000000001,https://www.jepx.jp/_download.php?dir=spot_summary&file=spot_summary_2017.csv
2017-10-16,jepx-spread-range-kansai,kansai,10.45,https://www.jepx.jp/_download.php?dir=spot_summary&file=spot_summary_2017.csv
2017-10-17,jepx-spread-range-kansai,kansai,9.72,https://www.jepx.jp/_download.php?dir=spot_summary&file=spot_summary_2017.csv
2017-10-18,jepx-spread-range-kansai,kansai,7.969999999999999,https://www.jepx.jp/_download.php?dir=spot_summary&file=spot_summary_2017.csv
2017-10-19,jepx-spread-range-kansai,kansai,7.62,https://www.jepx.jp/_download.php?dir=spot_summary&file=spot_summary_2017.csv
2017-10-20,jepx-spread-range-kansai,kansai,9.080000000000002,https://www.jepx.jp/_download.php?dir=spot_summary&file=spot_summary_2017.csv
2017-10-21,jepx-spread-range-kansai,kansai,3.99,https://www.jepx.jp/_download.php?dir=spot_summary&file=spot_summary_2017.csv
2017-10-22,jepx-spread-range-kansai,kansai,3.210000000000001,https://www.jepx.jp/_download.php?dir=spot_summary&file=spot_summary_2017.csv
2017-10-23,jepx-spread-range-kansai,kansai,8.32,https://www.jepx.jp/_download.php?dir=spot_summary&file=spot_summary_2017.csv
2017-10-24,jepx-spread-range-kansai,kansai,7.92,https://www.jepx.jp/_download.php?dir=spot_summary&file=spot_summary_2017.csv
2017-10-25,jepx-spread-range-kansai,kansai,8.2,https://www.jepx.jp/_download.php?dir=spot_summary&file=spot_summary_2017.csv
2017-10-26,jepx-spread-range-kansai,kansai,4.170000000000001,https://www.jepx.jp/_download.php?dir=spot_summary&file=spot_summary_2017.csv
2017-10-27,jepx-spread-range-kansai,kansai,4.239999999999999,https://www.jepx.jp/_download.php?dir=spot_summary&file=spot_summary_2017.csv
2017-10-28,jepx-spread-range-kansai,kansai,4.76,https://www.jepx.jp/_download.php?dir=spot_summary&file=spot_summary_2017.csv
2017-10-29,jepx-spread-range-kansai,kansai,3.5600000000000005,https://www.jepx.jp/_download.php?dir=spot_summary&file=spot_summary_2017.csv
2017-10-30,jepx-spread-range-kansai,kansai,7.01,https://www.jepx.jp/_download.php?dir=spot_summary&file=spot_summary_2017.csv
2017-10-31,jepx-spread-range-kansai,kansai,6.67,https://www.jepx.jp/_download.php?dir=spot_summary&file=spot_summary_2017.csv
2017-11-01,jepx-spread-range-kansai,kansai,8.4,https://www.jepx.jp/_download.php?dir=spot_summary&file=spot_summary_2017.csv
2017-11-02,jepx-spread-range-kansai,kansai,8.2,https://www.jepx.jp/_download.php?dir=spot_summary&file=spot_summary_2017.csv
2017-11-03,jepx-spread-range-kansai,kansai,4.55,https://www.jepx.jp/_download.php?dir=spot_summary&file=spot_summary_2017.csv
2017-11-04,jepx-spread-range-kansai,kansai,3.65,https://www.jepx.jp/_download.php?dir=spot_summary&file=spot_summary_2017.csv
2017-11-05,jepx-spread-range-kansai,kansai,3.8400000000000007,https://www.jepx.jp/_download.php?dir=spot_summary&file=spot_summary_2017.csv
2017-11-06,jepx-spread-range-kansai,kansai,8.82,https://www.jepx.jp/_download.php?dir=spot_summary&file=spot_summary_2017.csv
2017-11-07,jepx-spread-range-kansai,kansai,9.47,https://www.jepx.jp/_download.php?dir=spot_summary&file=spot_summary_2017.csv
2017-11-08,jepx-spread-range-kansai,kansai,8.309999999999999,https://www.jepx.jp/_download.php?dir=spot_summary&file=spot_summary_2017.csv
2017-11-09,jepx-spread-range-kansai,kansai,7.88,https://www.jepx.jp/_download.php?dir=spot_summary&file=spot_summary_2017.csv
2017-11-10,jepx-spread-range-kansai,kansai,6.179999999999999,https://www.jepx.jp/_download.php?dir=spot_summary&file=spot_summary_2017.csv
2017-11-11,jepx-spread-range-kansai,kansai,3.860000000000001,https://www.jepx.jp/_download.php?dir=spot_summary&file=spot_summary_2017.csv
2017-11-12,jepx-spread-range-kansai,kansai,3.95,https://www.jepx.jp/_download.php?dir=spot_summary&file=spot_summary_2017.csv
2017-11-13,jepx-spread-range-kansai,kansai,11.48,https://www.jepx.jp/_download.php?dir=spot_summary&file=spot_summary_2017.csv
2017-11-14,jepx-spread-range-kansai,kansai,9.69,https://www.jepx.jp/_download.php?dir=spot_summary&file=spot_summary_2017.csv
2017-11-15,jepx-spread-range-kansai,kansai,8.8,https://www.jepx.jp/_download.php?dir=spot_summary&file=spot_summary_2017.csv
2017-11-16,jepx-spread-range-kansai,kansai,13.68,https://www.jepx.jp/_download.php?dir=spot_summary&file=spot_summary_2017.csv
2017-11-17,jepx-spread-range-kansai,kansai,12.28,https://www.jepx.jp/_download.php?dir=spot_summary&file=spot_summary_2017.csv
2017-11-18,jepx-spread-range-kansai,kansai,4.59,https://www.jepx.jp/_download.php?dir=spot_summary&file=spot_summary_2017.csv
2017-11-19,jepx-spread-range-kansai,kansai,3.6,https://www.jepx.jp/_download.php?dir=spot_summary&file=spot_summary_2017.csv
2017-11-20,jepx-spread-range-kansai,kansai,12.93,https://www.jepx.jp/_download.php?dir=spot_summary&file=spot_summary_2017.csv
2017-11-21,jepx-spread-range-kansai,kansai,12.82,https://www.jepx.jp/_download.php?dir=spot_summary&file=spot_summary_2017.csv
2017-11-22,jepx-spread-range-kansai,kansai,14.82,https://www.jepx.jp/_download.php?dir=spot_summary&file=spot_summary_2017.csv
2017-11-23,jepx-spread-range-kansai,kansai,8.21,https://www.jepx.jp/_download.php?dir=spot_summary&file=spot_summary_2017.csv
2017-11-24,jepx-spread-range-kansai,kansai,17.82,https://www.jepx.jp/_download.php?dir=spot_summary&file=spot_summary_2017.csv
2017-11-25,jepx-spread-range-kansai,kansai,8.02,https://www.jepx.jp/_download.php?dir=spot_summary&file=spot_summary_2017.csv
2017-11-26,jepx-spread-range-kansai,kansai,3.619999999999999,https://www.jepx.jp/_download.php?dir=spot_summary&file=spot_summary_2017.csv
2017-11-27,jepx-spread-range-kansai,kansai,9.61,https://www.jepx.jp/_download.php?dir=spot_summary&file=spot_summary_2017.csv
2017-11-28,jepx-spread-range-kansai,kansai,13.42,https://www.jepx.jp/_download.php?dir=spot_summary&file=spot_summary_2017.csv
2017-11-29,jepx-spread-range-kansai,kansai,11.12,https://www.jepx.jp/_download.php?dir=spot_summary&file=spot_summary_2017.csv
2017-11-30,jepx-spread-range-kansai,kansai,13.23,https://www.jepx.jp/_download.php?dir=spot_summary&file=spot_summary_2017.csv
2017-12-01,jepx-spread-range-kansai,kansai,11.21,https://www.jepx.jp/_download.php?dir=spot_summary&file=spot_summary_2017.csv
2017-12-02,jepx-spread-range-kansai,kansai,7.649999999999999,https://www.jepx.jp/_download.php?dir=spot_summary&file=spot_summary_2017.csv
2017-12-03,jepx-spread-range-kansai,kansai,9.38,https://www.jepx.jp/_download.php?dir=spot_summary&file=spot_summary_2017.csv
2017-12-04,jepx-spread-range-kansai,kansai,14.98,https://www.jepx.jp/_download.php?dir=spot_summary&file=spot_summary_2017.csv
2017-12-05,jepx-spread-range-kansai,kansai,13.5,https://www.jepx.jp/_download.php?dir=spot_summary&file=spot_summary_2017.csv
2017-12-06,jepx-spread-range-kansai,kansai,12.419999999999998,https://www.jepx.jp/_download.php?dir=spot_summary&file=spot_summary_2017.csv
2017-12-07,jepx-spread-range-kansai,kansai,12.730000000000002,https://www.jepx.jp/_download.php?dir=spot_summary&file=spot_summary_2017.csv
2017-12-08,jepx-spread-range-kansai,kansai,21.0,https://www.jepx.jp/_download.php?dir=spot_summary&file=spot_summary_2017.csv
2017-12-09,jepx-spread-range-kansai,kansai,11.900000000000002,https://www.jepx.jp/_download.php?dir=spot_summary&file=spot_summary_2017.csv
2017-12-10,jepx-spread-range-kansai,kansai,7.6,https://www.jepx.jp/_download.php?dir=spot_summary&file=spot_summary_2017.csv
2017-12-11,jepx-spread-range-kansai,kansai,23.04,https://www.jepx.jp/_download.php?dir=spot_summary&file=spot_summary_2017.csv
2017-12-12,jepx-spread-range-kansai,kansai,24.78,https://www.jepx.jp/_download.php?dir=spot_summary&file=spot_summary_2017.csv
2017-12-13,jepx-spread-range-kansai,kansai,23.74,https://www.jepx.jp/_download.php?dir=spot_summary&file=spot_summary_2017.csv
2017-12-14,jepx-spread-range-kansai,kansai,21.83,https://www.jepx.jp/_download.php?dir=spot_summary&file=spot_summary_2017.csv
2017-12-15,jepx-spread-range-kansai,kansai,21.9,https://www.jepx.jp/_download.php?dir=spot_summary&file=spot_summary_2017.csv
2017-12-16,jepx-spread-range-kansai,kansai,10.59,https://www.jepx.jp/_download.php?dir=spot_summary&file=spot_summary_2017.csv
2017-12-17,jepx-spread-range-kansai,kansai,6.24,https://www.jepx.jp/_download.php?dir=spot_summary&file=spot_summary_2017.csv
2017-12-18,jepx-spread-range-kansai,kansai,16.97,https://www.jepx.jp/_download.php?dir=spot_summary&file=spot_summary_2017.csv
2017-12-19,jepx-spread-range-kansai,kansai,15.750000000000002,https://www.jepx.jp/_download.php?dir=spot_summary&file=spot_summary_2017.csv
2017-12-20,jepx-spread-range-kansai,kansai,20.87,https://www.jepx.jp/_download.php?dir=spot_summary&file=spot_summary_2017.csv
2017-12-21,jepx-spread-range-kansai,kansai,18.83,https://www.jepx.jp/_download.php?dir=spot_summary&file=spot_summary_2017.csv
2017-12-22,jepx-spread-range-kansai,kansai,17.47,https://www.jepx.jp/_download.php?dir=spot_summary&file=spot_summary_2017.csv
2017-12-23,jepx-spread-range-kansai,kansai,9.44,https://www.jepx.jp/_download.php?dir=spot_summary&file=spot_summary_2017.csv
2017-12-24,jepx-spread-range-kansai,kansai,7.15,https://www.jepx.jp/_download.php?dir=spot_summary&file=spot_summary_2017.csv
2017-12-25,jepx-spread-range-kansai,kansai,17.89,https://www.jepx.jp/_download.php?dir=spot_summary&file=spot_summary_2017.csv
2017-12-26,jepx-spread-range-kansai,kansai,17.15,https://www.jepx.jp/_download.php?dir=spot_summary&file=spot_summary_2017.csv
2017-12-27,jepx-spread-range-kansai,kansai,17.560000000000002,https://www.jepx.jp/_download.php?dir=spot_summary&file=spot_summary_2017.csv
2017-12-28,jepx-spread-range-kansai,kansai,15.59,https://www.jepx.jp/_download.php?dir=spot_summary&file=spot_summary_2017.csv
2017-12-29,jepx-spread-range-kansai,kansai,10.91,https://www.jepx.jp/_download.php?dir=spot_summary&file=spot_summary_2017.csv
2017-12-30,jepx-spread-range-kansai,kansai,10.41,https://www.jepx.jp/_download.php?dir=spot_summary&file=spot_summary_2017.csv
2017-12-31,jepx-spread-range-kansai,kansai,7.09,https://www.jepx.jp/_download.php?dir=spot_summary&file=spot_summary_2017.csv
2018-01-01,jepx-spread-range-kansai,kansai,3.99,https://www.jepx.jp/_download.php?dir=spot_summary&file=spot_summary_2017.csv
2018-01-02,jepx-spread-range-kansai,kansai,9.27,https://www.jepx.jp/_download.php?dir=spot_summary&file=spot_summary_2017.csv
2018-01-03,jepx-spread-range-kansai,kansai,5.500000000000001,https://www.jepx.jp/_download.php?dir=spot_summary&file=spot_summary_2017.csv
2018-01-04,jepx-spread-range-kansai,kansai,7.94,https://www.jepx.jp/_download.php?dir=spot_summary&file=spot_summary_2017.csv
2018-01-05,jepx-spread-range-kansai,kansai,17.23,https://www.jepx.jp/_download.php?dir=spot_summary&file=spot_summary_2017.csv
2018-01-06,jepx-spread-range-kansai,kansai,14.07,https://www.jepx.jp/_download.php?dir=spot_summary&file=spot_summary_2017.csv
2018-01-07,jepx-spread-range-kansai,kansai,7.05,https://www.jepx.jp/_download.php?dir=spot_summary&file=spot_summary_2017.csv
2018-01-08,jepx-spread-range-kansai,kansai,8.780000000000001,https://www.jepx.jp/_download.php?dir=spot_summary&file=spot_summary_2017.csv
2018-01-09,jepx-spread-range-kansai,kansai,16.95,https://www.jepx.jp/_download.php?dir=spot_summary&file=spot_summary_2017.csv
2018-01-10,jepx-spread-range-kansai,kansai,17.0,https://www.jepx.jp/_download.php?dir=spot_summary&file=spot_summary_2017.csv
2018-01-11,jepx-spread-range-kansai,kansai,15.15,https://www.jepx.jp/_download.php?dir=spot_summary&file=spot_summary_2017.csv
2018-01-12,jepx-spread-range-kansai,kansai,25.14,https://www.jepx.jp/_download.php?dir=spot_summary&file=spot_summary_2017.csv
2018-01-13,jepx-spread-range-kansai,kansai,11.52,https://www.jepx.jp/_download.php?dir=spot_summary&file=spot_summary_2017.csv
2018-01-14,jepx-spread-range-kansai,kansai,7.990000000000001,https://www.jepx.jp/_download.php?dir=spot_summary&file=spot_summary_2017.csv
2018-01-15,jepx-spread-range-kansai,kansai,16.880000000000003,https://www.jepx.jp/_download.php?dir=spot_summary&file=spot_summary_2017.csv
2018-01-16,jepx-spread-range-kansai,kansai,15.499999999999998,https://www.jepx.jp/_download.php?dir=spot_summary&file=spot_summary_2017.csv
2018-01-17,jepx-spread-range-kansai,kansai,13.339999999999998,https://www.jepx.jp/_download.php?dir=spot_summary&file=spot_summary_2017.csv
2018-01-18,jepx-spread-range-kansai,kansai,8.040000000000001,https://www.jepx.jp/_download.php?dir=spot_summary&file=spot_summary_2017.csv
2018-01-19,jepx-spread-range-kansai,kansai,8.750000000000002,https://www.jepx.jp/_download.php?dir=spot_summary&file=spot_summary_2017.csv
2018-01-20,jepx-spread-range-kansai,kansai,4.870000000000001,https://www.jepx.jp/_download.php?dir=spot_summary&file=spot_summary_2017.csv
2018-01-21,jepx-spread-range-kansai,kansai,5.840000000000001,https://www.jepx.jp/_download.php?dir=spot_summary&file=spot_summary_2017.csv
2018-01-22,jepx-spread-range-kansai,kansai,18.61,https://www.jepx.jp/_download.php?dir=spot_summary&file=spot_summary_2017.csv
2018-01-23,jepx-spread-range-kansai,kansai,15.1,https://www.jepx.jp/_download.php?dir=spot_summary&file=spot_summary_2017.csv
2018-01-24,jepx-spread-range-kansai,kansai,24.55,https://www.jepx.jp/_download.php?dir=spot_summary&file=spot_summary_2017.csv
2018-01-25,jepx-spread-range-kansai,kansai,24.9,https://www.jepx.jp/_download.php?dir=spot_summary&file=spot_summary_2017.csv
2018-01-26,jepx-spread-range-kansai,kansai,24.95,https://www.jepx.jp/_download.php?dir=spot_summary&file=spot_summary_2017.csv
2018-01-27,jepx-spread-range-kansai,kansai,8.99,https://www.jepx.jp/_download.php?dir=spot_summary&file=spot_summary_2017.csv
2018-01-28,jepx-spread-range-kansai,kansai,4.5600000000000005,https://www.jepx.jp/_download.php?dir=spot_summary&file=spot_summary_2017.csv
2018-01-29,jepx-spread-range-kansai,kansai,13.650000000000002,https://www.jepx.jp/_download.php?dir=spot_summary&file=spot_summary_2017.csv
2018-01-30,jepx-spread-range-kansai,kansai,14.99,https://www.jepx.jp/_download.php?dir=spot_summary&file=spot_summary_2017.csv
2018-01-31,jepx-spread-range-kansai,kansai,19.09,https://www.jepx.jp/_download.php?dir=spot_summary&file=spot_summary_2017.csv
2018-02-01,jepx-spread-range-kansai,kansai,17.130000000000003,https://www.jepx.jp/_download.php?dir=spot_summary&file=spot_summary_2017.csv
2018-02-02,jepx-spread-range-kansai,kansai,19.880000000000003,https://www.jepx.jp/_download.php?dir=spot_summary&file=spot_summary_2017.csv
2018-02-03,jepx-spread-range-kansai,kansai,7.65,https://www.jepx.jp/_download.php?dir=spot_summary&file=spot_summary_2017.csv
2018-02-04,jepx-spread-range-kansai,kansai,7.26,https://www.jepx.jp/_download.php?dir=spot_summary&file=spot_summary_2017.csv
2018-02-05,jepx-spread-range-kansai,kansai,38.82,https://www.jepx.jp/_download.php?dir=spot_summary&file=spot_summary_2017.csv
2018-02-06,jepx-spread-range-kansai,kansai,39.14,https://www.jepx.jp/_download.php?dir=spot_summary&file=spot_summary_2017.csv
2018-02-07,jepx-spread-range-kansai,kansai,39.9,https://www.jepx.jp/_download.php?dir=spot_summary&file=spot_summary_2017.csv
2018-02-08,jepx-spread-range-kansai,kansai,25.76,https://www.jepx.jp/_download.php?dir=spot_summary&file=spot_summary_2017.csv
2018-02-09,jepx-spread-range-kansai,kansai,14.76,https://www.jepx.jp/_download.php?dir=spot_summary&file=spot_summary_2017.csv
2018-02-10,jepx-spread-range-kansai,kansai,8.079999999999998,https://www.jepx.jp/_download.php?dir=spot_summary&file=spot_summary_2017.csv
2018-02-11,jepx-spread-range-kansai,kansai,8.92,https://www.jepx.jp/_download.php?dir=spot_summary&file=spot_summary_2017.csv
2018-02-12,jepx-spread-range-kansai,kansai,9.44,https://www.jepx.jp/_download.php?dir=spot_summary&file=spot_summary_2017.csv
2018-02-13,jepx-spread-range-kansai,kansai,13.99,https://www.jepx.jp/_download.php?dir=spot_summary&file=spot_summary_2017.csv
2018-02-14,jepx-spread-range-kansai,kansai,16.21,https://www.jepx.jp/_download.php?dir=spot_summary&file=spot_summary_2017.csv
2018-02-15,jepx-spread-range-kansai,kansai,15.04,https://www.jepx.jp/_download.php?dir=spot_summary&file=spot_summary_2017.csv
2018-02-16,jepx-spread-range-kansai,kansai,12.03,https://www.jepx.jp/_download.php?dir=spot_summary&file=spot_summary_2017.csv
2018-02-17,jepx-spread-range-kansai,kansai,6.110000000000001,https://www.jepx.jp/_download.php?dir=spot_summary&file=spot_summary_2017.csv
2018-02-18,jepx-spread-range-kansai,kansai,9.12,https://www.jepx.jp/_download.php?dir=spot_summary&file=spot_summary_2017.csv
2018-02-19,jepx-spread-range-kansai,kansai,14.39,https://www.jepx.jp/_download.php?dir=spot_summary&file=spot_summary_2017.csv
2018-02-20,jepx-spread-range-kansai,kansai,10.16,https://www.jepx.jp/_download.php?dir=spot_summary&file=spot_summary_2017.csv
2018-02-21,jepx-spread-range-kansai,kansai,9.41,https://www.jepx.jp/_download.php?dir=spot_summary&file=spot_summary_2017.csv
2018-02-22,jepx-spread-range-kansai,kansai,11.06,https://www.jepx.jp/_download.php?dir=spot_summary&file=spot_summary_2017.csv
2018-02-23,jepx-spread-range-kansai,kansai,12.75,https://www.jepx.jp/_download.php?dir=spot_summary&file=spot_summary_2017.csv
2018-02-24,jepx-spread-range-kansai,kansai,7.029999999999999,https://www.jepx.jp/_download.php?dir=spot_summary&file=spot_summary_2017.csv
2018-02-25,jepx-spread-range-kansai,kansai,5.379999999999999,https://www.jepx.jp/_download.php?dir=spot_summary&file=spot_summary_2017.csv
2018-02-26,jepx-spread-range-kansai,kansai,12.6,https://www.jepx.jp/_download.php?dir=spot_summary&file=spot_summary_2017.csv
2018-02-27,jepx-spread-range-kansai,kansai,10.53,https://www.jepx.jp/_download.php?dir=spot_summary&file=spot_summary_2017.csv
2018-02-28,jepx-spread-range-kansai,kansai,8.9,https://www.jepx.jp/_download.php?dir=spot_summary&file=spot_summary_2017.csv
2018-03-01,jepx-spread-range-kansai,kansai,6.909999999999999,https://www.jepx.jp/_download.php?dir=spot_summary&file=spot_summary_2017.csv
2018-03-02,jepx-spread-range-kansai,kansai,6.159999999999999,https://www.jepx.jp/_download.php?dir=spot_summary&file=spot_summary_2017.csv
2018-03-03,jepx-spread-range-kansai,kansai,5.700000000000001,https://www.jepx.jp/_download.php?dir=spot_summary&file=spot_summary_2017.csv
2018-03-04,jepx-spread-range-kansai,kansai,4.91,https://www.jepx.jp/_download.php?dir=spot_summary&file=spot_summary_2017.csv
2018-03-05,jepx-spread-range-kansai,kansai,7.710000000000001,https://www.jepx.jp/_download.php?dir=spot_summary&file=spot_summary_2017.csv
2018-03-06,jepx-spread-range-kansai,kansai,6.93,https://www.jepx.jp/_download.php?dir=spot_summary&file=spot_summary_2017.csv
2018-03-07,jepx-spread-range-kansai,kansai,8.719999999999999,https://www.jepx.jp/_download.php?dir=spot_summary&file=spot_summary_2017.csv
2018-03-08,jepx-spread-range-kansai,kansai,11.86,https://www.jepx.jp/_download.php?dir=spot_summary&file=spot_summary_2017.csv
2018-03-09,jepx-spread-range-kansai,kansai,12.65,https://www.jepx.jp/_download.php?dir=spot_summary&file=spot_summary_2017.csv
2018-03-10,jepx-spread-range-kansai,kansai,5.249999999999999,https://www.jepx.jp/_download.php?dir=spot_summary&file=spot_summary_2017.csv
2018-03-11,jepx-spread-range-kansai,kansai,6.499999999999999,https://www.jepx.jp/_download.php?dir=spot_summary&file=spot_summary_2017.csv
2018-03-12,jepx-spread-range-kansai,kansai,8.48,https://www.jepx.jp/_download.php?dir=spot_summary&file=spot_summary_2017.csv
2018-03-13,jepx-spread-range-kansai,kansai,6.96,https://www.jepx.jp/_download.php?dir=spot_summary&file=spot_summary_2017.csv
2018-03-14,jepx-spread-range-kansai,kansai,6.239999999999999,https://www.jepx.jp/_download.php?dir=spot_summary&file=spot_summary_2017.csv
2018-03-15,jepx-spread-range-kansai,kansai,5.47,https://www.jepx.jp/_download.php?dir=spot_summary&file=spot_summary_2017.csv
2018-03-16,jepx-spread-range-kansai,kansai,5.579999999999999,https://www.jepx.jp/_download.php?dir=spot_summary&file=spot_summary_2017.csv
2018-03-17,jepx-spread-range-kansai,kansai,6.620000000000001,https://www.jepx.jp/_download.php?dir=spot_summary&file=spot_summary_2017.csv
2018-03-18,jepx-spread-range-kansai,kansai,5.759999999999999,https://www.jepx.jp/_download.php?dir=spot_summary&file=spot_summary_2017.csv
2018-03-19,jepx-spread-range-kansai,kansai,5.8100000000000005,https://www.jepx.jp/_download.php?dir=spot_summary&file=spot_summary_2017.csv
2018-03-20,jepx-spread-range-kansai,kansai,8.82,https://www.jepx.jp/_download.php?dir=spot_summary&file=spot_summary_2017.csv
2018-03-21,jepx-spread-range-kansai,kansai,7.510000000000001,https://www.jepx.jp/_download.php?dir=spot_summary&file=spot_summary_2017.csv
2018-03-22,jepx-spread-range-kansai,kansai,9.19,https://www.jepx.jp/_download.php?dir=spot_summary&file=spot_summary_2017.csv
2018-03-23,jepx-spread-range-kansai,kansai,9.0,https://www.jepx.jp/_download.php?dir=spot_summary&file=spot_summary_2017.csv
2018-03-24,jepx-spread-range-kansai,kansai,5.14,https://www.jepx.jp/_download.php?dir=spot_summary&file=spot_summary_2017.csv
2018-03-25,jepx-spread-range-kansai,kansai,7.289999999999999,https://www.jepx.jp/_download.php?dir=spot_summary&file=spot_summary_2017.csv
2018-03-26,jepx-spread-range-kansai,kansai,4.58,https://www.jepx.jp/_download.php?dir=spot_summary&file=spot_summary_2017.csv
2018-03-27,jepx-spread-range-kansai,kansai,5.359999999999999,https://www.jepx.jp/_download.php?dir=spot_summary&file=spot_summary_2017.csv
2018-03-28,jepx-spread-range-kansai,kansai,5.0,https://www.jepx.jp/_download.php?dir=spot_summary&file=spot_summary_2017.csv
2018-03-29,jepx-spread-range-kansai,kansai,5.19,https://www.jepx.jp/_download.php?dir=spot_summary&file=spot_summary_2017.csv
2018-03-30,jepx-spread-range-kansai,kansai,5.54,https://www.jepx.jp/_download.php?dir=spot_summary&file=spot_summary_2017.csv
2018-03-31,jepx-spread-range-kansai,kansai,5.24,https://www.jepx.jp/_download.php?dir=spot_summary&file=spot_summary_2017.csv
2018-04-01,jepx-spread-range-kansai,kansai,5.73,https://www.jepx.jp/_download.php?dir=spot_summary&file=spot_summary_2018.csv
2018-04-02,jepx-spread-range-kansai,kansai,4.71,https://www.jepx.jp/_download.php?dir=spot_summary&file=spot_summary_2018.csv
2018-04-03,jepx-spread-range-kansai,kansai,5.88,https://www.jepx.jp/_download.php?dir=spot_summary&file=spot_summary_2018.csv
2018-04-04,jepx-spread-range-kansai,kansai,5.1,https://www.jepx.jp/_download.php?dir=spot_summary&file=spot_summary_2018.csv
2018-04-05,jepx-spread-range-kansai,kansai,3.920000000000001,https://www.jepx.jp/_download.php?dir=spot_summary&file=spot_summary_2018.csv
2018-04-06,jepx-spread-range-kansai,kansai,7.119999999999999,https://www.jepx.jp/_download.php?dir=spot_summary&file=spot_summary_2018.csv
2018-04-07,jepx-spread-range-kansai,kansai,5.5200000000000005,https://www.jepx.jp/_download.php?dir=spot_summary&file=spot_summary_2018.csv
2018-04-08,jepx-spread-range-kansai,kansai,6.500000000000001,https://www.jepx.jp/_download.php?dir=spot_summary&file=spot_summary_2018.csv
2018-04-09,jepx-spread-range-kansai,kansai,9.52,https://www.jepx.jp/_download.php?dir=spot_summary&file=spot_summary_2018.csv
2018-04-10,jepx-spread-range-kansai,kansai,9.45,https://www.jepx.jp/_download.php?dir=spot_summary&file=spot_summary_2018.csv
2018-04-11,jepx-spread-range-kansai,kansai,7.58,https://www.jepx.jp/_download.php?dir=spot_summary&file=spot_summary_2018.csv
2018-04-12,jepx-spread-range-kansai,kansai,5.279999999999999,https://www.jepx.jp/_download.php?dir=spot_summary&file=spot_summary_2018.csv
2018-04-13,jepx-spread-range-kansai,kansai,4.69,https://www.jepx.jp/_download.php?dir=spot_summary&file=spot_summary_2018.csv
2018-04-14,jepx-spread-range-kansai,kansai,6.84,https://www.jepx.jp/_download.php?dir=spot_summary&file=spot_summary_2018.csv
2018-04-15,jepx-spread-range-kansai,kansai,4.11,https://www.jepx.jp/_download.php?dir=spot_summary&file=spot_summary_2018.csv
2018-04-16,jepx-spread-range-kansai,kansai,5.279999999999999,https://www.jepx.jp/_download.php?dir=spot_summary&file=spot_summary_2018.csv
2018-04-17,jepx-spread-range-kansai,kansai,7.410000000000001,https://www.jepx.jp/_download.php?dir=spot_summary&file=spot_summary_2018.csv
2018-04-18,jepx-spread-range-kansai,kansai,4.74,https://www.jepx.jp/_download.php?dir=spot_summary&file=spot_summary_2018.csv
2018-04-19,jepx-spread-range-kansai,kansai,5.15,https://www.jepx.jp/_download.php?dir=spot_summary&file=spot_summary_2018.csv
2018-04-20,jepx-spread-range-kansai,kansai,5.640000000000001,https://www.jepx.jp/_download.php?dir=spot_summary&file=spot_summary_2018.csv
2018-04-21,jepx-spread-range-kansai,kansai,4.580000000000001,https://www.jepx.jp/_download.php?dir=spot_summary&file=spot_summary_2018.csv
2018-04-22,jepx-spread-range-kansai,kansai,5.72,https://www.jepx.jp/_download.php?dir=spot_summary&file=spot_summary_2018.csv
2018-04-23,jepx-spread-range-kansai,kansai,4.25,https://www.jepx.jp/_download.php?dir=spot_summary&file=spot_summary_2018.csv
2018-04-24,jepx-spread-range-kansai,kansai,7.319999999999999,https://www.jepx.jp/_download.php?dir=spot_summary&file=spot_summary_2018.csv
2018-04-25,jepx-spread-range-kansai,kansai,3.990000000000001,https://www.jepx.jp/_download.php?dir=spot_summary&file=spot_summary_2018.csv
2018-04-26,jepx-spread-range-kansai,kansai,5.359999999999999,https://www.jepx.jp/_download.php?dir=spot_summary&file=spot_summary_2018.csv
2018-04-27,jepx-spread-range-kansai,kansai,5.369999999999999,https://www.jepx.jp/_download.php?dir=spot_summary&file=spot_summary_2018.csv
2018-04-28,jepx-spread-range-kansai,kansai,5.69,https://www.jepx.jp/_download.php?dir=spot_summary&file=spot_summary_2018.csv
2018-04-29,jepx-spread-range-kansai,kansai,6.3500000000000005,https://www.jepx.jp/_download.php?dir=spot_summary&file=spot_summary_2018.csv
2018-04-30,jepx-spread-range-kansai,kansai,5.54,https://www.jepx.jp/_download.php?dir=spot_summary&file=spot_summary_2018.csv
2018-05-01,jepx-spread-range-kansai,kansai,6.32,https://www.jepx.jp/_download.php?dir=spot_summary&file=spot_summary_2018.csv
2018-05-02,jepx-spread-range-kansai,kansai,8.41,https://www.jepx.jp/_download.php?dir=spot_summary&file=spot_summary_2018.csv
2018-05-03,jepx-spread-range-kansai,kansai,5.989999999999999,https://www.jepx.jp/_download.php?dir=spot_summary&file=spot_summary_2018.csv
2018-05-04,jepx-spread-range-kansai,kansai,5.919999999999999,https://www.jepx.jp/_download.php?dir=spot_summary&file=spot_summary_2018.csv
2018-05-05,jepx-spread-range-kansai,kansai,6.35,https://www.jepx.jp/_download.php?dir=spot_summary&file=spot_summary_2018.csv
2018-05-06,jepx-spread-range-kansai,kansai,5.59,https://www.jepx.jp/_download.php?dir=spot_summary&file=spot_summary_2018.csv
2018-05-07,jepx-spread-range-kansai,kansai,8.43,https://www.jepx.jp/_download.php?dir=spot_summary&file=spot_summary_2018.csv
2018-05-08,jepx-spread-range-kansai,kansai,6.299999999999999,https://www.jepx.jp/_download.php?dir=spot_summary&file=spot_summary_2018.csv
2018-05-09,jepx-spread-range-kansai,kansai,5.35,https://www.jepx.jp/_download.php?dir=spot_summary&file=spot_summary_2018.csv
2018-05-10,jepx-spread-range-kansai,kansai,6.359999999999999,https://www.jepx.jp/_download.php?dir=spot_summary&file=spot_summary_2018.csv
2018-05-11,jepx-spread-range-kansai,kansai,5.709999999999999,https://www.jepx.jp/_download.php?dir=spot_summary&file=spot_summary_2018.csv
2018-05-12,jepx-spread-range-kansai,kansai,5.470000000000001,https://www.jepx.jp/_download.php?dir=spot_summary&file=spot_summary_2018.csv
2018-05-13,jepx-spread-range-kansai,kansai,4.449999999999999,https://www.jepx.jp/_download.php?dir=spot_summary&file=spot_summary_2018.csv
2018-05-14,jepx-spread-range-kansai,kansai,5.529999999999999,https://www.jepx.jp/_download.php?dir=spot_summary&file=spot_summary_2018.csv
2018-05-15,jepx-spread-range-kansai,kansai,5.779999999999999,https://www.jepx.jp/_download.php?dir=spot_summary&file=spot_summary_2018.csv
2018-05-16,jepx-spread-range-kansai,kansai,4.249999999999999,https://www.jepx.jp/_download.php?dir=spot_summary&file=spot_summary_2018.csv
2018-05-17,jepx-spread-range-kansai,kansai,4.15,https://www.jepx.jp/_download.php?dir=spot_summary&file=spot_summary_2018.csv
2018-05-18,jepx-spread-range-kansai,kansai,4.870000000000001,https://www.jepx.jp/_download.php?dir=spot_summary&file=spot_summary_2018.csv
2018-05-19,jepx-spread-range-kansai,kansai,3.33,https://www.jepx.jp/_download.php?dir=spot_summary&file=spot_summary_2018.csv
2018-05-20,jepx-spread-range-kansai,kansai,4.609999999999999,https://www.jepx.jp/_download.php?dir=spot_summary&file=spot_summary_2018.csv
2018-05-21,jepx-spread-range-kansai,kansai,3.91,https://www.jepx.jp/_download.php?dir=spot_summary&file=spot_summary_2018.csv
2018-05-22,jepx-spread-range-kansai,kansai,4.18,https://www.jepx.jp/_download.php?dir=spot_summary&file=spot_summary_2018.csv
2018-05-23,jepx-spread-range-kansai,kansai,7.340000000000001,https://www.jepx.jp/_download.php?dir=spot_summary&file=spot_summary_2018.csv
2018-05-24,jepx-spread-range-kansai,kansai,4.289999999999999,https://www.jepx.jp/_download.php?dir=spot_summary&file=spot_summary_2018.csv
2018-05-25,jepx-spread-range-kansai,kansai,9.239999999999998,https://www.jepx.jp/_download.php?dir=spot_summary&file=spot_summary_2018.csv
2018-05-26,jepx-spread-range-kansai,kansai,3.3200000000000003,https://www.jepx.jp/_download.php?dir=spot_summary&file=spot_summary_2018.csv
2018-05-27,jepx-spread-range-kansai,kansai,5.89,https://www.jepx.jp/_download.php?dir=spot_summary&file=spot_summary_2018.csv
2018-05-28,jepx-spread-range-kansai,kansai,8.190000000000001,https://www.jepx.jp/_download.php?dir=spot_summary&file=spot_summary_2018.csv
2018-05-29,jepx-spread-range-kansai,kansai,4.619999999999999,https://www.jepx.jp/_download.php?dir=spot_summary&file=spot_summary_2018.csv
2018-05-30,jepx-spread-range-kansai,kansai,4.389999999999999,https://www.jepx.jp/_download.php?dir=spot_summary&file=spot_summary_2018.csv
2018-05-31,jepx-spread-range-kansai,kansai,4.51,https://www.jepx.jp/_download.php?dir=spot_summary&file=spot_summary_2018.csv
2018-06-01,jepx-spread-range-kansai,kansai,5.839999999999999,https://www.jepx.jp/_download.php?dir=spot_summary&file=spot_summary_2018.csv
2018-06-02,jepx-spread-range-kansai,kansai,8.68,https://www.jepx.jp/_download.php?dir=spot_summary&file=spot_summary_2018.csv
2018-06-03,jepx-spread-range-kansai,kansai,7.469999999999999,https://www.jepx.jp/_download.php?dir=spot_summary&file=spot_summary_2018.csv
2018-06-04,jepx-spread-range-kansai,kansai,6.390000000000001,https://www.jepx.jp/_download.php?dir=spot_summary&file=spot_summary_2018.csv
2018-06-05,jepx-spread-range-kansai,kansai,6.66,https://www.jepx.jp/_download.php?dir=spot_summary&file=spot_summary_2018.csv
2018-06-06,jepx-spread-range-kansai,kansai,4.25,https://www.jepx.jp/_download.php?dir=spot_summary&file=spot_summary_2018.csv
2018-06-07,jepx-spread-range-kansai,kansai,5.62,https://www.jepx.jp/_download.php?dir=spot_summary&file=spot_summary_2018.csv
2018-06-08,jepx-spread-range-kansai,kansai,4.9,https://www.jepx.jp/_download.php?dir=spot_summary&file=spot_summary_2018.csv
2018-06-09,jepx-spread-range-kansai,kansai,4.650000000000001,https://www.jepx.jp/_download.php?dir=spot_summary&file=spot_summary_2018.csv
2018-06-10,jepx-spread-range-kansai,kansai,3.81,https://www.jepx.jp/_download.php?dir=spot_summary&file=spot_summary_2018.csv
2018-06-11,jepx-spread-range-kansai,kansai,4.580000000000001,https://www.jepx.jp/_download.php?dir=spot_summary&file=spot_summary_2018.csv
2018-06-12,jepx-spread-range-kansai,kansai,4.460000000000001,https://www.jepx.jp/_download.php?dir=spot_summary&file=spot_summary_2018.csv
2018-06-13,jepx-spread-range-kansai,kansai,5.5200000000000005,https://www.jepx.jp/_download.php?dir=spot_summary&file=spot_summary_2018.csv
2018-06-14,jepx-spread-range-kansai,kansai,6.0600000000000005,https://www.jepx.jp/_download.php?dir=spot_summary&file=spot_summary_2018.csv
2018-06-15,jepx-spread-range-kansai,kansai,3.869999999999999,https://www.jepx.jp/_download.php?dir=spot_summary&file=spot_summary_2018.csv
2018-06-16,jepx-spread-range-kansai,kansai,4.81,https://www.jepx.jp/_download.php?dir=spot_summary&file=spot_summary_2018.csv
2018-06-17,jepx-spread-range-kansai,kansai,5.94,https://www.jepx.jp/_download.php?dir=spot_summary&file=spot_summary_2018.csv
2018-06-18,jepx-spread-range-kansai,kansai,4.610000000000001,https://www.jepx.jp/_download.php?dir=spot_summary&file=spot_summary_2018.csv
2018-06-19,jepx-spread-range-kansai,kansai,5.9,https://www.jepx.jp/_download.php?dir=spot_summary&file=spot_summary_2018.csv
2018-06-20,jepx-spread-range-kansai,kansai,4.13,https://www.jepx.jp/_download.php?dir=spot_summary&file=spot_summary_2018.csv
2018-06-21,jepx-spread-range-kansai,kansai,3.53,https://www.jepx.jp/_download.php?dir=spot_summary&file=spot_summary_2018.csv
2018-06-22,jepx-spread-range-kansai,kansai,4.239999999999999,https://www.jepx.jp/_download.php?dir=spot_summary&file=spot_summary_2018.csv
2018-06-23,jepx-spread-range-kansai,kansai,3.94,https://www.jepx.jp/_download.php?dir=spot_summary&file=spot_summary_2018.csv
2018-06-24,jepx-spread-range-kansai,kansai,7.199999999999999,https://www.jepx.jp/_download.php?dir=spot_summary&file=spot_summary_2018.csv
2018-06-25,jepx-spread-range-kansai,kansai,5.67,https://www.jepx.jp/_download.php?dir=spot_summary&file=spot_summary_2018.csv
2018-06-26,jepx-spread-range-kansai,kansai,5.3,https://www.jepx.jp/_download.php?dir=spot_summary&file=spot_summary_2018.csv
2018-06-27,jepx-spread-range-kansai,kansai,7.02,https://www.jepx.jp/_download.php?dir=spot_summary&file=spot_summary_2018.csv
2018-06-28,jepx-spread-range-kansai,kansai,4.950000000000001,https://www.jepx.jp/_download.php?dir=spot_summary&file=spot_summary_2018.csv
2018-06-29,jepx-spread-range-kansai,kansai,5.96,https://www.jepx.jp/_download.php?dir=spot_summary&file=spot_summary_2018.csv
2018-06-30,jepx-spread-range-kansai,kansai,5.840000000000001,https://www.jepx.jp/_download.php?dir=spot_summary&file=spot_summary_2018.csv
2018-07-01,jepx-spread-range-kansai,kansai,5.6,https://www.jepx.jp/_download.php?dir=spot_summary&file=spot_summary_2018.csv
2018-07-02,jepx-spread-range-kansai,kansai,9.46,https://www.jepx.jp/_download.php?dir=spot_summary&file=spot_summary_2018.csv
2018-07-03,jepx-spread-range-kansai,kansai,9.46,https://www.jepx.jp/_download.php?dir=spot_summary&file=spot_summary_2018.csv
2018-07-04,jepx-spread-range-kansai,kansai,7.340000000000001,https://www.jepx.jp/_download.php?dir=spot_summary&file=spot_summary_2018.csv
2018-07-05,jepx-spread-range-kansai,kansai,7.109999999999999,https://www.jepx.jp/_download.php?dir=spot_summary&file=spot_summary_2018.csv
2018-07-06,jepx-spread-range-kansai,kansai,7.229999999999999,https://www.jepx.jp/_download.php?dir=spot_summary&file=spot_summary_2018.csv
2018-07-07,jepx-spread-range-kansai,kansai,4.779999999999999,https://www.jepx.jp/_download.php?dir=spot_summary&file=spot_summary_2018.csv
2018-07-08,jepx-spread-range-kansai,kansai,5.78,https://www.jepx.jp/_download.php?dir=spot_summary&file=spot_summary_2018.csv
2018-07-09,jepx-spread-range-kansai,kansai,8.23,https://www.jepx.jp/_download.php?dir=spot_summary&file=spot_summary_2018.csv
2018-07-10,jepx-spread-range-kansai,kansai,6.71,https://www.jepx.jp/_download.php?dir=spot_summary&file=spot_summary_2018.csv
2018-07-11,jepx-spread-range-kansai,kansai,8.23,https://www.jepx.jp/_download.php?dir=spot_summary&file=spot_summary_2018.csv
2018-07-12,jepx-spread-range-kansai,kansai,7.53,https://www.jepx.jp/_download.php?dir=spot_summary&file=spot_summary_2018.csv
2018-07-13,jepx-spread-range-kansai,kansai,8.49,https://www.jepx.jp/_download.php?dir=spot_summary&file=spot_summary_2018.csv
2018-07-14,jepx-spread-range-kansai,kansai,7.029999999999999,https://www.jepx.jp/_download.php?dir=spot_summary&file=spot_summary_2018.csv
2018-07-15,jepx-spread-range-kansai,kansai,8.11,https://www.jepx.jp/_download.php?dir=spot_summary&file=spot_summary_2018.csv
2018-07-16,jepx-spread-range-kansai,kansai,5.949999999999999,https://www.jepx.jp/_download.php?dir=spot_summary&file=spot_summary_2018.csv
2018-07-17,jepx-spread-range-kansai,kansai,14.4,https://www.jepx.jp/_download.php?dir=spot_summary&file=spot_summary_2018.csv
2018-07-18,jepx-spread-range-kansai,kansai,15.0,https://www.jepx.jp/_download.php?dir=spot_summary&file=spot_summary_2018.csv
2018-07-19,jepx-spread-range-kansai,kansai,20.01,https://www.jepx.jp/_download.php?dir=spot_summary&file=spot_summary_2018.csv
2018-07-20,jepx-spread-range-kansai,kansai,20.32,https://www.jepx.jp/_download.php?dir=spot_summary&file=spot_summary_2018.csv
2018-07-21,jepx-spread-range-kansai,kansai,7.65,https://www.jepx.jp/_download.php?dir=spot_summary&file=spot_summary_2018.csv
2018-07-22,jepx-spread-range-kansai,kansai,7.210000000000001,https://www.jepx.jp/_download.php?dir=spot_summary&file=spot_summary_2018.csv
2018-07-23,jepx-spread-range-kansai,kansai,43.39,https://www.jepx.jp/_download.php?dir=spot_summary&file=spot_summary_2018.csv
2018-07-24,jepx-spread-range-kansai,kansai,91.87,https://www.jepx.jp/_download.php?dir=spot_summary&file=spot_summary_2018.csv
2018-07-25,jepx-spread-range-kansai,kansai,90.13,https://www.jepx.jp/_download.php?dir=spot_summary&file=spot_summary_2018.csv
2018-07-26,jepx-spread-range-kansai,kansai,30.09,https://www.jepx.jp/_download.php?dir=spot_summary&file=spot_summary_2018.csv
2018-07-27,jepx-spread-range-kansai,kansai,21.42,https://www.jepx.jp/_download.php?dir=spot_summary&file=spot_summary_2018.csv
2018-07-28,jepx-spread-range-kansai,kansai,1.9800000000000004,https://www.jepx.jp/_download.php?dir=spot_summary&file=spot_summary_2018.csv
2018-07-29,jepx-spread-range-kansai,kansai,4.529999999999999,https://www.jepx.jp/_download.php?dir=spot_summary&file=spot_summary_2018.csv
2018-07-30,jepx-spread-range-kansai,kansai,8.99,https://www.jepx.jp/_download.php?dir=spot_summary&file=spot_summary_2018.csv
2018-07-31,jepx-spread-range-kansai,kansai,13.08,https://www.jepx.jp/_download.php?dir=spot_summary&file=spot_summary_2018.csv
2018-08-01,jepx-spread-range-kansai,kansai,8.150000000000002,https://www.jepx.jp/_download.php?dir=spot_summary&file=spot_summary_2018.csv
2018-08-02,jepx-spread-range-kansai,kansai,22.54,https://www.jepx.jp/_download.php?dir=spot_summary&file=spot_summary_2018.csv
2018-08-03,jepx-spread-range-kansai,kansai,26.660000000000004,https://www.jepx.jp/_download.php?dir=spot_summary&file=spot_summary_2018.csv
2018-08-04,jepx-spread-range-kansai,kansai,4.790000000000001,https://www.jepx.jp/_download.php?dir=spot_summary&file=spot_summary_2018.csv
2018-08-05,jepx-spread-range-kansai,kansai,8.52,https://www.jepx.jp/_download.php?dir=spot_summary&file=spot_summary_2018.csv
2018-08-06,jepx-spread-range-kansai,kansai,91.38,https://www.jepx.jp/_download.php?dir=spot_summary&file=spot_summary_2018.csv
2018-08-07,jepx-spread-range-kansai,kansai,18.68,https://www.jepx.jp/_download.php?dir=spot_summary&file=spot_summary_2018.csv
2018-08-08,jepx-spread-range-kansai,kansai,25.12,https://www.jepx.jp/_download.php?dir=spot_summary&file=spot_summary_2018.csv
2018-08-09,jepx-spread-range-kansai,kansai,7.449999999999999,https://www.jepx.jp/_download.php?dir=spot_summary&file=spot_summary_2018.csv
2018-08-10,jepx-spread-range-kansai,kansai,10.61,https://www.jepx.jp/_download.php?dir=spot_summary&file=spot_summary_2018.csv
2018-08-11,jepx-spread-range-kansai,kansai,7.92,https://www.jepx.jp/_download.php?dir=spot_summary&file=spot_summary_2018.csv
2018-08-12,jepx-spread-range-kansai,kansai,6.869999999999999,https://www.jepx.jp/_download.php?dir=spot_summary&file=spot_summary_2018.csv
2018-08-13,jepx-spread-range-kansai,kansai,7.23,https://www.jepx.jp/_download.php?dir=spot_summary&file=spot_summary_2018.csv
2018-08-14,jepx-spread-range-kansai,kansai,6.4,https://www.jepx.jp/_download.php?dir=spot_summary&file=spot_summary_2018.csv
2018-08-15,jepx-spread-range-kansai,kansai,5.340000000000001,https://www.jepx.jp/_download.php?dir=spot_summary&file=spot_summary_2018.csv
2018-08-16,jepx-spread-range-kansai,kansai,7.83,https://www.jepx.jp/_download.php?dir=spot_summary&file=spot_summary_2018.csv
2018-08-17,jepx-spread-range-kansai,kansai,6.870000000000001,https://www.jepx.jp/_download.php?dir=spot_summary&file=spot_summary_2018.csv
2018-08-18,jepx-spread-range-kansai,kansai,5.059999999999999,https://www.jepx.jp/_download.php?dir=spot_summary&file=spot_summary_2018.csv
2018-08-19,jepx-spread-range-kansai,kansai,5.19,https://www.jepx.jp/_download.php?dir=spot_summary&file=spot_summary_2018.csv
2018-08-20,jepx-spread-range-kansai,kansai,7.860000000000001,https://www.jepx.jp/_download.php?dir=spot_summary&file=spot_summary_2018.csv
2018-08-21,jepx-spread-range-kansai,kansai,7.25,https://www.jepx.jp/_download.php?dir=spot_summary&file=spot_summary_2018.csv
2018-08-22,jepx-spread-range-kansai,kansai,11.46,https://www.jepx.jp/_download.php?dir=spot_summary&file=spot_summary_2018.csv
2018-08-23,jepx-spread-range-kansai,kansai,20.06,https://www.jepx.jp/_download.php?dir=spot_summary&file=spot_summary_2018.csv
2018-08-24,jepx-spread-range-kansai,kansai,15.75,https://www.jepx.jp/_download.php?dir=spot_summary&file=spot_summary_2018.csv
2018-08-25,jepx-spread-range-kansai,kansai,7.2,https://www.jepx.jp/_download.php?dir=spot_summary&file=spot_summary_2018.csv
2018-08-26,jepx-spread-range-kansai,kansai,15.53,https://www.jepx.jp/_download.php?dir=spot_summary&file=spot_summary_2018.csv
2018-08-27,jepx-spread-range-kansai,kansai,22.06,https://www.jepx.jp/_download.php?dir=spot_summary&file=spot_summary_2018.csv
2018-08-28,jepx-spread-range-kansai,kansai,19.96,https://www.jepx.jp/_download.php?dir=spot_summary&file=spot_summary_2018.csv
2018-08-29,jepx-spread-range-kansai,kansai,14.72,https://www.jepx.jp/_download.php?dir=spot_summary&file=spot_summary_2018.csv
2018-08-30,jepx-spread-range-kansai,kansai,14.34,https://www.jepx.jp/_download.php?dir=spot_summary&file=spot_summary_2018.csv
2018-08-31,jepx-spread-range-kansai,kansai,12.919999999999998,https://www.jepx.jp/_download.php?dir=spot_summary&file=spot_summary_2018.csv
2018-09-01,jepx-spread-range-kansai,kansai,7.17,https://www.jepx.jp/_download.php?dir=spot_summary&file=spot_summary_2018.csv
2018-09-02,jepx-spread-range-kansai,kansai,5.23,https://www.jepx.jp/_download.php?dir=spot_summary&file=spot_summary_2018.csv
2018-09-03,jepx-spread-range-kansai,kansai,8.34,https://www.jepx.jp/_download.php?dir=spot_summary&file=spot_summary_2018.csv
2018-09-04,jepx-spread-range-kansai,kansai,9.38,https://www.jepx.jp/_download.php?dir=spot_summary&file=spot_summary_2018.csv
2018-09-05,jepx-spread-range-kansai,kansai,13.099999999999998,https://www.jepx.jp/_download.php?dir=spot_summary&file=spot_summary_2018.csv
2018-09-06,jepx-spread-range-kansai,kansai,13.18,https://www.jepx.jp/_download.php?dir=spot_summary&file=spot_summary_2018.csv
2018-09-07,jepx-spread-range-kansai,kansai,9.500000000000002,https://www.jepx.jp/_download.php?dir=spot_summary&file=spot_summary_2018.csv
2018-09-08,jepx-spread-range-kansai,kansai,7.559999999999999,https://www.jepx.jp/_download.php?dir=spot_summary&file=spot_summary_2018.csv
2018-09-09,jepx-spread-range-kansai,kansai,5.81,https://www.jepx.jp/_download.php?dir=spot_summary&file=spot_summary_2018.csv
2018-09-10,jepx-spread-range-kansai,kansai,4.9,https://www.jepx.jp/_download.php?dir=spot_summary&file=spot_summary_2018.csv
2018-09-11,jepx-spread-range-kansai,kansai,5.180000000000001,https://www.jepx.jp/_download.php?dir=spot_summary&file=spot_summary_2018.csv
2018-09-12,jepx-spread-range-kansai,kansai,4.98,https://www.jepx.jp/_download.php?dir=spot_summary&file=spot_summary_2018.csv
2018-09-13,jepx-spread-range-kansai,kansai,4.710000000000001,https://www.jepx.jp/_download.php?dir=spot_summary&file=spot_summary_2018.csv
2018-09-14,jepx-spread-range-kansai,kansai,4.910000000000001,https://www.jepx.jp/_download.php?dir=spot_summary&file=spot_summary_2018.csv
2018-09-15,jepx-spread-range-kansai,kansai,4.13,https://www.jepx.jp/_download.php?dir=spot_summary&file=spot_summary_2018.csv
2018-09-16,jepx-spread-range-kansai,kansai,6.949999999999999,https://www.jepx.jp/_download.php?dir=spot_summary&file=spot_summary_2018.csv
2018-09-17,jepx-spread-range-kansai,kansai,7.39,https://www.jepx.jp/_download.php?dir=spot_summary&file=spot_summary_2018.csv
2018-09-18,jepx-spread-range-kansai,kansai,5.880000000000001,https://www.jepx.jp/_download.php?dir=spot_summary&file=spot_summary_2018.csv
2018-09-19,jepx-spread-range-kansai,kansai,5.510000000000001,https://www.jepx.jp/_download.php?dir=spot_summary&file=spot_summary_2018.csv
2018-09-20,jepx-spread-range-kansai,kansai,4.410000000000001,https://www.jepx.jp/_download.php?dir=spot_summary&file=spot_summary_2018.csv
2018-09-21,jepx-spread-range-kansai,kansai,4.630000000000001,https://www.jepx.jp/_download.php?dir=spot_summary&file=spot_summary_2018.csv
2018-09-22,jepx-spread-range-kansai,kansai,4.329999999999999,https://www.jepx.jp/_download.php?dir=spot_summary&file=spot_summary_2018.csv
2018-09-23,jepx-spread-range-kansai,kansai,5.789999999999999,https://www.jepx.jp/_download.php?dir=spot_summary&file=spot_summary_2018.csv
2018-09-24,jepx-spread-range-kansai,kansai,5.6000000000000005,https://www.jepx.jp/_download.php?dir=spot_summary&file=spot_summary_2018.csv
2018-09-25,jepx-spread-range-kansai,kansai,3.72,https://www.jepx.jp/_download.php?dir=spot_summary&file=spot_summary_2018.csv
2018-09-26,jepx-spread-range-kansai,kansai,3.839999999999999,https://www.jepx.jp/_download.php?dir=spot_summary&file=spot_summary_2018.csv
2018-09-27,jepx-spread-range-kansai,kansai,3.79,https://www.jepx.jp/_download.php?dir=spot_summary&file=spot_summary_2018.csv
2018-09-28,jepx-spread-range-kansai,kansai,6.000000000000001,https://www.jepx.jp/_download.php?dir=spot_summary&file=spot_summary_2018.csv
2018-09-29,jepx-spread-range-kansai,kansai,3.66,https://www.jepx.jp/_download.php?dir=spot_summary&file=spot_summary_2018.csv
2018-09-30,jepx-spread-range-kansai,kansai,3.4300000000000006,https://www.jepx.jp/_download.php?dir=spot_summary&file=spot_summary_2018.csv
2018-10-01,jepx-spread-range-kansai,kansai,7.53,https://www.jepx.jp/_download.php?dir=spot_summary&file=spot_summary_2018.csv
2018-10-02,jepx-spread-range-kansai,kansai,5.5600000000000005,https://www.jepx.jp/_download.php?dir=spot_summary&file=spot_summary_2018.csv
2018-10-03,jepx-spread-range-kansai,kansai,5.8500000000000005,https://www.jepx.jp/_download.php?dir=spot_summary&file=spot_summary_2018.csv
2018-10-04,jepx-spread-range-kansai,kansai,4.67,https://www.jepx.jp/_download.php?dir=spot_summary&file=spot_summary_2018.csv
2018-10-05,jepx-spread-range-kansai,kansai,6.029999999999999,https://www.jepx.jp/_download.php?dir=spot_summary&file=spot_summary_2018.csv
2018-10-06,jepx-spread-range-kansai,kansai,4.66,https://www.jepx.jp/_download.php?dir=spot_summary&file=spot_summary_2018.csv
2018-10-07,jepx-spread-range-kansai,kansai,6.75,https://www.jepx.jp/_download.php?dir=spot_summary&file=spot_summary_2018.csv
2018-10-08,jepx-spread-range-kansai,kansai,7.229999999999999,https://www.jepx.jp/_download.php?dir=spot_summary&file=spot_summary_2018.csv
2018-10-09,jepx-spread-range-kansai,kansai,6.68,https://www.jepx.jp/_download.php?dir=spot_summary&file=spot_summary_2018.csv
2018-10-10,jepx-spread-range-kansai,kansai,7.17,https://www.jepx.jp/_download.php?dir=spot_summary&file=spot_summary_2018.csv
2018-10-11,jepx-spread-range-kansai,kansai,6.69,https://www.jepx.jp/_download.php?dir=spot_summary&file=spot_summary_2018.csv
2018-10-12,jepx-spread-range-kansai,kansai,6.14,https://www.jepx.jp/_download.php?dir=spot_summary&file=spot_summary_2018.csv
2018-10-13,jepx-spread-range-kansai,kansai,4.3100000000000005,https://www.jepx.jp/_download.php?dir=spot_summary&file=spot_summary_2018.csv
2018-10-14,jepx-spread-range-kansai,kansai,5.819999999999999,https://www.jepx.jp/_download.php?dir=spot_summary&file=spot_summary_2018.csv
2018-10-15,jepx-spread-range-kansai,kansai,6.619999999999999,https://www.jepx.jp/_download.php?dir=spot_summary&file=spot_summary_2018.csv
2018-10-16,jepx-spread-range-kansai,kansai,7.379999999999999,https://www.jepx.jp/_download.php?dir=spot_summary&file=spot_summary_2018.csv
2018-10-17,jepx-spread-range-kansai,kansai,9.29,https://www.jepx.jp/_download.php?dir=spot_summary&file=spot_summary_2018.csv
2018-10-18,jepx-spread-range-kansai,kansai,7.94,https://www.jepx.jp/_download.php?dir=spot_summary&file=spot_summary_2018.csv
2018-10-19,jepx-spread-range-kansai,kansai,7.6,https://www.jepx.jp/_download.php?dir=spot_summary&file=spot_summary_2018.csv
2018-10-20,jepx-spread-range-kansai,kansai,8.04,https://www.jepx.jp/_download.php?dir=spot_summary&file=spot_summary_2018.csv
2018-10-21,jepx-spread-range-kansai,kansai,8.84,https://www.jepx.jp/_download.php?dir=spot_summary&file=spot_summary_2018.csv
2018-10-22,jepx-spread-range-kansai,kansai,6.950000000000001,https://www.jepx.jp/_download.php?dir=spot_summary&file=spot_summary_2018.csv
2018-10-23,jepx-spread-range-kansai,kansai,6.569999999999999,https://www.jepx.jp/_download.php?dir=spot_summary&file=spot_summary_2018.csv
2018-10-24,jepx-spread-range-kansai,kansai,6.510000000000001,https://www.jepx.jp/_download.php?dir=spot_summary&file=spot_summary_2018.csv
2018-10-25,jepx-spread-range-kansai,kansai,7.470000000000001,https://www.jepx.jp/_download.php?dir=spot_summary&file=spot_summary_2018.csv
2018-10-26,jepx-spread-range-kansai,kansai,6.44,https://www.jepx.jp/_download.php?dir=spot_summary&file=spot_summary_2018.csv
2018-10-27,jepx-spread-range-kansai,kansai,5.41,https://www.jepx.jp/_download.php?dir=spot_summary&file=spot_summary_2018.csv
2018-10-28,jepx-spread-range-kansai,kansai,6.669999999999999,https://www.jepx.jp/_download.php?dir=spot_summary&file=spot_summary_2018.csv
2018-10-29,jepx-spread-range-kansai,kansai,7.2,https://www.jepx.jp/_download.php?dir=spot_summary&file=spot_summary_2018.csv
2018-10-30,jepx-spread-range-kansai,kansai,6.88,https://www.jepx.jp/_download.php?dir=spot_summary&file=spot_summary_2018.csv
2018-10-31,jepx-spread-range-kansai,kansai,6.390000000000001,https://www.jepx.jp/_download.php?dir=spot_summary&file=spot_summary_2018.csv
2018-11-01,jepx-spread-range-kansai,kansai,5.640000000000001,https://www.jepx.jp/_download.php?dir=spot_summary&file=spot_summary_2018.csv
2018-11-02,jepx-spread-range-kansai,kansai,5.77,https://www.jepx.jp/_download.php?dir=spot_summary&file=spot_summary_2018.csv
2018-11-03,jepx-spread-range-kansai,kansai,5.970000000000001,https://www.jepx.jp/_download.php?dir=spot_summary&file=spot_summary_2018.csv
2018-11-04,jepx-spread-range-kansai,kansai,5.55,https://www.jepx.jp/_download.php?dir=spot_summary&file=spot_summary_2018.csv
2018-11-05,jepx-spread-range-kansai,kansai,5.8100000000000005,https://www.jepx.jp/_download.php?dir=spot_summary&file=spot_summary_2018.csv
2018-11-06,jepx-spread-range-kansai,kansai,5.65,https://www.jepx.jp/_download.php?dir=spot_summary&file=spot_summary_2018.csv
2018-11-07,jepx-spread-range-kansai,kansai,5.91,https://www.jepx.jp/_download.php?dir=spot_summary&file=spot_summary_2018.csv
2018-11-08,jepx-spread-range-kansai,kansai,4.99,https://www.jepx.jp/_download.php?dir=spot_summary&file=spot_summary_2018.csv
2018-11-09,jepx-spread-range-kansai,kansai,5.579999999999999,https://www.jepx.jp/_download.php?dir=spot_summary&file=spot_summary_2018.csv
2018-11-10,jepx-spread-range-kansai,kansai,5.970000000000001,https://www.jepx.jp/_download.php?dir=spot_summary&file=spot_summary_2018.csv
2018-11-11,jepx-spread-range-kansai,kansai,7.07,https://www.jepx.jp/_download.php?dir=spot_summary&file=spot_summary_2018.csv
2018-11-12,jepx-spread-range-kansai,kansai,5.3100000000000005,https://www.jepx.jp/_download.php?dir=spot_summary&file=spot_summary_2018.csv
2018-11-13,jepx-spread-range-kansai,kansai,5.4,https://www.jepx.jp/_download.php?dir=spot_summary&file=spot_summary_2018.csv
2018-11-14,jepx-spread-range-kansai,kansai,5.07,https://www.jepx.jp/_download.php?dir=spot_summary&file=spot_summary_2018.csv
2018-11-15,jepx-spread-range-kansai,kansai,6.029999999999999,https://www.jepx.jp/_download.php?dir=spot_summary&file=spot_summary_2018.csv
2018-11-16,jepx-spread-range-kansai,kansai,6.01,https://www.jepx.jp/_download.php?dir=spot_summary&file=spot_summary_2018.csv
2018-11-17,jepx-spread-range-kansai,kansai,3.82,https://www.jepx.jp/_download.php?dir=spot_summary&file=spot_summary_2018.csv
2018-11-18,jepx-spread-range-kansai,kansai,3.98,https://www.jepx.jp/_download.php?dir=spot_summary&file=spot_summary_2018.csv
2018-11-19,jepx-spread-range-kansai,kansai,7.119999999999999,https://www.jepx.jp/_download.php?dir=spot_summary&file=spot_summary_2018.csv
2018-11-20,jepx-spread-range-kansai,kansai,6.23,https://www.jepx.jp/_download.php?dir=spot_summary&file=spot_summary_2018.csv
2018-11-21,jepx-spread-range-kansai,kansai,6.6,https://www.jepx.jp/_download.php?dir=spot_summary&file=spot_summary_2018.csv
2018-11-22,jepx-spread-range-kansai,kansai,5.8100000000000005,https://www.jepx.jp/_download.php?dir=spot_summary&file=spot_summary_2018.csv
2018-11-23,jepx-spread-range-kansai,kansai,7.760000000000001,https://www.jepx.jp/_download.php?dir=spot_summary&file=spot_summary_2018.csv
2018-11-24,jepx-spread-range-kansai,kansai,5.59,https://www.jepx.jp/_download.php?dir=spot_summary&file=spot_summary_2018.csv
2018-11-25,jepx-spread-range-kansai,kansai,5.529999999999999,https://www.jepx.jp/_download.php?dir=spot_summary&file=spot_summary_2018.csv
2018-11-26,jepx-spread-range-kansai,kansai,6.049999999999999,https://www.jepx.jp/_download.php?dir=spot_summary&file=spot_summary_2018.csv
2018-11-27,jepx-spread-range-kansai,kansai,5.340000000000001,https://www.jepx.jp/_download.php?dir=spot_summary&file=spot_summary_2018.csv
2018-11-28,jepx-spread-range-kansai,kansai,6.19,https://www.jepx.jp/_download.php?dir=spot_summary&file=spot_summary_2018.csv
2018-11-29,jepx-spread-range-kansai,kansai,7.71,https://www.jepx.jp/_download.php?dir=spot_summary&file=spot_summary_2018.csv
2018-11-30,jepx-spread-range-kansai,kansai,7.04,https://www.jepx.jp/_download.php?dir=spot_summary&file=spot_summary_2018.csv
2018-12-01,jepx-spread-range-kansai,kansai,3.51,https://www.jepx.jp/_download.php?dir=spot_summary&file=spot_summary_2018.csv
2018-12-02,jepx-spread-range-kansai,kansai,5.59,https://www.jepx.jp/_download.php?dir=spot_summary&file=spot_summary_2018.csv
2018-12-03,jepx-spread-range-kansai,kansai,4.130000000000001,https://www.jepx.jp/_download.php?dir=spot_summary&file=spot_summary_2018.csv
2018-12-04,jepx-spread-range-kansai,kansai,3.890000000000001,https://www.jepx.jp/_download.php?dir=spot_summary&file=spot_summary_2018.csv
2018-12-05,jepx-spread-range-kansai,kansai,4.34,https://www.jepx.jp/_download.php?dir=spot_summary&file=spot_summary_2018.csv
2018-12-06,jepx-spread-range-kansai,kansai,4.3,https://www.jepx.jp/_download.php?dir=spot_summary&file=spot_summary_2018.csv
2018-12-07,jepx-spread-range-kansai,kansai,4.67,https://www.jepx.jp/_download.php?dir=spot_summary&file=spot_summary_2018.csv
2018-12-08,jepx-spread-range-kansai,kansai,4.19,https://www.jepx.jp/_download.php?dir=spot_summary&file=spot_summary_2018.csv
2018-12-09,jepx-spread-range-kansai,kansai,4.47,https://www.jepx.jp/_download.php?dir=spot_summary&file=spot_summary_2018.csv
2018-12-10,jepx-spread-range-kansai,kansai,6.97,https://www.jepx.jp/_download.php?dir=spot_summary&file=spot_summary_2018.csv
2018-12-11,jepx-spread-range-kansai,kansai,6.2,https://www.jepx.jp/_download.php?dir=spot_summary&file=spot_summary_2018.csv
2018-12-12,jepx-spread-range-kansai,kansai,9.25,https://www.jepx.jp/_download.php?dir=spot_summary&file=spot_summary_2018.csv
2018-12-13,jepx-spread-range-kansai,kansai,11.77,https://www.jepx.jp/_download.php?dir=spot_summary&file=spot_summary_2018.csv
2018-12-14,jepx-spread-range-kansai,kansai,7.43,https://www.jepx.jp/_download.php?dir=spot_summary&file=spot_summary_2018.csv
2018-12-15,jepx-spread-range-kansai,kansai,5.47,https://www.jepx.jp/_download.php?dir=spot_summary&file=spot_summary_2018.csv
2018-12-16,jepx-spread-range-kansai,kansai,3.43,https://www.jepx.jp/_download.php?dir=spot_summary&file=spot_summary_2018.csv
2018-12-17,jepx-spread-range-kansai,kansai,5.319999999999999,https://www.jepx.jp/_download.php?dir=spot_summary&file=spot_summary_2018.csv
2018-12-18,jepx-spread-range-kansai,kansai,10.31,https://www.jepx.jp/_download.php?dir=spot_summary&file=spot_summary_2018.csv
2018-12-19,jepx-spread-range-kansai,kansai,5.04,https://www.jepx.jp/_download.php?dir=spot_summary&file=spot_summary_2018.csv
2018-12-20,jepx-spread-range-kansai,kansai,4.19,https://www.jepx.jp/_download.php?dir=spot_summary&file=spot_summary_2018.csv
2018-12-21,jepx-spread-range-kansai,kansai,4.050000000000001,https://www.jepx.jp/_download.php?dir=spot_summary&file=spot_summary_2018.csv
2018-12-22,jepx-spread-range-kansai,kansai,5.109999999999999,https://www.jepx.jp/_download.php?dir=spot_summary&file=spot_summary_2018.csv
2018-12-23,jepx-spread-range-kansai,kansai,3.7399999999999993,https://www.jepx.jp/_download.php?dir=spot_summary&file=spot_summary_2018.csv
2018-12-24,jepx-spread-range-kansai,kansai,6.889999999999999,https://www.jepx.jp/_download.php?dir=spot_summary&file=spot_summary_2018.csv
2018-12-25,jepx-spread-range-kansai,kansai,5.82,https://www.jepx.jp/_download.php?dir=spot_summary&file=spot_summary_2018.csv
2018-12-26,jepx-spread-range-kansai,kansai,4.739999999999999,https://www.jepx.jp/_download.php?dir=spot_summary&file=spot_summary_2018.csv
2018-12-27,jepx-spread-range-kansai,kansai,5.799999999999999,https://www.jepx.jp/_download.php?dir=spot_summary&file=spot_summary_2018.csv
2018-12-28,jepx-spread-range-kansai,kansai,4.41,https://www.jepx.jp/_download.php?dir=spot_summary&file=spot_summary_2018.csv
2018-12-29,jepx-spread-range-kansai,kansai,3.7,https://www.jepx.jp/_download.php?dir=spot_summary&file=spot_summary_2018.csv
2018-12-30,jepx-spread-range-kansai,kansai,3.82,https://www.jepx.jp/_download.php?dir=spot_summary&file=spot_summary_2018.csv
2018-12-31,jepx-spread-range-kansai,kansai,4.28,https://www.jepx.jp/_download.php?dir=spot_summary&file=spot_summary_2018.csv
2019-01-01,jepx-spread-range-kansai,kansai,8.25,https://www.jepx.jp/_download.php?dir=spot_summary&file=spot_summary_2018.csv
2019-01-02,jepx-spread-range-kansai,kansai,6.26,https://www.jepx.jp/_download.php?dir=spot_summary&file=spot_summary_2018.csv
2019-01-03,jepx-spread-range-kansai,kansai,5.63,https://www.jepx.jp/_download.php?dir=spot_summary&file=spot_summary_2018.csv
2019-01-04,jepx-spread-range-kansai,kansai,4.5600000000000005,https://www.jepx.jp/_download.php?dir=spot_summary&file=spot_summary_2018.csv
2019-01-05,jepx-spread-range-kansai,kansai,3.830000000000001,https://www.jepx.jp/_download.php?dir=spot_summary&file=spot_summary_2018.csv
2019-01-06,jepx-spread-range-kansai,kansai,3.1000000000000005,https://www.jepx.jp/_download.php?dir=spot_summary&file=spot_summary_2018.csv
2019-01-07,jepx-spread-range-kansai,kansai,5.24,https://www.jepx.jp/_download.php?dir=spot_summary&file=spot_summary_2018.csv
2019-01-08,jepx-spread-range-kansai,kansai,4.57,https://www.jepx.jp/_download.php?dir=spot_summary&file=spot_summary_2018.csv
2019-01-09,jepx-spread-range-kansai,kansai,5.13,https://www.jepx.jp/_download.php?dir=spot_summary&file=spot_summary_2018.csv
2019-01-10,jepx-spread-range-kansai,kansai,7.85,https://www.jepx.jp/_download.php?dir=spot_summary&file=spot_summary_2018.csv
2019-01-11,jepx-spread-range-kansai,kansai,6.580000000000001,https://www.jepx.jp/_download.php?dir=spot_summary&file=spot_summary_2018.csv
2019-01-12,jepx-spread-range-kansai,kansai,3.1999999999999997,https://www.jepx.jp/_download.php?dir=spot_summary&file=spot_summary_2018.csv
2019-01-13,jepx-spread-range-kansai,kansai,3.9,https://www.jepx.jp/_download.php?dir=spot_summary&file=spot_summary_2018.csv
2019-01-14,jepx-spread-range-kansai,kansai,7.08,https://www.jepx.jp/_download.php?dir=spot_summary&file=spot_summary_2018.csv
2019-01-15,jepx-spread-range-kansai,kansai,6.66,https://www.jepx.jp/_download.php?dir=spot_summary&file=spot_summary_2018.csv
2019-01-16,jepx-spread-range-kansai,kansai,5.2,https://www.jepx.jp/_download.php?dir=spot_summary&file=spot_summary_2018.csv
2019-01-17,jepx-spread-range-kansai,kansai,6.1,https://www.jepx.jp/_download.php?dir=spot_summary&file=spot_summary_2018.csv
2019-01-18,jepx-spread-range-kansai,kansai,5.45,https://www.jepx.jp/_download.php?dir=spot_summary&file=spot_summary_2018.csv
2019-01-19,jepx-spread-range-kansai,kansai,4.86,https://www.jepx.jp/_download.php?dir=spot_summary&file=spot_summary_2018.csv
2019-01-20,jepx-spread-range-kansai,kansai,3.539999999999999,https://www.jepx.jp/_download.php?dir=spot_summary&file=spot_summary_2018.csv
2019-01-21,jepx-spread-range-kansai,kansai,5.33,https://www.jepx.jp/_download.php?dir=spot_summary&file=spot_summary_2018.csv
2019-01-22,jepx-spread-range-kansai,kansai,7.42,https://www.jepx.jp/_download.php?dir=spot_summary&file=spot_summary_2018.csv
2019-01-23,jepx-spread-range-kansai,kansai,5.53,https://www.jepx.jp/_download.php?dir=spot_summary&file=spot_summary_2018.csv
2019-01-24,jepx-spread-range-kansai,kansai,7.84,https://www.jepx.jp/_download.php?dir=spot_summary&file=spot_summary_2018.csv
2019-01-25,jepx-spread-range-kansai,kansai,7.489999999999999,https://www.jepx.jp/_download.php?dir=spot_summary&file=spot_summary_2018.csv
2019-01-26,jepx-spread-range-kansai,kansai,6.720000000000001,https://www.jepx.jp/_download.php?dir=spot_summary&file=spot_summary_2018.csv
2019-01-27,jepx-spread-range-kansai,kansai,4.6000000000000005,https://www.jepx.jp/_download.php?dir=spot_summary&file=spot_summary_2018.csv
2019-01-28,jepx-spread-range-kansai,kansai,7.409999999999999,https://www.jepx.jp/_download.php?dir=spot_summary&file=spot_summary_2018.csv
2019-01-29,jepx-spread-range-kansai,kansai,8.129999999999999,https://www.jepx.jp/_download.php?dir=spot_summary&file=spot_summary_2018.csv
2019-01-30,jepx-spread-range-kansai,kansai,9.93,https://www.jepx.jp/_download.php?dir=spot_summary&file=spot_summary_2018.csv
2019-01-31,jepx-spread-range-kansai,kansai,7.75,https://www.jepx.jp/_download.php?dir=spot_summary&file=spot_summary_2018.csv
2019-02-01,jepx-spread-range-kansai,kansai,6.52,https://www.jepx.jp/_download.php?dir=spot_summary&file=spot_summary_2018.csv
2019-02-02,jepx-spread-range-kansai,kansai,6.63,https://www.jepx.jp/_download.php?dir=spot_summary&file=spot_summary_2018.csv
2019-02-03,jepx-spread-range-kansai,kansai,3.5200000000000005,https://www.jepx.jp/_download.php?dir=spot_summary&file=spot_summary_2018.csv
2019-02-04,jepx-spread-range-kansai,kansai,5.1,https://www.jepx.jp/_download.php?dir=spot_summary&file=spot_summary_2018.csv
2019-02-05,jepx-spread-range-kansai,kansai,9.76,https://www.jepx.jp/_download.php?dir=spot_summary&file=spot_summary_2018.csv
2019-02-06,jepx-spread-range-kansai,kansai,4.65,https://www.jepx.jp/_download.php?dir=spot_summary&file=spot_summary_2018.csv
2019-02-07,jepx-spread-range-kansai,kansai,3.9099999999999993,https://www.jepx.jp/_download.php?dir=spot_summary&file=spot_summary_2018.csv
2019-02-08,jepx-spread-range-kansai,kansai,4.31,https://www.jepx.jp/_download.php?dir=spot_summary&file=spot_summary_2018.csv
2019-02-09,jepx-spread-range-kansai,kansai,6.19,https://www.jepx.jp/_download.php?dir=spot_summary&file=spot_summary_2018.csv
2019-02-10,jepx-spread-range-kansai,kansai,4.170000000000001,https://www.jepx.jp/_download.php?dir=spot_summary&file=spot_summary_2018.csv
2019-02-11,jepx-spread-range-kansai,kansai,5.33,https://www.jepx.jp/_download.php?dir=spot_summary&file=spot_summary_2018.csv
2019-02-12,jepx-spread-range-kansai,kansai,5.420000000000001,https://www.jepx.jp/_download.php?dir=spot_summary&file=spot_summary_2018.csv
2019-02-13,jepx-spread-range-kansai,kansai,5.079999999999999,https://www.jepx.jp/_download.php?dir=spot_summary&file=spot_summary_2018.csv
2019-02-14,jepx-spread-range-kansai,kansai,4.880000000000001,https://www.jepx.jp/_download.php?dir=spot_summary&file=spot_summary_2018.csv
2019-02-15,jepx-spread-range-kansai,kansai,3.61,https://www.jepx.jp/_download.php?dir=spot_summary&file=spot_summary_2018.csv
2019-02-16,jepx-spread-range-kansai,kansai,3.929999999999999,https://www.jepx.jp/_download.php?dir=spot_summary&file=spot_summary_2018.csv
2019-02-17,jepx-spread-range-kansai,kansai,7.499999999999999,https://www.jepx.jp/_download.php?dir=spot_summary&file=spot_summary_2018.csv
2019-02-18,jepx-spread-range-kansai,kansai,5.289999999999999,https://www.jepx.jp/_download.php?dir=spot_summary&file=spot_summary_2018.csv
2019-02-19,jepx-spread-range-kansai,kansai,5.949999999999999,https://www.jepx.jp/_download.php?dir=spot_summary&file=spot_summary_2018.csv
2019-02-20,jepx-spread-range-kansai,kansai,3.9,https://www.jepx.jp/_download.php?dir=spot_summary&file=spot_summary_2018.csv
2019-02-21,jepx-spread-range-kansai,kansai,5.410000000000001,https://www.jepx.jp/_download.php?dir=spot_summary&file=spot_summary_2018.csv
2019-02-22,jepx-spread-range-kansai,kansai,4.66,https://www.jepx.jp/_download.php?dir=spot_summary&file=spot_summary_2018.csv
2019-02-23,jepx-spread-range-kansai,kansai,4.1000000000000005,https://www.jepx.jp/_download.php?dir=spot_summary&file=spot_summary_2018.csv
2019-02-24,jepx-spread-range-kansai,kansai,7.220000000000001,https://www.jepx.jp/_download.php?dir=spot_summary&file=spot_summary_2018.csv
2019-02-25,jepx-spread-range-kansai,kansai,5.18,https://www.jepx.jp/_download.php?dir=spot_summary&file=spot_summary_2018.csv
2019-02-26,jepx-spread-range-kansai,kansai,3.84,https://www.jepx.jp/_download.php?dir=spot_summary&file=spot_summary_2018.csv
2019-02-27,jepx-spread-range-kansai,kansai,3.59,https://www.jepx.jp/_download.php?dir=spot_summary&file=spot_summary_2018.csv
2019-02-28,jepx-spread-range-kansai,kansai,3.750000000000001,https://www.jepx.jp/_download.php?dir=spot_summary&file=spot_summary_2018.csv
2019-03-01,jepx-spread-range-kansai,kansai,5.720000000000001,https://www.jepx.jp/_download.php?dir=spot_summary&file=spot_summary_2018.csv
2019-03-02,jepx-spread-range-kansai,kansai,4.5,https://www.jepx.jp/_download.php?dir=spot_summary&file=spot_summary_2018.csv
2019-03-03,jepx-spread-range-kansai,kansai,3.53,https://www.jepx.jp/_download.php?dir=spot_summary&file=spot_summary_2018.csv
2019-03-04,jepx-spread-range-kansai,kansai,3.880000000000001,https://www.jepx.jp/_download.php?dir=spot_summary&file=spot_summary_2018.csv
2019-03-05,jepx-spread-range-kansai,kansai,7.130000000000001,https://www.jepx.jp/_download.php?dir=spot_summary&file=spot_summary_2018.csv
2019-03-06,jepx-spread-range-kansai,kansai,4.239999999999999,https://www.jepx.jp/_download.php?dir=spot_summary&file=spot_summary_2018.csv
2019-03-07,jepx-spread-range-kansai,kansai,3.73,https://www.jepx.jp/_download.php?dir=spot_summary&file=spot_summary_2018.csv
2019-03-08,jepx-spread-range-kansai,kansai,8.219999999999999,https://www.jepx.jp/_download.php?dir=spot_summary&file=spot_summary_2018.csv
2019-03-09,jepx-spread-range-kansai,kansai,7.74,https://www.jepx.jp/_download.php?dir=spot_summary&file=spot_summary_2018.csv
2019-03-10,jepx-spread-range-kansai,kansai,3.1500000000000004,https://www.jepx.jp/_download.php?dir=spot_summary&file=spot_summary_2018.csv
2019-03-11,jepx-spread-range-kansai,kansai,3.19,https://www.jepx.jp/_download.php?dir=spot_summary&file=spot_summary_2018.csv
2019-03-12,jepx-spread-range-kansai,kansai,6.16,https://www.jepx.jp/_download.php?dir=spot_summary&file=spot_summary_2018.csv
2019-03-13,jepx-spread-range-kansai,kansai,7.720000000000001,https://www.jepx.jp/_download.php?dir=spot_summary&file=spot_summary_2018.csv
2019-03-14,jepx-spread-range-kansai,kansai,6.619999999999999,https://www.jepx.jp/_download.php?dir=spot_summary&file=spot_summary_2018.csv
2019-03-15,jepx-spread-range-kansai,kansai,5.209999999999999,https://www.jepx.jp/_download.php?dir=spot_summary&file=spot_summary_2018.csv
2019-03-16,jepx-spread-range-kansai,kansai,5.24,https://www.jepx.jp/_download.php?dir=spot_summary&file=spot_summary_2018.csv
2019-03-17,jepx-spread-range-kansai,kansai,5.67,https://www.jepx.jp/_download.php?dir=spot_summary&file=spot_summary_2018.csv
2019-03-18,jepx-spread-range-kansai,kansai,6.16,https://www.jepx.jp/_download.php?dir=spot_summary&file=spot_summary_2018.csv
2019-03-19,jepx-spread-range-kansai,kansai,4.970000000000001,https://www.jepx.jp/_download.php?dir=spot_summary&file=spot_summary_2018.csv
2019-03-20,jepx-spread-range-kansai,kansai,4.72,https://www.jepx.jp/_download.php?dir=spot_summary&file=spot_summary_2018.csv
2019-03-21,jepx-spread-range-kansai,kansai,5.18,https://www.jepx.jp/_download.php?dir=spot_summary&file=spot_summary_2018.csv
2019-03-22,jepx-spread-range-kansai,kansai,5.130000000000001,https://www.jepx.jp/_download.php?dir=spot_summary&file=spot_summary_2018.csv
2019-03-23,jepx-spread-range-kansai,kansai,5.380000000000001,https://www.jepx.jp/_download.php?dir=spot_summary&file=spot_summary_2018.csv
2019-03-24,jepx-spread-range-kansai,kansai,8.77,https://www.jepx.jp/_download.php?dir=spot_summary&file=spot_summary_2018.csv
2019-03-25,jepx-spread-range-kansai,kansai,4.889999999999999,https://www.jepx.jp/_download.php?dir=spot_summary&file=spot_summary_2018.csv
2019-03-26,jepx-spread-range-kansai,kansai,7.74,https://www.jepx.jp/_download.php?dir=spot_summary&file=spot_summary_2018.csv
2019-03-27,jepx-spread-range-kansai,kansai,3.82,https://www.jepx.jp/_download.php?dir=spot_summary&file=spot_summary_2018.csv
2019-03-28,jepx-spread-range-kansai,kansai,3.62,https://www.jepx.jp/_download.php?dir=spot_summary&file=spot_summary_2018.csv
2019-03-29,jepx-spread-range-kansai,kansai,2.84,https://www.jepx.jp/_download.php?dir=spot_summary&file=spot_summary_2018.csv
2019-03-30,jepx-spread-range-kansai,kansai,5.760000000000001,https://www.jepx.jp/_download.php?dir=spot_summary&file=spot_summary_2018.csv
2019-03-31,jepx-spread-range-kansai,kansai,5.550000000000001,https://www.jepx.jp/_download.php?dir=spot_summary&file=spot_summary_2018.csv
2019-04-01,jepx-spread-range-kansai,kansai,6.47,https://www.jepx.jp/_download.php?dir=spot_summary&file=spot_summary_2019.csv
2019-04-02,jepx-spread-range-kansai,kansai,6.21,https://www.jepx.jp/_download.php?dir=spot_summary&file=spot_summary_2019.csv
2019-04-03,jepx-spread-range-kansai,kansai,7.26,https://www.jepx.jp/_download.php?dir=spot_summary&file=spot_summary_2019.csv
2019-04-04,jepx-spread-range-kansai,kansai,7.14,https://www.jepx.jp/_download.php?dir=spot_summary&file=spot_summary_2019.csv
2019-04-05,jepx-spread-range-kansai,kansai,4.380000000000001,https://www.jepx.jp/_download.php?dir=spot_summary&file=spot_summary_2019.csv
2019-04-06,jepx-spread-range-kansai,kansai,7.65,https://www.jepx.jp/_download.php?dir=spot_summary&file=spot_summary_2019.csv
2019-04-07,jepx-spread-range-kansai,kansai,4.390000000000001,https://www.jepx.jp/_download.php?dir=spot_summary&file=spot_summary_2019.csv
2019-04-08,jepx-spread-range-kansai,kansai,5.49,https://www.jepx.jp/_download.php?dir=spot_summary&file=spot_summary_2019.csv
2019-04-09,jepx-spread-range-kansai,kansai,5.620000000000001,https://www.jepx.jp/_download.php?dir=spot_summary&file=spot_summary_2019.csv
2019-04-10,jepx-spread-range-kansai,kansai,10.57,https://www.jepx.jp/_download.php?dir=spot_summary&file=spot_summary_2019.csv
2019-04-11,jepx-spread-range-kansai,kansai,5.700000000000001,https://www.jepx.jp/_download.php?dir=spot_summary&file=spot_summary_2019.csv
2019-04-12,jepx-spread-range-kansai,kansai,6.629999999999999,https://www.jepx.jp/_download.php?dir=spot_summary&file=spot_summary_2019.csv
2019-04-13,jepx-spread-range-kansai,kansai,6.93,https://www.jepx.jp/_download.php?dir=spot_summary&file=spot_summary_2019.csv
2019-04-14,jepx-spread-range-kansai,kansai,3.58,https://www.jepx.jp/_download.php?dir=spot_summary&file=spot_summary_2019.csv
2019-04-15,jepx-spread-range-kansai,kansai,6.250000000000001,https://www.jepx.jp/_download.php?dir=spot_summary&file=spot_summary_2019.csv
2019-04-16,jepx-spread-range-kansai,kansai,5.130000000000001,https://www.jepx.jp/_download.php?dir=spot_summary&file=spot_summary_2019.csv
2019-04-17,jepx-spread-range-kansai,kansai,4.050000000000001,https://www.jepx.jp/_download.php?dir=spot_summary&file=spot_summary_2019.csv
2019-04-18,jepx-spread-range-kansai,kansai,6.58,https://www.jepx.jp/_download.php?dir=spot_summary&file=spot_summary_2019.csv
2019-04-19,jepx-spread-range-kansai,kansai,5.11,https://www.jepx.jp/_download.php?dir=spot_summary&file=spot_summary_2019.csv
2019-04-20,jepx-spread-range-kansai,kansai,5.359999999999999,https://www.jepx.jp/_download.php?dir=spot_summary&file=spot_summary_2019.csv
2019-04-21,jepx-spread-range-kansai,kansai,5.0,https://www.jepx.jp/_download.php?dir=spot_summary&file=spot_summary_2019.csv
2019-04-22,jepx-spread-range-kansai,kansai,5.720000000000001,https://www.jepx.jp/_download.php?dir=spot_summary&file=spot_summary_2019.csv
2019-04-23,jepx-spread-range-kansai,kansai,3.85,https://www.jepx.jp/_download.php?dir=spot_summary&file=spot_summary_2019.csv
2019-04-24,jepx-spread-range-kansai,kansai,3.37,https://www.jepx.jp/_download.php?dir=spot_summary&file=spot_summary_2019.csv
2019-04-25,jepx-spread-range-kansai,kansai,5.260000000000001,https://www.jepx.jp/_download.php?dir=spot_summary&file=spot_summary_2019.csv
2019-04-26,jepx-spread-range-kansai,kansai,4.23,https://www.jepx.jp/_download.php?dir=spot_summary&file=spot_summary_2019.csv
2019-04-27,jepx-spread-range-kansai,kansai,8.96,https://www.jepx.jp/_download.php?dir=spot_summary&file=spot_summary_2019.csv
2019-04-28,jepx-spread-range-kansai,kansai,10.15,https://www.jepx.jp/_download.php?dir=spot_summary&file=spot_summary_2019.csv
2019-04-29,jepx-spread-range-kansai,kansai,4.090000000000001,https://www.jepx.jp/_download.php?dir=spot_summary&file=spot_summary_2019.csv
2019-04-30,jepx-spread-range-kansai,kansai,5.26,https://www.jepx.jp/_download.php?dir=spot_summary&file=spot_summary_2019.csv
2019-05-01,jepx-spread-range-kansai,kansai,7.939999999999999,https://www.jepx.jp/_download.php?dir=spot_summary&file=spot_summary_2019.csv
2019-05-02,jepx-spread-range-kansai,kansai,10.01,https://www.jepx.jp/_download.php?dir=spot_summary&file=spot_summary_2019.csv
2019-05-03,jepx-spread-range-kansai,kansai,10.22,https://www.jepx.jp/_download.php?dir=spot_summary&file=spot_summary_2019.csv
2019-05-04,jepx-spread-range-kansai,kansai,8.59,https://www.jepx.jp/_download.php?dir=spot_summary&file=spot_summary_2019.csv
2019-05-05,jepx-spread-range-kansai,kansai,8.39,https://www.jepx.jp/_download.php?dir=spot_summary&file=spot_summary_2019.csv
2019-05-06,jepx-spread-range-kansai,kansai,9.41,https://www.jepx.jp/_download.php?dir=spot_summary&file=spot_summary_2019.csv
2019-05-07,jepx-spread-range-kansai,kansai,5.07,https://www.jepx.jp/_download.php?dir=spot_summary&file=spot_summary_2019.csv
2019-05-08,jepx-spread-range-kansai,kansai,5.49,https://www.jepx.jp/_download.php?dir=spot_summary&file=spot_summary_2019.csv
2019-05-09,jepx-spread-range-kansai,kansai,5.86,https://www.jepx.jp/_download.php?dir=spot_summary&file=spot_summary_2019.csv
2019-05-10,jepx-spread-range-kansai,kansai,5.050000000000001,https://www.jepx.jp/_download.php?dir=spot_summary&file=spot_summary_2019.csv
2019-05-11,jepx-spread-range-kansai,kansai,8.31,https://www.jepx.jp/_download.php?dir=spot_summary&file=spot_summary_2019.csv
2019-05-12,jepx-spread-range-kansai,kansai,7.99,https://www.jepx.jp/_download.php?dir=spot_summary&file=spot_summary_2019.csv
2019-05-13,jepx-spread-range-kansai,kansai,4.89,https://www.jepx.jp/_download.php?dir=spot_summary&file=spot_summary_2019.csv
2019-05-14,jepx-spread-range-kansai,kansai,4.489999999999999,https://www.jepx.jp/_download.php?dir=spot_summary&file=spot_summary_2019.csv
2019-05-15,jepx-spread-range-kansai,kansai,4.74,https://www.jepx.jp/_download.php?dir=spot_summary&file=spot_summary_2019.csv
2019-05-16,jepx-spread-range-kansai,kansai,4.87,https://www.jepx.jp/_download.php?dir=spot_summary&file=spot_summary_2019.csv
2019-05-17,jepx-spread-range-kansai,kansai,4.9,https://www.jepx.jp/_download.php?dir=spot_summary&file=spot_summary_2019.csv
2019-05-18,jepx-spread-range-kansai,kansai,3.1899999999999995,https://www.jepx.jp/_download.php?dir=spot_summary&file=spot_summary_2019.csv
2019-05-19,jepx-spread-range-kansai,kansai,2.97,https://www.jepx.jp/_download.php?dir=spot_summary&file=spot_summary_2019.csv
2019-05-20,jepx-spread-range-kansai,kansai,4.7,https://www.jepx.jp/_download.php?dir=spot_summary&file=spot_summary_2019.csv
2019-05-21,jepx-spread-range-kansai,kansai,4.619999999999999,https://www.jepx.jp/_download.php?dir=spot_summary&file=spot_summary_2019.csv
2019-05-22,jepx-spread-range-kansai,kansai,5.5,https://www.jepx.jp/_download.php?dir=spot_summary&file=spot_summary_2019.csv
2019-05-23,jepx-spread-range-kansai,kansai,5.880000000000001,https://www.jepx.jp/_download.php?dir=spot_summary&file=spot_summary_2019.csv
2019-05-24,jepx-spread-range-kansai,kansai,4.98,https://www.jepx.jp/_download.php?dir=spot_summary&file=spot_summary_2019.csv
2019-05-25,jepx-spread-range-kansai,kansai,5.33,https://www.jepx.jp/_download.php?dir=spot_summary&file=spot_summary_2019.csv
2019-05-26,jepx-spread-range-kansai,kansai,5.43,https://www.jepx.jp/_download.php?dir=spot_summary&file=spot_summary_2019.csv
2019-05-27,jepx-spread-range-kansai,kansai,4.960000000000001,https://www.jepx.jp/_download.php?dir=spot_summary&file=spot_summary_2019.csv
2019-05-28,jepx-spread-range-kansai,kansai,5.3500000000000005,https://www.jepx.jp/_download.php?dir=spot_summary&file=spot_summary_2019.csv
2019-05-29,jepx-spread-range-kansai,kansai,5.11,https://www.jepx.jp/_download.php?dir=spot_summary&file=spot_summary_2019.csv
2019-05-30,jepx-spread-range-kansai,kansai,6.329999999999999,https://www.jepx.jp/_download.php?dir=spot_summary&file=spot_summary_2019.csv
2019-05-31,jepx-spread-range-kansai,kansai,4.28,https://www.jepx.jp/_download.php?dir=spot_summary&file=spot_summary_2019.csv
2019-06-01,jepx-spread-range-kansai,kansai,4.33,https://www.jepx.jp/_download.php?dir=spot_summary&file=spot_summary_2019.csv
2019-06-02,jepx-spread-range-kansai,kansai,3.789999999999999,https://www.jepx.jp/_download.php?dir=spot_summary&file=spot_summary_2019.csv
2019-06-03,jepx-spread-range-kansai,kansai,5.48,https://www.jepx.jp/_download.php?dir=spot_summary&file=spot_summary_2019.csv
2019-06-04,jepx-spread-range-kansai,kansai,5.11,https://www.jepx.jp/_download.php?dir=spot_summary&file=spot_summary_2019.csv
2019-06-05,jepx-spread-range-kansai,kansai,6.73,https://www.jepx.jp/_download.php?dir=spot_summary&file=spot_summary_2019.csv
2019-06-06,jepx-spread-range-kansai,kansai,6.44,https://www.jepx.jp/_download.php?dir=spot_summary&file=spot_summary_2019.csv
2019-06-07,jepx-spread-range-kansai,kansai,6.109999999999999,https://www.jepx.jp/_download.php?dir=spot_summary&file=spot_summary_2019.csv
2019-06-08,jepx-spread-range-kansai,kansai,5.119999999999999,https://www.jepx.jp/_download.php?dir=spot_summary&file=spot_summary_2019.csv
2019-06-09,jepx-spread-range-kansai,kansai,4.62,https://www.jepx.jp/_download.php?dir=spot_summary&file=spot_summary_2019.csv
2019-06-10,jepx-spread-range-kansai,kansai,5.540000000000001,https://www.jepx.jp/_download.php?dir=spot_summary&file=spot_summary_2019.csv
2019-06-11,jepx-spread-range-kansai,kansai,4.66,https://www.jepx.jp/_download.php?dir=spot_summary&file=spot_summary_2019.csv
2019-06-12,jepx-spread-range-kansai,kansai,5.78,https://www.jepx.jp/_download.php?dir=spot_summary&file=spot_summary_2019.csv
2019-06-13,jepx-spread-range-kansai,kansai,4.79,https://www.jepx.jp/_download.php?dir=spot_summary&file=spot_summary_2019.csv
2019-06-14,jepx-spread-range-kansai,kansai,4.829999999999999,https://www.jepx.jp/_download.php?dir=spot_summary&file=spot_summary_2019.csv
2019-06-15,jepx-spread-range-kansai,kansai,3.640000000000001,https://www.jepx.jp/_download.php?dir=spot_summary&file=spot_summary_2019.csv
2019-06-16,jepx-spread-range-kansai,kansai,8.25,https://www.jepx.jp/_download.php?dir=spot_summary&file=spot_summary_2019.csv
2019-06-17,jepx-spread-range-kansai,kansai,4.840000000000001,https://www.jepx.jp/_download.php?dir=spot_summary&file=spot_summary_2019.csv
2019-06-18,jepx-spread-range-kansai,kansai,4.44,https://www.jepx.jp/_download.php?dir=spot_summary&file=spot_summary_2019.csv
2019-06-19,jepx-spread-range-kansai,kansai,3.6000000000000005,https://www.jepx.jp/_download.php?dir=spot_summary&file=spot_summary_2019.csv
2019-06-20,jepx-spread-range-kansai,kansai,3.640000000000001,https://www.jepx.jp/_download.php?dir=spot_summary&file=spot_summary_2019.csv
2019-06-21,jepx-spread-range-kansai,kansai,4.7700000000000005,https://www.jepx.jp/_download.php?dir=spot_summary&file=spot_summary_2019.csv
2019-06-22,jepx-spread-range-kansai,kansai,3.5699999999999994,https://www.jepx.jp/_download.php?dir=spot_summary&file=spot_summary_2019.csv
2019-06-23,jepx-spread-range-kansai,kansai,4.6,https://www.jepx.jp/_download.php?dir=spot_summary&file=spot_summary_2019.csv
2019-06-24,jepx-spread-range-kansai,kansai,4.28,https://www.jepx.jp/_download.php?dir=spot_summary&file=spot_summary_2019.csv
2019-06-25,jepx-spread-range-kansai,kansai,3.460000000000001,https://www.jepx.jp/_download.php?dir=spot_summary&file=spot_summary_2019.csv
2019-06-26,jepx-spread-range-kansai,kansai,3.8,https://www.jepx.jp/_download.php?dir=spot_summary&file=spot_summary_2019.csv
2019-06-27,jepx-spread-range-kansai,kansai,7.59,https://www.jepx.jp/_download.php?dir=spot_summary&file=spot_summary_2019.csv
2019-06-28,jepx-spread-range-kansai,kansai,5.59,https://www.jepx.jp/_download.php?dir=spot_summary&file=spot_summary_2019.csv
2019-06-29,jepx-spread-range-kansai,kansai,4.51,https://www.jepx.jp/_download.php?dir=spot_summary&file=spot_summary_2019.csv
2019-06-30,jepx-spread-range-kansai,kansai,4.179999999999999,https://www.jepx.jp/_download.php?dir=spot_summary&file=spot_summary_2019.csv
2019-07-01,jepx-spread-range-kansai,kansai,5.12,https://www.jepx.jp/_download.php?dir=spot_summary&file=spot_summary_2019.csv
2019-07-02,jepx-spread-range-kansai,kansai,4.18,https://www.jepx.jp/_download.php?dir=spot_summary&file=spot_summary_2019.csv
2019-07-03,jepx-spread-range-kansai,kansai,4.88,https://www.jepx.jp/_download.php?dir=spot_summary&file=spot_summary_2019.csv
2019-07-04,jepx-spread-range-kansai,kansai,3.9899999999999993,https://www.jepx.jp/_download.php?dir=spot_summary&file=spot_summary_2019.csv
2019-07-05,jepx-spread-range-kansai,kansai,4.140000000000001,https://www.jepx.jp/_download.php?dir=spot_summary&file=spot_summary_2019.csv
2019-07-06,jepx-spread-range-kansai,kansai,3.35,https://www.jepx.jp/_download.php?dir=spot_summary&file=spot_summary_2019.csv
2019-07-07,jepx-spread-range-kansai,kansai,3.5699999999999994,https://www.jepx.jp/_download.php?dir=spot_summary&file=spot_summary_2019.csv
2019-07-08,jepx-spread-range-kansai,kansai,3.7399999999999993,https://www.jepx.jp/_download.php?dir=spot_summary&file=spot_summary_2019.csv
2019-07-09,jepx-spread-range-kansai,kansai,2.9800000000000004,https://www.jepx.jp/_download.php?dir=spot_summary&file=spot_summary_2019.csv
2019-07-10,jepx-spread-range-kansai,kansai,2.89,https://www.jepx.jp/_download.php?dir=spot_summary&file=spot_summary_2019.csv
2019-07-11,jepx-spread-range-kansai,kansai,2.49,https://www.jepx.jp/_download.php?dir=spot_summary&file=spot_summary_2019.csv
2019-07-12,jepx-spread-range-kansai,kansai,4.1000000000000005,https://www.jepx.jp/_download.php?dir=spot_summary&file=spot_summary_2019.csv
2019-07-13,jepx-spread-range-kansai,kansai,3.85,https://www.jepx.jp/_download.php?dir=spot_summary&file=spot_summary_2019.csv
2019-07-14,jepx-spread-range-kansai,kansai,3.45,https://www.jepx.jp/_download.php?dir=spot_summary&file=spot_summary_2019.csv
2019-07-15,jepx-spread-range-kansai,kansai,4.279999999999999,https://www.jepx.jp/_download.php?dir=spot_summary&file=spot_summary_2019.csv
2019-07-16,jepx-spread-range-kansai,kansai,3.71,https://www.jepx.jp/_download.php?dir=spot_summary&file=spot_summary_2019.csv
2019-07-17,jepx-spread-range-kansai,kansai,3.9,https://www.jepx.jp/_download.php?dir=spot_summary&file=spot_summary_2019.csv
2019-07-18,jepx-spread-range-kansai,kansai,4.47,https://www.jepx.jp/_download.php?dir=spot_summary&file=spot_summary_2019.csv
2019-07-19,jepx-spread-range-kansai,kansai,4.56,https://www.jepx.jp/_download.php?dir=spot_summary&file=spot_summary_2019.csv
2019-07-20,jepx-spread-range-kansai,kansai,3.4099999999999997,https://www.jepx.jp/_download.php?dir=spot_summary&file=spot_summary_2019.csv
2019-07-21,jepx-spread-range-kansai,kansai,3.69,https://www.jepx.jp/_download.php?dir=spot_summary&file=spot_summary_2019.csv
2019-07-22,jepx-spread-range-kansai,kansai,3.91,https://www.jepx.jp/_download.php?dir=spot_summary&file=spot_summary_2019.csv
2019-07-23,jepx-spread-range-kansai,kansai,3.5699999999999994,https://www.jepx.jp/_download.php?dir=spot_summary&file=spot_summary_2019.csv
2019-07-24,jepx-spread-range-kansai,kansai,5.97,https://www.jepx.jp/_download.php?dir=spot_summary&file=spot_summary_2019.csv
2019-07-25,jepx-spread-range-kansai,kansai,5.859999999999999,https://www.jepx.jp/_download.php?dir=spot_summary&file=spot_summary_2019.csv
2019-07-26,jepx-spread-range-kansai,kansai,5.9,https://www.jepx.jp/_download.php?dir=spot_summary&file=spot_summary_2019.csv
2019-07-27,jepx-spread-range-kansai,kansai,3.76,https://www.jepx.jp/_download.php?dir=spot_summary&file=spot_summary_2019.csv
2019-07-28,jepx-spread-range-kansai,kansai,6.98,https://www.jepx.jp/_download.php?dir=spot_summary&file=spot_summary_2019.csv
2019-07-29,jepx-spread-range-kansai,kansai,8.39,https://www.jepx.jp/_download.php?dir=spot_summary&file=spot_summary_2019.csv
2019-07-30,jepx-spread-range-kansai,kansai,6.45,https://www.jepx.jp/_download.php?dir=spot_summary&file=spot_summary_2019.csv
2019-07-31,jepx-spread-range-kansai,kansai,8.06,https://www.jepx.jp/_download.php?dir=spot_summary&file=spot_summary_2019.csv
2019-08-01,jepx-spread-range-kansai,kansai,24.47,https://www.jepx.jp/_download.php?dir=spot_summary&file=spot_summary_2019.csv
2019-08-02,jepx-spread-range-kansai,kansai,19.47,https://www.jepx.jp/_download.php?dir=spot_summary&file=spot_summary_2019.csv
2019-08-03,jepx-spread-range-kansai,kansai,8.21,https://www.jepx.jp/_download.php?dir=spot_summary&file=spot_summary_2019.csv
2019-08-04,jepx-spread-range-kansai,kansai,11.02,https://www.jepx.jp/_download.php?dir=spot_summary&file=spot_summary_2019.csv
2019-08-05,jepx-spread-range-kansai,kansai,11.459999999999996,https://www.jepx.jp/_download.php?dir=spot_summary&file=spot_summary_2019.csv
2019-08-06,jepx-spread-range-kansai,kansai,19.31,https://www.jepx.jp/_download.php?dir=spot_summary&file=spot_summary_2019.csv
2019-08-07,jepx-spread-range-kansai,kansai,19.52,https://www.jepx.jp/_download.php?dir=spot_summary&file=spot_summary_2019.csv
2019-08-08,jepx-spread-range-kansai,kansai,34.45,https://www.jepx.jp/_download.php?dir=spot_summary&file=spot_summary_2019.csv
2019-08-09,jepx-spread-range-kansai,kansai,30.4,https://www.jepx.jp/_download.php?dir=spot_summary&file=spot_summary_2019.csv
2019-08-10,jepx-spread-range-kansai,kansai,13.01,https://www.jepx.jp/_download.php?dir=spot_summary&file=spot_summary_2019.csv
2019-08-11,jepx-spread-range-kansai,kansai,8.239999999999998,https://www.jepx.jp/_download.php?dir=spot_summary&file=spot_summary_2019.csv
2019-08-12,jepx-spread-range-kansai,kansai,6.68,https://www.jepx.jp/_download.php?dir=spot_summary&file=spot_summary_2019.csv
2019-08-13,jepx-spread-range-kansai,kansai,5.180000000000001,https://www.jepx.jp/_download.php?dir=spot_summary&file=spot_summary_2019.csv
2019-08-14,jepx-spread-range-kansai,kansai,6.050000000000001,https://www.jepx.jp/_download.php?dir=spot_summary&file=spot_summary_2019.csv
2019-08-15,jepx-spread-range-kansai,kansai,4.73,https://www.jepx.jp/_download.php?dir=spot_summary&file=spot_summary_2019.csv
2019-08-16,jepx-spread-range-kansai,kansai,8.0,https://www.jepx.jp/_download.php?dir=spot_summary&file=spot_summary_2019.csv
2019-08-17,jepx-spread-range-kansai,kansai,12.29,https://www.jepx.jp/_download.php?dir=spot_summary&file=spot_summary_2019.csv
2019-08-18,jepx-spread-range-kansai,kansai,11.18,https://www.jepx.jp/_download.php?dir=spot_summary&file=spot_summary_2019.csv
2019-08-19,jepx-spread-range-kansai,kansai,34.38,https://www.jepx.jp/_download.php?dir=spot_summary&file=spot_summary_2019.csv
2019-08-20,jepx-spread-range-kansai,kansai,29.49,https://www.jepx.jp/_download.php?dir=spot_summary&file=spot_summary_2019.csv
2019-08-21,jepx-spread-range-kansai,kansai,7.649999999999999,https://www.jepx.jp/_download.php?dir=spot_summary&file=spot_summary_2019.csv
2019-08-22,jepx-spread-range-kansai,kansai,6.29,https://www.jepx.jp/_download.php?dir=spot_summary&file=spot_summary_2019.csv
2019-08-23,jepx-spread-range-kansai,kansai,6.23,https://www.jepx.jp/_download.php?dir=spot_summary&file=spot_summary_2019.csv
2019-08-24,jepx-spread-range-kansai,kansai,3.3400000000000007,https://www.jepx.jp/_download.php?dir=spot_summary&file=spot_summary_2019.csv
2019-08-25,jepx-spread-range-kansai,kansai,5.03,https://www.jepx.jp/_download.php?dir=spot_summary&file=spot_summary_2019.csv
2019-08-26,jepx-spread-range-kansai,kansai,5.340000000000001,https://www.jepx.jp/_download.php?dir=spot_summary&file=spot_summary_2019.csv
2019-08-27,jepx-spread-range-kansai,kansai,4.9,https://www.jepx.jp/_download.php?dir=spot_summary&file=spot_summary_2019.csv
2019-08-28,jepx-spread-range-kansai,kansai,3.5500000000000007,https://www.jepx.jp/_download.php?dir=spot_summary&file=spot_summary_2019.csv
2019-08-29,jepx-spread-range-kansai,kansai,6.130000000000001,https://www.jepx.jp/_download.php?dir=spot_summary&file=spot_summary_2019.csv
2019-08-30,jepx-spread-range-kansai,kansai,4.710000000000001,https://www.jepx.jp/_download.php?dir=spot_summary&file=spot_summary_2019.csv
2019-08-31,jepx-spread-range-kansai,kansai,4.390000000000001,https://www.jepx.jp/_download.php?dir=spot_summary&file=spot_summary_2019.csv
2019-09-01,jepx-spread-range-kansai,kansai,7.09,https://www.jepx.jp/_download.php?dir=spot_summary&file=spot_summary_2019.csv
2019-09-02,jepx-spread-range-kansai,kansai,10.58,https://www.jepx.jp/_download.php?dir=spot_summary&file=spot_summary_2019.csv
2019-09-03,jepx-spread-range-kansai,kansai,6.72,https://www.jepx.jp/_download.php?dir=spot_summary&file=spot_summary_2019.csv
2019-09-04,jepx-spread-range-kansai,kansai,6.01,https://www.jepx.jp/_download.php?dir=spot_summary&file=spot_summary_2019.csv
2019-09-05,jepx-spread-range-kansai,kansai,5.58,https://www.jepx.jp/_download.php?dir=spot_summary&file=spot_summary_2019.csv
2019-09-06,jepx-spread-range-kansai,kansai,7.620000000000001,https://www.jepx.jp/_download.php?dir=spot_summary&file=spot_summary_2019.csv
2019-09-07,jepx-spread-range-kansai,kansai,5.81,https://www.jepx.jp/_download.php?dir=spot_summary&file=spot_summary_2019.csv
2019-09-08,jepx-spread-range-kansai,kansai,8.64,https://www.jepx.jp/_download.php?dir=spot_summary&file=spot_summary_2019.csv
2019-09-09,jepx-spread-range-kansai,kansai,34.96,https://www.jepx.jp/_download.php?dir=spot_summary&file=spot_summary_2019.csv
2019-09-10,jepx-spread-range-kansai,kansai,43.95,https://www.jepx.jp/_download.php?dir=spot_summary&file=spot_summary_2019.csv
2019-09-11,jepx-spread-range-kansai,kansai,34.84,https://www.jepx.jp/_download.php?dir=spot_summary&file=spot_summary_2019.csv
2019-09-12,jepx-spread-range-kansai,kansai,34.63,https://www.jepx.jp/_download.php?dir=spot_summary&file=spot_summary_2019.csv
2019-09-13,jepx-spread-range-kansai,kansai,7.039999999999999,https://www.jepx.jp/_download.php?dir=spot_summary&file=spot_summary_2019.csv
2019-09-14,jepx-spread-range-kansai,kansai,6.869999999999999,https://www.jepx.jp/_download.php?dir=spot_summary&file=spot_summary_2019.csv
2019-09-15,jepx-spread-range-kansai,kansai,6.18,https://www.jepx.jp/_download.php?dir=spot_summary&file=spot_summary_2019.csv
2019-09-16,jepx-spread-range-kansai,kansai,8.5,https://www.jepx.jp/_download.php?dir=spot_summary&file=spot_summary_2019.csv
2019-09-17,jepx-spread-range-kansai,kansai,34.510000000000005,https://www.jepx.jp/_download.php?dir=spot_summary&file=spot_summary_2019.csv
2019-09-18,jepx-spread-range-kansai,kansai,4.539999999999999,https://www.jepx.jp/_download.php?dir=spot_summary&file=spot_summary_2019.csv
2019-09-19,jepx-spread-range-kansai,kansai,6.369999999999999,https://www.jepx.jp/_download.php?dir=spot_summary&file=spot_summary_2019.csv
2019-09-20,jepx-spread-range-kansai,kansai,3.4799999999999995,https://www.jepx.jp/_download.php?dir=spot_summary&file=spot_summary_2019.csv
2019-09-21,jepx-spread-range-kansai,kansai,2.759999999999999,https://www.jepx.jp/_download.php?dir=spot_summary&file=spot_summary_2019.csv
2019-09-22,jepx-spread-range-kansai,kansai,3.4800000000000004,https://www.jepx.jp/_download.php?dir=spot_summary&file=spot_summary_2019.csv
2019-09-23,jepx-spread-range-kansai,kansai,8.99,https://www.jepx.jp/_download.php?dir=spot_summary&file=spot_summary_2019.csv
2019-09-24,jepx-spread-range-kansai,kansai,7.63,https://www.jepx.jp/_download.php?dir=spot_summary&file=spot_summary_2019.csv
2019-09-25,jepx-spread-range-kansai,kansai,7.19,https://www.jepx.jp/_download.php?dir=spot_summary&file=spot_summary_2019.csv
2019-09-26,jepx-spread-range-kansai,kansai,7.580000000000001,https://www.jepx.jp/_download.php?dir=spot_summary&file=spot_summary_2019.csv
2019-09-27,jepx-spread-range-kansai,kansai,4.53,https://www.jepx.jp/_download.php?dir=spot_summary&file=spot_summary_2019.csv
2019-09-28,jepx-spread-range-kansai,kansai,4.13,https://www.jepx.jp/_download.php?dir=spot_summary&file=spot_summary_2019.csv
2019-09-29,jepx-spread-range-kansai,kansai,4.83,https://www.jepx.jp/_download.php?dir=spot_summary&file=spot_summary_2019.csv
2019-09-30,jepx-spread-range-kansai,kansai,7.96,https://www.jepx.jp/_download.php?dir=spot_summary&file=spot_summary_2019.csv
2019-10-01,jepx-spread-range-kansai,kansai,7.52,https://www.jepx.jp/_download.php?dir=spot_summary&file=spot_summary_2019.csv
2019-10-02,jepx-spread-range-kansai,kansai,13.080000000000002,https://www.jepx.jp/_download.php?dir=spot_summary&file=spot_summary_2019.csv
2019-10-03,jepx-spread-range-kansai,kansai,7.37,https://www.jepx.jp/_download.php?dir=spot_summary&file=spot_summary_2019.csv
2019-10-04,jepx-spread-range-kansai,kansai,22.37,https://www.jepx.jp/_download.php?dir=spot_summary&file=spot_summary_2019.csv
2019-10-05,jepx-spread-range-kansai,kansai,7.0600000000000005,https://www.jepx.jp/_download.php?dir=spot_summary&file=spot_summary_2019.csv
2019-10-06,jepx-spread-range-kansai,kansai,7.150000000000001,https://www.jepx.jp/_download.php?dir=spot_summary&file=spot_summary_2019.csv
2019-10-07,jepx-spread-range-kansai,kansai,9.05,https://www.jepx.jp/_download.php?dir=spot_summary&file=spot_summary_2019.csv
2019-10-08,jepx-spread-range-kansai,kansai,5.93,https://www.jepx.jp/_download.php?dir=spot_summary&file=spot_summary_2019.csv
2019-10-09,jepx-spread-range-kansai,kansai,8.41,https://www.jepx.jp/_download.php?dir=spot_summary&file=spot_summary_2019.csv
2019-10-10,jepx-spread-range-kansai,kansai,7.939999999999999,https://www.jepx.jp/_download.php?dir=spot_summary&file=spot_summary_2019.csv
2019-10-11,jepx-spread-range-kansai,kansai,8.169999999999998,https://www.jepx.jp/_download.php?dir=spot_summary&file=spot_summary_2019.csv
2019-10-12,jepx-spread-range-kansai,kansai,3.69,https://www.jepx.jp/_download.php?dir=spot_summary&file=spot_summary_2019.csv
2019-10-13,jepx-spread-range-kansai,kansai,8.76,https://www.jepx.jp/_download.php?dir=spot_summary&file=spot_summary_2019.csv
2019-10-14,jepx-spread-range-kansai,kansai,6.390000000000001,https://www.jepx.jp/_download.php?dir=spot_summary&file=spot_summary_2019.csv
2019-10-15,jepx-spread-range-kansai,kansai,7.709999999999999,https://www.jepx.jp/_download.php?dir=spot_summary&file=spot_summary_2019.csv
2019-10-16,jepx-spread-range-kansai,kansai,5.5,https://www.jepx.jp/_download.php?dir=spot_summary&file=spot_summary_2019.csv
2019-10-17,jepx-spread-range-kansai,kansai,6.319999999999999,https://www.jepx.jp/_download.php?dir=spot_summary&file=spot_summary_2019.csv
2019-10-18,jepx-spread-range-kansai,kansai,5.959999999999999,https://www.jepx.jp/_download.php?dir=spot_summary&file=spot_summary_2019.csv
2019-10-19,jepx-spread-range-kansai,kansai,2.139999999999999,https://www.jepx.jp/_download.php?dir=spot_summary&file=spot_summary_2019.csv
2019-10-20,jepx-spread-range-kansai,kansai,3.95,https://www.jepx.jp/_download.php?dir=spot_summary&file=spot_summary_2019.csv
2019-10-21,jepx-spread-range-kansai,kansai,6.76,https://www.jepx.jp/_download.php?dir=spot_summary&file=spot_summary_2019.csv
2019-10-22,jepx-spread-range-kansai,kansai,2.17,https://www.jepx.jp/_download.php?dir=spot_summary&file=spot_summary_2019.csv
2019-10-23,jepx-spread-range-kansai,kansai,6.300000000000001,https://www.jepx.jp/_download.php?dir=spot_summary&file=spot_summary_2019.csv
2019-10-24,jepx-spread-range-kansai,kansai,6.289999999999999,https://www.jepx.jp/_download.php?dir=spot_summary&file=spot_summary_2019.csv
2019-10-25,jepx-spread-range-kansai,kansai,4.48,https://www.jepx.jp/_download.php?dir=spot_summary&file=spot_summary_2019.csv
2019-10-26,jepx-spread-range-kansai,kansai,3.66,https://www.jepx.jp/_download.php?dir=spot_summary&file=spot_summary_2019.csv
2019-10-27,jepx-spread-range-kansai,kansai,6.029999999999999,https://www.jepx.jp/_download.php?dir=spot_summary&file=spot_summary_2019.csv
2019-10-28,jepx-spread-range-kansai,kansai,7.76,https://www.jepx.jp/_download.php?dir=spot_summary&file=spot_summary_2019.csv
2019-10-29,jepx-spread-range-kansai,kansai,4.04,https://www.jepx.jp/_download.php?dir=spot_summary&file=spot_summary_2019.csv
2019-10-30,jepx-spread-range-kansai,kansai,6.53,https://www.jepx.jp/_download.php?dir=spot_summary&file=spot_summary_2019.csv
2019-10-31,jepx-spread-range-kansai,kansai,9.97,https://www.jepx.jp/_download.php?dir=spot_summary&file=spot_summary_2019.csv
2019-11-01,jepx-spread-range-kansai,kansai,8.7,https://www.jepx.jp/_download.php?dir=spot_summary&file=spot_summary_2019.csv
2019-11-02,jepx-spread-range-kansai,kansai,8.17,https://www.jepx.jp/_download.php?dir=spot_summary&file=spot_summary_2019.csv
2019-11-03,jepx-spread-range-kansai,kansai,5.24,https://www.jepx.jp/_download.php?dir=spot_summary&file=spot_summary_2019.csv
2019-11-04,jepx-spread-range-kansai,kansai,8.42,https://www.jepx.jp/_download.php?dir=spot_summary&file=spot_summary_2019.csv
2019-11-05,jepx-spread-range-kansai,kansai,7.94,https://www.jepx.jp/_download.php?dir=spot_summary&file=spot_summary_2019.csv
2019-11-06,jepx-spread-range-kansai,kansai,10.51,https://www.jepx.jp/_download.php?dir=spot_summary&file=spot_summary_2019.csv
2019-11-07,jepx-spread-range-kansai,kansai,7.1,https://www.jepx.jp/_download.php?dir=spot_summary&file=spot_summary_2019.csv
2019-11-08,jepx-spread-range-kansai,kansai,8.61,https://www.jepx.jp/_download.php?dir=spot_summary&file=spot_summary_2019.csv
2019-11-09,jepx-spread-range-kansai,kansai,7.930000000000001,https://www.jepx.jp/_download.php?dir=spot_summary&file=spot_summary_2019.csv
2019-11-10,jepx-spread-range-kansai,kansai,6.57,https://www.jepx.jp/_download.php?dir=spot_summary&file=spot_summary_2019.csv
2019-11-11,jepx-spread-range-kansai,kansai,6.990000000000001,https://www.jepx.jp/_download.php?dir=spot_summary&file=spot_summary_2019.csv
2019-11-12,jepx-spread-range-kansai,kansai,7.979999999999999,https://www.jepx.jp/_download.php?dir=spot_summary&file=spot_summary_2019.csv
2019-11-13,jepx-spread-range-kansai,kansai,7.14,https://www.jepx.jp/_download.php?dir=spot_summary&file=spot_summary_2019.csv
2019-11-14,jepx-spread-range-kansai,kansai,5.77,https://www.jepx.jp/_download.php?dir=spot_summary&file=spot_summary_2019.csv
2019-11-15,jepx-spread-range-kansai,kansai,9.06,https://www.jepx.jp/_download.php?dir=spot_summary&file=spot_summary_2019.csv
2019-11-16,jepx-spread-range-kansai,kansai,6.72,https://www.jepx.jp/_download.php?dir=spot_summary&file=spot_summary_2019.csv
2019-11-17,jepx-spread-range-kansai,kansai,6.75,https://www.jepx.jp/_download.php?dir=spot_summary&file=spot_summary_2019.csv
2019-11-18,jepx-spread-range-kansai,kansai,5.220000000000001,https://www.jepx.jp/_download.php?dir=spot_summary&file=spot_summary_2019.csv
2019-11-19,jepx-spread-range-kansai,kansai,8.34,https://www.jepx.jp/_download.php?dir=spot_summary&file=spot_summary_2019.csv
2019-11-20,jepx-spread-range-kansai,kansai,7.34,https://www.jepx.jp/_download.php?dir=spot_summary&file=spot_summary_2019.csv
2019-11-21,jepx-spread-range-kansai,kansai,9.04,https://www.jepx.jp/_download.php?dir=spot_summary&file=spot_summary_2019.csv
2019-11-22,jepx-spread-range-kansai,kansai,6.29,https://www.jepx.jp/_download.php?dir=spot_summary&file=spot_summary_2019.csv
2019-11-23,jepx-spread-range-kansai,kansai,3.09,https://www.jepx.jp/_download.php?dir=spot_summary&file=spot_summary_2019.csv
2019-11-24,jepx-spread-range-kansai,kansai,3.25,https://www.jepx.jp/_download.php?dir=spot_summary&file=spot_summary_2019.csv
2019-11-25,jepx-spread-range-kansai,kansai,4.6,https://www.jepx.jp/_download.php?dir=spot_summary&file=spot_summary_2019.csv
2019-11-26,jepx-spread-range-kansai,kansai,7.950000000000001,https://www.jepx.jp/_download.php?dir=spot_summary&file=spot_summary_2019.csv
2019-11-27,jepx-spread-range-kansai,kansai,7.380000000000001,https://www.jepx.jp/_download.php?dir=spot_summary&file=spot_summary_2019.csv
2019-11-28,jepx-spread-range-kansai,kansai,6.14,https://www.jepx.jp/_download.php?dir=spot_summary&file=spot_summary_2019.csv
2019-11-29,jepx-spread-range-kansai,kansai,5.48,https://www.jepx.jp/_download.php?dir=spot_summary&file=spot_summary_2019.csv
2019-11-30,jepx-spread-range-kansai,kansai,8.440000000000001,https://www.jepx.jp/_download.php?dir=spot_summary&file=spot_summary_2019.csv
2019-12-01,jepx-spread-range-kansai,kansai,3.7,https://www.jepx.jp/_download.php?dir=spot_summary&file=spot_summary_2019.csv
2019-12-02,jepx-spread-range-kansai,kansai,6.459999999999999,https://www.jepx.jp/_download.php?dir=spot_summary&file=spot_summary_2019.csv
2019-12-03,jepx-spread-range-kansai,kansai,6.070000000000001,https://www.jepx.jp/_download.php?dir=spot_summary&file=spot_summary_2019.csv
2019-12-04,jepx-spread-range-kansai,kansai,4.71,https://www.jepx.jp/_download.php?dir=spot_summary&file=spot_summary_2019.csv
2019-12-05,jepx-spread-range-kansai,kansai,10.15,https://www.jepx.jp/_download.php?dir=spot_summary&file=spot_summary_2019.csv
2019-12-06,jepx-spread-range-kansai,kansai,8.27,https://www.jepx.jp/_download.php?dir=spot_summary&file=spot_summary_2019.csv
2019-12-07,jepx-spread-range-kansai,kansai,7.51,https://www.jepx.jp/_download.php?dir=spot_summary&file=spot_summary_2019.csv
2019-12-08,jepx-spread-range-kansai,kansai,7.749999999999999,https://www.jepx.jp/_download.php?dir=spot_summary&file=spot_summary_2019.csv
2019-12-09,jepx-spread-range-kansai,kansai,8.040000000000001,https://www.jepx.jp/_download.php?dir=spot_summary&file=spot_summary_2019.csv
2019-12-10,jepx-spread-range-kansai,kansai,8.110000000000001,https://www.jepx.jp/_download.php?dir=spot_summary&file=spot_summary_2019.csv
2019-12-11,jepx-spread-range-kansai,kansai,4.98,https://www.jepx.jp/_download.php?dir=spot_summary&file=spot_summary_2019.csv
2019-12-12,jepx-spread-range-kansai,kansai,4.090000000000001,https://www.jepx.jp/_download.php?dir=spot_summary&file=spot_summary_2019.csv
2019-12-13,jepx-spread-range-kansai,kansai,6.880000000000001,https://www.jepx.jp/_download.php?dir=spot_summary&file=spot_summary_2019.csv
2019-12-14,jepx-spread-range-kansai,kansai,4.660000000000001,https://www.jepx.jp/_download.php?dir=spot_summary&file=spot_summary_2019.csv
2019-12-15,jepx-spread-range-kansai,kansai,6.35,https://www.jepx.jp/_download.php?dir=spot_summary&file=spot_summary_2019.csv
2019-12-16,jepx-spread-range-kansai,kansai,10.330000000000002,https://www.jepx.jp/_download.php?dir=spot_summary&file=spot_summary_2019.csv
2019-12-17,jepx-spread-range-kansai,kansai,6.94,https://www.jepx.jp/_download.php?dir=spot_summary&file=spot_summary_2019.csv
2019-12-18,jepx-spread-range-kansai,kansai,4.290000000000001,https://www.jepx.jp/_download.php?dir=spot_summary&file=spot_summary_2019.csv
2019-12-19,jepx-spread-range-kansai,kansai,7.37,https://www.jepx.jp/_download.php?dir=spot_summary&file=spot_summary_2019.csv
2019-12-20,jepx-spread-range-kansai,kansai,4.430000000000001,https://www.jepx.jp/_download.php?dir=spot_summary&file=spot_summary_2019.csv
2019-12-21,jepx-spread-range-kansai,kansai,4.3500000000000005,https://www.jepx.jp/_download.php?dir=spot_summary&file=spot_summary_2019.csv
2019-12-22,jepx-spread-range-kansai,kansai,4.750000000000001,https://www.jepx.jp/_download.php?dir=spot_summary&file=spot_summary_2019.csv
2019-12-23,jepx-spread-range-kansai,kansai,8.53,https://www.jepx.jp/_download.php?dir=spot_summary&file=spot_summary_2019.csv
2019-12-24,jepx-spread-range-kansai,kansai,7.63,https://www.jepx.jp/_download.php?dir=spot_summary&file=spot_summary_2019.csv
2019-12-25,jepx-spread-range-kansai,kansai,7.34,https://www.jepx.jp/_download.php?dir=spot_summary&file=spot_summary_2019.csv
2019-12-26,jepx-spread-range-kansai,kansai,6.42,https://www.jepx.jp/_download.php?dir=spot_summary&file=spot_summary_2019.csv
2019-12-27,jepx-spread-range-kansai,kansai,4.7,https://www.jepx.jp/_download.php?dir=spot_summary&file=spot_summary_2019.csv
2019-12-28,jepx-spread-range-kansai,kansai,5.33,https://www.jepx.jp/_download.php?dir=spot_summary&file=spot_summary_2019.csv
2019-12-29,jepx-spread-range-kansai,kansai,4.74,https://www.jepx.jp/_download.php?dir=spot_summary&file=spot_summary_2019.csv
2019-12-30,jepx-spread-range-kansai,kansai,4.489999999999999,https://www.jepx.jp/_download.php?dir=spot_summary&file=spot_summary_2019.csv
2019-12-31,jepx-spread-range-kansai,kansai,5.930000000000001,https://www.jepx.jp/_download.php?dir=spot_summary&file=spot_summary_2019.csv
2020-01-01,jepx-spread-range-kansai,kansai,3.53,https://www.jepx.jp/_download.php?dir=spot_summary&file=spot_summary_2019.csv
2020-01-02,jepx-spread-range-kansai,kansai,4.549999999999999,https://www.jepx.jp/_download.php?dir=spot_summary&file=spot_summary_2019.csv
2020-01-03,jepx-spread-range-kansai,kansai,4.57,https://www.jepx.jp/_download.php?dir=spot_summary&file=spot_summary_2019.csv
2020-01-04,jepx-spread-range-kansai,kansai,4.11,https://www.jepx.jp/_download.php?dir=spot_summary&file=spot_summary_2019.csv
2020-01-05,jepx-spread-range-kansai,kansai,4.09,https://www.jepx.jp/_download.php?dir=spot_summary&file=spot_summary_2019.csv
2020-01-06,jepx-spread-range-kansai,kansai,5.1,https://www.jepx.jp/_download.php?dir=spot_summary&file=spot_summary_2019.csv
2020-01-07,jepx-spread-range-kansai,kansai,6.050000000000001,https://www.jepx.jp/_download.php?dir=spot_summary&file=spot_summary_2019.csv
2020-01-08,jepx-spread-range-kansai,kansai,4.449999999999999,https://www.jepx.jp/_download.php?dir=spot_summary&file=spot_summary_2019.csv
2020-01-09,jepx-spread-range-kansai,kansai,4.299999999999999,https://www.jepx.jp/_download.php?dir=spot_summary&file=spot_summary_2019.csv
2020-01-10,jepx-spread-range-kansai,kansai,6.23,https://www.jepx.jp/_download.php?dir=spot_summary&file=spot_summary_2019.csv
2020-01-11,jepx-spread-range-kansai,kansai,4.1,https://www.jepx.jp/_download.php?dir=spot_summary&file=spot_summary_2019.csv
2020-01-12,jepx-spread-range-kansai,kansai,3.49,https://www.jepx.jp/_download.php?dir=spot_summary&file=spot_summary_2019.csv
2020-01-13,jepx-spread-range-kansai,kansai,6.010000000000001,https://www.jepx.jp/_download.php?dir=spot_summary&file=spot_summary_2019.csv
2020-01-14,jepx-spread-range-kansai,kansai,5.779999999999999,https://www.jepx.jp/_download.php?dir=spot_summary&file=spot_summary_2019.csv
2020-01-15,jepx-spread-range-kansai,kansai,5.8100000000000005,https://www.jepx.jp/_download.php?dir=spot_summary&file=spot_summary_2019.csv
2020-01-16,jepx-spread-range-kansai,kansai,5.24,https://www.jepx.jp/_download.php?dir=spot_summary&file=spot_summary_2019.csv
2020-01-17,jepx-spread-range-kansai,kansai,4.89,https://www.jepx.jp/_download.php?dir=spot_summary&file=spot_summary_2019.csv
2020-01-18,jepx-spread-range-kansai,kansai,6.16,https://www.jepx.jp/_download.php?dir=spot_summary&file=spot_summary_2019.csv
2020-01-19,jepx-spread-range-kansai,kansai,3.65,https://www.jepx.jp/_download.php?dir=spot_summary&file=spot_summary_2019.csv
2020-01-20,jepx-spread-range-kansai,kansai,5.3100000000000005,https://www.jepx.jp/_download.php?dir=spot_summary&file=spot_summary_2019.csv
2020-01-21,jepx-spread-range-kansai,kansai,5.71,https://www.jepx.jp/_download.php?dir=spot_summary&file=spot_summary_2019.csv
2020-01-22,jepx-spread-range-kansai,kansai,5.250000000000001,https://www.jepx.jp/_download.php?dir=spot_summary&file=spot_summary_2019.csv
2020-01-23,jepx-spread-range-kansai,kansai,5.380000000000001,https://www.jepx.jp/_download.php?dir=spot_summary&file=spot_summary_2019.csv
2020-01-24,jepx-spread-range-kansai,kansai,3.75,https://www.jepx.jp/_download.php?dir=spot_summary&file=spot_summary_2019.csv
2020-01-25,jepx-spread-range-kansai,kansai,3.4700000000000006,https://www.jepx.jp/_download.php?dir=spot_summary&file=spot_summary_2019.csv
2020-01-26,jepx-spread-range-kansai,kansai,3.140000000000001,https://www.jepx.jp/_download.php?dir=spot_summary&file=spot_summary_2019.csv
2020-01-27,jepx-spread-range-kansai,kansai,8.469999999999999,https://www.jepx.jp/_download.php?dir=spot_summary&file=spot_summary_2019.csv
2020-01-28,jepx-spread-range-kansai,kansai,5.919999999999999,https://www.jepx.jp/_download.php?dir=spot_summary&file=spot_summary_2019.csv
2020-01-29,jepx-spread-range-kansai,kansai,4.840000000000001,https://www.jepx.jp/_download.php?dir=spot_summary&file=spot_summary_2019.csv
2020-01-30,jepx-spread-range-kansai,kansai,5.05,https://www.jepx.jp/_download.php?dir=spot_summary&file=spot_summary_2019.csv
2020-01-31,jepx-spread-range-kansai,kansai,5.37,https://www.jepx.jp/_download.php?dir=spot_summary&file=spot_summary_2019.csv
2020-02-01,jepx-spread-range-kansai,kansai,5.87,https://www.jepx.jp/_download.php?dir=spot_summary&file=spot_summary_2019.csv
2020-02-02,jepx-spread-range-kansai,kansai,4.02,https://www.jepx.jp/_download.php?dir=spot_summary&file=spot_summary_2019.csv
2020-02-03,jepx-spread-range-kansai,kansai,5.8100000000000005,https://www.jepx.jp/_download.php?dir=spot_summary&file=spot_summary_2019.csv
2020-02-04,jepx-spread-range-kansai,kansai,6.010000000000001,https://www.jepx.jp/_download.php?dir=spot_summary&file=spot_summary_2019.csv
2020-02-05,jepx-spread-range-kansai,kansai,4.199999999999999,https://www.jepx.jp/_download.php?dir=spot_summary&file=spot_summary_2019.csv
2020-02-06,jepx-spread-range-kansai,kansai,12.16,https://www.jepx.jp/_download.php?dir=spot_summary&file=spot_summary_2019.csv
2020-02-07,jepx-spread-range-kansai,kansai,10.05,https://www.jepx.jp/_download.php?dir=spot_summary&file=spot_summary_2019.csv
2020-02-08,jepx-spread-range-kansai,kansai,5.13,https://www.jepx.jp/_download.php?dir=spot_summary&file=spot_summary_2019.csv
2020-02-09,jepx-spread-range-kansai,kansai,5.819999999999999,https://www.jepx.jp/_download.php?dir=spot_summary&file=spot_summary_2019.csv
2020-02-10,jepx-spread-range-kansai,kansai,9.78,https://www.jepx.jp/_download.php?dir=spot_summary&file=spot_summary_2019.csv
2020-02-11,jepx-spread-range-kansai,kansai,6.45,https://www.jepx.jp/_download.php?dir=spot_summary&file=spot_summary_2019.csv
2020-02-12,jepx-spread-range-kansai,kansai,5.199999999999999,https://www.jepx.jp/_download.php?dir=spot_summary&file=spot_summary_2019.csv
2020-02-13,jepx-spread-range-kansai,kansai,4.16,https://www.jepx.jp/_download.php?dir=spot_summary&file=spot_summary_2019.csv
2020-02-14,jepx-spread-range-kansai,kansai,2.01,https://www.jepx.jp/_download.php?dir=spot_summary&file=spot_summary_2019.csv
2020-02-15,jepx-spread-range-kansai,kansai,2.45,https://www.jepx.jp/_download.php?dir=spot_summary&file=spot_summary_2019.csv
2020-02-16,jepx-spread-range-kansai,kansai,1.5100000000000002,https://www.jepx.jp/_download.php?dir=spot_summary&file=spot_summary_2019.csv
2020-02-17,jepx-spread-range-kansai,kansai,5.42,https://www.jepx.jp/_download.php?dir=spot_summary&file=spot_summary_2019.csv
2020-02-18,jepx-spread-range-kansai,kansai,8.85,https://www.jepx.jp/_download.php?dir=spot_summary&file=spot_summary_2019.csv
2020-02-19,jepx-spread-range-kansai,kansai,6.3100000000000005,https://www.jepx.jp/_download.php?dir=spot_summary&file=spot_summary_2019.csv
2020-02-20,jepx-spread-range-kansai,kansai,6.2700000000000005,https://www.jepx.jp/_download.php?dir=spot_summary&file=spot_summary_2019.csv
2020-02-21,jepx-spread-range-kansai,kansai,7.3,https://www.jepx.jp/_download.php?dir=spot_summary&file=spot_summary_2019.csv
2020-02-22,jepx-spread-range-kansai,kansai,4.380000000000001,https://www.jepx.jp/_download.php?dir=spot_summary&file=spot_summary_2019.csv
2020-02-23,jepx-spread-range-kansai,kansai,6.94,https://www.jepx.jp/_download.php?dir=spot_summary&file=spot_summary_2019.csv
2020-02-24,jepx-spread-range-kansai,kansai,8.07,https://www.jepx.jp/_download.php?dir=spot_summary&file=spot_summary_2019.csv
2020-02-25,jepx-spread-range-kansai,kansai,4.87,https://www.jepx.jp/_download.php?dir=spot_summary&file=spot_summary_2019.csv
2020-02-26,jepx-spread-range-kansai,kansai,3.140000000000001,https://www.jepx.jp/_download.php?dir=spot_summary&file=spot_summary_2019.csv
2020-02-27,jepx-spread-range-kansai,kansai,6.35,https://www.jepx.jp/_download.php?dir=spot_summary&file=spot_summary_2019.csv
2020-02-28,jepx-spread-range-kansai,kansai,4.51,https://www.jepx.jp/_download.php?dir=spot_summary&file=spot_summary_2019.csv
2020-02-29,jepx-spread-range-kansai,kansai,3.83,https://www.jepx.jp/_download.php?dir=spot_summary&file=spot_summary_2019.csv
2020-03-01,jepx-spread-range-kansai,kansai,4.209999999999999,https://www.jepx.jp/_download.php?dir=spot_summary&file=spot_summary_2019.csv
2020-03-02,jepx-spread-range-kansai,kansai,6.32,https://www.jepx.jp/_download.php?dir=spot_summary&file=spot_summary_2019.csv
2020-03-03,jepx-spread-range-kansai,kansai,4.199999999999999,https://www.jepx.jp/_download.php?dir=spot_summary&file=spot_summary_2019.csv
2020-03-04,jepx-spread-range-kansai,kansai,6.07,https://www.jepx.jp/_download.php?dir=spot_summary&file=spot_summary_2019.csv
2020-03-05,jepx-spread-range-kansai,kansai,6.12,https://www.jepx.jp/_download.php?dir=spot_summary&file=spot_summary_2019.csv
2020-03-06,jepx-spread-range-kansai,kansai,5.829999999999999,https://www.jepx.jp/_download.php?dir=spot_summary&file=spot_summary_2019.csv
2020-03-07,jepx-spread-range-kansai,kansai,4.18,https://www.jepx.jp/_download.php?dir=spot_summary&file=spot_summary_2019.csv
2020-03-08,jepx-spread-range-kansai,kansai,3.47,https://www.jepx.jp/_download.php?dir=spot_summary&file=spot_summary_2019.csv
2020-03-09,jepx-spread-range-kansai,kansai,4.96,https://www.jepx.jp/_download.php?dir=spot_summary&file=spot_summary_2019.csv
2020-03-10,jepx-spread-range-kansai,kansai,5.2700000000000005,https://www.jepx.jp/_download.php?dir=spot_summary&file=spot_summary_2019.csv
2020-03-11,jepx-spread-range-kansai,kansai,4.57,https://www.jepx.jp/_download.php?dir=spot_summary&file=spot_summary_2019.csv
2020-03-12,jepx-spread-range-kansai,kansai,5.469999999999999,https://www.jepx.jp/_download.php?dir=spot_summary&file=spot_summary_2019.csv
2020-03-13,jepx-spread-range-kansai,kansai,4.0,https://www.jepx.jp/_download.php?dir=spot_summary&file=spot_summary_2019.csv
2020-03-14,jepx-spread-range-kansai,kansai,4.3100000000000005,https://www.jepx.jp/_download.php?dir=spot_summary&file=spot_summary_2019.csv
2020-03-15,jepx-spread-range-kansai,kansai,6.58,https://www.jepx.jp/_download.php?dir=spot_summary&file=spot_summary_2019.csv
2020-03-16,jepx-spread-range-kansai,kansai,10.07,https://www.jepx.jp/_download.php?dir=spot_summary&file=spot_summary_2019.csv
2020-03-17,jepx-spread-range-kansai,kansai,10.99,https://www.jepx.jp/_download.php?dir=spot_summary&file=spot_summary_2019.csv
2020-03-18,jepx-spread-range-kansai,kansai,4.75,https://www.jepx.jp/_download.php?dir=spot_summary&file=spot_summary_2019.csv
2020-03-19,jepx-spread-range-kansai,kansai,3.18,https://www.jepx.jp/_download.php?dir=spot_summary&file=spot_summary_2019.csv
2020-03-20,jepx-spread-range-kansai,kansai,7.049999999999999,https://www.jepx.jp/_download.php?dir=spot_summary&file=spot_summary_2019.csv
2020-03-21,jepx-spread-range-kansai,kansai,7.17,https://www.jepx.jp/_download.php?dir=spot_summary&file=spot_summary_2019.csv
2020-03-22,jepx-spread-range-kansai,kansai,3.620000000000001,https://www.jepx.jp/_download.php?dir=spot_summary&file=spot_summary_2019.csv
2020-03-23,jepx-spread-range-kansai,kansai,7.6,https://www.jepx.jp/_download.php?dir=spot_summary&file=spot_summary_2019.csv
2020-03-24,jepx-spread-range-kansai,kansai,5.11,https://www.jepx.jp/_download.php?dir=spot_summary&file=spot_summary_2019.csv
2020-03-25,jepx-spread-range-kansai,kansai,4.81,https://www.jepx.jp/_download.php?dir=spot_summary&file=spot_summary_2019.csv
2020-03-26,jepx-spread-range-kansai,kansai,1.9599999999999995,https://www.jepx.jp/_download.php?dir=spot_summary&file=spot_summary_2019.csv
2020-03-27,jepx-spread-range-kansai,kansai,1.8200000000000005,https://www.jepx.jp/_download.php?dir=spot_summary&file=spot_summary_2019.csv
2020-03-28,jepx-spread-range-kansai,kansai,1.56,https://www.jepx.jp/_download.php?dir=spot_summary&file=spot_summary_2019.csv
2020-03-29,jepx-spread-range-kansai,kansai,6.3500000000000005,https://www.jepx.jp/_download.php?dir=spot_summary&file=spot_summary_2019.csv
2020-03-30,jepx-spread-range-kansai,kansai,2.94,https://www.jepx.jp/_download.php?dir=spot_summary&file=spot_summary_2019.csv
2020-03-31,jepx-spread-range-kansai,kansai,1.5999999999999996,https://www.jepx.jp/_download.php?dir=spot_summary&file=spot_summary_2019.csv
2020-04-01,jepx-spread-range-kansai,kansai,6.91,https://www.jepx.jp/_download.php?dir=spot_summary&file=spot_summary_2020.csv
2020-04-02,jepx-spread-range-kansai,kansai,7.02,https://www.jepx.jp/_download.php?dir=spot_summary&file=spot_summary_2020.csv
2020-04-03,jepx-spread-range-kansai,kansai,5.3,https://www.jepx.jp/_download.php?dir=spot_summary&file=spot_summary_2020.csv
2020-04-04,jepx-spread-range-kansai,kansai,6.75,https://www.jepx.jp/_download.php?dir=spot_summary&file=spot_summary_2020.csv
2020-04-05,jepx-spread-range-kansai,kansai,7.58,https://www.jepx.jp/_download.php?dir=spot_summary&file=spot_summary_2020.csv
2020-04-06,jepx-spread-range-kansai,kansai,9.23,https://www.jepx.jp/_download.php?dir=spot_summary&file=spot_summary_2020.csv
2020-04-07,jepx-spread-range-kansai,kansai,6.710000000000001,https://www.jepx.jp/_download.php?dir=spot_summary&file=spot_summary_2020.csv
2020-04-08,jepx-spread-range-kansai,kansai,6.75,https://www.jepx.jp/_download.php?dir=spot_summary&file=spot_summary_2020.csv
2020-04-09,jepx-spread-range-kansai,kansai,6.75,https://www.jepx.jp/_download.php?dir=spot_summary&file=spot_summary_2020.csv
2020-04-10,jepx-spread-range-kansai,kansai,6.31,https://www.jepx.jp/_download.php?dir=spot_summary&file=spot_summary_2020.csv
2020-04-11,jepx-spread-range-kansai,kansai,5.68,https://www.jepx.jp/_download.php?dir=spot_summary&file=spot_summary_2020.csv
2020-04-12,jepx-spread-range-kansai,kansai,4.15,https://www.jepx.jp/_download.php?dir=spot_summary&file=spot_summary_2020.csv
2020-04-13,jepx-spread-range-kansai,kansai,4.16,https://www.jepx.jp/_download.php?dir=spot_summary&file=spot_summary_2020.csv
2020-04-14,jepx-spread-range-kansai,kansai,6.59,https://www.jepx.jp/_download.php?dir=spot_summary&file=spot_summary_2020.csv
2020-04-15,jepx-spread-range-kansai,kansai,3.83,https://www.jepx.jp/_download.php?dir=spot_summary&file=spot_summary_2020.csv
2020-04-16,jepx-spread-range-kansai,kansai,6.23,https://www.jepx.jp/_download.php?dir=spot_summary&file=spot_summary_2020.csv
2020-04-17,jepx-spread-range-kansai,kansai,3.0500000000000007,https://www.jepx.jp/_download.php?dir=spot_summary&file=spot_summary_2020.csv
2020-04-18,jepx-spread-range-kansai,kansai,5.930000000000001,https://www.jepx.jp/_download.php?dir=spot_summary&file=spot_summary_2020.csv
2020-04-19,jepx-spread-range-kansai,kansai,6.32,https://www.jepx.jp/_download.php?dir=spot_summary&file=spot_summary_2020.csv
2020-04-20,jepx-spread-range-kansai,kansai,4.49,https://www.jepx.jp/_download.php?dir=spot_summary&file=spot_summary_2020.csv
2020-04-21,jepx-spread-range-kansai,kansai,1.81,https://www.jepx.jp/_download.php?dir=spot_summary&file=spot_summary_2020.csv
2020-04-22,jepx-spread-range-kansai,kansai,3.18,https://www.jepx.jp/_download.php?dir=spot_summary&file=spot_summary_2020.csv
2020-04-23,jepx-spread-range-kansai,kansai,3.13,https://www.jepx.jp/_download.php?dir=spot_summary&file=spot_summary_2020.csv
2020-04-24,jepx-spread-range-kansai,kansai,2.98,https://www.jepx.jp/_download.php?dir=spot_summary&file=spot_summary_2020.csv
2020-04-25,jepx-spread-range-kansai,kansai,5.17,https://www.jepx.jp/_download.php?dir=spot_summary&file=spot_summary_2020.csv
2020-04-26,jepx-spread-range-kansai,kansai,5.17,https://www.jepx.jp/_download.php?dir=spot_summary&file=spot_summary_2020.csv
2020-04-27,jepx-spread-range-kansai,kansai,5.25,https://www.jepx.jp/_download.php?dir=spot_summary&file=spot_summary_2020.csv
2020-04-28,jepx-spread-range-kansai,kansai,7.88,https://www.jepx.jp/_download.php?dir=spot_summary&file=spot_summary_2020.csv
2020-04-29,jepx-spread-range-kansai,kansai,5.66,https://www.jepx.jp/_download.php?dir=spot_summary&file=spot_summary_2020.csv
2020-04-30,jepx-spread-range-kansai,kansai,6.5600000000000005,https://www.jepx.jp/_download.php?dir=spot_summary&file=spot_summary_2020.csv
2020-05-01,jepx-spread-range-kansai,kansai,7.56,https://www.jepx.jp/_download.php?dir=spot_summary&file=spot_summary_2020.csv
2020-05-02,jepx-spread-range-kansai,kansai,7.56,https://www.jepx.jp/_download.php?dir=spot_summary&file=spot_summary_2020.csv
2020-05-03,jepx-spread-range-kansai,kansai,3.96,https://www.jepx.jp/_download.php?dir=spot_summary&file=spot_summary_2020.csv
2020-05-04,jepx-spread-range-kansai,kansai,4.98,https://www.jepx.jp/_download.php?dir=spot_summary&file=spot_summary_2020.csv
2020-05-05,jepx-spread-range-kansai,kansai,6.7700000000000005,https://www.jepx.jp/_download.php?dir=spot_summary&file=spot_summary_2020.csv
2020-05-06,jepx-spread-range-kansai,kansai,5.75,https://www.jepx.jp/_download.php?dir=spot_summary&file=spot_summary_2020.csv
2020-05-07,jepx-spread-range-kansai,kansai,8.49,https://www.jepx.jp/_download.php?dir=spot_summary&file=spot_summary_2020.csv
2020-05-08,jepx-spread-range-kansai,kansai,4.88,https://www.jepx.jp/_download.php?dir=spot_summary&file=spot_summary_2020.csv
2020-05-09,jepx-spread-range-kansai,kansai,3.7,https://www.jepx.jp/_download.php?dir=spot_summary&file=spot_summary_2020.csv
2020-05-10,jepx-spread-range-kansai,kansai,2.2,https://www.jepx.jp/_download.php?dir=spot_summary&file=spot_summary_2020.csv
2020-05-11,jepx-spread-range-kansai,kansai,5.11,https://www.jepx.jp/_download.php?dir=spot_summary&file=spot_summary_2020.csv
2020-05-12,jepx-spread-range-kansai,kansai,4.59,https://www.jepx.jp/_download.php?dir=spot_summary&file=spot_summary_2020.csv
2020-05-13,jepx-spread-range-kansai,kansai,4.59,https://www.jepx.jp/_download.php?dir=spot_summary&file=spot_summary_2020.csv
2020-05-14,jepx-spread-range-kansai,kansai,7.56,https://www.jepx.jp/_download.php?dir=spot_summary&file=spot_summary_2020.csv
2020-05-15,jepx-spread-range-kansai,kansai,6.1000000000000005,https://www.jepx.jp/_download.php?dir=spot_summary&file=spot_summary_2020.csv
2020-05-16,jepx-spread-range-kansai,kansai,5.130000000000001,https://www.jepx.jp/_download.php?dir=spot_summary&file=spot_summary_2020.csv
2020-05-17,jepx-spread-range-kansai,kansai,7.09,https://www.jepx.jp/_download.php?dir=spot_summary&file=spot_summary_2020.csv
2020-05-18,jepx-spread-range-kansai,kansai,6.76,https://www.jepx.jp/_download.php?dir=spot_summary&file=spot_summary_2020.csv
2020-05-19,jepx-spread-range-kansai,kansai,5.6000000000000005,https://www.jepx.jp/_download.php?dir=spot_summary&file=spot_summary_2020.csv
2020-05-20,jepx-spread-range-kansai,kansai,6.67,https://www.jepx.jp/_download.php?dir=spot_summary&file=spot_summary_2020.csv
2020-05-21,jepx-spread-range-kansai,kansai,6.59,https://www.jepx.jp/_download.php?dir=spot_summary&file=spot_summary_2020.csv
2020-05-22,jepx-spread-range-kansai,kansai,6.119999999999999,https://www.jepx.jp/_download.php?dir=spot_summary&file=spot_summary_2020.csv
2020-05-23,jepx-spread-range-kansai,kansai,7.31,https://www.jepx.jp/_download.php?dir=spot_summary&file=spot_summary_2020.csv
2020-05-24,jepx-spread-range-kansai,kansai,6.63,https://www.jepx.jp/_download.php?dir=spot_summary&file=spot_summary_2020.csv
2020-05-25,jepx-spread-range-kansai,kansai,5.43,https://www.jepx.jp/_download.php?dir=spot_summary&file=spot_summary_2020.csv
2020-05-26,jepx-spread-range-kansai,kansai,5.74,https://www.jepx.jp/_download.php?dir=spot_summary&file=spot_summary_2020.csv
2020-05-27,jepx-spread-range-kansai,kansai,8.03,https://www.jepx.jp/_download.php?dir=spot_summary&file=spot_summary_2020.csv
2020-05-28,jepx-spread-range-kansai,kansai,7.87,https://www.jepx.jp/_download.php?dir=spot_summary&file=spot_summary_2020.csv
2020-05-29,jepx-spread-range-kansai,kansai,8.35,https://www.jepx.jp/_download.php?dir=spot_summary&file=spot_summary_2020.csv
2020-05-30,jepx-spread-range-kansai,kansai,6.57,https://www.jepx.jp/_download.php?dir=spot_summary&file=spot_summary_2020.csv
2020-05-31,jepx-spread-range-kansai,kansai,6.62,https://www.jepx.jp/_download.php?dir=spot_summary&file=spot_summary_2020.csv
2020-06-01,jepx-spread-range-kansai,kansai,2.79,https://www.jepx.jp/_download.php?dir=spot_summary&file=spot_summary_2020.csv
2020-06-02,jepx-spread-range-kansai,kansai,4.59,https://www.jepx.jp/_download.php?dir=spot_summary&file=spot_summary_2020.csv
2020-06-03,jepx-spread-range-kansai,kansai,5.49,https://www.jepx.jp/_download.php?dir=spot_summary&file=spot_summary_2020.csv
2020-06-04,jepx-spread-range-kansai,kansai,6.44,https://www.jepx.jp/_download.php?dir=spot_summary&file=spot_summary_2020.csv
2020-06-05,jepx-spread-range-kansai,kansai,3.62,https://www.jepx.jp/_download.php?dir=spot_summary&file=spot_summary_2020.csv
2020-06-06,jepx-spread-range-kansai,kansai,2.3399999999999994,https://www.jepx.jp/_download.php?dir=spot_summary&file=spot_summary_2020.csv
2020-06-07,jepx-spread-range-kansai,kansai,4.930000000000001,https://www.jepx.jp/_download.php?dir=spot_summary&file=spot_summary_2020.csv
2020-06-08,jepx-spread-range-kansai,kansai,6.710000000000001,https://www.jepx.jp/_download.php?dir=spot_summary&file=spot_summary_2020.csv
2020-06-09,jepx-spread-range-kansai,kansai,5.43,https://www.jepx.jp/_download.php?dir=spot_summary&file=spot_summary_2020.csv
2020-06-10,jepx-spread-range-kansai,kansai,6.459999999999999,https://www.jepx.jp/_download.php?dir=spot_summary&file=spot_summary_2020.csv
2020-06-11,jepx-spread-range-kansai,kansai,11.95,https://www.jepx.jp/_download.php?dir=spot_summary&file=spot_summary_2020.csv
2020-06-12,jepx-spread-range-kansai,kansai,8.07,https://www.jepx.jp/_download.php?dir=spot_summary&file=spot_summary_2020.csv
2020-06-13,jepx-spread-range-kansai,kansai,4.05,https://www.jepx.jp/_download.php?dir=spot_summary&file=spot_summary_2020.csv
2020-06-14,jepx-spread-range-kansai,kansai,3.75,https://www.jepx.jp/_download.php?dir=spot_summary&file=spot_summary_2020.csv
2020-06-15,jepx-spread-range-kansai,kansai,6.32,https://www.jepx.jp/_download.php?dir=spot_summary&file=spot_summary_2020.csv
2020-06-16,jepx-spread-range-kansai,kansai,5.99,https://www.jepx.jp/_download.php?dir=spot_summary&file=spot_summary_2020.csv
2020-06-17,jepx-spread-range-kansai,kansai,4.969999999999999,https://www.jepx.jp/_download.php?dir=spot_summary&file=spot_summary_2020.csv
2020-06-18,jepx-spread-range-kansai,kansai,4.109999999999999,https://www.jepx.jp/_download.php?dir=spot_summary&file=spot_summary_2020.csv
2020-06-19,jepx-spread-range-kansai,kansai,3.94,https://www.jepx.jp/_download.php?dir=spot_summary&file=spot_summary_2020.csv
2020-06-20,jepx-spread-range-kansai,kansai,4.930000000000001,https://www.jepx.jp/_download.php?dir=spot_summary&file=spot_summary_2020.csv
2020-06-21,jepx-spread-range-kansai,kansai,5.140000000000001,https://www.jepx.jp/_download.php?dir=spot_summary&file=spot_summary_2020.csv
2020-06-22,jepx-spread-range-kansai,kansai,4.959999999999999,https://www.jepx.jp/_download.php?dir=spot_summary&file=spot_summary_2020.csv
2020-06-23,jepx-spread-range-kansai,kansai,3.71,https://www.jepx.jp/_download.php?dir=spot_summary&file=spot_summary_2020.csv
2020-06-24,jepx-spread-range-kansai,kansai,4.709999999999999,https://www.jepx.jp/_download.php?dir=spot_summary&file=spot_summary_2020.csv
2020-06-25,jepx-spread-range-kansai,kansai,5.049999999999999,https://www.jepx.jp/_download.php?dir=spot_summary&file=spot_summary_2020.csv
2020-06-26,jepx-spread-range-kansai,kansai,4.710000000000001,https://www.jepx.jp/_download.php?dir=spot_summary&file=spot_summary_2020.csv
2020-06-27,jepx-spread-range-kansai,kansai,4.039999999999999,https://www.jepx.jp/_download.php?dir=spot_summary&file=spot_summary_2020.csv
2020-06-28,jepx-spread-range-kansai,kansai,4.16,https://www.jepx.jp/_download.php?dir=spot_summary&file=spot_summary_2020.csv
2020-06-29,jepx-spread-range-kansai,kansai,3.3500000000000005,https://www.jepx.jp/_download.php?dir=spot_summary&file=spot_summary_2020.csv
2020-06-30,jepx-spread-range-kansai,kansai,3.25,https://www.jepx.jp/_download.php?dir=spot_summary&file=spot_summary_2020.csv
2020-07-01,jepx-spread-range-kansai,kansai,3.7,https://www.jepx.jp/_download.php?dir=spot_summary&file=spot_summary_2020.csv
2020-07-02,jepx-spread-range-kansai,kansai,4.3100000000000005,https://www.jepx.jp/_download.php?dir=spot_summary&file=spot_summary_2020.csv
2020-07-03,jepx-spread-range-kansai,kansai,4.04,https://www.jepx.jp/_download.php?dir=spot_summary&file=spot_summary_2020.csv
2020-07-04,jepx-spread-range-kansai,kansai,3.1899999999999995,https://www.jepx.jp/_download.php?dir=spot_summary&file=spot_summary_2020.csv
2020-07-05,jepx-spread-range-kansai,kansai,3.97,https://www.jepx.jp/_download.php?dir=spot_summary&file=spot_summary_2020.csv
2020-07-06,jepx-spread-range-kansai,kansai,6.68,https://www.jepx.jp/_download.php?dir=spot_summary&file=spot_summary_2020.csv
2020-07-07,jepx-spread-range-kansai,kansai,4.85,https://www.jepx.jp/_download.php?dir=spot_summary&file=spot_summary_2020.csv
2020-07-08,jepx-spread-range-kansai,kansai,4.22,https://www.jepx.jp/_download.php?dir=spot_summary&file=spot_summary_2020.csv
2020-07-09,jepx-spread-range-kansai,kansai,4.779999999999999,https://www.jepx.jp/_download.php?dir=spot_summary&file=spot_summary_2020.csv
2020-07-10,jepx-spread-range-kansai,kansai,4.32,https://www.jepx.jp/_download.php?dir=spot_summary&file=spot_summary_2020.csv
2020-07-11,jepx-spread-range-kansai,kansai,3.76,https://www.jepx.jp/_download.php?dir=spot_summary&file=spot_summary_2020.csv
2020-07-12,jepx-spread-range-kansai,kansai,4.62,https://www.jepx.jp/_download.php?dir=spot_summary&file=spot_summary_2020.csv
2020-07-13,jepx-spread-range-kansai,kansai,5.93,https://www.jepx.jp/_download.php?dir=spot_summary&file=spot_summary_2020.csv
2020-07-14,jepx-spread-range-kansai,kansai,3.4600000000000004,https://www.jepx.jp/_download.php?dir=spot_summary&file=spot_summary_2020.csv
2020-07-15,jepx-spread-range-kansai,kansai,3.0200000000000005,https://www.jepx.jp/_download.php?dir=spot_summary&file=spot_summary_2020.csv
2020-07-16,jepx-spread-range-kansai,kansai,2.9400000000000004,https://www.jepx.jp/_download.php?dir=spot_summary&file=spot_summary_2020.csv
2020-07-17,jepx-spread-range-kansai,kansai,2.97,https://www.jepx.jp/_download.php?dir=spot_summary&file=spot_summary_2020.csv
2020-07-18,jepx-spread-range-kansai,kansai,2.31,https://www.jepx.jp/_download.php?dir=spot_summary&file=spot_summary_2020.csv
2020-07-19,jepx-spread-range-kansai,kansai,4.930000000000001,https://www.jepx.jp/_download.php?dir=spot_summary&file=spot_summary_2020.csv
2020-07-20,jepx-spread-range-kansai,kansai,5.55,https://www.jepx.jp/_download.php?dir=spot_summary&file=spot_summary_2020.csv
2020-07-21,jepx-spread-range-kansai,kansai,3.02,https://www.jepx.jp/_download.php?dir=spot_summary&file=spot_summary_2020.csv
2020-07-22,jepx-spread-range-kansai,kansai,4.92,https://www.jepx.jp/_download.php?dir=spot_summary&file=spot_summary_2020.csv
2020-07-23,jepx-spread-range-kansai,kansai,2.81,https://www.jepx.jp/_download.php?dir=spot_summary&file=spot_summary_2020.csv
2020-07-24,jepx-spread-range-kansai,kansai,2.78,https://www.jepx.jp/_download.php?dir=spot_summary&file=spot_summary_2020.csv
2020-07-25,jepx-spread-range-kansai,kansai,2.7900000000000005,https://www.jepx.jp/_download.php?dir=spot_summary&file=spot_summary_2020.csv
2020-07-26,jepx-spread-range-kansai,kansai,5.92,https://www.jepx.jp/_download.php?dir=spot_summary&file=spot_summary_2020.csv
2020-07-27,jepx-spread-range-kansai,kansai,14.99,https://www.jepx.jp/_download.php?dir=spot_summary&file=spot_summary_2020.csv
2020-07-28,jepx-spread-range-kansai,kansai,6.82,https://www.jepx.jp/_download.php?dir=spot_summary&file=spot_summary_2020.csv
2020-07-29,jepx-spread-range-kansai,kansai,4.390000000000001,https://www.jepx.jp/_download.php?dir=spot_summary&file=spot_summary_2020.csv
2020-07-30,jepx-spread-range-kansai,kansai,4.94,https://www.jepx.jp/_download.php?dir=spot_summary&file=spot_summary_2020.csv
2020-07-31,jepx-spread-range-kansai,kansai,5.08,https://www.jepx.jp/_download.php?dir=spot_summary&file=spot_summary_2020.csv
2020-08-01,jepx-spread-range-kansai,kansai,4.1,https://www.jepx.jp/_download.php?dir=spot_summary&file=spot_summary_2020.csv
2020-08-02,jepx-spread-range-kansai,kansai,5.73,https://www.jepx.jp/_download.php?dir=spot_summary&file=spot_summary_2020.csv
2020-08-03,jepx-spread-range-kansai,kansai,6.779999999999999,https://www.jepx.jp/_download.php?dir=spot_summary&file=spot_summary_2020.csv
2020-08-04,jepx-spread-range-kansai,kansai,5.27,https://www.jepx.jp/_download.php?dir=spot_summary&file=spot_summary_2020.csv
2020-08-05,jepx-spread-range-kansai,kansai,11.84,https://www.jepx.jp/_download.php?dir=spot_summary&file=spot_summary_2020.csv
2020-08-06,jepx-spread-range-kansai,kansai,10.46,https://www.jepx.jp/_download.php?dir=spot_summary&file=spot_summary_2020.csv
2020-08-07,jepx-spread-range-kansai,kansai,9.66,https://www.jepx.jp/_download.php?dir=spot_summary&file=spot_summary_2020.csv
2020-08-08,jepx-spread-range-kansai,kansai,4.26,https://www.jepx.jp/_download.php?dir=spot_summary&file=spot_summary_2020.csv
2020-08-09,jepx-spread-range-kansai,kansai,7.0600000000000005,https://www.jepx.jp/_download.php?dir=spot_summary&file=spot_summary_2020.csv
2020-08-10,jepx-spread-range-kansai,kansai,4.43,https://www.jepx.jp/_download.php?dir=spot_summary&file=spot_summary_2020.csv
2020-08-11,jepx-spread-range-kansai,kansai,8.329999999999998,https://www.jepx.jp/_download.php?dir=spot_summary&file=spot_summary_2020.csv
2020-08-12,jepx-spread-range-kansai,kansai,9.15,https://www.jepx.jp/_download.php?dir=spot_summary&file=spot_summary_2020.csv
2020-08-13,jepx-spread-range-kansai,kansai,5.5200000000000005,https://www.jepx.jp/_download.php?dir=spot_summary&file=spot_summary_2020.csv
2020-08-14,jepx-spread-range-kansai,kansai,4.199999999999999,https://www.jepx.jp/_download.php?dir=spot_summary&file=spot_summary_2020.csv
2020-08-15,jepx-spread-range-kansai,kansai,10.99,https://www.jepx.jp/_download.php?dir=spot_summary&file=spot_summary_2020.csv
2020-08-16,jepx-spread-range-kansai,kansai,7.549999999999999,https://www.jepx.jp/_download.php?dir=spot_summary&file=spot_summary_2020.csv
2020-08-17,jepx-spread-range-kansai,kansai,42.0,https://www.jepx.jp/_download.php?dir=spot_summary&file=spot_summary_2020.csv
2020-08-18,jepx-spread-range-kansai,kansai,36.58,https://www.jepx.jp/_download.php?dir=spot_summary&file=spot_summary_2020.csv
2020-08-19,jepx-spread-range-kansai,kansai,41.58,https://www.jepx.jp/_download.php?dir=spot_summary&file=spot_summary_2020.csv
2020-08-20,jepx-spread-range-kansai,kansai,35.91,https://www.jepx.jp/_download.php?dir=spot_summary&file=spot_summary_2020.csv
2020-08-21,jepx-spread-range-kansai,kansai,46.370000000000005,https://www.jepx.jp/_download.php?dir=spot_summary&file=spot_summary_2020.csv
2020-08-22,jepx-spread-range-kansai,kansai,4.799999999999999,https://www.jepx.jp/_download.php?dir=spot_summary&file=spot_summary_2020.csv
2020-08-23,jepx-spread-range-kansai,kansai,5.54,https://www.jepx.jp/_download.php?dir=spot_summary&file=spot_summary_2020.csv
2020-08-24,jepx-spread-range-kansai,kansai,26.51,https://www.jepx.jp/_download.php?dir=spot_summary&file=spot_summary_2020.csv
2020-08-25,jepx-spread-range-kansai,kansai,41.19,https://www.jepx.jp/_download.php?dir=spot_summary&file=spot_summary_2020.csv
2020-08-26,jepx-spread-range-kansai,kansai,45.76,https://www.jepx.jp/_download.php?dir=spot_summary&file=spot_summary_2020.csv
2020-08-27,jepx-spread-range-kansai,kansai,45.7,https://www.jepx.jp/_download.php?dir=spot_summary&file=spot_summary_2020.csv
2020-08-28,jepx-spread-range-kansai,kansai,45.74,https://www.jepx.jp/_download.php?dir=spot_summary&file=spot_summary_2020.csv
2020-08-29,jepx-spread-range-kansai,kansai,12.8,https://www.jepx.jp/_download.php?dir=spot_summary&file=spot_summary_2020.csv
2020-08-30,jepx-spread-range-kansai,kansai,15.88,https://www.jepx.jp/_download.php?dir=spot_summary&file=spot_summary_2020.csv
2020-08-31,jepx-spread-range-kansai,kansai,44.93,https://www.jepx.jp/_download.php?dir=spot_summary&file=spot_summary_2020.csv
2020-09-01,jepx-spread-range-kansai,kansai,46.1,https://www.jepx.jp/_download.php?dir=spot_summary&file=spot_summary_2020.csv
2020-09-02,jepx-spread-range-kansai,kansai,45.56999999999999,https://www.jepx.jp/_download.php?dir=spot_summary&file=spot_summary_2020.csv
2020-09-03,jepx-spread-range-kansai,kansai,45.45,https://www.jepx.jp/_download.php?dir=spot_summary&file=spot_summary_2020.csv
2020-09-04,jepx-spread-range-kansai,kansai,41.62,https://www.jepx.jp/_download.php?dir=spot_summary&file=spot_summary_2020.csv
2020-09-05,jepx-spread-range-kansai,kansai,10.88,https://www.jepx.jp/_download.php?dir=spot_summary&file=spot_summary_2020.csv
2020-09-06,jepx-spread-range-kansai,kansai,9.71,https://www.jepx.jp/_download.php?dir=spot_summary&file=spot_summary_2020.csv
2020-09-07,jepx-spread-range-kansai,kansai,16.12,https://www.jepx.jp/_download.php?dir=spot_summary&file=spot_summary_2020.csv
2020-09-08,jepx-spread-range-kansai,kansai,16.23,https://www.jepx.jp/_download.php?dir=spot_summary&file=spot_summary_2020.csv
2020-09-09,jepx-spread-range-kansai,kansai,24.09,https://www.jepx.jp/_download.php?dir=spot_summary&file=spot_summary_2020.csv
2020-09-10,jepx-spread-range-kansai,kansai,8.899999999999999,https://www.jepx.jp/_download.php?dir=spot_summary&file=spot_summary_2020.csv
2020-09-11,jepx-spread-range-kansai,kansai,10.84,https://www.jepx.jp/_download.php?dir=spot_summary&file=spot_summary_2020.csv
2020-09-12,jepx-spread-range-kansai,kansai,3.869999999999999,https://www.jepx.jp/_download.php?dir=spot_summary&file=spot_summary_2020.csv
2020-09-13,jepx-spread-range-kansai,kansai,2.65,https://www.jepx.jp/_download.php?dir=spot_summary&file=spot_summary_2020.csv
2020-09-14,jepx-spread-range-kansai,kansai,6.66,https://www.jepx.jp/_download.php?dir=spot_summary&file=spot_summary_2020.csv
2020-09-15,jepx-spread-range-kansai,kansai,6.1000000000000005,https://www.jepx.jp/_download.php?dir=spot_summary&file=spot_summary_2020.csv
2020-09-16,jepx-spread-range-kansai,kansai,5.800000000000001,https://www.jepx.jp/_download.php?dir=spot_summary&file=spot_summary_2020.csv
2020-09-17,jepx-spread-range-kansai,kansai,9.63,https://www.jepx.jp/_download.php?dir=spot_summary&file=spot_summary_2020.csv
2020-09-18,jepx-spread-range-kansai,kansai,10.09,https://www.jepx.jp/_download.php?dir=spot_summary&file=spot_summary_2020.csv
2020-09-19,jepx-spread-range-kansai,kansai,5.09,https://www.jepx.jp/_download.php?dir=spot_summary&file=spot_summary_2020.csv
2020-09-20,jepx-spread-range-kansai,kansai,2.68,https://www.jepx.jp/_download.php?dir=spot_summary&file=spot_summary_2020.csv
2020-09-21,jepx-spread-range-kansai,kansai,3.58,https://www.jepx.jp/_download.php?dir=spot_summary&file=spot_summary_2020.csv
2020-09-22,jepx-spread-range-kansai,kansai,4.630000000000001,https://www.jepx.jp/_download.php?dir=spot_summary&file=spot_summary_2020.csv
2020-09-23,jepx-spread-range-kansai,kansai,9.89,https://www.jepx.jp/_download.php?dir=spot_summary&file=spot_summary_2020.csv
2020-09-24,jepx-spread-range-kansai,kansai,9.010000000000002,https://www.jepx.jp/_download.php?dir=spot_summary&file=spot_summary_2020.csv
2020-09-25,jepx-spread-range-kansai,kansai,8.549999999999999,https://www.jepx.jp/_download.php?dir=spot_summary&file=spot_summary_2020.csv
2020-09-26,jepx-spread-range-kansai,kansai,2.95,https://www.jepx.jp/_download.php?dir=spot_summary&file=spot_summary_2020.csv
2020-09-27,jepx-spread-range-kansai,kansai,6.69,https://www.jepx.jp/_download.php?dir=spot_summary&file=spot_summary_2020.csv
2020-09-28,jepx-spread-range-kansai,kansai,4.6,https://www.jepx.jp/_download.php?dir=spot_summary&file=spot_summary_2020.csv
2020-09-29,jepx-spread-range-kansai,kansai,4.220000000000001,https://www.jepx.jp/_download.php?dir=spot_summary&file=spot_summary_2020.csv
2020-09-30,jepx-spread-range-kansai,kansai,4.220000000000001,https://www.jepx.jp/_download.php?dir=spot_summary&file=spot_summary_2020.csv
2020-10-01,jepx-spread-range-kansai,kansai,9.88,https://www.jepx.jp/_download.php?dir=spot_summary&file=spot_summary_2020.csv
2020-10-02,jepx-spread-range-kansai,kansai,10.18,https://www.jepx.jp/_download.php?dir=spot_summary&file=spot_summary_2020.csv
2020-10-03,jepx-spread-range-kansai,kansai,4.779999999999999,https://www.jepx.jp/_download.php?dir=spot_summary&file=spot_summary_2020.csv
2020-10-04,jepx-spread-range-kansai,kansai,3.03,https://www.jepx.jp/_download.php?dir=spot_summary&file=spot_summary_2020.csv
2020-10-05,jepx-spread-range-kansai,kansai,10.5,https://www.jepx.jp/_download.php?dir=spot_summary&file=spot_summary_2020.csv
2020-10-06,jepx-spread-range-kansai,kansai,10.16,https://www.jepx.jp/_download.php?dir=spot_summary&file=spot_summary_2020.csv
2020-10-07,jepx-spread-range-kansai,kansai,12.15,https://www.jepx.jp/_download.php?dir=spot_summary&file=spot_summary_2020.csv
2020-10-08,jepx-spread-range-kansai,kansai,5.6,https://www.jepx.jp/_download.php?dir=spot_summary&file=spot_summary_2020.csv
2020-10-09,jepx-spread-range-kansai,kansai,9.4,https://www.jepx.jp/_download.php?dir=spot_summary&file=spot_summary_2020.csv
2020-10-10,jepx-spread-range-kansai,kansai,2.65,https://www.jepx.jp/_download.php?dir=spot_summary&file=spot_summary_2020.csv
2020-10-11,jepx-spread-range-kansai,kansai,11.83,https://www.jepx.jp/_download.php?dir=spot_summary&file=spot_summary_2020.csv
2020-10-12,jepx-spread-range-kansai,kansai,11.44,https://www.jepx.jp/_download.php?dir=spot_summary&file=spot_summary_2020.csv
2020-10-13,jepx-spread-range-kansai,kansai,6.92,https://www.jepx.jp/_download.php?dir=spot_summary&file=spot_summary_2020.csv
2020-10-14,jepx-spread-range-kansai,kansai,8.5,https://www.jepx.jp/_download.php?dir=spot_summary&file=spot_summary_2020.csv
2020-10-15,jepx-spread-range-kansai,kansai,11.9,https://www.jepx.jp/_download.php?dir=spot_summary&file=spot_summary_2020.csv
2020-10-16,jepx-spread-range-kansai,kansai,8.11,https://www.jepx.jp/_download.php?dir=spot_summary&file=spot_summary_2020.csv
2020-10-17,jepx-spread-range-kansai,kansai,6.38,https://www.jepx.jp/_download.php?dir=spot_summary&file=spot_summary_2020.csv
2020-10-18,jepx-spread-range-kansai,kansai,4.26,https://www.jepx.jp/_download.php?dir=spot_summary&file=spot_summary_2020.csv
2020-10-19,jepx-spread-range-kansai,kansai,6.539999999999999,https://www.jepx.jp/_download.php?dir=spot_summary&file=spot_summary_2020.csv
2020-10-20,jepx-spread-range-kansai,kansai,11.42,https://www.jepx.jp/_download.php?dir=spot_summary&file=spot_summary_2020.csv
2020-10-21,jepx-spread-range-kansai,kansai,10.38,https://www.jepx.jp/_download.php?dir=spot_summary&file=spot_summary_2020.csv
2020-10-22,jepx-spread-range-kansai,kansai,9.8,https://www.jepx.jp/_download.php?dir=spot_summary&file=spot_summary_2020.csv
2020-10-23,jepx-spread-range-kansai,kansai,11.53,https://www.jepx.jp/_download.php?dir=spot_summary&file=spot_summary_2020.csv
2020-10-24,jepx-spread-range-kansai,kansai,4.88,https://www.jepx.jp/_download.php?dir=spot_summary&file=spot_summary_2020.csv
2020-10-25,jepx-spread-range-kansai,kansai,6.12,https://www.jepx.jp/_download.php?dir=spot_summary&file=spot_summary_2020.csv
2020-10-26,jepx-spread-range-kansai,kansai,13.95,https://www.jepx.jp/_download.php?dir=spot_summary&file=spot_summary_2020.csv
2020-10-27,jepx-spread-range-kansai,kansai,11.41,https://www.jepx.jp/_download.php?dir=spot_summary&file=spot_summary_2020.csv
2020-10-28,jepx-spread-range-kansai,kansai,10.57,https://www.jepx.jp/_download.php?dir=spot_summary&file=spot_summary_2020.csv
2020-10-29,jepx-spread-range-kansai,kansai,14.510000000000002,https://www.jepx.jp/_download.php?dir=spot_summary&file=spot_summary_2020.csv
2020-10-30,jepx-spread-range-kansai,kansai,10.9,https://www.jepx.jp/_download.php?dir=spot_summary&file=spot_summary_2020.csv
2020-10-31,jepx-spread-range-kansai,kansai,7.34,https://www.jepx.jp/_download.php?dir=spot_summary&file=spot_summary_2020.csv
2020-11-01,jepx-spread-range-kansai,kansai,3.77,https://www.jepx.jp/_download.php?dir=spot_summary&file=spot_summary_2020.csv
2020-11-02,jepx-spread-range-kansai,kansai,10.78,https://www.jepx.jp/_download.php?dir=spot_summary&file=spot_summary_2020.csv
2020-11-03,jepx-spread-range-kansai,kansai,4.140000000000001,https://www.jepx.jp/_download.php?dir=spot_summary&file=spot_summary_2020.csv
2020-11-04,jepx-spread-range-kansai,kansai,12.49,https://www.jepx.jp/_download.php?dir=spot_summary&file=spot_summary_2020.csv
2020-11-05,jepx-spread-range-kansai,kansai,11.48,https://www.jepx.jp/_download.php?dir=spot_summary&file=spot_summary_2020.csv
2020-11-06,jepx-spread-range-kansai,kansai,12.65,https://www.jepx.jp/_download.php?dir=spot_summary&file=spot_summary_2020.csv
2020-11-07,jepx-spread-range-kansai,kansai,5.54,https://www.jepx.jp/_download.php?dir=spot_summary&file=spot_summary_2020.csv
2020-11-08,jepx-spread-range-kansai,kansai,5.3,https://www.jepx.jp/_download.php?dir=spot_summary&file=spot_summary_2020.csv
2020-11-09,jepx-spread-range-kansai,kansai,16.2,https://www.jepx.jp/_download.php?dir=spot_summary&file=spot_summary_2020.csv
2020-11-10,jepx-spread-range-kansai,kansai,9.2,https://www.jepx.jp/_download.php?dir=spot_summary&file=spot_summary_2020.csv
2020-11-11,jepx-spread-range-kansai,kansai,13.669999999999998,https://www.jepx.jp/_download.php?dir=spot_summary&file=spot_summary_2020.csv
2020-11-12,jepx-spread-range-kansai,kansai,14.1,https://www.jepx.jp/_download.php?dir=spot_summary&file=spot_summary_2020.csv
2020-11-13,jepx-spread-range-kansai,kansai,11.14,https://www.jepx.jp/_download.php?dir=spot_summary&file=spot_summary_2020.csv
2020-11-14,jepx-spread-range-kansai,kansai,5.09,https://www.jepx.jp/_download.php?dir=spot_summary&file=spot_summary_2020.csv
2020-11-15,jepx-spread-range-kansai,kansai,5.27,https://www.jepx.jp/_download.php?dir=spot_summary&file=spot_summary_2020.csv
2020-11-16,jepx-spread-range-kansai,kansai,11.489999999999998,https://www.jepx.jp/_download.php?dir=spot_summary&file=spot_summary_2020.csv
2020-11-17,jepx-spread-range-kansai,kansai,11.3,https://www.jepx.jp/_download.php?dir=spot_summary&file=spot_summary_2020.csv
2020-11-18,jepx-spread-range-kansai,kansai,7.229999999999999,https://www.jepx.jp/_download.php?dir=spot_summary&file=spot_summary_2020.csv
2020-11-19,jepx-spread-range-kansai,kansai,10.69,https://www.jepx.jp/_download.php?dir=spot_summary&file=spot_summary_2020.csv
2020-11-20,jepx-spread-range-kansai,kansai,5.67,https://www.jepx.jp/_download.php?dir=spot_summary&file=spot_summary_2020.csv
2020-11-21,jepx-spread-range-kansai,kansai,5.12,https://www.jepx.jp/_download.php?dir=spot_summary&file=spot_summary_2020.csv
2020-11-22,jepx-spread-range-kansai,kansai,2.87,https://www.jepx.jp/_download.php?dir=spot_summary&file=spot_summary_2020.csv
2020-11-23,jepx-spread-range-kansai,kansai,5.16,https://www.jepx.jp/_download.php?dir=spot_summary&file=spot_summary_2020.csv
2020-11-24,jepx-spread-range-kansai,kansai,11.05,https://www.jepx.jp/_download.php?dir=spot_summary&file=spot_summary_2020.csv
2020-11-25,jepx-spread-range-kansai,kansai,11.419999999999998,https://www.jepx.jp/_download.php?dir=spot_summary&file=spot_summary_2020.csv
2020-11-26,jepx-spread-range-kansai,kansai,4.890000000000001,https://www.jepx.jp/_download.php?dir=spot_summary&file=spot_summary_2020.csv
2020-11-27,jepx-spread-range-kansai,kansai,7.81,https://www.jepx.jp/_download.php?dir=spot_summary&file=spot_summary_2020.csv
2020-11-28,jepx-spread-range-kansai,kansai,2.79,https://www.jepx.jp/_download.php?dir=spot_summary&file=spot_summary_2020.csv
2020-11-29,jepx-spread-range-kansai,kansai,3.790000000000001,https://www.jepx.jp/_download.php?dir=spot_summary&file=spot_summary_2020.csv
2020-11-30,jepx-spread-range-kansai,kansai,10.55,https://www.jepx.jp/_download.php?dir=spot_summary&file=spot_summary_2020.csv
2020-12-01,jepx-spread-range-kansai,kansai,5.29,https://www.jepx.jp/_download.php?dir=spot_summary&file=spot_summary_2020.csv
2020-12-02,jepx-spread-range-kansai,kansai,6.28,https://www.jepx.jp/_download.php?dir=spot_summary&file=spot_summary_2020.csv
2020-12-03,jepx-spread-range-kansai,kansai,5.97,https://www.jepx.jp/_download.php?dir=spot_summary&file=spot_summary_2020.csv
2020-12-04,jepx-spread-range-kansai,kansai,5.03,https://www.jepx.jp/_download.php?dir=spot_summary&file=spot_summary_2020.csv
2020-12-05,jepx-spread-range-kansai,kansai,5.76,https://www.jepx.jp/_download.php?dir=spot_summary&file=spot_summary_2020.csv
2020-12-06,jepx-spread-range-kansai,kansai,2.7299999999999995,https://www.jepx.jp/_download.php?dir=spot_summary&file=spot_summary_2020.csv
2020-12-07,jepx-spread-range-kansai,kansai,6.26,https://www.jepx.jp/_download.php?dir=spot_summary&file=spot_summary_2020.csv
2020-12-08,jepx-spread-range-kansai,kansai,5.579999999999999,https://www.jepx.jp/_download.php?dir=spot_summary&file=spot_summary_2020.csv
2020-12-09,jepx-spread-range-kansai,kansai,7.659999999999999,https://www.jepx.jp/_download.php?dir=spot_summary&file=spot_summary_2020.csv
2020-12-10,jepx-spread-range-kansai,kansai,4.47,https://www.jepx.jp/_download.php?dir=spot_summary&file=spot_summary_2020.csv
2020-12-11,jepx-spread-range-kansai,kansai,6.46,https://www.jepx.jp/_download.php?dir=spot_summary&file=spot_summary_2020.csv
2020-12-12,jepx-spread-range-kansai,kansai,5.14,https://www.jepx.jp/_download.php?dir=spot_summary&file=spot_summary_2020.csv
2020-12-13,jepx-spread-range-kansai,kansai,4.049999999999999,https://www.jepx.jp/_download.php?dir=spot_summary&file=spot_summary_2020.csv
2020-12-14,jepx-spread-range-kansai,kansai,12.349999999999998,https://www.jepx.jp/_download.php?dir=spot_summary&file=spot_summary_2020.csv
2020-12-15,jepx-spread-range-kansai,kansai,26.18,https://www.jepx.jp/_download.php?dir=spot_summary&file=spot_summary_2020.csv
2020-12-16,jepx-spread-range-kansai,kansai,40.97,https://www.jepx.jp/_download.php?dir=spot_summary&file=spot_summary_2020.csv
2020-12-17,jepx-spread-range-kansai,kansai,53.95,https://www.jepx.jp/_download.php?dir=spot_summary&file=spot_summary_2020.csv
2020-12-18,jepx-spread-range-kansai,kansai,53.59,https://www.jepx.jp/_download.php?dir=spot_summary&file=spot_summary_2020.csv
2020-12-19,jepx-spread-range-kansai,kansai,23.61,https://www.jepx.jp/_download.php?dir=spot_summary&file=spot_summary_2020.csv
2020-12-20,jepx-spread-range-kansai,kansai,15.59,https://www.jepx.jp/_download.php?dir=spot_summary&file=spot_summary_2020.csv
2020-12-21,jepx-spread-range-kansai,kansai,53.56,https://www.jepx.jp/_download.php?dir=spot_summary&file=spot_summary_2020.csv
2020-12-22,jepx-spread-range-kansai,kansai,41.95,https://www.jepx.jp/_download.php?dir=spot_summary&file=spot_summary_2020.csv
2020-12-23,jepx-spread-range-kansai,kansai,14.53,https://www.jepx.jp/_download.php?dir=spot_summary&file=spot_summary_2020.csv
2020-12-24,jepx-spread-range-kansai,kansai,38.1,https://www.jepx.jp/_download.php?dir=spot_summary&file=spot_summary_2020.csv
2020-12-25,jepx-spread-range-kansai,kansai,31.69,https://www.jepx.jp/_download.php?dir=spot_summary&file=spot_summary_2020.csv
2020-12-26,jepx-spread-range-kansai,kansai,64.82,https://www.jepx.jp/_download.php?dir=spot_summary&file=spot_summary_2020.csv
2020-12-27,jepx-spread-range-kansai,kansai,69.31,https://www.jepx.jp/_download.php?dir=spot_summary&file=spot_summary_2020.csv
2020-12-28,jepx-spread-range-kansai,kansai,67.9,https://www.jepx.jp/_download.php?dir=spot_summary&file=spot_summary_2020.csv
2020-12-29,jepx-spread-range-kansai,kansai,44.41,https://www.jepx.jp/_download.php?dir=spot_summary&file=spot_summary_2020.csv
2020-12-30,jepx-spread-range-kansai,kansai,60.34,https://www.jepx.jp/_download.php?dir=spot_summary&file=spot_summary_2020.csv
2020-12-31,jepx-spread-range-kansai,kansai,65.11,https://www.jepx.jp/_download.php?dir=spot_summary&file=spot_summary_2020.csv
2021-01-01,jepx-spread-range-kansai,kansai,62.34,https://www.jepx.jp/_download.php?dir=spot_summary&file=spot_summary_2020.csv
2021-01-02,jepx-spread-range-kansai,kansai,52.98,https://www.jepx.jp/_download.php?dir=spot_summary&file=spot_summary_2020.csv
2021-01-03,jepx-spread-range-kansai,kansai,56.95,https://www.jepx.jp/_download.php?dir=spot_summary&file=spot_summary_2020.csv
2021-01-04,jepx-spread-range-kansai,kansai,72.05,https://www.jepx.jp/_download.php?dir=spot_summary&file=spot_summary_2020.csv
2021-01-05,jepx-spread-range-kansai,kansai,61.010000000000005,https://www.jepx.jp/_download.php?dir=spot_summary&file=spot_summary_2020.csv
2021-01-06,jepx-spread-range-kansai,kansai,40.0,https://www.jepx.jp/_download.php?dir=spot_summary&file=spot_summary_2020.csv
2021-01-07,jepx-spread-range-kansai,kansai,41.010000000000005,https://www.jepx.jp/_download.php?dir=spot_summary&file=spot_summary_2020.csv
2021-01-08,jepx-spread-range-kansai,kansai,38.8,https://www.jepx.jp/_download.php?dir=spot_summary&file=spot_summary_2020.csv
2021-01-09,jepx-spread-range-kansai,kansai,71.0,https://www.jepx.jp/_download.php?dir=spot_summary&file=spot_summary_2020.csv
2021-01-10,jepx-spread-range-kansai,kansai,125.81,https://www.jepx.jp/_download.php?dir=spot_summary&file=spot_summary_2020.csv
2021-01-11,jepx-spread-range-kansai,kansai,90.2,https://www.jepx.jp/_download.php?dir=spot_summary&file=spot_summary_2020.csv
2021-01-12,jepx-spread-range-kansai,kansai,180.0,https://www.jepx.jp/_download.php?dir=spot_summary&file=spot_summary_2020.csv
2021-01-13,jepx-spread-range-kansai,kansai,143.88,https://www.jepx.jp/_download.php?dir=spot_summary&file=spot_summary_2020.csv
2021-01-14,jepx-spread-range-kansai,kansai,213.37,https://www.jepx.jp/_download.php?dir=spot_summary&file=spot_summary_2020.csv
2021-01-15,jepx-spread-range-kansai,kansai,223.21,https://www.jepx.jp/_download.php?dir=spot_summary&file=spot_summary_2020.csv
2021-01-16,jepx-spread-range-kansai,kansai,86.49000000000001,https://www.jepx.jp/_download.php?dir=spot_summary&file=spot_summary_2020.csv
2021-01-17,jepx-spread-range-kansai,kansai,86.36,https://www.jepx.jp/_download.php?dir=spot_summary&file=spot_summary_2020.csv
2021-01-18,jepx-spread-range-kansai,kansai,180.0,https://www.jepx.jp/_download.php?dir=spot_summary&file=spot_summary_2020.csv
2021-01-19,jepx-spread-range-kansai,kansai,170.03,https://www.jepx.jp/_download.php?dir=spot_summary&file=spot_summary_2020.csv
2021-01-20,jepx-spread-range-kansai,kansai,184.81,https://www.jepx.jp/_download.php?dir=spot_summary&file=spot_summary_2020.csv
2021-01-21,jepx-spread-range-kansai,kansai,186.56,https://www.jepx.jp/_download.php?dir=spot_summary&file=spot_summary_2020.csv
2021-01-22,jepx-spread-range-kansai,kansai,174.81,https://www.jepx.jp/_download.php?dir=spot_summary&file=spot_summary_2020.csv
2021-01-23,jepx-spread-range-kansai,kansai,41.44,https://www.jepx.jp/_download.php?dir=spot_summary&file=spot_summary_2020.csv
2021-01-24,jepx-spread-range-kansai,kansai,25.01,https://www.jepx.jp/_download.php?dir=spot_summary&file=spot_summary_2020.csv
2021-01-25,jepx-spread-range-kansai,kansai,24.88,https://www.jepx.jp/_download.php?dir=spot_summary&file=spot_summary_2020.csv
2021-01-26,jepx-spread-range-kansai,kansai,14.76,https://www.jepx.jp/_download.php?dir=spot_summary&file=spot_summary_2020.csv
2021-01-27,jepx-spread-range-kansai,kansai,10.260000000000002,https://www.jepx.jp/_download.php?dir=spot_summary&file=spot_summary_2020.csv
2021-01-28,jepx-spread-range-kansai,kansai,9.43,https://www.jepx.jp/_download.php?dir=spot_summary&file=spot_summary_2020.csv
2021-01-29,jepx-spread-range-kansai,kansai,12.25,https://www.jepx.jp/_download.php?dir=spot_summary&file=spot_summary_2020.csv
2021-01-30,jepx-spread-range-kansai,kansai,9.95,https://www.jepx.jp/_download.php?dir=spot_summary&file=spot_summary_2020.csv
2021-01-31,jepx-spread-range-kansai,kansai,7.0,https://www.jepx.jp/_download.php?dir=spot_summary&file=spot_summary_2020.csv
2021-02-01,jepx-spread-range-kansai,kansai,7.1,https://www.jepx.jp/_download.php?dir=spot_summary&file=spot_summary_2020.csv
2021-02-02,jepx-spread-range-kansai,kansai,5.879999999999999,https://www.jepx.jp/_download.php?dir=spot_summary&file=spot_summary_2020.csv
2021-02-03,jepx-spread-range-kansai,kansai,8.75,https://www.jepx.jp/_download.php?dir=spot_summary&file=spot_summary_2020.csv
2021-02-04,jepx-spread-range-kansai,kansai,5.369999999999999,https://www.jepx.jp/_download.php?dir=spot_summary&file=spot_summary_2020.csv
2021-02-05,jepx-spread-range-kansai,kansai,10.3,https://www.jepx.jp/_download.php?dir=spot_summary&file=spot_summary_2020.csv
2021-02-06,jepx-spread-range-kansai,kansai,4.65,https://www.jepx.jp/_download.php?dir=spot_summary&file=spot_summary_2020.csv
2021-02-07,jepx-spread-range-kansai,kansai,4.41,https://www.jepx.jp/_download.php?dir=spot_summary&file=spot_summary_2020.csv
2021-02-08,jepx-spread-range-kansai,kansai,7.489999999999999,https://www.jepx.jp/_download.php?dir=spot_summary&file=spot_summary_2020.csv
2021-02-09,jepx-spread-range-kansai,kansai,9.16,https://www.jepx.jp/_download.php?dir=spot_summary&file=spot_summary_2020.csv
2021-02-10,jepx-spread-range-kansai,kansai,7.31,https://www.jepx.jp/_download.php?dir=spot_summary&file=spot_summary_2020.csv
2021-02-11,jepx-spread-range-kansai,kansai,4.44,https://www.jepx.jp/_download.php?dir=spot_summary&file=spot_summary_2020.csv
2021-02-12,jepx-spread-range-kansai,kansai,3.1599999999999997,https://www.jepx.jp/_download.php?dir=spot_summary&file=spot_summary_2020.csv
2021-02-13,jepx-spread-range-kansai,kansai,2.78,https://www.jepx.jp/_download.php?dir=spot_summary&file=spot_summary_2020.csv
2021-02-14,jepx-spread-range-kansai,kansai,3.2100000000000004,https://www.jepx.jp/_download.php?dir=spot_summary&file=spot_summary_2020.csv
2021-02-15,jepx-spread-range-kansai,kansai,4.09,https://www.jepx.jp/_download.php?dir=spot_summary&file=spot_summary_2020.csv
2021-02-16,jepx-spread-range-kansai,kansai,5.12,https://www.jepx.jp/_download.php?dir=spot_summary&file=spot_summary_2020.csv
2021-02-17,jepx-spread-range-kansai,kansai,21.8,https://www.jepx.jp/_download.php?dir=spot_summary&file=spot_summary_2020.csv
2021-02-18,jepx-spread-range-kansai,kansai,26.49,https://www.jepx.jp/_download.php?dir=spot_summary&file=spot_summary_2020.csv
2021-02-19,jepx-spread-range-kansai,kansai,6.68,https://www.jepx.jp/_download.php?dir=spot_summary&file=spot_summary_2020.csv
2021-02-20,jepx-spread-range-kansai,kansai,7.39,https://www.jepx.jp/_download.php?dir=spot_summary&file=spot_summary_2020.csv
2021-02-21,jepx-spread-range-kansai,kansai,5.2,https://www.jepx.jp/_download.php?dir=spot_summary&file=spot_summary_2020.csv
2021-02-22,jepx-spread-range-kansai,kansai,5.73,https://www.jepx.jp/_download.php?dir=spot_summary&file=spot_summary_2020.csv
2021-02-23,jepx-spread-range-kansai,kansai,6.35,https://www.jepx.jp/_download.php?dir=spot_summary&file=spot_summary_2020.csv
2021-02-24,jepx-spread-range-kansai,kansai,7.31,https://www.jepx.jp/_download.php?dir=spot_summary&file=spot_summary_2020.csv
2021-02-25,jepx-spread-range-kansai,kansai,6.23,https://www.jepx.jp/_download.php?dir=spot_summary&file=spot_summary_2020.csv
2021-02-26,jepx-spread-range-kansai,kansai,10.03,https://www.jepx.jp/_download.php?dir=spot_summary&file=spot_summary_2020.csv
2021-02-27,jepx-spread-range-kansai,kansai,4.22,https://www.jepx.jp/_download.php?dir=spot_summary&file=spot_summary_2020.csv
2021-02-28,jepx-spread-range-kansai,kansai,3.6,https://www.jepx.jp/_download.php?dir=spot_summary&file=spot_summary_2020.csv
2021-03-01,jepx-spread-range-kansai,kansai,2.630000000000001,https://www.jepx.jp/_download.php?dir=spot_summary&file=spot_summary_2020.csv
2021-03-02,jepx-spread-range-kansai,kansai,7.93,https://www.jepx.jp/_download.php?dir=spot_summary&file=spot_summary_2020.csv
2021-03-03,jepx-spread-range-kansai,kansai,7.51,https://www.jepx.jp/_download.php?dir=spot_summary&file=spot_summary_2020.csv
2021-03-04,jepx-spread-range-kansai,kansai,5.18,https://www.jepx.jp/_download.php?dir=spot_summary&file=spot_summary_2020.csv
2021-03-05,jepx-spread-range-kansai,kansai,5.47,https://www.jepx.jp/_download.php?dir=spot_summary&file=spot_summary_2020.csv
2021-03-06,jepx-spread-range-kansai,kansai,3.629999999999999,https://www.jepx.jp/_download.php?dir=spot_summary&file=spot_summary_2020.csv
2021-03-07,jepx-spread-range-kansai,kansai,5.15,https://www.jepx.jp/_download.php?dir=spot_summary&file=spot_summary_2020.csv
2021-03-08,jepx-spread-range-kansai,kansai,6.1000000000000005,https://www.jepx.jp/_download.php?dir=spot_summary&file=spot_summary_2020.csv
2021-03-09,jepx-spread-range-kansai,kansai,10.13,https://www.jepx.jp/_download.php?dir=spot_summary&file=spot_summary_2020.csv
2021-03-10,jepx-spread-range-kansai,kansai,9.64,https://www.jepx.jp/_download.php?dir=spot_summary&file=spot_summary_2020.csv
2021-03-11,jepx-spread-range-kansai,kansai,10.07,https://www.jepx.jp/_download.php?dir=spot_summary&file=spot_summary_2020.csv
2021-03-12,jepx-spread-range-kansai,kansai,8.6,https://www.jepx.jp/_download.php?dir=spot_summary&file=spot_summary_2020.csv
2021-03-13,jepx-spread-range-kansai,kansai,3.21,https://www.jepx.jp/_download.php?dir=spot_summary&file=spot_summary_2020.csv
2021-03-14,jepx-spread-range-kansai,kansai,7.76,https://www.jepx.jp/_download.php?dir=spot_summary&file=spot_summary_2020.csv
2021-03-15,jepx-spread-range-kansai,kansai,5.08,https://www.jepx.jp/_download.php?dir=spot_summary&file=spot_summary_2020.csv
2021-03-16,jepx-spread-range-kansai,kansai,8.26,https://www.jepx.jp/_download.php?dir=spot_summary&file=spot_summary_2020.csv
2021-03-17,jepx-spread-range-kansai,kansai,10.12,https://www.jepx.jp/_download.php?dir=spot_summary&file=spot_summary_2020.csv
2021-03-18,jepx-spread-range-kansai,kansai,4.58,https://www.jepx.jp/_download.php?dir=spot_summary&file=spot_summary_2020.csv
2021-03-19,jepx-spread-range-kansai,kansai,6.76,https://www.jepx.jp/_download.php?dir=spot_summary&file=spot_summary_2020.csv
2021-03-20,jepx-spread-range-kansai,kansai,5.09,https://www.jepx.jp/_download.php?dir=spot_summary&file=spot_summary_2020.csv
2021-03-21,jepx-spread-range-kansai,kansai,2.43,https://www.jepx.jp/_download.php?dir=spot_summary&file=spot_summary_2020.csv
2021-03-22,jepx-spread-range-kansai,kansai,5.92,https://www.jepx.jp/_download.php?dir=spot_summary&file=spot_summary_2020.csv
2021-03-23,jepx-spread-range-kansai,kansai,7.609999999999999,https://www.jepx.jp/_download.php?dir=spot_summary&file=spot_summary_2020.csv
2021-03-24,jepx-spread-range-kansai,kansai,4.29,https://www.jepx.jp/_download.php?dir=spot_summary&file=spot_summary_2020.csv
2021-03-25,jepx-spread-range-kansai,kansai,6.84,https://www.jepx.jp/_download.php?dir=spot_summary&file=spot_summary_2020.csv
2021-03-26,jepx-spread-range-kansai,kansai,7.17,https://www.jepx.jp/_download.php?dir=spot_summary&file=spot_summary_2020.csv
2021-03-27,jepx-spread-range-kansai,kansai,6.9,https://www.jepx.jp/_download.php?dir=spot_summary&file=spot_summary_2020.csv
2021-03-28,jepx-spread-range-kansai,kansai,1.4500000000000002,https://www.jepx.jp/_download.php?dir=spot_summary&file=spot_summary_2020.csv
2021-03-29,jepx-spread-range-kansai,kansai,7.0600000000000005,https://www.jepx.jp/_download.php?dir=spot_summary&file=spot_summary_2020.csv
2021-03-30,jepx-spread-range-kansai,kansai,3.04,https://www.jepx.jp/_download.php?dir=spot_summary&file=spot_summary_2020.csv
2021-03-31,jepx-spread-range-kansai,kansai,6.37,https://www.jepx.jp/_download.php?dir=spot_summary&file=spot_summary_2020.csv
2021-04-01,jepx-spread-range-kansai,kansai,4.050000000000001,https://www.jepx.jp/_download.php?dir=spot_summary&file=spot_summary_2021.csv
2021-04-02,jepx-spread-range-kansai,kansai,5.37,https://www.jepx.jp/_download.php?dir=spot_summary&file=spot_summary_2021.csv
2021-04-03,jepx-spread-range-kansai,kansai,7.73,https://www.jepx.jp/_download.php?dir=spot_summary&file=spot_summary_2021.csv
2021-04-04,jepx-spread-range-kansai,kansai,2.81,https://www.jepx.jp/_download.php?dir=spot_summary&file=spot_summary_2021.csv
2021-04-05,jepx-spread-range-kansai,kansai,7.279999999999999,https://www.jepx.jp/_download.php?dir=spot_summary&file=spot_summary_2021.csv
2021-04-06,jepx-spread-range-kansai,kansai,4.43,https://www.jepx.jp/_download.php?dir=spot_summary&file=spot_summary_2021.csv
2021-04-07,jepx-spread-range-kansai,kansai,9.99,https://www.jepx.jp/_download.php?dir=spot_summary&file=spot_summary_2021.csv
2021-04-08,jepx-spread-range-kansai,kansai,10.08,https://www.jepx.jp/_download.php?dir=spot_summary&file=spot_summary_2021.csv
2021-04-09,jepx-spread-range-kansai,kansai,9.59,https://www.jepx.jp/_download.php?dir=spot_summary&file=spot_summary_2021.csv
2021-04-10,jepx-spread-range-kansai,kansai,9.85,https://www.jepx.jp/_download.php?dir=spot_summary&file=spot_summary_2021.csv
2021-04-11,jepx-spread-range-kansai,kansai,9.85,https://www.jepx.jp/_download.php?dir=spot_summary&file=spot_summary_2021.csv
2021-04-12,jepx-spread-range-kansai,kansai,6.010000000000001,https://www.jepx.jp/_download.php?dir=spot_summary&file=spot_summary_2021.csv
2021-04-13,jepx-spread-range-kansai,kansai,6.48,https://www.jepx.jp/_download.php?dir=spot_summary&file=spot_summary_2021.csv
2021-04-14,jepx-spread-range-kansai,kansai,7.369999999999999,https://www.jepx.jp/_download.php?dir=spot_summary&file=spot_summary_2021.csv
2021-04-15,jepx-spread-range-kansai,kansai,10.88,https://www.jepx.jp/_download.php?dir=spot_summary&file=spot_summary_2021.csv
2021-04-16,jepx-spread-range-kansai,kansai,4.88,https://www.jepx.jp/_download.php?dir=spot_summary&file=spot_summary_2021.csv
2021-04-17,jepx-spread-range-kansai,kansai,3.770000000000001,https://www.jepx.jp/_download.php?dir=spot_summary&file=spot_summary_2021.csv
2021-04-18,jepx-spread-range-kansai,kansai,10.91,https://www.jepx.jp/_download.php?dir=spot_summary&file=spot_summary_2021.csv
2021-04-19,jepx-spread-range-kansai,kansai,11.52,https://www.jepx.jp/_download.php?dir=spot_summary&file=spot_summary_2021.csv
2021-04-20,jepx-spread-range-kansai,kansai,6.48,https://www.jepx.jp/_download.php?dir=spot_summary&file=spot_summary_2021.csv
2021-04-21,jepx-spread-range-kansai,kansai,11.59,https://www.jepx.jp/_download.php?dir=spot_summary&file=spot_summary_2021.csv
2021-04-22,jepx-spread-range-kansai,kansai,6.290000000000001,https://www.jepx.jp/_download.php?dir=spot_summary&file=spot_summary_2021.csv
2021-04-23,jepx-spread-range-kansai,kansai,5.680000000000001,https://www.jepx.jp/_download.php?dir=spot_summary&file=spot_summary_2021.csv
2021-04-24,jepx-spread-range-kansai,kansai,5.98,https://www.jepx.jp/_download.php?dir=spot_summary&file=spot_summary_2021.csv
2021-04-25,jepx-spread-range-kansai,kansai,9.41,https://www.jepx.jp/_download.php?dir=spot_summary&file=spot_summary_2021.csv
2021-04-26,jepx-spread-range-kansai,kansai,16.1,https://www.jepx.jp/_download.php?dir=spot_summary&file=spot_summary_2021.csv
2021-04-27,jepx-spread-range-kansai,kansai,12.35,https://www.jepx.jp/_download.php?dir=spot_summary&file=spot_summary_2021.csv
2021-04-28,jepx-spread-range-kansai,kansai,21.17,https://www.jepx.jp/_download.php?dir=spot_summary&file=spot_summary_2021.csv
2021-04-29,jepx-spread-range-kansai,kansai,9.12,https://www.jepx.jp/_download.php?dir=spot_summary&file=spot_summary_2021.csv
2021-04-30,jepx-spread-range-kansai,kansai,10.13,https://www.jepx.jp/_download.php?dir=spot_summary&file=spot_summary_2021.csv
2021-05-01,jepx-spread-range-kansai,kansai,4.98,https://www.jepx.jp/_download.php?dir=spot_summary&file=spot_summary_2021.csv
2021-05-02,jepx-spread-range-kansai,kansai,5.089999999999999,https://www.jepx.jp/_download.php?dir=spot_summary&file=spot_summary_2021.csv
2021-05-03,jepx-spread-range-kansai,kansai,9.78,https://www.jepx.jp/_download.php?dir=spot_summary&file=spot_summary_2021.csv
2021-05-04,jepx-spread-range-kansai,kansai,8.18,https://www.jepx.jp/_download.php?dir=spot_summary&file=spot_summary_2021.csv
2021-05-05,jepx-spread-range-kansai,kansai,2.780000000000001,https://www.jepx.jp/_download.php?dir=spot_summary&file=spot_summary_2021.csv
2021-05-06,jepx-spread-range-kansai,kansai,10.62,https://www.jepx.jp/_download.php?dir=spot_summary&file=spot_summary_2021.csv
2021-05-07,jepx-spread-range-kansai,kansai,2.3599999999999994,https://www.jepx.jp/_download.php?dir=spot_summary&file=spot_summary_2021.csv
2021-05-08,jepx-spread-range-kansai,kansai,3.84,https://www.jepx.jp/_download.php?dir=spot_summary&file=spot_summary_2021.csv
2021-05-09,jepx-spread-range-kansai,kansai,7.890000000000001,https://www.jepx.jp/_download.php?dir=spot_summary&file=spot_summary_2021.csv
2021-05-10,jepx-spread-range-kansai,kansai,8.69,https://www.jepx.jp/_download.php?dir=spot_summary&file=spot_summary_2021.csv
2021-05-11,jepx-spread-range-kansai,kansai,8.4,https://www.jepx.jp/_download.php?dir=spot_summary&file=spot_summary_2021.csv
2021-05-12,jepx-spread-range-kansai,kansai,5.4,https://www.jepx.jp/_download.php?dir=spot_summary&file=spot_summary_2021.csv
2021-05-13,jepx-spread-range-kansai,kansai,4.88,https://www.jepx.jp/_download.php?dir=spot_summary&file=spot_summary_2021.csv
2021-05-14,jepx-spread-range-kansai,kansai,5.209999999999999,https://www.jepx.jp/_download.php?dir=spot_summary&file=spot_summary_2021.csv
2021-05-15,jepx-spread-range-kansai,kansai,3.669999999999999,https://www.jepx.jp/_download.php?dir=spot_summary&file=spot_summary_2021.csv
2021-05-16,jepx-spread-range-kansai,kansai,3.3200000000000003,https://www.jepx.jp/_download.php?dir=spot_summary&file=spot_summary_2021.csv
2021-05-17,jepx-spread-range-kansai,kansai,9.45,https://www.jepx.jp/_download.php?dir=spot_summary&file=spot_summary_2021.csv
2021-05-18,jepx-spread-range-kansai,kansai,5.27,https://www.jepx.jp/_download.php?dir=spot_summary&file=spot_summary_2021.csv
2021-05-19,jepx-spread-range-kansai,kansai,4.25,https://www.jepx.jp/_download.php?dir=spot_summary&file=spot_summary_2021.csv
2021-05-20,jepx-spread-range-kansai,kansai,10.36,https://www.jepx.jp/_download.php?dir=spot_summary&file=spot_summary_2021.csv
2021-05-21,jepx-spread-range-kansai,kansai,8.370000000000001,https://www.jepx.jp/_download.php?dir=spot_summary&file=spot_summary_2021.csv
2021-05-22,jepx-spread-range-kansai,kansai,7.529999999999999,https://www.jepx.jp/_download.php?dir=spot_summary&file=spot_summary_2021.csv
2021-05-23,jepx-spread-range-kansai,kansai,9.28,https://www.jepx.jp/_download.php?dir=spot_summary&file=spot_summary_2021.csv
2021-05-24,jepx-spread-range-kansai,kansai,10.73,https://www.jepx.jp/_download.php?dir=spot_summary&file=spot_summary_2021.csv
2021-05-25,jepx-spread-range-kansai,kansai,8.56,https://www.jepx.jp/_download.php?dir=spot_summary&file=spot_summary_2021.csv
2021-05-26,jepx-spread-range-kansai,kansai,3.920000000000001,https://www.jepx.jp/_download.php?dir=spot_summary&file=spot_summary_2021.csv
2021-05-27,jepx-spread-range-kansai,kansai,8.92,https://www.jepx.jp/_download.php?dir=spot_summary&file=spot_summary_2021.csv
2021-05-28,jepx-spread-range-kansai,kansai,4.4,https://www.jepx.jp/_download.php?dir=spot_summary&file=spot_summary_2021.csv
2021-05-29,jepx-spread-range-kansai,kansai,8.15,https://www.jepx.jp/_download.php?dir=spot_summary&file=spot_summary_2021.csv
2021-05-30,jepx-spread-range-kansai,kansai,7.86,https://www.jepx.jp/_download.php?dir=spot_summary&file=spot_summary_2021.csv
2021-05-31,jepx-spread-range-kansai,kansai,4.419999999999999,https://www.jepx.jp/_download.php?dir=spot_summary&file=spot_summary_2021.csv
2021-06-01,jepx-spread-range-kansai,kansai,4.29,https://www.jepx.jp/_download.php?dir=spot_summary&file=spot_summary_2021.csv
2021-06-02,jepx-spread-range-kansai,kansai,2.99,https://www.jepx.jp/_download.php?dir=spot_summary&file=spot_summary_2021.csv
2021-06-03,jepx-spread-range-kansai,kansai,4.61,https://www.jepx.jp/_download.php?dir=spot_summary&file=spot_summary_2021.csv
2021-06-04,jepx-spread-range-kansai,kansai,9.22,https://www.jepx.jp/_download.php?dir=spot_summary&file=spot_summary_2021.csv
2021-06-05,jepx-spread-range-kansai,kansai,3.4700000000000006,https://www.jepx.jp/_download.php?dir=spot_summary&file=spot_summary_2021.csv
2021-06-06,jepx-spread-range-kansai,kansai,6.33,https://www.jepx.jp/_download.php?dir=spot_summary&file=spot_summary_2021.csv
2021-06-07,jepx-spread-range-kansai,kansai,3.29,https://www.jepx.jp/_download.php?dir=spot_summary&file=spot_summary_2021.csv
2021-06-08,jepx-spread-range-kansai,kansai,3.209999999999999,https://www.jepx.jp/_download.php?dir=spot_summary&file=spot_summary_2021.csv
2021-06-09,jepx-spread-range-kansai,kansai,6.44,https://www.jepx.jp/_download.php?dir=spot_summary&file=spot_summary_2021.csv
2021-06-10,jepx-spread-range-kansai,kansai,6.73,https://www.jepx.jp/_download.php?dir=spot_summary&file=spot_summary_2021.csv
2021-06-11,jepx-spread-range-kansai,kansai,9.330000000000002,https://www.jepx.jp/_download.php?dir=spot_summary&file=spot_summary_2021.csv
2021-06-12,jepx-spread-range-kansai,kansai,2.709999999999999,https://www.jepx.jp/_download.php?dir=spot_summary&file=spot_summary_2021.csv
2021-06-13,jepx-spread-range-kansai,kansai,3.47,https://www.jepx.jp/_download.php?dir=spot_summary&file=spot_summary_2021.csv
2021-06-14,jepx-spread-range-kansai,kansai,4.63,https://www.jepx.jp/_download.php?dir=spot_summary&file=spot_summary_2021.csv
2021-06-15,jepx-spread-range-kansai,kansai,4.94,https://www.jepx.jp/_download.php?dir=spot_summary&file=spot_summary_2021.csv
2021-06-16,jepx-spread-range-kansai,kansai,8.030000000000001,https://www.jepx.jp/_download.php?dir=spot_summary&file=spot_summary_2021.csv
2021-06-17,jepx-spread-range-kansai,kansai,5.69,https://www.jepx.jp/_download.php?dir=spot_summary&file=spot_summary_2021.csv
2021-06-18,jepx-spread-range-kansai,kansai,13.740000000000002,https://www.jepx.jp/_download.php?dir=spot_summary&file=spot_summary_2021.csv
2021-06-19,jepx-spread-range-kansai,kansai,2.47,https://www.jepx.jp/_download.php?dir=spot_summary&file=spot_summary_2021.csv
2021-06-20,jepx-spread-range-kansai,kansai,4.52,https://www.jepx.jp/_download.php?dir=spot_summary&file=spot_summary_2021.csv
2021-06-21,jepx-spread-range-kansai,kansai,4.2700000000000005,https://www.jepx.jp/_download.php?dir=spot_summary&file=spot_summary_2021.csv
2021-06-22,jepx-spread-range-kansai,kansai,4.090000000000001,https://www.jepx.jp/_download.php?dir=spot_summary&file=spot_summary_2021.csv
2021-06-23,jepx-spread-range-kansai,kansai,3.97,https://www.jepx.jp/_download.php?dir=spot_summary&file=spot_summary_2021.csv
2021-06-24,jepx-spread-range-kansai,kansai,3.1500000000000004,https://www.jepx.jp/_download.php?dir=spot_summary&file=spot_summary_2021.csv
2021-06-25,jepx-spread-range-kansai,kansai,2.6800000000000006,https://www.jepx.jp/_download.php?dir=spot_summary&file=spot_summary_2021.csv
2021-06-26,jepx-spread-range-kansai,kansai,2.8999999999999995,https://www.jepx.jp/_download.php?dir=spot_summary&file=spot_summary_2021.csv
2021-06-27,jepx-spread-range-kansai,kansai,3.5100000000000007,https://www.jepx.jp/_download.php?dir=spot_summary&file=spot_summary_2021.csv
2021-06-28,jepx-spread-range-kansai,kansai,4.35,https://www.jepx.jp/_download.php?dir=spot_summary&file=spot_summary_2021.csv
2021-06-29,jepx-spread-range-kansai,kansai,2.4700000000000006,https://www.jepx.jp/_download.php?dir=spot_summary&file=spot_summary_2021.csv
2021-06-30,jepx-spread-range-kansai,kansai,4.159999999999999,https://www.jepx.jp/_download.php?dir=spot_summary&file=spot_summary_2021.csv
2021-07-01,jepx-spread-range-kansai,kansai,3.5200000000000005,https://www.jepx.jp/_download.php?dir=spot_summary&file=spot_summary_2021.csv
2021-07-02,jepx-spread-range-kansai,kansai,4.489999999999999,https://www.jepx.jp/_download.php?dir=spot_summary&file=spot_summary_2021.csv
2021-07-03,jepx-spread-range-kansai,kansai,2.6100000000000003,https://www.jepx.jp/_download.php?dir=spot_summary&file=spot_summary_2021.csv
2021-07-04,jepx-spread-range-kansai,kansai,3.1,https://www.jepx.jp/_download.php?dir=spot_summary&file=spot_summary_2021.csv
2021-07-05,jepx-spread-range-kansai,kansai,5.76,https://www.jepx.jp/_download.php?dir=spot_summary&file=spot_summary_2021.csv
2021-07-06,jepx-spread-range-kansai,kansai,8.06,https://www.jepx.jp/_download.php?dir=spot_summary&file=spot_summary_2021.csv
2021-07-07,jepx-spread-range-kansai,kansai,6.82,https://www.jepx.jp/_download.php?dir=spot_summary&file=spot_summary_2021.csv
2021-07-08,jepx-spread-range-kansai,kansai,11.43,https://www.jepx.jp/_download.php?dir=spot_summary&file=spot_summary_2021.csv
2021-07-09,jepx-spread-range-kansai,kansai,3.829999999999999,https://www.jepx.jp/_download.php?dir=spot_summary&file=spot_summary_2021.csv
2021-07-10,jepx-spread-range-kansai,kansai,2.9899999999999998,https://www.jepx.jp/_download.php?dir=spot_summary&file=spot_summary_2021.csv
2021-07-11,jepx-spread-range-kansai,kansai,4.9,https://www.jepx.jp/_download.php?dir=spot_summary&file=spot_summary_2021.csv
2021-07-12,jepx-spread-range-kansai,kansai,4.199999999999999,https://www.jepx.jp/_download.php?dir=spot_summary&file=spot_summary_2021.csv
2021-07-13,jepx-spread-range-kansai,kansai,8.540000000000001,https://www.jepx.jp/_download.php?dir=spot_summary&file=spot_summary_2021.csv
2021-07-14,jepx-spread-range-kansai,kansai,7.75,https://www.jepx.jp/_download.php?dir=spot_summary&file=spot_summary_2021.csv
2021-07-15,jepx-spread-range-kansai,kansai,5.63,https://www.jepx.jp/_download.php?dir=spot_summary&file=spot_summary_2021.csv
2021-07-16,jepx-spread-range-kansai,kansai,5.63,https://www.jepx.jp/_download.php?dir=spot_summary&file=spot_summary_2021.csv
2021-07-17,jepx-spread-range-kansai,kansai,3.3999999999999995,https://www.jepx.jp/_download.php?dir=spot_summary&file=spot_summary_2021.csv
2021-07-18,jepx-spread-range-kansai,kansai,3.709999999999999,https://www.jepx.jp/_download.php?dir=spot_summary&file=spot_summary_2021.csv
2021-07-19,jepx-spread-range-kansai,kansai,8.129999999999999,https://www.jepx.jp/_download.php?dir=spot_summary&file=spot_summary_2021.csv
2021-07-20,jepx-spread-range-kansai,kansai,8.14,https://www.jepx.jp/_download.php?dir=spot_summary&file=spot_summary_2021.csv
2021-07-21,jepx-spread-range-kansai,kansai,13.05,https://www.jepx.jp/_download.php?dir=spot_summary&file=spot_summary_2021.csv
2021-07-22,jepx-spread-range-kansai,kansai,13.329999999999998,https://www.jepx.jp/_download.php?dir=spot_summary&file=spot_summary_2021.csv
2021-07-23,jepx-spread-range-kansai,kansai,4.359999999999999,https://www.jepx.jp/_download.php?dir=spot_summary&file=spot_summary_2021.csv
2021-07-24,jepx-spread-range-kansai,kansai,6.390000000000001,https://www.jepx.jp/_download.php?dir=spot_summary&file=spot_summary_2021.csv
2021-07-25,jepx-spread-range-kansai,kansai,3.86,https://www.jepx.jp/_download.php?dir=spot_summary&file=spot_summary_2021.csv
2021-07-26,jepx-spread-range-kansai,kansai,13.68,https://www.jepx.jp/_download.php?dir=spot_summary&file=spot_summary_2021.csv
2021-07-27,jepx-spread-range-kansai,kansai,4.859999999999999,https://www.jepx.jp/_download.php?dir=spot_summary&file=spot_summary_2021.csv
2021-07-28,jepx-spread-range-kansai,kansai,7.25,https://www.jepx.jp/_download.php?dir=spot_summary&file=spot_summary_2021.csv
2021-07-29,jepx-spread-range-kansai,kansai,9.310000000000002,https://www.jepx.jp/_download.php?dir=spot_summary&file=spot_summary_2021.csv
2021-07-30,jepx-spread-range-kansai,kansai,10.000000000000002,https://www.jepx.jp/_download.php?dir=spot_summary&file=spot_summary_2021.csv
2021-07-31,jepx-spread-range-kansai,kansai,5.2700000000000005,https://www.jepx.jp/_download.php?dir=spot_summary&file=spot_summary_2021.csv
2021-08-01,jepx-spread-range-kansai,kansai,3.540000000000001,https://www.jepx.jp/_download.php?dir=spot_summary&file=spot_summary_2021.csv
2021-08-02,jepx-spread-range-kansai,kansai,13.34,https://www.jepx.jp/_download.php?dir=spot_summary&file=spot_summary_2021.csv
2021-08-03,jepx-spread-range-kansai,kansai,9.73,https://www.jepx.jp/_download.php?dir=spot_summary&file=spot_summary_2021.csv
2021-08-04,jepx-spread-range-kansai,kansai,12.71,https://www.jepx.jp/_download.php?dir=spot_summary&file=spot_summary_2021.csv
2021-08-05,jepx-spread-range-kansai,kansai,22.64,https://www.jepx.jp/_download.php?dir=spot_summary&file=spot_summary_2021.csv
2021-08-06,jepx-spread-range-kansai,kansai,13.159999999999998,https://www.jepx.jp/_download.php?dir=spot_summary&file=spot_summary_2021.csv
2021-08-07,jepx-spread-range-kansai,kansai,13.439999999999998,https://www.jepx.jp/_download.php?dir=spot_summary&file=spot_summary_2021.csv
2021-08-08,jepx-spread-range-kansai,kansai,5.14,https://www.jepx.jp/_download.php?dir=spot_summary&file=spot_summary_2021.csv
2021-08-09,jepx-spread-range-kansai,kansai,12.909999999999998,https://www.jepx.jp/_download.php?dir=spot_summary&file=spot_summary_2021.csv
2021-08-10,jepx-spread-range-kansai,kansai,8.02,https://www.jepx.jp/_download.php?dir=spot_summary&file=spot_summary_2021.csv
2021-08-11,jepx-spread-range-kansai,kansai,8.04,https://www.jepx.jp/_download.php?dir=spot_summary&file=spot_summary_2021.csv
2021-08-12,jepx-spread-range-kansai,kansai,4.09,https://www.jepx.jp/_download.php?dir=spot_summary&file=spot_summary_2021.csv
2021-08-13,jepx-spread-range-kansai,kansai,2.53,https://www.jepx.jp/_download.php?dir=spot_summary&file=spot_summary_2021.csv
2021-08-14,jepx-spread-range-kansai,kansai,7.859999999999999,https://www.jepx.jp/_download.php?dir=spot_summary&file=spot_summary_2021.csv
2021-08-15,jepx-spread-range-kansai,kansai,5.79,https://www.jepx.jp/_download.php?dir=spot_summary&file=spot_summary_2021.csv
2021-08-16,jepx-spread-range-kansai,kansai,4.720000000000001,https://www.jepx.jp/_download.php?dir=spot_summary&file=spot_summary_2021.csv
2021-08-17,jepx-spread-range-kansai,kansai,8.47,https://www.jepx.jp/_download.php?dir=spot_summary&file=spot_summary_2021.csv
2021-08-18,jepx-spread-range-kansai,kansai,7.84,https://www.jepx.jp/_download.php?dir=spot_summary&file=spot_summary_2021.csv
2021-08-19,jepx-spread-range-kansai,kansai,4.409999999999999,https://www.jepx.jp/_download.php?dir=spot_summary&file=spot_summary_2021.csv
2021-08-20,jepx-spread-range-kansai,kansai,5.1000000000000005,https://www.jepx.jp/_download.php?dir=spot_summary&file=spot_summary_2021.csv
2021-08-21,jepx-spread-range-kansai,kansai,3.05,https://www.jepx.jp/_download.php?dir=spot_summary&file=spot_summary_2021.csv
2021-08-22,jepx-spread-range-kansai,kansai,7.609999999999999,https://www.jepx.jp/_download.php?dir=spot_summary&file=spot_summary_2021.csv
2021-08-23,jepx-spread-range-kansai,kansai,5.02,https://www.jepx.jp/_download.php?dir=spot_summary&file=spot_summary_2021.csv
2021-08-24,jepx-spread-range-kansai,kansai,8.4,https://www.jepx.jp/_download.php?dir=spot_summary&file=spot_summary_2021.csv
2021-08-25,jepx-spread-range-kansai,kansai,9.96,https://www.jepx.jp/_download.php?dir=spot_summary&file=spot_summary_2021.csv
2021-08-26,jepx-spread-range-kansai,kansai,16.53,https://www.jepx.jp/_download.php?dir=spot_summary&file=spot_summary_2021.csv
2021-08-27,jepx-spread-range-kansai,kansai,13.220000000000002,https://www.jepx.jp/_download.php?dir=spot_summary&file=spot_summary_2021.csv
2021-08-28,jepx-spread-range-kansai,kansai,4.55,https://www.jepx.jp/_download.php?dir=spot_summary&file=spot_summary_2021.csv
2021-08-29,jepx-spread-range-kansai,kansai,6.08,https://www.jepx.jp/_download.php?dir=spot_summary&file=spot_summary_2021.csv
2021-08-30,jepx-spread-range-kansai,kansai,15.389999999999995,https://www.jepx.jp/_download.php?dir=spot_summary&file=spot_summary_2021.csv
2021-08-31,jepx-spread-range-kansai,kansai,15.049999999999995,https://www.jepx.jp/_download.php?dir=spot_summary&file=spot_summary_2021.csv
2021-09-01,jepx-spread-range-kansai,kansai,10.989999999999998,https://www.jepx.jp/_download.php?dir=spot_summary&file=spot_summary_2021.csv
2021-09-02,jepx-spread-range-kansai,kansai,5.14,https://www.jepx.jp/_download.php?dir=spot_summary&file=spot_summary_2021.csv
2021-09-03,jepx-spread-range-kansai,kansai,7.55,https://www.jepx.jp/_download.php?dir=spot_summary&file=spot_summary_2021.csv
2021-09-04,jepx-spread-range-kansai,kansai,4.75,https://www.jepx.jp/_download.php?dir=spot_summary&file=spot_summary_2021.csv
2021-09-05,jepx-spread-range-kansai,kansai,3.45,https://www.jepx.jp/_download.php?dir=spot_summary&file=spot_summary_2021.csv
2021-09-06,jepx-spread-range-kansai,kansai,3.780000000000001,https://www.jepx.jp/_download.php?dir=spot_summary&file=spot_summary_2021.csv
2021-09-07,jepx-spread-range-kansai,kansai,4.22,https://www.jepx.jp/_download.php?dir=spot_summary&file=spot_summary_2021.csv
2021-09-08,jepx-spread-range-kansai,kansai,4.490000000000001,https://www.jepx.jp/_download.php?dir=spot_summary&file=spot_summary_2021.csv
2021-09-09,jepx-spread-range-kansai,kansai,6.580000000000001,https://www.jepx.jp/_download.php?dir=spot_summary&file=spot_summary_2021.csv
2021-09-10,jepx-spread-range-kansai,kansai,10.61,https://www.jepx.jp/_download.php?dir=spot_summary&file=spot_summary_2021.csv
2021-09-11,jepx-spread-range-kansai,kansai,4.659999999999999,https://www.jepx.jp/_download.php?dir=spot_summary&file=spot_summary_2021.csv
2021-09-12,jepx-spread-range-kansai,kansai,3.539999999999999,https://www.jepx.jp/_download.php?dir=spot_summary&file=spot_summary_2021.csv
2021-09-13,jepx-spread-range-kansai,kansai,4.21,https://www.jepx.jp/_download.php?dir=spot_summary&file=spot_summary_2021.csv
2021-09-14,jepx-spread-range-kansai,kansai,6.83,https://www.jepx.jp/_download.php?dir=spot_summary&file=spot_summary_2021.csv
2021-09-15,jepx-spread-range-kansai,kansai,5.23,https://www.jepx.jp/_download.php?dir=spot_summary&file=spot_summary_2021.csv
2021-09-16,jepx-spread-range-kansai,kansai,4.73,https://www.jepx.jp/_download.php?dir=spot_summary&file=spot_summary_2021.csv
2021-09-17,jepx-spread-range-kansai,kansai,5.470000000000001,https://www.jepx.jp/_download.php?dir=spot_summary&file=spot_summary_2021.csv
2021-09-18,jepx-spread-range-kansai,kansai,7.989999999999999,https://www.jepx.jp/_download.php?dir=spot_summary&file=spot_summary_2021.csv
2021-09-19,jepx-spread-range-kansai,kansai,12.0,https://www.jepx.jp/_download.php?dir=spot_summary&file=spot_summary_2021.csv
2021-09-20,jepx-spread-range-kansai,kansai,17.93,https://www.jepx.jp/_download.php?dir=spot_summary&file=spot_summary_2021.csv
2021-09-21,jepx-spread-range-kansai,kansai,13.19,https://www.jepx.jp/_download.php?dir=spot_summary&file=spot_summary_2021.csv
2021-09-22,jepx-spread-range-kansai,kansai,19.32,https://www.jepx.jp/_download.php?dir=spot_summary&file=spot_summary_2021.csv
2021-09-23,jepx-spread-range-kansai,kansai,7.82,https://www.jepx.jp/_download.php?dir=spot_summary&file=spot_summary_2021.csv
2021-09-24,jepx-spread-range-kansai,kansai,6.1,https://www.jepx.jp/_download.php?dir=spot_summary&file=spot_summary_2021.csv
2021-09-25,jepx-spread-range-kansai,kansai,11.3,https://www.jepx.jp/_download.php?dir=spot_summary&file=spot_summary_2021.csv
2021-09-26,jepx-spread-range-kansai,kansai,3.2200000000000006,https://www.jepx.jp/_download.php?dir=spot_summary&file=spot_summary_2021.csv
2021-09-27,jepx-spread-range-kansai,kansai,14.39,https://www.jepx.jp/_download.php?dir=spot_summary&file=spot_summary_2021.csv
2021-09-28,jepx-spread-range-kansai,kansai,14.260000000000002,https://www.jepx.jp/_download.php?dir=spot_summary&file=spot_summary_2021.csv
2021-09-29,jepx-spread-range-kansai,kansai,5.530000000000001,https://www.jepx.jp/_download.php?dir=spot_summary&file=spot_summary_2021.csv
2021-09-30,jepx-spread-range-kansai,kansai,13.61,https://www.jepx.jp/_download.php?dir=spot_summary&file=spot_summary_2021.csv
2021-10-01,jepx-spread-range-kansai,kansai,13.71,https://www.jepx.jp/_download.php?dir=spot_summary&file=spot_summary_2021.csv
2021-10-02,jepx-spread-range-kansai,kansai,15.250000000000002,https://www.jepx.jp/_download.php?dir=spot_summary&file=spot_summary_2021.csv
2021-10-03,jepx-spread-range-kansai,kansai,17.95,https://www.jepx.jp/_download.php?dir=spot_summary&file=spot_summary_2021.csv
2021-10-04,jepx-spread-range-kansai,kansai,17.9,https://www.jepx.jp/_download.php?dir=spot_summary&file=spot_summary_2021.csv
2021-10-05,jepx-spread-range-kansai,kansai,18.0,https://www.jepx.jp/_download.php?dir=spot_summary&file=spot_summary_2021.csv
2021-10-06,jepx-spread-range-kansai,kansai,22.200000000000003,https://www.jepx.jp/_download.php?dir=spot_summary&file=spot_summary_2021.csv
2021-10-07,jepx-spread-range-kansai,kansai,16.939999999999998,https://www.jepx.jp/_download.php?dir=spot_summary&file=spot_summary_2021.csv
2021-10-08,jepx-spread-range-kansai,kansai,40.57,https://www.jepx.jp/_download.php?dir=spot_summary&file=spot_summary_2021.csv
2021-10-09,jepx-spread-range-kansai,kansai,22.12,https://www.jepx.jp/_download.php?dir=spot_summary&file=spot_summary_2021.csv
2021-10-10,jepx-spread-range-kansai,kansai,13.880000000000004,https://www.jepx.jp/_download.php?dir=spot_summary&file=spot_summary_2021.csv
2021-10-11,jepx-spread-range-kansai,kansai,40.78,https://www.jepx.jp/_download.php?dir=spot_summary&file=spot_summary_2021.csv
2021-10-12,jepx-spread-range-kansai,kansai,32.07,https://www.jepx.jp/_download.php?dir=spot_summary&file=spot_summary_2021.csv
2021-10-13,jepx-spread-range-kansai,kansai,19.72,https://www.jepx.jp/_download.php?dir=spot_summary&file=spot_summary_2021.csv
2021-10-14,jepx-spread-range-kansai,kansai,41.82,https://www.jepx.jp/_download.php?dir=spot_summary&file=spot_summary_2021.csv
2021-10-15,jepx-spread-range-kansai,kansai,22.32,https://www.jepx.jp/_download.php?dir=spot_summary&file=spot_summary_2021.csv
2021-10-16,jepx-spread-range-kansai,kansai,8.66,https://www.jepx.jp/_download.php?dir=spot_summary&file=spot_summary_2021.csv
2021-10-17,jepx-spread-range-kansai,kansai,8.12,https://www.jepx.jp/_download.php?dir=spot_summary&file=spot_summary_2021.csv
2021-10-18,jepx-spread-range-kansai,kansai,18.7,https://www.jepx.jp/_download.php?dir=spot_summary&file=spot_summary_2021.csv
2021-10-19,jepx-spread-range-kansai,kansai,19.35,https://www.jepx.jp/_download.php?dir=spot_summary&file=spot_summary_2021.csv
2021-10-20,jepx-spread-range-kansai,kansai,19.1,https://www.jepx.jp/_download.php?dir=spot_summary&file=spot_summary_2021.csv
2021-10-21,jepx-spread-range-kansai,kansai,18.16,https://www.jepx.jp/_download.php?dir=spot_summary&file=spot_summary_2021.csv
2021-10-22,jepx-spread-range-kansai,kansai,15.21,https://www.jepx.jp/_download.php?dir=spot_summary&file=spot_summary_2021.csv
2021-10-23,jepx-spread-range-kansai,kansai,19.71,https://www.jepx.jp/_download.php?dir=spot_summary&file=spot_summary_2021.csv
2021-10-24,jepx-spread-range-kansai,kansai,20.6,https://www.jepx.jp/_download.php?dir=spot_summary&file=spot_summary_2021.csv
2021-10-25,jepx-spread-range-kansai,kansai,18.89,https://www.jepx.jp/_download.php?dir=spot_summary&file=spot_summary_2021.csv
2021-10-26,jepx-spread-range-kansai,kansai,18.06,https://www.jepx.jp/_download.php?dir=spot_summary&file=spot_summary_2021.csv
2021-10-27,jepx-spread-range-kansai,kansai,15.69,https://www.jepx.jp/_download.php?dir=spot_summary&file=spot_summary_2021.csv
2021-10-28,jepx-spread-range-kansai,kansai,24.020000000000003,https://www.jepx.jp/_download.php?dir=spot_summary&file=spot_summary_2021.csv
2021-10-29,jepx-spread-range-kansai,kansai,23.53,https://www.jepx.jp/_download.php?dir=spot_summary&file=spot_summary_2021.csv
2021-10-30,jepx-spread-range-kansai,kansai,21.83,https://www.jepx.jp/_download.php?dir=spot_summary&file=spot_summary_2021.csv
2021-10-31,jepx-spread-range-kansai,kansai,16.64,https://www.jepx.jp/_download.php?dir=spot_summary&file=spot_summary_2021.csv
2021-11-01,jepx-spread-range-kansai,kansai,29.49,https://www.jepx.jp/_download.php?dir=spot_summary&file=spot_summary_2021.csv
2021-11-02,jepx-spread-range-kansai,kansai,39.42,https://www.jepx.jp/_download.php?dir=spot_summary&file=spot_summary_2021.csv
2021-11-03,jepx-spread-range-kansai,kansai,21.19,https://www.jepx.jp/_download.php?dir=spot_summary&file=spot_summary_2021.csv
2021-11-04,jepx-spread-range-kansai,kansai,41.35,https://www.jepx.jp/_download.php?dir=spot_summary&file=spot_summary_2021.csv
2021-11-05,jepx-spread-range-kansai,kansai,22.98,https://www.jepx.jp/_download.php?dir=spot_summary&file=spot_summary_2021.csv
2021-11-06,jepx-spread-range-kansai,kansai,17.33,https://www.jepx.jp/_download.php?dir=spot_summary&file=spot_summary_2021.csv
2021-11-07,jepx-spread-range-kansai,kansai,28.95,https://www.jepx.jp/_download.php?dir=spot_summary&file=spot_summary_2021.csv
2021-11-08,jepx-spread-range-kansai,kansai,16.450000000000003,https://www.jepx.jp/_download.php?dir=spot_summary&file=spot_summary_2021.csv
2021-11-09,jepx-spread-range-kansai,kansai,16.119999999999997,https://www.jepx.jp/_download.php?dir=spot_summary&file=spot_summary_2021.csv
2021-11-10,jepx-spread-range-kansai,kansai,17.060000000000002,https://www.jepx.jp/_download.php?dir=spot_summary&file=spot_summary_2021.csv
2021-11-11,jepx-spread-range-kansai,kansai,19.630000000000003,https://www.jepx.jp/_download.php?dir=spot_summary&file=spot_summary_2021.csv
2021-11-12,jepx-spread-range-kansai,kansai,29.68,https://www.jepx.jp/_download.php?dir=spot_summary&file=spot_summary_2021.csv
2021-11-13,jepx-spread-range-kansai,kansai,19.72,https://www.jepx.jp/_download.php?dir=spot_summary&file=spot_summary_2021.csv
2021-11-14,jepx-spread-range-kansai,kansai,20.0,https://www.jepx.jp/_download.php?dir=spot_summary&file=spot_summary_2021.csv
2021-11-15,jepx-spread-range-kansai,kansai,32.05,https://www.jepx.jp/_download.php?dir=spot_summary&file=spot_summary_2021.csv
2021-11-16,jepx-spread-range-kansai,kansai,24.32,https://www.jepx.jp/_download.php?dir=spot_summary&file=spot_summary_2021.csv
2021-11-17,jepx-spread-range-kansai,kansai,55.07,https://www.jepx.jp/_download.php?dir=spot_summary&file=spot_summary_2021.csv
2021-11-18,jepx-spread-range-kansai,kansai,37.97,https://www.jepx.jp/_download.php?dir=spot_summary&file=spot_summary_2021.csv
2021-11-19,jepx-spread-range-kansai,kansai,23.46,https://www.jepx.jp/_download.php?dir=spot_summary&file=spot_summary_2021.csv
2021-11-20,jepx-spread-range-kansai,kansai,27.82,https://www.jepx.jp/_download.php?dir=spot_summary&file=spot_summary_2021.csv
2021-11-21,jepx-spread-range-kansai,kansai,23.630000000000003,https://www.jepx.jp/_download.php?dir=spot_summary&file=spot_summary_2021.csv
2021-11-22,jepx-spread-range-kansai,kansai,67.74,https://www.jepx.jp/_download.php?dir=spot_summary&file=spot_summary_2021.csv
2021-11-23,jepx-spread-range-kansai,kansai,21.55,https://www.jepx.jp/_download.php?dir=spot_summary&file=spot_summary_2021.csv
2021-11-24,jepx-spread-range-kansai,kansai,29.81,https://www.jepx.jp/_download.php?dir=spot_summary&file=spot_summary_2021.csv
2021-11-25,jepx-spread-range-kansai,kansai,21.17,https://www.jepx.jp/_download.php?dir=spot_summary&file=spot_summary_2021.csv
2021-11-26,jepx-spread-range-kansai,kansai,18.71,https://www.jepx.jp/_download.php?dir=spot_summary&file=spot_summary_2021.csv
2021-11-27,jepx-spread-range-kansai,kansai,39.98,https://www.jepx.jp/_download.php?dir=spot_summary&file=spot_summary_2021.csv
2021-11-28,jepx-spread-range-kansai,kansai,24.82,https://www.jepx.jp/_download.php?dir=spot_summary&file=spot_summary_2021.csv
2021-11-29,jepx-spread-range-kansai,kansai,63.84,https://www.jepx.jp/_download.php?dir=spot_summary&file=spot_summary_2021.csv
2021-11-30,jepx-spread-range-kansai,kansai,23.630000000000003,https://www.jepx.jp/_download.php?dir=spot_summary&file=spot_summary_2021.csv
2021-12-01,jepx-spread-range-kansai,kansai,24.4,https://www.jepx.jp/_download.php?dir=spot_summary&file=spot_summary_2021.csv
2021-12-02,jepx-spread-range-kansai,kansai,24.69,https://www.jepx.jp/_download.php?dir=spot_summary&file=spot_summary_2021.csv
2021-12-03,jepx-spread-range-kansai,kansai,33.809999999999995,https://www.jepx.jp/_download.php?dir=spot_summary&file=spot_summary_2021.csv
2021-12-04,jepx-spread-range-kansai,kansai,18.65,https://www.jepx.jp/_download.php?dir=spot_summary&file=spot_summary_2021.csv
2021-12-05,jepx-spread-range-kansai,kansai,21.94,https://www.jepx.jp/_download.php?dir=spot_summary&file=spot_summary_2021.csv
2021-12-06,jepx-spread-range-kansai,kansai,17.57,https://www.jepx.jp/_download.php?dir=spot_summary&file=spot_summary_2021.csv
2021-12-07,jepx-spread-range-kansai,kansai,17.85,https://www.jepx.jp/_download.php?dir=spot_summary&file=spot_summary_2021.csv
2021-12-08,jepx-spread-range-kansai,kansai,20.630000000000003,https://www.jepx.jp/_download.php?dir=spot_summary&file=spot_summary_2021.csv
2021-12-09,jepx-spread-range-kansai,kansai,17.770000000000003,https://www.jepx.jp/_download.php?dir=spot_summary&file=spot_summary_2021.csv
2021-12-10,jepx-spread-range-kansai,kansai,21.47,https://www.jepx.jp/_download.php?dir=spot_summary&file=spot_summary_2021.csv
2021-12-11,jepx-spread-range-kansai,kansai,24.99,https://www.jepx.jp/_download.php?dir=spot_summary&file=spot_summary_2021.csv
2021-12-12,jepx-spread-range-kansai,kansai,9.63,https://www.jepx.jp/_download.php?dir=spot_summary&file=spot_summary_2021.csv
2021-12-13,jepx-spread-range-kansai,kansai,32.11,https://www.jepx.jp/_download.php?dir=spot_summary&file=spot_summary_2021.csv
2021-12-14,jepx-spread-range-kansai,kansai,29.03,https://www.jepx.jp/_download.php?dir=spot_summary&file=spot_summary_2021.csv
2021-12-15,jepx-spread-range-kansai,kansai,19.58,https://www.jepx.jp/_download.php?dir=spot_summary&file=spot_summary_2021.csv
2021-12-16,jepx-spread-range-kansai,kansai,15.18,https://www.jepx.jp/_download.php?dir=spot_summary&file=spot_summary_2021.csv
2021-12-17,jepx-spread-range-kansai,kansai,17.53,https://www.jepx.jp/_download.php?dir=spot_summary&file=spot_summary_2021.csv
2021-12-18,jepx-spread-range-kansai,kansai,25.92,https://www.jepx.jp/_download.php?dir=spot_summary&file=spot_summary_2021.csv
2021-12-19,jepx-spread-range-kansai,kansai,12.19,https://www.jepx.jp/_download.php?dir=spot_summary&file=spot_summary_2021.csv
2021-12-20,jepx-spread-range-kansai,kansai,25.79,https://www.jepx.jp/_download.php?dir=spot_summary&file=spot_summary_2021.csv
2021-12-21,jepx-spread-range-kansai,kansai,18.26,https://www.jepx.jp/_download.php?dir=spot_summary&file=spot_summary_2021.csv
2021-12-22,jepx-spread-range-kansai,kansai,20.630000000000003,https://www.jepx.jp/_download.php?dir=spot_summary&file=spot_summary_2021.csv
2021-12-23,jepx-spread-range-kansai,kansai,33.52,https://www.jepx.jp/_download.php?dir=spot_summary&file=spot_summary_2021.csv
2021-12-24,jepx-spread-range-kansai,kansai,14.34,https://www.jepx.jp/_download.php?dir=spot_summary&file=spot_summary_2021.csv
2021-12-25,jepx-spread-range-kansai,kansai,24.71,https://www.jepx.jp/_download.php?dir=spot_summary&file=spot_summary_2021.csv
2021-12-26,jepx-spread-range-kansai,kansai,27.4,https://www.jepx.jp/_download.php?dir=spot_summary&file=spot_summary_2021.csv
2021-12-27,jepx-spread-range-kansai,kansai,36.3,https://www.jepx.jp/_download.php?dir=spot_summary&file=spot_summary_2021.csv
2021-12-28,jepx-spread-range-kansai,kansai,25.94,https://www.jepx.jp/_download.php?dir=spot_summary&file=spot_summary_2021.csv
2021-12-29,jepx-spread-range-kansai,kansai,29.910000000000004,https://www.jepx.jp/_download.php?dir=spot_summary&file=spot_summary_2021.csv
2021-12-30,jepx-spread-range-kansai,kansai,12.32,https://www.jepx.jp/_download.php?dir=spot_summary&file=spot_summary_2021.csv
2021-12-31,jepx-spread-range-kansai,kansai,29.21,https://www.jepx.jp/_download.php?dir=spot_summary&file=spot_summary_2021.csv
2022-01-01,jepx-spread-range-kansai,kansai,30.23,https://www.jepx.jp/_download.php?dir=spot_summary&file=spot_summary_2021.csv
2022-01-02,jepx-spread-range-kansai,kansai,21.35,https://www.jepx.jp/_download.php?dir=spot_summary&file=spot_summary_2021.csv
2022-01-03,jepx-spread-range-kansai,kansai,29.19,https://www.jepx.jp/_download.php?dir=spot_summary&file=spot_summary_2021.csv
2022-01-04,jepx-spread-range-kansai,kansai,11.83,https://www.jepx.jp/_download.php?dir=spot_summary&file=spot_summary_2021.csv
2022-01-05,jepx-spread-range-kansai,kansai,34.49,https://www.jepx.jp/_download.php?dir=spot_summary&file=spot_summary_2021.csv
2022-01-06,jepx-spread-range-kansai,kansai,36.81999999999999,https://www.jepx.jp/_download.php?dir=spot_summary&file=spot_summary_2021.csv
2022-01-07,jepx-spread-range-kansai,kansai,38.13,https://www.jepx.jp/_download.php?dir=spot_summary&file=spot_summary_2021.csv
2022-01-08,jepx-spread-range-kansai,kansai,15.93,https://www.jepx.jp/_download.php?dir=spot_summary&file=spot_summary_2021.csv
2022-01-09,jepx-spread-range-kansai,kansai,11.88,https://www.jepx.jp/_download.php?dir=spot_summary&file=spot_summary_2021.csv
2022-01-10,jepx-spread-range-kansai,kansai,15.540000000000004,https://www.jepx.jp/_download.php?dir=spot_summary&file=spot_summary_2021.csv
2022-01-11,jepx-spread-range-kansai,kansai,48.83,https://www.jepx.jp/_download.php?dir=spot_summary&file=spot_summary_2021.csv
2022-01-12,jepx-spread-range-kansai,kansai,26.42,https://www.jepx.jp/_download.php?dir=spot_summary&file=spot_summary_2021.csv
2022-01-13,jepx-spread-range-kansai,kansai,39.85,https://www.jepx.jp/_download.php?dir=spot_summary&file=spot_summary_2021.csv
2022-01-14,jepx-spread-range-kansai,kansai,42.36,https://www.jepx.jp/_download.php?dir=spot_summary&file=spot_summary_2021.csv
2022-01-15,jepx-spread-range-kansai,kansai,18.68,https://www.jepx.jp/_download.php?dir=spot_summary&file=spot_summary_2021.csv
2022-01-16,jepx-spread-range-kansai,kansai,19.410000000000004,https://www.jepx.jp/_download.php?dir=spot_summary&file=spot_summary_2021.csv
2022-01-17,jepx-spread-range-kansai,kansai,43.93,https://www.jepx.jp/_download.php?dir=spot_summary&file=spot_summary_2021.csv
2022-01-18,jepx-spread-range-kansai,kansai,60.08,https://www.jepx.jp/_download.php?dir=spot_summary&file=spot_summary_2021.csv
2022-01-19,jepx-spread-range-kansai,kansai,59.45,https://www.jepx.jp/_download.php?dir=spot_summary&file=spot_summary_2021.csv
2022-01-20,jepx-spread-range-kansai,kansai,59.82,https://www.jepx.jp/_download.php?dir=spot_summary&file=spot_summary_2021.csv
2022-01-21,jepx-spread-range-kansai,kansai,57.89,https://www.jepx.jp/_download.php?dir=spot_summary&file=spot_summary_2021.csv
2022-01-22,jepx-spread-range-kansai,kansai,28.34,https://www.jepx.jp/_download.php?dir=spot_summary&file=spot_summary_2021.csv
2022-01-23,jepx-spread-range-kansai,kansai,13.93,https://www.jepx.jp/_download.php?dir=spot_summary&file=spot_summary_2021.csv
2022-01-24,jepx-spread-range-kansai,kansai,40.88,https://www.jepx.jp/_download.php?dir=spot_summary&file=spot_summary_2021.csv
2022-01-25,jepx-spread-range-kansai,kansai,54.17,https://www.jepx.jp/_download.php?dir=spot_summary&file=spot_summary_2021.csv
2022-01-26,jepx-spread-range-kansai,kansai,17.959999999999997,https://www.jepx.jp/_download.php?dir=spot_summary&file=spot_summary_2021.csv
2022-01-27,jepx-spread-range-kansai,kansai,20.360000000000003,https://www.jepx.jp/_download.php?dir=spot_summary&file=spot_summary_2021.csv
2022-01-28,jepx-spread-range-kansai,kansai,17.950000000000003,https://www.jepx.jp/_download.php?dir=spot_summary&file=spot_summary_2021.csv
2022-01-29,jepx-spread-range-kansai,kansai,14.27,https://www.jepx.jp/_download.php?dir=spot_summary&file=spot_summary_2021.csv
2022-01-30,jepx-spread-range-kansai,kansai,16.05,https://www.jepx.jp/_download.php?dir=spot_summary&file=spot_summary_2021.csv
2022-01-31,jepx-spread-range-kansai,kansai,16.64,https://www.jepx.jp/_download.php?dir=spot_summary&file=spot_summary_2021.csv
2022-02-01,jepx-spread-range-kansai,kansai,18.54,https://www.jepx.jp/_download.php?dir=spot_summary&file=spot_summary_2021.csv
2022-02-02,jepx-spread-range-kansai,kansai,20.83,https://www.jepx.jp/_download.php?dir=spot_summary&file=spot_summary_2021.csv
2022-02-03,jepx-spread-range-kansai,kansai,16.16,https://www.jepx.jp/_download.php?dir=spot_summary&file=spot_summary_2021.csv
2022-02-04,jepx-spread-range-kansai,kansai,16.98,https://www.jepx.jp/_download.php?dir=spot_summary&file=spot_summary_2021.csv
2022-02-05,jepx-spread-range-kansai,kansai,12.070000000000002,https://www.jepx.jp/_download.php?dir=spot_summary&file=spot_summary_2021.csv
2022-02-06,jepx-spread-range-kansai,kansai,11.69,https://www.jepx.jp/_download.php?dir=spot_summary&file=spot_summary_2021.csv
2022-02-07,jepx-spread-range-kansai,kansai,15.78,https://www.jepx.jp/_download.php?dir=spot_summary&file=spot_summary_2021.csv
2022-02-08,jepx-spread-range-kansai,kansai,16.28,https://www.jepx.jp/_download.php?dir=spot_summary&file=spot_summary_2021.csv
2022-02-09,jepx-spread-range-kansai,kansai,15.38,https://www.jepx.jp/_download.php?dir=spot_summary&file=spot_summary_2021.csv
2022-02-10,jepx-spread-range-kansai,kansai,31.930000000000003,https://www.jepx.jp/_download.php?dir=spot_summary&file=spot_summary_2021.csv
2022-02-11,jepx-spread-range-kansai,kansai,20.630000000000003,https://www.jepx.jp/_download.php?dir=spot_summary&file=spot_summary_2021.csv
2022-02-12,jepx-spread-range-kansai,kansai,17.05,https://www.jepx.jp/_download.php?dir=spot_summary&file=spot_summary_2021.csv
2022-02-13,jepx-spread-range-kansai,kansai,10.81,https://www.jepx.jp/_download.php?dir=spot_summary&file=spot_summary_2021.csv
2022-02-14,jepx-spread-range-kansai,kansai,28.89,https://www.jepx.jp/_download.php?dir=spot_summary&file=spot_summary_2021.csv
2022-02-15,jepx-spread-range-kansai,kansai,23.94,https://www.jepx.jp/_download.php?dir=spot_summary&file=spot_summary_2021.csv
2022-02-16,jepx-spread-range-kansai,kansai,45.09,https://www.jepx.jp/_download.php?dir=spot_summary&file=spot_summary_2021.csv
2022-02-17,jepx-spread-range-kansai,kansai,61.34,https://www.jepx.jp/_download.php?dir=spot_summary&file=spot_summary_2021.csv
2022-02-18,jepx-spread-range-kansai,kansai,11.94,https://www.jepx.jp/_download.php?dir=spot_summary&file=spot_summary_2021.csv
2022-02-19,jepx-spread-range-kansai,kansai,8.830000000000002,https://www.jepx.jp/_download.php?dir=spot_summary&file=spot_summary_2021.csv
2022-02-20,jepx-spread-range-kansai,kansai,15.57,https://www.jepx.jp/_download.php?dir=spot_summary&file=spot_summary_2021.csv
2022-02-21,jepx-spread-range-kansai,kansai,43.25,https://www.jepx.jp/_download.php?dir=spot_summary&file=spot_summary_2021.csv
2022-02-22,jepx-spread-range-kansai,kansai,42.91,https://www.jepx.jp/_download.php?dir=spot_summary&file=spot_summary_2021.csv
2022-02-23,jepx-spread-range-kansai,kansai,23.89,https://www.jepx.jp/_download.php?dir=spot_summary&file=spot_summary_2021.csv
2022-02-24,jepx-spread-range-kansai,kansai,28.09,https://www.jepx.jp/_download.php?dir=spot_summary&file=spot_summary_2021.csv
2022-02-25,jepx-spread-range-kansai,kansai,12.23,https://www.jepx.jp/_download.php?dir=spot_summary&file=spot_summary_2021.csv
2022-02-26,jepx-spread-range-kansai,kansai,24.11,https://www.jepx.jp/_download.php?dir=spot_summary&file=spot_summary_2021.csv
2022-02-27,jepx-spread-range-kansai,kansai,24.16,https://www.jepx.jp/_download.php?dir=spot_summary&file=spot_summary_2021.csv
2022-02-28,jepx-spread-range-kansai,kansai,20.47,https://www.jepx.jp/_download.php?dir=spot_summary&file=spot_summary_2021.csv
2022-03-01,jepx-spread-range-kansai,kansai,22.56,https://www.jepx.jp/_download.php?dir=spot_summary&file=spot_summary_2021.csv
2022-03-02,jepx-spread-range-kansai,kansai,24.71,https://www.jepx.jp/_download.php?dir=spot_summary&file=spot_summary_2021.csv
2022-03-03,jepx-spread-range-kansai,kansai,21.87,https://www.jepx.jp/_download.php?dir=spot_summary&file=spot_summary_2021.csv
2022-03-04,jepx-spread-range-kansai,kansai,14.57,https://www.jepx.jp/_download.php?dir=spot_summary&file=spot_summary_2021.csv
2022-03-05,jepx-spread-range-kansai,kansai,37.9,https://www.jepx.jp/_download.php?dir=spot_summary&file=spot_summary_2021.csv
2022-03-06,jepx-spread-range-kansai,kansai,33.54,https://www.jepx.jp/_download.php?dir=spot_summary&file=spot_summary_2021.csv
2022-03-07,jepx-spread-range-kansai,kansai,60.0,https://www.jepx.jp/_download.php?dir=spot_summary&file=spot_summary_2021.csv
2022-03-08,jepx-spread-range-kansai,kansai,70.59,https://www.jepx.jp/_download.php?dir=spot_summary&file=spot_summary_2021.csv
2022-03-09,jepx-spread-range-kansai,kansai,31.71,https://www.jepx.jp/_download.php?dir=spot_summary&file=spot_summary_2021.csv
2022-03-10,jepx-spread-range-kansai,kansai,52.1,https://www.jepx.jp/_download.php?dir=spot_summary&file=spot_summary_2021.csv
2022-03-11,jepx-spread-range-kansai,kansai,36.900000000000006,https://www.jepx.jp/_download.php?dir=spot_summary&file=spot_summary_2021.csv
2022-03-12,jepx-spread-range-kansai,kansai,40.21,https://www.jepx.jp/_download.php?dir=spot_summary&file=spot_summary_2021.csv
2022-03-13,jepx-spread-range-kansai,kansai,39.91,https://www.jepx.jp/_download.php?dir=spot_summary&file=spot_summary_2021.csv
2022-03-14,jepx-spread-range-kansai,kansai,29.62,https://www.jepx.jp/_download.php?dir=spot_summary&file=spot_summary_2021.csv
2022-03-15,jepx-spread-range-kansai,kansai,39.67,https://www.jepx.jp/_download.php?dir=spot_summary&file=spot_summary_2021.csv
2022-03-16,jepx-spread-range-kansai,kansai,35.86,https://www.jepx.jp/_download.php?dir=spot_summary&file=spot_summary_2021.csv
2022-03-17,jepx-spread-range-kansai,kansai,34.99,https://www.jepx.jp/_download.php?dir=spot_summary&file=spot_summary_2021.csv
2022-03-18,jepx-spread-range-kansai,kansai,45.1,https://www.jepx.jp/_download.php?dir=spot_summary&file=spot_summary_2021.csv
2022-03-19,jepx-spread-range-kansai,kansai,27.59,https://www.jepx.jp/_download.php?dir=spot_summary&file=spot_summary_2021.csv
2022-03-20,jepx-spread-range-kansai,kansai,36.29,https://www.jepx.jp/_download.php?dir=spot_summary&file=spot_summary_2021.csv
2022-03-21,jepx-spread-range-kansai,kansai,42.34,https://www.jepx.jp/_download.php?dir=spot_summary&file=spot_summary_2021.csv
2022-03-22,jepx-spread-range-kansai,kansai,59.86,https://www.jepx.jp/_download.php?dir=spot_summary&file=spot_summary_2021.csv
2022-03-23,jepx-spread-range-kansai,kansai,51.07,https://www.jepx.jp/_download.php?dir=spot_summary&file=spot_summary_2021.csv
2022-03-24,jepx-spread-range-kansai,kansai,44.0,https://www.jepx.jp/_download.php?dir=spot_summary&file=spot_summary_2021.csv
2022-03-25,jepx-spread-range-kansai,kansai,38.92,https://www.jepx.jp/_download.php?dir=spot_summary&file=spot_summary_2021.csv
2022-03-26,jepx-spread-range-kansai,kansai,17.22,https://www.jepx.jp/_download.php?dir=spot_summary&file=spot_summary_2021.csv
2022-03-27,jepx-spread-range-kansai,kansai,23.58,https://www.jepx.jp/_download.php?dir=spot_summary&file=spot_summary_2021.csv
2022-03-28,jepx-spread-range-kansai,kansai,27.65,https://www.jepx.jp/_download.php?dir=spot_summary&file=spot_summary_2021.csv
2022-03-29,jepx-spread-range-kansai,kansai,22.74,https://www.jepx.jp/_download.php?dir=spot_summary&file=spot_summary_2021.csv
2022-03-30,jepx-spread-range-kansai,kansai,25.69,https://www.jepx.jp/_download.php?dir=spot_summary&file=spot_summary_2021.csv
2022-03-31,jepx-spread-range-kansai,kansai,20.02,https://www.jepx.jp/_download.php?dir=spot_summary&file=spot_summary_2021.csv
2022-04-01,jepx-spread-range-kansai,kansai,29.99,https://www.jepx.jp/_download.php?dir=spot_summary&file=spot_summary_2022.csv
2022-04-02,jepx-spread-range-kansai,kansai,31.83,https://www.jepx.jp/_download.php?dir=spot_summary&file=spot_summary_2022.csv
2022-04-03,jepx-spread-range-kansai,kansai,25.37,https://www.jepx.jp/_download.php?dir=spot_summary&file=spot_summary_2022.csv
2022-04-04,jepx-spread-range-kansai,kansai,31.99,https://www.jepx.jp/_download.php?dir=spot_summary&file=spot_summary_2022.csv
2022-04-05,jepx-spread-range-kansai,kansai,39.97,https://www.jepx.jp/_download.php?dir=spot_summary&file=spot_summary_2022.csv
2022-04-06,jepx-spread-range-kansai,kansai,28.7,https://www.jepx.jp/_download.php?dir=spot_summary&file=spot_summary_2022.csv
2022-04-07,jepx-spread-range-kansai,kansai,32.15,https://www.jepx.jp/_download.php?dir=spot_summary&file=spot_summary_2022.csv
2022-04-08,jepx-spread-range-kansai,kansai,32.15,https://www.jepx.jp/_download.php?dir=spot_summary&file=spot_summary_2022.csv
2022-04-09,jepx-spread-range-kansai,kansai,24.92,https://www.jepx.jp/_download.php?dir=spot_summary&file=spot_summary_2022.csv
2022-04-10,jepx-spread-range-kansai,kansai,22.73,https://www.jepx.jp/_download.php?dir=spot_summary&file=spot_summary_2022.csv
2022-04-11,jepx-spread-range-kansai,kansai,26.120000000000005,https://www.jepx.jp/_download.php?dir=spot_summary&file=spot_summary_2022.csv
2022-04-12,jepx-spread-range-kansai,kansai,22.89,https://www.jepx.jp/_download.php?dir=spot_summary&file=spot_summary_2022.csv
2022-04-13,jepx-spread-range-kansai,kansai,20.17,https://www.jepx.jp/_download.php?dir=spot_summary&file=spot_summary_2022.csv
2022-04-14,jepx-spread-range-kansai,kansai,24.32,https://www.jepx.jp/_download.php?dir=spot_summary&file=spot_summary_2022.csv
2022-04-15,jepx-spread-range-kansai,kansai,25.65,https://www.jepx.jp/_download.php?dir=spot_summary&file=spot_summary_2022.csv
2022-04-16,jepx-spread-range-kansai,kansai,26.39,https://www.jepx.jp/_download.php?dir=spot_summary&file=spot_summary_2022.csv
2022-04-17,jepx-spread-range-kansai,kansai,23.03,https://www.jepx.jp/_download.php?dir=spot_summary&file=spot_summary_2022.csv
2022-04-18,jepx-spread-range-kansai,kansai,15.42,https://www.jepx.jp/_download.php?dir=spot_summary&file=spot_summary_2022.csv
2022-04-19,jepx-spread-range-kansai,kansai,24.98,https://www.jepx.jp/_download.php?dir=spot_summary&file=spot_summary_2022.csv
2022-04-20,jepx-spread-range-kansai,kansai,26.78,https://www.jepx.jp/_download.php?dir=spot_summary&file=spot_summary_2022.csv
2022-04-21,jepx-spread-range-kansai,kansai,19.28,https://www.jepx.jp/_download.php?dir=spot_summary&file=spot_summary_2022.csv
2022-04-22,jepx-spread-range-kansai,kansai,26.78,https://www.jepx.jp/_download.php?dir=spot_summary&file=spot_summary_2022.csv
2022-04-23,jepx-spread-range-kansai,kansai,14.43,https://www.jepx.jp/_download.php?dir=spot_summary&file=spot_summary_2022.csv
2022-04-24,jepx-spread-range-kansai,kansai,15.93,https://www.jepx.jp/_download.php?dir=spot_summary&file=spot_summary_2022.csv
2022-04-25,jepx-spread-range-kansai,kansai,22.6,https://www.jepx.jp/_download.php?dir=spot_summary&file=spot_summary_2022.csv
2022-04-26,jepx-spread-range-kansai,kansai,14.37,https://www.jepx.jp/_download.php?dir=spot_summary&file=spot_summary_2022.csv
2022-04-27,jepx-spread-range-kansai,kansai,18.8,https://www.jepx.jp/_download.php?dir=spot_summary&file=spot_summary_2022.csv
2022-04-28,jepx-spread-range-kansai,kansai,28.53,https://www.jepx.jp/_download.php?dir=spot_summary&file=spot_summary_2022.csv
2022-04-29,jepx-spread-range-kansai,kansai,17.409999999999997,https://www.jepx.jp/_download.php?dir=spot_summary&file=spot_summary_2022.csv
2022-04-30,jepx-spread-range-kansai,kansai,26.78,https://www.jepx.jp/_download.php?dir=spot_summary&file=spot_summary_2022.csv
2022-05-01,jepx-spread-range-kansai,kansai,12.39,https://www.jepx.jp/_download.php?dir=spot_summary&file=spot_summary_2022.csv
2022-05-02,jepx-spread-range-kansai,kansai,32.86,https://www.jepx.jp/_download.php?dir=spot_summary&file=spot_summary_2022.csv
2022-05-03,jepx-spread-range-kansai,kansai,23.02,https://www.jepx.jp/_download.php?dir=spot_summary&file=spot_summary_2022.csv
2022-05-04,jepx-spread-range-kansai,kansai,20.97,https://www.jepx.jp/_download.php?dir=spot_summary&file=spot_summary_2022.csv
2022-05-05,jepx-spread-range-kansai,kansai,21.11,https://www.jepx.jp/_download.php?dir=spot_summary&file=spot_summary_2022.csv
2022-05-06,jepx-spread-range-kansai,kansai,20.37,https://www.jepx.jp/_download.php?dir=spot_summary&file=spot_summary_2022.csv
2022-05-07,jepx-spread-range-kansai,kansai,20.58,https://www.jepx.jp/_download.php?dir=spot_summary&file=spot_summary_2022.csv
2022-05-08,jepx-spread-range-kansai,kansai,19.74,https://www.jepx.jp/_download.php?dir=spot_summary&file=spot_summary_2022.csv
2022-05-09,jepx-spread-range-kansai,kansai,16.59,https://www.jepx.jp/_download.php?dir=spot_summary&file=spot_summary_2022.csv
2022-05-10,jepx-spread-range-kansai,kansai,26.1,https://www.jepx.jp/_download.php?dir=spot_summary&file=spot_summary_2022.csv
2022-05-11,jepx-spread-range-kansai,kansai,8.88,https://www.jepx.jp/_download.php?dir=spot_summary&file=spot_summary_2022.csv
2022-05-12,jepx-spread-range-kansai,kansai,17.63,https://www.jepx.jp/_download.php?dir=spot_summary&file=spot_summary_2022.csv
2022-05-13,jepx-spread-range-kansai,kansai,14.06,https://www.jepx.jp/_download.php?dir=spot_summary&file=spot_summary_2022.csv
2022-05-14,jepx-spread-range-kansai,kansai,23.02,https://www.jepx.jp/_download.php?dir=spot_summary&file=spot_summary_2022.csv
2022-05-15,jepx-spread-range-kansai,kansai,22.82,https://www.jepx.jp/_download.php?dir=spot_summary&file=spot_summary_2022.csv
2022-05-16,jepx-spread-range-kansai,kansai,11.38,https://www.jepx.jp/_download.php?dir=spot_summary&file=spot_summary_2022.csv
2022-05-17,jepx-spread-range-kansai,kansai,10.01,https://www.jepx.jp/_download.php?dir=spot_summary&file=spot_summary_2022.csv
2022-05-18,jepx-spread-range-kansai,kansai,25.99,https://www.jepx.jp/_download.php?dir=spot_summary&file=spot_summary_2022.csv
2022-05-19,jepx-spread-range-kansai,kansai,20.04,https://www.jepx.jp/_download.php?dir=spot_summary&file=spot_summary_2022.csv
2022-05-20,jepx-spread-range-kansai,kansai,10.55,https://www.jepx.jp/_download.php?dir=spot_summary&file=spot_summary_2022.csv
2022-05-21,jepx-spread-range-kansai,kansai,16.96,https://www.jepx.jp/_download.php?dir=spot_summary&file=spot_summary_2022.csv
2022-05-22,jepx-spread-range-kansai,kansai,19.59,https://www.jepx.jp/_download.php?dir=spot_summary&file=spot_summary_2022.csv
2022-05-23,jepx-spread-range-kansai,kansai,25.43,https://www.jepx.jp/_download.php?dir=spot_summary&file=spot_summary_2022.csv
2022-05-24,jepx-spread-range-kansai,kansai,24.71,https://www.jepx.jp/_download.php?dir=spot_summary&file=spot_summary_2022.csv
2022-05-25,jepx-spread-range-kansai,kansai,22.99,https://www.jepx.jp/_download.php?dir=spot_summary&file=spot_summary_2022.csv
2022-05-26,jepx-spread-range-kansai,kansai,12.01,https://www.jepx.jp/_download.php?dir=spot_summary&file=spot_summary_2022.csv
2022-05-27,jepx-spread-range-kansai,kansai,26.58,https://www.jepx.jp/_download.php?dir=spot_summary&file=spot_summary_2022.csv
2022-05-28,jepx-spread-range-kansai,kansai,24.23,https://www.jepx.jp/_download.php?dir=spot_summary&file=spot_summary_2022.csv
2022-05-29,jepx-spread-range-kansai,kansai,20.29,https://www.jepx.jp/_download.php?dir=spot_summary&file=spot_summary_2022.csv
2022-05-30,jepx-spread-range-kansai,kansai,11.060000000000002,https://www.jepx.jp/_download.php?dir=spot_summary&file=spot_summary_2022.csv
2022-05-31,jepx-spread-range-kansai,kansai,11.769999999999998,https://www.jepx.jp/_download.php?dir=spot_summary&file=spot_summary_2022.csv
2022-06-01,jepx-spread-range-kansai,kansai,22.62,https://www.jepx.jp/_download.php?dir=spot_summary&file=spot_summary_2022.csv
2022-06-02,jepx-spread-range-kansai,kansai,25.46,https://www.jepx.jp/_download.php?dir=spot_summary&file=spot_summary_2022.csv
2022-06-03,jepx-spread-range-kansai,kansai,21.48,https://www.jepx.jp/_download.php?dir=spot_summary&file=spot_summary_2022.csv
2022-06-04,jepx-spread-range-kansai,kansai,24.08,https://www.jepx.jp/_download.php?dir=spot_summary&file=spot_summary_2022.csv
2022-06-05,jepx-spread-range-kansai,kansai,16.69,https://www.jepx.jp/_download.php?dir=spot_summary&file=spot_summary_2022.csv
2022-06-06,jepx-spread-range-kansai,kansai,3.65,https://www.jepx.jp/_download.php?dir=spot_summary&file=spot_summary_2022.csv
2022-06-07,jepx-spread-range-kansai,kansai,8.820000000000002,https://www.jepx.jp/_download.php?dir=spot_summary&file=spot_summary_2022.csv
2022-06-08,jepx-spread-range-kansai,kansai,23.97,https://www.jepx.jp/_download.php?dir=spot_summary&file=spot_summary_2022.csv
2022-06-09,jepx-spread-range-kansai,kansai,22.59,https://www.jepx.jp/_download.php?dir=spot_summary&file=spot_summary_2022.csv
2022-06-10,jepx-spread-range-kansai,kansai,17.82,https://www.jepx.jp/_download.php?dir=spot_summary&file=spot_summary_2022.csv
2022-06-11,jepx-spread-range-kansai,kansai,7.639999999999999,https://www.jepx.jp/_download.php?dir=spot_summary&file=spot_summary_2022.csv
2022-06-12,jepx-spread-range-kansai,kansai,19.85,https://www.jepx.jp/_download.php?dir=spot_summary&file=spot_summary_2022.csv
2022-06-13,jepx-spread-range-kansai,kansai,14.51,https://www.jepx.jp/_download.php?dir=spot_summary&file=spot_summary_2022.csv
2022-06-14,jepx-spread-range-kansai,kansai,20.78,https://www.jepx.jp/_download.php?dir=spot_summary&file=spot_summary_2022.csv
2022-06-15,jepx-spread-range-kansai,kansai,5.949999999999999,https://www.jepx.jp/_download.php?dir=spot_summary&file=spot_summary_2022.csv
2022-06-16,jepx-spread-range-kansai,kansai,14.19,https://www.jepx.jp/_download.php?dir=spot_summary&file=spot_summary_2022.csv
2022-06-17,jepx-spread-range-kansai,kansai,12.96,https://www.jepx.jp/_download.php?dir=spot_summary&file=spot_summary_2022.csv
2022-06-18,jepx-spread-range-kansai,kansai,17.09,https://www.jepx.jp/_download.php?dir=spot_summary&file=spot_summary_2022.csv
2022-06-19,jepx-spread-range-kansai,kansai,18.63,https://www.jepx.jp/_download.php?dir=spot_summary&file=spot_summary_2022.csv
2022-06-20,jepx-spread-range-kansai,kansai,14.1,https://www.jepx.jp/_download.php?dir=spot_summary&file=spot_summary_2022.csv
2022-06-21,jepx-spread-range-kansai,kansai,17.58,https://www.jepx.jp/_download.php?dir=spot_summary&file=spot_summary_2022.csv
2022-06-22,jepx-spread-range-kansai,kansai,14.97,https://www.jepx.jp/_download.php?dir=spot_summary&file=spot_summary_2022.csv
2022-06-23,jepx-spread-range-kansai,kansai,15.03,https://www.jepx.jp/_download.php?dir=spot_summary&file=spot_summary_2022.csv
2022-06-24,jepx-spread-range-kansai,kansai,29.64,https://www.jepx.jp/_download.php?dir=spot_summary&file=spot_summary_2022.csv
2022-06-25,jepx-spread-range-kansai,kansai,22.290000000000003,https://www.jepx.jp/_download.php?dir=spot_summary&file=spot_summary_2022.csv
2022-06-26,jepx-spread-range-kansai,kansai,37.81,https://www.jepx.jp/_download.php?dir=spot_summary&file=spot_summary_2022.csv
2022-06-27,jepx-spread-range-kansai,kansai,39.54,https://www.jepx.jp/_download.php?dir=spot_summary&file=spot_summary_2022.csv
2022-06-28,jepx-spread-range-kansai,kansai,62.19,https://www.jepx.jp/_download.php?dir=spot_summary&file=spot_summary_2022.csv
2022-06-29,jepx-spread-range-kansai,kansai,72.19,https://www.jepx.jp/_download.php?dir=spot_summary&file=spot_summary_2022.csv
2022-06-30,jepx-spread-range-kansai,kansai,81.35,https://www.jepx.jp/_download.php?dir=spot_summary&file=spot_summary_2022.csv
2022-07-01,jepx-spread-range-kansai,kansai,100.0,https://www.jepx.jp/_download.php?dir=spot_summary&file=spot_summary_2022.csv
2022-07-02,jepx-spread-range-kansai,kansai,28.33,https://www.jepx.jp/_download.php?dir=spot_summary&file=spot_summary_2022.csv
2022-07-03,jepx-spread-range-kansai,kansai,15.66,https://www.jepx.jp/_download.php?dir=spot_summary&file=spot_summary_2022.csv
2022-07-04,jepx-spread-range-kansai,kansai,26.780000000000005,https://www.jepx.jp/_download.php?dir=spot_summary&file=spot_summary_2022.csv
2022-07-05,jepx-spread-range-kansai,kansai,26.880000000000003,https://www.jepx.jp/_download.php?dir=spot_summary&file=spot_summary_2022.csv
2022-07-06,jepx-spread-range-kansai,kansai,28.99,https://www.jepx.jp/_download.php?dir=spot_summary&file=spot_summary_2022.csv
2022-07-07,jepx-spread-range-kansai,kansai,27.540000000000003,https://www.jepx.jp/_download.php?dir=spot_summary&file=spot_summary_2022.csv
2022-07-08,jepx-spread-range-kansai,kansai,22.940000000000005,https://www.jepx.jp/_download.php?dir=spot_summary&file=spot_summary_2022.csv
2022-07-09,jepx-spread-range-kansai,kansai,17.56,https://www.jepx.jp/_download.php?dir=spot_summary&file=spot_summary_2022.csv
2022-07-10,jepx-spread-range-kansai,kansai,22.04,https://www.jepx.jp/_download.php?dir=spot_summary&file=spot_summary_2022.csv
2022-07-11,jepx-spread-range-kansai,kansai,26.91,https://www.jepx.jp/_download.php?dir=spot_summary&file=spot_summary_2022.csv
2022-07-12,jepx-spread-range-kansai,kansai,26.91,https://www.jepx.jp/_download.php?dir=spot_summary&file=spot_summary_2022.csv
2022-07-13,jepx-spread-range-kansai,kansai,27.3,https://www.jepx.jp/_download.php?dir=spot_summary&file=spot_summary_2022.csv
2022-07-14,jepx-spread-range-kansai,kansai,13.75,https://www.jepx.jp/_download.php?dir=spot_summary&file=spot_summary_2022.csv
2022-07-15,jepx-spread-range-kansai,kansai,20.94,https://www.jepx.jp/_download.php?dir=spot_summary&file=spot_summary_2022.csv
2022-07-16,jepx-spread-range-kansai,kansai,12.46,https://www.jepx.jp/_download.php?dir=spot_summary&file=spot_summary_2022.csv
2022-07-17,jepx-spread-range-kansai,kansai,36.34,https://www.jepx.jp/_download.php?dir=spot_summary&file=spot_summary_2022.csv
2022-07-18,jepx-spread-range-kansai,kansai,24.21,https://www.jepx.jp/_download.php?dir=spot_summary&file=spot_summary_2022.csv
2022-07-19,jepx-spread-range-kansai,kansai,15.91,https://www.jepx.jp/_download.php?dir=spot_summary&file=spot_summary_2022.csv
2022-07-20,jepx-spread-range-kansai,kansai,34.85,https://www.jepx.jp/_download.php?dir=spot_summary&file=spot_summary_2022.csv
2022-07-21,jepx-spread-range-kansai,kansai,21.16,https://www.jepx.jp/_download.php?dir=spot_summary&file=spot_summary_2022.csv
2022-07-22,jepx-spread-range-kansai,kansai,16.34,https://www.jepx.jp/_download.php?dir=spot_summary&file=spot_summary_2022.csv
2022-07-23,jepx-spread-range-kansai,kansai,34.940000000000005,https://www.jepx.jp/_download.php?dir=spot_summary&file=spot_summary_2022.csv
2022-07-24,jepx-spread-range-kansai,kansai,32.9,https://www.jepx.jp/_download.php?dir=spot_summary&file=spot_summary_2022.csv
2022-07-25,jepx-spread-range-kansai,kansai,31.11,https://www.jepx.jp/_download.php?dir=spot_summary&file=spot_summary_2022.csv
2022-07-26,jepx-spread-range-kansai,kansai,32.81,https://www.jepx.jp/_download.php?dir=spot_summary&file=spot_summary_2022.csv
2022-07-27,jepx-spread-range-kansai,kansai,28.95,https://www.jepx.jp/_download.php?dir=spot_summary&file=spot_summary_2022.csv
2022-07-28,jepx-spread-range-kansai,kansai,35.480000000000004,https://www.jepx.jp/_download.php?dir=spot_summary&file=spot_summary_2022.csv
2022-07-29,jepx-spread-range-kansai,kansai,38.44,https://www.jepx.jp/_download.php?dir=spot_summary&file=spot_summary_2022.csv
2022-07-30,jepx-spread-range-kansai,kansai,22.85,https://www.jepx.jp/_download.php?dir=spot_summary&file=spot_summary_2022.csv
2022-07-31,jepx-spread-range-kansai,kansai,33.13,https://www.jepx.jp/_download.php?dir=spot_summary&file=spot_summary_2022.csv
2022-08-01,jepx-spread-range-kansai,kansai,28.07,https://www.jepx.jp/_download.php?dir=spot_summary&file=spot_summary_2022.csv
2022-08-02,jepx-spread-range-kansai,kansai,32.65,https://www.jepx.jp/_download.php?dir=spot_summary&file=spot_summary_2022.csv
2022-08-03,jepx-spread-range-kansai,kansai,27.86,https://www.jepx.jp/_download.php?dir=spot_summary&file=spot_summary_2022.csv
2022-08-04,jepx-spread-range-kansai,kansai,28.08,https://www.jepx.jp/_download.php?dir=spot_summary&file=spot_summary_2022.csv
2022-08-05,jepx-spread-range-kansai,kansai,27.81,https://www.jepx.jp/_download.php?dir=spot_summary&file=spot_summary_2022.csv
2022-08-06,jepx-spread-range-kansai,kansai,25.58,https://www.jepx.jp/_download.php?dir=spot_summary&file=spot_summary_2022.csv
2022-08-07,jepx-spread-range-kansai,kansai,30.35,https://www.jepx.jp/_download.php?dir=spot_summary&file=spot_summary_2022.csv
2022-08-08,jepx-spread-range-kansai,kansai,38.58,https://www.jepx.jp/_download.php?dir=spot_summary&file=spot_summary_2022.csv
2022-08-09,jepx-spread-range-kansai,kansai,43.62,https://www.jepx.jp/_download.php?dir=spot_summary&file=spot_summary_2022.csv
2022-08-10,jepx-spread-range-kansai,kansai,41.27,https://www.jepx.jp/_download.php?dir=spot_summary&file=spot_summary_2022.csv
2022-08-11,jepx-spread-range-kansai,kansai,27.75,https://www.jepx.jp/_download.php?dir=spot_summary&file=spot_summary_2022.csv
2022-08-12,jepx-spread-range-kansai,kansai,26.360000000000003,https://www.jepx.jp/_download.php?dir=spot_summary&file=spot_summary_2022.csv
2022-08-13,jepx-spread-range-kansai,kansai,21.5,https://www.jepx.jp/_download.php?dir=spot_summary&file=spot_summary_2022.csv
2022-08-14,jepx-spread-range-kansai,kansai,36.77,https://www.jepx.jp/_download.php?dir=spot_summary&file=spot_summary_2022.csv
2022-08-15,jepx-spread-range-kansai,kansai,25.53,https://www.jepx.jp/_download.php?dir=spot_summary&file=spot_summary_2022.csv
2022-08-16,jepx-spread-range-kansai,kansai,32.84,https://www.jepx.jp/_download.php?dir=spot_summary&file=spot_summary_2022.csv
2022-08-17,jepx-spread-range-kansai,kansai,25.78,https://www.jepx.jp/_download.php?dir=spot_summary&file=spot_summary_2022.csv
2022-08-18,jepx-spread-range-kansai,kansai,20.3,https://www.jepx.jp/_download.php?dir=spot_summary&file=spot_summary_2022.csv
2022-08-19,jepx-spread-range-kansai,kansai,25.910000000000004,https://www.jepx.jp/_download.php?dir=spot_summary&file=spot_summary_2022.csv
2022-08-20,jepx-spread-range-kansai,kansai,12.739999999999998,https://www.jepx.jp/_download.php?dir=spot_summary&file=spot_summary_2022.csv
2022-08-21,jepx-spread-range-kansai,kansai,18.33,https://www.jepx.jp/_download.php?dir=spot_summary&file=spot_summary_2022.csv
2022-08-22,jepx-spread-range-kansai,kansai,38.0,https://www.jepx.jp/_download.php?dir=spot_summary&file=spot_summary_2022.csv
2022-08-23,jepx-spread-range-kansai,kansai,40.8,https://www.jepx.jp/_download.php?dir=spot_summary&file=spot_summary_2022.csv
2022-08-24,jepx-spread-range-kansai,kansai,40.11,https://www.jepx.jp/_download.php?dir=spot_summary&file=spot_summary_2022.csv
2022-08-25,jepx-spread-range-kansai,kansai,25.230000000000004,https://www.jepx.jp/_download.php?dir=spot_summary&file=spot_summary_2022.csv
2022-08-26,jepx-spread-range-kansai,kansai,26.71,https://www.jepx.jp/_download.php?dir=spot_summary&file=spot_summary_2022.csv
2022-08-27,jepx-spread-range-kansai,kansai,41.75,https://www.jepx.jp/_download.php?dir=spot_summary&file=spot_summary_2022.csv
2022-08-28,jepx-spread-range-kansai,kansai,32.63,https://www.jepx.jp/_download.php?dir=spot_summary&file=spot_summary_2022.csv
2022-08-29,jepx-spread-range-kansai,kansai,23.23,https://www.jepx.jp/_download.php?dir=spot_summary&file=spot_summary_2022.csv
2022-08-30,jepx-spread-range-kansai,kansai,32.07,https://www.jepx.jp/_download.php?dir=spot_summary&file=spot_summary_2022.csv
2022-08-31,jepx-spread-range-kansai,kansai,35.32,https://www.jepx.jp/_download.php?dir=spot_summary&file=spot_summary_2022.csv
2022-09-01,jepx-spread-range-kansai,kansai,19.87,https://www.jepx.jp/_download.php?dir=spot_summary&file=spot_summary_2022.csv
2022-09-02,jepx-spread-range-kansai,kansai,18.56,https://www.jepx.jp/_download.php?dir=spot_summary&file=spot_summary_2022.csv
2022-09-03,jepx-spread-range-kansai,kansai,24.46,https://www.jepx.jp/_download.php?dir=spot_summary&file=spot_summary_2022.csv
2022-09-04,jepx-spread-range-kansai,kansai,27.32,https://www.jepx.jp/_download.php?dir=spot_summary&file=spot_summary_2022.csv
2022-09-05,jepx-spread-range-kansai,kansai,48.900000000000006,https://www.jepx.jp/_download.php?dir=spot_summary&file=spot_summary_2022.csv
2022-09-06,jepx-spread-range-kansai,kansai,57.22999999999999,https://www.jepx.jp/_download.php?dir=spot_summary&file=spot_summary_2022.csv
2022-09-07,jepx-spread-range-kansai,kansai,26.43,https://www.jepx.jp/_download.php?dir=spot_summary&file=spot_summary_2022.csv
2022-09-08,jepx-spread-range-kansai,kansai,22.65,https://www.jepx.jp/_download.php?dir=spot_summary&file=spot_summary_2022.csv
2022-09-09,jepx-spread-range-kansai,kansai,33.06999999999999,https://www.jepx.jp/_download.php?dir=spot_summary&file=spot_summary_2022.csv
2022-09-10,jepx-spread-range-kansai,kansai,37.0,https://www.jepx.jp/_download.php?dir=spot_summary&file=spot_summary_2022.csv
2022-09-11,jepx-spread-range-kansai,kansai,34.09,https://www.jepx.jp/_download.php?dir=spot_summary&file=spot_summary_2022.csv
2022-09-12,jepx-spread-range-kansai,kansai,50.37,https://www.jepx.jp/_download.php?dir=spot_summary&file=spot_summary_2022.csv
2022-09-13,jepx-spread-range-kansai,kansai,39.39999999999999,https://www.jepx.jp/_download.php?dir=spot_summary&file=spot_summary_2022.csv
2022-09-14,jepx-spread-range-kansai,kansai,47.1,https://www.jepx.jp/_download.php?dir=spot_summary&file=spot_summary_2022.csv
2022-09-15,jepx-spread-range-kansai,kansai,46.5,https://www.jepx.jp/_download.php?dir=spot_summary&file=spot_summary_2022.csv
2022-09-16,jepx-spread-range-kansai,kansai,56.52,https://www.jepx.jp/_download.php?dir=spot_summary&file=spot_summary_2022.csv
2022-09-17,jepx-spread-range-kansai,kansai,21.15,https://www.jepx.jp/_download.php?dir=spot_summary&file=spot_summary_2022.csv
2022-09-18,jepx-spread-range-kansai,kansai,27.61,https://www.jepx.jp/_download.php?dir=spot_summary&file=spot_summary_2022.csv
2022-09-19,jepx-spread-range-kansai,kansai,28.16,https://www.jepx.jp/_download.php?dir=spot_summary&file=spot_summary_2022.csv
2022-09-20,jepx-spread-range-kansai,kansai,34.190000000000005,https://www.jepx.jp/_download.php?dir=spot_summary&file=spot_summary_2022.csv
2022-09-21,jepx-spread-range-kansai,kansai,32.620000000000005,https://www.jepx.jp/_download.php?dir=spot_summary&file=spot_summary_2022.csv
2022-09-22,jepx-spread-range-kansai,kansai,24.72,https://www.jepx.jp/_download.php?dir=spot_summary&file=spot_summary_2022.csv
2022-09-23,jepx-spread-range-kansai,kansai,20.4,https://www.jepx.jp/_download.php?dir=spot_summary&file=spot_summary_2022.csv
2022-09-24,jepx-spread-range-kansai,kansai,23.36,https://www.jepx.jp/_download.php?dir=spot_summary&file=spot_summary_2022.csv
2022-09-25,jepx-spread-range-kansai,kansai,20.42,https://www.jepx.jp/_download.php?dir=spot_summary&file=spot_summary_2022.csv
2022-09-26,jepx-spread-range-kansai,kansai,22.96,https://www.jepx.jp/_download.php?dir=spot_summary&file=spot_summary_2022.csv
2022-09-27,jepx-spread-range-kansai,kansai,10.43,https://www.jepx.jp/_download.php?dir=spot_summary&file=spot_summary_2022.csv
2022-09-28,jepx-spread-range-kansai,kansai,21.14,https://www.jepx.jp/_download.php?dir=spot_summary&file=spot_summary_2022.csv
2022-09-29,jepx-spread-range-kansai,kansai,29.5,https://www.jepx.jp/_download.php?dir=spot_summary&file=spot_summary_2022.csv
2022-09-30,jepx-spread-range-kansai,kansai,29.98,https://www.jepx.jp/_download.php?dir=spot_summary&file=spot_summary_2022.csv
2022-10-01,jepx-spread-range-kansai,kansai,34.54,https://www.jepx.jp/_download.php?dir=spot_summary&file=spot_summary_2022.csv
2022-10-02,jepx-spread-range-kansai,kansai,31.7,https://www.jepx.jp/_download.php?dir=spot_summary&file=spot_summary_2022.csv
2022-10-03,jepx-spread-range-kansai,kansai,29.6,https://www.jepx.jp/_download.php?dir=spot_summary&file=spot_summary_2022.csv
2022-10-04,jepx-spread-range-kansai,kansai,33.94,https://www.jepx.jp/_download.php?dir=spot_summary&file=spot_summary_2022.csv
2022-10-05,jepx-spread-range-kansai,kansai,31.53,https://www.jepx.jp/_download.php?dir=spot_summary&file=spot_summary_2022.csv
2022-10-06,jepx-spread-range-kansai,kansai,18.63,https://www.jepx.jp/_download.php?dir=spot_summary&file=spot_summary_2022.csv
2022-10-07,jepx-spread-range-kansai,kansai,17.410000000000004,https://www.jepx.jp/_download.php?dir=spot_summary&file=spot_summary_2022.csv
2022-10-08,jepx-spread-range-kansai,kansai,28.54,https://www.jepx.jp/_download.php?dir=spot_summary&file=spot_summary_2022.csv
2022-10-09,jepx-spread-range-kansai,kansai,29.0,https://www.jepx.jp/_download.php?dir=spot_summary&file=spot_summary_2022.csv
2022-10-10,jepx-spread-range-kansai,kansai,31.53,https://www.jepx.jp/_download.php?dir=spot_summary&file=spot_summary_2022.csv
2022-10-11,jepx-spread-range-kansai,kansai,31.51,https://www.jepx.jp/_download.php?dir=spot_summary&file=spot_summary_2022.csv
2022-10-12,jepx-spread-range-kansai,kansai,34.95,https://www.jepx.jp/_download.php?dir=spot_summary&file=spot_summary_2022.csv
2022-10-13,jepx-spread-range-kansai,kansai,34.95,https://www.jepx.jp/_download.php?dir=spot_summary&file=spot_summary_2022.csv
2022-10-14,jepx-spread-range-kansai,kansai,34.5,https://www.jepx.jp/_download.php?dir=spot_summary&file=spot_summary_2022.csv
2022-10-15,jepx-spread-range-kansai,kansai,29.57,https://www.jepx.jp/_download.php?dir=spot_summary&file=spot_summary_2022.csv
2022-10-16,jepx-spread-range-kansai,kansai,28.25,https://www.jepx.jp/_download.php?dir=spot_summary&file=spot_summary_2022.csv
2022-10-17,jepx-spread-range-kansai,kansai,19.9,https://www.jepx.jp/_download.php?dir=spot_summary&file=spot_summary_2022.csv
2022-10-18,jepx-spread-range-kansai,kansai,21.8,https://www.jepx.jp/_download.php?dir=spot_summary&file=spot_summary_2022.csv
2022-10-19,jepx-spread-range-kansai,kansai,30.27,https://www.jepx.jp/_download.php?dir=spot_summary&file=spot_summary_2022.csv
2022-10-20,jepx-spread-range-kansai,kansai,30.52,https://www.jepx.jp/_download.php?dir=spot_summary&file=spot_summary_2022.csv
2022-10-21,jepx-spread-range-kansai,kansai,28.99,https://www.jepx.jp/_download.php?dir=spot_summary&file=spot_summary_2022.csv
2022-10-22,jepx-spread-range-kansai,kansai,23.76,https://www.jepx.jp/_download.php?dir=spot_summary&file=spot_summary_2022.csv
2022-10-23,jepx-spread-range-kansai,kansai,28.95,https://www.jepx.jp/_download.php?dir=spot_summary&file=spot_summary_2022.csv
2022-10-24,jepx-spread-range-kansai,kansai,27.130000000000003,https://www.jepx.jp/_download.php?dir=spot_summary&file=spot_summary_2022.csv
2022-10-25,jepx-spread-range-kansai,kansai,39.17,https://www.jepx.jp/_download.php?dir=spot_summary&file=spot_summary_2022.csv
2022-10-26,jepx-spread-range-kansai,kansai,34.04,https://www.jepx.jp/_download.php?dir=spot_summary&file=spot_summary_2022.csv
2022-10-27,jepx-spread-range-kansai,kansai,19.75,https://www.jepx.jp/_download.php?dir=spot_summary&file=spot_summary_2022.csv
2022-10-28,jepx-spread-range-kansai,kansai,30.520000000000003,https://www.jepx.jp/_download.php?dir=spot_summary&file=spot_summary_2022.csv
2022-10-29,jepx-spread-range-kansai,kansai,29.1,https://www.jepx.jp/_download.php?dir=spot_summary&file=spot_summary_2022.csv
2022-10-30,jepx-spread-range-kansai,kansai,31.07,https://www.jepx.jp/_download.php?dir=spot_summary&file=spot_summary_2022.csv
2022-10-31,jepx-spread-range-kansai,kansai,33.27,https://www.jepx.jp/_download.php?dir=spot_summary&file=spot_summary_2022.csv
2022-11-01,jepx-spread-range-kansai,kansai,27.03,https://www.jepx.jp/_download.php?dir=spot_summary&file=spot_summary_2022.csv
2022-11-02,jepx-spread-range-kansai,kansai,35.74,https://www.jepx.jp/_download.php?dir=spot_summary&file=spot_summary_2022.csv
2022-11-03,jepx-spread-range-kansai,kansai,29.6,https://www.jepx.jp/_download.php?dir=spot_summary&file=spot_summary_2022.csv
2022-11-04,jepx-spread-range-kansai,kansai,20.99,https://www.jepx.jp/_download.php?dir=spot_summary&file=spot_summary_2022.csv
2022-11-05,jepx-spread-range-kansai,kansai,30.2,https://www.jepx.jp/_download.php?dir=spot_summary&file=spot_summary_2022.csv
2022-11-06,jepx-spread-range-kansai,kansai,28.39,https://www.jepx.jp/_download.php?dir=spot_summary&file=spot_summary_2022.csv
2022-11-07,jepx-spread-range-kansai,kansai,23.16,https://www.jepx.jp/_download.php?dir=spot_summary&file=spot_summary_2022.csv
2022-11-08,jepx-spread-range-kansai,kansai,28.99,https://www.jepx.jp/_download.php?dir=spot_summary&file=spot_summary_2022.csv
2022-11-09,jepx-spread-range-kansai,kansai,29.97,https://www.jepx.jp/_download.php?dir=spot_summary&file=spot_summary_2022.csv
2022-11-10,jepx-spread-range-kansai,kansai,23.44,https://www.jepx.jp/_download.php?dir=spot_summary&file=spot_summary_2022.csv
2022-11-11,jepx-spread-range-kansai,kansai,24.84,https://www.jepx.jp/_download.php?dir=spot_summary&file=spot_summary_2022.csv
2022-11-12,jepx-spread-range-kansai,kansai,26.66,https://www.jepx.jp/_download.php?dir=spot_summary&file=spot_summary_2022.csv
2022-11-13,jepx-spread-range-kansai,kansai,16.46,https://www.jepx.jp/_download.php?dir=spot_summary&file=spot_summary_2022.csv
2022-11-14,jepx-spread-range-kansai,kansai,24.85,https://www.jepx.jp/_download.php?dir=spot_summary&file=spot_summary_2022.csv
2022-11-15,jepx-spread-range-kansai,kansai,24.84,https://www.jepx.jp/_download.php?dir=spot_summary&file=spot_summary_2022.csv
2022-11-16,jepx-spread-range-kansai,kansai,27.5,https://www.jepx.jp/_download.php?dir=spot_summary&file=spot_summary_2022.csv
2022-11-17,jepx-spread-range-kansai,kansai,23.72,https://www.jepx.jp/_download.php?dir=spot_summary&file=spot_summary_2022.csv
2022-11-18,jepx-spread-range-kansai,kansai,23.26,https://www.jepx.jp/_download.php?dir=spot_summary&file=spot_summary_2022.csv
2022-11-19,jepx-spread-range-kansai,kansai,25.76,https://www.jepx.jp/_download.php?dir=spot_summary&file=spot_summary_2022.csv
2022-11-20,jepx-spread-range-kansai,kansai,15.85,https://www.jepx.jp/_download.php?dir=spot_summary&file=spot_summary_2022.csv
2022-11-21,jepx-spread-range-kansai,kansai,22.47,https://www.jepx.jp/_download.php?dir=spot_summary&file=spot_summary_2022.csv
2022-11-22,jepx-spread-range-kansai,kansai,29.1,https://www.jepx.jp/_download.php?dir=spot_summary&file=spot_summary_2022.csv
2022-11-23,jepx-spread-range-kansai,kansai,18.11,https://www.jepx.jp/_download.php?dir=spot_summary&file=spot_summary_2022.csv
2022-11-24,jepx-spread-range-kansai,kansai,17.29,https://www.jepx.jp/_download.php?dir=spot_summary&file=spot_summary_2022.csv
2022-11-25,jepx-spread-range-kansai,kansai,25.84,https://www.jepx.jp/_download.php?dir=spot_summary&file=spot_summary_2022.csv
2022-11-26,jepx-spread-range-kansai,kansai,16.79,https://www.jepx.jp/_download.php?dir=spot_summary&file=spot_summary_2022.csv
2022-11-27,jepx-spread-range-kansai,kansai,24.15,https://www.jepx.jp/_download.php?dir=spot_summary&file=spot_summary_2022.csv
2022-11-28,jepx-spread-range-kansai,kansai,28.53,https://www.jepx.jp/_download.php?dir=spot_summary&file=spot_summary_2022.csv
2022-11-29,jepx-spread-range-kansai,kansai,10.69,https://www.jepx.jp/_download.php?dir=spot_summary&file=spot_summary_2022.csv
2022-11-30,jepx-spread-range-kansai,kansai,17.2,https://www.jepx.jp/_download.php?dir=spot_summary&file=spot_summary_2022.csv
2022-12-01,jepx-spread-range-kansai,kansai,12.739999999999998,https://www.jepx.jp/_download.php?dir=spot_summary&file=spot_summary_2022.csv
2022-12-02,jepx-spread-range-kansai,kansai,18.52,https://www.jepx.jp/_download.php?dir=spot_summary&file=spot_summary_2022.csv
2022-12-03,jepx-spread-range-kansai,kansai,24.21,https://www.jepx.jp/_download.php?dir=spot_summary&file=spot_summary_2022.csv
2022-12-04,jepx-spread-range-kansai,kansai,13.170000000000002,https://www.jepx.jp/_download.php?dir=spot_summary&file=spot_summary_2022.csv
2022-12-05,jepx-spread-range-kansai,kansai,12.0,https://www.jepx.jp/_download.php?dir=spot_summary&file=spot_summary_2022.csv
2022-12-06,jepx-spread-range-kansai,kansai,17.02,https://www.jepx.jp/_download.php?dir=spot_summary&file=spot_summary_2022.csv
2022-12-07,jepx-spread-range-kansai,kansai,18.71,https://www.jepx.jp/_download.php?dir=spot_summary&file=spot_summary_2022.csv
2022-12-08,jepx-spread-range-kansai,kansai,21.65,https://www.jepx.jp/_download.php?dir=spot_summary&file=spot_summary_2022.csv
2022-12-09,jepx-spread-range-kansai,kansai,15.590000000000003,https://www.jepx.jp/_download.php?dir=spot_summary&file=spot_summary_2022.csv
2022-12-10,jepx-spread-range-kansai,kansai,18.38,https://www.jepx.jp/_download.php?dir=spot_summary&file=spot_summary_2022.csv
2022-12-11,jepx-spread-range-kansai,kansai,8.629999999999999,https://www.jepx.jp/_download.php?dir=spot_summary&file=spot_summary_2022.csv
2022-12-12,jepx-spread-range-kansai,kansai,11.27,https://www.jepx.jp/_download.php?dir=spot_summary&file=spot_summary_2022.csv
2022-12-13,jepx-spread-range-kansai,kansai,8.989999999999998,https://www.jepx.jp/_download.php?dir=spot_summary&file=spot_summary_2022.csv
2022-12-14,jepx-spread-range-kansai,kansai,25.700000000000003,https://www.jepx.jp/_download.php?dir=spot_summary&file=spot_summary_2022.csv
2022-12-15,jepx-spread-range-kansai,kansai,21.34,https://www.jepx.jp/_download.php?dir=spot_summary&file=spot_summary_2022.csv
2022-12-16,jepx-spread-range-kansai,kansai,14.489999999999998,https://www.jepx.jp/_download.php?dir=spot_summary&file=spot_summary_2022.csv
2022-12-17,jepx-spread-range-kansai,kansai,18.22,https://www.jepx.jp/_download.php?dir=spot_summary&file=spot_summary_2022.csv
2022-12-18,jepx-spread-range-kansai,kansai,18.19,https://www.jepx.jp/_download.php?dir=spot_summary&file=spot_summary_2022.csv
2022-12-19,jepx-spread-range-kansai,kansai,28.83,https://www.jepx.jp/_download.php?dir=spot_summary&file=spot_summary_2022.csv
2022-12-20,jepx-spread-range-kansai,kansai,25.15,https://www.jepx.jp/_download.php?dir=spot_summary&file=spot_summary_2022.csv
2022-12-21,jepx-spread-range-kansai,kansai,21.020000000000003,https://www.jepx.jp/_download.php?dir=spot_summary&file=spot_summary_2022.csv
2022-12-22,jepx-spread-range-kansai,kansai,20.01,https://www.jepx.jp/_download.php?dir=spot_summary&file=spot_summary_2022.csv
2022-12-23,jepx-spread-range-kansai,kansai,28.38,https://www.jepx.jp/_download.php?dir=spot_summary&file=spot_summary_2022.csv
2022-12-24,jepx-spread-range-kansai,kansai,15.790000000000004,https://www.jepx.jp/_download.php?dir=spot_summary&file=spot_summary_2022.csv
2022-12-25,jepx-spread-range-kansai,kansai,13.35,https://www.jepx.jp/_download.php?dir=spot_summary&file=spot_summary_2022.csv
2022-12-26,jepx-spread-range-kansai,kansai,17.38,https://www.jepx.jp/_download.php?dir=spot_summary&file=spot_summary_2022.csv
2022-12-27,jepx-spread-range-kansai,kansai,19.290000000000003,https://www.jepx.jp/_download.php?dir=spot_summary&file=spot_summary_2022.csv
2022-12-28,jepx-spread-range-kansai,kansai,12.03,https://www.jepx.jp/_download.php?dir=spot_summary&file=spot_summary_2022.csv
2022-12-29,jepx-spread-range-kansai,kansai,22.37,https://www.jepx.jp/_download.php?dir=spot_summary&file=spot_summary_2022.csv
2022-12-30,jepx-spread-range-kansai,kansai,18.38,https://www.jepx.jp/_download.php?dir=spot_summary&file=spot_summary_2022.csv
2022-12-31,jepx-spread-range-kansai,kansai,14.09,https://www.jepx.jp/_download.php?dir=spot_summary&file=spot_summary_2022.csv
2023-01-01,jepx-spread-range-kansai,kansai,24.89,https://www.jepx.jp/_download.php?dir=spot_summary&file=spot_summary_2022.csv
2023-01-02,jepx-spread-range-kansai,kansai,11.34,https://www.jepx.jp/_download.php?dir=spot_summary&file=spot_summary_2022.csv
2023-01-03,jepx-spread-range-kansai,kansai,24.1,https://www.jepx.jp/_download.php?dir=spot_summary&file=spot_summary_2022.csv
2023-01-04,jepx-spread-range-kansai,kansai,12.25,https://www.jepx.jp/_download.php?dir=spot_summary&file=spot_summary_2022.csv
2023-01-05,jepx-spread-range-kansai,kansai,13.63,https://www.jepx.jp/_download.php?dir=spot_summary&file=spot_summary_2022.csv
2023-01-06,jepx-spread-range-kansai,kansai,10.0,https://www.jepx.jp/_download.php?dir=spot_summary&file=spot_summary_2022.csv
2023-01-07,jepx-spread-range-kansai,kansai,6.260000000000002,https://www.jepx.jp/_download.php?dir=spot_summary&file=spot_summary_2022.csv
2023-01-08,jepx-spread-range-kansai,kansai,23.61,https://www.jepx.jp/_download.php?dir=spot_summary&file=spot_summary_2022.csv
2023-01-09,jepx-spread-range-kansai,kansai,19.99,https://www.jepx.jp/_download.php?dir=spot_summary&file=spot_summary_2022.csv
2023-01-10,jepx-spread-range-kansai,kansai,13.0,https://www.jepx.jp/_download.php?dir=spot_summary&file=spot_summary_2022.csv
2023-01-11,jepx-spread-range-kansai,kansai,15.26,https://www.jepx.jp/_download.php?dir=spot_summary&file=spot_summary_2022.csv
2023-01-12,jepx-spread-range-kansai,kansai,14.95,https://www.jepx.jp/_download.php?dir=spot_summary&file=spot_summary_2022.csv
2023-01-13,jepx-spread-range-kansai,kansai,14.32,https://www.jepx.jp/_download.php?dir=spot_summary&file=spot_summary_2022.csv
2023-01-14,jepx-spread-range-kansai,kansai,8.64,https://www.jepx.jp/_download.php?dir=spot_summary&file=spot_summary_2022.csv
2023-01-15,jepx-spread-range-kansai,kansai,13.35,https://www.jepx.jp/_download.php?dir=spot_summary&file=spot_summary_2022.csv
2023-01-16,jepx-spread-range-kansai,kansai,7.65,https://www.jepx.jp/_download.php?dir=spot_summary&file=spot_summary_2022.csv
2023-01-17,jepx-spread-range-kansai,kansai,8.28,https://www.jepx.jp/_download.php?dir=spot_summary&file=spot_summary_2022.csv
2023-01-18,jepx-spread-range-kansai,kansai,10.43,https://www.jepx.jp/_download.php?dir=spot_summary&file=spot_summary_2022.csv
2023-01-19,jepx-spread-range-kansai,kansai,18.75,https://www.jepx.jp/_download.php?dir=spot_summary&file=spot_summary_2022.csv
2023-01-20,jepx-spread-range-kansai,kansai,12.23,https://www.jepx.jp/_download.php?dir=spot_summary&file=spot_summary_2022.csv
2023-01-21,jepx-spread-range-kansai,kansai,11.0,https://www.jepx.jp/_download.php?dir=spot_summary&file=spot_summary_2022.csv
2023-01-22,jepx-spread-range-kansai,kansai,20.96,https://www.jepx.jp/_download.php?dir=spot_summary&file=spot_summary_2022.csv
2023-01-23,jepx-spread-range-kansai,kansai,9.96,https://www.jepx.jp/_download.php?dir=spot_summary&file=spot_summary_2022.csv
2023-01-24,jepx-spread-range-kansai,kansai,18.85,https://www.jepx.jp/_download.php?dir=spot_summary&file=spot_summary_2022.csv
2023-01-25,jepx-spread-range-kansai,kansai,29.43,https://www.jepx.jp/_download.php?dir=spot_summary&file=spot_summary_2022.csv
2023-01-26,jepx-spread-range-kansai,kansai,19.94,https://www.jepx.jp/_download.php?dir=spot_summary&file=spot_summary_2022.csv
2023-01-27,jepx-spread-range-kansai,kansai,21.14,https://www.jepx.jp/_download.php?dir=spot_summary&file=spot_summary_2022.csv
2023-01-28,jepx-spread-range-kansai,kansai,8.150000000000002,https://www.jepx.jp/_download.php?dir=spot_summary&file=spot_summary_2022.csv
2023-01-29,jepx-spread-range-kansai,kansai,20.64,https://www.jepx.jp/_download.php?dir=spot_summary&file=spot_summary_2022.csv
2023-01-30,jepx-spread-range-kansai,kansai,14.62,https://www.jepx.jp/_download.php?dir=spot_summary&file=spot_summary_2022.csv
2023-01-31,jepx-spread-range-kansai,kansai,12.36,https://www.jepx.jp/_download.php?dir=spot_summary&file=spot_summary_2022.csv
2023-02-01,jepx-spread-range-kansai,kansai,12.419999999999998,https://www.jepx.jp/_download.php?dir=spot_summary&file=spot_summary_2022.csv
2023-02-02,jepx-spread-range-kansai,kansai,15.04,https://www.jepx.jp/_download.php?dir=spot_summary&file=spot_summary_2022.csv
2023-02-03,jepx-spread-range-kansai,kansai,8.350000000000001,https://www.jepx.jp/_download.php?dir=spot_summary&file=spot_summary_2022.csv
2023-02-04,jepx-spread-range-kansai,kansai,18.83,https://www.jepx.jp/_download.php?dir=spot_summary&file=spot_summary_2022.csv
2023-02-05,jepx-spread-range-kansai,kansai,19.82,https://www.jepx.jp/_download.php?dir=spot_summary&file=spot_summary_2022.csv
2023-02-06,jepx-spread-range-kansai,kansai,16.07,https://www.jepx.jp/_download.php?dir=spot_summary&file=spot_summary_2022.csv
2023-02-07,jepx-spread-range-kansai,kansai,6.48,https://www.jepx.jp/_download.php?dir=spot_summary&file=spot_summary_2022.csv
2023-02-08,jepx-spread-range-kansai,kansai,20.65,https://www.jepx.jp/_download.php?dir=spot_summary&file=spot_summary_2022.csv
2023-02-09,jepx-spread-range-kansai,kansai,16.52,https://www.jepx.jp/_download.php?dir=spot_summary&file=spot_summary_2022.csv
2023-02-10,jepx-spread-range-kansai,kansai,13.0,https://www.jepx.jp/_download.php?dir=spot_summary&file=spot_summary_2022.csv
2023-02-11,jepx-spread-range-kansai,kansai,16.52,https://www.jepx.jp/_download.php?dir=spot_summary&file=spot_summary_2022.csv
2023-02-12,jepx-spread-range-kansai,kansai,16.049999999999997,https://www.jepx.jp/_download.php?dir=spot_summary&file=spot_summary_2022.csv
2023-02-13,jepx-spread-range-kansai,kansai,8.01,https://www.jepx.jp/_download.php?dir=spot_summary&file=spot_summary_2022.csv
2023-02-14,jepx-spread-range-kansai,kansai,16.04,https://www.jepx.jp/_download.php?dir=spot_summary&file=spot_summary_2022.csv
2023-02-15,jepx-spread-range-kansai,kansai,11.48,https://www.jepx.jp/_download.php?dir=spot_summary&file=spot_summary_2022.csv
2023-02-16,jepx-spread-range-kansai,kansai,20.8,https://www.jepx.jp/_download.php?dir=spot_summary&file=spot_summary_2022.csv
2023-02-17,jepx-spread-range-kansai,kansai,19.48,https://www.jepx.jp/_download.php?dir=spot_summary&file=spot_summary_2022.csv
2023-02-18,jepx-spread-range-kansai,kansai,7.659999999999998,https://www.jepx.jp/_download.php?dir=spot_summary&file=spot_summary_2022.csv
2023-02-19,jepx-spread-range-kansai,kansai,10.25,https://www.jepx.jp/_download.php?dir=spot_summary&file=spot_summary_2022.csv
2023-02-20,jepx-spread-range-kansai,kansai,17.54,https://www.jepx.jp/_download.php?dir=spot_summary&file=spot_summary_2022.csv
2023-02-21,jepx-spread-range-kansai,kansai,19.3,https://www.jepx.jp/_download.php?dir=spot_summary&file=spot_summary_2022.csv
2023-02-22,jepx-spread-range-kansai,kansai,18.84,https://www.jepx.jp/_download.php?dir=spot_summary&file=spot_summary_2022.csv
2023-02-23,jepx-spread-range-kansai,kansai,7.069999999999999,https://www.jepx.jp/_download.php?dir=spot_summary&file=spot_summary_2022.csv
2023-02-24,jepx-spread-range-kansai,kansai,4.449999999999999,https://www.jepx.jp/_download.php?dir=spot_summary&file=spot_summary_2022.csv
2023-02-25,jepx-spread-range-kansai,kansai,17.41,https://www.jepx.jp/_download.php?dir=spot_summary&file=spot_summary_2022.csv
2023-02-26,jepx-spread-range-kansai,kansai,19.12,https://www.jepx.jp/_download.php?dir=spot_summary&file=spot_summary_2022.csv
2023-02-27,jepx-spread-range-kansai,kansai,18.62,https://www.jepx.jp/_download.php?dir=spot_summary&file=spot_summary_2022.csv
2023-02-28,jepx-spread-range-kansai,kansai,18.06,https://www.jepx.jp/_download.php?dir=spot_summary&file=spot_summary_2022.csv
2023-03-01,jepx-spread-range-kansai,kansai,16.69,https://www.jepx.jp/_download.php?dir=spot_summary&file=spot_summary_2022.csv
2023-03-02,jepx-spread-range-kansai,kansai,15.11,https://www.jepx.jp/_download.php?dir=spot_summary&file=spot_summary_2022.csv
2023-03-03,jepx-spread-range-kansai,kansai,18.18,https://www.jepx.jp/_download.php?dir=spot_summary&file=spot_summary_2022.csv
2023-03-04,jepx-spread-range-kansai,kansai,16.19,https://www.jepx.jp/_download.php?dir=spot_summary&file=spot_summary_2022.csv
2023-03-05,jepx-spread-range-kansai,kansai,15.99,https://www.jepx.jp/_download.php?dir=spot_summary&file=spot_summary_2022.csv
2023-03-06,jepx-spread-range-kansai,kansai,17.68,https://www.jepx.jp/_download.php?dir=spot_summary&file=spot_summary_2022.csv
2023-03-07,jepx-spread-range-kansai,kansai,16.569999999999997,https://www.jepx.jp/_download.php?dir=spot_summary&file=spot_summary_2022.csv
2023-03-08,jepx-spread-range-kansai,kansai,17.41,https://www.jepx.jp/_download.php?dir=spot_summary&file=spot_summary_2022.csv
2023-03-09,jepx-spread-range-kansai,kansai,14.19,https://www.jepx.jp/_download.php?dir=spot_summary&file=spot_summary_2022.csv
2023-03-10,jepx-spread-range-kansai,kansai,14.48,https://www.jepx.jp/_download.php?dir=spot_summary&file=spot_summary_2022.csv
2023-03-11,jepx-spread-range-kansai,kansai,13.5,https://www.jepx.jp/_download.php?dir=spot_summary&file=spot_summary_2022.csv
2023-03-12,jepx-spread-range-kansai,kansai,14.69,https://www.jepx.jp/_download.php?dir=spot_summary&file=spot_summary_2022.csv
2023-03-13,jepx-spread-range-kansai,kansai,23.17,https://www.jepx.jp/_download.php?dir=spot_summary&file=spot_summary_2022.csv
2023-03-14,jepx-spread-range-kansai,kansai,18.24,https://www.jepx.jp/_download.php?dir=spot_summary&file=spot_summary_2022.csv
2023-03-15,jepx-spread-range-kansai,kansai,15.12,https://www.jepx.jp/_download.php?dir=spot_summary&file=spot_summary_2022.csv
2023-03-16,jepx-spread-range-kansai,kansai,16.29,https://www.jepx.jp/_download.php?dir=spot_summary&file=spot_summary_2022.csv
2023-03-17,jepx-spread-range-kansai,kansai,14.37,https://www.jepx.jp/_download.php?dir=spot_summary&file=spot_summary_2022.csv
2023-03-18,jepx-spread-range-kansai,kansai,8.130000000000003,https://www.jepx.jp/_download.php?dir=spot_summary&file=spot_summary_2022.csv
2023-03-19,jepx-spread-range-kansai,kansai,17.41,https://www.jepx.jp/_download.php?dir=spot_summary&file=spot_summary_2022.csv
2023-03-20,jepx-spread-range-kansai,kansai,14.14,https://www.jepx.jp/_download.php?dir=spot_summary&file=spot_summary_2022.csv
2023-03-21,jepx-spread-range-kansai,kansai,8.27,https://www.jepx.jp/_download.php?dir=spot_summary&file=spot_summary_2022.csv
2023-03-22,jepx-spread-range-kansai,kansai,13.91,https://www.jepx.jp/_download.php?dir=spot_summary&file=spot_summary_2022.csv
2023-03-23,jepx-spread-range-kansai,kansai,5.370000000000001,https://www.jepx.jp/_download.php?dir=spot_summary&file=spot_summary_2022.csv
2023-03-24,jepx-spread-range-kansai,kansai,6.57,https://www.jepx.jp/_download.php?dir=spot_summary&file=spot_summary_2022.csv
2023-03-25,jepx-spread-range-kansai,kansai,7.890000000000001,https://www.jepx.jp/_download.php?dir=spot_summary&file=spot_summary_2022.csv
2023-03-26,jepx-spread-range-kansai,kansai,5.5600000000000005,https://www.jepx.jp/_download.php?dir=spot_summary&file=spot_summary_2022.csv
2023-03-27,jepx-spread-range-kansai,kansai,14.73,https://www.jepx.jp/_download.php?dir=spot_summary&file=spot_summary_2022.csv
2023-03-28,jepx-spread-range-kansai,kansai,14.68,https://www.jepx.jp/_download.php?dir=spot_summary&file=spot_summary_2022.csv
2023-03-29,jepx-spread-range-kansai,kansai,14.92,https://www.jepx.jp/_download.php?dir=spot_summary&file=spot_summary_2022.csv
2023-03-30,jepx-spread-range-kansai,kansai,14.5,https://www.jepx.jp/_download.php?dir=spot_summary&file=spot_summary_2022.csv
2023-03-31,jepx-spread-range-kansai,kansai,13.89,https://www.jepx.jp/_download.php?dir=spot_summary&file=spot_summary_2022.csv
2023-04-01,jepx-spread-range-kansai,kansai,14.81,https://www.jepx.jp/_download.php?dir=spot_summary&file=spot_summary_2023.csv
2023-04-02,jepx-spread-range-kansai,kansai,12.49,https://www.jepx.jp/_download.php?dir=spot_summary&file=spot_summary_2023.csv
2023-04-03,jepx-spread-range-kansai,kansai,13.99,https://www.jepx.jp/_download.php?dir=spot_summary&file=spot_summary_2023.csv
2023-04-04,jepx-spread-range-kansai,kansai,14.21,https://www.jepx.jp/_download.php?dir=spot_summary&file=spot_summary_2023.csv
2023-04-05,jepx-spread-range-kansai,kansai,5.32,https://www.jepx.jp/_download.php?dir=spot_summary&file=spot_summary_2023.csv
2023-04-06,jepx-spread-range-kansai,kansai,5.970000000000001,https://www.jepx.jp/_download.php?dir=spot_summary&file=spot_summary_2023.csv
2023-04-07,jepx-spread-range-kansai,kansai,14.99,https://www.jepx.jp/_download.php?dir=spot_summary&file=spot_summary_2023.csv
2023-04-08,jepx-spread-range-kansai,kansai,17.04,https://www.jepx.jp/_download.php?dir=spot_summary&file=spot_summary_2023.csv
2023-04-09,jepx-spread-range-kansai,kansai,16.25,https://www.jepx.jp/_download.php?dir=spot_summary&file=spot_summary_2023.csv
2023-04-10,jepx-spread-range-kansai,kansai,14.57,https://www.jepx.jp/_download.php?dir=spot_summary&file=spot_summary_2023.csv
2023-04-11,jepx-spread-range-kansai,kansai,14.37,https://www.jepx.jp/_download.php?dir=spot_summary&file=spot_summary_2023.csv
2023-04-12,jepx-spread-range-kansai,kansai,14.57,https://www.jepx.jp/_download.php?dir=spot_summary&file=spot_summary_2023.csv
2023-04-13,jepx-spread-range-kansai,kansai,14.0,https://www.jepx.jp/_download.php?dir=spot_summary&file=spot_summary_2023.csv
2023-04-14,jepx-spread-range-kansai,kansai,14.74,https://www.jepx.jp/_download.php?dir=spot_summary&file=spot_summary_2023.csv
2023-04-15,jepx-spread-range-kansai,kansai,11.66,https://www.jepx.jp/_download.php?dir=spot_summary&file=spot_summary_2023.csv
2023-04-16,jepx-spread-range-kansai,kansai,14.51,https://www.jepx.jp/_download.php?dir=spot_summary&file=spot_summary_2023.csv
2023-04-17,jepx-spread-range-kansai,kansai,16.72,https://www.jepx.jp/_download.php?dir=spot_summary&file=spot_summary_2023.csv
2023-04-18,jepx-spread-range-kansai,kansai,14.65,https://www.jepx.jp/_download.php?dir=spot_summary&file=spot_summary_2023.csv
2023-04-19,jepx-spread-range-kansai,kansai,13.97,https://www.jepx.jp/_download.php?dir=spot_summary&file=spot_summary_2023.csv
2023-04-20,jepx-spread-range-kansai,kansai,14.33,https://www.jepx.jp/_download.php?dir=spot_summary&file=spot_summary_2023.csv
2023-04-21,jepx-spread-range-kansai,kansai,14.31,https://www.jepx.jp/_download.php?dir=spot_summary&file=spot_summary_2023.csv
2023-04-22,jepx-spread-range-kansai,kansai,14.51,https://www.jepx.jp/_download.php?dir=spot_summary&file=spot_summary_2023.csv
2023-04-23,jepx-spread-range-kansai,kansai,14.58,https://www.jepx.jp/_download.php?dir=spot_summary&file=spot_summary_2023.csv
2023-04-24,jepx-spread-range-kansai,kansai,14.74,https://www.jepx.jp/_download.php?dir=spot_summary&file=spot_summary_2023.csv
2023-04-25,jepx-spread-range-kansai,kansai,14.07,https://www.jepx.jp/_download.php?dir=spot_summary&file=spot_summary_2023.csv
2023-04-26,jepx-spread-range-kansai,kansai,18.34,https://www.jepx.jp/_download.php?dir=spot_summary&file=spot_summary_2023.csv
2023-04-27,jepx-spread-range-kansai,kansai,16.779999999999998,https://www.jepx.jp/_download.php?dir=spot_summary&file=spot_summary_2023.csv
2023-04-28,jepx-spread-range-kansai,kansai,15.4,https://www.jepx.jp/_download.php?dir=spot_summary&file=spot_summary_2023.csv
2023-04-29,jepx-spread-range-kansai,kansai,17.099999999999998,https://www.jepx.jp/_download.php?dir=spot_summary&file=spot_summary_2023.csv
2023-04-30,jepx-spread-range-kansai,kansai,14.99,https://www.jepx.jp/_download.php?dir=spot_summary&file=spot_summary_2023.csv
2023-05-01,jepx-spread-range-kansai,kansai,17.52,https://www.jepx.jp/_download.php?dir=spot_summary&file=spot_summary_2023.csv
2023-05-02,jepx-spread-range-kansai,kansai,16.04,https://www.jepx.jp/_download.php?dir=spot_summary&file=spot_summary_2023.csv
2023-05-03,jepx-spread-range-kansai,kansai,16.02,https://www.jepx.jp/_download.php?dir=spot_summary&file=spot_summary_2023.csv
2023-05-04,jepx-spread-range-kansai,kansai,16.709999999999997,https://www.jepx.jp/_download.php?dir=spot_summary&file=spot_summary_2023.csv
2023-05-05,jepx-spread-range-kansai,kansai,17.99,https://www.jepx.jp/_download.php?dir=spot_summary&file=spot_summary_2023.csv
2023-05-06,jepx-spread-range-kansai,kansai,8.23,https://www.jepx.jp/_download.php?dir=spot_summary&file=spot_summary_2023.csv
2023-05-07,jepx-spread-range-kansai,kansai,5.330000000000001,https://www.jepx.jp/_download.php?dir=spot_summary&file=spot_summary_2023.csv
2023-05-08,jepx-spread-range-kansai,kansai,17.99,https://www.jepx.jp/_download.php?dir=spot_summary&file=spot_summary_2023.csv
2023-05-09,jepx-spread-range-kansai,kansai,16.38,https://www.jepx.jp/_download.php?dir=spot_summary&file=spot_summary_2023.csv
2023-05-10,jepx-spread-range-kansai,kansai,15.91,https://www.jepx.jp/_download.php?dir=spot_summary&file=spot_summary_2023.csv
2023-05-11,jepx-spread-range-kansai,kansai,16.24,https://www.jepx.jp/_download.php?dir=spot_summary&file=spot_summary_2023.csv
2023-05-12,jepx-spread-range-kansai,kansai,14.69,https://www.jepx.jp/_download.php?dir=spot_summary&file=spot_summary_2023.csv
2023-05-13,jepx-spread-range-kansai,kansai,9.5,https://www.jepx.jp/_download.php?dir=spot_summary&file=spot_summary_2023.csv
2023-05-14,jepx-spread-range-kansai,kansai,10.54,https://www.jepx.jp/_download.php?dir=spot_summary&file=spot_summary_2023.csv
2023-05-15,jepx-spread-range-kansai,kansai,15.29,https://www.jepx.jp/_download.php?dir=spot_summary&file=spot_summary_2023.csv
2023-05-16,jepx-spread-range-kansai,kansai,15.3,https://www.jepx.jp/_download.php?dir=spot_summary&file=spot_summary_2023.csv
2023-05-17,jepx-spread-range-kansai,kansai,15.82,https://www.jepx.jp/_download.php?dir=spot_summary&file=spot_summary_2023.csv
2023-05-18,jepx-spread-range-kansai,kansai,14.64,https://www.jepx.jp/_download.php?dir=spot_summary&file=spot_summary_2023.csv
2023-05-19,jepx-spread-range-kansai,kansai,12.21,https://www.jepx.jp/_download.php?dir=spot_summary&file=spot_summary_2023.csv
2023-05-20,jepx-spread-range-kansai,kansai,9.99,https://www.jepx.jp/_download.php?dir=spot_summary&file=spot_summary_2023.csv
2023-05-21,jepx-spread-range-kansai,kansai,6.25,https://www.jepx.jp/_download.php?dir=spot_summary&file=spot_summary_2023.csv
2023-05-22,jepx-spread-range-kansai,kansai,13.99,https://www.jepx.jp/_download.php?dir=spot_summary&file=spot_summary_2023.csv
2023-05-23,jepx-spread-range-kansai,kansai,10.04,https://www.jepx.jp/_download.php?dir=spot_summary&file=spot_summary_2023.csv
2023-05-24,jepx-spread-range-kansai,kansai,14.69,https://www.jepx.jp/_download.php?dir=spot_summary&file=spot_summary_2023.csv
2023-05-25,jepx-spread-range-kansai,kansai,10.84,https://www.jepx.jp/_download.php?dir=spot_summary&file=spot_summary_2023.csv
2023-05-26,jepx-spread-range-kansai,kansai,10.38,https://www.jepx.jp/_download.php?dir=spot_summary&file=spot_summary_2023.csv
2023-05-27,jepx-spread-range-kansai,kansai,14.47,https://www.jepx.jp/_download.php?dir=spot_summary&file=spot_summary_2023.csv
2023-05-28,jepx-spread-range-kansai,kansai,8.65,https://www.jepx.jp/_download.php?dir=spot_summary&file=spot_summary_2023.csv
2023-05-29,jepx-spread-range-kansai,kansai,10.46,https://www.jepx.jp/_download.php?dir=spot_summary&file=spot_summary_2023.csv
2023-05-30,jepx-spread-range-kansai,kansai,14.54,https://www.jepx.jp/_download.php?dir=spot_summary&file=spot_summary_2023.csv
2023-05-31,jepx-spread-range-kansai,kansai,11.13,https://www.jepx.jp/_download.php?dir=spot_summary&file=spot_summary_2023.csv
2023-06-01,jepx-spread-range-kansai,kansai,6.03,https://www.jepx.jp/_download.php?dir=spot_summary&file=spot_summary_2023.csv
2023-06-02,jepx-spread-range-kansai,kansai,8.760000000000002,https://www.jepx.jp/_download.php?dir=spot_summary&file=spot_summary_2023.csv
2023-06-03,jepx-spread-range-kansai,kansai,9.24,https://www.jepx.jp/_download.php?dir=spot_summary&file=spot_summary_2023.csv
2023-06-04,jepx-spread-range-kansai,kansai,7.31,https://www.jepx.jp/_download.php?dir=spot_summary&file=spot_summary_2023.csv
2023-06-05,jepx-spread-range-kansai,kansai,10.48,https://www.jepx.jp/_download.php?dir=spot_summary&file=spot_summary_2023.csv
2023-06-06,jepx-spread-range-kansai,kansai,6.300000000000001,https://www.jepx.jp/_download.php?dir=spot_summary&file=spot_summary_2023.csv
2023-06-07,jepx-spread-range-kansai,kansai,10.33,https://www.jepx.jp/_download.php?dir=spot_summary&file=spot_summary_2023.csv
2023-06-08,jepx-spread-range-kansai,kansai,8.0,https://www.jepx.jp/_download.php?dir=spot_summary&file=spot_summary_2023.csv
2023-06-09,jepx-spread-range-kansai,kansai,12.99,https://www.jepx.jp/_download.php?dir=spot_summary&file=spot_summary_2023.csv
2023-06-10,jepx-spread-range-kansai,kansai,9.24,https://www.jepx.jp/_download.php?dir=spot_summary&file=spot_summary_2023.csv
2023-06-11,jepx-spread-range-kansai,kansai,9.24,https://www.jepx.jp/_download.php?dir=spot_summary&file=spot_summary_2023.csv
2023-06-12,jepx-spread-range-kansai,kansai,7.49,https://www.jepx.jp/_download.php?dir=spot_summary&file=spot_summary_2023.csv
2023-06-13,jepx-spread-range-kansai,kansai,10.33,https://www.jepx.jp/_download.php?dir=spot_summary&file=spot_summary_2023.csv
2023-06-14,jepx-spread-range-kansai,kansai,11.24,https://www.jepx.jp/_download.php?dir=spot_summary&file=spot_summary_2023.csv
2023-06-15,jepx-spread-range-kansai,kansai,10.33,https://www.jepx.jp/_download.php?dir=spot_summary&file=spot_summary_2023.csv
2023-06-16,jepx-spread-range-kansai,kansai,14.27,https://www.jepx.jp/_download.php?dir=spot_summary&file=spot_summary_2023.csv
2023-06-17,jepx-spread-range-kansai,kansai,13.81,https://www.jepx.jp/_download.php?dir=spot_summary&file=spot_summary_2023.csv
2023-06-18,jepx-spread-range-kansai,kansai,13.69,https://www.jepx.jp/_download.php?dir=spot_summary&file=spot_summary_2023.csv
2023-06-19,jepx-spread-range-kansai,kansai,13.93,https://www.jepx.jp/_download.php?dir=spot_summary&file=spot_summary_2023.csv
2023-06-20,jepx-spread-range-kansai,kansai,12.92,https://www.jepx.jp/_download.php?dir=spot_summary&file=spot_summary_2023.csv
2023-06-21,jepx-spread-range-kansai,kansai,10.9,https://www.jepx.jp/_download.php?dir=spot_summary&file=spot_summary_2023.csv
2023-06-22,jepx-spread-range-kansai,kansai,5.95,https://www.jepx.jp/_download.php?dir=spot_summary&file=spot_summary_2023.csv
2023-06-23,jepx-spread-range-kansai,kansai,13.49,https://www.jepx.jp/_download.php?dir=spot_summary&file=spot_summary_2023.csv
2023-06-24,jepx-spread-range-kansai,kansai,9.83,https://www.jepx.jp/_download.php?dir=spot_summary&file=spot_summary_2023.csv
2023-06-25,jepx-spread-range-kansai,kansai,8.35,https://www.jepx.jp/_download.php?dir=spot_summary&file=spot_summary_2023.csv
2023-06-26,jepx-spread-range-kansai,kansai,5.890000000000001,https://www.jepx.jp/_download.php?dir=spot_summary&file=spot_summary_2023.csv
2023-06-27,jepx-spread-range-kansai,kansai,11.439999999999998,https://www.jepx.jp/_download.php?dir=spot_summary&file=spot_summary_2023.csv
2023-06-28,jepx-spread-range-kansai,kansai,5.0,https://www.jepx.jp/_download.php?dir=spot_summary&file=spot_summary_2023.csv
2023-06-29,jepx-spread-range-kansai,kansai,9.7,https://www.jepx.jp/_download.php?dir=spot_summary&file=spot_summary_2023.csv
2023-06-30,jepx-spread-range-kansai,kansai,12.98,https://www.jepx.jp/_download.php?dir=spot_summary&file=spot_summary_2023.csv
2023-07-01,jepx-spread-range-kansai,kansai,5.86,https://www.jepx.jp/_download.php?dir=spot_summary&file=spot_summary_2023.csv
2023-07-02,jepx-spread-range-kansai,kansai,11.13,https://www.jepx.jp/_download.php?dir=spot_summary&file=spot_summary_2023.csv
2023-07-03,jepx-spread-range-kansai,kansai,15.88,https://www.jepx.jp/_download.php?dir=spot_summary&file=spot_summary_2023.csv
2023-07-04,jepx-spread-range-kansai,kansai,14.4,https://www.jepx.jp/_download.php?dir=spot_summary&file=spot_summary_2023.csv
2023-07-05,jepx-spread-range-kansai,kansai,8.739999999999998,https://www.jepx.jp/_download.php?dir=spot_summary&file=spot_summary_2023.csv
2023-07-06,jepx-spread-range-kansai,kansai,15.09,https://www.jepx.jp/_download.php?dir=spot_summary&file=spot_summary_2023.csv
2023-07-07,jepx-spread-range-kansai,kansai,14.63,https://www.jepx.jp/_download.php?dir=spot_summary&file=spot_summary_2023.csv
2023-07-08,jepx-spread-range-kansai,kansai,12.7,https://www.jepx.jp/_download.php?dir=spot_summary&file=spot_summary_2023.csv
2023-07-09,jepx-spread-range-kansai,kansai,11.83,https://www.jepx.jp/_download.php?dir=spot_summary&file=spot_summary_2023.csv
2023-07-10,jepx-spread-range-kansai,kansai,14.91,https://www.jepx.jp/_download.php?dir=spot_summary&file=spot_summary_2023.csv
2023-07-11,jepx-spread-range-kansai,kansai,12.78,https://www.jepx.jp/_download.php?dir=spot_summary&file=spot_summary_2023.csv
2023-07-12,jepx-spread-range-kansai,kansai,13.43,https://www.jepx.jp/_download.php?dir=spot_summary&file=spot_summary_2023.csv
2023-07-13,jepx-spread-range-kansai,kansai,9.85,https://www.jepx.jp/_download.php?dir=spot_summary&file=spot_summary_2023.csv
2023-07-14,jepx-spread-range-kansai,kansai,10.1,https://www.jepx.jp/_download.php?dir=spot_summary&file=spot_summary_2023.csv
2023-07-15,jepx-spread-range-kansai,kansai,14.79,https://www.jepx.jp/_download.php?dir=spot_summary&file=spot_summary_2023.csv
2023-07-16,jepx-spread-range-kansai,kansai,15.3,https://www.jepx.jp/_download.php?dir=spot_summary&file=spot_summary_2023.csv
2023-07-17,jepx-spread-range-kansai,kansai,19.17,https://www.jepx.jp/_download.php?dir=spot_summary&file=spot_summary_2023.csv
2023-07-18,jepx-spread-range-kansai,kansai,15.71,https://www.jepx.jp/_download.php?dir=spot_summary&file=spot_summary_2023.csv
2023-07-19,jepx-spread-range-kansai,kansai,11.38,https://www.jepx.jp/_download.php?dir=spot_summary&file=spot_summary_2023.csv
2023-07-20,jepx-spread-range-kansai,kansai,16.150000000000002,https://www.jepx.jp/_download.php?dir=spot_summary&file=spot_summary_2023.csv
2023-07-21,jepx-spread-range-kansai,kansai,10.919999999999998,https://www.jepx.jp/_download.php?dir=spot_summary&file=spot_summary_2023.csv
2023-07-22,jepx-spread-range-kansai,kansai,11.82,https://www.jepx.jp/_download.php?dir=spot_summary&file=spot_summary_2023.csv
2023-07-23,jepx-spread-range-kansai,kansai,12.99,https://www.jepx.jp/_download.php?dir=spot_summary&file=spot_summary_2023.csv
2023-07-24,jepx-spread-range-kansai,kansai,17.81,https://www.jepx.jp/_download.php?dir=spot_summary&file=spot_summary_2023.csv
2023-07-25,jepx-spread-range-kansai,kansai,13.840000000000002,https://www.jepx.jp/_download.php?dir=spot_summary&file=spot_summary_2023.csv
2023-07-26,jepx-spread-range-kansai,kansai,12.689999999999998,https://www.jepx.jp/_download.php?dir=spot_summary&file=spot_summary_2023.csv
2023-07-27,jepx-spread-range-kansai,kansai,14.72,https://www.jepx.jp/_download.php?dir=spot_summary&file=spot_summary_2023.csv
2023-07-28,jepx-spread-range-kansai,kansai,11.97,https://www.jepx.jp/_download.php?dir=spot_summary&file=spot_summary_2023.csv
2023-07-29,jepx-spread-range-kansai,kansai,17.15,https://www.jepx.jp/_download.php?dir=spot_summary&file=spot_summary_2023.csv
2023-07-30,jepx-spread-range-kansai,kansai,16.91,https://www.jepx.jp/_download.php?dir=spot_summary&file=spot_summary_2023.csv
2023-07-31,jepx-spread-range-kansai,kansai,20.49,https://www.jepx.jp/_download.php?dir=spot_summary&file=spot_summary_2023.csv
2023-08-01,jepx-spread-range-kansai,kansai,9.63,https://www.jepx.jp/_download.php?dir=spot_summary&file=spot_summary_2023.csv
2023-08-02,jepx-spread-range-kansai,kansai,10.509999999999998,https://www.jepx.jp/_download.php?dir=spot_summary&file=spot_summary_2023.csv
2023-08-03,jepx-spread-range-kansai,kansai,11.459999999999996,https://www.jepx.jp/_download.php?dir=spot_summary&file=spot_summary_2023.csv
2023-08-04,jepx-spread-range-kansai,kansai,9.56,https://www.jepx.jp/_download.php?dir=spot_summary&file=spot_summary_2023.csv
2023-08-05,jepx-spread-range-kansai,kansai,10.3,https://www.jepx.jp/_download.php?dir=spot_summary&file=spot_summary_2023.csv
2023-08-06,jepx-spread-range-kansai,kansai,12.0,https://www.jepx.jp/_download.php?dir=spot_summary&file=spot_summary_2023.csv
2023-08-07,jepx-spread-range-kansai,kansai,13.37,https://www.jepx.jp/_download.php?dir=spot_summary&file=spot_summary_2023.csv
2023-08-08,jepx-spread-range-kansai,kansai,12.36,https://www.jepx.jp/_download.php?dir=spot_summary&file=spot_summary_2023.csv
2023-08-09,jepx-spread-range-kansai,kansai,12.7,https://www.jepx.jp/_download.php?dir=spot_summary&file=spot_summary_2023.csv
2023-08-10,jepx-spread-range-kansai,kansai,12.64,https://www.jepx.jp/_download.php?dir=spot_summary&file=spot_summary_2023.csv
2023-08-11,jepx-spread-range-kansai,kansai,16.88,https://www.jepx.jp/_download.php?dir=spot_summary&file=spot_summary_2023.csv
2023-08-12,jepx-spread-range-kansai,kansai,14.2,https://www.jepx.jp/_download.php?dir=spot_summary&file=spot_summary_2023.csv
2023-08-13,jepx-spread-range-kansai,kansai,18.09,https://www.jepx.jp/_download.php?dir=spot_summary&file=spot_summary_2023.csv
2023-08-14,jepx-spread-range-kansai,kansai,11.32,https://www.jepx.jp/_download.php?dir=spot_summary&file=spot_summary_2023.csv
2023-08-15,jepx-spread-range-kansai,kansai,11.15,https://www.jepx.jp/_download.php?dir=spot_summary&file=spot_summary_2023.csv
2023-08-16,jepx-spread-range-kansai,kansai,14.0,https://www.jepx.jp/_download.php?dir=spot_summary&file=spot_summary_2023.csv
2023-08-17,jepx-spread-range-kansai,kansai,9.95,https://www.jepx.jp/_download.php?dir=spot_summary&file=spot_summary_2023.csv
2023-08-18,jepx-spread-range-kansai,kansai,11.5,https://www.jepx.jp/_download.php?dir=spot_summary&file=spot_summary_2023.csv
2023-08-19,jepx-spread-range-kansai,kansai,14.97,https://www.jepx.jp/_download.php?dir=spot_summary&file=spot_summary_2023.csv
2023-08-20,jepx-spread-range-kansai,kansai,13.49,https://www.jepx.jp/_download.php?dir=spot_summary&file=spot_summary_2023.csv
2023-08-21,jepx-spread-range-kansai,kansai,15.41,https://www.jepx.jp/_download.php?dir=spot_summary&file=spot_summary_2023.csv
2023-08-22,jepx-spread-range-kansai,kansai,10.97,https://www.jepx.jp/_download.php?dir=spot_summary&file=spot_summary_2023.csv
2023-08-23,jepx-spread-range-kansai,kansai,10.22,https://www.jepx.jp/_download.php?dir=spot_summary&file=spot_summary_2023.csv
2023-08-24,jepx-spread-range-kansai,kansai,10.42,https://www.jepx.jp/_download.php?dir=spot_summary&file=spot_summary_2023.csv
2023-08-25,jepx-spread-range-kansai,kansai,11.920000000000002,https://www.jepx.jp/_download.php?dir=spot_summary&file=spot_summary_2023.csv
2023-08-26,jepx-spread-range-kansai,kansai,10.02,https://www.jepx.jp/_download.php?dir=spot_summary&file=spot_summary_2023.csv
2023-08-27,jepx-spread-range-kansai,kansai,14.63,https://www.jepx.jp/_download.php?dir=spot_summary&file=spot_summary_2023.csv
2023-08-28,jepx-spread-range-kansai,kansai,15.41,https://www.jepx.jp/_download.php?dir=spot_summary&file=spot_summary_2023.csv
2023-08-29,jepx-spread-range-kansai,kansai,16.91,https://www.jepx.jp/_download.php?dir=spot_summary&file=spot_summary_2023.csv
2023-08-30,jepx-spread-range-kansai,kansai,14.89,https://www.jepx.jp/_download.php?dir=spot_summary&file=spot_summary_2023.csv
2023-08-31,jepx-spread-range-kansai,kansai,15.88,https://www.jepx.jp/_download.php?dir=spot_summary&file=spot_summary_2023.csv
2023-09-01,jepx-spread-range-kansai,kansai,14.59,https://www.jepx.jp/_download.php?dir=spot_summary&file=spot_summary_2023.csv
2023-09-02,jepx-spread-range-kansai,kansai,8.99,https://www.jepx.jp/_download.php?dir=spot_summary&file=spot_summary_2023.csv
2023-09-03,jepx-spread-range-kansai,kansai,14.66,https://www.jepx.jp/_download.php?dir=spot_summary&file=spot_summary_2023.csv
2023-09-04,jepx-spread-range-kansai,kansai,15.29,https://www.jepx.jp/_download.php?dir=spot_summary&file=spot_summary_2023.csv
2023-09-05,jepx-spread-range-kansai,kansai,11.96,https://www.jepx.jp/_download.php?dir=spot_summary&file=spot_summary_2023.csv
2023-09-06,jepx-spread-range-kansai,kansai,7.689999999999999,https://www.jepx.jp/_download.php?dir=spot_summary&file=spot_summary_2023.csv
2023-09-07,jepx-spread-range-kansai,kansai,10.56,https://www.jepx.jp/_download.php?dir=spot_summary&file=spot_summary_2023.csv
2023-09-08,jepx-spread-range-kansai,kansai,9.03,https://www.jepx.jp/_download.php?dir=spot_summary&file=spot_summary_2023.csv
2023-09-09,jepx-spread-range-kansai,kansai,8.59,https://www.jepx.jp/_download.php?dir=spot_summary&file=spot_summary_2023.csv
2023-09-10,jepx-spread-range-kansai,kansai,11.7,https://www.jepx.jp/_download.php?dir=spot_summary&file=spot_summary_2023.csv
2023-09-11,jepx-spread-range-kansai,kansai,8.08,https://www.jepx.jp/_download.php?dir=spot_summary&file=spot_summary_2023.csv
2023-09-12,jepx-spread-range-kansai,kansai,7.960000000000001,https://www.jepx.jp/_download.php?dir=spot_summary&file=spot_summary_2023.csv
2023-09-13,jepx-spread-range-kansai,kansai,10.54,https://www.jepx.jp/_download.php?dir=spot_summary&file=spot_summary_2023.csv
2023-09-14,jepx-spread-range-kansai,kansai,14.1,https://www.jepx.jp/_download.php?dir=spot_summary&file=spot_summary_2023.csv
2023-09-15,jepx-spread-range-kansai,kansai,16.48,https://www.jepx.jp/_download.php?dir=spot_summary&file=spot_summary_2023.csv
2023-09-16,jepx-spread-range-kansai,kansai,13.29,https://www.jepx.jp/_download.php?dir=spot_summary&file=spot_summary_2023.csv
2023-09-17,jepx-spread-range-kansai,kansai,16.88,https://www.jepx.jp/_download.php?dir=spot_summary&file=spot_summary_2023.csv
2023-09-18,jepx-spread-range-kansai,kansai,35.989999999999995,https://www.jepx.jp/_download.php?dir=spot_summary&file=spot_summary_2023.csv
2023-09-19,jepx-spread-range-kansai,kansai,35.709999999999994,https://www.jepx.jp/_download.php?dir=spot_summary&file=spot_summary_2023.csv
2023-09-20,jepx-spread-range-kansai,kansai,37.72,https://www.jepx.jp/_download.php?dir=spot_summary&file=spot_summary_2023.csv
2023-09-21,jepx-spread-range-kansai,kansai,39.22,https://www.jepx.jp/_download.php?dir=spot_summary&file=spot_summary_2023.csv
2023-09-22,jepx-spread-range-kansai,kansai,8.999999999999998,https://www.jepx.jp/_download.php?dir=spot_summary&file=spot_summary_2023.csv
2023-09-23,jepx-spread-range-kansai,kansai,13.17,https://www.jepx.jp/_download.php?dir=spot_summary&file=spot_summary_2023.csv
2023-09-24,jepx-spread-range-kansai,kansai,13.17,https://www.jepx.jp/_download.php?dir=spot_summary&file=spot_summary_2023.csv
2023-09-25,jepx-spread-range-kansai,kansai,12.02,https://www.jepx.jp/_download.php?dir=spot_summary&file=spot_summary_2023.csv
2023-09-26,jepx-spread-range-kansai,kansai,9.15,https://www.jepx.jp/_download.php?dir=spot_summary&file=spot_summary_2023.csv
2023-09-27,jepx-spread-range-kansai,kansai,9.21,https://www.jepx.jp/_download.php?dir=spot_summary&file=spot_summary_2023.csv
2023-09-28,jepx-spread-range-kansai,kansai,8.55,https://www.jepx.jp/_download.php?dir=spot_summary&file=spot_summary_2023.csv
2023-09-29,jepx-spread-range-kansai,kansai,14.32,https://www.jepx.jp/_download.php?dir=spot_summary&file=spot_summary_2023.csv
2023-09-30,jepx-spread-range-kansai,kansai,8.989999999999998,https://www.jepx.jp/_download.php?dir=spot_summary&file=spot_summary_2023.csv
2023-10-01,jepx-spread-range-kansai,kansai,10.260000000000002,https://www.jepx.jp/_download.php?dir=spot_summary&file=spot_summary_2023.csv
2023-10-02,jepx-spread-range-kansai,kansai,15.93,https://www.jepx.jp/_download.php?dir=spot_summary&file=spot_summary_2023.csv
2023-10-03,jepx-spread-range-kansai,kansai,9.49,https://www.jepx.jp/_download.php?dir=spot_summary&file=spot_summary_2023.csv
2023-10-04,jepx-spread-range-kansai,kansai,9.68,https://www.jepx.jp/_download.php?dir=spot_summary&file=spot_summary_2023.csv
2023-10-05,jepx-spread-range-kansai,kansai,10.41,https://www.jepx.jp/_download.php?dir=spot_summary&file=spot_summary_2023.csv
2023-10-06,jepx-spread-range-kansai,kansai,11.8,https://www.jepx.jp/_download.php?dir=spot_summary&file=spot_summary_2023.csv
2023-10-07,jepx-spread-range-kansai,kansai,10.58,https://www.jepx.jp/_download.php?dir=spot_summary&file=spot_summary_2023.csv
2023-10-08,jepx-spread-range-kansai,kansai,7.609999999999999,https://www.jepx.jp/_download.php?dir=spot_summary&file=spot_summary_2023.csv
2023-10-09,jepx-spread-range-kansai,kansai,5.0,https://www.jepx.jp/_download.php?dir=spot_summary&file=spot_summary_2023.csv
2023-10-10,jepx-spread-range-kansai,kansai,13.99,https://www.jepx.jp/_download.php?dir=spot_summary&file=spot_summary_2023.csv
2023-10-11,jepx-spread-range-kansai,kansai,12.99,https://www.jepx.jp/_download.php?dir=spot_summary&file=spot_summary_2023.csv
2023-10-12,jepx-spread-range-kansai,kansai,11.78,https://www.jepx.jp/_download.php?dir=spot_summary&file=spot_summary_2023.csv
2023-10-13,jepx-spread-range-kansai,kansai,12.92,https://www.jepx.jp/_download.php?dir=spot_summary&file=spot_summary_2023.csv
2023-10-14,jepx-spread-range-kansai,kansai,12.49,https://www.jepx.jp/_download.php?dir=spot_summary&file=spot_summary_2023.csv
2023-10-15,jepx-spread-range-kansai,kansai,13.48,https://www.jepx.jp/_download.php?dir=spot_summary&file=spot_summary_2023.csv
2023-10-16,jepx-spread-range-kansai,kansai,17.73,https://www.jepx.jp/_download.php?dir=spot_summary&file=spot_summary_2023.csv
2023-10-17,jepx-spread-range-kansai,kansai,10.98,https://www.jepx.jp/_download.php?dir=spot_summary&file=spot_summary_2023.csv
2023-10-18,jepx-spread-range-kansai,kansai,14.53,https://www.jepx.jp/_download.php?dir=spot_summary&file=spot_summary_2023.csv
2023-10-19,jepx-spread-range-kansai,kansai,14.9,https://www.jepx.jp/_download.php?dir=spot_summary&file=spot_summary_2023.csv
2023-10-20,jepx-spread-range-kansai,kansai,5.67,https://www.jepx.jp/_download.php?dir=spot_summary&file=spot_summary_2023.csv
2023-10-21,jepx-spread-range-kansai,kansai,12.43,https://www.jepx.jp/_download.php?dir=spot_summary&file=spot_summary_2023.csv
2023-10-22,jepx-spread-range-kansai,kansai,13.11,https://www.jepx.jp/_download.php?dir=spot_summary&file=spot_summary_2023.csv
2023-10-23,jepx-spread-range-kansai,kansai,16.53,https://www.jepx.jp/_download.php?dir=spot_summary&file=spot_summary_2023.csv
2023-10-24,jepx-spread-range-kansai,kansai,16.85,https://www.jepx.jp/_download.php?dir=spot_summary&file=spot_summary_2023.csv
2023-10-25,jepx-spread-range-kansai,kansai,17.5,https://www.jepx.jp/_download.php?dir=spot_summary&file=spot_summary_2023.csv
2023-10-26,jepx-spread-range-kansai,kansai,18.67,https://www.jepx.jp/_download.php?dir=spot_summary&file=spot_summary_2023.csv
2023-10-27,jepx-spread-range-kansai,kansai,13.81,https://www.jepx.jp/_download.php?dir=spot_summary&file=spot_summary_2023.csv
2023-10-28,jepx-spread-range-kansai,kansai,13.93,https://www.jepx.jp/_download.php?dir=spot_summary&file=spot_summary_2023.csv
2023-10-29,jepx-spread-range-kansai,kansai,11.3,https://www.jepx.jp/_download.php?dir=spot_summary&file=spot_summary_2023.csv
2023-10-30,jepx-spread-range-kansai,kansai,13.35,https://www.jepx.jp/_download.php?dir=spot_summary&file=spot_summary_2023.csv
2023-10-31,jepx-spread-range-kansai,kansai,11.48,https://www.jepx.jp/_download.php?dir=spot_summary&file=spot_summary_2023.csv
2023-11-01,jepx-spread-range-kansai,kansai,14.16,https://www.jepx.jp/_download.php?dir=spot_summary&file=spot_summary_2023.csv
2023-11-02,jepx-spread-range-kansai,kansai,9.74,https://www.jepx.jp/_download.php?dir=spot_summary&file=spot_summary_2023.csv
2023-11-03,jepx-spread-range-kansai,kansai,10.69,https://www.jepx.jp/_download.php?dir=spot_summary&file=spot_summary_2023.csv
2023-11-04,jepx-spread-range-kansai,kansai,7.439999999999999,https://www.jepx.jp/_download.php?dir=spot_summary&file=spot_summary_2023.csv
2023-11-05,jepx-spread-range-kansai,kansai,11.98,https://www.jepx.jp/_download.php?dir=spot_summary&file=spot_summary_2023.csv
2023-11-06,jepx-spread-range-kansai,kansai,11.0,https://www.jepx.jp/_download.php?dir=spot_summary&file=spot_summary_2023.csv
2023-11-07,jepx-spread-range-kansai,kansai,15.82,https://www.jepx.jp/_download.php?dir=spot_summary&file=spot_summary_2023.csv
2023-11-08,jepx-spread-range-kansai,kansai,15.88,https://www.jepx.jp/_download.php?dir=spot_summary&file=spot_summary_2023.csv
2023-11-09,jepx-spread-range-kansai,kansai,11.2,https://www.jepx.jp/_download.php?dir=spot_summary&file=spot_summary_2023.csv
2023-11-10,jepx-spread-range-kansai,kansai,10.81,https://www.jepx.jp/_download.php?dir=spot_summary&file=spot_summary_2023.csv
2023-11-11,jepx-spread-range-kansai,kansai,9.48,https://www.jepx.jp/_download.php?dir=spot_summary&file=spot_summary_2023.csv
2023-11-12,jepx-spread-range-kansai,kansai,7.090000000000001,https://www.jepx.jp/_download.php?dir=spot_summary&file=spot_summary_2023.csv
2023-11-13,jepx-spread-range-kansai,kansai,14.59,https://www.jepx.jp/_download.php?dir=spot_summary&file=spot_summary_2023.csv
2023-11-14,jepx-spread-range-kansai,kansai,14.96,https://www.jepx.jp/_download.php?dir=spot_summary&file=spot_summary_2023.csv
2023-11-15,jepx-spread-range-kansai,kansai,17.58,https://www.jepx.jp/_download.php?dir=spot_summary&file=spot_summary_2023.csv
2023-11-16,jepx-spread-range-kansai,kansai,9.35,https://www.jepx.jp/_download.php?dir=spot_summary&file=spot_summary_2023.csv
2023-11-17,jepx-spread-range-kansai,kansai,16.84,https://www.jepx.jp/_download.php?dir=spot_summary&file=spot_summary_2023.csv
2023-11-18,jepx-spread-range-kansai,kansai,13.28,https://www.jepx.jp/_download.php?dir=spot_summary&file=spot_summary_2023.csv
2023-11-19,jepx-spread-range-kansai,kansai,15.27,https://www.jepx.jp/_download.php?dir=spot_summary&file=spot_summary_2023.csv
2023-11-20,jepx-spread-range-kansai,kansai,14.040000000000004,https://www.jepx.jp/_download.php?dir=spot_summary&file=spot_summary_2023.csv
2023-11-21,jepx-spread-range-kansai,kansai,19.54,https://www.jepx.jp/_download.php?dir=spot_summary&file=spot_summary_2023.csv
2023-11-22,jepx-spread-range-kansai,kansai,16.28,https://www.jepx.jp/_download.php?dir=spot_summary&file=spot_summary_2023.csv
2023-11-23,jepx-spread-range-kansai,kansai,9.68,https://www.jepx.jp/_download.php?dir=spot_summary&file=spot_summary_2023.csv
2023-11-24,jepx-spread-range-kansai,kansai,15.0,https://www.jepx.jp/_download.php?dir=spot_summary&file=spot_summary_2023.csv
2023-11-25,jepx-spread-range-kansai,kansai,13.35,https://www.jepx.jp/_download.php?dir=spot_summary&file=spot_summary_2023.csv
2023-11-26,jepx-spread-range-kansai,kansai,16.32,https://www.jepx.jp/_download.php?dir=spot_summary&file=spot_summary_2023.csv
2023-11-27,jepx-spread-range-kansai,kansai,16.98,https://www.jepx.jp/_download.php?dir=spot_summary&file=spot_summary_2023.csv
2023-11-28,jepx-spread-range-kansai,kansai,8.85,https://www.jepx.jp/_download.php?dir=spot_summary&file=spot_summary_2023.csv
2023-11-29,jepx-spread-range-kansai,kansai,12.74,https://www.jepx.jp/_download.php?dir=spot_summary&file=spot_summary_2023.csv
2023-11-30,jepx-spread-range-kansai,kansai,11.64,https://www.jepx.jp/_download.php?dir=spot_summary&file=spot_summary_2023.csv
2023-12-01,jepx-spread-range-kansai,kansai,11.579999999999998,https://www.jepx.jp/_download.php?dir=spot_summary&file=spot_summary_2023.csv
2023-12-02,jepx-spread-range-kansai,kansai,14.81,https://www.jepx.jp/_download.php?dir=spot_summary&file=spot_summary_2023.csv
2023-12-03,jepx-spread-range-kansai,kansai,10.42,https://www.jepx.jp/_download.php?dir=spot_summary&file=spot_summary_2023.csv
2023-12-04,jepx-spread-range-kansai,kansai,18.33,https://www.jepx.jp/_download.php?dir=spot_summary&file=spot_summary_2023.csv
2023-12-05,jepx-spread-range-kansai,kansai,8.89,https://www.jepx.jp/_download.php?dir=spot_summary&file=spot_summary_2023.csv
2023-12-06,jepx-spread-range-kansai,kansai,14.36,https://www.jepx.jp/_download.php?dir=spot_summary&file=spot_summary_2023.csv
2023-12-07,jepx-spread-range-kansai,kansai,14.59,https://www.jepx.jp/_download.php?dir=spot_summary&file=spot_summary_2023.csv
2023-12-08,jepx-spread-range-kansai,kansai,14.28,https://www.jepx.jp/_download.php?dir=spot_summary&file=spot_summary_2023.csv
2023-12-09,jepx-spread-range-kansai,kansai,12.32,https://www.jepx.jp/_download.php?dir=spot_summary&file=spot_summary_2023.csv
2023-12-10,jepx-spread-range-kansai,kansai,12.34,https://www.jepx.jp/_download.php?dir=spot_summary&file=spot_summary_2023.csv
2023-12-11,jepx-spread-range-kansai,kansai,10.96,https://www.jepx.jp/_download.php?dir=spot_summary&file=spot_summary_2023.csv
2023-12-12,jepx-spread-range-kansai,kansai,8.18,https://www.jepx.jp/_download.php?dir=spot_summary&file=spot_summary_2023.csv
2023-12-13,jepx-spread-range-kansai,kansai,14.6,https://www.jepx.jp/_download.php?dir=spot_summary&file=spot_summary_2023.csv
2023-12-14,jepx-spread-range-kansai,kansai,9.5,https://www.jepx.jp/_download.php?dir=spot_summary&file=spot_summary_2023.csv
2023-12-15,jepx-spread-range-kansai,kansai,7.840000000000001,https://www.jepx.jp/_download.php?dir=spot_summary&file=spot_summary_2023.csv
2023-12-16,jepx-spread-range-kansai,kansai,4.6,https://www.jepx.jp/_download.php?dir=spot_summary&file=spot_summary_2023.csv
2023-12-17,jepx-spread-range-kansai,kansai,10.42,https://www.jepx.jp/_download.php?dir=spot_summary&file=spot_summary_2023.csv
2023-12-18,jepx-spread-range-kansai,kansai,16.59,https://www.jepx.jp/_download.php?dir=spot_summary&file=spot_summary_2023.csv
2023-12-19,jepx-spread-range-kansai,kansai,10.13,https://www.jepx.jp/_download.php?dir=spot_summary&file=spot_summary_2023.csv
2023-12-20,jepx-spread-range-kansai,kansai,7.489999999999998,https://www.jepx.jp/_download.php?dir=spot_summary&file=spot_summary_2023.csv
2023-12-21,jepx-spread-range-kansai,kansai,15.78,https://www.jepx.jp/_download.php?dir=spot_summary&file=spot_summary_2023.csv
2023-12-22,jepx-spread-range-kansai,kansai,18.3,https://www.jepx.jp/_download.php?dir=spot_summary&file=spot_summary_2023.csv
2023-12-23,jepx-spread-range-kansai,kansai,8.37,https://www.jepx.jp/_download.php?dir=spot_summary&file=spot_summary_2023.csv
2023-12-24,jepx-spread-range-kansai,kansai,11.61,https://www.jepx.jp/_download.php?dir=spot_summary&file=spot_summary_2023.csv
2023-12-25,jepx-spread-range-kansai,kansai,10.5,https://www.jepx.jp/_download.php?dir=spot_summary&file=spot_summary_2023.csv
2023-12-26,jepx-spread-range-kansai,kansai,9.28,https://www.jepx.jp/_download.php?dir=spot_summary&file=spot_summary_2023.csv
2023-12-27,jepx-spread-range-kansai,kansai,8.91,https://www.jepx.jp/_download.php?dir=spot_summary&file=spot_summary_2023.csv
2023-12-28,jepx-spread-range-kansai,kansai,10.91,https://www.jepx.jp/_download.php?dir=spot_summary&file=spot_summary_2023.csv
2023-12-29,jepx-spread-range-kansai,kansai,10.0,https://www.jepx.jp/_download.php?dir=spot_summary&file=spot_summary_2023.csv
2023-12-30,jepx-spread-range-kansai,kansai,10.87,https://www.jepx.jp/_download.php?dir=spot_summary&file=spot_summary_2023.csv
2023-12-31,jepx-spread-range-kansai,kansai,5.489999999999999,https://www.jepx.jp/_download.php?dir=spot_summary&file=spot_summary_2023.csv
2024-01-01,jepx-spread-range-kansai,kansai,11.84,https://www.jepx.jp/_download.php?dir=spot_summary&file=spot_summary_2023.csv
2024-01-02,jepx-spread-range-kansai,kansai,9.579999999999998,https://www.jepx.jp/_download.php?dir=spot_summary&file=spot_summary_2023.csv
2024-01-03,jepx-spread-range-kansai,kansai,8.809999999999999,https://www.jepx.jp/_download.php?dir=spot_summary&file=spot_summary_2023.csv
2024-01-04,jepx-spread-range-kansai,kansai,6.74,https://www.jepx.jp/_download.php?dir=spot_summary&file=spot_summary_2023.csv
2024-01-05,jepx-spread-range-kansai,kansai,7.41,https://www.jepx.jp/_download.php?dir=spot_summary&file=spot_summary_2023.csv
2024-01-06,jepx-spread-range-kansai,kansai,8.53,https://www.jepx.jp/_download.php?dir=spot_summary&file=spot_summary_2023.csv
2024-01-07,jepx-spread-range-kansai,kansai,9.0,https://www.jepx.jp/_download.php?dir=spot_summary&file=spot_summary_2023.csv
2024-01-08,jepx-spread-range-kansai,kansai,6.35,https://www.jepx.jp/_download.php?dir=spot_summary&file=spot_summary_2023.csv
2024-01-09,jepx-spread-range-kansai,kansai,9.9,https://www.jepx.jp/_download.php?dir=spot_summary&file=spot_summary_2023.csv
2024-01-10,jepx-spread-range-kansai,kansai,6.85,https://www.jepx.jp/_download.php?dir=spot_summary&file=spot_summary_2023.csv
2024-01-11,jepx-spread-range-kansai,kansai,9.33,https://www.jepx.jp/_download.php?dir=spot_summary&file=spot_summary_2023.csv
2024-01-12,jepx-spread-range-kansai,kansai,6.0,https://www.jepx.jp/_download.php?dir=spot_summary&file=spot_summary_2023.csv
2024-01-13,jepx-spread-range-kansai,kansai,5.619999999999999,https://www.jepx.jp/_download.php?dir=spot_summary&file=spot_summary_2023.csv
2024-01-14,jepx-spread-range-kansai,kansai,11.78,https://www.jepx.jp/_download.php?dir=spot_summary&file=spot_summary_2023.csv
2024-01-15,jepx-spread-range-kansai,kansai,9.5,https://www.jepx.jp/_download.php?dir=spot_summary&file=spot_summary_2023.csv
2024-01-16,jepx-spread-range-kansai,kansai,10.9,https://www.jepx.jp/_download.php?dir=spot_summary&file=spot_summary_2023.csv
2024-01-17,jepx-spread-range-kansai,kansai,11.93,https://www.jepx.jp/_download.php?dir=spot_summary&file=spot_summary_2023.csv
2024-01-18,jepx-spread-range-kansai,kansai,8.309999999999999,https://www.jepx.jp/_download.php?dir=spot_summary&file=spot_summary_2023.csv
2024-01-19,jepx-spread-range-kansai,kansai,6.300000000000001,https://www.jepx.jp/_download.php?dir=spot_summary&file=spot_summary_2023.csv
2024-01-20,jepx-spread-range-kansai,kansai,5.1,https://www.jepx.jp/_download.php?dir=spot_summary&file=spot_summary_2023.csv
2024-01-21,jepx-spread-range-kansai,kansai,6.359999999999999,https://www.jepx.jp/_download.php?dir=spot_summary&file=spot_summary_2023.csv
2024-01-22,jepx-spread-range-kansai,kansai,6.35,https://www.jepx.jp/_download.php?dir=spot_summary&file=spot_summary_2023.csv
2024-01-23,jepx-spread-range-kansai,kansai,9.59,https://www.jepx.jp/_download.php?dir=spot_summary&file=spot_summary_2023.csv
2024-01-24,jepx-spread-range-kansai,kansai,11.43,https://www.jepx.jp/_download.php?dir=spot_summary&file=spot_summary_2023.csv
2024-01-25,jepx-spread-range-kansai,kansai,11.05,https://www.jepx.jp/_download.php?dir=spot_summary&file=spot_summary_2023.csv
2024-01-26,jepx-spread-range-kansai,kansai,7.960000000000001,https://www.jepx.jp/_download.php?dir=spot_summary&file=spot_summary_2023.csv
2024-01-27,jepx-spread-range-kansai,kansai,7.28,https://www.jepx.jp/_download.php?dir=spot_summary&file=spot_summary_2023.csv
2024-01-28,jepx-spread-range-kansai,kansai,4.430000000000001,https://www.jepx.jp/_download.php?dir=spot_summary&file=spot_summary_2023.csv
2024-01-29,jepx-spread-range-kansai,kansai,6.35,https://www.jepx.jp/_download.php?dir=spot_summary&file=spot_summary_2023.csv
2024-01-30,jepx-spread-range-kansai,kansai,6.470000000000001,https://www.jepx.jp/_download.php?dir=spot_summary&file=spot_summary_2023.csv
2024-01-31,jepx-spread-range-kansai,kansai,4.93,https://www.jepx.jp/_download.php?dir=spot_summary&file=spot_summary_2023.csv
2024-02-01,jepx-spread-range-kansai,kansai,3.960000000000001,https://www.jepx.jp/_download.php?dir=spot_summary&file=spot_summary_2023.csv
2024-02-02,jepx-spread-range-kansai,kansai,5.530000000000001,https://www.jepx.jp/_download.php?dir=spot_summary&file=spot_summary_2023.csv
2024-02-03,jepx-spread-range-kansai,kansai,5.81,https://www.jepx.jp/_download.php?dir=spot_summary&file=spot_summary_2023.csv
2024-02-04,jepx-spread-range-kansai,kansai,4.11,https://www.jepx.jp/_download.php?dir=spot_summary&file=spot_summary_2023.csv
2024-02-05,jepx-spread-range-kansai,kansai,9.62,https://www.jepx.jp/_download.php?dir=spot_summary&file=spot_summary_2023.csv
2024-02-06,jepx-spread-range-kansai,kansai,6.5,https://www.jepx.jp/_download.php?dir=spot_summary&file=spot_summary_2023.csv
2024-02-07,jepx-spread-range-kansai,kansai,6.69,https://www.jepx.jp/_download.php?dir=spot_summary&file=spot_summary_2023.csv
2024-02-08,jepx-spread-range-kansai,kansai,6.4,https://www.jepx.jp/_download.php?dir=spot_summary&file=spot_summary_2023.csv
2024-02-09,jepx-spread-range-kansai,kansai,6.630000000000001,https://www.jepx.jp/_download.php?dir=spot_summary&file=spot_summary_2023.csv
2024-02-10,jepx-spread-range-kansai,kansai,9.82,https://www.jepx.jp/_download.php?dir=spot_summary&file=spot_summary_2023.csv
2024-02-11,jepx-spread-range-kansai,kansai,8.56,https://www.jepx.jp/_download.php?dir=spot_summary&file=spot_summary_2023.csv
2024-02-12,jepx-spread-range-kansai,kansai,10.89,https://www.jepx.jp/_download.php?dir=spot_summary&file=spot_summary_2023.csv
2024-02-13,jepx-spread-range-kansai,kansai,13.15,https://www.jepx.jp/_download.php?dir=spot_summary&file=spot_summary_2023.csv
2024-02-14,jepx-spread-range-kansai,kansai,3.5,https://www.jepx.jp/_download.php?dir=spot_summary&file=spot_summary_2023.csv
2024-02-15,jepx-spread-range-kansai,kansai,4.14,https://www.jepx.jp/_download.php?dir=spot_summary&file=spot_summary_2023.csv
2024-02-16,jepx-spread-range-kansai,kansai,14.0,https://www.jepx.jp/_download.php?dir=spot_summary&file=spot_summary_2023.csv
2024-02-17,jepx-spread-range-kansai,kansai,14.99,https://www.jepx.jp/_download.php?dir=spot_summary&file=spot_summary_2023.csv
2024-02-18,jepx-spread-range-kansai,kansai,9.62,https://www.jepx.jp/_download.php?dir=spot_summary&file=spot_summary_2023.csv
2024-02-19,jepx-spread-range-kansai,kansai,3.4399999999999995,https://www.jepx.jp/_download.php?dir=spot_summary&file=spot_summary_2023.csv
2024-02-20,jepx-spread-range-kansai,kansai,4.46,https://www.jepx.jp/_download.php?dir=spot_summary&file=spot_summary_2023.csv
2024-02-21,jepx-spread-range-kansai,kansai,6.140000000000001,https://www.jepx.jp/_download.php?dir=spot_summary&file=spot_summary_2023.csv
2024-02-22,jepx-spread-range-kansai,kansai,4.37,https://www.jepx.jp/_download.php?dir=spot_summary&file=spot_summary_2023.csv
2024-02-23,jepx-spread-range-kansai,kansai,4.67,https://www.jepx.jp/_download.php?dir=spot_summary&file=spot_summary_2023.csv
2024-02-24,jepx-spread-range-kansai,kansai,10.99,https://www.jepx.jp/_download.php?dir=spot_summary&file=spot_summary_2023.csv
2024-02-25,jepx-spread-range-kansai,kansai,5.1,https://www.jepx.jp/_download.php?dir=spot_summary&file=spot_summary_2023.csv
2024-02-26,jepx-spread-range-kansai,kansai,7.47,https://www.jepx.jp/_download.php?dir=spot_summary&file=spot_summary_2023.csv
2024-02-27,jepx-spread-range-kansai,kansai,8.12,https://www.jepx.jp/_download.php?dir=spot_summary&file=spot_summary_2023.csv
2024-02-28,jepx-spread-range-kansai,kansai,14.99,https://www.jepx.jp/_download.php?dir=spot_summary&file=spot_summary_2023.csv
2024-02-29,jepx-spread-range-kansai,kansai,5.639999999999999,https://www.jepx.jp/_download.php?dir=spot_summary&file=spot_summary_2023.csv
2024-03-01,jepx-spread-range-kansai,kansai,12.0,https://www.jepx.jp/_download.php?dir=spot_summary&file=spot_summary_2023.csv
2024-03-02,jepx-spread-range-kansai,kansai,12.22,https://www.jepx.jp/_download.php?dir=spot_summary&file=spot_summary_2023.csv
2024-03-03,jepx-spread-range-kansai,kansai,14.4,https://www.jepx.jp/_download.php?dir=spot_summary&file=spot_summary_2023.csv
2024-03-04,jepx-spread-range-kansai,kansai,8.670000000000002,https://www.jepx.jp/_download.php?dir=spot_summary&file=spot_summary_2023.csv
2024-03-05,jepx-spread-range-kansai,kansai,7.549999999999999,https://www.jepx.jp/_download.php?dir=spot_summary&file=spot_summary_2023.csv
2024-03-06,jepx-spread-range-kansai,kansai,9.26,https://www.jepx.jp/_download.php?dir=spot_summary&file=spot_summary_2023.csv
2024-03-07,jepx-spread-range-kansai,kansai,12.420000000000002,https://www.jepx.jp/_download.php?dir=spot_summary&file=spot_summary_2023.csv
2024-03-08,jepx-spread-range-kansai,kansai,12.02,https://www.jepx.jp/_download.php?dir=spot_summary&file=spot_summary_2023.csv
2024-03-09,jepx-spread-range-kansai,kansai,15.33,https://www.jepx.jp/_download.php?dir=spot_summary&file=spot_summary_2023.csv
2024-03-10,jepx-spread-range-kansai,kansai,14.38,https://www.jepx.jp/_download.php?dir=spot_summary&file=spot_summary_2023.csv
2024-03-11,jepx-spread-range-kansai,kansai,13.64,https://www.jepx.jp/_download.php?dir=spot_summary&file=spot_summary_2023.csv
2024-03-12,jepx-spread-range-kansai,kansai,9.97,https://www.jepx.jp/_download.php?dir=spot_summary&file=spot_summary_2023.csv
2024-03-13,jepx-spread-range-kansai,kansai,15.52,https://www.jepx.jp/_download.php?dir=spot_summary&file=spot_summary_2023.csv
2024-03-14,jepx-spread-range-kansai,kansai,14.27,https://www.jepx.jp/_download.php?dir=spot_summary&file=spot_summary_2023.csv
2024-03-15,jepx-spread-range-kansai,kansai,15.6,https://www.jepx.jp/_download.php?dir=spot_summary&file=spot_summary_2023.csv
2024-03-16,jepx-spread-range-kansai,kansai,11.99,https://www.jepx.jp/_download.php?dir=spot_summary&file=spot_summary_2023.csv
2024-03-17,jepx-spread-range-kansai,kansai,6.92,https://www.jepx.jp/_download.php?dir=spot_summary&file=spot_summary_2023.csv
2024-03-18,jepx-spread-range-kansai,kansai,16.11,https://www.jepx.jp/_download.php?dir=spot_summary&file=spot_summary_2023.csv
2024-03-19,jepx-spread-range-kansai,kansai,8.979999999999999,https://www.jepx.jp/_download.php?dir=spot_summary&file=spot_summary_2023.csv
2024-03-20,jepx-spread-range-kansai,kansai,9.400000000000002,https://www.jepx.jp/_download.php?dir=spot_summary&file=spot_summary_2023.csv
2024-03-21,jepx-spread-range-kansai,kansai,29.56,https://www.jepx.jp/_download.php?dir=spot_summary&file=spot_summary_2023.csv
2024-03-22,jepx-spread-range-kansai,kansai,15.81,https://www.jepx.jp/_download.php?dir=spot_summary&file=spot_summary_2023.csv
2024-03-23,jepx-spread-range-kansai,kansai,7.0,https://www.jepx.jp/_download.php?dir=spot_summary&file=spot_summary_2023.csv
2024-03-24,jepx-spread-range-kansai,kansai,7.0,https://www.jepx.jp/_download.php?dir=spot_summary&file=spot_summary_2023.csv
2024-03-25,jepx-spread-range-kansai,kansai,8.48,https://www.jepx.jp/_download.php?dir=spot_summary&file=spot_summary_2023.csv
2024-03-26,jepx-spread-range-kansai,kansai,15.389999999999995,https://www.jepx.jp/_download.php?dir=spot_summary&file=spot_summary_2023.csv
2024-03-27,jepx-spread-range-kansai,kansai,17.34,https://www.jepx.jp/_download.php?dir=spot_summary&file=spot_summary_2023.csv
2024-03-28,jepx-spread-range-kansai,kansai,8.559999999999999,https://www.jepx.jp/_download.php?dir=spot_summary&file=spot_summary_2023.csv
2024-03-29,jepx-spread-range-kansai,kansai,11.2,https://www.jepx.jp/_download.php?dir=spot_summary&file=spot_summary_2023.csv
2024-03-30,jepx-spread-range-kansai,kansai,11.78,https://www.jepx.jp/_download.php?dir=spot_summary&file=spot_summary_2023.csv
2024-03-31,jepx-spread-range-kansai,kansai,12.06,https://www.jepx.jp/_download.php?dir=spot_summary&file=spot_summary_2023.csv
2024-04-01,jepx-spread-range-kansai,kansai,15.98,https://www.jepx.jp/_download.php?dir=spot_summary&file=spot_summary_2024.csv
2024-04-02,jepx-spread-range-kansai,kansai,14.99,https://www.jepx.jp/_download.php?dir=spot_summary&file=spot_summary_2024.csv
2024-04-03,jepx-spread-range-kansai,kansai,16.35,https://www.jepx.jp/_download.php?dir=spot_summary&file=spot_summary_2024.csv
2024-04-04,jepx-spread-range-kansai,kansai,9.73,https://www.jepx.jp/_download.php?dir=spot_summary&file=spot_summary_2024.csv
2024-04-05,jepx-spread-range-kansai,kansai,10.920000000000002,https://www.jepx.jp/_download.php?dir=spot_summary&file=spot_summary_2024.csv
2024-04-06,jepx-spread-range-kansai,kansai,13.46,https://www.jepx.jp/_download.php?dir=spot_summary&file=spot_summary_2024.csv
2024-04-07,jepx-spread-range-kansai,kansai,12.84,https://www.jepx.jp/_download.php?dir=spot_summary&file=spot_summary_2024.csv
2024-04-08,jepx-spread-range-kansai,kansai,11.49,https://www.jepx.jp/_download.php?dir=spot_summary&file=spot_summary_2024.csv
2024-04-09,jepx-spread-range-kansai,kansai,16.009999999999998,https://www.jepx.jp/_download.php?dir=spot_summary&file=spot_summary_2024.csv
2024-04-10,jepx-spread-range-kansai,kansai,16.009999999999998,https://www.jepx.jp/_download.php?dir=spot_summary&file=spot_summary_2024.csv
2024-04-11,jepx-spread-range-kansai,kansai,9.94,https://www.jepx.jp/_download.php?dir=spot_summary&file=spot_summary_2024.csv
2024-04-12,jepx-spread-range-kansai,kansai,12.46,https://www.jepx.jp/_download.php?dir=spot_summary&file=spot_summary_2024.csv
2024-04-13,jepx-spread-range-kansai,kansai,11.43,https://www.jepx.jp/_download.php?dir=spot_summary&file=spot_summary_2024.csv
2024-04-14,jepx-spread-range-kansai,kansai,10.28,https://www.jepx.jp/_download.php?dir=spot_summary&file=spot_summary_2024.csv
2024-04-15,jepx-spread-range-kansai,kansai,9.28,https://www.jepx.jp/_download.php?dir=spot_summary&file=spot_summary_2024.csv
2024-04-16,jepx-spread-range-kansai,kansai,11.99,https://www.jepx.jp/_download.php?dir=spot_summary&file=spot_summary_2024.csv
2024-04-17,jepx-spread-range-kansai,kansai,10.55,https://www.jepx.jp/_download.php?dir=spot_summary&file=spot_summary_2024.csv
2024-04-18,jepx-spread-range-kansai,kansai,9.91,https://www.jepx.jp/_download.php?dir=spot_summary&file=spot_summary_2024.csv
2024-04-19,jepx-spread-range-kansai,kansai,9.71,https://www.jepx.jp/_download.php?dir=spot_summary&file=spot_summary_2024.csv
2024-04-20,jepx-spread-range-kansai,kansai,10.49,https://www.jepx.jp/_download.php?dir=spot_summary&file=spot_summary_2024.csv
2024-04-21,jepx-spread-range-kansai,kansai,3.5,https://www.jepx.jp/_download.php?dir=spot_summary&file=spot_summary_2024.csv
2024-04-22,jepx-spread-range-kansai,kansai,10.23,https://www.jepx.jp/_download.php?dir=spot_summary&file=spot_summary_2024.csv
2024-04-23,jepx-spread-range-kansai,kansai,10.39,https://www.jepx.jp/_download.php?dir=spot_summary&file=spot_summary_2024.csv
2024-04-24,jepx-spread-range-kansai,kansai,8.81,https://www.jepx.jp/_download.php?dir=spot_summary&file=spot_summary_2024.csv
2024-04-25,jepx-spread-range-kansai,kansai,12.26,https://www.jepx.jp/_download.php?dir=spot_summary&file=spot_summary_2024.csv
2024-04-26,jepx-spread-range-kansai,kansai,11.5,https://www.jepx.jp/_download.php?dir=spot_summary&file=spot_summary_2024.csv
2024-04-27,jepx-spread-range-kansai,kansai,15.4,https://www.jepx.jp/_download.php?dir=spot_summary&file=spot_summary_2024.csv
2024-04-28,jepx-spread-range-kansai,kansai,12.84,https://www.jepx.jp/_download.php?dir=spot_summary&file=spot_summary_2024.csv
2024-04-29,jepx-spread-range-kansai,kansai,9.0,https://www.jepx.jp/_download.php?dir=spot_summary&file=spot_summary_2024.csv
2024-04-30,jepx-spread-range-kansai,kansai,14.88,https://www.jepx.jp/_download.php?dir=spot_summary&file=spot_summary_2024.csv
2024-05-01,jepx-spread-range-kansai,kansai,4.65,https://www.jepx.jp/_download.php?dir=spot_summary&file=spot_summary_2024.csv
2024-05-02,jepx-spread-range-kansai,kansai,15.01,https://www.jepx.jp/_download.php?dir=spot_summary&file=spot_summary_2024.csv
2024-05-03,jepx-spread-range-kansai,kansai,12.87,https://www.jepx.jp/_download.php?dir=spot_summary&file=spot_summary_2024.csv
2024-05-04,jepx-spread-range-kansai,kansai,11.58,https://www.jepx.jp/_download.php?dir=spot_summary&file=spot_summary_2024.csv
2024-05-05,jepx-spread-range-kansai,kansai,11.23,https://www.jepx.jp/_download.php?dir=spot_summary&file=spot_summary_2024.csv
2024-05-06,jepx-spread-range-kansai,kansai,3.3200000000000003,https://www.jepx.jp/_download.php?dir=spot_summary&file=spot_summary_2024.csv
2024-05-07,jepx-spread-range-kansai,kansai,16.08,https://www.jepx.jp/_download.php?dir=spot_summary&file=spot_summary_2024.csv
2024-05-08,jepx-spread-range-kansai,kansai,9.15,https://www.jepx.jp/_download.php?dir=spot_summary&file=spot_summary_2024.csv
2024-05-09,jepx-spread-range-kansai,kansai,14.96,https://www.jepx.jp/_download.php?dir=spot_summary&file=spot_summary_2024.csv
2024-05-10,jepx-spread-range-kansai,kansai,14.87,https://www.jepx.jp/_download.php?dir=spot_summary&file=spot_summary_2024.csv
2024-05-11,jepx-spread-range-kansai,kansai,12.78,https://www.jepx.jp/_download.php?dir=spot_summary&file=spot_summary_2024.csv
2024-05-12,jepx-spread-range-kansai,kansai,8.59,https://www.jepx.jp/_download.php?dir=spot_summary&file=spot_summary_2024.csv
2024-05-13,jepx-spread-range-kansai,kansai,12.09,https://www.jepx.jp/_download.php?dir=spot_summary&file=spot_summary_2024.csv
2024-05-14,jepx-spread-range-kansai,kansai,17.08,https://www.jepx.jp/_download.php?dir=spot_summary&file=spot_summary_2024.csv
2024-05-15,jepx-spread-range-kansai,kansai,14.87,https://www.jepx.jp/_download.php?dir=spot_summary&file=spot_summary_2024.csv
2024-05-16,jepx-spread-range-kansai,kansai,14.5,https://www.jepx.jp/_download.php?dir=spot_summary&file=spot_summary_2024.csv
2024-05-17,jepx-spread-range-kansai,kansai,14.87,https://www.jepx.jp/_download.php?dir=spot_summary&file=spot_summary_2024.csv
2024-05-18,jepx-spread-range-kansai,kansai,11.44,https://www.jepx.jp/_download.php?dir=spot_summary&file=spot_summary_2024.csv
2024-05-19,jepx-spread-range-kansai,kansai,11.47,https://www.jepx.jp/_download.php?dir=spot_summary&file=spot_summary_2024.csv
2024-05-20,jepx-spread-range-kansai,kansai,17.139999999999997,https://www.jepx.jp/_download.php?dir=spot_summary&file=spot_summary_2024.csv
2024-05-21,jepx-spread-range-kansai,kansai,17.139999999999997,https://www.jepx.jp/_download.php?dir=spot_summary&file=spot_summary_2024.csv
2024-05-22,jepx-spread-range-kansai,kansai,16.65,https://www.jepx.jp/_download.php?dir=spot_summary&file=spot_summary_2024.csv
2024-05-23,jepx-spread-range-kansai,kansai,9.47,https://www.jepx.jp/_download.php?dir=spot_summary&file=spot_summary_2024.csv
2024-05-24,jepx-spread-range-kansai,kansai,15.99,https://www.jepx.jp/_download.php?dir=spot_summary&file=spot_summary_2024.csv
2024-05-25,jepx-spread-range-kansai,kansai,12.43,https://www.jepx.jp/_download.php?dir=spot_summary&file=spot_summary_2024.csv
2024-05-26,jepx-spread-range-kansai,kansai,14.05,https://www.jepx.jp/_download.php?dir=spot_summary&file=spot_summary_2024.csv
2024-05-27,jepx-spread-range-kansai,kansai,8.24,https://www.jepx.jp/_download.php?dir=spot_summary&file=spot_summary_2024.csv
2024-05-28,jepx-spread-range-kansai,kansai,11.78,https://www.jepx.jp/_download.php?dir=spot_summary&file=spot_summary_2024.csv
2024-05-29,jepx-spread-range-kansai,kansai,15.0,https://www.jepx.jp/_download.php?dir=spot_summary&file=spot_summary_2024.csv
2024-05-30,jepx-spread-range-kansai,kansai,14.38,https://www.jepx.jp/_download.php?dir=spot_summary&file=spot_summary_2024.csv
2024-05-31,jepx-spread-range-kansai,kansai,4.109999999999999,https://www.jepx.jp/_download.php?dir=spot_summary&file=spot_summary_2024.csv
2024-06-01,jepx-spread-range-kansai,kansai,11.59,https://www.jepx.jp/_download.php?dir=spot_summary&file=spot_summary_2024.csv
2024-06-02,jepx-spread-range-kansai,kansai,10.43,https://www.jepx.jp/_download.php?dir=spot_summary&file=spot_summary_2024.csv
2024-06-03,jepx-spread-range-kansai,kansai,12.99,https://www.jepx.jp/_download.php?dir=spot_summary&file=spot_summary_2024.csv
2024-06-04,jepx-spread-range-kansai,kansai,13.99,https://www.jepx.jp/_download.php?dir=spot_summary&file=spot_summary_2024.csv
2024-06-05,jepx-spread-range-kansai,kansai,14.99,https://www.jepx.jp/_download.php?dir=spot_summary&file=spot_summary_2024.csv
2024-06-06,jepx-spread-range-kansai,kansai,7.99,https://www.jepx.jp/_download.php?dir=spot_summary&file=spot_summary_2024.csv
2024-06-07,jepx-spread-range-kansai,kansai,12.17,https://www.jepx.jp/_download.php?dir=spot_summary&file=spot_summary_2024.csv
2024-06-08,jepx-spread-range-kansai,kansai,11.75,https://www.jepx.jp/_download.php?dir=spot_summary&file=spot_summary_2024.csv
2024-06-09,jepx-spread-range-kansai,kansai,3.27,https://www.jepx.jp/_download.php?dir=spot_summary&file=spot_summary_2024.csv
2024-06-10,jepx-spread-range-kansai,kansai,14.92,https://www.jepx.jp/_download.php?dir=spot_summary&file=spot_summary_2024.csv
2024-06-11,jepx-spread-range-kansai,kansai,17.42,https://www.jepx.jp/_download.php?dir=spot_summary&file=spot_summary_2024.csv
2024-06-12,jepx-spread-range-kansai,kansai,16.31,https://www.jepx.jp/_download.php?dir=spot_summary&file=spot_summary_2024.csv
2024-06-13,jepx-spread-range-kansai,kansai,13.78,https://www.jepx.jp/_download.php?dir=spot_summary&file=spot_summary_2024.csv
2024-06-14,jepx-spread-range-kansai,kansai,13.68,https://www.jepx.jp/_download.php?dir=spot_summary&file=spot_summary_2024.csv
2024-06-15,jepx-spread-range-kansai,kansai,9.83,https://www.jepx.jp/_download.php?dir=spot_summary&file=spot_summary_2024.csv
2024-06-16,jepx-spread-range-kansai,kansai,18.33,https://www.jepx.jp/_download.php?dir=spot_summary&file=spot_summary_2024.csv
2024-06-17,jepx-spread-range-kansai,kansai,12.63,https://www.jepx.jp/_download.php?dir=spot_summary&file=spot_summary_2024.csv
2024-06-18,jepx-spread-range-kansai,kansai,11.619999999999996,https://www.jepx.jp/_download.php?dir=spot_summary&file=spot_summary_2024.csv
2024-06-19,jepx-spread-range-kansai,kansai,20.27,https://www.jepx.jp/_download.php?dir=spot_summary&file=spot_summary_2024.csv
2024-06-20,jepx-spread-range-kansai,kansai,9.48,https://www.jepx.jp/_download.php?dir=spot_summary&file=spot_summary_2024.csv
2024-06-21,jepx-spread-range-kansai,kansai,7.1,https://www.jepx.jp/_download.php?dir=spot_summary&file=spot_summary_2024.csv
2024-06-22,jepx-spread-range-kansai,kansai,9.23,https://www.jepx.jp/_download.php?dir=spot_summary&file=spot_summary_2024.csv
2024-06-23,jepx-spread-range-kansai,kansai,6.9,https://www.jepx.jp/_download.php?dir=spot_summary&file=spot_summary_2024.csv
2024-06-24,jepx-spread-range-kansai,kansai,9.85,https://www.jepx.jp/_download.php?dir=spot_summary&file=spot_summary_2024.csv
2024-06-25,jepx-spread-range-kansai,kansai,9.63,https://www.jepx.jp/_download.php?dir=spot_summary&file=spot_summary_2024.csv
2024-06-26,jepx-spread-range-kansai,kansai,5.799999999999999,https://www.jepx.jp/_download.php?dir=spot_summary&file=spot_summary_2024.csv
2024-06-27,jepx-spread-range-kansai,kansai,7.049999999999999,https://www.jepx.jp/_download.php?dir=spot_summary&file=spot_summary_2024.csv
2024-06-28,jepx-spread-range-kansai,kansai,11.5,https://www.jepx.jp/_download.php?dir=spot_summary&file=spot_summary_2024.csv
2024-06-29,jepx-spread-range-kansai,kansai,10.9,https://www.jepx.jp/_download.php?dir=spot_summary&file=spot_summary_2024.csv
2024-06-30,jepx-spread-range-kansai,kansai,4.2700000000000005,https://www.jepx.jp/_download.php?dir=spot_summary&file=spot_summary_2024.csv
2024-07-01,jepx-spread-range-kansai,kansai,10.13,https://www.jepx.jp/_download.php?dir=spot_summary&file=spot_summary_2024.csv
2024-07-02,jepx-spread-range-kansai,kansai,6.27,https://www.jepx.jp/_download.php?dir=spot_summary&file=spot_summary_2024.csv
2024-07-03,jepx-spread-range-kansai,kansai,11.54,https://www.jepx.jp/_download.php?dir=spot_summary&file=spot_summary_2024.csv
2024-07-04,jepx-spread-range-kansai,kansai,13.05,https://www.jepx.jp/_download.php?dir=spot_summary&file=spot_summary_2024.csv
2024-07-05,jepx-spread-range-kansai,kansai,13.810000000000002,https://www.jepx.jp/_download.php?dir=spot_summary&file=spot_summary_2024.csv
2024-07-06,jepx-spread-range-kansai,kansai,11.4,https://www.jepx.jp/_download.php?dir=spot_summary&file=spot_summary_2024.csv
2024-07-07,jepx-spread-range-kansai,kansai,20.52,https://www.jepx.jp/_download.php?dir=spot_summary&file=spot_summary_2024.csv
2024-07-08,jepx-spread-range-kansai,kansai,18.69,https://www.jepx.jp/_download.php?dir=spot_summary&file=spot_summary_2024.csv
2024-07-09,jepx-spread-range-kansai,kansai,22.07,https://www.jepx.jp/_download.php?dir=spot_summary&file=spot_summary_2024.csv
2024-07-10,jepx-spread-range-kansai,kansai,19.68,https://www.jepx.jp/_download.php?dir=spot_summary&file=spot_summary_2024.csv
2024-07-11,jepx-spread-range-kansai,kansai,11.46,https://www.jepx.jp/_download.php?dir=spot_summary&file=spot_summary_2024.csv
2024-07-12,jepx-spread-range-kansai,kansai,7.619999999999999,https://www.jepx.jp/_download.php?dir=spot_summary&file=spot_summary_2024.csv
2024-07-13,jepx-spread-range-kansai,kansai,14.07,https://www.jepx.jp/_download.php?dir=spot_summary&file=spot_summary_2024.csv
2024-07-14,jepx-spread-range-kansai,kansai,4.960000000000001,https://www.jepx.jp/_download.php?dir=spot_summary&file=spot_summary_2024.csv
2024-07-15,jepx-spread-range-kansai,kansai,6.84,https://www.jepx.jp/_download.php?dir=spot_summary&file=spot_summary_2024.csv
2024-07-16,jepx-spread-range-kansai,kansai,6.299999999999999,https://www.jepx.jp/_download.php?dir=spot_summary&file=spot_summary_2024.csv
2024-07-17,jepx-spread-range-kansai,kansai,8.54,https://www.jepx.jp/_download.php?dir=spot_summary&file=spot_summary_2024.csv
2024-07-18,jepx-spread-range-kansai,kansai,12.099999999999998,https://www.jepx.jp/_download.php?dir=spot_summary&file=spot_summary_2024.csv
2024-07-19,jepx-spread-range-kansai,kansai,11.96,https://www.jepx.jp/_download.php?dir=spot_summary&file=spot_summary_2024.csv
2024-07-20,jepx-spread-range-kansai,kansai,9.53,https://www.jepx.jp/_download.php?dir=spot_summary&file=spot_summary_2024.csv
2024-07-21,jepx-spread-range-kansai,kansai,15.85,https://www.jepx.jp/_download.php?dir=spot_summary&file=spot_summary_2024.csv
2024-07-22,jepx-spread-range-kansai,kansai,20.25,https://www.jepx.jp/_download.php?dir=spot_summary&file=spot_summary_2024.csv
2024-07-23,jepx-spread-range-kansai,kansai,18.83,https://www.jepx.jp/_download.php?dir=spot_summary&file=spot_summary_2024.csv
2024-07-24,jepx-spread-range-kansai,kansai,13.78,https://www.jepx.jp/_download.php?dir=spot_summary&file=spot_summary_2024.csv
2024-07-25,jepx-spread-range-kansai,kansai,12.97,https://www.jepx.jp/_download.php?dir=spot_summary&file=spot_summary_2024.csv
2024-07-26,jepx-spread-range-kansai,kansai,12.31,https://www.jepx.jp/_download.php?dir=spot_summary&file=spot_summary_2024.csv
2024-07-27,jepx-spread-range-kansai,kansai,11.86,https://www.jepx.jp/_download.php?dir=spot_summary&file=spot_summary_2024.csv
2024-07-28,jepx-spread-range-kansai,kansai,14.15,https://www.jepx.jp/_download.php?dir=spot_summary&file=spot_summary_2024.csv
2024-07-29,jepx-spread-range-kansai,kansai,19.11,https://www.jepx.jp/_download.php?dir=spot_summary&file=spot_summary_2024.csv
2024-07-30,jepx-spread-range-kansai,kansai,24.75,https://www.jepx.jp/_download.php?dir=spot_summary&file=spot_summary_2024.csv
2024-07-31,jepx-spread-range-kansai,kansai,24.1,https://www.jepx.jp/_download.php?dir=spot_summary&file=spot_summary_2024.csv
2024-08-01,jepx-spread-range-kansai,kansai,24.14,https://www.jepx.jp/_download.php?dir=spot_summary&file=spot_summary_2024.csv
2024-08-02,jepx-spread-range-kansai,kansai,23.92,https://www.jepx.jp/_download.php?dir=spot_summary&file=spot_summary_2024.csv
2024-08-03,jepx-spread-range-kansai,kansai,9.22,https://www.jepx.jp/_download.php?dir=spot_summary&file=spot_summary_2024.csv
2024-08-04,jepx-spread-range-kansai,kansai,10.14,https://www.jepx.jp/_download.php?dir=spot_summary&file=spot_summary_2024.csv
2024-08-05,jepx-spread-range-kansai,kansai,18.380000000000003,https://www.jepx.jp/_download.php?dir=spot_summary&file=spot_summary_2024.csv
2024-08-06,jepx-spread-range-kansai,kansai,14.33,https://www.jepx.jp/_download.php?dir=spot_summary&file=spot_summary_2024.csv
2024-08-07,jepx-spread-range-kansai,kansai,12.65,https://www.jepx.jp/_download.php?dir=spot_summary&file=spot_summary_2024.csv
2024-08-08,jepx-spread-range-kansai,kansai,20.879999999999995,https://www.jepx.jp/_download.php?dir=spot_summary&file=spot_summary_2024.csv
2024-08-09,jepx-spread-range-kansai,kansai,22.840000000000003,https://www.jepx.jp/_download.php?dir=spot_summary&file=spot_summary_2024.csv
2024-08-10,jepx-spread-range-kansai,kansai,10.71,https://www.jepx.jp/_download.php?dir=spot_summary&file=spot_summary_2024.csv
2024-08-11,jepx-spread-range-kansai,kansai,11.57,https://www.jepx.jp/_download.php?dir=spot_summary&file=spot_summary_2024.csv
2024-08-12,jepx-spread-range-kansai,kansai,10.25,https://www.jepx.jp/_download.php?dir=spot_summary&file=spot_summary_2024.csv
2024-08-13,jepx-spread-range-kansai,kansai,9.64,https://www.jepx.jp/_download.php?dir=spot_summary&file=spot_summary_2024.csv
2024-08-14,jepx-spread-range-kansai,kansai,8.36,https://www.jepx.jp/_download.php?dir=spot_summary&file=spot_summary_2024.csv
2024-08-15,jepx-spread-range-kansai,kansai,10.87,https://www.jepx.jp/_download.php?dir=spot_summary&file=spot_summary_2024.csv
2024-08-16,jepx-spread-range-kansai,kansai,8.889999999999999,https://www.jepx.jp/_download.php?dir=spot_summary&file=spot_summary_2024.csv
2024-08-17,jepx-spread-range-kansai,kansai,10.07,https://www.jepx.jp/_download.php?dir=spot_summary&file=spot_summary_2024.csv
2024-08-18,jepx-spread-range-kansai,kansai,11.02,https://www.jepx.jp/_download.php?dir=spot_summary&file=spot_summary_2024.csv
2024-08-19,jepx-spread-range-kansai,kansai,17.23,https://www.jepx.jp/_download.php?dir=spot_summary&file=spot_summary_2024.csv
2024-08-20,jepx-spread-range-kansai,kansai,15.0,https://www.jepx.jp/_download.php?dir=spot_summary&file=spot_summary_2024.csv
2024-08-21,jepx-spread-range-kansai,kansai,11.58,https://www.jepx.jp/_download.php?dir=spot_summary&file=spot_summary_2024.csv
2024-08-22,jepx-spread-range-kansai,kansai,10.41,https://www.jepx.jp/_download.php?dir=spot_summary&file=spot_summary_2024.csv
2024-08-23,jepx-spread-range-kansai,kansai,23.68,https://www.jepx.jp/_download.php?dir=spot_summary&file=spot_summary_2024.csv
2024-08-24,jepx-spread-range-kansai,kansai,8.969999999999999,https://www.jepx.jp/_download.php?dir=spot_summary&file=spot_summary_2024.csv
2024-08-25,jepx-spread-range-kansai,kansai,6.990000000000002,https://www.jepx.jp/_download.php?dir=spot_summary&file=spot_summary_2024.csv
2024-08-26,jepx-spread-range-kansai,kansai,20.82,https://www.jepx.jp/_download.php?dir=spot_summary&file=spot_summary_2024.csv
2024-08-27,jepx-spread-range-kansai,kansai,10.489999999999998,https://www.jepx.jp/_download.php?dir=spot_summary&file=spot_summary_2024.csv
2024-08-28,jepx-spread-range-kansai,kansai,12.21,https://www.jepx.jp/_download.php?dir=spot_summary&file=spot_summary_2024.csv
2024-08-29,jepx-spread-range-kansai,kansai,18.21,https://www.jepx.jp/_download.php?dir=spot_summary&file=spot_summary_2024.csv
2024-08-30,jepx-spread-range-kansai,kansai,33.980000000000004,https://www.jepx.jp/_download.php?dir=spot_summary&file=spot_summary_2024.csv
2024-08-31,jepx-spread-range-kansai,kansai,6.859999999999999,https://www.jepx.jp/_download.php?dir=spot_summary&file=spot_summary_2024.csv
2024-09-01,jepx-spread-range-kansai,kansai,10.64,https://www.jepx.jp/_download.php?dir=spot_summary&file=spot_summary_2024.csv
2024-09-02,jepx-spread-range-kansai,kansai,11.62,https://www.jepx.jp/_download.php?dir=spot_summary&file=spot_summary_2024.csv
2024-09-03,jepx-spread-range-kansai,kansai,12.1,https://www.jepx.jp/_download.php?dir=spot_summary&file=spot_summary_2024.csv
2024-09-04,jepx-spread-range-kansai,kansai,11.15,https://www.jepx.jp/_download.php?dir=spot_summary&file=spot_summary_2024.csv
2024-09-05,jepx-spread-range-kansai,kansai,12.04,https://www.jepx.jp/_download.php?dir=spot_summary&file=spot_summary_2024.csv
2024-09-06,jepx-spread-range-kansai,kansai,10.230000000000002,https://www.jepx.jp/_download.php?dir=spot_summary&file=spot_summary_2024.csv
2024-09-07,jepx-spread-range-kansai,kansai,10.28,https://www.jepx.jp/_download.php?dir=spot_summary&file=spot_summary_2024.csv
2024-09-08,jepx-spread-range-kansai,kansai,11.0,https://www.jepx.jp/_download.php?dir=spot_summary&file=spot_summary_2024.csv
2024-09-09,jepx-spread-range-kansai,kansai,23.430000000000003,https://www.jepx.jp/_download.php?dir=spot_summary&file=spot_summary_2024.csv
2024-09-10,jepx-spread-range-kansai,kansai,20.840000000000003,https://www.jepx.jp/_download.php?dir=spot_summary&file=spot_summary_2024.csv
2024-09-11,jepx-spread-range-kansai,kansai,20.99,https://www.jepx.jp/_download.php?dir=spot_summary&file=spot_summary_2024.csv
2024-09-12,jepx-spread-range-kansai,kansai,13.0,https://www.jepx.jp/_download.php?dir=spot_summary&file=spot_summary_2024.csv
2024-09-13,jepx-spread-range-kansai,kansai,19.58,https://www.jepx.jp/_download.php?dir=spot_summary&file=spot_summary_2024.csv
2024-09-14,jepx-spread-range-kansai,kansai,12.31,https://www.jepx.jp/_download.php?dir=spot_summary&file=spot_summary_2024.csv
2024-09-15,jepx-spread-range-kansai,kansai,7.800000000000001,https://www.jepx.jp/_download.php?dir=spot_summary&file=spot_summary_2024.csv
2024-09-16,jepx-spread-range-kansai,kansai,10.909999999999998,https://www.jepx.jp/_download.php?dir=spot_summary&file=spot_summary_2024.csv
2024-09-17,jepx-spread-range-kansai,kansai,21.770000000000003,https://www.jepx.jp/_download.php?dir=spot_summary&file=spot_summary_2024.csv
2024-09-18,jepx-spread-range-kansai,kansai,15.79,https://www.jepx.jp/_download.php?dir=spot_summary&file=spot_summary_2024.csv
2024-09-19,jepx-spread-range-kansai,kansai,23.43,https://www.jepx.jp/_download.php?dir=spot_summary&file=spot_summary_2024.csv
2024-09-20,jepx-spread-range-kansai,kansai,23.15,https://www.jepx.jp/_download.php?dir=spot_summary&file=spot_summary_2024.csv
2024-09-21,jepx-spread-range-kansai,kansai,9.54,https://www.jepx.jp/_download.php?dir=spot_summary&file=spot_summary_2024.csv
2024-09-22,jepx-spread-range-kansai,kansai,4.17,https://www.jepx.jp/_download.php?dir=spot_summary&file=spot_summary_2024.csv
2024-09-23,jepx-spread-range-kansai,kansai,9.04,https://www.jepx.jp/_download.php?dir=spot_summary&file=spot_summary_2024.csv
2024-09-24,jepx-spread-range-kansai,kansai,19.43,https://www.jepx.jp/_download.php?dir=spot_summary&file=spot_summary_2024.csv
2024-09-25,jepx-spread-range-kansai,kansai,14.43,https://www.jepx.jp/_download.php?dir=spot_summary&file=spot_summary_2024.csv
2024-09-26,jepx-spread-range-kansai,kansai,11.44,https://www.jepx.jp/_download.php?dir=spot_summary&file=spot_summary_2024.csv
2024-09-27,jepx-spread-range-kansai,kansai,10.53,https://www.jepx.jp/_download.php?dir=spot_summary&file=spot_summary_2024.csv
2024-09-28,jepx-spread-range-kansai,kansai,4.539999999999999,https://www.jepx.jp/_download.php?dir=spot_summary&file=spot_summary_2024.csv
2024-09-29,jepx-spread-range-kansai,kansai,5.38,https://www.jepx.jp/_download.php?dir=spot_summary&file=spot_summary_2024.csv
2024-09-30,jepx-spread-range-kansai,kansai,10.05,https://www.jepx.jp/_download.php?dir=spot_summary&file=spot_summary_2024.csv
2024-10-01,jepx-spread-range-kansai,kansai,12.07,https://www.jepx.jp/_download.php?dir=spot_summary&file=spot_summary_2024.csv
2024-10-02,jepx-spread-range-kansai,kansai,11.240000000000002,https://www.jepx.jp/_download.php?dir=spot_summary&file=spot_summary_2024.csv
2024-10-03,jepx-spread-range-kansai,kansai,11.87,https://www.jepx.jp/_download.php?dir=spot_summary&file=spot_summary_2024.csv
2024-10-04,jepx-spread-range-kansai,kansai,11.29,https://www.jepx.jp/_download.php?dir=spot_summary&file=spot_summary_2024.csv
2024-10-05,jepx-spread-range-kansai,kansai,8.56,https://www.jepx.jp/_download.php?dir=spot_summary&file=spot_summary_2024.csv
2024-10-06,jepx-spread-range-kansai,kansai,12.44,https://www.jepx.jp/_download.php?dir=spot_summary&file=spot_summary_2024.csv
2024-10-07,jepx-spread-range-kansai,kansai,22.08,https://www.jepx.jp/_download.php?dir=spot_summary&file=spot_summary_2024.csv
2024-10-08,jepx-spread-range-kansai,kansai,8.59,https://www.jepx.jp/_download.php?dir=spot_summary&file=spot_summary_2024.csv
2024-10-09,jepx-spread-range-kansai,kansai,9.91,https://www.jepx.jp/_download.php?dir=spot_summary&file=spot_summary_2024.csv
2024-10-10,jepx-spread-range-kansai,kansai,10.88,https://www.jepx.jp/_download.php?dir=spot_summary&file=spot_summary_2024.csv
2024-10-11,jepx-spread-range-kansai,kansai,13.99,https://www.jepx.jp/_download.php?dir=spot_summary&file=spot_summary_2024.csv
2024-10-12,jepx-spread-range-kansai,kansai,12.06,https://www.jepx.jp/_download.php?dir=spot_summary&file=spot_summary_2024.csv
2024-10-13,jepx-spread-range-kansai,kansai,11.99,https://www.jepx.jp/_download.php?dir=spot_summary&file=spot_summary_2024.csv
2024-10-14,jepx-spread-range-kansai,kansai,13.0,https://www.jepx.jp/_download.php?dir=spot_summary&file=spot_summary_2024.csv
2024-10-15,jepx-spread-range-kansai,kansai,11.2,https://www.jepx.jp/_download.php?dir=spot_summary&file=spot_summary_2024.csv
2024-10-16,jepx-spread-range-kansai,kansai,10.0,https://www.jepx.jp/_download.php?dir=spot_summary&file=spot_summary_2024.csv
2024-10-17,jepx-spread-range-kansai,kansai,22.97000000000001,https://www.jepx.jp/_download.php?dir=spot_summary&file=spot_summary_2024.csv
2024-10-18,jepx-spread-range-kansai,kansai,22.56,https://www.jepx.jp/_download.php?dir=spot_summary&file=spot_summary_2024.csv
2024-10-19,jepx-spread-range-kansai,kansai,5.700000000000001,https://www.jepx.jp/_download.php?dir=spot_summary&file=spot_summary_2024.csv
2024-10-20,jepx-spread-range-kansai,kansai,13.74,https://www.jepx.jp/_download.php?dir=spot_summary&file=spot_summary_2024.csv
2024-10-21,jepx-spread-range-kansai,kansai,11.02,https://www.jepx.jp/_download.php?dir=spot_summary&file=spot_summary_2024.csv
2024-10-22,jepx-spread-range-kansai,kansai,9.36,https://www.jepx.jp/_download.php?dir=spot_summary&file=spot_summary_2024.csv
2024-10-23,jepx-spread-range-kansai,kansai,12.96,https://www.jepx.jp/_download.php?dir=spot_summary&file=spot_summary_2024.csv
2024-10-24,jepx-spread-range-kansai,kansai,8.049999999999999,https://www.jepx.jp/_download.php?dir=spot_summary&file=spot_summary_2024.csv
2024-10-25,jepx-spread-range-kansai,kansai,8.959999999999999,https://www.jepx.jp/_download.php?dir=spot_summary&file=spot_summary_2024.csv
2024-10-26,jepx-spread-range-kansai,kansai,4.02,https://www.jepx.jp/_download.php?dir=spot_summary&file=spot_summary_2024.csv
2024-10-27,jepx-spread-range-kansai,kansai,7.380000000000001,https://www.jepx.jp/_download.php?dir=spot_summary&file=spot_summary_2024.csv
2024-10-28,jepx-spread-range-kansai,kansai,9.89,https://www.jepx.jp/_download.php?dir=spot_summary&file=spot_summary_2024.csv
2024-10-29,jepx-spread-range-kansai,kansai,7.640000000000001,https://www.jepx.jp/_download.php?dir=spot_summary&file=spot_summary_2024.csv
2024-10-30,jepx-spread-range-kansai,kansai,11.61,https://www.jepx.jp/_download.php?dir=spot_summary&file=spot_summary_2024.csv
2024-10-31,jepx-spread-range-kansai,kansai,5.18,https://www.jepx.jp/_download.php?dir=spot_summary&file=spot_summary_2024.csv
2024-11-01,jepx-spread-range-kansai,kansai,6.760000000000002,https://www.jepx.jp/_download.php?dir=spot_summary&file=spot_summary_2024.csv
2024-11-02,jepx-spread-range-kansai,kansai,3.5,https://www.jepx.jp/_download.php?dir=spot_summary&file=spot_summary_2024.csv
2024-11-03,jepx-spread-range-kansai,kansai,10.99,https://www.jepx.jp/_download.php?dir=spot_summary&file=spot_summary_2024.csv
2024-11-04,jepx-spread-range-kansai,kansai,10.51,https://www.jepx.jp/_download.php?dir=spot_summary&file=spot_summary_2024.csv
2024-11-05,jepx-spread-range-kansai,kansai,7.399999999999999,https://www.jepx.jp/_download.php?dir=spot_summary&file=spot_summary_2024.csv
2024-11-06,jepx-spread-range-kansai,kansai,10.03,https://www.jepx.jp/_download.php?dir=spot_summary&file=spot_summary_2024.csv
2024-11-07,jepx-spread-range-kansai,kansai,11.86,https://www.jepx.jp/_download.php?dir=spot_summary&file=spot_summary_2024.csv
2024-11-08,jepx-spread-range-kansai,kansai,14.1,https://www.jepx.jp/_download.php?dir=spot_summary&file=spot_summary_2024.csv
2024-11-09,jepx-spread-range-kansai,kansai,9.39,https://www.jepx.jp/_download.php?dir=spot_summary&file=spot_summary_2024.csv
2024-11-10,jepx-spread-range-kansai,kansai,4.75,https://www.jepx.jp/_download.php?dir=spot_summary&file=spot_summary_2024.csv
2024-11-11,jepx-spread-range-kansai,kansai,14.25,https://www.jepx.jp/_download.php?dir=spot_summary&file=spot_summary_2024.csv
2024-11-12,jepx-spread-range-kansai,kansai,13.25,https://www.jepx.jp/_download.php?dir=spot_summary&file=spot_summary_2024.csv
2024-11-13,jepx-spread-range-kansai,kansai,12.47,https://www.jepx.jp/_download.php?dir=spot_summary&file=spot_summary_2024.csv
2024-11-14,jepx-spread-range-kansai,kansai,13.56,https://www.jepx.jp/_download.php?dir=spot_summary&file=spot_summary_2024.csv
2024-11-15,jepx-spread-range-kansai,kansai,26.69,https://www.jepx.jp/_download.php?dir=spot_summary&file=spot_summary_2024.csv
2024-11-16,jepx-spread-range-kansai,kansai,5.01,https://www.jepx.jp/_download.php?dir=spot_summary&file=spot_summary_2024.csv
2024-11-17,jepx-spread-range-kansai,kansai,5.8100000000000005,https://www.jepx.jp/_download.php?dir=spot_summary&file=spot_summary_2024.csv
2024-11-18,jepx-spread-range-kansai,kansai,15.07,https://www.jepx.jp/_download.php?dir=spot_summary&file=spot_summary_2024.csv
2024-11-19,jepx-spread-range-kansai,kansai,14.04,https://www.jepx.jp/_download.php?dir=spot_summary&file=spot_summary_2024.csv
2024-11-20,jepx-spread-range-kansai,kansai,10.4,https://www.jepx.jp/_download.php?dir=spot_summary&file=spot_summary_2024.csv
2024-11-21,jepx-spread-range-kansai,kansai,11.87,https://www.jepx.jp/_download.php?dir=spot_summary&file=spot_summary_2024.csv
2024-11-22,jepx-spread-range-kansai,kansai,8.08,https://www.jepx.jp/_download.php?dir=spot_summary&file=spot_summary_2024.csv
2024-11-23,jepx-spread-range-kansai,kansai,7.950000000000001,https://www.jepx.jp/_download.php?dir=spot_summary&file=spot_summary_2024.csv
2024-11-24,jepx-spread-range-kansai,kansai,11.79,https://www.jepx.jp/_download.php?dir=spot_summary&file=spot_summary_2024.csv
2024-11-25,jepx-spread-range-kansai,kansai,14.15,https://www.jepx.jp/_download.php?dir=spot_summary&file=spot_summary_2024.csv
2024-11-26,jepx-spread-range-kansai,kansai,11.24,https://www.jepx.jp/_download.php?dir=spot_summary&file=spot_summary_2024.csv
2024-11-27,jepx-spread-range-kansai,kansai,9.38,https://www.jepx.jp/_download.php?dir=spot_summary&file=spot_summary_2024.csv
2024-11-28,jepx-spread-range-kansai,kansai,11.87,https://www.jepx.jp/_download.php?dir=spot_summary&file=spot_summary_2024.csv
2024-11-29,jepx-spread-range-kansai,kansai,8.58,https://www.jepx.jp/_download.php?dir=spot_summary&file=spot_summary_2024.csv
2024-11-30,jepx-spread-range-kansai,kansai,6.529999999999999,https://www.jepx.jp/_download.php?dir=spot_summary&file=spot_summary_2024.csv
2024-12-01,jepx-spread-range-kansai,kansai,13.2,https://www.jepx.jp/_download.php?dir=spot_summary&file=spot_summary_2024.csv
2024-12-02,jepx-spread-range-kansai,kansai,10.48,https://www.jepx.jp/_download.php?dir=spot_summary&file=spot_summary_2024.csv
2024-12-03,jepx-spread-range-kansai,kansai,12.21,https://www.jepx.jp/_download.php?dir=spot_summary&file=spot_summary_2024.csv
2024-12-04,jepx-spread-range-kansai,kansai,8.690000000000001,https://www.jepx.jp/_download.php?dir=spot_summary&file=spot_summary_2024.csv
2024-12-05,jepx-spread-range-kansai,kansai,9.2,https://www.jepx.jp/_download.php?dir=spot_summary&file=spot_summary_2024.csv
2024-12-06,jepx-spread-range-kansai,kansai,9.1,https://www.jepx.jp/_download.php?dir=spot_summary&file=spot_summary_2024.csv
2024-12-07,jepx-spread-range-kansai,kansai,6.65,https://www.jepx.jp/_download.php?dir=spot_summary&file=spot_summary_2024.csv
2024-12-08,jepx-spread-range-kansai,kansai,7.710000000000001,https://www.jepx.jp/_download.php?dir=spot_summary&file=spot_summary_2024.csv
2024-12-09,jepx-spread-range-kansai,kansai,8.370000000000001,https://www.jepx.jp/_download.php?dir=spot_summary&file=spot_summary_2024.csv
2024-12-10,jepx-spread-range-kansai,kansai,5.130000000000001,https://www.jepx.jp/_download.php?dir=spot_summary&file=spot_summary_2024.csv
2024-12-11,jepx-spread-range-kansai,kansai,13.62,https://www.jepx.jp/_download.php?dir=spot_summary&file=spot_summary_2024.csv
2024-12-12,jepx-spread-range-kansai,kansai,13.750000000000002,https://www.jepx.jp/_download.php?dir=spot_summary&file=spot_summary_2024.csv
2024-12-13,jepx-spread-range-kansai,kansai,11.14,https://www.jepx.jp/_download.php?dir=spot_summary&file=spot_summary_2024.csv
2024-12-14,jepx-spread-range-kansai,kansai,10.329999999999998,https://www.jepx.jp/_download.php?dir=spot_summary&file=spot_summary_2024.csv
2024-12-15,jepx-spread-range-kansai,kansai,11.72,https://www.jepx.jp/_download.php?dir=spot_summary&file=spot_summary_2024.csv
2024-12-16,jepx-spread-range-kansai,kansai,12.170000000000002,https://www.jepx.jp/_download.php?dir=spot_summary&file=spot_summary_2024.csv
2024-12-17,jepx-spread-range-kansai,kansai,7.670000000000001,https://www.jepx.jp/_download.php?dir=spot_summary&file=spot_summary_2024.csv
2024-12-18,jepx-spread-range-kansai,kansai,9.179999999999998,https://www.jepx.jp/_download.php?dir=spot_summary&file=spot_summary_2024.csv
2024-12-19,jepx-spread-range-kansai,kansai,12.85,https://www.jepx.jp/_download.php?dir=spot_summary&file=spot_summary_2024.csv
2024-12-20,jepx-spread-range-kansai,kansai,13.6,https://www.jepx.jp/_download.php?dir=spot_summary&file=spot_summary_2024.csv
2024-12-21,jepx-spread-range-kansai,kansai,6.0,https://www.jepx.jp/_download.php?dir=spot_summary&file=spot_summary_2024.csv
2024-12-22,jepx-spread-range-kansai,kansai,10.65,https://www.jepx.jp/_download.php?dir=spot_summary&file=spot_summary_2024.csv
2024-12-23,jepx-spread-range-kansai,kansai,10.09,https://www.jepx.jp/_download.php?dir=spot_summary&file=spot_summary_2024.csv
2024-12-24,jepx-spread-range-kansai,kansai,9.04,https://www.jepx.jp/_download.php?dir=spot_summary&file=spot_summary_2024.csv
2024-12-25,jepx-spread-range-kansai,kansai,11.329999999999998,https://www.jepx.jp/_download.php?dir=spot_summary&file=spot_summary_2024.csv
2024-12-26,jepx-spread-range-kansai,kansai,8.859999999999998,https://www.jepx.jp/_download.php?dir=spot_summary&file=spot_summary_2024.csv
2024-12-27,jepx-spread-range-kansai,kansai,8.11,https://www.jepx.jp/_download.php?dir=spot_summary&file=spot_summary_2024.csv
2024-12-28,jepx-spread-range-kansai,kansai,8.24,https://www.jepx.jp/_download.php?dir=spot_summary&file=spot_summary_2024.csv
2024-12-29,jepx-spread-range-kansai,kansai,10.46,https://www.jepx.jp/_download.php?dir=spot_summary&file=spot_summary_2024.csv
2024-12-30,jepx-spread-range-kansai,kansai,8.69,https://www.jepx.jp/_download.php?dir=spot_summary&file=spot_summary_2024.csv
2024-12-31,jepx-spread-range-kansai,kansai,8.44,https://www.jepx.jp/_download.php?dir=spot_summary&file=spot_summary_2024.csv
2025-01-01,jepx-spread-range-kansai,kansai,12.98,https://www.jepx.jp/_download.php?dir=spot_summary&file=spot_summary_2024.csv
2025-01-02,jepx-spread-range-kansai,kansai,11.0,https://www.jepx.jp/_download.php?dir=spot_summary&file=spot_summary_2024.csv
2025-01-03,jepx-spread-range-kansai,kansai,8.0,https://www.jepx.jp/_download.php?dir=spot_summary&file=spot_summary_2024.csv
2025-01-04,jepx-spread-range-kansai,kansai,7.02,https://www.jepx.jp/_download.php?dir=spot_summary&file=spot_summary_2024.csv
2025-01-05,jepx-spread-range-kansai,kansai,7.34,https://www.jepx.jp/_download.php?dir=spot_summary&file=spot_summary_2024.csv
2025-01-06,jepx-spread-range-kansai,kansai,15.29,https://www.jepx.jp/_download.php?dir=spot_summary&file=spot_summary_2024.csv
2025-01-07,jepx-spread-range-kansai,kansai,9.88,https://www.jepx.jp/_download.php?dir=spot_summary&file=spot_summary_2024.csv
2025-01-08,jepx-spread-range-kansai,kansai,10.07,https://www.jepx.jp/_download.php?dir=spot_summary&file=spot_summary_2024.csv
2025-01-09,jepx-spread-range-kansai,kansai,18.76,https://www.jepx.jp/_download.php?dir=spot_summary&file=spot_summary_2024.csv
2025-01-10,jepx-spread-range-kansai,kansai,11.579999999999998,https://www.jepx.jp/_download.php?dir=spot_summary&file=spot_summary_2024.csv
2025-01-11,jepx-spread-range-kansai,kansai,7.199999999999999,https://www.jepx.jp/_download.php?dir=spot_summary&file=spot_summary_2024.csv
2025-01-12,jepx-spread-range-kansai,kansai,5.800000000000001,https://www.jepx.jp/_download.php?dir=spot_summary&file=spot_summary_2024.csv
2025-01-13,jepx-spread-range-kansai,kansai,8.269999999999998,https://www.jepx.jp/_download.php?dir=spot_summary&file=spot_summary_2024.csv
2025-01-14,jepx-spread-range-kansai,kansai,6.130000000000001,https://www.jepx.jp/_download.php?dir=spot_summary&file=spot_summary_2024.csv
2025-01-15,jepx-spread-range-kansai,kansai,7.169999999999998,https://www.jepx.jp/_download.php?dir=spot_summary&file=spot_summary_2024.csv
2025-01-16,jepx-spread-range-kansai,kansai,10.59,https://www.jepx.jp/_download.php?dir=spot_summary&file=spot_summary_2024.csv
2025-01-17,jepx-spread-range-kansai,kansai,10.45,https://www.jepx.jp/_download.php?dir=spot_summary&file=spot_summary_2024.csv
2025-01-18,jepx-spread-range-kansai,kansai,16.349999999999998,https://www.jepx.jp/_download.php?dir=spot_summary&file=spot_summary_2024.csv
2025-01-19,jepx-spread-range-kansai,kansai,12.43,https://www.jepx.jp/_download.php?dir=spot_summary&file=spot_summary_2024.csv
2025-01-20,jepx-spread-range-kansai,kansai,12.510000000000002,https://www.jepx.jp/_download.php?dir=spot_summary&file=spot_summary_2024.csv
2025-01-21,jepx-spread-range-kansai,kansai,13.170000000000002,https://www.jepx.jp/_download.php?dir=spot_summary&file=spot_summary_2024.csv
2025-01-22,jepx-spread-range-kansai,kansai,15.76,https://www.jepx.jp/_download.php?dir=spot_summary&file=spot_summary_2024.csv
2025-01-23,jepx-spread-range-kansai,kansai,14.99,https://www.jepx.jp/_download.php?dir=spot_summary&file=spot_summary_2024.csv
2025-01-24,jepx-spread-range-kansai,kansai,8.36,https://www.jepx.jp/_download.php?dir=spot_summary&file=spot_summary_2024.csv
2025-01-25,jepx-spread-range-kansai,kansai,13.66,https://www.jepx.jp/_download.php?dir=spot_summary&file=spot_summary_2024.csv
2025-01-26,jepx-spread-range-kansai,kansai,11.21,https://www.jepx.jp/_download.php?dir=spot_summary&file=spot_summary_2024.csv
2025-01-27,jepx-spread-range-kansai,kansai,11.7,https://www.jepx.jp/_download.php?dir=spot_summary&file=spot_summary_2024.csv
2025-01-28,jepx-spread-range-kansai,kansai,7.29,https://www.jepx.jp/_download.php?dir=spot_summary&file=spot_summary_2024.csv
2025-01-29,jepx-spread-range-kansai,kansai,7.530000000000001,https://www.jepx.jp/_download.php?dir=spot_summary&file=spot_summary_2024.csv
2025-01-30,jepx-spread-range-kansai,kansai,9.089999999999998,https://www.jepx.jp/_download.php?dir=spot_summary&file=spot_summary_2024.csv
2025-01-31,jepx-spread-range-kansai,kansai,7.41,https://www.jepx.jp/_download.php?dir=spot_summary&file=spot_summary_2024.csv
2025-02-01,jepx-spread-range-kansai,kansai,5.17,https://www.jepx.jp/_download.php?dir=spot_summary&file=spot_summary_2024.csv
2025-02-02,jepx-spread-range-kansai,kansai,5.17,https://www.jepx.jp/_download.php?dir=spot_summary&file=spot_summary_2024.csv
2025-02-03,jepx-spread-range-kansai,kansai,9.32,https://www.jepx.jp/_download.php?dir=spot_summary&file=spot_summary_2024.csv
2025-02-04,jepx-spread-range-kansai,kansai,11.09,https://www.jepx.jp/_download.php?dir=spot_summary&file=spot_summary_2024.csv
2025-02-05,jepx-spread-range-kansai,kansai,14.98,https://www.jepx.jp/_download.php?dir=spot_summary&file=spot_summary_2024.csv
2025-02-06,jepx-spread-range-kansai,kansai,17.05,https://www.jepx.jp/_download.php?dir=spot_summary&file=spot_summary_2024.csv
2025-02-07,jepx-spread-range-kansai,kansai,15.61,https://www.jepx.jp/_download.php?dir=spot_summary&file=spot_summary_2024.csv
2025-02-08,jepx-spread-range-kansai,kansai,10.18,https://www.jepx.jp/_download.php?dir=spot_summary&file=spot_summary_2024.csv
2025-02-09,jepx-spread-range-kansai,kansai,8.51,https://www.jepx.jp/_download.php?dir=spot_summary&file=spot_summary_2024.csv
2025-02-10,jepx-spread-range-kansai,kansai,16.189999999999998,https://www.jepx.jp/_download.php?dir=spot_summary&file=spot_summary_2024.csv
2025-02-11,jepx-spread-range-kansai,kansai,9.73,https://www.jepx.jp/_download.php?dir=spot_summary&file=spot_summary_2024.csv
2025-02-12,jepx-spread-range-kansai,kansai,18.7,https://www.jepx.jp/_download.php?dir=spot_summary&file=spot_summary_2024.csv
2025-02-13,jepx-spread-range-kansai,kansai,12.13,https://www.jepx.jp/_download.php?dir=spot_summary&file=spot_summary_2024.csv
2025-02-14,jepx-spread-range-kansai,kansai,13.62,https://www.jepx.jp/_download.php?dir=spot_summary&file=spot_summary_2024.csv
2025-02-15,jepx-spread-range-kansai,kansai,9.68,https://www.jepx.jp/_download.php?dir=spot_summary&file=spot_summary_2024.csv
2025-02-16,jepx-spread-range-kansai,kansai,7.140000000000001,https://www.jepx.jp/_download.php?dir=spot_summary&file=spot_summary_2024.csv
2025-02-17,jepx-spread-range-kansai,kansai,12.18,https://www.jepx.jp/_download.php?dir=spot_summary&file=spot_summary_2024.csv
2025-02-18,jepx-spread-range-kansai,kansai,10.23,https://www.jepx.jp/_download.php?dir=spot_summary&file=spot_summary_2024.csv
2025-02-19,jepx-spread-range-kansai,kansai,18.12,https://www.jepx.jp/_download.php?dir=spot_summary&file=spot_summary_2024.csv
2025-02-20,jepx-spread-range-kansai,kansai,10.15,https://www.jepx.jp/_download.php?dir=spot_summary&file=spot_summary_2024.csv
2025-02-21,jepx-spread-range-kansai,kansai,10.63,https://www.jepx.jp/_download.php?dir=spot_summary&file=spot_summary_2024.csv
2025-02-22,jepx-spread-range-kansai,kansai,19.42,https://www.jepx.jp/_download.php?dir=spot_summary&file=spot_summary_2024.csv
2025-02-23,jepx-spread-range-kansai,kansai,13.02,https://www.jepx.jp/_download.php?dir=spot_summary&file=spot_summary_2024.csv
2025-02-24,jepx-spread-range-kansai,kansai,22.05,https://www.jepx.jp/_download.php?dir=spot_summary&file=spot_summary_2024.csv
2025-02-25,jepx-spread-range-kansai,kansai,27.67,https://www.jepx.jp/_download.php?dir=spot_summary&file=spot_summary_2024.csv
2025-02-26,jepx-spread-range-kansai,kansai,14.11,https://www.jepx.jp/_download.php?dir=spot_summary&file=spot_summary_2024.csv
2025-02-27,jepx-spread-range-kansai,kansai,16.54,https://www.jepx.jp/_download.php?dir=spot_summary&file=spot_summary_2024.csv
2025-02-28,jepx-spread-range-kansai,kansai,6.0600000000000005,https://www.jepx.jp/_download.php?dir=spot_summary&file=spot_summary_2024.csv
2025-03-01,jepx-spread-range-kansai,kansai,14.21,https://www.jepx.jp/_download.php?dir=spot_summary&file=spot_summary_2024.csv
2025-03-02,jepx-spread-range-kansai,kansai,9.64,https://www.jepx.jp/_download.php?dir=spot_summary&file=spot_summary_2024.csv
2025-03-03,jepx-spread-range-kansai,kansai,31.0,https://www.jepx.jp/_download.php?dir=spot_summary&file=spot_summary_2024.csv
2025-03-04,jepx-spread-range-kansai,kansai,35.5,https://www.jepx.jp/_download.php?dir=spot_summary&file=spot_summary_2024.csv
2025-03-05,jepx-spread-range-kansai,kansai,19.0,https://www.jepx.jp/_download.php?dir=spot_summary&file=spot_summary_2024.csv
2025-03-06,jepx-spread-range-kansai,kansai,34.27,https://www.jepx.jp/_download.php?dir=spot_summary&file=spot_summary_2024.csv
2025-03-07,jepx-spread-range-kansai,kansai,35.16,https://www.jepx.jp/_download.php?dir=spot_summary&file=spot_summary_2024.csv
2025-03-08,jepx-spread-range-kansai,kansai,13.88,https://www.jepx.jp/_download.php?dir=spot_summary&file=spot_summary_2024.csv
2025-03-09,jepx-spread-range-kansai,kansai,16.23,https://www.jepx.jp/_download.php?dir=spot_summary&file=spot_summary_2024.csv
2025-03-10,jepx-spread-range-kansai,kansai,17.57,https://www.jepx.jp/_download.php?dir=spot_summary&file=spot_summary_2024.csv
2025-03-11,jepx-spread-range-kansai,kansai,8.45,https://www.jepx.jp/_download.php?dir=spot_summary&file=spot_summary_2024.csv
2025-03-12,jepx-spread-range-kansai,kansai,7.609999999999999,https://www.jepx.jp/_download.php?dir=spot_summary&file=spot_summary_2024.csv
2025-03-13,jepx-spread-range-kansai,kansai,8.7,https://www.jepx.jp/_download.php?dir=spot_summary&file=spot_summary_2024.csv
2025-03-14,jepx-spread-range-kansai,kansai,14.98,https://www.jepx.jp/_download.php?dir=spot_summary&file=spot_summary_2024.csv
2025-03-15,jepx-spread-range-kansai,kansai,4.860000000000001,https://www.jepx.jp/_download.php?dir=spot_summary&file=spot_summary_2024.csv
2025-03-16,jepx-spread-range-kansai,kansai,6.209999999999999,https://www.jepx.jp/_download.php?dir=spot_summary&file=spot_summary_2024.csv
2025-03-17,jepx-spread-range-kansai,kansai,16.37,https://www.jepx.jp/_download.php?dir=spot_summary&file=spot_summary_2024.csv
2025-03-18,jepx-spread-range-kansai,kansai,33.690000000000005,https://www.jepx.jp/_download.php?dir=spot_summary&file=spot_summary_2024.csv
2025-03-19,jepx-spread-range-kansai,kansai,13.34,https://www.jepx.jp/_download.php?dir=spot_summary&file=spot_summary_2024.csv
2025-03-20,jepx-spread-range-kansai,kansai,13.6,https://www.jepx.jp/_download.php?dir=spot_summary&file=spot_summary_2024.csv
2025-03-21,jepx-spread-range-kansai,kansai,14.31,https://www.jepx.jp/_download.php?dir=spot_summary&file=spot_summary_2024.csv
2025-03-22,jepx-spread-range-kansai,kansai,12.99,https://www.jepx.jp/_download.php?dir=spot_summary&file=spot_summary_2024.csv
2025-03-23,jepx-spread-range-kansai,kansai,9.37,https://www.jepx.jp/_download.php?dir=spot_summary&file=spot_summary_2024.csv
2025-03-24,jepx-spread-range-kansai,kansai,6.43,https://www.jepx.jp/_download.php?dir=spot_summary&file=spot_summary_2024.csv
2025-03-25,jepx-spread-range-kansai,kansai,10.95,https://www.jepx.jp/_download.php?dir=spot_summary&file=spot_summary_2024.csv
2025-03-26,jepx-spread-range-kansai,kansai,10.87,https://www.jepx.jp/_download.php?dir=spot_summary&file=spot_summary_2024.csv
2025-03-27,jepx-spread-range-kansai,kansai,7.34,https://www.jepx.jp/_download.php?dir=spot_summary&file=spot_summary_2024.csv
2025-03-28,jepx-spread-range-kansai,kansai,4.0200000000000005,https://www.jepx.jp/_download.php?dir=spot_summary&file=spot_summary_2024.csv
2025-03-29,jepx-spread-range-kansai,kansai,10.01,https://www.jepx.jp/_download.php?dir=spot_summary&file=spot_summary_2024.csv
2025-03-30,jepx-spread-range-kansai,kansai,13.91,https://www.jepx.jp/_download.php?dir=spot_summary&file=spot_summary_2024.csv
2025-03-31,jepx-spread-range-kansai,kansai,12.13,https://www.jepx.jp/_download.php?dir=spot_summary&file=spot_summary_2024.csv
2025-04-01,jepx-spread-range-kansai,kansai,13.24,https://www.jepx.jp/_download.php?dir=spot_summary&file=spot_summary_2025.csv
2025-04-02,jepx-spread-range-kansai,kansai,11.04,https://www.jepx.jp/_download.php?dir=spot_summary&file=spot_summary_2025.csv
2025-04-03,jepx-spread-range-kansai,kansai,10.419999999999998,https://www.jepx.jp/_download.php?dir=spot_summary&file=spot_summary_2025.csv
2025-04-04,jepx-spread-range-kansai,kansai,15.32,https://www.jepx.jp/_download.php?dir=spot_summary&file=spot_summary_2025.csv
2025-04-05,jepx-spread-range-kansai,kansai,9.49,https://www.jepx.jp/_download.php?dir=spot_summary&file=spot_summary_2025.csv
2025-04-06,jepx-spread-range-kansai,kansai,12.450000000000001,https://www.jepx.jp/_download.php?dir=spot_summary&file=spot_summary_2025.csv
2025-04-07,jepx-spread-range-kansai,kansai,15.01,https://www.jepx.jp/_download.php?dir=spot_summary&file=spot_summary_2025.csv
2025-04-08,jepx-spread-range-kansai,kansai,12.62,https://www.jepx.jp/_download.php?dir=spot_summary&file=spot_summary_2025.csv
2025-04-09,jepx-spread-range-kansai,kansai,13.64,https://www.jepx.jp/_download.php?dir=spot_summary&file=spot_summary_2025.csv
2025-04-10,jepx-spread-range-kansai,kansai,6.789999999999999,https://www.jepx.jp/_download.php?dir=spot_summary&file=spot_summary_2025.csv
2025-04-11,jepx-spread-range-kansai,kansai,11.93,https://www.jepx.jp/_download.php?dir=spot_summary&file=spot_summary_2025.csv
2025-04-12,jepx-spread-range-kansai,kansai,12.86,https://www.jepx.jp/_download.php?dir=spot_summary&file=spot_summary_2025.csv
2025-04-13,jepx-spread-range-kansai,kansai,8.49,https://www.jepx.jp/_download.php?dir=spot_summary&file=spot_summary_2025.csv
2025-04-14,jepx-spread-range-kansai,kansai,12.18,https://www.jepx.jp/_download.php?dir=spot_summary&file=spot_summary_2025.csv
2025-04-15,jepx-spread-range-kansai,kansai,10.679999999999998,https://www.jepx.jp/_download.php?dir=spot_summary&file=spot_summary_2025.csv
2025-04-16,jepx-spread-range-kansai,kansai,13.4,https://www.jepx.jp/_download.php?dir=spot_summary&file=spot_summary_2025.csv
2025-04-17,jepx-spread-range-kansai,kansai,12.4,https://www.jepx.jp/_download.php?dir=spot_summary&file=spot_summary_2025.csv
2025-04-18,jepx-spread-range-kansai,kansai,9.559999999999999,https://www.jepx.jp/_download.php?dir=spot_summary&file=spot_summary_2025.csv
2025-04-19,jepx-spread-range-kansai,kansai,10.56,https://www.jepx.jp/_download.php?dir=spot_summary&file=spot_summary_2025.csv
2025-04-20,jepx-spread-range-kansai,kansai,5.870000000000001,https://www.jepx.jp/_download.php?dir=spot_summary&file=spot_summary_2025.csv
2025-04-21,jepx-spread-range-kansai,kansai,13.5,https://www.jepx.jp/_download.php?dir=spot_summary&file=spot_summary_2025.csv
2025-04-22,jepx-spread-range-kansai,kansai,8.32,https://www.jepx.jp/_download.php?dir=spot_summary&file=spot_summary_2025.csv
2025-04-23,jepx-spread-range-kansai,kansai,12.580000000000002,https://www.jepx.jp/_download.php?dir=spot_summary&file=spot_summary_2025.csv
2025-04-24,jepx-spread-range-kansai,kansai,12.99,https://www.jepx.jp/_download.php?dir=spot_summary&file=spot_summary_2025.csv
2025-04-25,jepx-spread-range-kansai,kansai,12.32,https://www.jepx.jp/_download.php?dir=spot_summary&file=spot_summary_2025.csv
2025-04-26,jepx-spread-range-kansai,kansai,11.99,https://www.jepx.jp/_download.php?dir=spot_summary&file=spot_summary_2025.csv
2025-04-27,jepx-spread-range-kansai,kansai,13.99,https://www.jepx.jp/_download.php?dir=spot_summary&file=spot_summary_2025.csv
2025-04-28,jepx-spread-range-kansai,kansai,4.789999999999999,https://www.jepx.jp/_download.php?dir=spot_summary&file=spot_summary_2025.csv
2025-04-29,jepx-spread-range-kansai,kansai,14.99,https://www.jepx.jp/_download.php?dir=spot_summary&file=spot_summary_2025.csv
2025-04-30,jepx-spread-range-kansai,kansai,15.040000000000001,https://www.jepx.jp/_download.php?dir=spot_summary&file=spot_summary_2025.csv
2025-05-01,jepx-spread-range-kansai,kansai,15.41,https://www.jepx.jp/_download.php?dir=spot_summary&file=spot_summary_2025.csv
2025-05-02,jepx-spread-range-kansai,kansai,14.54,https://www.jepx.jp/_download.php?dir=spot_summary&file=spot_summary_2025.csv
2025-05-03,jepx-spread-range-kansai,kansai,14.09,https://www.jepx.jp/_download.php?dir=spot_summary&file=spot_summary_2025.csv
2025-05-04,jepx-spread-range-kansai,kansai,14.27,https://www.jepx.jp/_download.php?dir=spot_summary&file=spot_summary_2025.csv
2025-05-05,jepx-spread-range-kansai,kansai,12.21,https://www.jepx.jp/_download.php?dir=spot_summary&file=spot_summary_2025.csv
2025-05-06,jepx-spread-range-kansai,kansai,9.3,https://www.jepx.jp/_download.php?dir=spot_summary&file=spot_summary_2025.csv
2025-05-07,jepx-spread-range-kansai,kansai,13.03,https://www.jepx.jp/_download.php?dir=spot_summary&file=spot_summary_2025.csv
2025-05-08,jepx-spread-range-kansai,kansai,14.39,https://www.jepx.jp/_download.php?dir=spot_summary&file=spot_summary_2025.csv
2025-05-09,jepx-spread-range-kansai,kansai,7.58,https://www.jepx.jp/_download.php?dir=spot_summary&file=spot_summary_2025.csv
2025-05-10,jepx-spread-range-kansai,kansai,10.540000000000001,https://www.jepx.jp/_download.php?dir=spot_summary&file=spot_summary_2025.csv
2025-05-11,jepx-spread-range-kansai,kansai,8.08,https://www.jepx.jp/_download.php?dir=spot_summary&file=spot_summary_2025.csv
2025-05-12,jepx-spread-range-kansai,kansai,10.98,https://www.jepx.jp/_download.php?dir=spot_summary&file=spot_summary_2025.csv
2025-05-13,jepx-spread-range-kansai,kansai,14.27,https://www.jepx.jp/_download.php?dir=spot_summary&file=spot_summary_2025.csv
2025-05-14,jepx-spread-range-kansai,kansai,10.92,https://www.jepx.jp/_download.php?dir=spot_summary&file=spot_summary_2025.csv
2025-05-15,jepx-spread-range-kansai,kansai,9.26,https://www.jepx.jp/_download.php?dir=spot_summary&file=spot_summary_2025.csv
2025-05-16,jepx-spread-range-kansai,kansai,9.27,https://www.jepx.jp/_download.php?dir=spot_summary&file=spot_summary_2025.csv
2025-05-17,jepx-spread-range-kansai,kansai,6.040000000000001,https://www.jepx.jp/_download.php?dir=spot_summary&file=spot_summary_2025.csv
2025-05-18,jepx-spread-range-kansai,kansai,10.0,https://www.jepx.jp/_download.php?dir=spot_summary&file=spot_summary_2025.csv
2025-05-19,jepx-spread-range-kansai,kansai,12.08,https://www.jepx.jp/_download.php?dir=spot_summary&file=spot_summary_2025.csv
2025-05-20,jepx-spread-range-kansai,kansai,16.72,https://www.jepx.jp/_download.php?dir=spot_summary&file=spot_summary_2025.csv
2025-05-21,jepx-spread-range-kansai,kansai,11.190000000000001,https://www.jepx.jp/_download.php?dir=spot_summary&file=spot_summary_2025.csv
2025-05-22,jepx-spread-range-kansai,kansai,9.830000000000002,https://www.jepx.jp/_download.php?dir=spot_summary&file=spot_summary_2025.csv
2025-05-23,jepx-spread-range-kansai,kansai,8.81,https://www.jepx.jp/_download.php?dir=spot_summary&file=spot_summary_2025.csv
2025-05-24,jepx-spread-range-kansai,kansai,9.39,https://www.jepx.jp/_download.php?dir=spot_summary&file=spot_summary_2025.csv
2025-05-25,jepx-spread-range-kansai,kansai,7.57,https://www.jepx.jp/_download.php?dir=spot_summary&file=spot_summary_2025.csv
2025-05-26,jepx-spread-range-kansai,kansai,12.31,https://www.jepx.jp/_download.php?dir=spot_summary&file=spot_summary_2025.csv
2025-05-27,jepx-spread-range-kansai,kansai,11.36,https://www.jepx.jp/_download.php?dir=spot_summary&file=spot_summary_2025.csv
2025-05-28,jepx-spread-range-kansai,kansai,10.67,https://www.jepx.jp/_download.php?dir=spot_summary&file=spot_summary_2025.csv
2025-05-29,jepx-spread-range-kansai,kansai,6.93,https://www.jepx.jp/_download.php?dir=spot_summary&file=spot_summary_2025.csv
2025-05-30,jepx-spread-range-kansai,kansai,6.08,https://www.jepx.jp/_download.php?dir=spot_summary&file=spot_summary_2025.csv
2025-05-31,jepx-spread-range-kansai,kansai,8.73,https://www.jepx.jp/_download.php?dir=spot_summary&file=spot_summary_2025.csv
2025-06-01,jepx-spread-range-kansai,kansai,11.370000000000001,https://www.jepx.jp/_download.php?dir=spot_summary&file=spot_summary_2025.csv
2025-06-02,jepx-spread-range-kansai,kansai,6.57,https://www.jepx.jp/_download.php?dir=spot_summary&file=spot_summary_2025.csv
2025-06-03,jepx-spread-range-kansai,kansai,15.879999999999999,https://www.jepx.jp/_download.php?dir=spot_summary&file=spot_summary_2025.csv
2025-06-04,jepx-spread-range-kansai,kansai,11.01,https://www.jepx.jp/_download.php?dir=spot_summary&file=spot_summary_2025.csv
2025-06-05,jepx-spread-range-kansai,kansai,11.99,https://www.jepx.jp/_download.php?dir=spot_summary&file=spot_summary_2025.csv
2025-06-06,jepx-spread-range-kansai,kansai,10.52,https://www.jepx.jp/_download.php?dir=spot_summary&file=spot_summary_2025.csv
2025-06-07,jepx-spread-range-kansai,kansai,11.55,https://www.jepx.jp/_download.php?dir=spot_summary&file=spot_summary_2025.csv
2025-06-08,jepx-spread-range-kansai,kansai,4.720000000000001,https://www.jepx.jp/_download.php?dir=spot_summary&file=spot_summary_2025.csv
2025-06-09,jepx-spread-range-kansai,kansai,7.48,https://www.jepx.jp/_download.php?dir=spot_summary&file=spot_summary_2025.csv
2025-06-10,jepx-spread-range-kansai,kansai,10.069999999999999,https://www.jepx.jp/_download.php?dir=spot_summary&file=spot_summary_2025.csv
2025-06-11,jepx-spread-range-kansai,kansai,8.91,https://www.jepx.jp/_download.php?dir=spot_summary&file=spot_summary_2025.csv
2025-06-12,jepx-spread-range-kansai,kansai,6.300000000000001,https://www.jepx.jp/_download.php?dir=spot_summary&file=spot_summary_2025.csv
2025-06-13,jepx-spread-range-kansai,kansai,6.380000000000001,https://www.jepx.jp/_download.php?dir=spot_summary&file=spot_summary_2025.csv
2025-06-14,jepx-spread-range-kansai,kansai,3.3100000000000005,https://www.jepx.jp/_download.php?dir=spot_summary&file=spot_summary_2025.csv
2025-06-15,jepx-spread-range-kansai,kansai,11.99,https://www.jepx.jp/_download.php?dir=spot_summary&file=spot_summary_2025.csv
2025-06-16,jepx-spread-range-kansai,kansai,20.57,https://www.jepx.jp/_download.php?dir=spot_summary&file=spot_summary_2025.csv
2025-06-17,jepx-spread-range-kansai,kansai,22.88,https://www.jepx.jp/_download.php?dir=spot_summary&file=spot_summary_2025.csv
2025-06-18,jepx-spread-range-kansai,kansai,23.52,https://www.jepx.jp/_download.php?dir=spot_summary&file=spot_summary_2025.csv
2025-06-19,jepx-spread-range-kansai,kansai,24.56,https://www.jepx.jp/_download.php?dir=spot_summary&file=spot_summary_2025.csv
2025-06-20,jepx-spread-range-kansai,kansai,23.919999999999998,https://www.jepx.jp/_download.php?dir=spot_summary&file=spot_summary_2025.csv
2025-06-21,jepx-spread-range-kansai,kansai,13.39,https://www.jepx.jp/_download.php?dir=spot_summary&file=spot_summary_2025.csv
2025-06-22,jepx-spread-range-kansai,kansai,11.12,https://www.jepx.jp/_download.php?dir=spot_summary&file=spot_summary_2025.csv
2025-06-23,jepx-spread-range-kansai,kansai,27.04,https://www.jepx.jp/_download.php?dir=spot_summary&file=spot_summary_2025.csv
2025-06-24,jepx-spread-range-kansai,kansai,26.130000000000003,https://www.jepx.jp/_download.php?dir=spot_summary&file=spot_summary_2025.csv
2025-06-25,jepx-spread-range-kansai,kansai,20.869999999999997,https://www.jepx.jp/_download.php?dir=spot_summary&file=spot_summary_2025.csv
2025-06-26,jepx-spread-range-kansai,kansai,11.939999999999998,https://www.jepx.jp/_download.php?dir=spot_summary&file=spot_summary_2025.csv
2025-06-27,jepx-spread-range-kansai,kansai,12.45,https://www.jepx.jp/_download.php?dir=spot_summary&file=spot_summary_2025.csv
2025-06-28,jepx-spread-range-kansai,kansai,15.99,https://www.jepx.jp/_download.php?dir=spot_summary&file=spot_summary_2025.csv
2025-06-29,jepx-spread-range-kansai,kansai,16.18,https://www.jepx.jp/_download.php?dir=spot_summary&file=spot_summary_2025.csv
2025-06-30,jepx-spread-range-kansai,kansai,15.329999999999998,https://www.jepx.jp/_download.php?dir=spot_summary&file=spot_summary_2025.csv
2025-07-01,jepx-spread-range-kansai,kansai,13.809999999999999,https://www.jepx.jp/_download.php?dir=spot_summary&file=spot_summary_2025.csv
2025-07-02,jepx-spread-range-kansai,kansai,21.18,https://www.jepx.jp/_download.php?dir=spot_summary&file=spot_summary_2025.csv
2025-07-03,jepx-spread-range-kansai,kansai,16.09,https://www.jepx.jp/_download.php?dir=spot_summary&file=spot_summary_2025.csv
2025-07-04,jepx-spread-range-kansai,kansai,20.56,https://www.jepx.jp/_download.php?dir=spot_summary&file=spot_summary_2025.csv
2025-07-05,jepx-spread-range-kansai,kansai,12.43,https://www.jepx.jp/_download.php?dir=spot_summary&file=spot_summary_2025.csv
2025-07-06,jepx-spread-range-kansai,kansai,12.52,https://www.jepx.jp/_download.php?dir=spot_summary&file=spot_summary_2025.csv
2025-07-07,jepx-spread-range-kansai,kansai,27.46,https://www.jepx.jp/_download.php?dir=spot_summary&file=spot_summary_2025.csv
2025-07-08,jepx-spread-range-kansai,kansai,23.810000000000002,https://www.jepx.jp/_download.php?dir=spot_summary&file=spot_summary_2025.csv
2025-07-09,jepx-spread-range-kansai,kansai,25.73,https://www.jepx.jp/_download.php?dir=spot_summary&file=spot_summary_2025.csv
2025-07-10,jepx-spread-range-kansai,kansai,14.019999999999998,https://www.jepx.jp/_download.php?dir=spot_summary&file=spot_summary_2025.csv
2025-07-11,jepx-spread-range-kansai,kansai,7.529999999999999,https://www.jepx.jp/_download.php?dir=spot_summary&file=spot_summary_2025.csv
2025-07-12,jepx-spread-range-kansai,kansai,8.11,https://www.jepx.jp/_download.php?dir=spot_summary&file=spot_summary_2025.csv
2025-07-13,jepx-spread-range-kansai,kansai,9.33,https://www.jepx.jp/_download.php?dir=spot_summary&file=spot_summary_2025.csv
2025-07-14,jepx-spread-range-kansai,kansai,10.259999999999998,https://www.jepx.jp/_download.php?dir=spot_summary&file=spot_summary_2025.csv
2025-07-15,jepx-spread-range-kansai,kansai,22.27,https://www.jepx.jp/_download.php?dir=spot_summary&file=spot_summary_2025.csv
2025-07-16,jepx-spread-range-kansai,kansai,8.469999999999999,https://www.jepx.jp/_download.php?dir=spot_summary&file=spot_summary_2025.csv
2025-07-17,jepx-spread-range-kansai,kansai,9.4,https://www.jepx.jp/_download.php?dir=spot_summary&file=spot_summary_2025.csv
2025-07-18,jepx-spread-range-kansai,kansai,8.520000000000001,https://www.jepx.jp/_download.php?dir=spot_summary&file=spot_summary_2025.csv
2025-07-19,jepx-spread-range-kansai,kansai,6.09,https://www.jepx.jp/_download.php?dir=spot_summary&file=spot_summary_2025.csv
2025-07-20,jepx-spread-range-kansai,kansai,7.929999999999999,https://www.jepx.jp/_download.php?dir=spot_summary&file=spot_summary_2025.csv
2025-07-21,jepx-spread-range-kansai,kansai,13.829999999999998,https://www.jepx.jp/_download.php?dir=spot_summary&file=spot_summary_2025.csv
2025-07-22,jepx-spread-range-kansai,kansai,12.25,https://www.jepx.jp/_download.php?dir=spot_summary&file=spot_summary_2025.csv
2025-07-23,jepx-spread-range-kansai,kansai,10.45,https://www.jepx.jp/_download.php?dir=spot_summary&file=spot_summary_2025.csv
2025-07-24,jepx-spread-range-kansai,kansai,12.41,https://www.jepx.jp/_download.php?dir=spot_summary&file=spot_summary_2025.csv
2025-07-25,jepx-spread-range-kansai,kansai,10.64,https://www.jepx.jp/_download.php?dir=spot_summary&file=spot_summary_2025.csv
2025-07-26,jepx-spread-range-kansai,kansai,10.36,https://www.jepx.jp/_download.php?dir=spot_summary&file=spot_summary_2025.csv
2025-07-27,jepx-spread-range-kansai,kansai,9.96,https://www.jepx.jp/_download.php?dir=spot_summary&file=spot_summary_2025.csv
2025-07-28,jepx-spread-range-kansai,kansai,23.36,https://www.jepx.jp/_download.php?dir=spot_summary&file=spot_summary_2025.csv
2025-07-29,jepx-spread-range-kansai,kansai,28.199999999999996,https://www.jepx.jp/_download.php?dir=spot_summary&file=spot_summary_2025.csv
2025-07-30,jepx-spread-range-kansai,kansai,28.61,https://www.jepx.jp/_download.php?dir=spot_summary&file=spot_summary_2025.csv
2025-07-31,jepx-spread-range-kansai,kansai,12.680000000000001,https://www.jepx.jp/_download.php?dir=spot_summary&file=spot_summary_2025.csv
2025-08-01,jepx-spread-range-kansai,kansai,32.599999999999994,https://www.jepx.jp/_download.php?dir=spot_summary&file=spot_summary_2025.csv
2025-08-02,jepx-spread-range-kansai,kansai,12.599999999999998,https://www.jepx.jp/_download.php?dir=spot_summary&file=spot_summary_2025.csv
2025-08-03,jepx-spread-range-kansai,kansai,13.370000000000001,https://www.jepx.jp/_download.php?dir=spot_summary&file=spot_summary_2025.csv
2025-08-04,jepx-spread-range-kansai,kansai,17.25,https://www.jepx.jp/_download.php?dir=spot_summary&file=spot_summary_2025.csv
2025-08-05,jepx-spread-range-kansai,kansai,30.029999999999998,https://www.jepx.jp/_download.php?dir=spot_summary&file=spot_summary_2025.csv
2025-08-06,jepx-spread-range-kansai,kansai,26.009999999999998,https://www.jepx.jp/_download.php?dir=spot_summary&file=spot_summary_2025.csv
2025-08-07,jepx-spread-range-kansai,kansai,11.7,https://www.jepx.jp/_download.php?dir=spot_summary&file=spot_summary_2025.csv
2025-08-08,jepx-spread-range-kansai,kansai,9.27,https://www.jepx.jp/_download.php?dir=spot_summary&file=spot_summary_2025.csv
2025-08-09,jepx-spread-range-kansai,kansai,6.74,https://www.jepx.jp/_download.php?dir=spot_summary&file=spot_summary_2025.csv
2025-08-10,jepx-spread-range-kansai,kansai,4.450000000000001,https://www.jepx.jp/_download.php?dir=spot_summary&file=spot_summary_2025.csv
2025-08-11,jepx-spread-range-kansai,kansai,3.5200000000000005,https://www.jepx.jp/_download.php?dir=spot_summary&file=spot_summary_2025.csv
2025-08-12,jepx-spread-range-kansai,kansai,5.78,https://www.jepx.jp/_download.php?dir=spot_summary&file=spot_summary_2025.csv
2025-08-13,jepx-spread-range-kansai,kansai,9.700000000000001,https://www.jepx.jp/_download.php?dir=spot_summary&file=spot_summary_2025.csv
2025-08-14,jepx-spread-range-kansai,kansai,8.450000000000001,https://www.jepx.jp/_download.php?dir=spot_summary&file=spot_summary_2025.csv
2025-08-15,jepx-spread-range-kansai,kansai,6.24,https://www.jepx.jp/_download.php?dir=spot_summary&file=spot_summary_2025.csv
2025-08-16,jepx-spread-range-kansai,kansai,7.130000000000001,https://www.jepx.jp/_download.php?dir=spot_summary&file=spot_summary_2025.csv
2025-08-17,jepx-spread-range-kansai,kansai,8.14,https://www.jepx.jp/_download.php?dir=spot_summary&file=spot_summary_2025.csv
2025-08-18,jepx-spread-range-kansai,kansai,12.98,https://www.jepx.jp/_download.php?dir=spot_summary&file=spot_summary_2025.csv
2025-08-19,jepx-spread-range-kansai,kansai,12.229999999999999,https://www.jepx.jp/_download.php?dir=spot_summary&file=spot_summary_2025.csv
2025-08-20,jepx-spread-range-kansai,kansai,10.520000000000001,https://www.jepx.jp/_download.php?dir=spot_summary&file=spot_summary_2025.csv
2025-08-21,jepx-spread-range-kansai,kansai,11.559999999999999,https://www.jepx.jp/_download.php?dir=spot_summary&file=spot_summary_2025.csv
2025-08-22,jepx-spread-range-kansai,kansai,12.64,https://www.jepx.jp/_download.php?dir=spot_summary&file=spot_summary_2025.csv
2025-08-23,jepx-spread-range-kansai,kansai,7.28,https://www.jepx.jp/_download.php?dir=spot_summary&file=spot_summary_2025.csv
2025-08-24,jepx-spread-range-kansai,kansai,7.179999999999999,https://www.jepx.jp/_download.php?dir=spot_summary&file=spot_summary_2025.csv
2025-08-25,jepx-spread-range-kansai,kansai,12.629999999999999,https://www.jepx.jp/_download.php?dir=spot_summary&file=spot_summary_2025.csv
2025-08-26,jepx-spread-range-kansai,kansai,11.02,https://www.jepx.jp/_download.php?dir=spot_summary&file=spot_summary_2025.csv
2025-08-27,jepx-spread-range-kansai,kansai,12.11,https://www.jepx.jp/_download.php?dir=spot_summary&file=spot_summary_2025.csv
2025-08-28,jepx-spread-range-kansai,kansai,11.16,https://www.jepx.jp/_download.php?dir=spot_summary&file=spot_summary_2025.csv
2025-08-29,jepx-spread-range-kansai,kansai,11.169999999999998,https://www.jepx.jp/_download.php?dir=spot_summary&file=spot_summary_2025.csv
2025-08-30,jepx-spread-range-kansai,kansai,7.9799999999999995,https://www.jepx.jp/_download.php?dir=spot_summary&file=spot_summary_2025.csv
2025-08-31,jepx-spread-range-kansai,kansai,9.16,https://www.jepx.jp/_download.php?dir=spot_summary&file=spot_summary_2025.csv
2025-09-01,jepx-spread-range-kansai,kansai,17.28,https://www.jepx.jp/_download.php?dir=spot_summary&file=spot_summary_2025.csv
2025-09-02,jepx-spread-range-kansai,kansai,11.860000000000001,https://www.jepx.jp/_download.php?dir=spot_summary&file=spot_summary_2025.csv
2025-09-03,jepx-spread-range-kansai,kansai,25.47,https://www.jepx.jp/_download.php?dir=spot_summary&file=spot_summary_2025.csv
2025-09-04,jepx-spread-range-kansai,kansai,11.669999999999998,https://www.jepx.jp/_download.php?dir=spot_summary&file=spot_summary_2025.csv
2025-09-05,jepx-spread-range-kansai,kansai,11.559999999999999,https://www.jepx.jp/_download.php?dir=spot_summary&file=spot_summary_2025.csv
2025-09-06,jepx-spread-range-kansai,kansai,10.1,https://www.jepx.jp/_download.php?dir=spot_summary&file=spot_summary_2025.csv
2025-09-07,jepx-spread-range-kansai,kansai,9.75,https://www.jepx.jp/_download.php?dir=spot_summary&file=spot_summary_2025.csv
2025-09-08,jepx-spread-range-kansai,kansai,27.22,https://www.jepx.jp/_download.php?dir=spot_summary&file=spot_summary_2025.csv
2025-09-09,jepx-spread-range-kansai,kansai,11.57,https://www.jepx.jp/_download.php?dir=spot_summary&file=spot_summary_2025.csv
2025-09-10,jepx-spread-range-kansai,kansai,16.77,https://www.jepx.jp/_download.php?dir=spot_summary&file=spot_summary_2025.csv
2025-09-11,jepx-spread-range-kansai,kansai,10.729999999999999,https://www.jepx.jp/_download.php?dir=spot_summary&file=spot_summary_2025.csv
2025-09-12,jepx-spread-range-kansai,kansai,6.390000000000001,https://www.jepx.jp/_download.php?dir=spot_summary&file=spot_summary_2025.csv
2025-09-13,jepx-spread-range-kansai,kansai,5.739999999999999,https://www.jepx.jp/_download.php?dir=spot_summary&file=spot_summary_2025.csv
2025-09-14,jepx-spread-range-kansai,kansai,9.799999999999997,https://www.jepx.jp/_download.php?dir=spot_summary&file=spot_summary_2025.csv
2025-09-15,jepx-spread-range-kansai,kansai,11.760000000000002,https://www.jepx.jp/_download.php?dir=spot_summary&file=spot_summary_2025.csv
2025-09-16,jepx-spread-range-kansai,kansai,26.57,https://www.jepx.jp/_download.php?dir=spot_summary&file=spot_summary_2025.csv
2025-09-17,jepx-spread-range-kansai,kansai,16.47,https://www.jepx.jp/_download.php?dir=spot_summary&file=spot_summary_2025.csv
2025-09-18,jepx-spread-range-kansai,kansai,27.32,https://www.jepx.jp/_download.php?dir=spot_summary&file=spot_summary_2025.csv
2025-09-19,jepx-spread-range-kansai,kansai,7.64,https://www.jepx.jp/_download.php?dir=spot_summary&file=spot_summary_2025.csv
2025-09-20,jepx-spread-range-kansai,kansai,5.26,https://www.jepx.jp/_download.php?dir=spot_summary&file=spot_summary_2025.csv
2025-09-21,jepx-spread-range-kansai,kansai,11.010000000000002,https://www.jepx.jp/_download.php?dir=spot_summary&file=spot_summary_2025.csv
2025-09-22,jepx-spread-range-kansai,kansai,6.990000000000001,https://www.jepx.jp/_download.php?dir=spot_summary&file=spot_summary_2025.csv
2025-09-23,jepx-spread-range-kansai,kansai,2.4300000000000006,https://www.jepx.jp/_download.php?dir=spot_summary&file=spot_summary_2025.csv
2025-09-24,jepx-spread-range-kansai,kansai,8.41,https://www.jepx.jp/_download.php?dir=spot_summary&file=spot_summary_2025.csv
2025-09-25,jepx-spread-range-kansai,kansai,7.680000000000001,https://www.jepx.jp/_download.php?dir=spot_summary&file=spot_summary_2025.csv
2025-09-26,jepx-spread-range-kansai,kansai,11.48,https://www.jepx.jp/_download.php?dir=spot_summary&file=spot_summary_2025.csv
2025-09-27,jepx-spread-range-kansai,kansai,4.929999999999999,https://www.jepx.jp/_download.php?dir=spot_summary&file=spot_summary_2025.csv
2025-09-28,jepx-spread-range-kansai,kansai,5.289999999999999,https://www.jepx.jp/_download.php?dir=spot_summary&file=spot_summary_2025.csv
2025-09-29,jepx-spread-range-kansai,kansai,6.3,https://www.jepx.jp/_download.php?dir=spot_summary&file=spot_summary_2025.csv
2025-09-30,jepx-spread-range-kansai,kansai,8.89,https://www.jepx.jp/_download.php?dir=spot_summary&file=spot_summary_2025.csv
2025-10-01,jepx-spread-range-kansai,kansai,13.09,https://www.jepx.jp/_download.php?dir=spot_summary&file=spot_summary_2025.csv
2025-10-02,jepx-spread-range-kansai,kansai,8.48,https://www.jepx.jp/_download.php?dir=spot_summary&file=spot_summary_2025.csv
2025-10-03,jepx-spread-range-kansai,kansai,9.34,https://www.jepx.jp/_download.php?dir=spot_summary&file=spot_summary_2025.csv
2025-10-04,jepx-spread-range-kansai,kansai,4.209999999999999,https://www.jepx.jp/_download.php?dir=spot_summary&file=spot_summary_2025.csv
2025-10-05,jepx-spread-range-kansai,kansai,7.26,https://www.jepx.jp/_download.php?dir=spot_summary&file=spot_summary_2025.csv
2025-10-06,jepx-spread-range-kansai,kansai,10.750000000000002,https://www.jepx.jp/_download.php?dir=spot_summary&file=spot_summary_2025.csv
2025-10-07,jepx-spread-range-kansai,kansai,8.81,https://www.jepx.jp/_download.php?dir=spot_summary&file=spot_summary_2025.csv
2025-10-08,jepx-spread-range-kansai,kansai,9.57,https://www.jepx.jp/_download.php?dir=spot_summary&file=spot_summary_2025.csv
2025-10-09,jepx-spread-range-kansai,kansai,10.35,https://www.jepx.jp/_download.php?dir=spot_summary&file=spot_summary_2025.csv
2025-10-10,jepx-spread-range-kansai,kansai,9.86,https://www.jepx.jp/_download.php?dir=spot_summary&file=spot_summary_2025.csv
2025-10-11,jepx-spread-range-kansai,kansai,5.27,https://www.jepx.jp/_download.php?dir=spot_summary&file=spot_summary_2025.csv
2025-10-12,jepx-spread-range-kansai,kansai,5.16,https://www.jepx.jp/_download.php?dir=spot_summary&file=spot_summary_2025.csv
2025-10-13,jepx-spread-range-kansai,kansai,10.6,https://www.jepx.jp/_download.php?dir=spot_summary&file=spot_summary_2025.csv
2025-10-14,jepx-spread-range-kansai,kansai,9.98,https://www.jepx.jp/_download.php?dir=spot_summary&file=spot_summary_2025.csv
2025-10-15,jepx-spread-range-kansai,kansai,18.46,https://www.jepx.jp/_download.php?dir=spot_summary&file=spot_summary_2025.csv
2025-10-16,jepx-spread-range-kansai,kansai,35.39,https://www.jepx.jp/_download.php?dir=spot_summary&file=spot_summary_2025.csv
2025-10-17,jepx-spread-range-kansai,kansai,11.73,https://www.jepx.jp/_download.php?dir=spot_summary&file=spot_summary_2025.csv
2025-10-18,jepx-spread-range-kansai,kansai,6.49,https://www.jepx.jp/_download.php?dir=spot_summary&file=spot_summary_2025.csv
2025-10-19,jepx-spread-range-kansai,kansai,6.2700000000000005,https://www.jepx.jp/_download.php?dir=spot_summary&file=spot_summary_2025.csv
2025-10-20,jepx-spread-range-kansai,kansai,10.030000000000001,https://www.jepx.jp/_download.php?dir=spot_summary&file=spot_summary_2025.csv
2025-10-21,jepx-spread-range-kansai,kansai,9.07,https://www.jepx.jp/_download.php?dir=spot_summary&file=spot_summary_2025.csv
2025-10-22,jepx-spread-range-kansai,kansai,10.08,https://www.jepx.jp/_download.php?dir=spot_summary&file=spot_summary_2025.csv
2025-10-23,jepx-spread-range-kansai,kansai,6.5600000000000005,https://www.jepx.jp/_download.php?dir=spot_summary&file=spot_summary_2025.csv
2025-10-24,jepx-spread-range-kansai,kansai,11.57,https://www.jepx.jp/_download.php?dir=spot_summary&file=spot_summary_2025.csv
2025-10-25,jepx-spread-range-kansai,kansai,5.49,https://www.jepx.jp/_download.php?dir=spot_summary&file=spot_summary_2025.csv
2025-10-26,jepx-spread-range-kansai,kansai,5.930000000000001,https://www.jepx.jp/_download.php?dir=spot_summary&file=spot_summary_2025.csv
2025-10-27,jepx-spread-range-kansai,kansai,7.48,https://www.jepx.jp/_download.php?dir=spot_summary&file=spot_summary_2025.csv
2025-10-28,jepx-spread-range-kansai,kansai,16.61,https://www.jepx.jp/_download.php?dir=spot_summary&file=spot_summary_2025.csv
2025-10-29,jepx-spread-range-kansai,kansai,10.27,https://www.jepx.jp/_download.php?dir=spot_summary&file=spot_summary_2025.csv
2025-10-30,jepx-spread-range-kansai,kansai,15.91,https://www.jepx.jp/_download.php?dir=spot_summary&file=spot_summary_2025.csv
2025-10-31,jepx-spread-range-kansai,kansai,9.969999999999999,https://www.jepx.jp/_download.php?dir=spot_summary&file=spot_summary_2025.csv
2025-11-01,jepx-spread-range-kansai,kansai,8.21,https://www.jepx.jp/_download.php?dir=spot_summary&file=spot_summary_2025.csv
2025-11-02,jepx-spread-range-kansai,kansai,10.870000000000001,https://www.jepx.jp/_download.php?dir=spot_summary&file=spot_summary_2025.csv
2025-11-03,jepx-spread-range-kansai,kansai,10.49,https://www.jepx.jp/_download.php?dir=spot_summary&file=spot_summary_2025.csv
2025-11-04,jepx-spread-range-kansai,kansai,8.49,https://www.jepx.jp/_download.php?dir=spot_summary&file=spot_summary_2025.csv
2025-11-05,jepx-spread-range-kansai,kansai,9.549999999999999,https://www.jepx.jp/_download.php?dir=spot_summary&file=spot_summary_2025.csv
2025-11-06,jepx-spread-range-kansai,kansai,7.11,https://www.jepx.jp/_download.php?dir=spot_summary&file=spot_summary_2025.csv
2025-11-07,jepx-spread-range-kansai,kansai,10.5,https://www.jepx.jp/_download.php?dir=spot_summary&file=spot_summary_2025.csv
2025-11-08,jepx-spread-range-kansai,kansai,14.39,https://www.jepx.jp/_download.php?dir=spot_summary&file=spot_summary_2025.csv
2025-11-09,jepx-spread-range-kansai,kansai,5.880000000000001,https://www.jepx.jp/_download.php?dir=spot_summary&file=spot_summary_2025.csv
2025-11-10,jepx-spread-range-kansai,kansai,8.47,https://www.jepx.jp/_download.php?dir=spot_summary&file=spot_summary_2025.csv
2025-11-11,jepx-spread-range-kansai,kansai,16.77,https://www.jepx.jp/_download.php?dir=spot_summary&file=spot_summary_2025.csv
2025-11-12,jepx-spread-range-kansai,kansai,11.23,https://www.jepx.jp/_download.php?dir=spot_summary&file=spot_summary_2025.csv
2025-11-13,jepx-spread-range-kansai,kansai,9.95,https://www.jepx.jp/_download.php?dir=spot_summary&file=spot_summary_2025.csv
2025-11-14,jepx-spread-range-kansai,kansai,12.51,https://www.jepx.jp/_download.php?dir=spot_summary&file=spot_summary_2025.csv
2025-11-15,jepx-spread-range-kansai,kansai,14.4,https://www.jepx.jp/_download.php?dir=spot_summary&file=spot_summary_2025.csv
2025-11-16,jepx-spread-range-kansai,kansai,12.69,https://www.jepx.jp/_download.php?dir=spot_summary&file=spot_summary_2025.csv
2025-11-17,jepx-spread-range-kansai,kansai,8.86,https://www.jepx.jp/_download.php?dir=spot_summary&file=spot_summary_2025.csv
2025-11-18,jepx-spread-range-kansai,kansai,9.93,https://www.jepx.jp/_download.php?dir=spot_summary&file=spot_summary_2025.csv
2025-11-19,jepx-spread-range-kansai,kansai,10.0,https://www.jepx.jp/_download.php?dir=spot_summary&file=spot_summary_2025.csv
2025-11-20,jepx-spread-range-kansai,kansai,11.560000000000002,https://www.jepx.jp/_download.php?dir=spot_summary&file=spot_summary_2025.csv
2025-11-21,jepx-spread-range-kansai,kansai,13.28,https://www.jepx.jp/_download.php?dir=spot_summary&file=spot_summary_2025.csv
2025-11-22,jepx-spread-range-kansai,kansai,12.69,https://www.jepx.jp/_download.php?dir=spot_summary&file=spot_summary_2025.csv
2025-11-23,jepx-spread-range-kansai,kansai,12.71,https://www.jepx.jp/_download.php?dir=spot_summary&file=spot_summary_2025.csv
2025-11-24,jepx-spread-range-kansai,kansai,11.7,https://www.jepx.jp/_download.php?dir=spot_summary&file=spot_summary_2025.csv
2025-11-25,jepx-spread-range-kansai,kansai,6.44,https://www.jepx.jp/_download.php?dir=spot_summary&file=spot_summary_2025.csv
2025-11-26,jepx-spread-range-kansai,kansai,9.14,https://www.jepx.jp/_download.php?dir=spot_summary&file=spot_summary_2025.csv
2025-11-27,jepx-spread-range-kansai,kansai,10.349999999999998,https://www.jepx.jp/_download.php?dir=spot_summary&file=spot_summary_2025.csv
2025-11-28,jepx-spread-range-kansai,kansai,10.0,https://www.jepx.jp/_download.php?dir=spot_summary&file=spot_summary_2025.csv
2025-11-29,jepx-spread-range-kansai,kansai,11.5,https://www.jepx.jp/_download.php?dir=spot_summary&file=spot_summary_2025.csv
2025-11-30,jepx-spread-range-kansai,kansai,10.49,https://www.jepx.jp/_download.php?dir=spot_summary&file=spot_summary_2025.csv
2025-12-01,jepx-spread-range-kansai,kansai,6.58,https://www.jepx.jp/_download.php?dir=spot_summary&file=spot_summary_2025.csv
2025-12-02,jepx-spread-range-kansai,kansai,5.419999999999999,https://www.jepx.jp/_download.php?dir=spot_summary&file=spot_summary_2025.csv
2025-12-03,jepx-spread-range-kansai,kansai,8.3,https://www.jepx.jp/_download.php?dir=spot_summary&file=spot_summary_2025.csv
2025-12-04,jepx-spread-range-kansai,kansai,9.379999999999999,https://www.jepx.jp/_download.php?dir=spot_summary&file=spot_summary_2025.csv
2025-12-05,jepx-spread-range-kansai,kansai,11.080000000000002,https://www.jepx.jp/_download.php?dir=spot_summary&file=spot_summary_2025.csv
2025-12-06,jepx-spread-range-kansai,kansai,14.11,https://www.jepx.jp/_download.php?dir=spot_summary&file=spot_summary_2025.csv
2025-12-07,jepx-spread-range-kansai,kansai,9.0,https://www.jepx.jp/_download.php?dir=spot_summary&file=spot_summary_2025.csv
2025-12-08,jepx-spread-range-kansai,kansai,6.949999999999999,https://www.jepx.jp/_download.php?dir=spot_summary&file=spot_summary_2025.csv
2025-12-09,jepx-spread-range-kansai,kansai,10.01,https://www.jepx.jp/_download.php?dir=spot_summary&file=spot_summary_2025.csv
2025-12-10,jepx-spread-range-kansai,kansai,10.07,https://www.jepx.jp/_download.php?dir=spot_summary&file=spot_summary_2025.csv
2025-12-11,jepx-spread-range-kansai,kansai,7.389999999999999,https://www.jepx.jp/_download.php?dir=spot_summary&file=spot_summary_2025.csv
2025-12-12,jepx-spread-range-kansai,kansai,8.43,https://www.jepx.jp/_download.php?dir=spot_summary&file=spot_summary_2025.csv
2025-12-13,jepx-spread-range-kansai,kansai,6.35,https://www.jepx.jp/_download.php?dir=spot_summary&file=spot_summary_2025.csv
2025-12-14,jepx-spread-range-kansai,kansai,5.83,https://www.jepx.jp/_download.php?dir=spot_summary&file=spot_summary_2025.csv
2025-12-15,jepx-spread-range-kansai,kansai,7.54,https://www.jepx.jp/_download.php?dir=spot_summary&file=spot_summary_2025.csv
2025-12-16,jepx-spread-range-kansai,kansai,7.409999999999999,https://www.jepx.jp/_download.php?dir=spot_summary&file=spot_summary_2025.csv
2025-12-17,jepx-spread-range-kansai,kansai,6.25,https://www.jepx.jp/_download.php?dir=spot_summary&file=spot_summary_2025.csv
2025-12-18,jepx-spread-range-kansai,kansai,7.800000000000001,https://www.jepx.jp/_download.php?dir=spot_summary&file=spot_summary_2025.csv
2025-12-19,jepx-spread-range-kansai,kansai,7.5,https://www.jepx.jp/_download.php?dir=spot_summary&file=spot_summary_2025.csv
2025-12-20,jepx-spread-range-kansai,kansai,2.3100000000000005,https://www.jepx.jp/_download.php?dir=spot_summary&file=spot_summary_2025.csv
2025-12-21,jepx-spread-range-kansai,kansai,2.67,https://www.jepx.jp/_download.php?dir=spot_summary&file=spot_summary_2025.csv
2025-12-22,jepx-spread-range-kansai,kansai,5.890000000000001,https://www.jepx.jp/_download.php?dir=spot_summary&file=spot_summary_2025.csv
2025-12-23,jepx-spread-range-kansai,kansai,6.5600000000000005,https://www.jepx.jp/_download.php?dir=spot_summary&file=spot_summary_2025.csv
2025-12-24,jepx-spread-range-kansai,kansai,5.12,https://www.jepx.jp/_download.php?dir=spot_summary&file=spot_summary_2025.csv
2025-12-25,jepx-spread-range-kansai,kansai,3.74,https://www.jepx.jp/_download.php?dir=spot_summary&file=spot_summary_2025.csv
2025-12-26,jepx-spread-range-kansai,kansai,3.7300000000000004,https://www.jepx.jp/_download.php?dir=spot_summary&file=spot_summary_2025.csv
2025-12-27,jepx-spread-range-kansai,kansai,5.66,https://www.jepx.jp/_download.php?dir=spot_summary&file=spot_summary_2025.csv
2025-12-28,jepx-spread-range-kansai,kansai,6.890000000000001,https://www.jepx.jp/_download.php?dir=spot_summary&file=spot_summary_2025.csv
2025-12-29,jepx-spread-range-kansai,kansai,6.359999999999999,https://www.jepx.jp/_download.php?dir=spot_summary&file=spot_summary_2025.csv
2025-12-30,jepx-spread-range-kansai,kansai,6.68,https://www.jepx.jp/_download.php?dir=spot_summary&file=spot_summary_2025.csv
2025-12-31,jepx-spread-range-kansai,kansai,9.61,https://www.jepx.jp/_download.php?dir=spot_summary&file=spot_summary_2025.csv
2026-01-01,jepx-spread-range-kansai,kansai,4.43,https://www.jepx.jp/_download.php?dir=spot_summary&file=spot_summary_2025.csv
2026-01-02,jepx-spread-range-kansai,kansai,6.36,https://www.jepx.jp/_download.php?dir=spot_summary&file=spot_summary_2025.csv
2026-01-03,jepx-spread-range-kansai,kansai,5.0,https://www.jepx.jp/_download.php?dir=spot_summary&file=spot_summary_2025.csv
2026-01-04,jepx-spread-range-kansai,kansai,5.2,https://www.jepx.jp/_download.php?dir=spot_summary&file=spot_summary_2025.csv
2026-01-05,jepx-spread-range-kansai,kansai,7.41,https://www.jepx.jp/_download.php?dir=spot_summary&file=spot_summary_2025.csv
2026-01-06,jepx-spread-range-kansai,kansai,7.0,https://www.jepx.jp/_download.php?dir=spot_summary&file=spot_summary_2025.csv
2026-01-07,jepx-spread-range-kansai,kansai,8.63,https://www.jepx.jp/_download.php?dir=spot_summary&file=spot_summary_2025.csv
2026-01-08,jepx-spread-range-kansai,kansai,8.979999999999999,https://www.jepx.jp/_download.php?dir=spot_summary&file=spot_summary_2025.csv
2026-01-09,jepx-spread-range-kansai,kansai,9.59,https://www.jepx.jp/_download.php?dir=spot_summary&file=spot_summary_2025.csv
2026-01-10,jepx-spread-range-kansai,kansai,5.0,https://www.jepx.jp/_download.php?dir=spot_summary&file=spot_summary_2025.csv
2026-01-11,jepx-spread-range-kansai,kansai,5.29,https://www.jepx.jp/_download.php?dir=spot_summary&file=spot_summary_2025.csv
2026-01-12,jepx-spread-range-kansai,kansai,6.8,https://www.jepx.jp/_download.php?dir=spot_summary&file=spot_summary_2025.csv
2026-01-13,jepx-spread-range-kansai,kansai,6.15,https://www.jepx.jp/_download.php?dir=spot_summary&file=spot_summary_2025.csv
2026-01-14,jepx-spread-range-kansai,kansai,7.01,https://www.jepx.jp/_download.php?dir=spot_summary&file=spot_summary_2025.csv
2026-01-15,jepx-spread-range-kansai,kansai,9.39,https://www.jepx.jp/_download.php?dir=spot_summary&file=spot_summary_2025.csv
2026-01-16,jepx-spread-range-kansai,kansai,11.73,https://www.jepx.jp/_download.php?dir=spot_summary&file=spot_summary_2025.csv
2026-01-17,jepx-spread-range-kansai,kansai,10.99,https://www.jepx.jp/_download.php?dir=spot_summary&file=spot_summary_2025.csv
2026-01-18,jepx-spread-range-kansai,kansai,11.49,https://www.jepx.jp/_download.php?dir=spot_summary&file=spot_summary_2025.csv
2026-01-19,jepx-spread-range-kansai,kansai,10.5,https://www.jepx.jp/_download.php?dir=spot_summary&file=spot_summary_2025.csv
2026-01-20,jepx-spread-range-kansai,kansai,8.649999999999999,https://www.jepx.jp/_download.php?dir=spot_summary&file=spot_summary_2025.csv
2026-01-21,jepx-spread-range-kansai,kansai,9.179999999999998,https://www.jepx.jp/_download.php?dir=spot_summary&file=spot_summary_2025.csv
2026-01-22,jepx-spread-range-kansai,kansai,13.940000000000001,https://www.jepx.jp/_download.php?dir=spot_summary&file=spot_summary_2025.csv
2026-01-23,jepx-spread-range-kansai,kansai,10.16,https://www.jepx.jp/_download.php?dir=spot_summary&file=spot_summary_2025.csv
2026-01-24,jepx-spread-range-kansai,kansai,7.5,https://www.jepx.jp/_download.php?dir=spot_summary&file=spot_summary_2025.csv
2026-01-25,jepx-spread-range-kansai,kansai,9.170000000000002,https://www.jepx.jp/_download.php?dir=spot_summary&file=spot_summary_2025.csv
2026-01-26,jepx-spread-range-kansai,kansai,20.77,https://www.jepx.jp/_download.php?dir=spot_summary&file=spot_summary_2025.csv
2026-01-27,jepx-spread-range-kansai,kansai,10.66,https://www.jepx.jp/_download.php?dir=spot_summary&file=spot_summary_2025.csv
2026-01-28,jepx-spread-range-kansai,kansai,9.2,https://www.jepx.jp/_download.php?dir=spot_summary&file=spot_summary_2025.csv
2026-01-29,jepx-spread-range-kansai,kansai,9.55,https://www.jepx.jp/_download.php?dir=spot_summary&file=spot_summary_2025.csv
2026-01-30,jepx-spread-range-kansai,kansai,10.909999999999998,https://www.jepx.jp/_download.php?dir=spot_summary&file=spot_summary_2025.csv
2026-01-31,jepx-spread-range-kansai,kansai,7.13,https://www.jepx.jp/_download.php?dir=spot_summary&file=spot_summary_2025.csv
2026-02-01,jepx-spread-range-kansai,kansai,6.69,https://www.jepx.jp/_download.php?dir=spot_summary&file=spot_summary_2025.csv
2026-02-02,jepx-spread-range-kansai,kansai,8.96,https://www.jepx.jp/_download.php?dir=spot_summary&file=spot_summary_2025.csv
2026-02-03,jepx-spread-range-kansai,kansai,8.820000000000002,https://www.jepx.jp/_download.php?dir=spot_summary&file=spot_summary_2025.csv
2026-02-04,jepx-spread-range-kansai,kansai,8.240000000000002,https://www.jepx.jp/_download.php?dir=spot_summary&file=spot_summary_2025.csv
2026-02-05,jepx-spread-range-kansai,kansai,7.460000000000001,https://www.jepx.jp/_download.php?dir=spot_summary&file=spot_summary_2025.csv
2026-02-06,jepx-spread-range-kansai,kansai,4.609999999999999,https://www.jepx.jp/_download.php?dir=spot_summary&file=spot_summary_2025.csv
2026-02-07,jepx-spread-range-kansai,kansai,6.74,https://www.jepx.jp/_download.php?dir=spot_summary&file=spot_summary_2025.csv
2026-02-08,jepx-spread-range-kansai,kansai,10.959999999999999,https://www.jepx.jp/_download.php?dir=spot_summary&file=spot_summary_2025.csv
2026-02-09,jepx-spread-range-kansai,kansai,10.21,https://www.jepx.jp/_download.php?dir=spot_summary&file=spot_summary_2025.csv
2026-02-10,jepx-spread-range-kansai,kansai,13.620000000000001,https://www.jepx.jp/_download.php?dir=spot_summary&file=spot_summary_2025.csv
2026-02-11,jepx-spread-range-kansai,kansai,6.24,https://www.jepx.jp/_download.php?dir=spot_summary&file=spot_summary_2025.csv
2026-02-12,jepx-spread-range-kansai,kansai,7.99,https://www.jepx.jp/_download.php?dir=spot_summary&file=spot_summary_2025.csv
2026-02-13,jepx-spread-range-kansai,kansai,15.620000000000001,https://www.jepx.jp/_download.php?dir=spot_summary&file=spot_summary_2025.csv
2026-02-14,jepx-spread-range-kansai,kansai,6.9,https://www.jepx.jp/_download.php?dir=spot_summary&file=spot_summary_2025.csv
2026-02-15,jepx-spread-range-kansai,kansai,8.790000000000001,https://www.jepx.jp/_download.php?dir=spot_summary&file=spot_summary_2025.csv
2026-02-16,jepx-spread-range-kansai,kansai,4.77,https://www.jepx.jp/_download.php?dir=spot_summary&file=spot_summary_2025.csv
2026-02-17,jepx-spread-range-kansai,kansai,7.16,https://www.jepx.jp/_download.php?dir=spot_summary&file=spot_summary_2025.csv
2026-02-18,jepx-spread-range-kansai,kansai,7.04,https://www.jepx.jp/_download.php?dir=spot_summary&file=spot_summary_2025.csv
2026-02-19,jepx-spread-range-kansai,kansai,7.710000000000001,https://www.jepx.jp/_download.php?dir=spot_summary&file=spot_summary_2025.csv
2026-02-20,jepx-spread-range-kansai,kansai,6.01,https://www.jepx.jp/_download.php?dir=spot_summary&file=spot_summary_2025.csv
2026-02-21,jepx-spread-range-kansai,kansai,10.49,https://www.jepx.jp/_download.php?dir=spot_summary&file=spot_summary_2025.csv
2026-02-22,jepx-spread-range-kansai,kansai,8.860000000000001,https://www.jepx.jp/_download.php?dir=spot_summary&file=spot_summary_2025.csv
2026-02-23,jepx-spread-range-kansai,kansai,10.56,https://www.jepx.jp/_download.php?dir=spot_summary&file=spot_summary_2025.csv
2026-02-24,jepx-spread-range-kansai,kansai,4.79,https://www.jepx.jp/_download.php?dir=spot_summary&file=spot_summary_2025.csv
2026-02-25,jepx-spread-range-kansai,kansai,4.340000000000002,https://www.jepx.jp/_download.php?dir=spot_summary&file=spot_summary_2025.csv
2026-02-26,jepx-spread-range-kansai,kansai,10.2,https://www.jepx.jp/_download.php?dir=spot_summary&file=spot_summary_2025.csv
2026-02-27,jepx-spread-range-kansai,kansai,2.9800000000000004,https://www.jepx.jp/_download.php?dir=spot_summary&file=spot_summary_2025.csv
2026-02-28,jepx-spread-range-kansai,kansai,7.98,https://www.jepx.jp/_download.php?dir=spot_summary&file=spot_summary_2025.csv
2026-03-01,jepx-spread-range-kansai,kansai,8.99,https://www.jepx.jp/_download.php?dir=spot_summary&file=spot_summary_2025.csv
2026-03-02,jepx-spread-range-kansai,kansai,3.8199999999999994,https://www.jepx.jp/_download.php?dir=spot_summary&file=spot_summary_2025.csv
2026-03-03,jepx-spread-range-kansai,kansai,5.090000000000001,https://www.jepx.jp/_download.php?dir=spot_summary&file=spot_summary_2025.csv
2026-03-04,jepx-spread-range-kansai,kansai,7.21,https://www.jepx.jp/_download.php?dir=spot_summary&file=spot_summary_2025.csv
2026-03-05,jepx-spread-range-kansai,kansai,9.34,https://www.jepx.jp/_download.php?dir=spot_summary&file=spot_summary_2025.csv
2026-03-06,jepx-spread-range-kansai,kansai,5.260000000000001,https://www.jepx.jp/_download.php?dir=spot_summary&file=spot_summary_2025.csv
2026-03-07,jepx-spread-range-kansai,kansai,11.79,https://www.jepx.jp/_download.php?dir=spot_summary&file=spot_summary_2025.csv
2026-03-08,jepx-spread-range-kansai,kansai,13.14,https://www.jepx.jp/_download.php?dir=spot_summary&file=spot_summary_2025.csv
2026-03-09,jepx-spread-range-kansai,kansai,10.89,https://www.jepx.jp/_download.php?dir=spot_summary&file=spot_summary_2025.csv
2026-03-10,jepx-spread-range-kansai,kansai,18.54,https://www.jepx.jp/_download.php?dir=spot_summary&file=spot_summary_2025.csv
2026-03-11,jepx-spread-range-kansai,kansai,14.99,https://www.jepx.jp/_download.php?dir=spot_summary&file=spot_summary_2025.csv
2026-03-12,jepx-spread-range-kansai,kansai,16.01,https://www.jepx.jp/_download.php?dir=spot_summary&file=spot_summary_2025.csv
2026-03-13,jepx-spread-range-kansai,kansai,11.120000000000001,https://www.jepx.jp/_download.php?dir=spot_summary&file=spot_summary_2025.csv
2026-03-14,jepx-spread-range-kansai,kansai,34.0,https://www.jepx.jp/_download.php?dir=spot_summary&file=spot_summary_2025.csv
2026-03-15,jepx-spread-range-kansai,kansai,17.2,https://www.jepx.jp/_download.php?dir=spot_summary&file=spot_summary_2025.csv
2026-03-16,jepx-spread-range-kansai,kansai,24.42,https://www.jepx.jp/_download.php?dir=spot_summary&file=spot_summary_2025.csv
2026-03-17,jepx-spread-range-kansai,kansai,25.89,https://www.jepx.jp/_download.php?dir=spot_summary&file=spot_summary_2025.csv
2026-03-18,jepx-spread-range-kansai,kansai,11.75,https://www.jepx.jp/_download.php?dir=spot_summary&file=spot_summary_2025.csv
2026-03-19,jepx-spread-range-kansai,kansai,15.17,https://www.jepx.jp/_download.php?dir=spot_summary&file=spot_summary_2025.csv
2026-03-20,jepx-spread-range-kansai,kansai,18.23,https://www.jepx.jp/_download.php?dir=spot_summary&file=spot_summary_2025.csv
2026-03-21,jepx-spread-range-kansai,kansai,17.99,https://www.jepx.jp/_download.php?dir=spot_summary&file=spot_summary_2025.csv
2026-03-22,jepx-spread-range-kansai,kansai,12.89,https://www.jepx.jp/_download.php?dir=spot_summary&file=spot_summary_2025.csv
2026-03-23,jepx-spread-range-kansai,kansai,12.57,https://www.jepx.jp/_download.php?dir=spot_summary&file=spot_summary_2025.csv
2026-03-24,jepx-spread-range-kansai,kansai,20.9,https://www.jepx.jp/_download.php?dir=spot_summary&file=spot_summary_2025.csv
2026-03-25,jepx-spread-range-kansai,kansai,11.14,https://www.jepx.jp/_download.php?dir=spot_summary&file=spot_summary_2025.csv
2026-03-26,jepx-spread-range-kansai,kansai,14.860000000000001,https://www.jepx.jp/_download.php?dir=spot_summary&file=spot_summary_2025.csv
2026-03-27,jepx-spread-range-kansai,kansai,18.080000000000002,https://www.jepx.jp/_download.php?dir=spot_summary&file=spot_summary_2025.csv
2026-03-28,jepx-spread-range-kansai,kansai,17.66,https://www.jepx.jp/_download.php?dir=spot_summary&file=spot_summary_2025.csv
2026-03-29,jepx-spread-range-kansai,kansai,15.06,https://www.jepx.jp/_download.php?dir=spot_summary&file=spot_summary_2025.csv
2026-03-30,jepx-spread-range-kansai,kansai,11.66,https://www.jepx.jp/_download.php?dir=spot_summary&file=spot_summary_2025.csv
2026-03-31,jepx-spread-range-kansai,kansai,13.719999999999999,https://www.jepx.jp/_download.php?dir=spot_summary&file=spot_summary_2025.csv
2026-04-01,jepx-spread-range-kansai,kansai,26.020000000000003,https://www.jepx.jp/_download.php?dir=spot_summary&file=spot_summary_2026.csv
2026-04-02,jepx-spread-range-kansai,kansai,17.79,https://www.jepx.jp/_download.php?dir=spot_summary&file=spot_summary_2026.csv
2026-04-03,jepx-spread-range-kansai,kansai,21.77,https://www.jepx.jp/_download.php?dir=spot_summary&file=spot_summary_2026.csv
2026-04-04,jepx-spread-range-kansai,kansai,10.120000000000001,https://www.jepx.jp/_download.php?dir=spot_summary&file=spot_summary_2026.csv
2026-04-05,jepx-spread-range-kansai,kansai,14.56,https://www.jepx.jp/_download.php?dir=spot_summary&file=spot_summary_2026.csv
2026-04-06,jepx-spread-range-kansai,kansai,14.05,https://www.jepx.jp/_download.php?dir=spot_summary&file=spot_summary_2026.csv
2026-04-07,jepx-spread-range-kansai,kansai,28.7,https://www.jepx.jp/_download.php?dir=spot_summary&file=spot_summary_2026.csv
2026-04-08,jepx-spread-range-kansai,kansai,34.68,https://www.jepx.jp/_download.php?dir=spot_summary&file=spot_summary_2026.csv
2026-04-09,jepx-spread-range-kansai,kansai,20.7,https://www.jepx.jp/_download.php?dir=spot_summary&file=spot_summary_2026.csv
2026-04-10,jepx-spread-range-kansai,kansai,19.01,https://www.jepx.jp/_download.php?dir=spot_summary&file=spot_summary_2026.csv
2026-04-11,jepx-spread-range-kansai,kansai,18.41,https://www.jepx.jp/_download.php?dir=spot_summary&file=spot_summary_2026.csv
2026-04-12,jepx-spread-range-kansai,kansai,17.99,https://www.jepx.jp/_download.php?dir=spot_summary&file=spot_summary_2026.csv
2026-04-13,jepx-spread-range-kansai,kansai,11.420000000000002,https://www.jepx.jp/_download.php?dir=spot_summary&file=spot_summary_2026.csv
2026-04-14,jepx-spread-range-kansai,kansai,16.98,https://www.jepx.jp/_download.php?dir=spot_summary&file=spot_summary_2026.csv
2026-04-15,jepx-spread-range-kansai,kansai,15.1,https://www.jepx.jp/_download.php?dir=spot_summary&file=spot_summary_2026.csv
2026-04-16,jepx-spread-range-kansai,kansai,18.41,https://www.jepx.jp/_download.php?dir=spot_summary&file=spot_summary_2026.csv
2026-04-17,jepx-spread-range-kansai,kansai,13.350000000000001,https://www.jepx.jp/_download.php?dir=spot_summary&file=spot_summary_2026.csv
2026-04-18,jepx-spread-range-kansai,kansai,8.01,https://www.jepx.jp/_download.php?dir=spot_summary&file=spot_summary_2026.csv
2026-04-19,jepx-spread-range-kansai,kansai,10.99,https://www.jepx.jp/_download.php?dir=spot_summary&file=spot_summary_2026.csv
2026-04-20,jepx-spread-range-kansai,kansai,6.749999999999999,https://www.jepx.jp/_download.php?dir=spot_summary&file=spot_summary_2026.csv
2026-04-21,jepx-spread-range-kansai,kansai,15.97,https://www.jepx.jp/_download.php?dir=spot_summary&file=spot_summary_2026.csv
2026-04-22,jepx-spread-range-kansai,kansai,19.32,https://www.jepx.jp/_download.php?dir=spot_summary&file=spot_summary_2026.csv
2026-04-23,jepx-spread-range-kansai,kansai,17.7,https://www.jepx.jp/_download.php?dir=spot_summary&file=spot_summary_2026.csv
2026-04-24,jepx-spread-range-kansai,kansai,11.85,https://www.jepx.jp/_download.php?dir=spot_summary&file=spot_summary_2026.csv
2026-04-25,jepx-spread-range-kansai,kansai,14.31,https://www.jepx.jp/_download.php?dir=spot_summary&file=spot_summary_2026.csv
2026-04-26,jepx-spread-range-kansai,kansai,13.27,https://www.jepx.jp/_download.php?dir=spot_summary&file=spot_summary_2026.csv
2026-04-27,jepx-spread-range-kansai,kansai,20.380000000000003,https://www.jepx.jp/_download.php?dir=spot_summary&file=spot_summary_2026.csv
2026-04-28,jepx-spread-range-kansai,kansai,14.18,https://www.jepx.jp/_download.php?dir=spot_summary&file=spot_summary_2026.csv
2026-04-29,jepx-spread-range-kansai,kansai,7.82,https://www.jepx.jp/_download.php?dir=spot_summary&file=spot_summary_2026.csv
2026-04-30,jepx-spread-range-kansai,kansai,10.270000000000001,https://www.jepx.jp/_download.php?dir=spot_summary&file=spot_summary_2026.csv
2026-05-01,jepx-spread-range-kansai,kansai,9.29,https://www.jepx.jp/_download.php?dir=spot_summary&file=spot_summary_2026.csv
2026-05-02,jepx-spread-range-kansai,kansai,15.99,https://www.jepx.jp/_download.php?dir=spot_summary&file=spot_summary_2026.csv
2026-05-03,jepx-spread-range-kansai,kansai,8.64,https://www.jepx.jp/_download.php?dir=spot_summary&file=spot_summary_2026.csv
2026-05-04,jepx-spread-range-kansai,kansai,11.99,https://www.jepx.jp/_download.php?dir=spot_summary&file=spot_summary_2026.csv
2026-05-05,jepx-spread-range-kansai,kansai,14.08,https://www.jepx.jp/_download.php?dir=spot_summary&file=spot_summary_2026.csv
2026-05-06,jepx-spread-range-kansai,kansai,14.17,https://www.jepx.jp/_download.php?dir=spot_summary&file=spot_summary_2026.csv
2026-05-07,jepx-spread-range-kansai,kansai,15.42,https://www.jepx.jp/_download.php?dir=spot_summary&file=spot_summary_2026.csv
2026-05-08,jepx-spread-range-kansai,kansai,9.76,https://www.jepx.jp/_download.php?dir=spot_summary&file=spot_summary_2026.csv
2026-05-09,jepx-spread-range-kansai,kansai,17.549999999999997,https://www.jepx.jp/_download.php?dir=spot_summary&file=spot_summary_2026.csv
2026-05-10,jepx-spread-range-kansai,kansai,16.099999999999998,https://www.jepx.jp/_download.php?dir=spot_summary&file=spot_summary_2026.csv
2026-05-11,jepx-spread-range-kansai,kansai,17.479999999999997,https://www.jepx.jp/_download.php?dir=spot_summary&file=spot_summary_2026.csv
2026-05-12,jepx-spread-range-kansai,kansai,14.399999999999999,https://www.jepx.jp/_download.php?dir=spot_summary&file=spot_summary_2026.csv
2026-05-13,jepx-spread-range-kansai,kansai,16.090000000000003,https://www.jepx.jp/_download.php?dir=spot_summary&file=spot_summary_2026.csv
2026-05-14,jepx-spread-range-kansai,kansai,19.689999999999998,https://www.jepx.jp/_download.php?dir=spot_summary&file=spot_summary_2026.csv
2026-05-15,jepx-spread-range-kansai,kansai,23.41,https://www.jepx.jp/_download.php?dir=spot_summary&file=spot_summary_2026.csv
2026-05-16,jepx-spread-range-kansai,kansai,25.889999999999997,https://www.jepx.jp/_download.php?dir=spot_summary&file=spot_summary_2026.csv
2026-05-17,jepx-spread-range-kansai,kansai,19.99,https://www.jepx.jp/_download.php?dir=spot_summary&file=spot_summary_2026.csv
2026-05-18,jepx-spread-range-kansai,kansai,25.28,https://www.jepx.jp/_download.php?dir=spot_summary&file=spot_summary_2026.csv
2026-05-19,jepx-spread-range-kansai,kansai,18.9,https://www.jepx.jp/_download.php?dir=spot_summary&file=spot_summary_2026.csv
2026-05-20,jepx-spread-range-kansai,kansai,29.509999999999998,https://www.jepx.jp/_download.php?dir=spot_summary&file=spot_summary_2026.csv
2026-05-21,jepx-spread-range-kansai,kansai,26.810000000000002,https://www.jepx.jp/_download.php?dir=spot_summary&file=spot_summary_2026.csv
2026-05-22,jepx-spread-range-kansai,kansai,18.799999999999997,https://www.jepx.jp/_download.php?dir=spot_summary&file=spot_summary_2026.csv
2026-05-23,jepx-spread-range-kansai,kansai,9.31,https://www.jepx.jp/_download.php?dir=spot_summary&file=spot_summary_2026.csv
2026-05-24,jepx-spread-range-kansai,kansai,27.1,https://www.jepx.jp/_download.php?dir=spot_summary&file=spot_summary_2026.csv
2026-05-25,jepx-spread-range-kansai,kansai,35.41,https://www.jepx.jp/_download.php?dir=spot_summary&file=spot_summary_2026.csv
2026-05-26,jepx-spread-range-kansai,kansai,15.850000000000001,https://www.jepx.jp/_download.php?dir=spot_summary&file=spot_summary_2026.csv
2026-05-27,jepx-spread-range-kansai,kansai,15.300000000000004,https://www.jepx.jp/_download.php?dir=spot_summary&file=spot_summary_2026.csv
2026-05-28,jepx-spread-range-kansai,kansai,19.11,https://www.jepx.jp/_download.php?dir=spot_summary&file=spot_summary_2026.csv
2026-05-29,jepx-spread-range-kansai,kansai,16.439999999999998,https://www.jepx.jp/_download.php?dir=spot_summary&file=spot_summary_2026.csv
2026-05-30,jepx-spread-range-kansai,kansai,18.79,https://www.jepx.jp/_download.php?dir=spot_summary&file=spot_summary_2026.csv
2026-05-31,jepx-spread-range-kansai,kansai,14.339999999999998,https://www.jepx.jp/_download.php?dir=spot_summary&file=spot_summary_2026.csv
2026-06-01,jepx-spread-range-kansai,kansai,22.45,https://www.jepx.jp/_download.php?dir=spot_summary&file=spot_summary_2026.csv
2026-06-02,jepx-spread-range-kansai,kansai,26.48,https://www.jepx.jp/_download.php?dir=spot_summary&file=spot_summary_2026.csv
2026-06-03,jepx-spread-range-kansai,kansai,23.44,https://www.jepx.jp/_download.php?dir=spot_summary&file=spot_summary_2026.csv
2026-06-04,jepx-spread-range-kansai,kansai,30.85,https://www.jepx.jp/_download.php?dir=spot_summary&file=spot_summary_2026.csv
2026-06-05,jepx-spread-range-kansai,kansai,20.43,https://www.jepx.jp/_download.php?dir=spot_summary&file=spot_summary_2026.csv
2026-06-06,jepx-spread-range-kansai,kansai,17.79,https://www.jepx.jp/_download.php?dir=spot_summary&file=spot_summary_2026.csv
2026-06-07,jepx-spread-range-kansai,kansai,13.95,https://www.jepx.jp/_download.php?dir=spot_summary&file=spot_summary_2026.csv
2026-06-08,jepx-spread-range-kansai,kansai,26.269999999999996,https://www.jepx.jp/_download.php?dir=spot_summary&file=spot_summary_2026.csv
2026-06-09,jepx-spread-range-kansai,kansai,18.330000000000002,https://www.jepx.jp/_download.php?dir=spot_summary&file=spot_summary_2026.csv
2026-06-10,jepx-spread-range-kansai,kansai,17.01,https://www.jepx.jp/_download.php?dir=spot_summary&file=spot_summary_2026.csv
2026-06-11,jepx-spread-range-kansai,kansai,16.4,https://www.jepx.jp/_download.php?dir=spot_summary&file=spot_summary_2026.csv
2026-06-12,jepx-spread-range-kansai,kansai,9.15,https://www.jepx.jp/_download.php?dir=spot_summary&file=spot_summary_2026.csv
2026-06-13,jepx-spread-range-kansai,kansai,14.26,https://www.jepx.jp/_download.php?dir=spot_summary&file=spot_summary_2026.csv
2026-06-14,jepx-spread-range-kansai,kansai,11.77,https://www.jepx.jp/_download.php?dir=spot_summary&file=spot_summary_2026.csv
2026-06-15,jepx-spread-range-kansai,kansai,11.67,https://www.jepx.jp/_download.php?dir=spot_summary&file=spot_summary_2026.csv
2026-06-16,jepx-spread-range-kansai,kansai,11.709999999999999,https://www.jepx.jp/_download.php?dir=spot_summary&file=spot_summary_2026.csv
2026-06-17,jepx-spread-range-kansai,kansai,9.74,https://www.jepx.jp/_download.php?dir=spot_summary&file=spot_summary_2026.csv
2026-06-18,jepx-spread-range-kansai,kansai,18.54,https://www.jepx.jp/_download.php?dir=spot_summary&file=spot_summary_2026.csv
2026-06-19,jepx-spread-range-kansai,kansai,17.96,https://www.jepx.jp/_download.php?dir=spot_summary&file=spot_summary_2026.csv
2026-06-20,jepx-spread-range-kansai,kansai,6.360000000000001,https://www.jepx.jp/_download.php?dir=spot_summary&file=spot_summary_2026.csv
2026-06-21,jepx-spread-range-kansai,kansai,20.939999999999998,https://www.jepx.jp/_download.php?dir=spot_summary&file=spot_summary_2026.csv
2026-06-22,jepx-spread-range-kansai,kansai,16.85,https://www.jepx.jp/_download.php?dir=spot_summary&file=spot_summary_2026.csv
2026-06-23,jepx-spread-range-kansai,kansai,9.19,https://www.jepx.jp/_download.php?dir=spot_summary&file=spot_summary_2026.csv
2026-06-24,jepx-spread-range-kansai,kansai,6.48,https://www.jepx.jp/_download.php?dir=spot_summary&file=spot_summary_2026.csv
2026-06-25,jepx-spread-range-kansai,kansai,9.240000000000002,https://www.jepx.jp/_download.php?dir=spot_summary&file=spot_summary_2026.csv
2026-06-26,jepx-spread-range-kansai,kansai,5.15,https://www.jepx.jp/_download.php?dir=spot_summary&file=spot_summary_2026.csv
2026-06-27,jepx-spread-range-kansai,kansai,12.49,https://www.jepx.jp/_download.php?dir=spot_summary&file=spot_summary_2026.csv
2026-06-28,jepx-spread-range-kansai,kansai,12.5,https://www.jepx.jp/_download.php?dir=spot_summary&file=spot_summary_2026.csv
2026-06-29,jepx-spread-range-kansai,kansai,15.0,https://www.jepx.jp/_download.php?dir=spot_summary&file=spot_summary_2026.csv
2026-06-30,jepx-spread-range-kansai,kansai,7.1800000000000015,https://www.jepx.jp/_download.php?dir=spot_summary&file=spot_summary_2026.csv
2026-07-01,jepx-spread-range-kansai,kansai,8.18,https://www.jepx.jp/_download.php?dir=spot_summary&file=spot_summary_2026.csv
2026-07-02,jepx-spread-range-kansai,kansai,5.41,https://www.jepx.jp/_download.php?dir=spot_summary&file=spot_summary_2026.csv
2026-07-03,jepx-spread-range-kansai,kansai,8.509999999999998,https://www.jepx.jp/_download.php?dir=spot_summary&file=spot_summary_2026.csv
2026-07-04,jepx-spread-range-kansai,kansai,2.6799999999999997,https://www.jepx.jp/_download.php?dir=spot_summary&file=spot_summary_2026.csv
2026-07-05,jepx-spread-range-kansai,kansai,4.63,https://www.jepx.jp/_download.php?dir=spot_summary&file=spot_summary_2026.csv
2026-07-06,jepx-spread-range-kansai,kansai,11.61,https://www.jepx.jp/_download.php?dir=spot_summary&file=spot_summary_2026.csv
2026-07-07,jepx-spread-range-kansai,kansai,9.430000000000001,https://www.jepx.jp/_download.php?dir=spot_summary&file=spot_summary_2026.csv
2026-07-08,jepx-spread-range-kansai,kansai,6.119999999999999,https://www.jepx.jp/_download.php?dir=spot_summary&file=spot_summary_2026.csv
2026-07-09,jepx-spread-range-kansai,kansai,6.4,https://www.jepx.jp/_download.php?dir=spot_summary&file=spot_summary_2026.csv
2026-07-10,jepx-spread-range-kansai,kansai,12.27,https://www.jepx.jp/_download.php?dir=spot_summary&file=spot_summary_2026.csv
2026-07-11,jepx-spread-range-kansai,kansai,14.600000000000001,https://www.jepx.jp/_download.php?dir=spot_summary&file=spot_summary_2026.csv
2026-07-12,jepx-spread-range-kansai,kansai,14.340000000000002,https://www.jepx.jp/_download.php?dir=spot_summary&file=spot_summary_2026.csv
2026-07-13,jepx-spread-range-kansai,kansai,21.53,https://www.jepx.jp/_download.php?dir=spot_summary&file=spot_summary_2026.csv
2026-07-14,jepx-spread-range-kansai,kansai,25.21,https://www.jepx.jp/_download.php?dir=spot_summary&file=spot_summary_2026.csv
2026-07-15,jepx-spread-range-kansai,kansai,20.92,https://www.jepx.jp/_download.php?dir=spot_summary&file=spot_summary_2026.csv
2026-07-16,jepx-spread-range-kansai,kansai,18.99,https://www.jepx.jp/_download.php?dir=spot_summary&file=spot_summary_2026.csv
2026-07-17,jepx-spread-range-kansai,kansai,19.310000000000002,https://www.jepx.jp/_download.php?dir=spot_summary&file=spot_summary_2026.csv
2026-07-18,jepx-spread-range-kansai,kansai,12.66,https://www.jepx.jp/_download.php?dir=spot_summary&file=spot_summary_2026.csv
2026-07-19,jepx-spread-range-kansai,kansai,14.959999999999999,https://www.jepx.jp/_download.php?dir=spot_summary&file=spot_summary_2026.csv
2026-07-20,jepx-spread-range-kansai,kansai,18.509999999999998,https://www.jepx.jp/_download.php?dir=spot_summary&file=spot_summary_2026.csv
2026-07-21,jepx-spread-range-kansai,kansai,17.86,https://www.jepx.jp/_download.php?dir=spot_summary&file=spot_summary_2026.csv
2026-07-22,jepx-spread-range-kansai,kansai,22.400000000000002,https://www.jepx.jp/_download.php?dir=spot_summary&file=spot_summary_2026.csv
2026-07-23,jepx-spread-range-kansai,kansai,30.9,https://www.jepx.jp/_download.php?dir=spot_summary&file=spot_summary_2026.csv
2026-07-24,jepx-spread-range-kansai,kansai,43.42,https://www.jepx.jp/_download.php?dir=spot_summary&file=spot_summary_2026.csv
2026-07-25,jepx-spread-range-kansai,kansai,18.320000000000004,https://www.jepx.jp/_download.php?dir=spot_summary&file=spot_summary_2026.csv
2026-07-26,jepx-spread-range-kansai,kansai,20.17,https://www.jepx.jp/_download.php?dir=spot_summary&file=spot_summary_2026.csv
2026-07-27,jepx-spread-range-kansai,kansai,19.0,https://www.jepx.jp/_download.php?dir=spot_summary&file=spot_summary_2026.csv
2026-07-28,jepx-spread-range-kansai,kansai,20.14,https://www.jepx.jp/_download.php?dir=spot_summary&file=spot_summary_2026.csv
2026-07-29,jepx-spread-range-kansai,kansai,21.83,https://www.jepx.jp/_download.php?dir=spot_summary&file=spot_summary_2026.csv
2026-07-30,jepx-spread-range-kansai,kansai,24.0,https://www.jepx.jp/_download.php?dir=spot_summary&file=spot_summary_2026.csv
2026-07-31,jepx-spread-range-kansai,kansai,25.060000000000002,https://www.jepx.jp/_download.php?dir=spot_summary&file=spot_summary_2026.csv
2026-08-01,jepx-spread-range-kansai,kansai,19.270000000000003,https://www.jepx.jp/_download.php?dir=spot_summary&file=spot_summary_2026.csv
2026-08-02,jepx-spread-range-kansai,kansai,15.88,https://www.jepx.jp/_download.php?dir=spot_summary&file=spot_summary_2026.csv
2026-08-03,jepx-spread-range-kansai,kansai,16.91,https://www.jepx.jp/_download.php?dir=spot_summary&file=spot_summary_2026.csv
2026-08-04,jepx-spread-range-kansai,kansai,18.96,https://www.jepx.jp/_download.php?dir=spot_summary&file=spot_summary_2026.csv
2026-08-05,jepx-spread-range-kansai,kansai,27.53,https://www.jepx.jp/_download.php?dir=spot_summary&file=spot_summary_2026.csv
2026-08-06,jepx-spread-range-kansai,kansai,23.09,https://www.jepx.jp/_download.php?dir=spot_summary&file=spot_summary_2026.csv
2026-08-07,jepx-spread-range-kansai,kansai,18.7,https://www.jepx.jp/_download.php?dir=spot_summary&file=spot_summary_2026.csv
2026-08-08,jepx-spread-range-kansai,kansai,16.56,https://www.jepx.jp/_download.php?dir=spot_summary&file=spot_summary_2026.csv
2026-08-09,jepx-spread-range-kansai,kansai,11.860000000000001,https://www.jepx.jp/_download.php?dir=spot_summary&file=spot_summary_2026.csv
2026-08-10,jepx-spread-range-kansai,kansai,12.98,https://www.jepx.jp/_download.php?dir=spot_summary&file=spot_summary_2026.csv
2026-08-11,jepx-spread-range-kansai,kansai,7.220000000000001,https://www.jepx.jp/_download.php?dir=spot_summary&file=spot_summary_2026.csv
2026-08-12,jepx-spread-range-kansai,kansai,8.89,https://www.jepx.jp/_download.php?dir=spot_summary&file=spot_summary_2026.csv
2026-08-13,jepx-spread-range-kansai,kansai,6.65,https://www.jepx.jp/_download.php?dir=spot_summary&file=spot_summary_2026.csv
2026-08-14,jepx-spread-range-kansai,kansai,12.61,https://www.jepx.jp/_download.php?dir=spot_summary&file=spot_summary_2026.csv
2026-08-15,jepx-spread-range-kansai,kansai,10.77,https://www.jepx.jp/_download.php?dir=spot_summary&file=spot_summary_2026.csv
2026-08-16,jepx-spread-range-kansai,kansai,10.6,https://www.jepx.jp/_download.php?dir=spot_summary&file=spot_summary_2026.csv
2026-08-17,jepx-spread-range-kansai,kansai,14.600000000000001,https://www.jepx.jp/_download.php?dir=spot_summary&file=spot_summary_2026.csv
2026-08-18,jepx-spread-range-kansai,kansai,21.29,https://www.jepx.jp/_download.php?dir=spot_summary&file=spot_summary_2026.csv
2026-08-19,jepx-spread-range-kansai,kansai,21.85,https://www.jepx.jp/_download.php?dir=spot_summary&file=spot_summary_2026.csv
2026-08-20,jepx-spread-range-kansai,kansai,19.400000000000002,https://www.jepx.jp/_download.php?dir=spot_summary&file=spot_summary_2026.csv
2026-08-21,jepx-spread-range-kansai,kansai,19.520000000000003,https://www.jepx.jp/_download.php?dir=spot_summary&file=spot_summary_2026.csv
2026-08-22,jepx-spread-range-kansai,kansai,19.83,https://www.jepx.jp/_download.php?dir=spot_summary&file=spot_summary_2026.csv
2026-08-23,jepx-spread-range-kansai,kansai,19.96,https://www.jepx.jp/_download.php?dir=spot_summary&file=spot_summary_2026.csv
2026-08-24,jepx-spread-range-kansai,kansai,21.81,https://www.jepx.jp/_download.php?dir=spot_summary&file=spot_summary_2026.csv
2026-08-25,jepx-spread-range-kansai,kansai,34.03,https://www.jepx.jp/_download.php?dir=spot_summary&file=spot_summary_2026.csv
2026-08-26,jepx-spread-range-kansai,kansai,39.58,https://www.jepx.jp/_download.php?dir=spot_summary&file=spot_summary_2026.csv
2026-08-27,jepx-spread-range-kansai,kansai,25.3,https://www.jepx.jp/_download.php?dir=spot_summary&file=spot_summary_2026.csv
2026-08-28,jepx-spread-range-kansai,kansai,17.650000000000002,https://www.jepx.jp/_download.php?dir=spot_summary&file=spot_summary_2026.csv
2026-08-29,jepx-spread-range-kansai,kansai,20.3,https://www.jepx.jp/_download.php?dir=spot_summary&file=spot_summary_2026.csv
2026-08-30,jepx-spread-range-kansai,kansai,17.47,https://www.jepx.jp/_download.php?dir=spot_summary&file=spot_summary_2026.csv
2026-08-31,jepx-spread-range-kansai,kansai,37.84,https://www.jepx.jp/_download.php?dir=spot_summary&file=spot_summary_2026.csv
2026-09-01,jepx-spread-range-kansai,kansai,37.21,https://www.jepx.jp/_download.php?dir=spot_summary&file=spot_summary_2026.csv
2026-09-02,jepx-spread-range-kansai,kansai,36.01,https://www.jepx.jp/_download.php?dir=spot_summary&file=spot_summary_2026.csv
2026-09-03,jepx-spread-range-kansai,kansai,21.85,https://www.jepx.jp/_download.php?dir=spot_summary&file=spot_summary_2026.csv
2026-09-04,jepx-spread-range-kansai,kansai,17.060000000000002,https://www.jepx.jp/_download.php?dir=spot_summary&file=spot_summary_2026.csv
2026-09-05,jepx-spread-range-kansai,kansai,12.0,https://www.jepx.jp/_download.php?dir=spot_summary&file=spot_summary_2026.csv
2026-09-06,jepx-spread-range-kansai,kansai,11.26,https://www.jepx.jp/_download.php?dir=spot_summary&file=spot_summary_2026.csv
2026-09-07,jepx-spread-range-kansai,kansai,22.160000000000004,https://www.jepx.jp/_download.php?dir=spot_summary&file=spot_summary_2026.csv
2026-09-08,jepx-spread-range-kansai,kansai,16.770000000000003,https://www.jepx.jp/_download.php?dir=spot_summary&file=spot_summary_2026.csv
2026-09-09,jepx-spread-range-kansai,kansai,15.4,https://www.jepx.jp/_download.php?dir=spot_summary&file=spot_summary_2026.csv
2026-09-10,jepx-spread-range-kansai,kansai,8.11,https://www.jepx.jp/_download.php?dir=spot_summary&file=spot_summary_2026.csv
2026-09-11,jepx-spread-range-kansai,kansai,7.110000000000001,https://www.jepx.jp/_download.php?dir=spot_summary&file=spot_summary_2026.csv
2026-09-12,jepx-spread-range-kansai,kansai,15.260000000000002,https://www.jepx.jp/_download.php?dir=spot_summary&file=spot_summary_2026.csv
2026-09-13,jepx-spread-range-kansai,kansai,13.059999999999999,https://www.jepx.jp/_download.php?dir=spot_summary&file=spot_summary_2026.csv
2026-09-14,jepx-spread-range-kansai,kansai,24.380000000000003,https://www.jepx.jp/_download.php?dir=spot_summary&file=spot_summary_2026.csv
2026-09-15,jepx-spread-range-kansai,kansai,19.439999999999998,https://www.jepx.jp/_download.php?dir=spot_summary&file=spot_summary_2026.csv
2026-09-16,jepx-spread-range-kansai,kansai,23.189999999999998,https://www.jepx.jp/_download.php?dir=spot_summary&file=spot_summary_2026.csv
2026-09-17,jepx-spread-range-kansai,kansai,10.98,https://www.jepx.jp/_download.php?dir=spot_summary&file=spot_summary_2026.csv
2026-09-18,jepx-spread-range-kansai,kansai,8.549999999999999,https://www.jepx.jp/_download.php?dir=spot_summary&file=spot_summary_2026.csv
2026-09-19,jepx-spread-range-kansai,kansai,10.610000000000001,https://www.jepx.jp/_download.php?dir=spot_summary&file=spot_summary_2026.csv
2026-09-20,jepx-spread-range-kansai,kansai,12.299999999999999,https://www.jepx.jp/_download.php?dir=spot_summary&file=spot_summary_2026.csv
2026-09-21,jepx-spread-range-kansai,kansai,8.809999999999999,https://www.jepx.jp/_download.php?dir=spot_summary&file=spot_summary_2026.csv
2026-09-22,jepx-spread-range-kansai,kansai,16.799999999999997,https://www.jepx.jp/_download.php?dir=spot_summary&file=spot_summary_2026.csv
2026-09-23,jepx-spread-range-kansai,kansai,17.5,https://www.jepx.jp/_download.php?dir=spot_summary&file=spot_summary_2026.csv
