date,indicator_id,region,value,source_url
2012-04-01,jepx-spread-range-kyushu,kyushu,2.75,https://www.jepx.jp/_download.php?dir=spot_summary&file=spot_summary_2012.csv
2012-04-02,jepx-spread-range-kyushu,kyushu,1.59,https://www.jepx.jp/_download.php?dir=spot_summary&file=spot_summary_2012.csv
2012-04-03,jepx-spread-range-kyushu,kyushu,3.82,https://www.jepx.jp/_download.php?dir=spot_summary&file=spot_summary_2012.csv
2012-04-04,jepx-spread-range-kyushu,kyushu,4.790000000000001,https://www.jepx.jp/_download.php?dir=spot_summary&file=spot_summary_2012.csv
2012-04-05,jepx-spread-range-kyushu,kyushu,5.1800000000000015,https://www.jepx.jp/_download.php?dir=spot_summary&file=spot_summary_2012.csv
2012-04-06,jepx-spread-range-kyushu,kyushu,7.0,https://www.jepx.jp/_download.php?dir=spot_summary&file=spot_summary_2012.csv
2012-04-07,jepx-spread-range-kyushu,kyushu,6.280000000000001,https://www.jepx.jp/_download.php?dir=spot_summary&file=spot_summary_2012.csv
2012-04-08,jepx-spread-range-kyushu,kyushu,4.890000000000001,https://www.jepx.jp/_download.php?dir=spot_summary&file=spot_summary_2012.csv
2012-04-09,jepx-spread-range-kyushu,kyushu,6.069999999999999,https://www.jepx.jp/_download.php?dir=spot_summary&file=spot_summary_2012.csv
2012-04-10,jepx-spread-range-kyushu,kyushu,5.890000000000002,https://www.jepx.jp/_download.php?dir=spot_summary&file=spot_summary_2012.csv
2012-04-11,jepx-spread-range-kyushu,kyushu,10.83,https://www.jepx.jp/_download.php?dir=spot_summary&file=spot_summary_2012.csv
2012-04-12,jepx-spread-range-kyushu,kyushu,5.489999999999998,https://www.jepx.jp/_download.php?dir=spot_summary&file=spot_summary_2012.csv
2012-04-13,jepx-spread-range-kyushu,kyushu,6.330000000000002,https://www.jepx.jp/_download.php?dir=spot_summary&file=spot_summary_2012.csv
2012-04-14,jepx-spread-range-kyushu,kyushu,4.280000000000001,https://www.jepx.jp/_download.php?dir=spot_summary&file=spot_summary_2012.csv
2012-04-15,jepx-spread-range-kyushu,kyushu,3.91,https://www.jepx.jp/_download.php?dir=spot_summary&file=spot_summary_2012.csv
2012-04-16,jepx-spread-range-kyushu,kyushu,4.719999999999999,https://www.jepx.jp/_download.php?dir=spot_summary&file=spot_summary_2012.csv
2012-04-17,jepx-spread-range-kyushu,kyushu,4.399999999999999,https://www.jepx.jp/_download.php?dir=spot_summary&file=spot_summary_2012.csv
2012-04-18,jepx-spread-range-kyushu,kyushu,4.23,https://www.jepx.jp/_download.php?dir=spot_summary&file=spot_summary_2012.csv
2012-04-19,jepx-spread-range-kyushu,kyushu,4.819999999999999,https://www.jepx.jp/_download.php?dir=spot_summary&file=spot_summary_2012.csv
2012-04-20,jepx-spread-range-kyushu,kyushu,4.819999999999999,https://www.jepx.jp/_download.php?dir=spot_summary&file=spot_summary_2012.csv
2012-04-21,jepx-spread-range-kyushu,kyushu,3.049999999999999,https://www.jepx.jp/_download.php?dir=spot_summary&file=spot_summary_2012.csv
2012-04-22,jepx-spread-range-kyushu,kyushu,2.8599999999999994,https://www.jepx.jp/_download.php?dir=spot_summary&file=spot_summary_2012.csv
2012-04-23,jepx-spread-range-kyushu,kyushu,3.690000000000001,https://www.jepx.jp/_download.php?dir=spot_summary&file=spot_summary_2012.csv
2012-04-24,jepx-spread-range-kyushu,kyushu,6.07,https://www.jepx.jp/_download.php?dir=spot_summary&file=spot_summary_2012.csv
2012-04-25,jepx-spread-range-kyushu,kyushu,10.85,https://www.jepx.jp/_download.php?dir=spot_summary&file=spot_summary_2012.csv
2012-04-26,jepx-spread-range-kyushu,kyushu,13.67,https://www.jepx.jp/_download.php?dir=spot_summary&file=spot_summary_2012.csv
2012-04-27,jepx-spread-range-kyushu,kyushu,8.799999999999999,https://www.jepx.jp/_download.php?dir=spot_summary&file=spot_summary_2012.csv
2012-04-28,jepx-spread-range-kyushu,kyushu,3.789999999999999,https://www.jepx.jp/_download.php?dir=spot_summary&file=spot_summary_2012.csv
2012-04-29,jepx-spread-range-kyushu,kyushu,4.560000000000002,https://www.jepx.jp/_download.php?dir=spot_summary&file=spot_summary_2012.csv
2012-04-30,jepx-spread-range-kyushu,kyushu,4.710000000000001,https://www.jepx.jp/_download.php?dir=spot_summary&file=spot_summary_2012.csv
2012-05-01,jepx-spread-range-kyushu,kyushu,8.78,https://www.jepx.jp/_download.php?dir=spot_summary&file=spot_summary_2012.csv
2012-05-02,jepx-spread-range-kyushu,kyushu,8.889999999999999,https://www.jepx.jp/_download.php?dir=spot_summary&file=spot_summary_2012.csv
2012-05-03,jepx-spread-range-kyushu,kyushu,3.9,https://www.jepx.jp/_download.php?dir=spot_summary&file=spot_summary_2012.csv
2012-05-04,jepx-spread-range-kyushu,kyushu,6.1800000000000015,https://www.jepx.jp/_download.php?dir=spot_summary&file=spot_summary_2012.csv
2012-05-05,jepx-spread-range-kyushu,kyushu,5.789999999999999,https://www.jepx.jp/_download.php?dir=spot_summary&file=spot_summary_2012.csv
2012-05-06,jepx-spread-range-kyushu,kyushu,4.220000000000001,https://www.jepx.jp/_download.php?dir=spot_summary&file=spot_summary_2012.csv
2012-05-07,jepx-spread-range-kyushu,kyushu,13.12,https://www.jepx.jp/_download.php?dir=spot_summary&file=spot_summary_2012.csv
2012-05-08,jepx-spread-range-kyushu,kyushu,11.17,https://www.jepx.jp/_download.php?dir=spot_summary&file=spot_summary_2012.csv
2012-05-09,jepx-spread-range-kyushu,kyushu,10.689999999999998,https://www.jepx.jp/_download.php?dir=spot_summary&file=spot_summary_2012.csv
2012-05-10,jepx-spread-range-kyushu,kyushu,11.599999999999998,https://www.jepx.jp/_download.php?dir=spot_summary&file=spot_summary_2012.csv
2012-05-11,jepx-spread-range-kyushu,kyushu,10.29,https://www.jepx.jp/_download.php?dir=spot_summary&file=spot_summary_2012.csv
2012-05-12,jepx-spread-range-kyushu,kyushu,2.41,https://www.jepx.jp/_download.php?dir=spot_summary&file=spot_summary_2012.csv
2012-05-13,jepx-spread-range-kyushu,kyushu,2.890000000000001,https://www.jepx.jp/_download.php?dir=spot_summary&file=spot_summary_2012.csv
2012-05-14,jepx-spread-range-kyushu,kyushu,7.860000000000001,https://www.jepx.jp/_download.php?dir=spot_summary&file=spot_summary_2012.csv
2012-05-15,jepx-spread-range-kyushu,kyushu,11.42,https://www.jepx.jp/_download.php?dir=spot_summary&file=spot_summary_2012.csv
2012-05-16,jepx-spread-range-kyushu,kyushu,11.19,https://www.jepx.jp/_download.php?dir=spot_summary&file=spot_summary_2012.csv
2012-05-17,jepx-spread-range-kyushu,kyushu,9.63,https://www.jepx.jp/_download.php?dir=spot_summary&file=spot_summary_2012.csv
2012-05-18,jepx-spread-range-kyushu,kyushu,3.549999999999999,https://www.jepx.jp/_download.php?dir=spot_summary&file=spot_summary_2012.csv
2012-05-19,jepx-spread-range-kyushu,kyushu,3.53,https://www.jepx.jp/_download.php?dir=spot_summary&file=spot_summary_2012.csv
2012-05-20,jepx-spread-range-kyushu,kyushu,3.5500000000000007,https://www.jepx.jp/_download.php?dir=spot_summary&file=spot_summary_2012.csv
2012-05-21,jepx-spread-range-kyushu,kyushu,16.47,https://www.jepx.jp/_download.php?dir=spot_summary&file=spot_summary_2012.csv
2012-05-22,jepx-spread-range-kyushu,kyushu,8.47,https://www.jepx.jp/_download.php?dir=spot_summary&file=spot_summary_2012.csv
2012-05-23,jepx-spread-range-kyushu,kyushu,4.270000000000001,https://www.jepx.jp/_download.php?dir=spot_summary&file=spot_summary_2012.csv
2012-05-24,jepx-spread-range-kyushu,kyushu,8.6,https://www.jepx.jp/_download.php?dir=spot_summary&file=spot_summary_2012.csv
2012-05-25,jepx-spread-range-kyushu,kyushu,7.9,https://www.jepx.jp/_download.php?dir=spot_summary&file=spot_summary_2012.csv
2012-05-26,jepx-spread-range-kyushu,kyushu,2.93,https://www.jepx.jp/_download.php?dir=spot_summary&file=spot_summary_2012.csv
2012-05-27,jepx-spread-range-kyushu,kyushu,1.17,https://www.jepx.jp/_download.php?dir=spot_summary&file=spot_summary_2012.csv
2012-05-28,jepx-spread-range-kyushu,kyushu,6.780000000000001,https://www.jepx.jp/_download.php?dir=spot_summary&file=spot_summary_2012.csv
2012-05-29,jepx-spread-range-kyushu,kyushu,5.720000000000002,https://www.jepx.jp/_download.php?dir=spot_summary&file=spot_summary_2012.csv
2012-05-30,jepx-spread-range-kyushu,kyushu,6.5,https://www.jepx.jp/_download.php?dir=spot_summary&file=spot_summary_2012.csv
2012-05-31,jepx-spread-range-kyushu,kyushu,7.629999999999999,https://www.jepx.jp/_download.php?dir=spot_summary&file=spot_summary_2012.csv
2012-06-01,jepx-spread-range-kyushu,kyushu,6.68,https://www.jepx.jp/_download.php?dir=spot_summary&file=spot_summary_2012.csv
2012-06-02,jepx-spread-range-kyushu,kyushu,2.0,https://www.jepx.jp/_download.php?dir=spot_summary&file=spot_summary_2012.csv
2012-06-03,jepx-spread-range-kyushu,kyushu,1.5600000000000005,https://www.jepx.jp/_download.php?dir=spot_summary&file=spot_summary_2012.csv
2012-06-04,jepx-spread-range-kyushu,kyushu,6.84,https://www.jepx.jp/_download.php?dir=spot_summary&file=spot_summary_2012.csv
2012-06-05,jepx-spread-range-kyushu,kyushu,7.84,https://www.jepx.jp/_download.php?dir=spot_summary&file=spot_summary_2012.csv
2012-06-06,jepx-spread-range-kyushu,kyushu,6.73,https://www.jepx.jp/_download.php?dir=spot_summary&file=spot_summary_2012.csv
2012-06-07,jepx-spread-range-kyushu,kyushu,6.69,https://www.jepx.jp/_download.php?dir=spot_summary&file=spot_summary_2012.csv
2012-06-08,jepx-spread-range-kyushu,kyushu,3.26,https://www.jepx.jp/_download.php?dir=spot_summary&file=spot_summary_2012.csv
2012-06-09,jepx-spread-range-kyushu,kyushu,1.5199999999999996,https://www.jepx.jp/_download.php?dir=spot_summary&file=spot_summary_2012.csv
2012-06-10,jepx-spread-range-kyushu,kyushu,1.3899999999999988,https://www.jepx.jp/_download.php?dir=spot_summary&file=spot_summary_2012.csv
2012-06-11,jepx-spread-range-kyushu,kyushu,6.879999999999999,https://www.jepx.jp/_download.php?dir=spot_summary&file=spot_summary_2012.csv
2012-06-12,jepx-spread-range-kyushu,kyushu,6.460000000000001,https://www.jepx.jp/_download.php?dir=spot_summary&file=spot_summary_2012.csv
2012-06-13,jepx-spread-range-kyushu,kyushu,3.120000000000001,https://www.jepx.jp/_download.php?dir=spot_summary&file=spot_summary_2012.csv
2012-06-14,jepx-spread-range-kyushu,kyushu,4.610000000000001,https://www.jepx.jp/_download.php?dir=spot_summary&file=spot_summary_2012.csv
2012-06-15,jepx-spread-range-kyushu,kyushu,3.380000000000001,https://www.jepx.jp/_download.php?dir=spot_summary&file=spot_summary_2012.csv
2012-06-16,jepx-spread-range-kyushu,kyushu,1.99,https://www.jepx.jp/_download.php?dir=spot_summary&file=spot_summary_2012.csv
2012-06-17,jepx-spread-range-kyushu,kyushu,2.83,https://www.jepx.jp/_download.php?dir=spot_summary&file=spot_summary_2012.csv
2012-06-18,jepx-spread-range-kyushu,kyushu,6.179999999999998,https://www.jepx.jp/_download.php?dir=spot_summary&file=spot_summary_2012.csv
2012-06-19,jepx-spread-range-kyushu,kyushu,6.0600000000000005,https://www.jepx.jp/_download.php?dir=spot_summary&file=spot_summary_2012.csv
2012-06-20,jepx-spread-range-kyushu,kyushu,13.189999999999998,https://www.jepx.jp/_download.php?dir=spot_summary&file=spot_summary_2012.csv
2012-06-21,jepx-spread-range-kyushu,kyushu,7.16,https://www.jepx.jp/_download.php?dir=spot_summary&file=spot_summary_2012.csv
2012-06-22,jepx-spread-range-kyushu,kyushu,7.780000000000001,https://www.jepx.jp/_download.php?dir=spot_summary&file=spot_summary_2012.csv
2012-06-23,jepx-spread-range-kyushu,kyushu,3.83,https://www.jepx.jp/_download.php?dir=spot_summary&file=spot_summary_2012.csv
2012-06-24,jepx-spread-range-kyushu,kyushu,3.92,https://www.jepx.jp/_download.php?dir=spot_summary&file=spot_summary_2012.csv
2012-06-25,jepx-spread-range-kyushu,kyushu,5.220000000000001,https://www.jepx.jp/_download.php?dir=spot_summary&file=spot_summary_2012.csv
2012-06-26,jepx-spread-range-kyushu,kyushu,4.119999999999999,https://www.jepx.jp/_download.php?dir=spot_summary&file=spot_summary_2012.csv
2012-06-27,jepx-spread-range-kyushu,kyushu,4.949999999999999,https://www.jepx.jp/_download.php?dir=spot_summary&file=spot_summary_2012.csv
2012-06-28,jepx-spread-range-kyushu,kyushu,5.73,https://www.jepx.jp/_download.php?dir=spot_summary&file=spot_summary_2012.csv
2012-06-29,jepx-spread-range-kyushu,kyushu,5.739999999999998,https://www.jepx.jp/_download.php?dir=spot_summary&file=spot_summary_2012.csv
2012-06-30,jepx-spread-range-kyushu,kyushu,4.1,https://www.jepx.jp/_download.php?dir=spot_summary&file=spot_summary_2012.csv
2012-07-01,jepx-spread-range-kyushu,kyushu,3.25,https://www.jepx.jp/_download.php?dir=spot_summary&file=spot_summary_2012.csv
2012-07-02,jepx-spread-range-kyushu,kyushu,5.370000000000001,https://www.jepx.jp/_download.php?dir=spot_summary&file=spot_summary_2012.csv
2012-07-03,jepx-spread-range-kyushu,kyushu,4.83,https://www.jepx.jp/_download.php?dir=spot_summary&file=spot_summary_2012.csv
2012-07-04,jepx-spread-range-kyushu,kyushu,5.539999999999999,https://www.jepx.jp/_download.php?dir=spot_summary&file=spot_summary_2012.csv
2012-07-05,jepx-spread-range-kyushu,kyushu,5.350000000000001,https://www.jepx.jp/_download.php?dir=spot_summary&file=spot_summary_2012.csv
2012-07-06,jepx-spread-range-kyushu,kyushu,5.890000000000001,https://www.jepx.jp/_download.php?dir=spot_summary&file=spot_summary_2012.csv
2012-07-07,jepx-spread-range-kyushu,kyushu,5.680000000000001,https://www.jepx.jp/_download.php?dir=spot_summary&file=spot_summary_2012.csv
2012-07-08,jepx-spread-range-kyushu,kyushu,4.52,https://www.jepx.jp/_download.php?dir=spot_summary&file=spot_summary_2012.csv
2012-07-09,jepx-spread-range-kyushu,kyushu,6.699999999999999,https://www.jepx.jp/_download.php?dir=spot_summary&file=spot_summary_2012.csv
2012-07-10,jepx-spread-range-kyushu,kyushu,6.709999999999999,https://www.jepx.jp/_download.php?dir=spot_summary&file=spot_summary_2012.csv
2012-07-11,jepx-spread-range-kyushu,kyushu,5.77,https://www.jepx.jp/_download.php?dir=spot_summary&file=spot_summary_2012.csv
2012-07-12,jepx-spread-range-kyushu,kyushu,6.25,https://www.jepx.jp/_download.php?dir=spot_summary&file=spot_summary_2012.csv
2012-07-13,jepx-spread-range-kyushu,kyushu,6.42,https://www.jepx.jp/_download.php?dir=spot_summary&file=spot_summary_2012.csv
2012-07-14,jepx-spread-range-kyushu,kyushu,4.54,https://www.jepx.jp/_download.php?dir=spot_summary&file=spot_summary_2012.csv
2012-07-15,jepx-spread-range-kyushu,kyushu,5.01,https://www.jepx.jp/_download.php?dir=spot_summary&file=spot_summary_2012.csv
2012-07-16,jepx-spread-range-kyushu,kyushu,5.11,https://www.jepx.jp/_download.php?dir=spot_summary&file=spot_summary_2012.csv
2012-07-17,jepx-spread-range-kyushu,kyushu,6.42,https://www.jepx.jp/_download.php?dir=spot_summary&file=spot_summary_2012.csv
2012-07-18,jepx-spread-range-kyushu,kyushu,9.45,https://www.jepx.jp/_download.php?dir=spot_summary&file=spot_summary_2012.csv
2012-07-19,jepx-spread-range-kyushu,kyushu,11.09,https://www.jepx.jp/_download.php?dir=spot_summary&file=spot_summary_2012.csv
2012-07-20,jepx-spread-range-kyushu,kyushu,6.92,https://www.jepx.jp/_download.php?dir=spot_summary&file=spot_summary_2012.csv
2012-07-21,jepx-spread-range-kyushu,kyushu,4.530000000000001,https://www.jepx.jp/_download.php?dir=spot_summary&file=spot_summary_2012.csv
2012-07-22,jepx-spread-range-kyushu,kyushu,4.5200000000000005,https://www.jepx.jp/_download.php?dir=spot_summary&file=spot_summary_2012.csv
2012-07-23,jepx-spread-range-kyushu,kyushu,12.47,https://www.jepx.jp/_download.php?dir=spot_summary&file=spot_summary_2012.csv
2012-07-24,jepx-spread-range-kyushu,kyushu,12.78,https://www.jepx.jp/_download.php?dir=spot_summary&file=spot_summary_2012.csv
2012-07-25,jepx-spread-range-kyushu,kyushu,12.79,https://www.jepx.jp/_download.php?dir=spot_summary&file=spot_summary_2012.csv
2012-07-26,jepx-spread-range-kyushu,kyushu,12.64,https://www.jepx.jp/_download.php?dir=spot_summary&file=spot_summary_2012.csv
2012-07-27,jepx-spread-range-kyushu,kyushu,14.079999999999998,https://www.jepx.jp/_download.php?dir=spot_summary&file=spot_summary_2012.csv
2012-07-28,jepx-spread-range-kyushu,kyushu,6.749999999999999,https://www.jepx.jp/_download.php?dir=spot_summary&file=spot_summary_2012.csv
2012-07-29,jepx-spread-range-kyushu,kyushu,5.59,https://www.jepx.jp/_download.php?dir=spot_summary&file=spot_summary_2012.csv
2012-07-30,jepx-spread-range-kyushu,kyushu,17.66,https://www.jepx.jp/_download.php?dir=spot_summary&file=spot_summary_2012.csv
2012-07-31,jepx-spread-range-kyushu,kyushu,27.16,https://www.jepx.jp/_download.php?dir=spot_summary&file=spot_summary_2012.csv
2012-08-01,jepx-spread-range-kyushu,kyushu,15.759999999999998,https://www.jepx.jp/_download.php?dir=spot_summary&file=spot_summary_2012.csv
2012-08-02,jepx-spread-range-kyushu,kyushu,17.88,https://www.jepx.jp/_download.php?dir=spot_summary&file=spot_summary_2012.csv
2012-08-03,jepx-spread-range-kyushu,kyushu,30.15,https://www.jepx.jp/_download.php?dir=spot_summary&file=spot_summary_2012.csv
2012-08-04,jepx-spread-range-kyushu,kyushu,5.33,https://www.jepx.jp/_download.php?dir=spot_summary&file=spot_summary_2012.csv
2012-08-05,jepx-spread-range-kyushu,kyushu,4.35,https://www.jepx.jp/_download.php?dir=spot_summary&file=spot_summary_2012.csv
2012-08-06,jepx-spread-range-kyushu,kyushu,12.609999999999998,https://www.jepx.jp/_download.php?dir=spot_summary&file=spot_summary_2012.csv
2012-08-07,jepx-spread-range-kyushu,kyushu,11.89,https://www.jepx.jp/_download.php?dir=spot_summary&file=spot_summary_2012.csv
2012-08-08,jepx-spread-range-kyushu,kyushu,12.87,https://www.jepx.jp/_download.php?dir=spot_summary&file=spot_summary_2012.csv
2012-08-09,jepx-spread-range-kyushu,kyushu,11.63,https://www.jepx.jp/_download.php?dir=spot_summary&file=spot_summary_2012.csv
2012-08-10,jepx-spread-range-kyushu,kyushu,11.449999999999998,https://www.jepx.jp/_download.php?dir=spot_summary&file=spot_summary_2012.csv
2012-08-11,jepx-spread-range-kyushu,kyushu,4.24,https://www.jepx.jp/_download.php?dir=spot_summary&file=spot_summary_2012.csv
2012-08-12,jepx-spread-range-kyushu,kyushu,4.25,https://www.jepx.jp/_download.php?dir=spot_summary&file=spot_summary_2012.csv
2012-08-13,jepx-spread-range-kyushu,kyushu,4.739999999999998,https://www.jepx.jp/_download.php?dir=spot_summary&file=spot_summary_2012.csv
2012-08-14,jepx-spread-range-kyushu,kyushu,4.760000000000002,https://www.jepx.jp/_download.php?dir=spot_summary&file=spot_summary_2012.csv
2012-08-15,jepx-spread-range-kyushu,kyushu,5.709999999999999,https://www.jepx.jp/_download.php?dir=spot_summary&file=spot_summary_2012.csv
2012-08-16,jepx-spread-range-kyushu,kyushu,6.440000000000001,https://www.jepx.jp/_download.php?dir=spot_summary&file=spot_summary_2012.csv
2012-08-17,jepx-spread-range-kyushu,kyushu,10.29,https://www.jepx.jp/_download.php?dir=spot_summary&file=spot_summary_2012.csv
2012-08-18,jepx-spread-range-kyushu,kyushu,4.359999999999999,https://www.jepx.jp/_download.php?dir=spot_summary&file=spot_summary_2012.csv
2012-08-19,jepx-spread-range-kyushu,kyushu,5.379999999999999,https://www.jepx.jp/_download.php?dir=spot_summary&file=spot_summary_2012.csv
2012-08-20,jepx-spread-range-kyushu,kyushu,30.090000000000003,https://www.jepx.jp/_download.php?dir=spot_summary&file=spot_summary_2012.csv
2012-08-21,jepx-spread-range-kyushu,kyushu,30.120000000000005,https://www.jepx.jp/_download.php?dir=spot_summary&file=spot_summary_2012.csv
2012-08-22,jepx-spread-range-kyushu,kyushu,9.05,https://www.jepx.jp/_download.php?dir=spot_summary&file=spot_summary_2012.csv
2012-08-23,jepx-spread-range-kyushu,kyushu,26.08,https://www.jepx.jp/_download.php?dir=spot_summary&file=spot_summary_2012.csv
2012-08-24,jepx-spread-range-kyushu,kyushu,29.590000000000003,https://www.jepx.jp/_download.php?dir=spot_summary&file=spot_summary_2012.csv
2012-08-25,jepx-spread-range-kyushu,kyushu,4.640000000000001,https://www.jepx.jp/_download.php?dir=spot_summary&file=spot_summary_2012.csv
2012-08-26,jepx-spread-range-kyushu,kyushu,3.7200000000000006,https://www.jepx.jp/_download.php?dir=spot_summary&file=spot_summary_2012.csv
2012-08-27,jepx-spread-range-kyushu,kyushu,13.42,https://www.jepx.jp/_download.php?dir=spot_summary&file=spot_summary_2012.csv
2012-08-28,jepx-spread-range-kyushu,kyushu,23.18,https://www.jepx.jp/_download.php?dir=spot_summary&file=spot_summary_2012.csv
2012-08-29,jepx-spread-range-kyushu,kyushu,30.0,https://www.jepx.jp/_download.php?dir=spot_summary&file=spot_summary_2012.csv
2012-08-30,jepx-spread-range-kyushu,kyushu,24.17,https://www.jepx.jp/_download.php?dir=spot_summary&file=spot_summary_2012.csv
2012-08-31,jepx-spread-range-kyushu,kyushu,25.72,https://www.jepx.jp/_download.php?dir=spot_summary&file=spot_summary_2012.csv
2012-09-01,jepx-spread-range-kyushu,kyushu,6.340000000000002,https://www.jepx.jp/_download.php?dir=spot_summary&file=spot_summary_2012.csv
2012-09-02,jepx-spread-range-kyushu,kyushu,6.41,https://www.jepx.jp/_download.php?dir=spot_summary&file=spot_summary_2012.csv
2012-09-03,jepx-spread-range-kyushu,kyushu,11.909999999999998,https://www.jepx.jp/_download.php?dir=spot_summary&file=spot_summary_2012.csv
2012-09-04,jepx-spread-range-kyushu,kyushu,29.47,https://www.jepx.jp/_download.php?dir=spot_summary&file=spot_summary_2012.csv
2012-09-05,jepx-spread-range-kyushu,kyushu,13.24,https://www.jepx.jp/_download.php?dir=spot_summary&file=spot_summary_2012.csv
2012-09-06,jepx-spread-range-kyushu,kyushu,7.4300000000000015,https://www.jepx.jp/_download.php?dir=spot_summary&file=spot_summary_2012.csv
2012-09-07,jepx-spread-range-kyushu,kyushu,7.57,https://www.jepx.jp/_download.php?dir=spot_summary&file=spot_summary_2012.csv
2012-09-08,jepx-spread-range-kyushu,kyushu,4.23,https://www.jepx.jp/_download.php?dir=spot_summary&file=spot_summary_2012.csv
2012-09-09,jepx-spread-range-kyushu,kyushu,4.199999999999999,https://www.jepx.jp/_download.php?dir=spot_summary&file=spot_summary_2012.csv
2012-09-10,jepx-spread-range-kyushu,kyushu,10.86,https://www.jepx.jp/_download.php?dir=spot_summary&file=spot_summary_2012.csv
2012-09-11,jepx-spread-range-kyushu,kyushu,10.07,https://www.jepx.jp/_download.php?dir=spot_summary&file=spot_summary_2012.csv
2012-09-12,jepx-spread-range-kyushu,kyushu,9.749999999999998,https://www.jepx.jp/_download.php?dir=spot_summary&file=spot_summary_2012.csv
2012-09-13,jepx-spread-range-kyushu,kyushu,10.22,https://www.jepx.jp/_download.php?dir=spot_summary&file=spot_summary_2012.csv
2012-09-14,jepx-spread-range-kyushu,kyushu,10.49,https://www.jepx.jp/_download.php?dir=spot_summary&file=spot_summary_2012.csv
2012-09-15,jepx-spread-range-kyushu,kyushu,2.870000000000001,https://www.jepx.jp/_download.php?dir=spot_summary&file=spot_summary_2012.csv
2012-09-16,jepx-spread-range-kyushu,kyushu,3.41,https://www.jepx.jp/_download.php?dir=spot_summary&file=spot_summary_2012.csv
2012-09-17,jepx-spread-range-kyushu,kyushu,6.639999999999999,https://www.jepx.jp/_download.php?dir=spot_summary&file=spot_summary_2012.csv
2012-09-18,jepx-spread-range-kyushu,kyushu,9.47,https://www.jepx.jp/_download.php?dir=spot_summary&file=spot_summary_2012.csv
2012-09-19,jepx-spread-range-kyushu,kyushu,5.42,https://www.jepx.jp/_download.php?dir=spot_summary&file=spot_summary_2012.csv
2012-09-20,jepx-spread-range-kyushu,kyushu,5.209999999999999,https://www.jepx.jp/_download.php?dir=spot_summary&file=spot_summary_2012.csv
2012-09-21,jepx-spread-range-kyushu,kyushu,10.47,https://www.jepx.jp/_download.php?dir=spot_summary&file=spot_summary_2012.csv
2012-09-22,jepx-spread-range-kyushu,kyushu,5.8100000000000005,https://www.jepx.jp/_download.php?dir=spot_summary&file=spot_summary_2012.csv
2012-09-23,jepx-spread-range-kyushu,kyushu,5.65,https://www.jepx.jp/_download.php?dir=spot_summary&file=spot_summary_2012.csv
2012-09-24,jepx-spread-range-kyushu,kyushu,7.39,https://www.jepx.jp/_download.php?dir=spot_summary&file=spot_summary_2012.csv
2012-09-25,jepx-spread-range-kyushu,kyushu,6.420000000000001,https://www.jepx.jp/_download.php?dir=spot_summary&file=spot_summary_2012.csv
2012-09-26,jepx-spread-range-kyushu,kyushu,7.580000000000001,https://www.jepx.jp/_download.php?dir=spot_summary&file=spot_summary_2012.csv
2012-09-27,jepx-spread-range-kyushu,kyushu,7.24,https://www.jepx.jp/_download.php?dir=spot_summary&file=spot_summary_2012.csv
2012-09-28,jepx-spread-range-kyushu,kyushu,7.550000000000001,https://www.jepx.jp/_download.php?dir=spot_summary&file=spot_summary_2012.csv
2012-09-29,jepx-spread-range-kyushu,kyushu,5.98,https://www.jepx.jp/_download.php?dir=spot_summary&file=spot_summary_2012.csv
2012-09-30,jepx-spread-range-kyushu,kyushu,6.3100000000000005,https://www.jepx.jp/_download.php?dir=spot_summary&file=spot_summary_2012.csv
2012-10-01,jepx-spread-range-kyushu,kyushu,8.639999999999999,https://www.jepx.jp/_download.php?dir=spot_summary&file=spot_summary_2012.csv
2012-10-02,jepx-spread-range-kyushu,kyushu,5.5,https://www.jepx.jp/_download.php?dir=spot_summary&file=spot_summary_2012.csv
2012-10-03,jepx-spread-range-kyushu,kyushu,5.0600000000000005,https://www.jepx.jp/_download.php?dir=spot_summary&file=spot_summary_2012.csv
2012-10-04,jepx-spread-range-kyushu,kyushu,7.629999999999999,https://www.jepx.jp/_download.php?dir=spot_summary&file=spot_summary_2012.csv
2012-10-05,jepx-spread-range-kyushu,kyushu,5.469999999999999,https://www.jepx.jp/_download.php?dir=spot_summary&file=spot_summary_2012.csv
2012-10-06,jepx-spread-range-kyushu,kyushu,2.8200000000000003,https://www.jepx.jp/_download.php?dir=spot_summary&file=spot_summary_2012.csv
2012-10-07,jepx-spread-range-kyushu,kyushu,3.209999999999999,https://www.jepx.jp/_download.php?dir=spot_summary&file=spot_summary_2012.csv
2012-10-08,jepx-spread-range-kyushu,kyushu,3.2200000000000006,https://www.jepx.jp/_download.php?dir=spot_summary&file=spot_summary_2012.csv
2012-10-09,jepx-spread-range-kyushu,kyushu,4.510000000000002,https://www.jepx.jp/_download.php?dir=spot_summary&file=spot_summary_2012.csv
2012-10-10,jepx-spread-range-kyushu,kyushu,5.18,https://www.jepx.jp/_download.php?dir=spot_summary&file=spot_summary_2012.csv
2012-10-11,jepx-spread-range-kyushu,kyushu,7.229999999999999,https://www.jepx.jp/_download.php?dir=spot_summary&file=spot_summary_2012.csv
2012-10-12,jepx-spread-range-kyushu,kyushu,7.82,https://www.jepx.jp/_download.php?dir=spot_summary&file=spot_summary_2012.csv
2012-10-13,jepx-spread-range-kyushu,kyushu,3.1999999999999997,https://www.jepx.jp/_download.php?dir=spot_summary&file=spot_summary_2012.csv
2012-10-14,jepx-spread-range-kyushu,kyushu,2.0700000000000003,https://www.jepx.jp/_download.php?dir=spot_summary&file=spot_summary_2012.csv
2012-10-15,jepx-spread-range-kyushu,kyushu,3.6999999999999993,https://www.jepx.jp/_download.php?dir=spot_summary&file=spot_summary_2012.csv
2012-10-16,jepx-spread-range-kyushu,kyushu,5.029999999999998,https://www.jepx.jp/_download.php?dir=spot_summary&file=spot_summary_2012.csv
2012-10-17,jepx-spread-range-kyushu,kyushu,7.049999999999999,https://www.jepx.jp/_download.php?dir=spot_summary&file=spot_summary_2012.csv
2012-10-18,jepx-spread-range-kyushu,kyushu,4.050000000000001,https://www.jepx.jp/_download.php?dir=spot_summary&file=spot_summary_2012.csv
2012-10-19,jepx-spread-range-kyushu,kyushu,2.08,https://www.jepx.jp/_download.php?dir=spot_summary&file=spot_summary_2012.csv
2012-10-20,jepx-spread-range-kyushu,kyushu,1.9499999999999995,https://www.jepx.jp/_download.php?dir=spot_summary&file=spot_summary_2012.csv
2012-10-21,jepx-spread-range-kyushu,kyushu,2.200000000000001,https://www.jepx.jp/_download.php?dir=spot_summary&file=spot_summary_2012.csv
2012-10-22,jepx-spread-range-kyushu,kyushu,6.57,https://www.jepx.jp/_download.php?dir=spot_summary&file=spot_summary_2012.csv
2012-10-23,jepx-spread-range-kyushu,kyushu,2.41,https://www.jepx.jp/_download.php?dir=spot_summary&file=spot_summary_2012.csv
2012-10-24,jepx-spread-range-kyushu,kyushu,2.28,https://www.jepx.jp/_download.php?dir=spot_summary&file=spot_summary_2012.csv
2012-10-25,jepx-spread-range-kyushu,kyushu,2.49,https://www.jepx.jp/_download.php?dir=spot_summary&file=spot_summary_2012.csv
2012-10-26,jepx-spread-range-kyushu,kyushu,2.34,https://www.jepx.jp/_download.php?dir=spot_summary&file=spot_summary_2012.csv
2012-10-27,jepx-spread-range-kyushu,kyushu,2.3100000000000005,https://www.jepx.jp/_download.php?dir=spot_summary&file=spot_summary_2012.csv
2012-10-28,jepx-spread-range-kyushu,kyushu,2.369999999999999,https://www.jepx.jp/_download.php?dir=spot_summary&file=spot_summary_2012.csv
2012-10-29,jepx-spread-range-kyushu,kyushu,3.08,https://www.jepx.jp/_download.php?dir=spot_summary&file=spot_summary_2012.csv
2012-10-30,jepx-spread-range-kyushu,kyushu,3.26,https://www.jepx.jp/_download.php?dir=spot_summary&file=spot_summary_2012.csv
2012-10-31,jepx-spread-range-kyushu,kyushu,2.83,https://www.jepx.jp/_download.php?dir=spot_summary&file=spot_summary_2012.csv
2012-11-01,jepx-spread-range-kyushu,kyushu,3.210000000000001,https://www.jepx.jp/_download.php?dir=spot_summary&file=spot_summary_2012.csv
2012-11-02,jepx-spread-range-kyushu,kyushu,2.219999999999999,https://www.jepx.jp/_download.php?dir=spot_summary&file=spot_summary_2012.csv
2012-11-03,jepx-spread-range-kyushu,kyushu,3.140000000000001,https://www.jepx.jp/_download.php?dir=spot_summary&file=spot_summary_2012.csv
2012-11-04,jepx-spread-range-kyushu,kyushu,2.890000000000001,https://www.jepx.jp/_download.php?dir=spot_summary&file=spot_summary_2012.csv
2012-11-05,jepx-spread-range-kyushu,kyushu,4.51,https://www.jepx.jp/_download.php?dir=spot_summary&file=spot_summary_2012.csv
2012-11-06,jepx-spread-range-kyushu,kyushu,3.640000000000001,https://www.jepx.jp/_download.php?dir=spot_summary&file=spot_summary_2012.csv
2012-11-07,jepx-spread-range-kyushu,kyushu,3.130000000000001,https://www.jepx.jp/_download.php?dir=spot_summary&file=spot_summary_2012.csv
2012-11-08,jepx-spread-range-kyushu,kyushu,4.310000000000002,https://www.jepx.jp/_download.php?dir=spot_summary&file=spot_summary_2012.csv
2012-11-09,jepx-spread-range-kyushu,kyushu,3.4399999999999995,https://www.jepx.jp/_download.php?dir=spot_summary&file=spot_summary_2012.csv
2012-11-10,jepx-spread-range-kyushu,kyushu,2.76,https://www.jepx.jp/_download.php?dir=spot_summary&file=spot_summary_2012.csv
2012-11-11,jepx-spread-range-kyushu,kyushu,3.82,https://www.jepx.jp/_download.php?dir=spot_summary&file=spot_summary_2012.csv
2012-11-12,jepx-spread-range-kyushu,kyushu,3.5500000000000007,https://www.jepx.jp/_download.php?dir=spot_summary&file=spot_summary_2012.csv
2012-11-13,jepx-spread-range-kyushu,kyushu,3.030000000000001,https://www.jepx.jp/_download.php?dir=spot_summary&file=spot_summary_2012.csv
2012-11-14,jepx-spread-range-kyushu,kyushu,6.84,https://www.jepx.jp/_download.php?dir=spot_summary&file=spot_summary_2012.csv
2012-11-15,jepx-spread-range-kyushu,kyushu,8.68,https://www.jepx.jp/_download.php?dir=spot_summary&file=spot_summary_2012.csv
2012-11-16,jepx-spread-range-kyushu,kyushu,8.440000000000001,https://www.jepx.jp/_download.php?dir=spot_summary&file=spot_summary_2012.csv
2012-11-17,jepx-spread-range-kyushu,kyushu,2.3200000000000003,https://www.jepx.jp/_download.php?dir=spot_summary&file=spot_summary_2012.csv
2012-11-18,jepx-spread-range-kyushu,kyushu,2.3599999999999994,https://www.jepx.jp/_download.php?dir=spot_summary&file=spot_summary_2012.csv
2012-11-19,jepx-spread-range-kyushu,kyushu,6.539999999999999,https://www.jepx.jp/_download.php?dir=spot_summary&file=spot_summary_2012.csv
2012-11-20,jepx-spread-range-kyushu,kyushu,3.75,https://www.jepx.jp/_download.php?dir=spot_summary&file=spot_summary_2012.csv
2012-11-21,jepx-spread-range-kyushu,kyushu,6.049999999999999,https://www.jepx.jp/_download.php?dir=spot_summary&file=spot_summary_2012.csv
2012-11-22,jepx-spread-range-kyushu,kyushu,3.360000000000001,https://www.jepx.jp/_download.php?dir=spot_summary&file=spot_summary_2012.csv
2012-11-23,jepx-spread-range-kyushu,kyushu,4.140000000000001,https://www.jepx.jp/_download.php?dir=spot_summary&file=spot_summary_2012.csv
2012-11-24,jepx-spread-range-kyushu,kyushu,3.809999999999999,https://www.jepx.jp/_download.php?dir=spot_summary&file=spot_summary_2012.csv
2012-11-25,jepx-spread-range-kyushu,kyushu,3.5,https://www.jepx.jp/_download.php?dir=spot_summary&file=spot_summary_2012.csv
2012-11-26,jepx-spread-range-kyushu,kyushu,6.279999999999999,https://www.jepx.jp/_download.php?dir=spot_summary&file=spot_summary_2012.csv
2012-11-27,jepx-spread-range-kyushu,kyushu,6.65,https://www.jepx.jp/_download.php?dir=spot_summary&file=spot_summary_2012.csv
2012-11-28,jepx-spread-range-kyushu,kyushu,5.979999999999999,https://www.jepx.jp/_download.php?dir=spot_summary&file=spot_summary_2012.csv
2012-11-29,jepx-spread-range-kyushu,kyushu,7.079999999999998,https://www.jepx.jp/_download.php?dir=spot_summary&file=spot_summary_2012.csv
2012-11-30,jepx-spread-range-kyushu,kyushu,7.190000000000001,https://www.jepx.jp/_download.php?dir=spot_summary&file=spot_summary_2012.csv
2012-12-01,jepx-spread-range-kyushu,kyushu,3.26,https://www.jepx.jp/_download.php?dir=spot_summary&file=spot_summary_2012.csv
2012-12-02,jepx-spread-range-kyushu,kyushu,2.9499999999999997,https://www.jepx.jp/_download.php?dir=spot_summary&file=spot_summary_2012.csv
2012-12-03,jepx-spread-range-kyushu,kyushu,7.639999999999999,https://www.jepx.jp/_download.php?dir=spot_summary&file=spot_summary_2012.csv
2012-12-04,jepx-spread-range-kyushu,kyushu,8.16,https://www.jepx.jp/_download.php?dir=spot_summary&file=spot_summary_2012.csv
2012-12-05,jepx-spread-range-kyushu,kyushu,8.950000000000001,https://www.jepx.jp/_download.php?dir=spot_summary&file=spot_summary_2012.csv
2012-12-06,jepx-spread-range-kyushu,kyushu,8.700000000000001,https://www.jepx.jp/_download.php?dir=spot_summary&file=spot_summary_2012.csv
2012-12-07,jepx-spread-range-kyushu,kyushu,13.29,https://www.jepx.jp/_download.php?dir=spot_summary&file=spot_summary_2012.csv
2012-12-08,jepx-spread-range-kyushu,kyushu,2.1899999999999995,https://www.jepx.jp/_download.php?dir=spot_summary&file=spot_summary_2012.csv
2012-12-09,jepx-spread-range-kyushu,kyushu,3.710000000000001,https://www.jepx.jp/_download.php?dir=spot_summary&file=spot_summary_2012.csv
2012-12-10,jepx-spread-range-kyushu,kyushu,13.79,https://www.jepx.jp/_download.php?dir=spot_summary&file=spot_summary_2012.csv
2012-12-11,jepx-spread-range-kyushu,kyushu,19.02,https://www.jepx.jp/_download.php?dir=spot_summary&file=spot_summary_2012.csv
2012-12-12,jepx-spread-range-kyushu,kyushu,18.32,https://www.jepx.jp/_download.php?dir=spot_summary&file=spot_summary_2012.csv
2012-12-13,jepx-spread-range-kyushu,kyushu,19.51,https://www.jepx.jp/_download.php?dir=spot_summary&file=spot_summary_2012.csv
2012-12-14,jepx-spread-range-kyushu,kyushu,13.29,https://www.jepx.jp/_download.php?dir=spot_summary&file=spot_summary_2012.csv
2012-12-15,jepx-spread-range-kyushu,kyushu,1.0099999999999998,https://www.jepx.jp/_download.php?dir=spot_summary&file=spot_summary_2012.csv
2012-12-16,jepx-spread-range-kyushu,kyushu,1.34,https://www.jepx.jp/_download.php?dir=spot_summary&file=spot_summary_2012.csv
2012-12-17,jepx-spread-range-kyushu,kyushu,5.970000000000001,https://www.jepx.jp/_download.php?dir=spot_summary&file=spot_summary_2012.csv
2012-12-18,jepx-spread-range-kyushu,kyushu,8.49,https://www.jepx.jp/_download.php?dir=spot_summary&file=spot_summary_2012.csv
2012-12-19,jepx-spread-range-kyushu,kyushu,14.03,https://www.jepx.jp/_download.php?dir=spot_summary&file=spot_summary_2012.csv
2012-12-20,jepx-spread-range-kyushu,kyushu,12.69,https://www.jepx.jp/_download.php?dir=spot_summary&file=spot_summary_2012.csv
2012-12-21,jepx-spread-range-kyushu,kyushu,6.470000000000001,https://www.jepx.jp/_download.php?dir=spot_summary&file=spot_summary_2012.csv
2012-12-22,jepx-spread-range-kyushu,kyushu,1.9699999999999989,https://www.jepx.jp/_download.php?dir=spot_summary&file=spot_summary_2012.csv
2012-12-23,jepx-spread-range-kyushu,kyushu,1.5200000000000014,https://www.jepx.jp/_download.php?dir=spot_summary&file=spot_summary_2012.csv
2012-12-24,jepx-spread-range-kyushu,kyushu,4.050000000000001,https://www.jepx.jp/_download.php?dir=spot_summary&file=spot_summary_2012.csv
2012-12-25,jepx-spread-range-kyushu,kyushu,4.990000000000002,https://www.jepx.jp/_download.php?dir=spot_summary&file=spot_summary_2012.csv
2012-12-26,jepx-spread-range-kyushu,kyushu,5.860000000000001,https://www.jepx.jp/_download.php?dir=spot_summary&file=spot_summary_2012.csv
2012-12-27,jepx-spread-range-kyushu,kyushu,4.65,https://www.jepx.jp/_download.php?dir=spot_summary&file=spot_summary_2012.csv
2012-12-28,jepx-spread-range-kyushu,kyushu,3.91,https://www.jepx.jp/_download.php?dir=spot_summary&file=spot_summary_2012.csv
2012-12-29,jepx-spread-range-kyushu,kyushu,0.8800000000000008,https://www.jepx.jp/_download.php?dir=spot_summary&file=spot_summary_2012.csv
2012-12-30,jepx-spread-range-kyushu,kyushu,3.17,https://www.jepx.jp/_download.php?dir=spot_summary&file=spot_summary_2012.csv
2012-12-31,jepx-spread-range-kyushu,kyushu,2.289999999999999,https://www.jepx.jp/_download.php?dir=spot_summary&file=spot_summary_2012.csv
2013-01-01,jepx-spread-range-kyushu,kyushu,5.930000000000001,https://www.jepx.jp/_download.php?dir=spot_summary&file=spot_summary_2012.csv
2013-01-02,jepx-spread-range-kyushu,kyushu,2.9000000000000004,https://www.jepx.jp/_download.php?dir=spot_summary&file=spot_summary_2012.csv
2013-01-03,jepx-spread-range-kyushu,kyushu,2.549999999999999,https://www.jepx.jp/_download.php?dir=spot_summary&file=spot_summary_2012.csv
2013-01-04,jepx-spread-range-kyushu,kyushu,2.219999999999999,https://www.jepx.jp/_download.php?dir=spot_summary&file=spot_summary_2012.csv
2013-01-05,jepx-spread-range-kyushu,kyushu,1.6799999999999995,https://www.jepx.jp/_download.php?dir=spot_summary&file=spot_summary_2012.csv
2013-01-06,jepx-spread-range-kyushu,kyushu,1.959999999999999,https://www.jepx.jp/_download.php?dir=spot_summary&file=spot_summary_2012.csv
2013-01-07,jepx-spread-range-kyushu,kyushu,8.919999999999998,https://www.jepx.jp/_download.php?dir=spot_summary&file=spot_summary_2012.csv
2013-01-08,jepx-spread-range-kyushu,kyushu,7.18,https://www.jepx.jp/_download.php?dir=spot_summary&file=spot_summary_2012.csv
2013-01-09,jepx-spread-range-kyushu,kyushu,7.139999999999999,https://www.jepx.jp/_download.php?dir=spot_summary&file=spot_summary_2012.csv
2013-01-10,jepx-spread-range-kyushu,kyushu,6.450000000000001,https://www.jepx.jp/_download.php?dir=spot_summary&file=spot_summary_2012.csv
2013-01-11,jepx-spread-range-kyushu,kyushu,2.4700000000000006,https://www.jepx.jp/_download.php?dir=spot_summary&file=spot_summary_2012.csv
2013-01-12,jepx-spread-range-kyushu,kyushu,0.6699999999999999,https://www.jepx.jp/_download.php?dir=spot_summary&file=spot_summary_2012.csv
2013-01-13,jepx-spread-range-kyushu,kyushu,0.6400000000000006,https://www.jepx.jp/_download.php?dir=spot_summary&file=spot_summary_2012.csv
2013-01-14,jepx-spread-range-kyushu,kyushu,0.9299999999999996,https://www.jepx.jp/_download.php?dir=spot_summary&file=spot_summary_2012.csv
2013-01-15,jepx-spread-range-kyushu,kyushu,2.5500000000000007,https://www.jepx.jp/_download.php?dir=spot_summary&file=spot_summary_2012.csv
2013-01-16,jepx-spread-range-kyushu,kyushu,2.370000000000001,https://www.jepx.jp/_download.php?dir=spot_summary&file=spot_summary_2012.csv
2013-01-17,jepx-spread-range-kyushu,kyushu,2.18,https://www.jepx.jp/_download.php?dir=spot_summary&file=spot_summary_2012.csv
2013-01-18,jepx-spread-range-kyushu,kyushu,5.67,https://www.jepx.jp/_download.php?dir=spot_summary&file=spot_summary_2012.csv
2013-01-19,jepx-spread-range-kyushu,kyushu,2.24,https://www.jepx.jp/_download.php?dir=spot_summary&file=spot_summary_2012.csv
2013-01-20,jepx-spread-range-kyushu,kyushu,1.4299999999999995,https://www.jepx.jp/_download.php?dir=spot_summary&file=spot_summary_2012.csv
2013-01-21,jepx-spread-range-kyushu,kyushu,2.3999999999999986,https://www.jepx.jp/_download.php?dir=spot_summary&file=spot_summary_2012.csv
2013-01-22,jepx-spread-range-kyushu,kyushu,1.6999999999999993,https://www.jepx.jp/_download.php?dir=spot_summary&file=spot_summary_2012.csv
2013-01-23,jepx-spread-range-kyushu,kyushu,2.83,https://www.jepx.jp/_download.php?dir=spot_summary&file=spot_summary_2012.csv
2013-01-24,jepx-spread-range-kyushu,kyushu,5.07,https://www.jepx.jp/_download.php?dir=spot_summary&file=spot_summary_2012.csv
2013-01-25,jepx-spread-range-kyushu,kyushu,5.57,https://www.jepx.jp/_download.php?dir=spot_summary&file=spot_summary_2012.csv
2013-01-26,jepx-spread-range-kyushu,kyushu,6.020000000000001,https://www.jepx.jp/_download.php?dir=spot_summary&file=spot_summary_2012.csv
2013-01-27,jepx-spread-range-kyushu,kyushu,1.0,https://www.jepx.jp/_download.php?dir=spot_summary&file=spot_summary_2012.csv
2013-01-28,jepx-spread-range-kyushu,kyushu,7.570000000000002,https://www.jepx.jp/_download.php?dir=spot_summary&file=spot_summary_2012.csv
2013-01-29,jepx-spread-range-kyushu,kyushu,3.6999999999999993,https://www.jepx.jp/_download.php?dir=spot_summary&file=spot_summary_2012.csv
2013-01-30,jepx-spread-range-kyushu,kyushu,6.080000000000002,https://www.jepx.jp/_download.php?dir=spot_summary&file=spot_summary_2012.csv
2013-01-31,jepx-spread-range-kyushu,kyushu,4.929999999999998,https://www.jepx.jp/_download.php?dir=spot_summary&file=spot_summary_2012.csv
2013-02-01,jepx-spread-range-kyushu,kyushu,5.08,https://www.jepx.jp/_download.php?dir=spot_summary&file=spot_summary_2012.csv
2013-02-02,jepx-spread-range-kyushu,kyushu,2.66,https://www.jepx.jp/_download.php?dir=spot_summary&file=spot_summary_2012.csv
2013-02-03,jepx-spread-range-kyushu,kyushu,5.43,https://www.jepx.jp/_download.php?dir=spot_summary&file=spot_summary_2012.csv
2013-02-04,jepx-spread-range-kyushu,kyushu,5.190000000000001,https://www.jepx.jp/_download.php?dir=spot_summary&file=spot_summary_2012.csv
2013-02-05,jepx-spread-range-kyushu,kyushu,5.99,https://www.jepx.jp/_download.php?dir=spot_summary&file=spot_summary_2012.csv
2013-02-06,jepx-spread-range-kyushu,kyushu,5.290000000000001,https://www.jepx.jp/_download.php?dir=spot_summary&file=spot_summary_2012.csv
2013-02-07,jepx-spread-range-kyushu,kyushu,5.299999999999999,https://www.jepx.jp/_download.php?dir=spot_summary&file=spot_summary_2012.csv
2013-02-08,jepx-spread-range-kyushu,kyushu,6.169999999999998,https://www.jepx.jp/_download.php?dir=spot_summary&file=spot_summary_2012.csv
2013-02-09,jepx-spread-range-kyushu,kyushu,1.92,https://www.jepx.jp/_download.php?dir=spot_summary&file=spot_summary_2012.csv
2013-02-10,jepx-spread-range-kyushu,kyushu,1.879999999999999,https://www.jepx.jp/_download.php?dir=spot_summary&file=spot_summary_2012.csv
2013-02-11,jepx-spread-range-kyushu,kyushu,1.67,https://www.jepx.jp/_download.php?dir=spot_summary&file=spot_summary_2012.csv
2013-02-12,jepx-spread-range-kyushu,kyushu,2.8200000000000003,https://www.jepx.jp/_download.php?dir=spot_summary&file=spot_summary_2012.csv
2013-02-13,jepx-spread-range-kyushu,kyushu,4.489999999999998,https://www.jepx.jp/_download.php?dir=spot_summary&file=spot_summary_2012.csv
2013-02-14,jepx-spread-range-kyushu,kyushu,4.070000000000002,https://www.jepx.jp/_download.php?dir=spot_summary&file=spot_summary_2012.csv
2013-02-15,jepx-spread-range-kyushu,kyushu,5.59,https://www.jepx.jp/_download.php?dir=spot_summary&file=spot_summary_2012.csv
2013-02-16,jepx-spread-range-kyushu,kyushu,2.7200000000000006,https://www.jepx.jp/_download.php?dir=spot_summary&file=spot_summary_2012.csv
2013-02-17,jepx-spread-range-kyushu,kyushu,4.710000000000001,https://www.jepx.jp/_download.php?dir=spot_summary&file=spot_summary_2012.csv
2013-02-18,jepx-spread-range-kyushu,kyushu,5.619999999999999,https://www.jepx.jp/_download.php?dir=spot_summary&file=spot_summary_2012.csv
2013-02-19,jepx-spread-range-kyushu,kyushu,6.299999999999999,https://www.jepx.jp/_download.php?dir=spot_summary&file=spot_summary_2012.csv
2013-02-20,jepx-spread-range-kyushu,kyushu,6.859999999999999,https://www.jepx.jp/_download.php?dir=spot_summary&file=spot_summary_2012.csv
2013-02-21,jepx-spread-range-kyushu,kyushu,6.790000000000001,https://www.jepx.jp/_download.php?dir=spot_summary&file=spot_summary_2012.csv
2013-02-22,jepx-spread-range-kyushu,kyushu,5.32,https://www.jepx.jp/_download.php?dir=spot_summary&file=spot_summary_2012.csv
2013-02-23,jepx-spread-range-kyushu,kyushu,2.09,https://www.jepx.jp/_download.php?dir=spot_summary&file=spot_summary_2012.csv
2013-02-24,jepx-spread-range-kyushu,kyushu,4.420000000000002,https://www.jepx.jp/_download.php?dir=spot_summary&file=spot_summary_2012.csv
2013-02-25,jepx-spread-range-kyushu,kyushu,8.11,https://www.jepx.jp/_download.php?dir=spot_summary&file=spot_summary_2012.csv
2013-02-26,jepx-spread-range-kyushu,kyushu,5.380000000000001,https://www.jepx.jp/_download.php?dir=spot_summary&file=spot_summary_2012.csv
2013-02-27,jepx-spread-range-kyushu,kyushu,5.290000000000001,https://www.jepx.jp/_download.php?dir=spot_summary&file=spot_summary_2012.csv
2013-02-28,jepx-spread-range-kyushu,kyushu,2.6000000000000014,https://www.jepx.jp/_download.php?dir=spot_summary&file=spot_summary_2012.csv
2013-03-01,jepx-spread-range-kyushu,kyushu,3.6000000000000014,https://www.jepx.jp/_download.php?dir=spot_summary&file=spot_summary_2012.csv
2013-03-02,jepx-spread-range-kyushu,kyushu,1.58,https://www.jepx.jp/_download.php?dir=spot_summary&file=spot_summary_2012.csv
2013-03-03,jepx-spread-range-kyushu,kyushu,4.049999999999999,https://www.jepx.jp/_download.php?dir=spot_summary&file=spot_summary_2012.csv
2013-03-04,jepx-spread-range-kyushu,kyushu,14.11,https://www.jepx.jp/_download.php?dir=spot_summary&file=spot_summary_2012.csv
2013-03-05,jepx-spread-range-kyushu,kyushu,9.529999999999998,https://www.jepx.jp/_download.php?dir=spot_summary&file=spot_summary_2012.csv
2013-03-06,jepx-spread-range-kyushu,kyushu,3.889999999999999,https://www.jepx.jp/_download.php?dir=spot_summary&file=spot_summary_2012.csv
2013-03-07,jepx-spread-range-kyushu,kyushu,3.870000000000001,https://www.jepx.jp/_download.php?dir=spot_summary&file=spot_summary_2012.csv
2013-03-08,jepx-spread-range-kyushu,kyushu,4.829999999999998,https://www.jepx.jp/_download.php?dir=spot_summary&file=spot_summary_2012.csv
2013-03-09,jepx-spread-range-kyushu,kyushu,3.26,https://www.jepx.jp/_download.php?dir=spot_summary&file=spot_summary_2012.csv
2013-03-10,jepx-spread-range-kyushu,kyushu,4.76,https://www.jepx.jp/_download.php?dir=spot_summary&file=spot_summary_2012.csv
2013-03-11,jepx-spread-range-kyushu,kyushu,5.099999999999998,https://www.jepx.jp/_download.php?dir=spot_summary&file=spot_summary_2012.csv
2013-03-12,jepx-spread-range-kyushu,kyushu,3.799999999999999,https://www.jepx.jp/_download.php?dir=spot_summary&file=spot_summary_2012.csv
2013-03-13,jepx-spread-range-kyushu,kyushu,3.86,https://www.jepx.jp/_download.php?dir=spot_summary&file=spot_summary_2012.csv
2013-03-14,jepx-spread-range-kyushu,kyushu,4.899999999999999,https://www.jepx.jp/_download.php?dir=spot_summary&file=spot_summary_2012.csv
2013-03-15,jepx-spread-range-kyushu,kyushu,3.1999999999999997,https://www.jepx.jp/_download.php?dir=spot_summary&file=spot_summary_2012.csv
2013-03-16,jepx-spread-range-kyushu,kyushu,2.530000000000001,https://www.jepx.jp/_download.php?dir=spot_summary&file=spot_summary_2012.csv
2013-03-17,jepx-spread-range-kyushu,kyushu,2.950000000000001,https://www.jepx.jp/_download.php?dir=spot_summary&file=spot_summary_2012.csv
2013-03-18,jepx-spread-range-kyushu,kyushu,5.749999999999998,https://www.jepx.jp/_download.php?dir=spot_summary&file=spot_summary_2012.csv
2013-03-19,jepx-spread-range-kyushu,kyushu,3.719999999999999,https://www.jepx.jp/_download.php?dir=spot_summary&file=spot_summary_2012.csv
2013-03-20,jepx-spread-range-kyushu,kyushu,5.540000000000001,https://www.jepx.jp/_download.php?dir=spot_summary&file=spot_summary_2012.csv
2013-03-21,jepx-spread-range-kyushu,kyushu,3.93,https://www.jepx.jp/_download.php?dir=spot_summary&file=spot_summary_2012.csv
2013-03-22,jepx-spread-range-kyushu,kyushu,3.5599999999999987,https://www.jepx.jp/_download.php?dir=spot_summary&file=spot_summary_2012.csv
2013-03-23,jepx-spread-range-kyushu,kyushu,3.52,https://www.jepx.jp/_download.php?dir=spot_summary&file=spot_summary_2012.csv
2013-03-24,jepx-spread-range-kyushu,kyushu,3.8299999999999983,https://www.jepx.jp/_download.php?dir=spot_summary&file=spot_summary_2012.csv
2013-03-25,jepx-spread-range-kyushu,kyushu,4.029999999999999,https://www.jepx.jp/_download.php?dir=spot_summary&file=spot_summary_2012.csv
2013-03-26,jepx-spread-range-kyushu,kyushu,2.5500000000000007,https://www.jepx.jp/_download.php?dir=spot_summary&file=spot_summary_2012.csv
2013-03-27,jepx-spread-range-kyushu,kyushu,2.93,https://www.jepx.jp/_download.php?dir=spot_summary&file=spot_summary_2012.csv
2013-03-28,jepx-spread-range-kyushu,kyushu,3.9899999999999984,https://www.jepx.jp/_download.php?dir=spot_summary&file=spot_summary_2012.csv
2013-03-29,jepx-spread-range-kyushu,kyushu,4.189999999999998,https://www.jepx.jp/_download.php?dir=spot_summary&file=spot_summary_2012.csv
2013-03-30,jepx-spread-range-kyushu,kyushu,2.5699999999999985,https://www.jepx.jp/_download.php?dir=spot_summary&file=spot_summary_2012.csv
2013-03-31,jepx-spread-range-kyushu,kyushu,4.1,https://www.jepx.jp/_download.php?dir=spot_summary&file=spot_summary_2012.csv
2013-04-01,jepx-spread-range-kyushu,kyushu,4.129999999999999,https://www.jepx.jp/_download.php?dir=spot_summary&file=spot_summary_2013.csv
2013-04-02,jepx-spread-range-kyushu,kyushu,4.579999999999998,https://www.jepx.jp/_download.php?dir=spot_summary&file=spot_summary_2013.csv
2013-04-03,jepx-spread-range-kyushu,kyushu,3.299999999999999,https://www.jepx.jp/_download.php?dir=spot_summary&file=spot_summary_2013.csv
2013-04-04,jepx-spread-range-kyushu,kyushu,3.49,https://www.jepx.jp/_download.php?dir=spot_summary&file=spot_summary_2013.csv
2013-04-05,jepx-spread-range-kyushu,kyushu,3.7499999999999982,https://www.jepx.jp/_download.php?dir=spot_summary&file=spot_summary_2013.csv
2013-04-06,jepx-spread-range-kyushu,kyushu,5.01,https://www.jepx.jp/_download.php?dir=spot_summary&file=spot_summary_2013.csv
2013-04-07,jepx-spread-range-kyushu,kyushu,4.59,https://www.jepx.jp/_download.php?dir=spot_summary&file=spot_summary_2013.csv
2013-04-08,jepx-spread-range-kyushu,kyushu,2.7700000000000014,https://www.jepx.jp/_download.php?dir=spot_summary&file=spot_summary_2013.csv
2013-04-09,jepx-spread-range-kyushu,kyushu,3.9499999999999993,https://www.jepx.jp/_download.php?dir=spot_summary&file=spot_summary_2013.csv
2013-04-10,jepx-spread-range-kyushu,kyushu,4.940000000000001,https://www.jepx.jp/_download.php?dir=spot_summary&file=spot_summary_2013.csv
2013-04-11,jepx-spread-range-kyushu,kyushu,5.440000000000001,https://www.jepx.jp/_download.php?dir=spot_summary&file=spot_summary_2013.csv
2013-04-12,jepx-spread-range-kyushu,kyushu,3.9099999999999984,https://www.jepx.jp/_download.php?dir=spot_summary&file=spot_summary_2013.csv
2013-04-13,jepx-spread-range-kyushu,kyushu,4.609999999999999,https://www.jepx.jp/_download.php?dir=spot_summary&file=spot_summary_2013.csv
2013-04-14,jepx-spread-range-kyushu,kyushu,4.75,https://www.jepx.jp/_download.php?dir=spot_summary&file=spot_summary_2013.csv
2013-04-15,jepx-spread-range-kyushu,kyushu,3.450000000000001,https://www.jepx.jp/_download.php?dir=spot_summary&file=spot_summary_2013.csv
2013-04-16,jepx-spread-range-kyushu,kyushu,4.129999999999999,https://www.jepx.jp/_download.php?dir=spot_summary&file=spot_summary_2013.csv
2013-04-17,jepx-spread-range-kyushu,kyushu,4.399999999999999,https://www.jepx.jp/_download.php?dir=spot_summary&file=spot_summary_2013.csv
2013-04-18,jepx-spread-range-kyushu,kyushu,4.369999999999999,https://www.jepx.jp/_download.php?dir=spot_summary&file=spot_summary_2013.csv
2013-04-19,jepx-spread-range-kyushu,kyushu,4.120000000000001,https://www.jepx.jp/_download.php?dir=spot_summary&file=spot_summary_2013.csv
2013-04-20,jepx-spread-range-kyushu,kyushu,3.649999999999999,https://www.jepx.jp/_download.php?dir=spot_summary&file=spot_summary_2013.csv
2013-04-21,jepx-spread-range-kyushu,kyushu,4.699999999999999,https://www.jepx.jp/_download.php?dir=spot_summary&file=spot_summary_2013.csv
2013-04-22,jepx-spread-range-kyushu,kyushu,3.860000000000001,https://www.jepx.jp/_download.php?dir=spot_summary&file=spot_summary_2013.csv
2013-04-23,jepx-spread-range-kyushu,kyushu,4.07,https://www.jepx.jp/_download.php?dir=spot_summary&file=spot_summary_2013.csv
2013-04-24,jepx-spread-range-kyushu,kyushu,5.370000000000001,https://www.jepx.jp/_download.php?dir=spot_summary&file=spot_summary_2013.csv
2013-04-25,jepx-spread-range-kyushu,kyushu,5.800000000000001,https://www.jepx.jp/_download.php?dir=spot_summary&file=spot_summary_2013.csv
2013-04-26,jepx-spread-range-kyushu,kyushu,5.070000000000002,https://www.jepx.jp/_download.php?dir=spot_summary&file=spot_summary_2013.csv
2013-04-27,jepx-spread-range-kyushu,kyushu,2.8299999999999983,https://www.jepx.jp/_download.php?dir=spot_summary&file=spot_summary_2013.csv
2013-04-28,jepx-spread-range-kyushu,kyushu,4.9300000000000015,https://www.jepx.jp/_download.php?dir=spot_summary&file=spot_summary_2013.csv
2013-04-29,jepx-spread-range-kyushu,kyushu,4.9300000000000015,https://www.jepx.jp/_download.php?dir=spot_summary&file=spot_summary_2013.csv
2013-04-30,jepx-spread-range-kyushu,kyushu,12.0,https://www.jepx.jp/_download.php?dir=spot_summary&file=spot_summary_2013.csv
2013-05-01,jepx-spread-range-kyushu,kyushu,10.97,https://www.jepx.jp/_download.php?dir=spot_summary&file=spot_summary_2013.csv
2013-05-02,jepx-spread-range-kyushu,kyushu,9.13,https://www.jepx.jp/_download.php?dir=spot_summary&file=spot_summary_2013.csv
2013-05-03,jepx-spread-range-kyushu,kyushu,3.0600000000000005,https://www.jepx.jp/_download.php?dir=spot_summary&file=spot_summary_2013.csv
2013-05-04,jepx-spread-range-kyushu,kyushu,2.59,https://www.jepx.jp/_download.php?dir=spot_summary&file=spot_summary_2013.csv
2013-05-05,jepx-spread-range-kyushu,kyushu,3.629999999999999,https://www.jepx.jp/_download.php?dir=spot_summary&file=spot_summary_2013.csv
2013-05-06,jepx-spread-range-kyushu,kyushu,4.079999999999998,https://www.jepx.jp/_download.php?dir=spot_summary&file=spot_summary_2013.csv
2013-05-07,jepx-spread-range-kyushu,kyushu,5.599999999999998,https://www.jepx.jp/_download.php?dir=spot_summary&file=spot_summary_2013.csv
2013-05-08,jepx-spread-range-kyushu,kyushu,2.780000000000001,https://www.jepx.jp/_download.php?dir=spot_summary&file=spot_summary_2013.csv
2013-05-09,jepx-spread-range-kyushu,kyushu,3.9099999999999984,https://www.jepx.jp/_download.php?dir=spot_summary&file=spot_summary_2013.csv
2013-05-10,jepx-spread-range-kyushu,kyushu,3.899999999999999,https://www.jepx.jp/_download.php?dir=spot_summary&file=spot_summary_2013.csv
2013-05-11,jepx-spread-range-kyushu,kyushu,3.849999999999998,https://www.jepx.jp/_download.php?dir=spot_summary&file=spot_summary_2013.csv
2013-05-12,jepx-spread-range-kyushu,kyushu,5.059999999999999,https://www.jepx.jp/_download.php?dir=spot_summary&file=spot_summary_2013.csv
2013-05-13,jepx-spread-range-kyushu,kyushu,5.239999999999998,https://www.jepx.jp/_download.php?dir=spot_summary&file=spot_summary_2013.csv
2013-05-14,jepx-spread-range-kyushu,kyushu,5.239999999999998,https://www.jepx.jp/_download.php?dir=spot_summary&file=spot_summary_2013.csv
2013-05-15,jepx-spread-range-kyushu,kyushu,7.439999999999999,https://www.jepx.jp/_download.php?dir=spot_summary&file=spot_summary_2013.csv
2013-05-16,jepx-spread-range-kyushu,kyushu,8.49,https://www.jepx.jp/_download.php?dir=spot_summary&file=spot_summary_2013.csv
2013-05-17,jepx-spread-range-kyushu,kyushu,6.07,https://www.jepx.jp/_download.php?dir=spot_summary&file=spot_summary_2013.csv
2013-05-18,jepx-spread-range-kyushu,kyushu,4.199999999999999,https://www.jepx.jp/_download.php?dir=spot_summary&file=spot_summary_2013.csv
2013-05-19,jepx-spread-range-kyushu,kyushu,4.009999999999998,https://www.jepx.jp/_download.php?dir=spot_summary&file=spot_summary_2013.csv
2013-05-20,jepx-spread-range-kyushu,kyushu,6.0600000000000005,https://www.jepx.jp/_download.php?dir=spot_summary&file=spot_summary_2013.csv
2013-05-21,jepx-spread-range-kyushu,kyushu,5.690000000000001,https://www.jepx.jp/_download.php?dir=spot_summary&file=spot_summary_2013.csv
2013-05-22,jepx-spread-range-kyushu,kyushu,6.98,https://www.jepx.jp/_download.php?dir=spot_summary&file=spot_summary_2013.csv
2013-05-23,jepx-spread-range-kyushu,kyushu,5.970000000000001,https://www.jepx.jp/_download.php?dir=spot_summary&file=spot_summary_2013.csv
2013-05-24,jepx-spread-range-kyushu,kyushu,4.23,https://www.jepx.jp/_download.php?dir=spot_summary&file=spot_summary_2013.csv
2013-05-25,jepx-spread-range-kyushu,kyushu,6.199999999999999,https://www.jepx.jp/_download.php?dir=spot_summary&file=spot_summary_2013.csv
2013-05-26,jepx-spread-range-kyushu,kyushu,5.480000000000002,https://www.jepx.jp/_download.php?dir=spot_summary&file=spot_summary_2013.csv
2013-05-27,jepx-spread-range-kyushu,kyushu,7.550000000000001,https://www.jepx.jp/_download.php?dir=spot_summary&file=spot_summary_2013.csv
2013-05-28,jepx-spread-range-kyushu,kyushu,7.810000000000002,https://www.jepx.jp/_download.php?dir=spot_summary&file=spot_summary_2013.csv
2013-05-29,jepx-spread-range-kyushu,kyushu,7.700000000000001,https://www.jepx.jp/_download.php?dir=spot_summary&file=spot_summary_2013.csv
2013-05-30,jepx-spread-range-kyushu,kyushu,6.270000000000001,https://www.jepx.jp/_download.php?dir=spot_summary&file=spot_summary_2013.csv
2013-05-31,jepx-spread-range-kyushu,kyushu,7.640000000000001,https://www.jepx.jp/_download.php?dir=spot_summary&file=spot_summary_2013.csv
2013-06-01,jepx-spread-range-kyushu,kyushu,5.420000000000002,https://www.jepx.jp/_download.php?dir=spot_summary&file=spot_summary_2013.csv
2013-06-02,jepx-spread-range-kyushu,kyushu,4.44,https://www.jepx.jp/_download.php?dir=spot_summary&file=spot_summary_2013.csv
2013-06-03,jepx-spread-range-kyushu,kyushu,8.43,https://www.jepx.jp/_download.php?dir=spot_summary&file=spot_summary_2013.csv
2013-06-04,jepx-spread-range-kyushu,kyushu,10.22,https://www.jepx.jp/_download.php?dir=spot_summary&file=spot_summary_2013.csv
2013-06-05,jepx-spread-range-kyushu,kyushu,10.05,https://www.jepx.jp/_download.php?dir=spot_summary&file=spot_summary_2013.csv
2013-06-06,jepx-spread-range-kyushu,kyushu,9.159999999999998,https://www.jepx.jp/_download.php?dir=spot_summary&file=spot_summary_2013.csv
2013-06-07,jepx-spread-range-kyushu,kyushu,9.27,https://www.jepx.jp/_download.php?dir=spot_summary&file=spot_summary_2013.csv
2013-06-08,jepx-spread-range-kyushu,kyushu,5.420000000000002,https://www.jepx.jp/_download.php?dir=spot_summary&file=spot_summary_2013.csv
2013-06-09,jepx-spread-range-kyushu,kyushu,5.85,https://www.jepx.jp/_download.php?dir=spot_summary&file=spot_summary_2013.csv
2013-06-10,jepx-spread-range-kyushu,kyushu,9.97,https://www.jepx.jp/_download.php?dir=spot_summary&file=spot_summary_2013.csv
2013-06-11,jepx-spread-range-kyushu,kyushu,6.949999999999999,https://www.jepx.jp/_download.php?dir=spot_summary&file=spot_summary_2013.csv
2013-06-12,jepx-spread-range-kyushu,kyushu,11.1,https://www.jepx.jp/_download.php?dir=spot_summary&file=spot_summary_2013.csv
2013-06-13,jepx-spread-range-kyushu,kyushu,9.159999999999998,https://www.jepx.jp/_download.php?dir=spot_summary&file=spot_summary_2013.csv
2013-06-14,jepx-spread-range-kyushu,kyushu,10.12,https://www.jepx.jp/_download.php?dir=spot_summary&file=spot_summary_2013.csv
2013-06-15,jepx-spread-range-kyushu,kyushu,7.5699999999999985,https://www.jepx.jp/_download.php?dir=spot_summary&file=spot_summary_2013.csv
2013-06-16,jepx-spread-range-kyushu,kyushu,4.629999999999999,https://www.jepx.jp/_download.php?dir=spot_summary&file=spot_summary_2013.csv
2013-06-17,jepx-spread-range-kyushu,kyushu,21.0,https://www.jepx.jp/_download.php?dir=spot_summary&file=spot_summary_2013.csv
2013-06-18,jepx-spread-range-kyushu,kyushu,11.93,https://www.jepx.jp/_download.php?dir=spot_summary&file=spot_summary_2013.csv
2013-06-19,jepx-spread-range-kyushu,kyushu,10.239999999999998,https://www.jepx.jp/_download.php?dir=spot_summary&file=spot_summary_2013.csv
2013-06-20,jepx-spread-range-kyushu,kyushu,9.78,https://www.jepx.jp/_download.php?dir=spot_summary&file=spot_summary_2013.csv
2013-06-21,jepx-spread-range-kyushu,kyushu,11.79,https://www.jepx.jp/_download.php?dir=spot_summary&file=spot_summary_2013.csv
2013-06-22,jepx-spread-range-kyushu,kyushu,6.390000000000001,https://www.jepx.jp/_download.php?dir=spot_summary&file=spot_summary_2013.csv
2013-06-23,jepx-spread-range-kyushu,kyushu,5.719999999999999,https://www.jepx.jp/_download.php?dir=spot_summary&file=spot_summary_2013.csv
2013-06-24,jepx-spread-range-kyushu,kyushu,10.3,https://www.jepx.jp/_download.php?dir=spot_summary&file=spot_summary_2013.csv
2013-06-25,jepx-spread-range-kyushu,kyushu,10.29,https://www.jepx.jp/_download.php?dir=spot_summary&file=spot_summary_2013.csv
2013-06-26,jepx-spread-range-kyushu,kyushu,9.72,https://www.jepx.jp/_download.php?dir=spot_summary&file=spot_summary_2013.csv
2013-06-27,jepx-spread-range-kyushu,kyushu,8.0,https://www.jepx.jp/_download.php?dir=spot_summary&file=spot_summary_2013.csv
2013-06-28,jepx-spread-range-kyushu,kyushu,7.970000000000001,https://www.jepx.jp/_download.php?dir=spot_summary&file=spot_summary_2013.csv
2013-06-29,jepx-spread-range-kyushu,kyushu,6.030000000000001,https://www.jepx.jp/_download.php?dir=spot_summary&file=spot_summary_2013.csv
2013-06-30,jepx-spread-range-kyushu,kyushu,4.57,https://www.jepx.jp/_download.php?dir=spot_summary&file=spot_summary_2013.csv
2013-07-01,jepx-spread-range-kyushu,kyushu,8.040000000000001,https://www.jepx.jp/_download.php?dir=spot_summary&file=spot_summary_2013.csv
2013-07-02,jepx-spread-range-kyushu,kyushu,8.309999999999999,https://www.jepx.jp/_download.php?dir=spot_summary&file=spot_summary_2013.csv
2013-07-03,jepx-spread-range-kyushu,kyushu,6.359999999999999,https://www.jepx.jp/_download.php?dir=spot_summary&file=spot_summary_2013.csv
2013-07-04,jepx-spread-range-kyushu,kyushu,6.51,https://www.jepx.jp/_download.php?dir=spot_summary&file=spot_summary_2013.csv
2013-07-05,jepx-spread-range-kyushu,kyushu,8.17,https://www.jepx.jp/_download.php?dir=spot_summary&file=spot_summary_2013.csv
2013-07-06,jepx-spread-range-kyushu,kyushu,5.039999999999999,https://www.jepx.jp/_download.php?dir=spot_summary&file=spot_summary_2013.csv
2013-07-07,jepx-spread-range-kyushu,kyushu,4.559999999999999,https://www.jepx.jp/_download.php?dir=spot_summary&file=spot_summary_2013.csv
2013-07-08,jepx-spread-range-kyushu,kyushu,10.57,https://www.jepx.jp/_download.php?dir=spot_summary&file=spot_summary_2013.csv
2013-07-09,jepx-spread-range-kyushu,kyushu,9.8,https://www.jepx.jp/_download.php?dir=spot_summary&file=spot_summary_2013.csv
2013-07-10,jepx-spread-range-kyushu,kyushu,9.65,https://www.jepx.jp/_download.php?dir=spot_summary&file=spot_summary_2013.csv
2013-07-11,jepx-spread-range-kyushu,kyushu,11.56,https://www.jepx.jp/_download.php?dir=spot_summary&file=spot_summary_2013.csv
2013-07-12,jepx-spread-range-kyushu,kyushu,11.55,https://www.jepx.jp/_download.php?dir=spot_summary&file=spot_summary_2013.csv
2013-07-13,jepx-spread-range-kyushu,kyushu,4.549999999999999,https://www.jepx.jp/_download.php?dir=spot_summary&file=spot_summary_2013.csv
2013-07-14,jepx-spread-range-kyushu,kyushu,5.59,https://www.jepx.jp/_download.php?dir=spot_summary&file=spot_summary_2013.csv
2013-07-15,jepx-spread-range-kyushu,kyushu,5.25,https://www.jepx.jp/_download.php?dir=spot_summary&file=spot_summary_2013.csv
2013-07-16,jepx-spread-range-kyushu,kyushu,7.949999999999999,https://www.jepx.jp/_download.php?dir=spot_summary&file=spot_summary_2013.csv
2013-07-17,jepx-spread-range-kyushu,kyushu,6.509999999999998,https://www.jepx.jp/_download.php?dir=spot_summary&file=spot_summary_2013.csv
2013-07-18,jepx-spread-range-kyushu,kyushu,7.969999999999999,https://www.jepx.jp/_download.php?dir=spot_summary&file=spot_summary_2013.csv
2013-07-19,jepx-spread-range-kyushu,kyushu,6.359999999999999,https://www.jepx.jp/_download.php?dir=spot_summary&file=spot_summary_2013.csv
2013-07-20,jepx-spread-range-kyushu,kyushu,4.449999999999999,https://www.jepx.jp/_download.php?dir=spot_summary&file=spot_summary_2013.csv
2013-07-21,jepx-spread-range-kyushu,kyushu,4.059999999999999,https://www.jepx.jp/_download.php?dir=spot_summary&file=spot_summary_2013.csv
2013-07-22,jepx-spread-range-kyushu,kyushu,13.18,https://www.jepx.jp/_download.php?dir=spot_summary&file=spot_summary_2013.csv
2013-07-23,jepx-spread-range-kyushu,kyushu,9.31,https://www.jepx.jp/_download.php?dir=spot_summary&file=spot_summary_2013.csv
2013-07-24,jepx-spread-range-kyushu,kyushu,5.369999999999999,https://www.jepx.jp/_download.php?dir=spot_summary&file=spot_summary_2013.csv
2013-07-25,jepx-spread-range-kyushu,kyushu,9.47,https://www.jepx.jp/_download.php?dir=spot_summary&file=spot_summary_2013.csv
2013-07-26,jepx-spread-range-kyushu,kyushu,8.450000000000001,https://www.jepx.jp/_download.php?dir=spot_summary&file=spot_summary_2013.csv
2013-07-27,jepx-spread-range-kyushu,kyushu,4.609999999999999,https://www.jepx.jp/_download.php?dir=spot_summary&file=spot_summary_2013.csv
2013-07-28,jepx-spread-range-kyushu,kyushu,4.85,https://www.jepx.jp/_download.php?dir=spot_summary&file=spot_summary_2013.csv
2013-07-29,jepx-spread-range-kyushu,kyushu,9.46,https://www.jepx.jp/_download.php?dir=spot_summary&file=spot_summary_2013.csv
2013-07-30,jepx-spread-range-kyushu,kyushu,8.01,https://www.jepx.jp/_download.php?dir=spot_summary&file=spot_summary_2013.csv
2013-07-31,jepx-spread-range-kyushu,kyushu,8.18,https://www.jepx.jp/_download.php?dir=spot_summary&file=spot_summary_2013.csv
2013-08-01,jepx-spread-range-kyushu,kyushu,7.99,https://www.jepx.jp/_download.php?dir=spot_summary&file=spot_summary_2013.csv
2013-08-02,jepx-spread-range-kyushu,kyushu,8.11,https://www.jepx.jp/_download.php?dir=spot_summary&file=spot_summary_2013.csv
2013-08-03,jepx-spread-range-kyushu,kyushu,6.619999999999999,https://www.jepx.jp/_download.php?dir=spot_summary&file=spot_summary_2013.csv
2013-08-04,jepx-spread-range-kyushu,kyushu,6.589999999999998,https://www.jepx.jp/_download.php?dir=spot_summary&file=spot_summary_2013.csv
2013-08-05,jepx-spread-range-kyushu,kyushu,10.04,https://www.jepx.jp/_download.php?dir=spot_summary&file=spot_summary_2013.csv
2013-08-06,jepx-spread-range-kyushu,kyushu,8.830000000000002,https://www.jepx.jp/_download.php?dir=spot_summary&file=spot_summary_2013.csv
2013-08-07,jepx-spread-range-kyushu,kyushu,8.07,https://www.jepx.jp/_download.php?dir=spot_summary&file=spot_summary_2013.csv
2013-08-08,jepx-spread-range-kyushu,kyushu,12.19,https://www.jepx.jp/_download.php?dir=spot_summary&file=spot_summary_2013.csv
2013-08-09,jepx-spread-range-kyushu,kyushu,10.13,https://www.jepx.jp/_download.php?dir=spot_summary&file=spot_summary_2013.csv
2013-08-10,jepx-spread-range-kyushu,kyushu,5.9300000000000015,https://www.jepx.jp/_download.php?dir=spot_summary&file=spot_summary_2013.csv
2013-08-11,jepx-spread-range-kyushu,kyushu,6.24,https://www.jepx.jp/_download.php?dir=spot_summary&file=spot_summary_2013.csv
2013-08-12,jepx-spread-range-kyushu,kyushu,7.450000000000001,https://www.jepx.jp/_download.php?dir=spot_summary&file=spot_summary_2013.csv
2013-08-13,jepx-spread-range-kyushu,kyushu,8.400000000000002,https://www.jepx.jp/_download.php?dir=spot_summary&file=spot_summary_2013.csv
2013-08-14,jepx-spread-range-kyushu,kyushu,5.629999999999999,https://www.jepx.jp/_download.php?dir=spot_summary&file=spot_summary_2013.csv
2013-08-15,jepx-spread-range-kyushu,kyushu,8.47,https://www.jepx.jp/_download.php?dir=spot_summary&file=spot_summary_2013.csv
2013-08-16,jepx-spread-range-kyushu,kyushu,8.250000000000002,https://www.jepx.jp/_download.php?dir=spot_summary&file=spot_summary_2013.csv
2013-08-17,jepx-spread-range-kyushu,kyushu,7.109999999999999,https://www.jepx.jp/_download.php?dir=spot_summary&file=spot_summary_2013.csv
2013-08-18,jepx-spread-range-kyushu,kyushu,6.920000000000002,https://www.jepx.jp/_download.php?dir=spot_summary&file=spot_summary_2013.csv
2013-08-19,jepx-spread-range-kyushu,kyushu,13.96,https://www.jepx.jp/_download.php?dir=spot_summary&file=spot_summary_2013.csv
2013-08-20,jepx-spread-range-kyushu,kyushu,26.239999999999995,https://www.jepx.jp/_download.php?dir=spot_summary&file=spot_summary_2013.csv
2013-08-21,jepx-spread-range-kyushu,kyushu,13.470000000000002,https://www.jepx.jp/_download.php?dir=spot_summary&file=spot_summary_2013.csv
2013-08-22,jepx-spread-range-kyushu,kyushu,38.97,https://www.jepx.jp/_download.php?dir=spot_summary&file=spot_summary_2013.csv
2013-08-23,jepx-spread-range-kyushu,kyushu,29.55,https://www.jepx.jp/_download.php?dir=spot_summary&file=spot_summary_2013.csv
2013-08-24,jepx-spread-range-kyushu,kyushu,2.379999999999999,https://www.jepx.jp/_download.php?dir=spot_summary&file=spot_summary_2013.csv
2013-08-25,jepx-spread-range-kyushu,kyushu,4.23,https://www.jepx.jp/_download.php?dir=spot_summary&file=spot_summary_2013.csv
2013-08-26,jepx-spread-range-kyushu,kyushu,7.900000000000002,https://www.jepx.jp/_download.php?dir=spot_summary&file=spot_summary_2013.csv
2013-08-27,jepx-spread-range-kyushu,kyushu,8.330000000000002,https://www.jepx.jp/_download.php?dir=spot_summary&file=spot_summary_2013.csv
2013-08-28,jepx-spread-range-kyushu,kyushu,9.580000000000002,https://www.jepx.jp/_download.php?dir=spot_summary&file=spot_summary_2013.csv
2013-08-29,jepx-spread-range-kyushu,kyushu,8.030000000000001,https://www.jepx.jp/_download.php?dir=spot_summary&file=spot_summary_2013.csv
2013-08-30,jepx-spread-range-kyushu,kyushu,7.639999999999999,https://www.jepx.jp/_download.php?dir=spot_summary&file=spot_summary_2013.csv
2013-08-31,jepx-spread-range-kyushu,kyushu,6.99,https://www.jepx.jp/_download.php?dir=spot_summary&file=spot_summary_2013.csv
2013-09-01,jepx-spread-range-kyushu,kyushu,6.410000000000002,https://www.jepx.jp/_download.php?dir=spot_summary&file=spot_summary_2013.csv
2013-09-02,jepx-spread-range-kyushu,kyushu,9.91,https://www.jepx.jp/_download.php?dir=spot_summary&file=spot_summary_2013.csv
2013-09-03,jepx-spread-range-kyushu,kyushu,10.51,https://www.jepx.jp/_download.php?dir=spot_summary&file=spot_summary_2013.csv
2013-09-04,jepx-spread-range-kyushu,kyushu,9.15,https://www.jepx.jp/_download.php?dir=spot_summary&file=spot_summary_2013.csv
2013-09-05,jepx-spread-range-kyushu,kyushu,18.18,https://www.jepx.jp/_download.php?dir=spot_summary&file=spot_summary_2013.csv
2013-09-06,jepx-spread-range-kyushu,kyushu,10.2,https://www.jepx.jp/_download.php?dir=spot_summary&file=spot_summary_2013.csv
2013-09-07,jepx-spread-range-kyushu,kyushu,5.92,https://www.jepx.jp/_download.php?dir=spot_summary&file=spot_summary_2013.csv
2013-09-08,jepx-spread-range-kyushu,kyushu,4.15,https://www.jepx.jp/_download.php?dir=spot_summary&file=spot_summary_2013.csv
2013-09-09,jepx-spread-range-kyushu,kyushu,11.47,https://www.jepx.jp/_download.php?dir=spot_summary&file=spot_summary_2013.csv
2013-09-10,jepx-spread-range-kyushu,kyushu,6.41,https://www.jepx.jp/_download.php?dir=spot_summary&file=spot_summary_2013.csv
2013-09-11,jepx-spread-range-kyushu,kyushu,8.629999999999999,https://www.jepx.jp/_download.php?dir=spot_summary&file=spot_summary_2013.csv
2013-09-12,jepx-spread-range-kyushu,kyushu,7.23,https://www.jepx.jp/_download.php?dir=spot_summary&file=spot_summary_2013.csv
2013-09-13,jepx-spread-range-kyushu,kyushu,8.2,https://www.jepx.jp/_download.php?dir=spot_summary&file=spot_summary_2013.csv
2013-09-14,jepx-spread-range-kyushu,kyushu,3.880000000000001,https://www.jepx.jp/_download.php?dir=spot_summary&file=spot_summary_2013.csv
2013-09-15,jepx-spread-range-kyushu,kyushu,5.76,https://www.jepx.jp/_download.php?dir=spot_summary&file=spot_summary_2013.csv
2013-09-16,jepx-spread-range-kyushu,kyushu,8.91,https://www.jepx.jp/_download.php?dir=spot_summary&file=spot_summary_2013.csv
2013-09-17,jepx-spread-range-kyushu,kyushu,8.209999999999999,https://www.jepx.jp/_download.php?dir=spot_summary&file=spot_summary_2013.csv
2013-09-18,jepx-spread-range-kyushu,kyushu,6.02,https://www.jepx.jp/_download.php?dir=spot_summary&file=spot_summary_2013.csv
2013-09-19,jepx-spread-range-kyushu,kyushu,7.299999999999999,https://www.jepx.jp/_download.php?dir=spot_summary&file=spot_summary_2013.csv
2013-09-20,jepx-spread-range-kyushu,kyushu,6.18,https://www.jepx.jp/_download.php?dir=spot_summary&file=spot_summary_2013.csv
2013-09-21,jepx-spread-range-kyushu,kyushu,5.229999999999999,https://www.jepx.jp/_download.php?dir=spot_summary&file=spot_summary_2013.csv
2013-09-22,jepx-spread-range-kyushu,kyushu,5.17,https://www.jepx.jp/_download.php?dir=spot_summary&file=spot_summary_2013.csv
2013-09-23,jepx-spread-range-kyushu,kyushu,5.610000000000001,https://www.jepx.jp/_download.php?dir=spot_summary&file=spot_summary_2013.csv
2013-09-24,jepx-spread-range-kyushu,kyushu,6.98,https://www.jepx.jp/_download.php?dir=spot_summary&file=spot_summary_2013.csv
2013-09-25,jepx-spread-range-kyushu,kyushu,6.99,https://www.jepx.jp/_download.php?dir=spot_summary&file=spot_summary_2013.csv
2013-09-26,jepx-spread-range-kyushu,kyushu,5.209999999999999,https://www.jepx.jp/_download.php?dir=spot_summary&file=spot_summary_2013.csv
2013-09-27,jepx-spread-range-kyushu,kyushu,5.26,https://www.jepx.jp/_download.php?dir=spot_summary&file=spot_summary_2013.csv
2013-09-28,jepx-spread-range-kyushu,kyushu,3.9499999999999993,https://www.jepx.jp/_download.php?dir=spot_summary&file=spot_summary_2013.csv
2013-09-29,jepx-spread-range-kyushu,kyushu,7.98,https://www.jepx.jp/_download.php?dir=spot_summary&file=spot_summary_2013.csv
2013-09-30,jepx-spread-range-kyushu,kyushu,4.77,https://www.jepx.jp/_download.php?dir=spot_summary&file=spot_summary_2013.csv
2013-10-01,jepx-spread-range-kyushu,kyushu,8.16,https://www.jepx.jp/_download.php?dir=spot_summary&file=spot_summary_2013.csv
2013-10-02,jepx-spread-range-kyushu,kyushu,7.100000000000001,https://www.jepx.jp/_download.php?dir=spot_summary&file=spot_summary_2013.csv
2013-10-03,jepx-spread-range-kyushu,kyushu,8.110000000000001,https://www.jepx.jp/_download.php?dir=spot_summary&file=spot_summary_2013.csv
2013-10-04,jepx-spread-range-kyushu,kyushu,6.449999999999999,https://www.jepx.jp/_download.php?dir=spot_summary&file=spot_summary_2013.csv
2013-10-05,jepx-spread-range-kyushu,kyushu,4.09,https://www.jepx.jp/_download.php?dir=spot_summary&file=spot_summary_2013.csv
2013-10-06,jepx-spread-range-kyushu,kyushu,4.52,https://www.jepx.jp/_download.php?dir=spot_summary&file=spot_summary_2013.csv
2013-10-07,jepx-spread-range-kyushu,kyushu,9.340000000000002,https://www.jepx.jp/_download.php?dir=spot_summary&file=spot_summary_2013.csv
2013-10-08,jepx-spread-range-kyushu,kyushu,12.320000000000002,https://www.jepx.jp/_download.php?dir=spot_summary&file=spot_summary_2013.csv
2013-10-09,jepx-spread-range-kyushu,kyushu,16.54,https://www.jepx.jp/_download.php?dir=spot_summary&file=spot_summary_2013.csv
2013-10-10,jepx-spread-range-kyushu,kyushu,11.57,https://www.jepx.jp/_download.php?dir=spot_summary&file=spot_summary_2013.csv
2013-10-11,jepx-spread-range-kyushu,kyushu,24.629999999999995,https://www.jepx.jp/_download.php?dir=spot_summary&file=spot_summary_2013.csv
2013-10-12,jepx-spread-range-kyushu,kyushu,5.3100000000000005,https://www.jepx.jp/_download.php?dir=spot_summary&file=spot_summary_2013.csv
2013-10-13,jepx-spread-range-kyushu,kyushu,6.859999999999999,https://www.jepx.jp/_download.php?dir=spot_summary&file=spot_summary_2013.csv
2013-10-14,jepx-spread-range-kyushu,kyushu,7.41,https://www.jepx.jp/_download.php?dir=spot_summary&file=spot_summary_2013.csv
2013-10-15,jepx-spread-range-kyushu,kyushu,8.509999999999998,https://www.jepx.jp/_download.php?dir=spot_summary&file=spot_summary_2013.csv
2013-10-16,jepx-spread-range-kyushu,kyushu,8.509999999999998,https://www.jepx.jp/_download.php?dir=spot_summary&file=spot_summary_2013.csv
2013-10-17,jepx-spread-range-kyushu,kyushu,6.720000000000002,https://www.jepx.jp/_download.php?dir=spot_summary&file=spot_summary_2013.csv
2013-10-18,jepx-spread-range-kyushu,kyushu,7.019999999999998,https://www.jepx.jp/_download.php?dir=spot_summary&file=spot_summary_2013.csv
2013-10-19,jepx-spread-range-kyushu,kyushu,5.27,https://www.jepx.jp/_download.php?dir=spot_summary&file=spot_summary_2013.csv
2013-10-20,jepx-spread-range-kyushu,kyushu,5.850000000000001,https://www.jepx.jp/_download.php?dir=spot_summary&file=spot_summary_2013.csv
2013-10-21,jepx-spread-range-kyushu,kyushu,8.239999999999998,https://www.jepx.jp/_download.php?dir=spot_summary&file=spot_summary_2013.csv
2013-10-22,jepx-spread-range-kyushu,kyushu,8.95,https://www.jepx.jp/_download.php?dir=spot_summary&file=spot_summary_2013.csv
2013-10-23,jepx-spread-range-kyushu,kyushu,8.479999999999999,https://www.jepx.jp/_download.php?dir=spot_summary&file=spot_summary_2013.csv
2013-10-24,jepx-spread-range-kyushu,kyushu,12.05,https://www.jepx.jp/_download.php?dir=spot_summary&file=spot_summary_2013.csv
2013-10-25,jepx-spread-range-kyushu,kyushu,12.34,https://www.jepx.jp/_download.php?dir=spot_summary&file=spot_summary_2013.csv
2013-10-26,jepx-spread-range-kyushu,kyushu,5.059999999999999,https://www.jepx.jp/_download.php?dir=spot_summary&file=spot_summary_2013.csv
2013-10-27,jepx-spread-range-kyushu,kyushu,7.41,https://www.jepx.jp/_download.php?dir=spot_summary&file=spot_summary_2013.csv
2013-10-28,jepx-spread-range-kyushu,kyushu,9.35,https://www.jepx.jp/_download.php?dir=spot_summary&file=spot_summary_2013.csv
2013-10-29,jepx-spread-range-kyushu,kyushu,8.349999999999998,https://www.jepx.jp/_download.php?dir=spot_summary&file=spot_summary_2013.csv
2013-10-30,jepx-spread-range-kyushu,kyushu,7.659999999999998,https://www.jepx.jp/_download.php?dir=spot_summary&file=spot_summary_2013.csv
2013-10-31,jepx-spread-range-kyushu,kyushu,6.629999999999999,https://www.jepx.jp/_download.php?dir=spot_summary&file=spot_summary_2013.csv
2013-11-01,jepx-spread-range-kyushu,kyushu,5.280000000000001,https://www.jepx.jp/_download.php?dir=spot_summary&file=spot_summary_2013.csv
2013-11-02,jepx-spread-range-kyushu,kyushu,3.1000000000000014,https://www.jepx.jp/_download.php?dir=spot_summary&file=spot_summary_2013.csv
2013-11-03,jepx-spread-range-kyushu,kyushu,4.98,https://www.jepx.jp/_download.php?dir=spot_summary&file=spot_summary_2013.csv
2013-11-04,jepx-spread-range-kyushu,kyushu,5.440000000000001,https://www.jepx.jp/_download.php?dir=spot_summary&file=spot_summary_2013.csv
2013-11-05,jepx-spread-range-kyushu,kyushu,8.700000000000001,https://www.jepx.jp/_download.php?dir=spot_summary&file=spot_summary_2013.csv
2013-11-06,jepx-spread-range-kyushu,kyushu,7.030000000000001,https://www.jepx.jp/_download.php?dir=spot_summary&file=spot_summary_2013.csv
2013-11-07,jepx-spread-range-kyushu,kyushu,7.630000000000003,https://www.jepx.jp/_download.php?dir=spot_summary&file=spot_summary_2013.csv
2013-11-08,jepx-spread-range-kyushu,kyushu,8.340000000000002,https://www.jepx.jp/_download.php?dir=spot_summary&file=spot_summary_2013.csv
2013-11-09,jepx-spread-range-kyushu,kyushu,4.470000000000001,https://www.jepx.jp/_download.php?dir=spot_summary&file=spot_summary_2013.csv
2013-11-10,jepx-spread-range-kyushu,kyushu,6.870000000000001,https://www.jepx.jp/_download.php?dir=spot_summary&file=spot_summary_2013.csv
2013-11-11,jepx-spread-range-kyushu,kyushu,12.47,https://www.jepx.jp/_download.php?dir=spot_summary&file=spot_summary_2013.csv
2013-11-12,jepx-spread-range-kyushu,kyushu,12.05,https://www.jepx.jp/_download.php?dir=spot_summary&file=spot_summary_2013.csv
2013-11-13,jepx-spread-range-kyushu,kyushu,12.4,https://www.jepx.jp/_download.php?dir=spot_summary&file=spot_summary_2013.csv
2013-11-14,jepx-spread-range-kyushu,kyushu,8.120000000000001,https://www.jepx.jp/_download.php?dir=spot_summary&file=spot_summary_2013.csv
2013-11-15,jepx-spread-range-kyushu,kyushu,10.08,https://www.jepx.jp/_download.php?dir=spot_summary&file=spot_summary_2013.csv
2013-11-16,jepx-spread-range-kyushu,kyushu,4.840000000000002,https://www.jepx.jp/_download.php?dir=spot_summary&file=spot_summary_2013.csv
2013-11-17,jepx-spread-range-kyushu,kyushu,5.440000000000001,https://www.jepx.jp/_download.php?dir=spot_summary&file=spot_summary_2013.csv
2013-11-18,jepx-spread-range-kyushu,kyushu,10.69,https://www.jepx.jp/_download.php?dir=spot_summary&file=spot_summary_2013.csv
2013-11-19,jepx-spread-range-kyushu,kyushu,10.55,https://www.jepx.jp/_download.php?dir=spot_summary&file=spot_summary_2013.csv
2013-11-20,jepx-spread-range-kyushu,kyushu,9.05,https://www.jepx.jp/_download.php?dir=spot_summary&file=spot_summary_2013.csv
2013-11-21,jepx-spread-range-kyushu,kyushu,7.549999999999999,https://www.jepx.jp/_download.php?dir=spot_summary&file=spot_summary_2013.csv
2013-11-22,jepx-spread-range-kyushu,kyushu,4.51,https://www.jepx.jp/_download.php?dir=spot_summary&file=spot_summary_2013.csv
2013-11-23,jepx-spread-range-kyushu,kyushu,4.139999999999999,https://www.jepx.jp/_download.php?dir=spot_summary&file=spot_summary_2013.csv
2013-11-24,jepx-spread-range-kyushu,kyushu,5.059999999999999,https://www.jepx.jp/_download.php?dir=spot_summary&file=spot_summary_2013.csv
2013-11-25,jepx-spread-range-kyushu,kyushu,4.529999999999999,https://www.jepx.jp/_download.php?dir=spot_summary&file=spot_summary_2013.csv
2013-11-26,jepx-spread-range-kyushu,kyushu,7.549999999999999,https://www.jepx.jp/_download.php?dir=spot_summary&file=spot_summary_2013.csv
2013-11-27,jepx-spread-range-kyushu,kyushu,9.22,https://www.jepx.jp/_download.php?dir=spot_summary&file=spot_summary_2013.csv
2013-11-28,jepx-spread-range-kyushu,kyushu,7.549999999999999,https://www.jepx.jp/_download.php?dir=spot_summary&file=spot_summary_2013.csv
2013-11-29,jepx-spread-range-kyushu,kyushu,9.31,https://www.jepx.jp/_download.php?dir=spot_summary&file=spot_summary_2013.csv
2013-11-30,jepx-spread-range-kyushu,kyushu,2.75,https://www.jepx.jp/_download.php?dir=spot_summary&file=spot_summary_2013.csv
2013-12-01,jepx-spread-range-kyushu,kyushu,4.629999999999999,https://www.jepx.jp/_download.php?dir=spot_summary&file=spot_summary_2013.csv
2013-12-02,jepx-spread-range-kyushu,kyushu,4.52,https://www.jepx.jp/_download.php?dir=spot_summary&file=spot_summary_2013.csv
2013-12-03,jepx-spread-range-kyushu,kyushu,6.279999999999999,https://www.jepx.jp/_download.php?dir=spot_summary&file=spot_summary_2013.csv
2013-12-04,jepx-spread-range-kyushu,kyushu,6.19,https://www.jepx.jp/_download.php?dir=spot_summary&file=spot_summary_2013.csv
2013-12-05,jepx-spread-range-kyushu,kyushu,5.34,https://www.jepx.jp/_download.php?dir=spot_summary&file=spot_summary_2013.csv
2013-12-06,jepx-spread-range-kyushu,kyushu,4.239999999999998,https://www.jepx.jp/_download.php?dir=spot_summary&file=spot_summary_2013.csv
2013-12-07,jepx-spread-range-kyushu,kyushu,4.25,https://www.jepx.jp/_download.php?dir=spot_summary&file=spot_summary_2013.csv
2013-12-08,jepx-spread-range-kyushu,kyushu,4.51,https://www.jepx.jp/_download.php?dir=spot_summary&file=spot_summary_2013.csv
2013-12-09,jepx-spread-range-kyushu,kyushu,5.080000000000002,https://www.jepx.jp/_download.php?dir=spot_summary&file=spot_summary_2013.csv
2013-12-10,jepx-spread-range-kyushu,kyushu,9.72,https://www.jepx.jp/_download.php?dir=spot_summary&file=spot_summary_2013.csv
2013-12-11,jepx-spread-range-kyushu,kyushu,7.5699999999999985,https://www.jepx.jp/_download.php?dir=spot_summary&file=spot_summary_2013.csv
2013-12-12,jepx-spread-range-kyushu,kyushu,9.12,https://www.jepx.jp/_download.php?dir=spot_summary&file=spot_summary_2013.csv
2013-12-13,jepx-spread-range-kyushu,kyushu,7.669999999999998,https://www.jepx.jp/_download.php?dir=spot_summary&file=spot_summary_2013.csv
2013-12-14,jepx-spread-range-kyushu,kyushu,2.959999999999999,https://www.jepx.jp/_download.php?dir=spot_summary&file=spot_summary_2013.csv
2013-12-15,jepx-spread-range-kyushu,kyushu,4.540000000000001,https://www.jepx.jp/_download.php?dir=spot_summary&file=spot_summary_2013.csv
2013-12-16,jepx-spread-range-kyushu,kyushu,7.879999999999999,https://www.jepx.jp/_download.php?dir=spot_summary&file=spot_summary_2013.csv
2013-12-17,jepx-spread-range-kyushu,kyushu,11.22,https://www.jepx.jp/_download.php?dir=spot_summary&file=spot_summary_2013.csv
2013-12-18,jepx-spread-range-kyushu,kyushu,11.19,https://www.jepx.jp/_download.php?dir=spot_summary&file=spot_summary_2013.csv
2013-12-19,jepx-spread-range-kyushu,kyushu,6.870000000000001,https://www.jepx.jp/_download.php?dir=spot_summary&file=spot_summary_2013.csv
2013-12-20,jepx-spread-range-kyushu,kyushu,11.27,https://www.jepx.jp/_download.php?dir=spot_summary&file=spot_summary_2013.csv
2013-12-21,jepx-spread-range-kyushu,kyushu,3.1599999999999984,https://www.jepx.jp/_download.php?dir=spot_summary&file=spot_summary_2013.csv
2013-12-22,jepx-spread-range-kyushu,kyushu,8.68,https://www.jepx.jp/_download.php?dir=spot_summary&file=spot_summary_2013.csv
2013-12-23,jepx-spread-range-kyushu,kyushu,7.77,https://www.jepx.jp/_download.php?dir=spot_summary&file=spot_summary_2013.csv
2013-12-24,jepx-spread-range-kyushu,kyushu,10.28,https://www.jepx.jp/_download.php?dir=spot_summary&file=spot_summary_2013.csv
2013-12-25,jepx-spread-range-kyushu,kyushu,9.83,https://www.jepx.jp/_download.php?dir=spot_summary&file=spot_summary_2013.csv
2013-12-26,jepx-spread-range-kyushu,kyushu,9.58,https://www.jepx.jp/_download.php?dir=spot_summary&file=spot_summary_2013.csv
2013-12-27,jepx-spread-range-kyushu,kyushu,7.57,https://www.jepx.jp/_download.php?dir=spot_summary&file=spot_summary_2013.csv
2013-12-28,jepx-spread-range-kyushu,kyushu,5.370000000000001,https://www.jepx.jp/_download.php?dir=spot_summary&file=spot_summary_2013.csv
2013-12-29,jepx-spread-range-kyushu,kyushu,4.329999999999998,https://www.jepx.jp/_download.php?dir=spot_summary&file=spot_summary_2013.csv
2013-12-30,jepx-spread-range-kyushu,kyushu,3.619999999999999,https://www.jepx.jp/_download.php?dir=spot_summary&file=spot_summary_2013.csv
2013-12-31,jepx-spread-range-kyushu,kyushu,4.66,https://www.jepx.jp/_download.php?dir=spot_summary&file=spot_summary_2013.csv
2014-01-01,jepx-spread-range-kyushu,kyushu,3.3099999999999987,https://www.jepx.jp/_download.php?dir=spot_summary&file=spot_summary_2013.csv
2014-01-02,jepx-spread-range-kyushu,kyushu,4.109999999999999,https://www.jepx.jp/_download.php?dir=spot_summary&file=spot_summary_2013.csv
2014-01-03,jepx-spread-range-kyushu,kyushu,4.190000000000001,https://www.jepx.jp/_download.php?dir=spot_summary&file=spot_summary_2013.csv
2014-01-04,jepx-spread-range-kyushu,kyushu,3.9899999999999984,https://www.jepx.jp/_download.php?dir=spot_summary&file=spot_summary_2013.csv
2014-01-05,jepx-spread-range-kyushu,kyushu,5.540000000000001,https://www.jepx.jp/_download.php?dir=spot_summary&file=spot_summary_2013.csv
2014-01-06,jepx-spread-range-kyushu,kyushu,8.739999999999998,https://www.jepx.jp/_download.php?dir=spot_summary&file=spot_summary_2013.csv
2014-01-07,jepx-spread-range-kyushu,kyushu,10.77,https://www.jepx.jp/_download.php?dir=spot_summary&file=spot_summary_2013.csv
2014-01-08,jepx-spread-range-kyushu,kyushu,8.0,https://www.jepx.jp/_download.php?dir=spot_summary&file=spot_summary_2013.csv
2014-01-09,jepx-spread-range-kyushu,kyushu,7.259999999999998,https://www.jepx.jp/_download.php?dir=spot_summary&file=spot_summary_2013.csv
2014-01-10,jepx-spread-range-kyushu,kyushu,8.18,https://www.jepx.jp/_download.php?dir=spot_summary&file=spot_summary_2013.csv
2014-01-11,jepx-spread-range-kyushu,kyushu,1.9800000000000004,https://www.jepx.jp/_download.php?dir=spot_summary&file=spot_summary_2013.csv
2014-01-12,jepx-spread-range-kyushu,kyushu,3.0799999999999983,https://www.jepx.jp/_download.php?dir=spot_summary&file=spot_summary_2013.csv
2014-01-13,jepx-spread-range-kyushu,kyushu,7.989999999999998,https://www.jepx.jp/_download.php?dir=spot_summary&file=spot_summary_2013.csv
2014-01-14,jepx-spread-range-kyushu,kyushu,8.18,https://www.jepx.jp/_download.php?dir=spot_summary&file=spot_summary_2013.csv
2014-01-15,jepx-spread-range-kyushu,kyushu,6.789999999999999,https://www.jepx.jp/_download.php?dir=spot_summary&file=spot_summary_2013.csv
2014-01-16,jepx-spread-range-kyushu,kyushu,3.169999999999998,https://www.jepx.jp/_download.php?dir=spot_summary&file=spot_summary_2013.csv
2014-01-17,jepx-spread-range-kyushu,kyushu,6.669999999999998,https://www.jepx.jp/_download.php?dir=spot_summary&file=spot_summary_2013.csv
2014-01-18,jepx-spread-range-kyushu,kyushu,6.679999999999998,https://www.jepx.jp/_download.php?dir=spot_summary&file=spot_summary_2013.csv
2014-01-19,jepx-spread-range-kyushu,kyushu,3.75,https://www.jepx.jp/_download.php?dir=spot_summary&file=spot_summary_2013.csv
2014-01-20,jepx-spread-range-kyushu,kyushu,7.650000000000002,https://www.jepx.jp/_download.php?dir=spot_summary&file=spot_summary_2013.csv
2014-01-21,jepx-spread-range-kyushu,kyushu,7.289999999999999,https://www.jepx.jp/_download.php?dir=spot_summary&file=spot_summary_2013.csv
2014-01-22,jepx-spread-range-kyushu,kyushu,7.43,https://www.jepx.jp/_download.php?dir=spot_summary&file=spot_summary_2013.csv
2014-01-23,jepx-spread-range-kyushu,kyushu,7.07,https://www.jepx.jp/_download.php?dir=spot_summary&file=spot_summary_2013.csv
2014-01-24,jepx-spread-range-kyushu,kyushu,7.609999999999999,https://www.jepx.jp/_download.php?dir=spot_summary&file=spot_summary_2013.csv
2014-01-25,jepx-spread-range-kyushu,kyushu,2.2799999999999976,https://www.jepx.jp/_download.php?dir=spot_summary&file=spot_summary_2013.csv
2014-01-26,jepx-spread-range-kyushu,kyushu,3.2200000000000024,https://www.jepx.jp/_download.php?dir=spot_summary&file=spot_summary_2013.csv
2014-01-27,jepx-spread-range-kyushu,kyushu,9.23,https://www.jepx.jp/_download.php?dir=spot_summary&file=spot_summary_2013.csv
2014-01-28,jepx-spread-range-kyushu,kyushu,6.690000000000001,https://www.jepx.jp/_download.php?dir=spot_summary&file=spot_summary_2013.csv
2014-01-29,jepx-spread-range-kyushu,kyushu,7.299999999999999,https://www.jepx.jp/_download.php?dir=spot_summary&file=spot_summary_2013.csv
2014-01-30,jepx-spread-range-kyushu,kyushu,3.92,https://www.jepx.jp/_download.php?dir=spot_summary&file=spot_summary_2013.csv
2014-01-31,jepx-spread-range-kyushu,kyushu,3.290000000000001,https://www.jepx.jp/_download.php?dir=spot_summary&file=spot_summary_2013.csv
2014-02-01,jepx-spread-range-kyushu,kyushu,2.3199999999999985,https://www.jepx.jp/_download.php?dir=spot_summary&file=spot_summary_2013.csv
2014-02-02,jepx-spread-range-kyushu,kyushu,2.519999999999998,https://www.jepx.jp/_download.php?dir=spot_summary&file=spot_summary_2013.csv
2014-02-03,jepx-spread-range-kyushu,kyushu,4.200000000000003,https://www.jepx.jp/_download.php?dir=spot_summary&file=spot_summary_2013.csv
2014-02-04,jepx-spread-range-kyushu,kyushu,12.04,https://www.jepx.jp/_download.php?dir=spot_summary&file=spot_summary_2013.csv
2014-02-05,jepx-spread-range-kyushu,kyushu,9.91,https://www.jepx.jp/_download.php?dir=spot_summary&file=spot_summary_2013.csv
2014-02-06,jepx-spread-range-kyushu,kyushu,17.590000000000003,https://www.jepx.jp/_download.php?dir=spot_summary&file=spot_summary_2013.csv
2014-02-07,jepx-spread-range-kyushu,kyushu,9.91,https://www.jepx.jp/_download.php?dir=spot_summary&file=spot_summary_2013.csv
2014-02-08,jepx-spread-range-kyushu,kyushu,2.419999999999998,https://www.jepx.jp/_download.php?dir=spot_summary&file=spot_summary_2013.csv
2014-02-09,jepx-spread-range-kyushu,kyushu,1.7299999999999969,https://www.jepx.jp/_download.php?dir=spot_summary&file=spot_summary_2013.csv
2014-02-10,jepx-spread-range-kyushu,kyushu,9.479999999999997,https://www.jepx.jp/_download.php?dir=spot_summary&file=spot_summary_2013.csv
2014-02-11,jepx-spread-range-kyushu,kyushu,2.41,https://www.jepx.jp/_download.php?dir=spot_summary&file=spot_summary_2013.csv
2014-02-12,jepx-spread-range-kyushu,kyushu,9.329999999999998,https://www.jepx.jp/_download.php?dir=spot_summary&file=spot_summary_2013.csv
2014-02-13,jepx-spread-range-kyushu,kyushu,9.91,https://www.jepx.jp/_download.php?dir=spot_summary&file=spot_summary_2013.csv
2014-02-14,jepx-spread-range-kyushu,kyushu,20.879999999999995,https://www.jepx.jp/_download.php?dir=spot_summary&file=spot_summary_2013.csv
2014-02-15,jepx-spread-range-kyushu,kyushu,2.370000000000001,https://www.jepx.jp/_download.php?dir=spot_summary&file=spot_summary_2013.csv
2014-02-16,jepx-spread-range-kyushu,kyushu,1.8099999999999987,https://www.jepx.jp/_download.php?dir=spot_summary&file=spot_summary_2013.csv
2014-02-17,jepx-spread-range-kyushu,kyushu,7.149999999999999,https://www.jepx.jp/_download.php?dir=spot_summary&file=spot_summary_2013.csv
2014-02-18,jepx-spread-range-kyushu,kyushu,11.099999999999998,https://www.jepx.jp/_download.php?dir=spot_summary&file=spot_summary_2013.csv
2014-02-19,jepx-spread-range-kyushu,kyushu,11.099999999999998,https://www.jepx.jp/_download.php?dir=spot_summary&file=spot_summary_2013.csv
2014-02-20,jepx-spread-range-kyushu,kyushu,11.099999999999998,https://www.jepx.jp/_download.php?dir=spot_summary&file=spot_summary_2013.csv
2014-02-21,jepx-spread-range-kyushu,kyushu,9.4,https://www.jepx.jp/_download.php?dir=spot_summary&file=spot_summary_2013.csv
2014-02-22,jepx-spread-range-kyushu,kyushu,3.5,https://www.jepx.jp/_download.php?dir=spot_summary&file=spot_summary_2013.csv
2014-02-23,jepx-spread-range-kyushu,kyushu,4.15,https://www.jepx.jp/_download.php?dir=spot_summary&file=spot_summary_2013.csv
2014-02-24,jepx-spread-range-kyushu,kyushu,6.439999999999998,https://www.jepx.jp/_download.php?dir=spot_summary&file=spot_summary_2013.csv
2014-02-25,jepx-spread-range-kyushu,kyushu,4.210000000000001,https://www.jepx.jp/_download.php?dir=spot_summary&file=spot_summary_2013.csv
2014-02-26,jepx-spread-range-kyushu,kyushu,3.5500000000000007,https://www.jepx.jp/_download.php?dir=spot_summary&file=spot_summary_2013.csv
2014-02-27,jepx-spread-range-kyushu,kyushu,6.720000000000001,https://www.jepx.jp/_download.php?dir=spot_summary&file=spot_summary_2013.csv
2014-02-28,jepx-spread-range-kyushu,kyushu,4.049999999999999,https://www.jepx.jp/_download.php?dir=spot_summary&file=spot_summary_2013.csv
2014-03-01,jepx-spread-range-kyushu,kyushu,0.9800000000000004,https://www.jepx.jp/_download.php?dir=spot_summary&file=spot_summary_2013.csv
2014-03-02,jepx-spread-range-kyushu,kyushu,3.690000000000001,https://www.jepx.jp/_download.php?dir=spot_summary&file=spot_summary_2013.csv
2014-03-03,jepx-spread-range-kyushu,kyushu,10.260000000000002,https://www.jepx.jp/_download.php?dir=spot_summary&file=spot_summary_2013.csv
2014-03-04,jepx-spread-range-kyushu,kyushu,5.960000000000001,https://www.jepx.jp/_download.php?dir=spot_summary&file=spot_summary_2013.csv
2014-03-05,jepx-spread-range-kyushu,kyushu,9.43,https://www.jepx.jp/_download.php?dir=spot_summary&file=spot_summary_2013.csv
2014-03-06,jepx-spread-range-kyushu,kyushu,8.75,https://www.jepx.jp/_download.php?dir=spot_summary&file=spot_summary_2013.csv
2014-03-07,jepx-spread-range-kyushu,kyushu,12.59,https://www.jepx.jp/_download.php?dir=spot_summary&file=spot_summary_2013.csv
2014-03-08,jepx-spread-range-kyushu,kyushu,5.010000000000002,https://www.jepx.jp/_download.php?dir=spot_summary&file=spot_summary_2013.csv
2014-03-09,jepx-spread-range-kyushu,kyushu,3.4700000000000024,https://www.jepx.jp/_download.php?dir=spot_summary&file=spot_summary_2013.csv
2014-03-10,jepx-spread-range-kyushu,kyushu,16.1,https://www.jepx.jp/_download.php?dir=spot_summary&file=spot_summary_2013.csv
2014-03-11,jepx-spread-range-kyushu,kyushu,10.55,https://www.jepx.jp/_download.php?dir=spot_summary&file=spot_summary_2013.csv
2014-03-12,jepx-spread-range-kyushu,kyushu,2.099999999999998,https://www.jepx.jp/_download.php?dir=spot_summary&file=spot_summary_2013.csv
2014-03-13,jepx-spread-range-kyushu,kyushu,9.529999999999998,https://www.jepx.jp/_download.php?dir=spot_summary&file=spot_summary_2013.csv
2014-03-14,jepx-spread-range-kyushu,kyushu,7.050000000000001,https://www.jepx.jp/_download.php?dir=spot_summary&file=spot_summary_2013.csv
2014-03-15,jepx-spread-range-kyushu,kyushu,4.43,https://www.jepx.jp/_download.php?dir=spot_summary&file=spot_summary_2013.csv
2014-03-16,jepx-spread-range-kyushu,kyushu,2.7099999999999973,https://www.jepx.jp/_download.php?dir=spot_summary&file=spot_summary_2013.csv
2014-03-17,jepx-spread-range-kyushu,kyushu,2.890000000000001,https://www.jepx.jp/_download.php?dir=spot_summary&file=spot_summary_2013.csv
2014-03-18,jepx-spread-range-kyushu,kyushu,3.3999999999999986,https://www.jepx.jp/_download.php?dir=spot_summary&file=spot_summary_2013.csv
2014-03-19,jepx-spread-range-kyushu,kyushu,3.169999999999998,https://www.jepx.jp/_download.php?dir=spot_summary&file=spot_summary_2013.csv
2014-03-20,jepx-spread-range-kyushu,kyushu,9.8,https://www.jepx.jp/_download.php?dir=spot_summary&file=spot_summary_2013.csv
2014-03-21,jepx-spread-range-kyushu,kyushu,7.91,https://www.jepx.jp/_download.php?dir=spot_summary&file=spot_summary_2013.csv
2014-03-22,jepx-spread-range-kyushu,kyushu,3.0,https://www.jepx.jp/_download.php?dir=spot_summary&file=spot_summary_2013.csv
2014-03-23,jepx-spread-range-kyushu,kyushu,3.4700000000000024,https://www.jepx.jp/_download.php?dir=spot_summary&file=spot_summary_2013.csv
2014-03-24,jepx-spread-range-kyushu,kyushu,3.049999999999999,https://www.jepx.jp/_download.php?dir=spot_summary&file=spot_summary_2013.csv
2014-03-25,jepx-spread-range-kyushu,kyushu,3.4499999999999997,https://www.jepx.jp/_download.php?dir=spot_summary&file=spot_summary_2013.csv
2014-03-26,jepx-spread-range-kyushu,kyushu,3.3599999999999994,https://www.jepx.jp/_download.php?dir=spot_summary&file=spot_summary_2013.csv
2014-03-27,jepx-spread-range-kyushu,kyushu,3.3599999999999994,https://www.jepx.jp/_download.php?dir=spot_summary&file=spot_summary_2013.csv
2014-03-28,jepx-spread-range-kyushu,kyushu,2.589999999999998,https://www.jepx.jp/_download.php?dir=spot_summary&file=spot_summary_2013.csv
2014-03-29,jepx-spread-range-kyushu,kyushu,3.1500000000000004,https://www.jepx.jp/_download.php?dir=spot_summary&file=spot_summary_2013.csv
2014-03-30,jepx-spread-range-kyushu,kyushu,4.929999999999998,https://www.jepx.jp/_download.php?dir=spot_summary&file=spot_summary_2013.csv
2014-03-31,jepx-spread-range-kyushu,kyushu,2.43,https://www.jepx.jp/_download.php?dir=spot_summary&file=spot_summary_2013.csv
2014-04-01,jepx-spread-range-kyushu,kyushu,2.84,https://www.jepx.jp/_download.php?dir=spot_summary&file=spot_summary_2014.csv
2014-04-02,jepx-spread-range-kyushu,kyushu,3.43,https://www.jepx.jp/_download.php?dir=spot_summary&file=spot_summary_2014.csv
2014-04-03,jepx-spread-range-kyushu,kyushu,2.8099999999999987,https://www.jepx.jp/_download.php?dir=spot_summary&file=spot_summary_2014.csv
2014-04-04,jepx-spread-range-kyushu,kyushu,3.4499999999999997,https://www.jepx.jp/_download.php?dir=spot_summary&file=spot_summary_2014.csv
2014-04-05,jepx-spread-range-kyushu,kyushu,3.219999999999999,https://www.jepx.jp/_download.php?dir=spot_summary&file=spot_summary_2014.csv
2014-04-06,jepx-spread-range-kyushu,kyushu,4.52,https://www.jepx.jp/_download.php?dir=spot_summary&file=spot_summary_2014.csv
2014-04-07,jepx-spread-range-kyushu,kyushu,6.52,https://www.jepx.jp/_download.php?dir=spot_summary&file=spot_summary_2014.csv
2014-04-08,jepx-spread-range-kyushu,kyushu,2.4399999999999995,https://www.jepx.jp/_download.php?dir=spot_summary&file=spot_summary_2014.csv
2014-04-09,jepx-spread-range-kyushu,kyushu,3.02,https://www.jepx.jp/_download.php?dir=spot_summary&file=spot_summary_2014.csv
2014-04-10,jepx-spread-range-kyushu,kyushu,3.890000000000001,https://www.jepx.jp/_download.php?dir=spot_summary&file=spot_summary_2014.csv
2014-04-11,jepx-spread-range-kyushu,kyushu,3.53,https://www.jepx.jp/_download.php?dir=spot_summary&file=spot_summary_2014.csv
2014-04-12,jepx-spread-range-kyushu,kyushu,2.09,https://www.jepx.jp/_download.php?dir=spot_summary&file=spot_summary_2014.csv
2014-04-13,jepx-spread-range-kyushu,kyushu,2.6000000000000014,https://www.jepx.jp/_download.php?dir=spot_summary&file=spot_summary_2014.csv
2014-04-14,jepx-spread-range-kyushu,kyushu,6.949999999999999,https://www.jepx.jp/_download.php?dir=spot_summary&file=spot_summary_2014.csv
2014-04-15,jepx-spread-range-kyushu,kyushu,5.460000000000001,https://www.jepx.jp/_download.php?dir=spot_summary&file=spot_summary_2014.csv
2014-04-16,jepx-spread-range-kyushu,kyushu,3.3999999999999986,https://www.jepx.jp/_download.php?dir=spot_summary&file=spot_summary_2014.csv
2014-04-17,jepx-spread-range-kyushu,kyushu,3.379999999999999,https://www.jepx.jp/_download.php?dir=spot_summary&file=spot_summary_2014.csv
2014-04-18,jepx-spread-range-kyushu,kyushu,6.460000000000001,https://www.jepx.jp/_download.php?dir=spot_summary&file=spot_summary_2014.csv
2014-04-19,jepx-spread-range-kyushu,kyushu,4.540000000000001,https://www.jepx.jp/_download.php?dir=spot_summary&file=spot_summary_2014.csv
2014-04-20,jepx-spread-range-kyushu,kyushu,4.719999999999999,https://www.jepx.jp/_download.php?dir=spot_summary&file=spot_summary_2014.csv
2014-04-21,jepx-spread-range-kyushu,kyushu,4.579999999999998,https://www.jepx.jp/_download.php?dir=spot_summary&file=spot_summary_2014.csv
2014-04-22,jepx-spread-range-kyushu,kyushu,3.210000000000001,https://www.jepx.jp/_download.php?dir=spot_summary&file=spot_summary_2014.csv
2014-04-23,jepx-spread-range-kyushu,kyushu,4.470000000000001,https://www.jepx.jp/_download.php?dir=spot_summary&file=spot_summary_2014.csv
2014-04-24,jepx-spread-range-kyushu,kyushu,4.520000000000001,https://www.jepx.jp/_download.php?dir=spot_summary&file=spot_summary_2014.csv
2014-04-25,jepx-spread-range-kyushu,kyushu,4.01,https://www.jepx.jp/_download.php?dir=spot_summary&file=spot_summary_2014.csv
2014-04-26,jepx-spread-range-kyushu,kyushu,4.369999999999999,https://www.jepx.jp/_download.php?dir=spot_summary&file=spot_summary_2014.csv
2014-04-27,jepx-spread-range-kyushu,kyushu,3.9700000000000006,https://www.jepx.jp/_download.php?dir=spot_summary&file=spot_summary_2014.csv
2014-04-28,jepx-spread-range-kyushu,kyushu,5.44,https://www.jepx.jp/_download.php?dir=spot_summary&file=spot_summary_2014.csv
2014-04-29,jepx-spread-range-kyushu,kyushu,4.4,https://www.jepx.jp/_download.php?dir=spot_summary&file=spot_summary_2014.csv
2014-04-30,jepx-spread-range-kyushu,kyushu,8.76,https://www.jepx.jp/_download.php?dir=spot_summary&file=spot_summary_2014.csv
2014-05-01,jepx-spread-range-kyushu,kyushu,3.449999999999997,https://www.jepx.jp/_download.php?dir=spot_summary&file=spot_summary_2014.csv
2014-05-02,jepx-spread-range-kyushu,kyushu,4.44,https://www.jepx.jp/_download.php?dir=spot_summary&file=spot_summary_2014.csv
2014-05-03,jepx-spread-range-kyushu,kyushu,5.700000000000001,https://www.jepx.jp/_download.php?dir=spot_summary&file=spot_summary_2014.csv
2014-05-04,jepx-spread-range-kyushu,kyushu,6.75,https://www.jepx.jp/_download.php?dir=spot_summary&file=spot_summary_2014.csv
2014-05-05,jepx-spread-range-kyushu,kyushu,2.3999999999999986,https://www.jepx.jp/_download.php?dir=spot_summary&file=spot_summary_2014.csv
2014-05-06,jepx-spread-range-kyushu,kyushu,4.980000000000002,https://www.jepx.jp/_download.php?dir=spot_summary&file=spot_summary_2014.csv
2014-05-07,jepx-spread-range-kyushu,kyushu,8.129999999999999,https://www.jepx.jp/_download.php?dir=spot_summary&file=spot_summary_2014.csv
2014-05-08,jepx-spread-range-kyushu,kyushu,7.139999999999999,https://www.jepx.jp/_download.php?dir=spot_summary&file=spot_summary_2014.csv
2014-05-09,jepx-spread-range-kyushu,kyushu,4.15,https://www.jepx.jp/_download.php?dir=spot_summary&file=spot_summary_2014.csv
2014-05-10,jepx-spread-range-kyushu,kyushu,4.44,https://www.jepx.jp/_download.php?dir=spot_summary&file=spot_summary_2014.csv
2014-05-11,jepx-spread-range-kyushu,kyushu,4.190000000000001,https://www.jepx.jp/_download.php?dir=spot_summary&file=spot_summary_2014.csv
2014-05-12,jepx-spread-range-kyushu,kyushu,8.319999999999999,https://www.jepx.jp/_download.php?dir=spot_summary&file=spot_summary_2014.csv
2014-05-13,jepx-spread-range-kyushu,kyushu,6.57,https://www.jepx.jp/_download.php?dir=spot_summary&file=spot_summary_2014.csv
2014-05-14,jepx-spread-range-kyushu,kyushu,9.82,https://www.jepx.jp/_download.php?dir=spot_summary&file=spot_summary_2014.csv
2014-05-15,jepx-spread-range-kyushu,kyushu,10.9,https://www.jepx.jp/_download.php?dir=spot_summary&file=spot_summary_2014.csv
2014-05-16,jepx-spread-range-kyushu,kyushu,6.050000000000001,https://www.jepx.jp/_download.php?dir=spot_summary&file=spot_summary_2014.csv
2014-05-17,jepx-spread-range-kyushu,kyushu,4.319999999999999,https://www.jepx.jp/_download.php?dir=spot_summary&file=spot_summary_2014.csv
2014-05-18,jepx-spread-range-kyushu,kyushu,6.93,https://www.jepx.jp/_download.php?dir=spot_summary&file=spot_summary_2014.csv
2014-05-19,jepx-spread-range-kyushu,kyushu,9.920000000000002,https://www.jepx.jp/_download.php?dir=spot_summary&file=spot_summary_2014.csv
2014-05-20,jepx-spread-range-kyushu,kyushu,9.920000000000002,https://www.jepx.jp/_download.php?dir=spot_summary&file=spot_summary_2014.csv
2014-05-21,jepx-spread-range-kyushu,kyushu,4.25,https://www.jepx.jp/_download.php?dir=spot_summary&file=spot_summary_2014.csv
2014-05-22,jepx-spread-range-kyushu,kyushu,4.580000000000002,https://www.jepx.jp/_download.php?dir=spot_summary&file=spot_summary_2014.csv
2014-05-23,jepx-spread-range-kyushu,kyushu,4.370000000000001,https://www.jepx.jp/_download.php?dir=spot_summary&file=spot_summary_2014.csv
2014-05-24,jepx-spread-range-kyushu,kyushu,4.609999999999999,https://www.jepx.jp/_download.php?dir=spot_summary&file=spot_summary_2014.csv
2014-05-25,jepx-spread-range-kyushu,kyushu,4.350000000000001,https://www.jepx.jp/_download.php?dir=spot_summary&file=spot_summary_2014.csv
2014-05-26,jepx-spread-range-kyushu,kyushu,6.599999999999998,https://www.jepx.jp/_download.php?dir=spot_summary&file=spot_summary_2014.csv
2014-05-27,jepx-spread-range-kyushu,kyushu,4.609999999999999,https://www.jepx.jp/_download.php?dir=spot_summary&file=spot_summary_2014.csv
2014-05-28,jepx-spread-range-kyushu,kyushu,5.69,https://www.jepx.jp/_download.php?dir=spot_summary&file=spot_summary_2014.csv
2014-05-29,jepx-spread-range-kyushu,kyushu,8.230000000000002,https://www.jepx.jp/_download.php?dir=spot_summary&file=spot_summary_2014.csv
2014-05-30,jepx-spread-range-kyushu,kyushu,7.19,https://www.jepx.jp/_download.php?dir=spot_summary&file=spot_summary_2014.csv
2014-05-31,jepx-spread-range-kyushu,kyushu,5.57,https://www.jepx.jp/_download.php?dir=spot_summary&file=spot_summary_2014.csv
2014-06-01,jepx-spread-range-kyushu,kyushu,6.0,https://www.jepx.jp/_download.php?dir=spot_summary&file=spot_summary_2014.csv
2014-06-02,jepx-spread-range-kyushu,kyushu,8.549999999999999,https://www.jepx.jp/_download.php?dir=spot_summary&file=spot_summary_2014.csv
2014-06-03,jepx-spread-range-kyushu,kyushu,11.38,https://www.jepx.jp/_download.php?dir=spot_summary&file=spot_summary_2014.csv
2014-06-04,jepx-spread-range-kyushu,kyushu,11.32,https://www.jepx.jp/_download.php?dir=spot_summary&file=spot_summary_2014.csv
2014-06-05,jepx-spread-range-kyushu,kyushu,9.820000000000002,https://www.jepx.jp/_download.php?dir=spot_summary&file=spot_summary_2014.csv
2014-06-06,jepx-spread-range-kyushu,kyushu,8.24,https://www.jepx.jp/_download.php?dir=spot_summary&file=spot_summary_2014.csv
2014-06-07,jepx-spread-range-kyushu,kyushu,3.5600000000000005,https://www.jepx.jp/_download.php?dir=spot_summary&file=spot_summary_2014.csv
2014-06-08,jepx-spread-range-kyushu,kyushu,5.210000000000001,https://www.jepx.jp/_download.php?dir=spot_summary&file=spot_summary_2014.csv
2014-06-09,jepx-spread-range-kyushu,kyushu,7.23,https://www.jepx.jp/_download.php?dir=spot_summary&file=spot_summary_2014.csv
2014-06-10,jepx-spread-range-kyushu,kyushu,8.36,https://www.jepx.jp/_download.php?dir=spot_summary&file=spot_summary_2014.csv
2014-06-11,jepx-spread-range-kyushu,kyushu,7.890000000000001,https://www.jepx.jp/_download.php?dir=spot_summary&file=spot_summary_2014.csv
2014-06-12,jepx-spread-range-kyushu,kyushu,7.449999999999999,https://www.jepx.jp/_download.php?dir=spot_summary&file=spot_summary_2014.csv
2014-06-13,jepx-spread-range-kyushu,kyushu,6.16,https://www.jepx.jp/_download.php?dir=spot_summary&file=spot_summary_2014.csv
2014-06-14,jepx-spread-range-kyushu,kyushu,4.33,https://www.jepx.jp/_download.php?dir=spot_summary&file=spot_summary_2014.csv
2014-06-15,jepx-spread-range-kyushu,kyushu,3.610000000000001,https://www.jepx.jp/_download.php?dir=spot_summary&file=spot_summary_2014.csv
2014-06-16,jepx-spread-range-kyushu,kyushu,8.67,https://www.jepx.jp/_download.php?dir=spot_summary&file=spot_summary_2014.csv
2014-06-17,jepx-spread-range-kyushu,kyushu,6.08,https://www.jepx.jp/_download.php?dir=spot_summary&file=spot_summary_2014.csv
2014-06-18,jepx-spread-range-kyushu,kyushu,6.27,https://www.jepx.jp/_download.php?dir=spot_summary&file=spot_summary_2014.csv
2014-06-19,jepx-spread-range-kyushu,kyushu,6.450000000000001,https://www.jepx.jp/_download.php?dir=spot_summary&file=spot_summary_2014.csv
2014-06-20,jepx-spread-range-kyushu,kyushu,7.329999999999998,https://www.jepx.jp/_download.php?dir=spot_summary&file=spot_summary_2014.csv
2014-06-21,jepx-spread-range-kyushu,kyushu,4.83,https://www.jepx.jp/_download.php?dir=spot_summary&file=spot_summary_2014.csv
2014-06-22,jepx-spread-range-kyushu,kyushu,3.860000000000001,https://www.jepx.jp/_download.php?dir=spot_summary&file=spot_summary_2014.csv
2014-06-23,jepx-spread-range-kyushu,kyushu,8.9,https://www.jepx.jp/_download.php?dir=spot_summary&file=spot_summary_2014.csv
2014-06-24,jepx-spread-range-kyushu,kyushu,6.700000000000001,https://www.jepx.jp/_download.php?dir=spot_summary&file=spot_summary_2014.csv
2014-06-25,jepx-spread-range-kyushu,kyushu,6.83,https://www.jepx.jp/_download.php?dir=spot_summary&file=spot_summary_2014.csv
2014-06-26,jepx-spread-range-kyushu,kyushu,6.790000000000001,https://www.jepx.jp/_download.php?dir=spot_summary&file=spot_summary_2014.csv
2014-06-27,jepx-spread-range-kyushu,kyushu,9.44,https://www.jepx.jp/_download.php?dir=spot_summary&file=spot_summary_2014.csv
2014-06-28,jepx-spread-range-kyushu,kyushu,3.9700000000000015,https://www.jepx.jp/_download.php?dir=spot_summary&file=spot_summary_2014.csv
2014-06-29,jepx-spread-range-kyushu,kyushu,4.169999999999998,https://www.jepx.jp/_download.php?dir=spot_summary&file=spot_summary_2014.csv
2014-06-30,jepx-spread-range-kyushu,kyushu,7.359999999999999,https://www.jepx.jp/_download.php?dir=spot_summary&file=spot_summary_2014.csv
2014-07-01,jepx-spread-range-kyushu,kyushu,7.139999999999999,https://www.jepx.jp/_download.php?dir=spot_summary&file=spot_summary_2014.csv
2014-07-02,jepx-spread-range-kyushu,kyushu,8.729999999999999,https://www.jepx.jp/_download.php?dir=spot_summary&file=spot_summary_2014.csv
2014-07-03,jepx-spread-range-kyushu,kyushu,7.139999999999999,https://www.jepx.jp/_download.php?dir=spot_summary&file=spot_summary_2014.csv
2014-07-04,jepx-spread-range-kyushu,kyushu,7.34,https://www.jepx.jp/_download.php?dir=spot_summary&file=spot_summary_2014.csv
2014-07-05,jepx-spread-range-kyushu,kyushu,5.420000000000002,https://www.jepx.jp/_download.php?dir=spot_summary&file=spot_summary_2014.csv
2014-07-06,jepx-spread-range-kyushu,kyushu,5.420000000000002,https://www.jepx.jp/_download.php?dir=spot_summary&file=spot_summary_2014.csv
2014-07-07,jepx-spread-range-kyushu,kyushu,9.38,https://www.jepx.jp/_download.php?dir=spot_summary&file=spot_summary_2014.csv
2014-07-08,jepx-spread-range-kyushu,kyushu,8.14,https://www.jepx.jp/_download.php?dir=spot_summary&file=spot_summary_2014.csv
2014-07-09,jepx-spread-range-kyushu,kyushu,9.810000000000002,https://www.jepx.jp/_download.php?dir=spot_summary&file=spot_summary_2014.csv
2014-07-10,jepx-spread-range-kyushu,kyushu,10.000000000000002,https://www.jepx.jp/_download.php?dir=spot_summary&file=spot_summary_2014.csv
2014-07-11,jepx-spread-range-kyushu,kyushu,14.02,https://www.jepx.jp/_download.php?dir=spot_summary&file=spot_summary_2014.csv
2014-07-12,jepx-spread-range-kyushu,kyushu,6.17,https://www.jepx.jp/_download.php?dir=spot_summary&file=spot_summary_2014.csv
2014-07-13,jepx-spread-range-kyushu,kyushu,5.949999999999999,https://www.jepx.jp/_download.php?dir=spot_summary&file=spot_summary_2014.csv
2014-07-14,jepx-spread-range-kyushu,kyushu,10.86,https://www.jepx.jp/_download.php?dir=spot_summary&file=spot_summary_2014.csv
2014-07-15,jepx-spread-range-kyushu,kyushu,7.690000000000001,https://www.jepx.jp/_download.php?dir=spot_summary&file=spot_summary_2014.csv
2014-07-16,jepx-spread-range-kyushu,kyushu,10.510000000000002,https://www.jepx.jp/_download.php?dir=spot_summary&file=spot_summary_2014.csv
2014-07-17,jepx-spread-range-kyushu,kyushu,10.45,https://www.jepx.jp/_download.php?dir=spot_summary&file=spot_summary_2014.csv
2014-07-18,jepx-spread-range-kyushu,kyushu,9.96,https://www.jepx.jp/_download.php?dir=spot_summary&file=spot_summary_2014.csv
2014-07-19,jepx-spread-range-kyushu,kyushu,4.48,https://www.jepx.jp/_download.php?dir=spot_summary&file=spot_summary_2014.csv
2014-07-20,jepx-spread-range-kyushu,kyushu,4.790000000000001,https://www.jepx.jp/_download.php?dir=spot_summary&file=spot_summary_2014.csv
2014-07-21,jepx-spread-range-kyushu,kyushu,6.5,https://www.jepx.jp/_download.php?dir=spot_summary&file=spot_summary_2014.csv
2014-07-22,jepx-spread-range-kyushu,kyushu,10.44,https://www.jepx.jp/_download.php?dir=spot_summary&file=spot_summary_2014.csv
2014-07-23,jepx-spread-range-kyushu,kyushu,9.7,https://www.jepx.jp/_download.php?dir=spot_summary&file=spot_summary_2014.csv
2014-07-24,jepx-spread-range-kyushu,kyushu,14.739999999999998,https://www.jepx.jp/_download.php?dir=spot_summary&file=spot_summary_2014.csv
2014-07-25,jepx-spread-range-kyushu,kyushu,32.03,https://www.jepx.jp/_download.php?dir=spot_summary&file=spot_summary_2014.csv
2014-07-26,jepx-spread-range-kyushu,kyushu,6.44,https://www.jepx.jp/_download.php?dir=spot_summary&file=spot_summary_2014.csv
2014-07-27,jepx-spread-range-kyushu,kyushu,6.27,https://www.jepx.jp/_download.php?dir=spot_summary&file=spot_summary_2014.csv
2014-07-28,jepx-spread-range-kyushu,kyushu,9.400000000000002,https://www.jepx.jp/_download.php?dir=spot_summary&file=spot_summary_2014.csv
2014-07-29,jepx-spread-range-kyushu,kyushu,9.44,https://www.jepx.jp/_download.php?dir=spot_summary&file=spot_summary_2014.csv
2014-07-30,jepx-spread-range-kyushu,kyushu,10.94,https://www.jepx.jp/_download.php?dir=spot_summary&file=spot_summary_2014.csv
2014-07-31,jepx-spread-range-kyushu,kyushu,12.26,https://www.jepx.jp/_download.php?dir=spot_summary&file=spot_summary_2014.csv
2014-08-01,jepx-spread-range-kyushu,kyushu,11.269999999999998,https://www.jepx.jp/_download.php?dir=spot_summary&file=spot_summary_2014.csv
2014-08-02,jepx-spread-range-kyushu,kyushu,5.19,https://www.jepx.jp/_download.php?dir=spot_summary&file=spot_summary_2014.csv
2014-08-03,jepx-spread-range-kyushu,kyushu,4.85,https://www.jepx.jp/_download.php?dir=spot_summary&file=spot_summary_2014.csv
2014-08-04,jepx-spread-range-kyushu,kyushu,10.07,https://www.jepx.jp/_download.php?dir=spot_summary&file=spot_summary_2014.csv
2014-08-05,jepx-spread-range-kyushu,kyushu,10.7,https://www.jepx.jp/_download.php?dir=spot_summary&file=spot_summary_2014.csv
2014-08-06,jepx-spread-range-kyushu,kyushu,9.61,https://www.jepx.jp/_download.php?dir=spot_summary&file=spot_summary_2014.csv
2014-08-07,jepx-spread-range-kyushu,kyushu,8.62,https://www.jepx.jp/_download.php?dir=spot_summary&file=spot_summary_2014.csv
2014-08-08,jepx-spread-range-kyushu,kyushu,8.499999999999998,https://www.jepx.jp/_download.php?dir=spot_summary&file=spot_summary_2014.csv
2014-08-09,jepx-spread-range-kyushu,kyushu,4.770000000000001,https://www.jepx.jp/_download.php?dir=spot_summary&file=spot_summary_2014.csv
2014-08-10,jepx-spread-range-kyushu,kyushu,4.590000000000002,https://www.jepx.jp/_download.php?dir=spot_summary&file=spot_summary_2014.csv
2014-08-11,jepx-spread-range-kyushu,kyushu,10.32,https://www.jepx.jp/_download.php?dir=spot_summary&file=spot_summary_2014.csv
2014-08-12,jepx-spread-range-kyushu,kyushu,6.26,https://www.jepx.jp/_download.php?dir=spot_summary&file=spot_summary_2014.csv
2014-08-13,jepx-spread-range-kyushu,kyushu,8.190000000000001,https://www.jepx.jp/_download.php?dir=spot_summary&file=spot_summary_2014.csv
2014-08-14,jepx-spread-range-kyushu,kyushu,6.109999999999999,https://www.jepx.jp/_download.php?dir=spot_summary&file=spot_summary_2014.csv
2014-08-15,jepx-spread-range-kyushu,kyushu,8.149999999999999,https://www.jepx.jp/_download.php?dir=spot_summary&file=spot_summary_2014.csv
2014-08-16,jepx-spread-range-kyushu,kyushu,4.69,https://www.jepx.jp/_download.php?dir=spot_summary&file=spot_summary_2014.csv
2014-08-17,jepx-spread-range-kyushu,kyushu,6.3,https://www.jepx.jp/_download.php?dir=spot_summary&file=spot_summary_2014.csv
2014-08-18,jepx-spread-range-kyushu,kyushu,13.920000000000002,https://www.jepx.jp/_download.php?dir=spot_summary&file=spot_summary_2014.csv
2014-08-19,jepx-spread-range-kyushu,kyushu,12.000000000000002,https://www.jepx.jp/_download.php?dir=spot_summary&file=spot_summary_2014.csv
2014-08-20,jepx-spread-range-kyushu,kyushu,9.98,https://www.jepx.jp/_download.php?dir=spot_summary&file=spot_summary_2014.csv
2014-08-21,jepx-spread-range-kyushu,kyushu,9.42,https://www.jepx.jp/_download.php?dir=spot_summary&file=spot_summary_2014.csv
2014-08-22,jepx-spread-range-kyushu,kyushu,8.110000000000001,https://www.jepx.jp/_download.php?dir=spot_summary&file=spot_summary_2014.csv
2014-08-23,jepx-spread-range-kyushu,kyushu,4.98,https://www.jepx.jp/_download.php?dir=spot_summary&file=spot_summary_2014.csv
2014-08-24,jepx-spread-range-kyushu,kyushu,4.5600000000000005,https://www.jepx.jp/_download.php?dir=spot_summary&file=spot_summary_2014.csv
2014-08-25,jepx-spread-range-kyushu,kyushu,10.46,https://www.jepx.jp/_download.php?dir=spot_summary&file=spot_summary_2014.csv
2014-08-26,jepx-spread-range-kyushu,kyushu,8.21,https://www.jepx.jp/_download.php?dir=spot_summary&file=spot_summary_2014.csv
2014-08-27,jepx-spread-range-kyushu,kyushu,7.210000000000001,https://www.jepx.jp/_download.php?dir=spot_summary&file=spot_summary_2014.csv
2014-08-28,jepx-spread-range-kyushu,kyushu,6.43,https://www.jepx.jp/_download.php?dir=spot_summary&file=spot_summary_2014.csv
2014-08-29,jepx-spread-range-kyushu,kyushu,5.74,https://www.jepx.jp/_download.php?dir=spot_summary&file=spot_summary_2014.csv
2014-08-30,jepx-spread-range-kyushu,kyushu,3.49,https://www.jepx.jp/_download.php?dir=spot_summary&file=spot_summary_2014.csv
2014-08-31,jepx-spread-range-kyushu,kyushu,2.9000000000000004,https://www.jepx.jp/_download.php?dir=spot_summary&file=spot_summary_2014.csv
2014-09-01,jepx-spread-range-kyushu,kyushu,7.789999999999999,https://www.jepx.jp/_download.php?dir=spot_summary&file=spot_summary_2014.csv
2014-09-02,jepx-spread-range-kyushu,kyushu,5.66,https://www.jepx.jp/_download.php?dir=spot_summary&file=spot_summary_2014.csv
2014-09-03,jepx-spread-range-kyushu,kyushu,6.200000000000001,https://www.jepx.jp/_download.php?dir=spot_summary&file=spot_summary_2014.csv
2014-09-04,jepx-spread-range-kyushu,kyushu,5.619999999999997,https://www.jepx.jp/_download.php?dir=spot_summary&file=spot_summary_2014.csv
2014-09-05,jepx-spread-range-kyushu,kyushu,5.949999999999999,https://www.jepx.jp/_download.php?dir=spot_summary&file=spot_summary_2014.csv
2014-09-06,jepx-spread-range-kyushu,kyushu,6.510000000000002,https://www.jepx.jp/_download.php?dir=spot_summary&file=spot_summary_2014.csv
2014-09-07,jepx-spread-range-kyushu,kyushu,6.82,https://www.jepx.jp/_download.php?dir=spot_summary&file=spot_summary_2014.csv
2014-09-08,jepx-spread-range-kyushu,kyushu,6.390000000000002,https://www.jepx.jp/_download.php?dir=spot_summary&file=spot_summary_2014.csv
2014-09-09,jepx-spread-range-kyushu,kyushu,5.549999999999999,https://www.jepx.jp/_download.php?dir=spot_summary&file=spot_summary_2014.csv
2014-09-10,jepx-spread-range-kyushu,kyushu,5.800000000000001,https://www.jepx.jp/_download.php?dir=spot_summary&file=spot_summary_2014.csv
2014-09-11,jepx-spread-range-kyushu,kyushu,5.530000000000001,https://www.jepx.jp/_download.php?dir=spot_summary&file=spot_summary_2014.csv
2014-09-12,jepx-spread-range-kyushu,kyushu,8.450000000000001,https://www.jepx.jp/_download.php?dir=spot_summary&file=spot_summary_2014.csv
2014-09-13,jepx-spread-range-kyushu,kyushu,5.630000000000001,https://www.jepx.jp/_download.php?dir=spot_summary&file=spot_summary_2014.csv
2014-09-14,jepx-spread-range-kyushu,kyushu,8.729999999999999,https://www.jepx.jp/_download.php?dir=spot_summary&file=spot_summary_2014.csv
2014-09-15,jepx-spread-range-kyushu,kyushu,10.869999999999996,https://www.jepx.jp/_download.php?dir=spot_summary&file=spot_summary_2014.csv
2014-09-16,jepx-spread-range-kyushu,kyushu,8.74,https://www.jepx.jp/_download.php?dir=spot_summary&file=spot_summary_2014.csv
2014-09-17,jepx-spread-range-kyushu,kyushu,8.22,https://www.jepx.jp/_download.php?dir=spot_summary&file=spot_summary_2014.csv
2014-09-18,jepx-spread-range-kyushu,kyushu,5.950000000000001,https://www.jepx.jp/_download.php?dir=spot_summary&file=spot_summary_2014.csv
2014-09-19,jepx-spread-range-kyushu,kyushu,5.659999999999998,https://www.jepx.jp/_download.php?dir=spot_summary&file=spot_summary_2014.csv
2014-09-20,jepx-spread-range-kyushu,kyushu,4.489999999999998,https://www.jepx.jp/_download.php?dir=spot_summary&file=spot_summary_2014.csv
2014-09-21,jepx-spread-range-kyushu,kyushu,6.43,https://www.jepx.jp/_download.php?dir=spot_summary&file=spot_summary_2014.csv
2014-09-22,jepx-spread-range-kyushu,kyushu,7.109999999999998,https://www.jepx.jp/_download.php?dir=spot_summary&file=spot_summary_2014.csv
2014-09-23,jepx-spread-range-kyushu,kyushu,5.139999999999999,https://www.jepx.jp/_download.php?dir=spot_summary&file=spot_summary_2014.csv
2014-09-24,jepx-spread-range-kyushu,kyushu,6.389999999999999,https://www.jepx.jp/_download.php?dir=spot_summary&file=spot_summary_2014.csv
2014-09-25,jepx-spread-range-kyushu,kyushu,6.76,https://www.jepx.jp/_download.php?dir=spot_summary&file=spot_summary_2014.csv
2014-09-26,jepx-spread-range-kyushu,kyushu,6.279999999999999,https://www.jepx.jp/_download.php?dir=spot_summary&file=spot_summary_2014.csv
2014-09-27,jepx-spread-range-kyushu,kyushu,5.100000000000001,https://www.jepx.jp/_download.php?dir=spot_summary&file=spot_summary_2014.csv
2014-09-28,jepx-spread-range-kyushu,kyushu,8.879999999999999,https://www.jepx.jp/_download.php?dir=spot_summary&file=spot_summary_2014.csv
2014-09-29,jepx-spread-range-kyushu,kyushu,6.449999999999999,https://www.jepx.jp/_download.php?dir=spot_summary&file=spot_summary_2014.csv
2014-09-30,jepx-spread-range-kyushu,kyushu,6.030000000000001,https://www.jepx.jp/_download.php?dir=spot_summary&file=spot_summary_2014.csv
2014-10-01,jepx-spread-range-kyushu,kyushu,6.049999999999999,https://www.jepx.jp/_download.php?dir=spot_summary&file=spot_summary_2014.csv
2014-10-02,jepx-spread-range-kyushu,kyushu,6.029999999999999,https://www.jepx.jp/_download.php?dir=spot_summary&file=spot_summary_2014.csv
2014-10-03,jepx-spread-range-kyushu,kyushu,6.939999999999998,https://www.jepx.jp/_download.php?dir=spot_summary&file=spot_summary_2014.csv
2014-10-04,jepx-spread-range-kyushu,kyushu,2.5599999999999987,https://www.jepx.jp/_download.php?dir=spot_summary&file=spot_summary_2014.csv
2014-10-05,jepx-spread-range-kyushu,kyushu,1.5700000000000005,https://www.jepx.jp/_download.php?dir=spot_summary&file=spot_summary_2014.csv
2014-10-06,jepx-spread-range-kyushu,kyushu,3.59,https://www.jepx.jp/_download.php?dir=spot_summary&file=spot_summary_2014.csv
2014-10-07,jepx-spread-range-kyushu,kyushu,4.449999999999999,https://www.jepx.jp/_download.php?dir=spot_summary&file=spot_summary_2014.csv
2014-10-08,jepx-spread-range-kyushu,kyushu,7.619999999999999,https://www.jepx.jp/_download.php?dir=spot_summary&file=spot_summary_2014.csv
2014-10-09,jepx-spread-range-kyushu,kyushu,5.6999999999999975,https://www.jepx.jp/_download.php?dir=spot_summary&file=spot_summary_2014.csv
2014-10-10,jepx-spread-range-kyushu,kyushu,6.439999999999998,https://www.jepx.jp/_download.php?dir=spot_summary&file=spot_summary_2014.csv
2014-10-11,jepx-spread-range-kyushu,kyushu,5.320000000000002,https://www.jepx.jp/_download.php?dir=spot_summary&file=spot_summary_2014.csv
2014-10-12,jepx-spread-range-kyushu,kyushu,3.120000000000001,https://www.jepx.jp/_download.php?dir=spot_summary&file=spot_summary_2014.csv
2014-10-13,jepx-spread-range-kyushu,kyushu,6.539999999999999,https://www.jepx.jp/_download.php?dir=spot_summary&file=spot_summary_2014.csv
2014-10-14,jepx-spread-range-kyushu,kyushu,9.28,https://www.jepx.jp/_download.php?dir=spot_summary&file=spot_summary_2014.csv
2014-10-15,jepx-spread-range-kyushu,kyushu,9.06,https://www.jepx.jp/_download.php?dir=spot_summary&file=spot_summary_2014.csv
2014-10-16,jepx-spread-range-kyushu,kyushu,8.089999999999998,https://www.jepx.jp/_download.php?dir=spot_summary&file=spot_summary_2014.csv
2014-10-17,jepx-spread-range-kyushu,kyushu,6.85,https://www.jepx.jp/_download.php?dir=spot_summary&file=spot_summary_2014.csv
2014-10-18,jepx-spread-range-kyushu,kyushu,6.810000000000002,https://www.jepx.jp/_download.php?dir=spot_summary&file=spot_summary_2014.csv
2014-10-19,jepx-spread-range-kyushu,kyushu,6.18,https://www.jepx.jp/_download.php?dir=spot_summary&file=spot_summary_2014.csv
2014-10-20,jepx-spread-range-kyushu,kyushu,7.949999999999999,https://www.jepx.jp/_download.php?dir=spot_summary&file=spot_summary_2014.csv
2014-10-21,jepx-spread-range-kyushu,kyushu,4.940000000000001,https://www.jepx.jp/_download.php?dir=spot_summary&file=spot_summary_2014.csv
2014-10-22,jepx-spread-range-kyushu,kyushu,4.669999999999998,https://www.jepx.jp/_download.php?dir=spot_summary&file=spot_summary_2014.csv
2014-10-23,jepx-spread-range-kyushu,kyushu,4.52,https://www.jepx.jp/_download.php?dir=spot_summary&file=spot_summary_2014.csv
2014-10-24,jepx-spread-range-kyushu,kyushu,4.260000000000002,https://www.jepx.jp/_download.php?dir=spot_summary&file=spot_summary_2014.csv
2014-10-25,jepx-spread-range-kyushu,kyushu,3.41,https://www.jepx.jp/_download.php?dir=spot_summary&file=spot_summary_2014.csv
2014-10-26,jepx-spread-range-kyushu,kyushu,4.92,https://www.jepx.jp/_download.php?dir=spot_summary&file=spot_summary_2014.csv
2014-10-27,jepx-spread-range-kyushu,kyushu,5.359999999999999,https://www.jepx.jp/_download.php?dir=spot_summary&file=spot_summary_2014.csv
2014-10-28,jepx-spread-range-kyushu,kyushu,5.299999999999999,https://www.jepx.jp/_download.php?dir=spot_summary&file=spot_summary_2014.csv
2014-10-29,jepx-spread-range-kyushu,kyushu,5.640000000000001,https://www.jepx.jp/_download.php?dir=spot_summary&file=spot_summary_2014.csv
2014-10-30,jepx-spread-range-kyushu,kyushu,4.25,https://www.jepx.jp/_download.php?dir=spot_summary&file=spot_summary_2014.csv
2014-10-31,jepx-spread-range-kyushu,kyushu,5.24,https://www.jepx.jp/_download.php?dir=spot_summary&file=spot_summary_2014.csv
2014-11-01,jepx-spread-range-kyushu,kyushu,5.390000000000001,https://www.jepx.jp/_download.php?dir=spot_summary&file=spot_summary_2014.csv
2014-11-02,jepx-spread-range-kyushu,kyushu,6.260000000000002,https://www.jepx.jp/_download.php?dir=spot_summary&file=spot_summary_2014.csv
2014-11-03,jepx-spread-range-kyushu,kyushu,3.299999999999999,https://www.jepx.jp/_download.php?dir=spot_summary&file=spot_summary_2014.csv
2014-11-04,jepx-spread-range-kyushu,kyushu,6.93,https://www.jepx.jp/_download.php?dir=spot_summary&file=spot_summary_2014.csv
2014-11-05,jepx-spread-range-kyushu,kyushu,3.540000000000001,https://www.jepx.jp/_download.php?dir=spot_summary&file=spot_summary_2014.csv
2014-11-06,jepx-spread-range-kyushu,kyushu,3.6999999999999993,https://www.jepx.jp/_download.php?dir=spot_summary&file=spot_summary_2014.csv
2014-11-07,jepx-spread-range-kyushu,kyushu,7.08,https://www.jepx.jp/_download.php?dir=spot_summary&file=spot_summary_2014.csv
2014-11-08,jepx-spread-range-kyushu,kyushu,4.049999999999999,https://www.jepx.jp/_download.php?dir=spot_summary&file=spot_summary_2014.csv
2014-11-09,jepx-spread-range-kyushu,kyushu,3.219999999999999,https://www.jepx.jp/_download.php?dir=spot_summary&file=spot_summary_2014.csv
2014-11-10,jepx-spread-range-kyushu,kyushu,6.640000000000001,https://www.jepx.jp/_download.php?dir=spot_summary&file=spot_summary_2014.csv
2014-11-11,jepx-spread-range-kyushu,kyushu,4.199999999999999,https://www.jepx.jp/_download.php?dir=spot_summary&file=spot_summary_2014.csv
2014-11-12,jepx-spread-range-kyushu,kyushu,4.5,https://www.jepx.jp/_download.php?dir=spot_summary&file=spot_summary_2014.csv
2014-11-13,jepx-spread-range-kyushu,kyushu,6.83,https://www.jepx.jp/_download.php?dir=spot_summary&file=spot_summary_2014.csv
2014-11-14,jepx-spread-range-kyushu,kyushu,6.559999999999999,https://www.jepx.jp/_download.php?dir=spot_summary&file=spot_summary_2014.csv
2014-11-15,jepx-spread-range-kyushu,kyushu,5.23,https://www.jepx.jp/_download.php?dir=spot_summary&file=spot_summary_2014.csv
2014-11-16,jepx-spread-range-kyushu,kyushu,4.309999999999999,https://www.jepx.jp/_download.php?dir=spot_summary&file=spot_summary_2014.csv
2014-11-17,jepx-spread-range-kyushu,kyushu,5.01,https://www.jepx.jp/_download.php?dir=spot_summary&file=spot_summary_2014.csv
2014-11-18,jepx-spread-range-kyushu,kyushu,4.420000000000002,https://www.jepx.jp/_download.php?dir=spot_summary&file=spot_summary_2014.csv
2014-11-19,jepx-spread-range-kyushu,kyushu,5.190000000000001,https://www.jepx.jp/_download.php?dir=spot_summary&file=spot_summary_2014.csv
2014-11-20,jepx-spread-range-kyushu,kyushu,4.57,https://www.jepx.jp/_download.php?dir=spot_summary&file=spot_summary_2014.csv
2014-11-21,jepx-spread-range-kyushu,kyushu,4.8100000000000005,https://www.jepx.jp/_download.php?dir=spot_summary&file=spot_summary_2014.csv
2014-11-22,jepx-spread-range-kyushu,kyushu,3.700000000000001,https://www.jepx.jp/_download.php?dir=spot_summary&file=spot_summary_2014.csv
2014-11-23,jepx-spread-range-kyushu,kyushu,5.389999999999999,https://www.jepx.jp/_download.php?dir=spot_summary&file=spot_summary_2014.csv
2014-11-24,jepx-spread-range-kyushu,kyushu,3.78,https://www.jepx.jp/_download.php?dir=spot_summary&file=spot_summary_2014.csv
2014-11-25,jepx-spread-range-kyushu,kyushu,4.350000000000001,https://www.jepx.jp/_download.php?dir=spot_summary&file=spot_summary_2014.csv
2014-11-26,jepx-spread-range-kyushu,kyushu,3.789999999999999,https://www.jepx.jp/_download.php?dir=spot_summary&file=spot_summary_2014.csv
2014-11-27,jepx-spread-range-kyushu,kyushu,3.52,https://www.jepx.jp/_download.php?dir=spot_summary&file=spot_summary_2014.csv
2014-11-28,jepx-spread-range-kyushu,kyushu,3.52,https://www.jepx.jp/_download.php?dir=spot_summary&file=spot_summary_2014.csv
2014-11-29,jepx-spread-range-kyushu,kyushu,4.48,https://www.jepx.jp/_download.php?dir=spot_summary&file=spot_summary_2014.csv
2014-11-30,jepx-spread-range-kyushu,kyushu,3.2300000000000004,https://www.jepx.jp/_download.php?dir=spot_summary&file=spot_summary_2014.csv
2014-12-01,jepx-spread-range-kyushu,kyushu,4.509999999999998,https://www.jepx.jp/_download.php?dir=spot_summary&file=spot_summary_2014.csv
2014-12-02,jepx-spread-range-kyushu,kyushu,7.609999999999999,https://www.jepx.jp/_download.php?dir=spot_summary&file=spot_summary_2014.csv
2014-12-03,jepx-spread-range-kyushu,kyushu,6.559999999999999,https://www.jepx.jp/_download.php?dir=spot_summary&file=spot_summary_2014.csv
2014-12-04,jepx-spread-range-kyushu,kyushu,7.200000000000001,https://www.jepx.jp/_download.php?dir=spot_summary&file=spot_summary_2014.csv
2014-12-05,jepx-spread-range-kyushu,kyushu,7.800000000000001,https://www.jepx.jp/_download.php?dir=spot_summary&file=spot_summary_2014.csv
2014-12-06,jepx-spread-range-kyushu,kyushu,3.5700000000000003,https://www.jepx.jp/_download.php?dir=spot_summary&file=spot_summary_2014.csv
2014-12-07,jepx-spread-range-kyushu,kyushu,3.34,https://www.jepx.jp/_download.php?dir=spot_summary&file=spot_summary_2014.csv
2014-12-08,jepx-spread-range-kyushu,kyushu,4.699999999999999,https://www.jepx.jp/_download.php?dir=spot_summary&file=spot_summary_2014.csv
2014-12-09,jepx-spread-range-kyushu,kyushu,4.16,https://www.jepx.jp/_download.php?dir=spot_summary&file=spot_summary_2014.csv
2014-12-10,jepx-spread-range-kyushu,kyushu,4.1800000000000015,https://www.jepx.jp/_download.php?dir=spot_summary&file=spot_summary_2014.csv
2014-12-11,jepx-spread-range-kyushu,kyushu,2.870000000000001,https://www.jepx.jp/_download.php?dir=spot_summary&file=spot_summary_2014.csv
2014-12-12,jepx-spread-range-kyushu,kyushu,4.67,https://www.jepx.jp/_download.php?dir=spot_summary&file=spot_summary_2014.csv
2014-12-13,jepx-spread-range-kyushu,kyushu,3.509999999999998,https://www.jepx.jp/_download.php?dir=spot_summary&file=spot_summary_2014.csv
2014-12-14,jepx-spread-range-kyushu,kyushu,2.4700000000000024,https://www.jepx.jp/_download.php?dir=spot_summary&file=spot_summary_2014.csv
2014-12-15,jepx-spread-range-kyushu,kyushu,5.100000000000001,https://www.jepx.jp/_download.php?dir=spot_summary&file=spot_summary_2014.csv
2014-12-16,jepx-spread-range-kyushu,kyushu,6.440000000000001,https://www.jepx.jp/_download.php?dir=spot_summary&file=spot_summary_2014.csv
2014-12-17,jepx-spread-range-kyushu,kyushu,19.14,https://www.jepx.jp/_download.php?dir=spot_summary&file=spot_summary_2014.csv
2014-12-18,jepx-spread-range-kyushu,kyushu,14.42,https://www.jepx.jp/_download.php?dir=spot_summary&file=spot_summary_2014.csv
2014-12-19,jepx-spread-range-kyushu,kyushu,19.9,https://www.jepx.jp/_download.php?dir=spot_summary&file=spot_summary_2014.csv
2014-12-20,jepx-spread-range-kyushu,kyushu,4.169999999999998,https://www.jepx.jp/_download.php?dir=spot_summary&file=spot_summary_2014.csv
2014-12-21,jepx-spread-range-kyushu,kyushu,2.799999999999999,https://www.jepx.jp/_download.php?dir=spot_summary&file=spot_summary_2014.csv
2014-12-22,jepx-spread-range-kyushu,kyushu,7.309999999999999,https://www.jepx.jp/_download.php?dir=spot_summary&file=spot_summary_2014.csv
2014-12-23,jepx-spread-range-kyushu,kyushu,4.289999999999999,https://www.jepx.jp/_download.php?dir=spot_summary&file=spot_summary_2014.csv
2014-12-24,jepx-spread-range-kyushu,kyushu,5.280000000000001,https://www.jepx.jp/_download.php?dir=spot_summary&file=spot_summary_2014.csv
2014-12-25,jepx-spread-range-kyushu,kyushu,4.629999999999999,https://www.jepx.jp/_download.php?dir=spot_summary&file=spot_summary_2014.csv
2014-12-26,jepx-spread-range-kyushu,kyushu,2.379999999999999,https://www.jepx.jp/_download.php?dir=spot_summary&file=spot_summary_2014.csv
2014-12-27,jepx-spread-range-kyushu,kyushu,3.8000000000000007,https://www.jepx.jp/_download.php?dir=spot_summary&file=spot_summary_2014.csv
2014-12-28,jepx-spread-range-kyushu,kyushu,3.629999999999999,https://www.jepx.jp/_download.php?dir=spot_summary&file=spot_summary_2014.csv
2014-12-29,jepx-spread-range-kyushu,kyushu,3.4400000000000013,https://www.jepx.jp/_download.php?dir=spot_summary&file=spot_summary_2014.csv
2014-12-30,jepx-spread-range-kyushu,kyushu,3.6700000000000017,https://www.jepx.jp/_download.php?dir=spot_summary&file=spot_summary_2014.csv
2014-12-31,jepx-spread-range-kyushu,kyushu,4.169999999999998,https://www.jepx.jp/_download.php?dir=spot_summary&file=spot_summary_2014.csv
2015-01-01,jepx-spread-range-kyushu,kyushu,2.1500000000000004,https://www.jepx.jp/_download.php?dir=spot_summary&file=spot_summary_2014.csv
2015-01-02,jepx-spread-range-kyushu,kyushu,2.83,https://www.jepx.jp/_download.php?dir=spot_summary&file=spot_summary_2014.csv
2015-01-03,jepx-spread-range-kyushu,kyushu,3.35,https://www.jepx.jp/_download.php?dir=spot_summary&file=spot_summary_2014.csv
2015-01-04,jepx-spread-range-kyushu,kyushu,3.9099999999999984,https://www.jepx.jp/_download.php?dir=spot_summary&file=spot_summary_2014.csv
2015-01-05,jepx-spread-range-kyushu,kyushu,5.879999999999999,https://www.jepx.jp/_download.php?dir=spot_summary&file=spot_summary_2014.csv
2015-01-06,jepx-spread-range-kyushu,kyushu,5.69,https://www.jepx.jp/_download.php?dir=spot_summary&file=spot_summary_2014.csv
2015-01-07,jepx-spread-range-kyushu,kyushu,5.42,https://www.jepx.jp/_download.php?dir=spot_summary&file=spot_summary_2014.csv
2015-01-08,jepx-spread-range-kyushu,kyushu,6.880000000000001,https://www.jepx.jp/_download.php?dir=spot_summary&file=spot_summary_2014.csv
2015-01-09,jepx-spread-range-kyushu,kyushu,5.43,https://www.jepx.jp/_download.php?dir=spot_summary&file=spot_summary_2014.csv
2015-01-10,jepx-spread-range-kyushu,kyushu,4.350000000000001,https://www.jepx.jp/_download.php?dir=spot_summary&file=spot_summary_2014.csv
2015-01-11,jepx-spread-range-kyushu,kyushu,4.510000000000002,https://www.jepx.jp/_download.php?dir=spot_summary&file=spot_summary_2014.csv
2015-01-12,jepx-spread-range-kyushu,kyushu,4.500000000000002,https://www.jepx.jp/_download.php?dir=spot_summary&file=spot_summary_2014.csv
2015-01-13,jepx-spread-range-kyushu,kyushu,4.350000000000001,https://www.jepx.jp/_download.php?dir=spot_summary&file=spot_summary_2014.csv
2015-01-14,jepx-spread-range-kyushu,kyushu,4.170000000000002,https://www.jepx.jp/_download.php?dir=spot_summary&file=spot_summary_2014.csv
2015-01-15,jepx-spread-range-kyushu,kyushu,6.179999999999998,https://www.jepx.jp/_download.php?dir=spot_summary&file=spot_summary_2014.csv
2015-01-16,jepx-spread-range-kyushu,kyushu,3.620000000000001,https://www.jepx.jp/_download.php?dir=spot_summary&file=spot_summary_2014.csv
2015-01-17,jepx-spread-range-kyushu,kyushu,3.640000000000001,https://www.jepx.jp/_download.php?dir=spot_summary&file=spot_summary_2014.csv
2015-01-18,jepx-spread-range-kyushu,kyushu,4.450000000000001,https://www.jepx.jp/_download.php?dir=spot_summary&file=spot_summary_2014.csv
2015-01-19,jepx-spread-range-kyushu,kyushu,5.92,https://www.jepx.jp/_download.php?dir=spot_summary&file=spot_summary_2014.csv
2015-01-20,jepx-spread-range-kyushu,kyushu,4.779999999999999,https://www.jepx.jp/_download.php?dir=spot_summary&file=spot_summary_2014.csv
2015-01-21,jepx-spread-range-kyushu,kyushu,5.410000000000002,https://www.jepx.jp/_download.php?dir=spot_summary&file=spot_summary_2014.csv
2015-01-22,jepx-spread-range-kyushu,kyushu,5.869999999999999,https://www.jepx.jp/_download.php?dir=spot_summary&file=spot_summary_2014.csv
2015-01-23,jepx-spread-range-kyushu,kyushu,4.530000000000001,https://www.jepx.jp/_download.php?dir=spot_summary&file=spot_summary_2014.csv
2015-01-24,jepx-spread-range-kyushu,kyushu,2.58,https://www.jepx.jp/_download.php?dir=spot_summary&file=spot_summary_2014.csv
2015-01-25,jepx-spread-range-kyushu,kyushu,1.5399999999999991,https://www.jepx.jp/_download.php?dir=spot_summary&file=spot_summary_2014.csv
2015-01-26,jepx-spread-range-kyushu,kyushu,4.52,https://www.jepx.jp/_download.php?dir=spot_summary&file=spot_summary_2014.csv
2015-01-27,jepx-spread-range-kyushu,kyushu,4.4,https://www.jepx.jp/_download.php?dir=spot_summary&file=spot_summary_2014.csv
2015-01-28,jepx-spread-range-kyushu,kyushu,6.370000000000001,https://www.jepx.jp/_download.php?dir=spot_summary&file=spot_summary_2014.csv
2015-01-29,jepx-spread-range-kyushu,kyushu,5.460000000000001,https://www.jepx.jp/_download.php?dir=spot_summary&file=spot_summary_2014.csv
2015-01-30,jepx-spread-range-kyushu,kyushu,14.68,https://www.jepx.jp/_download.php?dir=spot_summary&file=spot_summary_2014.csv
2015-01-31,jepx-spread-range-kyushu,kyushu,2.99,https://www.jepx.jp/_download.php?dir=spot_summary&file=spot_summary_2014.csv
2015-02-01,jepx-spread-range-kyushu,kyushu,2.6,https://www.jepx.jp/_download.php?dir=spot_summary&file=spot_summary_2014.csv
2015-02-02,jepx-spread-range-kyushu,kyushu,7.0600000000000005,https://www.jepx.jp/_download.php?dir=spot_summary&file=spot_summary_2014.csv
2015-02-03,jepx-spread-range-kyushu,kyushu,3.75,https://www.jepx.jp/_download.php?dir=spot_summary&file=spot_summary_2014.csv
2015-02-04,jepx-spread-range-kyushu,kyushu,4.709999999999999,https://www.jepx.jp/_download.php?dir=spot_summary&file=spot_summary_2014.csv
2015-02-05,jepx-spread-range-kyushu,kyushu,6.440000000000001,https://www.jepx.jp/_download.php?dir=spot_summary&file=spot_summary_2014.csv
2015-02-06,jepx-spread-range-kyushu,kyushu,4.449999999999999,https://www.jepx.jp/_download.php?dir=spot_summary&file=spot_summary_2014.csv
2015-02-07,jepx-spread-range-kyushu,kyushu,3.33,https://www.jepx.jp/_download.php?dir=spot_summary&file=spot_summary_2014.csv
2015-02-08,jepx-spread-range-kyushu,kyushu,2.8400000000000016,https://www.jepx.jp/_download.php?dir=spot_summary&file=spot_summary_2014.csv
2015-02-09,jepx-spread-range-kyushu,kyushu,7.200000000000001,https://www.jepx.jp/_download.php?dir=spot_summary&file=spot_summary_2014.csv
2015-02-10,jepx-spread-range-kyushu,kyushu,5.139999999999999,https://www.jepx.jp/_download.php?dir=spot_summary&file=spot_summary_2014.csv
2015-02-11,jepx-spread-range-kyushu,kyushu,3.98,https://www.jepx.jp/_download.php?dir=spot_summary&file=spot_summary_2014.csv
2015-02-12,jepx-spread-range-kyushu,kyushu,7.420000000000002,https://www.jepx.jp/_download.php?dir=spot_summary&file=spot_summary_2014.csv
2015-02-13,jepx-spread-range-kyushu,kyushu,5.129999999999999,https://www.jepx.jp/_download.php?dir=spot_summary&file=spot_summary_2014.csv
2015-02-14,jepx-spread-range-kyushu,kyushu,3.08,https://www.jepx.jp/_download.php?dir=spot_summary&file=spot_summary_2014.csv
2015-02-15,jepx-spread-range-kyushu,kyushu,2.539999999999999,https://www.jepx.jp/_download.php?dir=spot_summary&file=spot_summary_2014.csv
2015-02-16,jepx-spread-range-kyushu,kyushu,7.26,https://www.jepx.jp/_download.php?dir=spot_summary&file=spot_summary_2014.csv
2015-02-17,jepx-spread-range-kyushu,kyushu,7.59,https://www.jepx.jp/_download.php?dir=spot_summary&file=spot_summary_2014.csv
2015-02-18,jepx-spread-range-kyushu,kyushu,7.83,https://www.jepx.jp/_download.php?dir=spot_summary&file=spot_summary_2014.csv
2015-02-19,jepx-spread-range-kyushu,kyushu,6.57,https://www.jepx.jp/_download.php?dir=spot_summary&file=spot_summary_2014.csv
2015-02-20,jepx-spread-range-kyushu,kyushu,3.8000000000000007,https://www.jepx.jp/_download.php?dir=spot_summary&file=spot_summary_2014.csv
2015-02-21,jepx-spread-range-kyushu,kyushu,2.549999999999999,https://www.jepx.jp/_download.php?dir=spot_summary&file=spot_summary_2014.csv
2015-02-22,jepx-spread-range-kyushu,kyushu,2.640000000000001,https://www.jepx.jp/_download.php?dir=spot_summary&file=spot_summary_2014.csv
2015-02-23,jepx-spread-range-kyushu,kyushu,3.6,https://www.jepx.jp/_download.php?dir=spot_summary&file=spot_summary_2014.csv
2015-02-24,jepx-spread-range-kyushu,kyushu,3.24,https://www.jepx.jp/_download.php?dir=spot_summary&file=spot_summary_2014.csv
2015-02-25,jepx-spread-range-kyushu,kyushu,3.6,https://www.jepx.jp/_download.php?dir=spot_summary&file=spot_summary_2014.csv
2015-02-26,jepx-spread-range-kyushu,kyushu,6.99,https://www.jepx.jp/_download.php?dir=spot_summary&file=spot_summary_2014.csv
2015-02-27,jepx-spread-range-kyushu,kyushu,3.25,https://www.jepx.jp/_download.php?dir=spot_summary&file=spot_summary_2014.csv
2015-02-28,jepx-spread-range-kyushu,kyushu,2.879999999999999,https://www.jepx.jp/_download.php?dir=spot_summary&file=spot_summary_2014.csv
2015-03-01,jepx-spread-range-kyushu,kyushu,2.4000000000000004,https://www.jepx.jp/_download.php?dir=spot_summary&file=spot_summary_2014.csv
2015-03-02,jepx-spread-range-kyushu,kyushu,4.199999999999999,https://www.jepx.jp/_download.php?dir=spot_summary&file=spot_summary_2014.csv
2015-03-03,jepx-spread-range-kyushu,kyushu,7.81,https://www.jepx.jp/_download.php?dir=spot_summary&file=spot_summary_2014.csv
2015-03-04,jepx-spread-range-kyushu,kyushu,4.91,https://www.jepx.jp/_download.php?dir=spot_summary&file=spot_summary_2014.csv
2015-03-05,jepx-spread-range-kyushu,kyushu,6.310000000000002,https://www.jepx.jp/_download.php?dir=spot_summary&file=spot_summary_2014.csv
2015-03-06,jepx-spread-range-kyushu,kyushu,6.040000000000001,https://www.jepx.jp/_download.php?dir=spot_summary&file=spot_summary_2014.csv
2015-03-07,jepx-spread-range-kyushu,kyushu,2.25,https://www.jepx.jp/_download.php?dir=spot_summary&file=spot_summary_2014.csv
2015-03-08,jepx-spread-range-kyushu,kyushu,2.03,https://www.jepx.jp/_download.php?dir=spot_summary&file=spot_summary_2014.csv
2015-03-09,jepx-spread-range-kyushu,kyushu,6.069999999999999,https://www.jepx.jp/_download.php?dir=spot_summary&file=spot_summary_2014.csv
2015-03-10,jepx-spread-range-kyushu,kyushu,22.85,https://www.jepx.jp/_download.php?dir=spot_summary&file=spot_summary_2014.csv
2015-03-11,jepx-spread-range-kyushu,kyushu,15.54,https://www.jepx.jp/_download.php?dir=spot_summary&file=spot_summary_2014.csv
2015-03-12,jepx-spread-range-kyushu,kyushu,5.74,https://www.jepx.jp/_download.php?dir=spot_summary&file=spot_summary_2014.csv
2015-03-13,jepx-spread-range-kyushu,kyushu,5.379999999999999,https://www.jepx.jp/_download.php?dir=spot_summary&file=spot_summary_2014.csv
2015-03-14,jepx-spread-range-kyushu,kyushu,2.290000000000001,https://www.jepx.jp/_download.php?dir=spot_summary&file=spot_summary_2014.csv
2015-03-15,jepx-spread-range-kyushu,kyushu,1.790000000000001,https://www.jepx.jp/_download.php?dir=spot_summary&file=spot_summary_2014.csv
2015-03-16,jepx-spread-range-kyushu,kyushu,5.619999999999999,https://www.jepx.jp/_download.php?dir=spot_summary&file=spot_summary_2014.csv
2015-03-17,jepx-spread-range-kyushu,kyushu,2.0699999999999985,https://www.jepx.jp/_download.php?dir=spot_summary&file=spot_summary_2014.csv
2015-03-18,jepx-spread-range-kyushu,kyushu,2.3200000000000003,https://www.jepx.jp/_download.php?dir=spot_summary&file=spot_summary_2014.csv
2015-03-19,jepx-spread-range-kyushu,kyushu,3.67,https://www.jepx.jp/_download.php?dir=spot_summary&file=spot_summary_2014.csv
2015-03-20,jepx-spread-range-kyushu,kyushu,1.8200000000000005,https://www.jepx.jp/_download.php?dir=spot_summary&file=spot_summary_2014.csv
2015-03-21,jepx-spread-range-kyushu,kyushu,1.75,https://www.jepx.jp/_download.php?dir=spot_summary&file=spot_summary_2014.csv
2015-03-22,jepx-spread-range-kyushu,kyushu,1.58,https://www.jepx.jp/_download.php?dir=spot_summary&file=spot_summary_2014.csv
2015-03-23,jepx-spread-range-kyushu,kyushu,5.5600000000000005,https://www.jepx.jp/_download.php?dir=spot_summary&file=spot_summary_2014.csv
2015-03-24,jepx-spread-range-kyushu,kyushu,4.8100000000000005,https://www.jepx.jp/_download.php?dir=spot_summary&file=spot_summary_2014.csv
2015-03-25,jepx-spread-range-kyushu,kyushu,4.760000000000002,https://www.jepx.jp/_download.php?dir=spot_summary&file=spot_summary_2014.csv
2015-03-26,jepx-spread-range-kyushu,kyushu,4.090000000000002,https://www.jepx.jp/_download.php?dir=spot_summary&file=spot_summary_2014.csv
2015-03-27,jepx-spread-range-kyushu,kyushu,1.83,https://www.jepx.jp/_download.php?dir=spot_summary&file=spot_summary_2014.csv
2015-03-28,jepx-spread-range-kyushu,kyushu,5.8500000000000005,https://www.jepx.jp/_download.php?dir=spot_summary&file=spot_summary_2014.csv
2015-03-29,jepx-spread-range-kyushu,kyushu,4.15,https://www.jepx.jp/_download.php?dir=spot_summary&file=spot_summary_2014.csv
2015-03-30,jepx-spread-range-kyushu,kyushu,2.41,https://www.jepx.jp/_download.php?dir=spot_summary&file=spot_summary_2014.csv
2015-03-31,jepx-spread-range-kyushu,kyushu,2.290000000000001,https://www.jepx.jp/_download.php?dir=spot_summary&file=spot_summary_2014.csv
2015-04-01,jepx-spread-range-kyushu,kyushu,4.130000000000001,https://www.jepx.jp/_download.php?dir=spot_summary&file=spot_summary_2015.csv
2015-04-02,jepx-spread-range-kyushu,kyushu,3.6,https://www.jepx.jp/_download.php?dir=spot_summary&file=spot_summary_2015.csv
2015-04-03,jepx-spread-range-kyushu,kyushu,6.41,https://www.jepx.jp/_download.php?dir=spot_summary&file=spot_summary_2015.csv
2015-04-04,jepx-spread-range-kyushu,kyushu,3.0700000000000003,https://www.jepx.jp/_download.php?dir=spot_summary&file=spot_summary_2015.csv
2015-04-05,jepx-spread-range-kyushu,kyushu,3.700000000000001,https://www.jepx.jp/_download.php?dir=spot_summary&file=spot_summary_2015.csv
2015-04-06,jepx-spread-range-kyushu,kyushu,6.199999999999999,https://www.jepx.jp/_download.php?dir=spot_summary&file=spot_summary_2015.csv
2015-04-07,jepx-spread-range-kyushu,kyushu,5.559999999999999,https://www.jepx.jp/_download.php?dir=spot_summary&file=spot_summary_2015.csv
2015-04-08,jepx-spread-range-kyushu,kyushu,4.530000000000001,https://www.jepx.jp/_download.php?dir=spot_summary&file=spot_summary_2015.csv
2015-04-09,jepx-spread-range-kyushu,kyushu,4.530000000000001,https://www.jepx.jp/_download.php?dir=spot_summary&file=spot_summary_2015.csv
2015-04-10,jepx-spread-range-kyushu,kyushu,5.69,https://www.jepx.jp/_download.php?dir=spot_summary&file=spot_summary_2015.csv
2015-04-11,jepx-spread-range-kyushu,kyushu,1.6799999999999995,https://www.jepx.jp/_download.php?dir=spot_summary&file=spot_summary_2015.csv
2015-04-12,jepx-spread-range-kyushu,kyushu,3.129999999999999,https://www.jepx.jp/_download.php?dir=spot_summary&file=spot_summary_2015.csv
2015-04-13,jepx-spread-range-kyushu,kyushu,6.34,https://www.jepx.jp/_download.php?dir=spot_summary&file=spot_summary_2015.csv
2015-04-14,jepx-spread-range-kyushu,kyushu,5.02,https://www.jepx.jp/_download.php?dir=spot_summary&file=spot_summary_2015.csv
2015-04-15,jepx-spread-range-kyushu,kyushu,6.6,https://www.jepx.jp/_download.php?dir=spot_summary&file=spot_summary_2015.csv
2015-04-16,jepx-spread-range-kyushu,kyushu,4.0600000000000005,https://www.jepx.jp/_download.php?dir=spot_summary&file=spot_summary_2015.csv
2015-04-17,jepx-spread-range-kyushu,kyushu,4.529999999999999,https://www.jepx.jp/_download.php?dir=spot_summary&file=spot_summary_2015.csv
2015-04-18,jepx-spread-range-kyushu,kyushu,3.28,https://www.jepx.jp/_download.php?dir=spot_summary&file=spot_summary_2015.csv
2015-04-19,jepx-spread-range-kyushu,kyushu,2.6999999999999997,https://www.jepx.jp/_download.php?dir=spot_summary&file=spot_summary_2015.csv
2015-04-20,jepx-spread-range-kyushu,kyushu,5.66,https://www.jepx.jp/_download.php?dir=spot_summary&file=spot_summary_2015.csv
2015-04-21,jepx-spread-range-kyushu,kyushu,4.76,https://www.jepx.jp/_download.php?dir=spot_summary&file=spot_summary_2015.csv
2015-04-22,jepx-spread-range-kyushu,kyushu,3.33,https://www.jepx.jp/_download.php?dir=spot_summary&file=spot_summary_2015.csv
2015-04-23,jepx-spread-range-kyushu,kyushu,3.1099999999999994,https://www.jepx.jp/_download.php?dir=spot_summary&file=spot_summary_2015.csv
2015-04-24,jepx-spread-range-kyushu,kyushu,2.18,https://www.jepx.jp/_download.php?dir=spot_summary&file=spot_summary_2015.csv
2015-04-25,jepx-spread-range-kyushu,kyushu,3.18,https://www.jepx.jp/_download.php?dir=spot_summary&file=spot_summary_2015.csv
2015-04-26,jepx-spread-range-kyushu,kyushu,3.219999999999999,https://www.jepx.jp/_download.php?dir=spot_summary&file=spot_summary_2015.csv
2015-04-27,jepx-spread-range-kyushu,kyushu,3.2300000000000004,https://www.jepx.jp/_download.php?dir=spot_summary&file=spot_summary_2015.csv
2015-04-28,jepx-spread-range-kyushu,kyushu,3.9499999999999993,https://www.jepx.jp/_download.php?dir=spot_summary&file=spot_summary_2015.csv
2015-04-29,jepx-spread-range-kyushu,kyushu,3.9,https://www.jepx.jp/_download.php?dir=spot_summary&file=spot_summary_2015.csv
2015-04-30,jepx-spread-range-kyushu,kyushu,3.34,https://www.jepx.jp/_download.php?dir=spot_summary&file=spot_summary_2015.csv
2015-05-01,jepx-spread-range-kyushu,kyushu,3.2300000000000004,https://www.jepx.jp/_download.php?dir=spot_summary&file=spot_summary_2015.csv
2015-05-02,jepx-spread-range-kyushu,kyushu,4.94,https://www.jepx.jp/_download.php?dir=spot_summary&file=spot_summary_2015.csv
2015-05-03,jepx-spread-range-kyushu,kyushu,3.5100000000000007,https://www.jepx.jp/_download.php?dir=spot_summary&file=spot_summary_2015.csv
2015-05-04,jepx-spread-range-kyushu,kyushu,3.880000000000001,https://www.jepx.jp/_download.php?dir=spot_summary&file=spot_summary_2015.csv
2015-05-05,jepx-spread-range-kyushu,kyushu,4.300000000000001,https://www.jepx.jp/_download.php?dir=spot_summary&file=spot_summary_2015.csv
2015-05-06,jepx-spread-range-kyushu,kyushu,3.3000000000000007,https://www.jepx.jp/_download.php?dir=spot_summary&file=spot_summary_2015.csv
2015-05-07,jepx-spread-range-kyushu,kyushu,3.889999999999999,https://www.jepx.jp/_download.php?dir=spot_summary&file=spot_summary_2015.csv
2015-05-08,jepx-spread-range-kyushu,kyushu,5.16,https://www.jepx.jp/_download.php?dir=spot_summary&file=spot_summary_2015.csv
2015-05-09,jepx-spread-range-kyushu,kyushu,3.810000000000001,https://www.jepx.jp/_download.php?dir=spot_summary&file=spot_summary_2015.csv
2015-05-10,jepx-spread-range-kyushu,kyushu,5.369999999999999,https://www.jepx.jp/_download.php?dir=spot_summary&file=spot_summary_2015.csv
2015-05-11,jepx-spread-range-kyushu,kyushu,5.33,https://www.jepx.jp/_download.php?dir=spot_summary&file=spot_summary_2015.csv
2015-05-12,jepx-spread-range-kyushu,kyushu,6.020000000000001,https://www.jepx.jp/_download.php?dir=spot_summary&file=spot_summary_2015.csv
2015-05-13,jepx-spread-range-kyushu,kyushu,4.380000000000001,https://www.jepx.jp/_download.php?dir=spot_summary&file=spot_summary_2015.csv
2015-05-14,jepx-spread-range-kyushu,kyushu,4.41,https://www.jepx.jp/_download.php?dir=spot_summary&file=spot_summary_2015.csv
2015-05-15,jepx-spread-range-kyushu,kyushu,5.380000000000001,https://www.jepx.jp/_download.php?dir=spot_summary&file=spot_summary_2015.csv
2015-05-16,jepx-spread-range-kyushu,kyushu,3.73,https://www.jepx.jp/_download.php?dir=spot_summary&file=spot_summary_2015.csv
2015-05-17,jepx-spread-range-kyushu,kyushu,4.549999999999999,https://www.jepx.jp/_download.php?dir=spot_summary&file=spot_summary_2015.csv
2015-05-18,jepx-spread-range-kyushu,kyushu,6.18,https://www.jepx.jp/_download.php?dir=spot_summary&file=spot_summary_2015.csv
2015-05-19,jepx-spread-range-kyushu,kyushu,6.67,https://www.jepx.jp/_download.php?dir=spot_summary&file=spot_summary_2015.csv
2015-05-20,jepx-spread-range-kyushu,kyushu,5.83,https://www.jepx.jp/_download.php?dir=spot_summary&file=spot_summary_2015.csv
2015-05-21,jepx-spread-range-kyushu,kyushu,5.130000000000001,https://www.jepx.jp/_download.php?dir=spot_summary&file=spot_summary_2015.csv
2015-05-22,jepx-spread-range-kyushu,kyushu,5.92,https://www.jepx.jp/_download.php?dir=spot_summary&file=spot_summary_2015.csv
2015-05-23,jepx-spread-range-kyushu,kyushu,3.879999999999999,https://www.jepx.jp/_download.php?dir=spot_summary&file=spot_summary_2015.csv
2015-05-24,jepx-spread-range-kyushu,kyushu,3.979999999999999,https://www.jepx.jp/_download.php?dir=spot_summary&file=spot_summary_2015.csv
2015-05-25,jepx-spread-range-kyushu,kyushu,5.33,https://www.jepx.jp/_download.php?dir=spot_summary&file=spot_summary_2015.csv
2015-05-26,jepx-spread-range-kyushu,kyushu,6.93,https://www.jepx.jp/_download.php?dir=spot_summary&file=spot_summary_2015.csv
2015-05-27,jepx-spread-range-kyushu,kyushu,7.380000000000003,https://www.jepx.jp/_download.php?dir=spot_summary&file=spot_summary_2015.csv
2015-05-28,jepx-spread-range-kyushu,kyushu,7.240000000000002,https://www.jepx.jp/_download.php?dir=spot_summary&file=spot_summary_2015.csv
2015-05-29,jepx-spread-range-kyushu,kyushu,7.190000000000001,https://www.jepx.jp/_download.php?dir=spot_summary&file=spot_summary_2015.csv
2015-05-30,jepx-spread-range-kyushu,kyushu,4.299999999999999,https://www.jepx.jp/_download.php?dir=spot_summary&file=spot_summary_2015.csv
2015-05-31,jepx-spread-range-kyushu,kyushu,1.9000000000000004,https://www.jepx.jp/_download.php?dir=spot_summary&file=spot_summary_2015.csv
2015-06-01,jepx-spread-range-kyushu,kyushu,6.6800000000000015,https://www.jepx.jp/_download.php?dir=spot_summary&file=spot_summary_2015.csv
2015-06-02,jepx-spread-range-kyushu,kyushu,8.52,https://www.jepx.jp/_download.php?dir=spot_summary&file=spot_summary_2015.csv
2015-06-03,jepx-spread-range-kyushu,kyushu,9.47,https://www.jepx.jp/_download.php?dir=spot_summary&file=spot_summary_2015.csv
2015-06-04,jepx-spread-range-kyushu,kyushu,5.67,https://www.jepx.jp/_download.php?dir=spot_summary&file=spot_summary_2015.csv
2015-06-05,jepx-spread-range-kyushu,kyushu,8.510000000000002,https://www.jepx.jp/_download.php?dir=spot_summary&file=spot_summary_2015.csv
2015-06-06,jepx-spread-range-kyushu,kyushu,7.02,https://www.jepx.jp/_download.php?dir=spot_summary&file=spot_summary_2015.csv
2015-06-07,jepx-spread-range-kyushu,kyushu,3.91,https://www.jepx.jp/_download.php?dir=spot_summary&file=spot_summary_2015.csv
2015-06-08,jepx-spread-range-kyushu,kyushu,9.33,https://www.jepx.jp/_download.php?dir=spot_summary&file=spot_summary_2015.csv
2015-06-09,jepx-spread-range-kyushu,kyushu,9.13,https://www.jepx.jp/_download.php?dir=spot_summary&file=spot_summary_2015.csv
2015-06-10,jepx-spread-range-kyushu,kyushu,8.159999999999998,https://www.jepx.jp/_download.php?dir=spot_summary&file=spot_summary_2015.csv
2015-06-11,jepx-spread-range-kyushu,kyushu,5.600000000000001,https://www.jepx.jp/_download.php?dir=spot_summary&file=spot_summary_2015.csv
2015-06-12,jepx-spread-range-kyushu,kyushu,6.669999999999998,https://www.jepx.jp/_download.php?dir=spot_summary&file=spot_summary_2015.csv
2015-06-13,jepx-spread-range-kyushu,kyushu,7.42,https://www.jepx.jp/_download.php?dir=spot_summary&file=spot_summary_2015.csv
2015-06-14,jepx-spread-range-kyushu,kyushu,5.57,https://www.jepx.jp/_download.php?dir=spot_summary&file=spot_summary_2015.csv
2015-06-15,jepx-spread-range-kyushu,kyushu,10.490000000000002,https://www.jepx.jp/_download.php?dir=spot_summary&file=spot_summary_2015.csv
2015-06-16,jepx-spread-range-kyushu,kyushu,5.0,https://www.jepx.jp/_download.php?dir=spot_summary&file=spot_summary_2015.csv
2015-06-17,jepx-spread-range-kyushu,kyushu,5.16,https://www.jepx.jp/_download.php?dir=spot_summary&file=spot_summary_2015.csv
2015-06-18,jepx-spread-range-kyushu,kyushu,4.41,https://www.jepx.jp/_download.php?dir=spot_summary&file=spot_summary_2015.csv
2015-06-19,jepx-spread-range-kyushu,kyushu,4.949999999999999,https://www.jepx.jp/_download.php?dir=spot_summary&file=spot_summary_2015.csv
2015-06-20,jepx-spread-range-kyushu,kyushu,5.18,https://www.jepx.jp/_download.php?dir=spot_summary&file=spot_summary_2015.csv
2015-06-21,jepx-spread-range-kyushu,kyushu,5.24,https://www.jepx.jp/_download.php?dir=spot_summary&file=spot_summary_2015.csv
2015-06-22,jepx-spread-range-kyushu,kyushu,5.98,https://www.jepx.jp/_download.php?dir=spot_summary&file=spot_summary_2015.csv
2015-06-23,jepx-spread-range-kyushu,kyushu,5.289999999999999,https://www.jepx.jp/_download.php?dir=spot_summary&file=spot_summary_2015.csv
2015-06-24,jepx-spread-range-kyushu,kyushu,5.84,https://www.jepx.jp/_download.php?dir=spot_summary&file=spot_summary_2015.csv
2015-06-25,jepx-spread-range-kyushu,kyushu,5.889999999999999,https://www.jepx.jp/_download.php?dir=spot_summary&file=spot_summary_2015.csv
2015-06-26,jepx-spread-range-kyushu,kyushu,6.02,https://www.jepx.jp/_download.php?dir=spot_summary&file=spot_summary_2015.csv
2015-06-27,jepx-spread-range-kyushu,kyushu,7.85,https://www.jepx.jp/_download.php?dir=spot_summary&file=spot_summary_2015.csv
2015-06-28,jepx-spread-range-kyushu,kyushu,6.220000000000001,https://www.jepx.jp/_download.php?dir=spot_summary&file=spot_summary_2015.csv
2015-06-29,jepx-spread-range-kyushu,kyushu,7.82,https://www.jepx.jp/_download.php?dir=spot_summary&file=spot_summary_2015.csv
2015-06-30,jepx-spread-range-kyushu,kyushu,5.289999999999999,https://www.jepx.jp/_download.php?dir=spot_summary&file=spot_summary_2015.csv
2015-07-01,jepx-spread-range-kyushu,kyushu,5.140000000000001,https://www.jepx.jp/_download.php?dir=spot_summary&file=spot_summary_2015.csv
2015-07-02,jepx-spread-range-kyushu,kyushu,5.449999999999999,https://www.jepx.jp/_download.php?dir=spot_summary&file=spot_summary_2015.csv
2015-07-03,jepx-spread-range-kyushu,kyushu,5.01,https://www.jepx.jp/_download.php?dir=spot_summary&file=spot_summary_2015.csv
2015-07-04,jepx-spread-range-kyushu,kyushu,2.92,https://www.jepx.jp/_download.php?dir=spot_summary&file=spot_summary_2015.csv
2015-07-05,jepx-spread-range-kyushu,kyushu,2.4799999999999995,https://www.jepx.jp/_download.php?dir=spot_summary&file=spot_summary_2015.csv
2015-07-06,jepx-spread-range-kyushu,kyushu,6.989999999999999,https://www.jepx.jp/_download.php?dir=spot_summary&file=spot_summary_2015.csv
2015-07-07,jepx-spread-range-kyushu,kyushu,6.02,https://www.jepx.jp/_download.php?dir=spot_summary&file=spot_summary_2015.csv
2015-07-08,jepx-spread-range-kyushu,kyushu,6.43,https://www.jepx.jp/_download.php?dir=spot_summary&file=spot_summary_2015.csv
2015-07-09,jepx-spread-range-kyushu,kyushu,6.08,https://www.jepx.jp/_download.php?dir=spot_summary&file=spot_summary_2015.csv
2015-07-10,jepx-spread-range-kyushu,kyushu,7.109999999999999,https://www.jepx.jp/_download.php?dir=spot_summary&file=spot_summary_2015.csv
2015-07-11,jepx-spread-range-kyushu,kyushu,4.250000000000001,https://www.jepx.jp/_download.php?dir=spot_summary&file=spot_summary_2015.csv
2015-07-12,jepx-spread-range-kyushu,kyushu,3.94,https://www.jepx.jp/_download.php?dir=spot_summary&file=spot_summary_2015.csv
2015-07-13,jepx-spread-range-kyushu,kyushu,9.669999999999998,https://www.jepx.jp/_download.php?dir=spot_summary&file=spot_summary_2015.csv
2015-07-14,jepx-spread-range-kyushu,kyushu,10.159999999999998,https://www.jepx.jp/_download.php?dir=spot_summary&file=spot_summary_2015.csv
2015-07-15,jepx-spread-range-kyushu,kyushu,6.84,https://www.jepx.jp/_download.php?dir=spot_summary&file=spot_summary_2015.csv
2015-07-16,jepx-spread-range-kyushu,kyushu,9.66,https://www.jepx.jp/_download.php?dir=spot_summary&file=spot_summary_2015.csv
2015-07-17,jepx-spread-range-kyushu,kyushu,27.89,https://www.jepx.jp/_download.php?dir=spot_summary&file=spot_summary_2015.csv
2015-07-18,jepx-spread-range-kyushu,kyushu,3.959999999999999,https://www.jepx.jp/_download.php?dir=spot_summary&file=spot_summary_2015.csv
2015-07-19,jepx-spread-range-kyushu,kyushu,3.869999999999999,https://www.jepx.jp/_download.php?dir=spot_summary&file=spot_summary_2015.csv
2015-07-20,jepx-spread-range-kyushu,kyushu,6.029999999999999,https://www.jepx.jp/_download.php?dir=spot_summary&file=spot_summary_2015.csv
2015-07-21,jepx-spread-range-kyushu,kyushu,8.780000000000001,https://www.jepx.jp/_download.php?dir=spot_summary&file=spot_summary_2015.csv
2015-07-22,jepx-spread-range-kyushu,kyushu,8.219999999999999,https://www.jepx.jp/_download.php?dir=spot_summary&file=spot_summary_2015.csv
2015-07-23,jepx-spread-range-kyushu,kyushu,10.189999999999998,https://www.jepx.jp/_download.php?dir=spot_summary&file=spot_summary_2015.csv
2015-07-24,jepx-spread-range-kyushu,kyushu,8.690000000000001,https://www.jepx.jp/_download.php?dir=spot_summary&file=spot_summary_2015.csv
2015-07-25,jepx-spread-range-kyushu,kyushu,5.489999999999999,https://www.jepx.jp/_download.php?dir=spot_summary&file=spot_summary_2015.csv
2015-07-26,jepx-spread-range-kyushu,kyushu,6.53,https://www.jepx.jp/_download.php?dir=spot_summary&file=spot_summary_2015.csv
2015-07-27,jepx-spread-range-kyushu,kyushu,9.19,https://www.jepx.jp/_download.php?dir=spot_summary&file=spot_summary_2015.csv
2015-07-28,jepx-spread-range-kyushu,kyushu,9.43,https://www.jepx.jp/_download.php?dir=spot_summary&file=spot_summary_2015.csv
2015-07-29,jepx-spread-range-kyushu,kyushu,7.859999999999999,https://www.jepx.jp/_download.php?dir=spot_summary&file=spot_summary_2015.csv
2015-07-30,jepx-spread-range-kyushu,kyushu,8.880000000000003,https://www.jepx.jp/_download.php?dir=spot_summary&file=spot_summary_2015.csv
2015-07-31,jepx-spread-range-kyushu,kyushu,8.170000000000002,https://www.jepx.jp/_download.php?dir=spot_summary&file=spot_summary_2015.csv
2015-08-01,jepx-spread-range-kyushu,kyushu,3.41,https://www.jepx.jp/_download.php?dir=spot_summary&file=spot_summary_2015.csv
2015-08-02,jepx-spread-range-kyushu,kyushu,4.449999999999999,https://www.jepx.jp/_download.php?dir=spot_summary&file=spot_summary_2015.csv
2015-08-03,jepx-spread-range-kyushu,kyushu,10.21,https://www.jepx.jp/_download.php?dir=spot_summary&file=spot_summary_2015.csv
2015-08-04,jepx-spread-range-kyushu,kyushu,31.43,https://www.jepx.jp/_download.php?dir=spot_summary&file=spot_summary_2015.csv
2015-08-05,jepx-spread-range-kyushu,kyushu,9.22,https://www.jepx.jp/_download.php?dir=spot_summary&file=spot_summary_2015.csv
2015-08-06,jepx-spread-range-kyushu,kyushu,23.75,https://www.jepx.jp/_download.php?dir=spot_summary&file=spot_summary_2015.csv
2015-08-07,jepx-spread-range-kyushu,kyushu,28.18,https://www.jepx.jp/_download.php?dir=spot_summary&file=spot_summary_2015.csv
2015-08-08,jepx-spread-range-kyushu,kyushu,6.960000000000001,https://www.jepx.jp/_download.php?dir=spot_summary&file=spot_summary_2015.csv
2015-08-09,jepx-spread-range-kyushu,kyushu,4.17,https://www.jepx.jp/_download.php?dir=spot_summary&file=spot_summary_2015.csv
2015-08-10,jepx-spread-range-kyushu,kyushu,5.800000000000001,https://www.jepx.jp/_download.php?dir=spot_summary&file=spot_summary_2015.csv
2015-08-11,jepx-spread-range-kyushu,kyushu,7.850000000000001,https://www.jepx.jp/_download.php?dir=spot_summary&file=spot_summary_2015.csv
2015-08-12,jepx-spread-range-kyushu,kyushu,7.670000000000001,https://www.jepx.jp/_download.php?dir=spot_summary&file=spot_summary_2015.csv
2015-08-13,jepx-spread-range-kyushu,kyushu,5.859999999999999,https://www.jepx.jp/_download.php?dir=spot_summary&file=spot_summary_2015.csv
2015-08-14,jepx-spread-range-kyushu,kyushu,5.23,https://www.jepx.jp/_download.php?dir=spot_summary&file=spot_summary_2015.csv
2015-08-15,jepx-spread-range-kyushu,kyushu,7.91,https://www.jepx.jp/_download.php?dir=spot_summary&file=spot_summary_2015.csv
2015-08-16,jepx-spread-range-kyushu,kyushu,3.0599999999999987,https://www.jepx.jp/_download.php?dir=spot_summary&file=spot_summary_2015.csv
2015-08-17,jepx-spread-range-kyushu,kyushu,8.120000000000001,https://www.jepx.jp/_download.php?dir=spot_summary&file=spot_summary_2015.csv
2015-08-18,jepx-spread-range-kyushu,kyushu,5.569999999999999,https://www.jepx.jp/_download.php?dir=spot_summary&file=spot_summary_2015.csv
2015-08-19,jepx-spread-range-kyushu,kyushu,5.639999999999999,https://www.jepx.jp/_download.php?dir=spot_summary&file=spot_summary_2015.csv
2015-08-20,jepx-spread-range-kyushu,kyushu,6.57,https://www.jepx.jp/_download.php?dir=spot_summary&file=spot_summary_2015.csv
2015-08-21,jepx-spread-range-kyushu,kyushu,9.8,https://www.jepx.jp/_download.php?dir=spot_summary&file=spot_summary_2015.csv
2015-08-22,jepx-spread-range-kyushu,kyushu,3.76,https://www.jepx.jp/_download.php?dir=spot_summary&file=spot_summary_2015.csv
2015-08-23,jepx-spread-range-kyushu,kyushu,4.61,https://www.jepx.jp/_download.php?dir=spot_summary&file=spot_summary_2015.csv
2015-08-24,jepx-spread-range-kyushu,kyushu,5.99,https://www.jepx.jp/_download.php?dir=spot_summary&file=spot_summary_2015.csv
2015-08-25,jepx-spread-range-kyushu,kyushu,6.490000000000001,https://www.jepx.jp/_download.php?dir=spot_summary&file=spot_summary_2015.csv
2015-08-26,jepx-spread-range-kyushu,kyushu,3.93,https://www.jepx.jp/_download.php?dir=spot_summary&file=spot_summary_2015.csv
2015-08-27,jepx-spread-range-kyushu,kyushu,5.369999999999999,https://www.jepx.jp/_download.php?dir=spot_summary&file=spot_summary_2015.csv
2015-08-28,jepx-spread-range-kyushu,kyushu,4.64,https://www.jepx.jp/_download.php?dir=spot_summary&file=spot_summary_2015.csv
2015-08-29,jepx-spread-range-kyushu,kyushu,3.28,https://www.jepx.jp/_download.php?dir=spot_summary&file=spot_summary_2015.csv
2015-08-30,jepx-spread-range-kyushu,kyushu,3.1900000000000004,https://www.jepx.jp/_download.php?dir=spot_summary&file=spot_summary_2015.csv
2015-08-31,jepx-spread-range-kyushu,kyushu,7.16,https://www.jepx.jp/_download.php?dir=spot_summary&file=spot_summary_2015.csv
2015-09-01,jepx-spread-range-kyushu,kyushu,6.8,https://www.jepx.jp/_download.php?dir=spot_summary&file=spot_summary_2015.csv
2015-09-02,jepx-spread-range-kyushu,kyushu,4.94,https://www.jepx.jp/_download.php?dir=spot_summary&file=spot_summary_2015.csv
2015-09-03,jepx-spread-range-kyushu,kyushu,7.539999999999999,https://www.jepx.jp/_download.php?dir=spot_summary&file=spot_summary_2015.csv
2015-09-04,jepx-spread-range-kyushu,kyushu,6.62,https://www.jepx.jp/_download.php?dir=spot_summary&file=spot_summary_2015.csv
2015-09-05,jepx-spread-range-kyushu,kyushu,1.9400000000000004,https://www.jepx.jp/_download.php?dir=spot_summary&file=spot_summary_2015.csv
2015-09-06,jepx-spread-range-kyushu,kyushu,1.37,https://www.jepx.jp/_download.php?dir=spot_summary&file=spot_summary_2015.csv
2015-09-07,jepx-spread-range-kyushu,kyushu,7.45,https://www.jepx.jp/_download.php?dir=spot_summary&file=spot_summary_2015.csv
2015-09-08,jepx-spread-range-kyushu,kyushu,7.13,https://www.jepx.jp/_download.php?dir=spot_summary&file=spot_summary_2015.csv
2015-09-09,jepx-spread-range-kyushu,kyushu,7.87,https://www.jepx.jp/_download.php?dir=spot_summary&file=spot_summary_2015.csv
2015-09-10,jepx-spread-range-kyushu,kyushu,5.74,https://www.jepx.jp/_download.php?dir=spot_summary&file=spot_summary_2015.csv
2015-09-11,jepx-spread-range-kyushu,kyushu,5.17,https://www.jepx.jp/_download.php?dir=spot_summary&file=spot_summary_2015.csv
2015-09-12,jepx-spread-range-kyushu,kyushu,3.120000000000001,https://www.jepx.jp/_download.php?dir=spot_summary&file=spot_summary_2015.csv
2015-09-13,jepx-spread-range-kyushu,kyushu,2.0700000000000003,https://www.jepx.jp/_download.php?dir=spot_summary&file=spot_summary_2015.csv
2015-09-14,jepx-spread-range-kyushu,kyushu,7.46,https://www.jepx.jp/_download.php?dir=spot_summary&file=spot_summary_2015.csv
2015-09-15,jepx-spread-range-kyushu,kyushu,7.549999999999999,https://www.jepx.jp/_download.php?dir=spot_summary&file=spot_summary_2015.csv
2015-09-16,jepx-spread-range-kyushu,kyushu,7.109999999999999,https://www.jepx.jp/_download.php?dir=spot_summary&file=spot_summary_2015.csv
2015-09-17,jepx-spread-range-kyushu,kyushu,4.959999999999999,https://www.jepx.jp/_download.php?dir=spot_summary&file=spot_summary_2015.csv
2015-09-18,jepx-spread-range-kyushu,kyushu,4.2700000000000005,https://www.jepx.jp/_download.php?dir=spot_summary&file=spot_summary_2015.csv
2015-09-19,jepx-spread-range-kyushu,kyushu,3.1900000000000004,https://www.jepx.jp/_download.php?dir=spot_summary&file=spot_summary_2015.csv
2015-09-20,jepx-spread-range-kyushu,kyushu,2.78,https://www.jepx.jp/_download.php?dir=spot_summary&file=spot_summary_2015.csv
2015-09-21,jepx-spread-range-kyushu,kyushu,2.55,https://www.jepx.jp/_download.php?dir=spot_summary&file=spot_summary_2015.csv
2015-09-22,jepx-spread-range-kyushu,kyushu,4.260000000000001,https://www.jepx.jp/_download.php?dir=spot_summary&file=spot_summary_2015.csv
2015-09-23,jepx-spread-range-kyushu,kyushu,5.449999999999999,https://www.jepx.jp/_download.php?dir=spot_summary&file=spot_summary_2015.csv
2015-09-24,jepx-spread-range-kyushu,kyushu,5.379999999999999,https://www.jepx.jp/_download.php?dir=spot_summary&file=spot_summary_2015.csv
2015-09-25,jepx-spread-range-kyushu,kyushu,4.949999999999999,https://www.jepx.jp/_download.php?dir=spot_summary&file=spot_summary_2015.csv
2015-09-26,jepx-spread-range-kyushu,kyushu,4.8,https://www.jepx.jp/_download.php?dir=spot_summary&file=spot_summary_2015.csv
2015-09-27,jepx-spread-range-kyushu,kyushu,4.73,https://www.jepx.jp/_download.php?dir=spot_summary&file=spot_summary_2015.csv
2015-09-28,jepx-spread-range-kyushu,kyushu,9.0,https://www.jepx.jp/_download.php?dir=spot_summary&file=spot_summary_2015.csv
2015-09-29,jepx-spread-range-kyushu,kyushu,7.58,https://www.jepx.jp/_download.php?dir=spot_summary&file=spot_summary_2015.csv
2015-09-30,jepx-spread-range-kyushu,kyushu,6.32,https://www.jepx.jp/_download.php?dir=spot_summary&file=spot_summary_2015.csv
2015-10-01,jepx-spread-range-kyushu,kyushu,4.819999999999999,https://www.jepx.jp/_download.php?dir=spot_summary&file=spot_summary_2015.csv
2015-10-02,jepx-spread-range-kyushu,kyushu,5.34,https://www.jepx.jp/_download.php?dir=spot_summary&file=spot_summary_2015.csv
2015-10-03,jepx-spread-range-kyushu,kyushu,4.73,https://www.jepx.jp/_download.php?dir=spot_summary&file=spot_summary_2015.csv
2015-10-04,jepx-spread-range-kyushu,kyushu,3.73,https://www.jepx.jp/_download.php?dir=spot_summary&file=spot_summary_2015.csv
2015-10-05,jepx-spread-range-kyushu,kyushu,5.25,https://www.jepx.jp/_download.php?dir=spot_summary&file=spot_summary_2015.csv
2015-10-06,jepx-spread-range-kyushu,kyushu,4.5,https://www.jepx.jp/_download.php?dir=spot_summary&file=spot_summary_2015.csv
2015-10-07,jepx-spread-range-kyushu,kyushu,5.09,https://www.jepx.jp/_download.php?dir=spot_summary&file=spot_summary_2015.csv
2015-10-08,jepx-spread-range-kyushu,kyushu,5.0200000000000005,https://www.jepx.jp/_download.php?dir=spot_summary&file=spot_summary_2015.csv
2015-10-09,jepx-spread-range-kyushu,kyushu,4.579999999999999,https://www.jepx.jp/_download.php?dir=spot_summary&file=spot_summary_2015.csv
2015-10-10,jepx-spread-range-kyushu,kyushu,3.04,https://www.jepx.jp/_download.php?dir=spot_summary&file=spot_summary_2015.csv
2015-10-11,jepx-spread-range-kyushu,kyushu,4.290000000000001,https://www.jepx.jp/_download.php?dir=spot_summary&file=spot_summary_2015.csv
2015-10-12,jepx-spread-range-kyushu,kyushu,4.23,https://www.jepx.jp/_download.php?dir=spot_summary&file=spot_summary_2015.csv
2015-10-13,jepx-spread-range-kyushu,kyushu,5.75,https://www.jepx.jp/_download.php?dir=spot_summary&file=spot_summary_2015.csv
2015-10-14,jepx-spread-range-kyushu,kyushu,7.050000000000001,https://www.jepx.jp/_download.php?dir=spot_summary&file=spot_summary_2015.csv
2015-10-15,jepx-spread-range-kyushu,kyushu,6.02,https://www.jepx.jp/_download.php?dir=spot_summary&file=spot_summary_2015.csv
2015-10-16,jepx-spread-range-kyushu,kyushu,6.02,https://www.jepx.jp/_download.php?dir=spot_summary&file=spot_summary_2015.csv
2015-10-17,jepx-spread-range-kyushu,kyushu,3.68,https://www.jepx.jp/_download.php?dir=spot_summary&file=spot_summary_2015.csv
2015-10-18,jepx-spread-range-kyushu,kyushu,3.7399999999999993,https://www.jepx.jp/_download.php?dir=spot_summary&file=spot_summary_2015.csv
2015-10-19,jepx-spread-range-kyushu,kyushu,6.449999999999999,https://www.jepx.jp/_download.php?dir=spot_summary&file=spot_summary_2015.csv
2015-10-20,jepx-spread-range-kyushu,kyushu,4.450000000000001,https://www.jepx.jp/_download.php?dir=spot_summary&file=spot_summary_2015.csv
2015-10-21,jepx-spread-range-kyushu,kyushu,5.59,https://www.jepx.jp/_download.php?dir=spot_summary&file=spot_summary_2015.csv
2015-10-22,jepx-spread-range-kyushu,kyushu,5.98,https://www.jepx.jp/_download.php?dir=spot_summary&file=spot_summary_2015.csv
2015-10-23,jepx-spread-range-kyushu,kyushu,5.239999999999999,https://www.jepx.jp/_download.php?dir=spot_summary&file=spot_summary_2015.csv
2015-10-24,jepx-spread-range-kyushu,kyushu,2.700000000000001,https://www.jepx.jp/_download.php?dir=spot_summary&file=spot_summary_2015.csv
2015-10-25,jepx-spread-range-kyushu,kyushu,2.219999999999999,https://www.jepx.jp/_download.php?dir=spot_summary&file=spot_summary_2015.csv
2015-10-26,jepx-spread-range-kyushu,kyushu,6.94,https://www.jepx.jp/_download.php?dir=spot_summary&file=spot_summary_2015.csv
2015-10-27,jepx-spread-range-kyushu,kyushu,7.279999999999999,https://www.jepx.jp/_download.php?dir=spot_summary&file=spot_summary_2015.csv
2015-10-28,jepx-spread-range-kyushu,kyushu,5.48,https://www.jepx.jp/_download.php?dir=spot_summary&file=spot_summary_2015.csv
2015-10-29,jepx-spread-range-kyushu,kyushu,5.57,https://www.jepx.jp/_download.php?dir=spot_summary&file=spot_summary_2015.csv
2015-10-30,jepx-spread-range-kyushu,kyushu,4.76,https://www.jepx.jp/_download.php?dir=spot_summary&file=spot_summary_2015.csv
2015-10-31,jepx-spread-range-kyushu,kyushu,1.84,https://www.jepx.jp/_download.php?dir=spot_summary&file=spot_summary_2015.csv
2015-11-01,jepx-spread-range-kyushu,kyushu,2.140000000000001,https://www.jepx.jp/_download.php?dir=spot_summary&file=spot_summary_2015.csv
2015-11-02,jepx-spread-range-kyushu,kyushu,4.84,https://www.jepx.jp/_download.php?dir=spot_summary&file=spot_summary_2015.csv
2015-11-03,jepx-spread-range-kyushu,kyushu,2.2300000000000004,https://www.jepx.jp/_download.php?dir=spot_summary&file=spot_summary_2015.csv
2015-11-04,jepx-spread-range-kyushu,kyushu,5.44,https://www.jepx.jp/_download.php?dir=spot_summary&file=spot_summary_2015.csv
2015-11-05,jepx-spread-range-kyushu,kyushu,5.44,https://www.jepx.jp/_download.php?dir=spot_summary&file=spot_summary_2015.csv
2015-11-06,jepx-spread-range-kyushu,kyushu,4.770000000000001,https://www.jepx.jp/_download.php?dir=spot_summary&file=spot_summary_2015.csv
2015-11-07,jepx-spread-range-kyushu,kyushu,2.5700000000000003,https://www.jepx.jp/_download.php?dir=spot_summary&file=spot_summary_2015.csv
2015-11-08,jepx-spread-range-kyushu,kyushu,3.22,https://www.jepx.jp/_download.php?dir=spot_summary&file=spot_summary_2015.csv
2015-11-09,jepx-spread-range-kyushu,kyushu,4.85,https://www.jepx.jp/_download.php?dir=spot_summary&file=spot_summary_2015.csv
2015-11-10,jepx-spread-range-kyushu,kyushu,6.049999999999999,https://www.jepx.jp/_download.php?dir=spot_summary&file=spot_summary_2015.csv
2015-11-11,jepx-spread-range-kyushu,kyushu,6.340000000000001,https://www.jepx.jp/_download.php?dir=spot_summary&file=spot_summary_2015.csv
2015-11-12,jepx-spread-range-kyushu,kyushu,6.199999999999999,https://www.jepx.jp/_download.php?dir=spot_summary&file=spot_summary_2015.csv
2015-11-13,jepx-spread-range-kyushu,kyushu,5.17,https://www.jepx.jp/_download.php?dir=spot_summary&file=spot_summary_2015.csv
2015-11-14,jepx-spread-range-kyushu,kyushu,3.170000000000001,https://www.jepx.jp/_download.php?dir=spot_summary&file=spot_summary_2015.csv
2015-11-15,jepx-spread-range-kyushu,kyushu,2.12,https://www.jepx.jp/_download.php?dir=spot_summary&file=spot_summary_2015.csv
2015-11-16,jepx-spread-range-kyushu,kyushu,4.6,https://www.jepx.jp/_download.php?dir=spot_summary&file=spot_summary_2015.csv
2015-11-17,jepx-spread-range-kyushu,kyushu,5.73,https://www.jepx.jp/_download.php?dir=spot_summary&file=spot_summary_2015.csv
2015-11-18,jepx-spread-range-kyushu,kyushu,7.120000000000001,https://www.jepx.jp/_download.php?dir=spot_summary&file=spot_summary_2015.csv
2015-11-19,jepx-spread-range-kyushu,kyushu,4.550000000000001,https://www.jepx.jp/_download.php?dir=spot_summary&file=spot_summary_2015.csv
2015-11-20,jepx-spread-range-kyushu,kyushu,7.119999999999999,https://www.jepx.jp/_download.php?dir=spot_summary&file=spot_summary_2015.csv
2015-11-21,jepx-spread-range-kyushu,kyushu,2.28,https://www.jepx.jp/_download.php?dir=spot_summary&file=spot_summary_2015.csv
2015-11-22,jepx-spread-range-kyushu,kyushu,1.740000000000001,https://www.jepx.jp/_download.php?dir=spot_summary&file=spot_summary_2015.csv
2015-11-23,jepx-spread-range-kyushu,kyushu,2.0,https://www.jepx.jp/_download.php?dir=spot_summary&file=spot_summary_2015.csv
2015-11-24,jepx-spread-range-kyushu,kyushu,3.129999999999999,https://www.jepx.jp/_download.php?dir=spot_summary&file=spot_summary_2015.csv
2015-11-25,jepx-spread-range-kyushu,kyushu,6.08,https://www.jepx.jp/_download.php?dir=spot_summary&file=spot_summary_2015.csv
2015-11-26,jepx-spread-range-kyushu,kyushu,2.1899999999999995,https://www.jepx.jp/_download.php?dir=spot_summary&file=spot_summary_2015.csv
2015-11-27,jepx-spread-range-kyushu,kyushu,2.64,https://www.jepx.jp/_download.php?dir=spot_summary&file=spot_summary_2015.csv
2015-11-28,jepx-spread-range-kyushu,kyushu,1.260000000000001,https://www.jepx.jp/_download.php?dir=spot_summary&file=spot_summary_2015.csv
2015-11-29,jepx-spread-range-kyushu,kyushu,2.539999999999999,https://www.jepx.jp/_download.php?dir=spot_summary&file=spot_summary_2015.csv
2015-11-30,jepx-spread-range-kyushu,kyushu,4.389999999999999,https://www.jepx.jp/_download.php?dir=spot_summary&file=spot_summary_2015.csv
2015-12-01,jepx-spread-range-kyushu,kyushu,2.59,https://www.jepx.jp/_download.php?dir=spot_summary&file=spot_summary_2015.csv
2015-12-02,jepx-spread-range-kyushu,kyushu,1.1799999999999995,https://www.jepx.jp/_download.php?dir=spot_summary&file=spot_summary_2015.csv
2015-12-03,jepx-spread-range-kyushu,kyushu,4.16,https://www.jepx.jp/_download.php?dir=spot_summary&file=spot_summary_2015.csv
2015-12-04,jepx-spread-range-kyushu,kyushu,4.02,https://www.jepx.jp/_download.php?dir=spot_summary&file=spot_summary_2015.csv
2015-12-05,jepx-spread-range-kyushu,kyushu,1.9399999999999995,https://www.jepx.jp/_download.php?dir=spot_summary&file=spot_summary_2015.csv
2015-12-06,jepx-spread-range-kyushu,kyushu,1.8100000000000005,https://www.jepx.jp/_download.php?dir=spot_summary&file=spot_summary_2015.csv
2015-12-07,jepx-spread-range-kyushu,kyushu,4.8500000000000005,https://www.jepx.jp/_download.php?dir=spot_summary&file=spot_summary_2015.csv
2015-12-08,jepx-spread-range-kyushu,kyushu,4.96,https://www.jepx.jp/_download.php?dir=spot_summary&file=spot_summary_2015.csv
2015-12-09,jepx-spread-range-kyushu,kyushu,4.3500000000000005,https://www.jepx.jp/_download.php?dir=spot_summary&file=spot_summary_2015.csv
2015-12-10,jepx-spread-range-kyushu,kyushu,4.97,https://www.jepx.jp/_download.php?dir=spot_summary&file=spot_summary_2015.csv
2015-12-11,jepx-spread-range-kyushu,kyushu,4.09,https://www.jepx.jp/_download.php?dir=spot_summary&file=spot_summary_2015.csv
2015-12-12,jepx-spread-range-kyushu,kyushu,1.7699999999999996,https://www.jepx.jp/_download.php?dir=spot_summary&file=spot_summary_2015.csv
2015-12-13,jepx-spread-range-kyushu,kyushu,2.27,https://www.jepx.jp/_download.php?dir=spot_summary&file=spot_summary_2015.csv
2015-12-14,jepx-spread-range-kyushu,kyushu,4.79,https://www.jepx.jp/_download.php?dir=spot_summary&file=spot_summary_2015.csv
2015-12-15,jepx-spread-range-kyushu,kyushu,5.13,https://www.jepx.jp/_download.php?dir=spot_summary&file=spot_summary_2015.csv
2015-12-16,jepx-spread-range-kyushu,kyushu,4.000000000000001,https://www.jepx.jp/_download.php?dir=spot_summary&file=spot_summary_2015.csv
2015-12-17,jepx-spread-range-kyushu,kyushu,4.59,https://www.jepx.jp/_download.php?dir=spot_summary&file=spot_summary_2015.csv
2015-12-18,jepx-spread-range-kyushu,kyushu,5.12,https://www.jepx.jp/_download.php?dir=spot_summary&file=spot_summary_2015.csv
2015-12-19,jepx-spread-range-kyushu,kyushu,1.3099999999999987,https://www.jepx.jp/_download.php?dir=spot_summary&file=spot_summary_2015.csv
2015-12-20,jepx-spread-range-kyushu,kyushu,0.8999999999999995,https://www.jepx.jp/_download.php?dir=spot_summary&file=spot_summary_2015.csv
2015-12-21,jepx-spread-range-kyushu,kyushu,4.68,https://www.jepx.jp/_download.php?dir=spot_summary&file=spot_summary_2015.csv
2015-12-22,jepx-spread-range-kyushu,kyushu,4.15,https://www.jepx.jp/_download.php?dir=spot_summary&file=spot_summary_2015.csv
2015-12-23,jepx-spread-range-kyushu,kyushu,2.170000000000001,https://www.jepx.jp/_download.php?dir=spot_summary&file=spot_summary_2015.csv
2015-12-24,jepx-spread-range-kyushu,kyushu,4.290000000000001,https://www.jepx.jp/_download.php?dir=spot_summary&file=spot_summary_2015.csv
2015-12-25,jepx-spread-range-kyushu,kyushu,3.43,https://www.jepx.jp/_download.php?dir=spot_summary&file=spot_summary_2015.csv
2015-12-26,jepx-spread-range-kyushu,kyushu,2.53,https://www.jepx.jp/_download.php?dir=spot_summary&file=spot_summary_2015.csv
2015-12-27,jepx-spread-range-kyushu,kyushu,2.0599999999999987,https://www.jepx.jp/_download.php?dir=spot_summary&file=spot_summary_2015.csv
2015-12-28,jepx-spread-range-kyushu,kyushu,3.639999999999999,https://www.jepx.jp/_download.php?dir=spot_summary&file=spot_summary_2015.csv
2015-12-29,jepx-spread-range-kyushu,kyushu,1.4800000000000004,https://www.jepx.jp/_download.php?dir=spot_summary&file=spot_summary_2015.csv
2015-12-30,jepx-spread-range-kyushu,kyushu,0.9400000000000004,https://www.jepx.jp/_download.php?dir=spot_summary&file=spot_summary_2015.csv
2015-12-31,jepx-spread-range-kyushu,kyushu,1.3200000000000005,https://www.jepx.jp/_download.php?dir=spot_summary&file=spot_summary_2015.csv
2016-01-01,jepx-spread-range-kyushu,kyushu,2.62,https://www.jepx.jp/_download.php?dir=spot_summary&file=spot_summary_2015.csv
2016-01-02,jepx-spread-range-kyushu,kyushu,1.04,https://www.jepx.jp/_download.php?dir=spot_summary&file=spot_summary_2015.csv
2016-01-03,jepx-spread-range-kyushu,kyushu,1.0500000000000007,https://www.jepx.jp/_download.php?dir=spot_summary&file=spot_summary_2015.csv
2016-01-04,jepx-spread-range-kyushu,kyushu,4.6,https://www.jepx.jp/_download.php?dir=spot_summary&file=spot_summary_2015.csv
2016-01-05,jepx-spread-range-kyushu,kyushu,5.04,https://www.jepx.jp/_download.php?dir=spot_summary&file=spot_summary_2015.csv
2016-01-06,jepx-spread-range-kyushu,kyushu,3.4499999999999997,https://www.jepx.jp/_download.php?dir=spot_summary&file=spot_summary_2015.csv
2016-01-07,jepx-spread-range-kyushu,kyushu,4.6,https://www.jepx.jp/_download.php?dir=spot_summary&file=spot_summary_2015.csv
2016-01-08,jepx-spread-range-kyushu,kyushu,3.869999999999999,https://www.jepx.jp/_download.php?dir=spot_summary&file=spot_summary_2015.csv
2016-01-09,jepx-spread-range-kyushu,kyushu,1.34,https://www.jepx.jp/_download.php?dir=spot_summary&file=spot_summary_2015.csv
2016-01-10,jepx-spread-range-kyushu,kyushu,1.2200000000000006,https://www.jepx.jp/_download.php?dir=spot_summary&file=spot_summary_2015.csv
2016-01-11,jepx-spread-range-kyushu,kyushu,1.0,https://www.jepx.jp/_download.php?dir=spot_summary&file=spot_summary_2015.csv
2016-01-12,jepx-spread-range-kyushu,kyushu,4.53,https://www.jepx.jp/_download.php?dir=spot_summary&file=spot_summary_2015.csv
2016-01-13,jepx-spread-range-kyushu,kyushu,4.66,https://www.jepx.jp/_download.php?dir=spot_summary&file=spot_summary_2015.csv
2016-01-14,jepx-spread-range-kyushu,kyushu,5.119999999999999,https://www.jepx.jp/_download.php?dir=spot_summary&file=spot_summary_2015.csv
2016-01-15,jepx-spread-range-kyushu,kyushu,5.119999999999999,https://www.jepx.jp/_download.php?dir=spot_summary&file=spot_summary_2015.csv
2016-01-16,jepx-spread-range-kyushu,kyushu,2.53,https://www.jepx.jp/_download.php?dir=spot_summary&file=spot_summary_2015.csv
2016-01-17,jepx-spread-range-kyushu,kyushu,1.6900000000000004,https://www.jepx.jp/_download.php?dir=spot_summary&file=spot_summary_2015.csv
2016-01-18,jepx-spread-range-kyushu,kyushu,4.330000000000001,https://www.jepx.jp/_download.php?dir=spot_summary&file=spot_summary_2015.csv
2016-01-19,jepx-spread-range-kyushu,kyushu,5.18,https://www.jepx.jp/_download.php?dir=spot_summary&file=spot_summary_2015.csv
2016-01-20,jepx-spread-range-kyushu,kyushu,6.209999999999999,https://www.jepx.jp/_download.php?dir=spot_summary&file=spot_summary_2015.csv
2016-01-21,jepx-spread-range-kyushu,kyushu,3.4700000000000006,https://www.jepx.jp/_download.php?dir=spot_summary&file=spot_summary_2015.csv
2016-01-22,jepx-spread-range-kyushu,kyushu,3.540000000000001,https://www.jepx.jp/_download.php?dir=spot_summary&file=spot_summary_2015.csv
2016-01-23,jepx-spread-range-kyushu,kyushu,4.75,https://www.jepx.jp/_download.php?dir=spot_summary&file=spot_summary_2015.csv
2016-01-24,jepx-spread-range-kyushu,kyushu,4.06,https://www.jepx.jp/_download.php?dir=spot_summary&file=spot_summary_2015.csv
2016-01-25,jepx-spread-range-kyushu,kyushu,28.48,https://www.jepx.jp/_download.php?dir=spot_summary&file=spot_summary_2015.csv
2016-01-26,jepx-spread-range-kyushu,kyushu,10.07,https://www.jepx.jp/_download.php?dir=spot_summary&file=spot_summary_2015.csv
2016-01-27,jepx-spread-range-kyushu,kyushu,4.1000000000000005,https://www.jepx.jp/_download.php?dir=spot_summary&file=spot_summary_2015.csv
2016-01-28,jepx-spread-range-kyushu,kyushu,4.23,https://www.jepx.jp/_download.php?dir=spot_summary&file=spot_summary_2015.csv
2016-01-29,jepx-spread-range-kyushu,kyushu,6.6000000000000005,https://www.jepx.jp/_download.php?dir=spot_summary&file=spot_summary_2015.csv
2016-01-30,jepx-spread-range-kyushu,kyushu,2.9800000000000004,https://www.jepx.jp/_download.php?dir=spot_summary&file=spot_summary_2015.csv
2016-01-31,jepx-spread-range-kyushu,kyushu,1.4299999999999995,https://www.jepx.jp/_download.php?dir=spot_summary&file=spot_summary_2015.csv
2016-02-01,jepx-spread-range-kyushu,kyushu,4.0,https://www.jepx.jp/_download.php?dir=spot_summary&file=spot_summary_2015.csv
2016-02-02,jepx-spread-range-kyushu,kyushu,4.16,https://www.jepx.jp/_download.php?dir=spot_summary&file=spot_summary_2015.csv
2016-02-03,jepx-spread-range-kyushu,kyushu,4.2,https://www.jepx.jp/_download.php?dir=spot_summary&file=spot_summary_2015.csv
2016-02-04,jepx-spread-range-kyushu,kyushu,4.34,https://www.jepx.jp/_download.php?dir=spot_summary&file=spot_summary_2015.csv
2016-02-05,jepx-spread-range-kyushu,kyushu,4.41,https://www.jepx.jp/_download.php?dir=spot_summary&file=spot_summary_2015.csv
2016-02-06,jepx-spread-range-kyushu,kyushu,1.59,https://www.jepx.jp/_download.php?dir=spot_summary&file=spot_summary_2015.csv
2016-02-07,jepx-spread-range-kyushu,kyushu,2.25,https://www.jepx.jp/_download.php?dir=spot_summary&file=spot_summary_2015.csv
2016-02-08,jepx-spread-range-kyushu,kyushu,4.53,https://www.jepx.jp/_download.php?dir=spot_summary&file=spot_summary_2015.csv
2016-02-09,jepx-spread-range-kyushu,kyushu,4.510000000000001,https://www.jepx.jp/_download.php?dir=spot_summary&file=spot_summary_2015.csv
2016-02-10,jepx-spread-range-kyushu,kyushu,4.569999999999999,https://www.jepx.jp/_download.php?dir=spot_summary&file=spot_summary_2015.csv
2016-02-11,jepx-spread-range-kyushu,kyushu,2.960000000000001,https://www.jepx.jp/_download.php?dir=spot_summary&file=spot_summary_2015.csv
2016-02-12,jepx-spread-range-kyushu,kyushu,2.4800000000000004,https://www.jepx.jp/_download.php?dir=spot_summary&file=spot_summary_2015.csv
2016-02-13,jepx-spread-range-kyushu,kyushu,1.99,https://www.jepx.jp/_download.php?dir=spot_summary&file=spot_summary_2015.csv
2016-02-14,jepx-spread-range-kyushu,kyushu,1.6199999999999992,https://www.jepx.jp/_download.php?dir=spot_summary&file=spot_summary_2015.csv
2016-02-15,jepx-spread-range-kyushu,kyushu,6.459999999999999,https://www.jepx.jp/_download.php?dir=spot_summary&file=spot_summary_2015.csv
2016-02-16,jepx-spread-range-kyushu,kyushu,4.35,https://www.jepx.jp/_download.php?dir=spot_summary&file=spot_summary_2015.csv
2016-02-17,jepx-spread-range-kyushu,kyushu,3.68,https://www.jepx.jp/_download.php?dir=spot_summary&file=spot_summary_2015.csv
2016-02-18,jepx-spread-range-kyushu,kyushu,4.35,https://www.jepx.jp/_download.php?dir=spot_summary&file=spot_summary_2015.csv
2016-02-19,jepx-spread-range-kyushu,kyushu,4.37,https://www.jepx.jp/_download.php?dir=spot_summary&file=spot_summary_2015.csv
2016-02-20,jepx-spread-range-kyushu,kyushu,2.6899999999999995,https://www.jepx.jp/_download.php?dir=spot_summary&file=spot_summary_2015.csv
2016-02-21,jepx-spread-range-kyushu,kyushu,1.92,https://www.jepx.jp/_download.php?dir=spot_summary&file=spot_summary_2015.csv
2016-02-22,jepx-spread-range-kyushu,kyushu,3.21,https://www.jepx.jp/_download.php?dir=spot_summary&file=spot_summary_2015.csv
2016-02-23,jepx-spread-range-kyushu,kyushu,3.3599999999999994,https://www.jepx.jp/_download.php?dir=spot_summary&file=spot_summary_2015.csv
2016-02-24,jepx-spread-range-kyushu,kyushu,3.33,https://www.jepx.jp/_download.php?dir=spot_summary&file=spot_summary_2015.csv
2016-02-25,jepx-spread-range-kyushu,kyushu,4.22,https://www.jepx.jp/_download.php?dir=spot_summary&file=spot_summary_2015.csv
2016-02-26,jepx-spread-range-kyushu,kyushu,4.48,https://www.jepx.jp/_download.php?dir=spot_summary&file=spot_summary_2015.csv
2016-02-27,jepx-spread-range-kyushu,kyushu,2.3100000000000005,https://www.jepx.jp/_download.php?dir=spot_summary&file=spot_summary_2015.csv
2016-02-28,jepx-spread-range-kyushu,kyushu,1.38,https://www.jepx.jp/_download.php?dir=spot_summary&file=spot_summary_2015.csv
2016-02-29,jepx-spread-range-kyushu,kyushu,6.07,https://www.jepx.jp/_download.php?dir=spot_summary&file=spot_summary_2015.csv
2016-03-01,jepx-spread-range-kyushu,kyushu,5.840000000000001,https://www.jepx.jp/_download.php?dir=spot_summary&file=spot_summary_2015.csv
2016-03-02,jepx-spread-range-kyushu,kyushu,4.529999999999999,https://www.jepx.jp/_download.php?dir=spot_summary&file=spot_summary_2015.csv
2016-03-03,jepx-spread-range-kyushu,kyushu,2.750000000000001,https://www.jepx.jp/_download.php?dir=spot_summary&file=spot_summary_2015.csv
2016-03-04,jepx-spread-range-kyushu,kyushu,3.679999999999999,https://www.jepx.jp/_download.php?dir=spot_summary&file=spot_summary_2015.csv
2016-03-05,jepx-spread-range-kyushu,kyushu,2.56,https://www.jepx.jp/_download.php?dir=spot_summary&file=spot_summary_2015.csv
2016-03-06,jepx-spread-range-kyushu,kyushu,1.95,https://www.jepx.jp/_download.php?dir=spot_summary&file=spot_summary_2015.csv
2016-03-07,jepx-spread-range-kyushu,kyushu,3.5100000000000007,https://www.jepx.jp/_download.php?dir=spot_summary&file=spot_summary_2015.csv
2016-03-08,jepx-spread-range-kyushu,kyushu,3.709999999999999,https://www.jepx.jp/_download.php?dir=spot_summary&file=spot_summary_2015.csv
2016-03-09,jepx-spread-range-kyushu,kyushu,5.47,https://www.jepx.jp/_download.php?dir=spot_summary&file=spot_summary_2015.csv
2016-03-10,jepx-spread-range-kyushu,kyushu,3.76,https://www.jepx.jp/_download.php?dir=spot_summary&file=spot_summary_2015.csv
2016-03-11,jepx-spread-range-kyushu,kyushu,4.44,https://www.jepx.jp/_download.php?dir=spot_summary&file=spot_summary_2015.csv
2016-03-12,jepx-spread-range-kyushu,kyushu,2.02,https://www.jepx.jp/_download.php?dir=spot_summary&file=spot_summary_2015.csv
2016-03-13,jepx-spread-range-kyushu,kyushu,2.35,https://www.jepx.jp/_download.php?dir=spot_summary&file=spot_summary_2015.csv
2016-03-14,jepx-spread-range-kyushu,kyushu,5.37,https://www.jepx.jp/_download.php?dir=spot_summary&file=spot_summary_2015.csv
2016-03-15,jepx-spread-range-kyushu,kyushu,3.119999999999999,https://www.jepx.jp/_download.php?dir=spot_summary&file=spot_summary_2015.csv
2016-03-16,jepx-spread-range-kyushu,kyushu,3.1899999999999995,https://www.jepx.jp/_download.php?dir=spot_summary&file=spot_summary_2015.csv
2016-03-17,jepx-spread-range-kyushu,kyushu,2.4499999999999997,https://www.jepx.jp/_download.php?dir=spot_summary&file=spot_summary_2015.csv
2016-03-18,jepx-spread-range-kyushu,kyushu,2.1899999999999995,https://www.jepx.jp/_download.php?dir=spot_summary&file=spot_summary_2015.csv
2016-03-19,jepx-spread-range-kyushu,kyushu,2.35,https://www.jepx.jp/_download.php?dir=spot_summary&file=spot_summary_2015.csv
2016-03-20,jepx-spread-range-kyushu,kyushu,2.76,https://www.jepx.jp/_download.php?dir=spot_summary&file=spot_summary_2015.csv
2016-03-21,jepx-spread-range-kyushu,kyushu,3.47,https://www.jepx.jp/_download.php?dir=spot_summary&file=spot_summary_2015.csv
2016-03-22,jepx-spread-range-kyushu,kyushu,3.1800000000000006,https://www.jepx.jp/_download.php?dir=spot_summary&file=spot_summary_2015.csv
2016-03-23,jepx-spread-range-kyushu,kyushu,2.7,https://www.jepx.jp/_download.php?dir=spot_summary&file=spot_summary_2015.csv
2016-03-24,jepx-spread-range-kyushu,kyushu,3.1500000000000004,https://www.jepx.jp/_download.php?dir=spot_summary&file=spot_summary_2015.csv
2016-03-25,jepx-spread-range-kyushu,kyushu,3.3600000000000003,https://www.jepx.jp/_download.php?dir=spot_summary&file=spot_summary_2015.csv
2016-03-26,jepx-spread-range-kyushu,kyushu,2.77,https://www.jepx.jp/_download.php?dir=spot_summary&file=spot_summary_2015.csv
2016-03-27,jepx-spread-range-kyushu,kyushu,2.6,https://www.jepx.jp/_download.php?dir=spot_summary&file=spot_summary_2015.csv
2016-03-28,jepx-spread-range-kyushu,kyushu,2.84,https://www.jepx.jp/_download.php?dir=spot_summary&file=spot_summary_2015.csv
2016-03-29,jepx-spread-range-kyushu,kyushu,2.92,https://www.jepx.jp/_download.php?dir=spot_summary&file=spot_summary_2015.csv
2016-03-30,jepx-spread-range-kyushu,kyushu,2.55,https://www.jepx.jp/_download.php?dir=spot_summary&file=spot_summary_2015.csv
2016-03-31,jepx-spread-range-kyushu,kyushu,2.88,https://www.jepx.jp/_download.php?dir=spot_summary&file=spot_summary_2015.csv
2016-04-01,jepx-spread-range-kyushu,kyushu,4.25,https://www.jepx.jp/_download.php?dir=spot_summary&file=spot_summary_2016.csv
2016-04-02,jepx-spread-range-kyushu,kyushu,1.6100000000000003,https://www.jepx.jp/_download.php?dir=spot_summary&file=spot_summary_2016.csv
2016-04-03,jepx-spread-range-kyushu,kyushu,2.87,https://www.jepx.jp/_download.php?dir=spot_summary&file=spot_summary_2016.csv
2016-04-04,jepx-spread-range-kyushu,kyushu,8.29,https://www.jepx.jp/_download.php?dir=spot_summary&file=spot_summary_2016.csv
2016-04-05,jepx-spread-range-kyushu,kyushu,3.02,https://www.jepx.jp/_download.php?dir=spot_summary&file=spot_summary_2016.csv
2016-04-06,jepx-spread-range-kyushu,kyushu,1.7400000000000002,https://www.jepx.jp/_download.php?dir=spot_summary&file=spot_summary_2016.csv
2016-04-07,jepx-spread-range-kyushu,kyushu,5.739999999999999,https://www.jepx.jp/_download.php?dir=spot_summary&file=spot_summary_2016.csv
2016-04-08,jepx-spread-range-kyushu,kyushu,2.88,https://www.jepx.jp/_download.php?dir=spot_summary&file=spot_summary_2016.csv
2016-04-09,jepx-spread-range-kyushu,kyushu,2.8200000000000003,https://www.jepx.jp/_download.php?dir=spot_summary&file=spot_summary_2016.csv
2016-04-10,jepx-spread-range-kyushu,kyushu,1.67,https://www.jepx.jp/_download.php?dir=spot_summary&file=spot_summary_2016.csv
2016-04-11,jepx-spread-range-kyushu,kyushu,2.8200000000000003,https://www.jepx.jp/_download.php?dir=spot_summary&file=spot_summary_2016.csv
2016-04-12,jepx-spread-range-kyushu,kyushu,2.93,https://www.jepx.jp/_download.php?dir=spot_summary&file=spot_summary_2016.csv
2016-04-13,jepx-spread-range-kyushu,kyushu,6.06,https://www.jepx.jp/_download.php?dir=spot_summary&file=spot_summary_2016.csv
2016-04-14,jepx-spread-range-kyushu,kyushu,2.7700000000000005,https://www.jepx.jp/_download.php?dir=spot_summary&file=spot_summary_2016.csv
2016-04-15,jepx-spread-range-kyushu,kyushu,2.6100000000000003,https://www.jepx.jp/_download.php?dir=spot_summary&file=spot_summary_2016.csv
2016-04-16,jepx-spread-range-kyushu,kyushu,3.94,https://www.jepx.jp/_download.php?dir=spot_summary&file=spot_summary_2016.csv
2016-04-17,jepx-spread-range-kyushu,kyushu,2.3199999999999994,https://www.jepx.jp/_download.php?dir=spot_summary&file=spot_summary_2016.csv
2016-04-18,jepx-spread-range-kyushu,kyushu,5.1,https://www.jepx.jp/_download.php?dir=spot_summary&file=spot_summary_2016.csv
2016-04-19,jepx-spread-range-kyushu,kyushu,3.33,https://www.jepx.jp/_download.php?dir=spot_summary&file=spot_summary_2016.csv
2016-04-20,jepx-spread-range-kyushu,kyushu,3.25,https://www.jepx.jp/_download.php?dir=spot_summary&file=spot_summary_2016.csv
2016-04-21,jepx-spread-range-kyushu,kyushu,7.080000000000001,https://www.jepx.jp/_download.php?dir=spot_summary&file=spot_summary_2016.csv
2016-04-22,jepx-spread-range-kyushu,kyushu,2.4800000000000004,https://www.jepx.jp/_download.php?dir=spot_summary&file=spot_summary_2016.csv
2016-04-23,jepx-spread-range-kyushu,kyushu,2.33,https://www.jepx.jp/_download.php?dir=spot_summary&file=spot_summary_2016.csv
2016-04-24,jepx-spread-range-kyushu,kyushu,2.34,https://www.jepx.jp/_download.php?dir=spot_summary&file=spot_summary_2016.csv
2016-04-25,jepx-spread-range-kyushu,kyushu,3.4000000000000004,https://www.jepx.jp/_download.php?dir=spot_summary&file=spot_summary_2016.csv
2016-04-26,jepx-spread-range-kyushu,kyushu,3.4000000000000004,https://www.jepx.jp/_download.php?dir=spot_summary&file=spot_summary_2016.csv
2016-04-27,jepx-spread-range-kyushu,kyushu,7.229999999999999,https://www.jepx.jp/_download.php?dir=spot_summary&file=spot_summary_2016.csv
2016-04-28,jepx-spread-range-kyushu,kyushu,4.74,https://www.jepx.jp/_download.php?dir=spot_summary&file=spot_summary_2016.csv
2016-04-29,jepx-spread-range-kyushu,kyushu,2.64,https://www.jepx.jp/_download.php?dir=spot_summary&file=spot_summary_2016.csv
2016-04-30,jepx-spread-range-kyushu,kyushu,2.33,https://www.jepx.jp/_download.php?dir=spot_summary&file=spot_summary_2016.csv
2016-05-01,jepx-spread-range-kyushu,kyushu,3.6599999999999993,https://www.jepx.jp/_download.php?dir=spot_summary&file=spot_summary_2016.csv
2016-05-02,jepx-spread-range-kyushu,kyushu,6.64,https://www.jepx.jp/_download.php?dir=spot_summary&file=spot_summary_2016.csv
2016-05-03,jepx-spread-range-kyushu,kyushu,3.95,https://www.jepx.jp/_download.php?dir=spot_summary&file=spot_summary_2016.csv
2016-05-04,jepx-spread-range-kyushu,kyushu,2.0200000000000005,https://www.jepx.jp/_download.php?dir=spot_summary&file=spot_summary_2016.csv
2016-05-05,jepx-spread-range-kyushu,kyushu,2.7299999999999995,https://www.jepx.jp/_download.php?dir=spot_summary&file=spot_summary_2016.csv
2016-05-06,jepx-spread-range-kyushu,kyushu,6.44,https://www.jepx.jp/_download.php?dir=spot_summary&file=spot_summary_2016.csv
2016-05-07,jepx-spread-range-kyushu,kyushu,3.09,https://www.jepx.jp/_download.php?dir=spot_summary&file=spot_summary_2016.csv
2016-05-08,jepx-spread-range-kyushu,kyushu,2.1900000000000004,https://www.jepx.jp/_download.php?dir=spot_summary&file=spot_summary_2016.csv
2016-05-09,jepx-spread-range-kyushu,kyushu,7.430000000000001,https://www.jepx.jp/_download.php?dir=spot_summary&file=spot_summary_2016.csv
2016-05-10,jepx-spread-range-kyushu,kyushu,6.96,https://www.jepx.jp/_download.php?dir=spot_summary&file=spot_summary_2016.csv
2016-05-11,jepx-spread-range-kyushu,kyushu,6.99,https://www.jepx.jp/_download.php?dir=spot_summary&file=spot_summary_2016.csv
2016-05-12,jepx-spread-range-kyushu,kyushu,4.03,https://www.jepx.jp/_download.php?dir=spot_summary&file=spot_summary_2016.csv
2016-05-13,jepx-spread-range-kyushu,kyushu,5.12,https://www.jepx.jp/_download.php?dir=spot_summary&file=spot_summary_2016.csv
2016-05-14,jepx-spread-range-kyushu,kyushu,1.92,https://www.jepx.jp/_download.php?dir=spot_summary&file=spot_summary_2016.csv
2016-05-15,jepx-spread-range-kyushu,kyushu,1.96,https://www.jepx.jp/_download.php?dir=spot_summary&file=spot_summary_2016.csv
2016-05-16,jepx-spread-range-kyushu,kyushu,7.4,https://www.jepx.jp/_download.php?dir=spot_summary&file=spot_summary_2016.csv
2016-05-17,jepx-spread-range-kyushu,kyushu,4.03,https://www.jepx.jp/_download.php?dir=spot_summary&file=spot_summary_2016.csv
2016-05-18,jepx-spread-range-kyushu,kyushu,4.03,https://www.jepx.jp/_download.php?dir=spot_summary&file=spot_summary_2016.csv
2016-05-19,jepx-spread-range-kyushu,kyushu,3.31,https://www.jepx.jp/_download.php?dir=spot_summary&file=spot_summary_2016.csv
2016-05-20,jepx-spread-range-kyushu,kyushu,9.43,https://www.jepx.jp/_download.php?dir=spot_summary&file=spot_summary_2016.csv
2016-05-21,jepx-spread-range-kyushu,kyushu,1.99,https://www.jepx.jp/_download.php?dir=spot_summary&file=spot_summary_2016.csv
2016-05-22,jepx-spread-range-kyushu,kyushu,2.04,https://www.jepx.jp/_download.php?dir=spot_summary&file=spot_summary_2016.csv
2016-05-23,jepx-spread-range-kyushu,kyushu,7.73,https://www.jepx.jp/_download.php?dir=spot_summary&file=spot_summary_2016.csv
2016-05-24,jepx-spread-range-kyushu,kyushu,7.66,https://www.jepx.jp/_download.php?dir=spot_summary&file=spot_summary_2016.csv
2016-05-25,jepx-spread-range-kyushu,kyushu,7.66,https://www.jepx.jp/_download.php?dir=spot_summary&file=spot_summary_2016.csv
2016-05-26,jepx-spread-range-kyushu,kyushu,10.329999999999998,https://www.jepx.jp/_download.php?dir=spot_summary&file=spot_summary_2016.csv
2016-05-27,jepx-spread-range-kyushu,kyushu,5.77,https://www.jepx.jp/_download.php?dir=spot_summary&file=spot_summary_2016.csv
2016-05-28,jepx-spread-range-kyushu,kyushu,2.9300000000000006,https://www.jepx.jp/_download.php?dir=spot_summary&file=spot_summary_2016.csv
2016-05-29,jepx-spread-range-kyushu,kyushu,3.000000000000001,https://www.jepx.jp/_download.php?dir=spot_summary&file=spot_summary_2016.csv
2016-05-30,jepx-spread-range-kyushu,kyushu,7.4,https://www.jepx.jp/_download.php?dir=spot_summary&file=spot_summary_2016.csv
2016-05-31,jepx-spread-range-kyushu,kyushu,7.84,https://www.jepx.jp/_download.php?dir=spot_summary&file=spot_summary_2016.csv
2016-06-01,jepx-spread-range-kyushu,kyushu,7.31,https://www.jepx.jp/_download.php?dir=spot_summary&file=spot_summary_2016.csv
2016-06-02,jepx-spread-range-kyushu,kyushu,7.52,https://www.jepx.jp/_download.php?dir=spot_summary&file=spot_summary_2016.csv
2016-06-03,jepx-spread-range-kyushu,kyushu,5.869999999999999,https://www.jepx.jp/_download.php?dir=spot_summary&file=spot_summary_2016.csv
2016-06-04,jepx-spread-range-kyushu,kyushu,1.99,https://www.jepx.jp/_download.php?dir=spot_summary&file=spot_summary_2016.csv
2016-06-05,jepx-spread-range-kyushu,kyushu,2.140000000000001,https://www.jepx.jp/_download.php?dir=spot_summary&file=spot_summary_2016.csv
2016-06-06,jepx-spread-range-kyushu,kyushu,8.02,https://www.jepx.jp/_download.php?dir=spot_summary&file=spot_summary_2016.csv
2016-06-07,jepx-spread-range-kyushu,kyushu,6.859999999999999,https://www.jepx.jp/_download.php?dir=spot_summary&file=spot_summary_2016.csv
2016-06-08,jepx-spread-range-kyushu,kyushu,7.929999999999999,https://www.jepx.jp/_download.php?dir=spot_summary&file=spot_summary_2016.csv
2016-06-09,jepx-spread-range-kyushu,kyushu,7.48,https://www.jepx.jp/_download.php?dir=spot_summary&file=spot_summary_2016.csv
2016-06-10,jepx-spread-range-kyushu,kyushu,5.869999999999999,https://www.jepx.jp/_download.php?dir=spot_summary&file=spot_summary_2016.csv
2016-06-11,jepx-spread-range-kyushu,kyushu,3.5700000000000003,https://www.jepx.jp/_download.php?dir=spot_summary&file=spot_summary_2016.csv
2016-06-12,jepx-spread-range-kyushu,kyushu,4.5200000000000005,https://www.jepx.jp/_download.php?dir=spot_summary&file=spot_summary_2016.csv
2016-06-13,jepx-spread-range-kyushu,kyushu,8.14,https://www.jepx.jp/_download.php?dir=spot_summary&file=spot_summary_2016.csv
2016-06-14,jepx-spread-range-kyushu,kyushu,9.76,https://www.jepx.jp/_download.php?dir=spot_summary&file=spot_summary_2016.csv
2016-06-15,jepx-spread-range-kyushu,kyushu,9.29,https://www.jepx.jp/_download.php?dir=spot_summary&file=spot_summary_2016.csv
2016-06-16,jepx-spread-range-kyushu,kyushu,14.93,https://www.jepx.jp/_download.php?dir=spot_summary&file=spot_summary_2016.csv
2016-06-17,jepx-spread-range-kyushu,kyushu,14.93,https://www.jepx.jp/_download.php?dir=spot_summary&file=spot_summary_2016.csv
2016-06-18,jepx-spread-range-kyushu,kyushu,5.970000000000001,https://www.jepx.jp/_download.php?dir=spot_summary&file=spot_summary_2016.csv
2016-06-19,jepx-spread-range-kyushu,kyushu,3.2700000000000005,https://www.jepx.jp/_download.php?dir=spot_summary&file=spot_summary_2016.csv
2016-06-20,jepx-spread-range-kyushu,kyushu,9.68,https://www.jepx.jp/_download.php?dir=spot_summary&file=spot_summary_2016.csv
2016-06-21,jepx-spread-range-kyushu,kyushu,8.219999999999999,https://www.jepx.jp/_download.php?dir=spot_summary&file=spot_summary_2016.csv
2016-06-22,jepx-spread-range-kyushu,kyushu,8.23,https://www.jepx.jp/_download.php?dir=spot_summary&file=spot_summary_2016.csv
2016-06-23,jepx-spread-range-kyushu,kyushu,15.73,https://www.jepx.jp/_download.php?dir=spot_summary&file=spot_summary_2016.csv
2016-06-24,jepx-spread-range-kyushu,kyushu,8.23,https://www.jepx.jp/_download.php?dir=spot_summary&file=spot_summary_2016.csv
2016-06-25,jepx-spread-range-kyushu,kyushu,3.710000000000001,https://www.jepx.jp/_download.php?dir=spot_summary&file=spot_summary_2016.csv
2016-06-26,jepx-spread-range-kyushu,kyushu,3.3199999999999994,https://www.jepx.jp/_download.php?dir=spot_summary&file=spot_summary_2016.csv
2016-06-27,jepx-spread-range-kyushu,kyushu,7.430000000000001,https://www.jepx.jp/_download.php?dir=spot_summary&file=spot_summary_2016.csv
2016-06-28,jepx-spread-range-kyushu,kyushu,7.11,https://www.jepx.jp/_download.php?dir=spot_summary&file=spot_summary_2016.csv
2016-06-29,jepx-spread-range-kyushu,kyushu,7.16,https://www.jepx.jp/_download.php?dir=spot_summary&file=spot_summary_2016.csv
2016-06-30,jepx-spread-range-kyushu,kyushu,6.119999999999999,https://www.jepx.jp/_download.php?dir=spot_summary&file=spot_summary_2016.csv
2016-07-01,jepx-spread-range-kyushu,kyushu,7.869999999999999,https://www.jepx.jp/_download.php?dir=spot_summary&file=spot_summary_2016.csv
2016-07-02,jepx-spread-range-kyushu,kyushu,2.4099999999999997,https://www.jepx.jp/_download.php?dir=spot_summary&file=spot_summary_2016.csv
2016-07-03,jepx-spread-range-kyushu,kyushu,3.1500000000000004,https://www.jepx.jp/_download.php?dir=spot_summary&file=spot_summary_2016.csv
2016-07-04,jepx-spread-range-kyushu,kyushu,14.54,https://www.jepx.jp/_download.php?dir=spot_summary&file=spot_summary_2016.csv
2016-07-05,jepx-spread-range-kyushu,kyushu,19.68,https://www.jepx.jp/_download.php?dir=spot_summary&file=spot_summary_2016.csv
2016-07-06,jepx-spread-range-kyushu,kyushu,14.82,https://www.jepx.jp/_download.php?dir=spot_summary&file=spot_summary_2016.csv
2016-07-07,jepx-spread-range-kyushu,kyushu,23.39,https://www.jepx.jp/_download.php?dir=spot_summary&file=spot_summary_2016.csv
2016-07-08,jepx-spread-range-kyushu,kyushu,14.68,https://www.jepx.jp/_download.php?dir=spot_summary&file=spot_summary_2016.csv
2016-07-09,jepx-spread-range-kyushu,kyushu,3.369999999999999,https://www.jepx.jp/_download.php?dir=spot_summary&file=spot_summary_2016.csv
2016-07-10,jepx-spread-range-kyushu,kyushu,7.58,https://www.jepx.jp/_download.php?dir=spot_summary&file=spot_summary_2016.csv
2016-07-11,jepx-spread-range-kyushu,kyushu,15.8,https://www.jepx.jp/_download.php?dir=spot_summary&file=spot_summary_2016.csv
2016-07-12,jepx-spread-range-kyushu,kyushu,14.82,https://www.jepx.jp/_download.php?dir=spot_summary&file=spot_summary_2016.csv
2016-07-13,jepx-spread-range-kyushu,kyushu,14.82,https://www.jepx.jp/_download.php?dir=spot_summary&file=spot_summary_2016.csv
2016-07-14,jepx-spread-range-kyushu,kyushu,15.3,https://www.jepx.jp/_download.php?dir=spot_summary&file=spot_summary_2016.csv
2016-07-15,jepx-spread-range-kyushu,kyushu,7.69,https://www.jepx.jp/_download.php?dir=spot_summary&file=spot_summary_2016.csv
2016-07-16,jepx-spread-range-kyushu,kyushu,2.17,https://www.jepx.jp/_download.php?dir=spot_summary&file=spot_summary_2016.csv
2016-07-17,jepx-spread-range-kyushu,kyushu,4.359999999999999,https://www.jepx.jp/_download.php?dir=spot_summary&file=spot_summary_2016.csv
2016-07-18,jepx-spread-range-kyushu,kyushu,4.69,https://www.jepx.jp/_download.php?dir=spot_summary&file=spot_summary_2016.csv
2016-07-19,jepx-spread-range-kyushu,kyushu,7.779999999999999,https://www.jepx.jp/_download.php?dir=spot_summary&file=spot_summary_2016.csv
2016-07-20,jepx-spread-range-kyushu,kyushu,14.73,https://www.jepx.jp/_download.php?dir=spot_summary&file=spot_summary_2016.csv
2016-07-21,jepx-spread-range-kyushu,kyushu,14.73,https://www.jepx.jp/_download.php?dir=spot_summary&file=spot_summary_2016.csv
2016-07-22,jepx-spread-range-kyushu,kyushu,8.36,https://www.jepx.jp/_download.php?dir=spot_summary&file=spot_summary_2016.csv
2016-07-23,jepx-spread-range-kyushu,kyushu,3.79,https://www.jepx.jp/_download.php?dir=spot_summary&file=spot_summary_2016.csv
2016-07-24,jepx-spread-range-kyushu,kyushu,1.8600000000000003,https://www.jepx.jp/_download.php?dir=spot_summary&file=spot_summary_2016.csv
2016-07-25,jepx-spread-range-kyushu,kyushu,10.44,https://www.jepx.jp/_download.php?dir=spot_summary&file=spot_summary_2016.csv
2016-07-26,jepx-spread-range-kyushu,kyushu,7.83,https://www.jepx.jp/_download.php?dir=spot_summary&file=spot_summary_2016.csv
2016-07-27,jepx-spread-range-kyushu,kyushu,10.33,https://www.jepx.jp/_download.php?dir=spot_summary&file=spot_summary_2016.csv
2016-07-28,jepx-spread-range-kyushu,kyushu,14.82,https://www.jepx.jp/_download.php?dir=spot_summary&file=spot_summary_2016.csv
2016-07-29,jepx-spread-range-kyushu,kyushu,10.12,https://www.jepx.jp/_download.php?dir=spot_summary&file=spot_summary_2016.csv
2016-07-30,jepx-spread-range-kyushu,kyushu,4.02,https://www.jepx.jp/_download.php?dir=spot_summary&file=spot_summary_2016.csv
2016-07-31,jepx-spread-range-kyushu,kyushu,3.56,https://www.jepx.jp/_download.php?dir=spot_summary&file=spot_summary_2016.csv
2016-08-01,jepx-spread-range-kyushu,kyushu,9.91,https://www.jepx.jp/_download.php?dir=spot_summary&file=spot_summary_2016.csv
2016-08-02,jepx-spread-range-kyushu,kyushu,14.49,https://www.jepx.jp/_download.php?dir=spot_summary&file=spot_summary_2016.csv
2016-08-03,jepx-spread-range-kyushu,kyushu,14.97,https://www.jepx.jp/_download.php?dir=spot_summary&file=spot_summary_2016.csv
2016-08-04,jepx-spread-range-kyushu,kyushu,14.33,https://www.jepx.jp/_download.php?dir=spot_summary&file=spot_summary_2016.csv
2016-08-05,jepx-spread-range-kyushu,kyushu,14.49,https://www.jepx.jp/_download.php?dir=spot_summary&file=spot_summary_2016.csv
2016-08-06,jepx-spread-range-kyushu,kyushu,5.68,https://www.jepx.jp/_download.php?dir=spot_summary&file=spot_summary_2016.csv
2016-08-07,jepx-spread-range-kyushu,kyushu,2.6599999999999997,https://www.jepx.jp/_download.php?dir=spot_summary&file=spot_summary_2016.csv
2016-08-08,jepx-spread-range-kyushu,kyushu,29.74,https://www.jepx.jp/_download.php?dir=spot_summary&file=spot_summary_2016.csv
2016-08-09,jepx-spread-range-kyushu,kyushu,14.36,https://www.jepx.jp/_download.php?dir=spot_summary&file=spot_summary_2016.csv
2016-08-10,jepx-spread-range-kyushu,kyushu,15.23,https://www.jepx.jp/_download.php?dir=spot_summary&file=spot_summary_2016.csv
2016-08-11,jepx-spread-range-kyushu,kyushu,5.7,https://www.jepx.jp/_download.php?dir=spot_summary&file=spot_summary_2016.csv
2016-08-12,jepx-spread-range-kyushu,kyushu,9.98,https://www.jepx.jp/_download.php?dir=spot_summary&file=spot_summary_2016.csv
2016-08-13,jepx-spread-range-kyushu,kyushu,4.88,https://www.jepx.jp/_download.php?dir=spot_summary&file=spot_summary_2016.csv
2016-08-14,jepx-spread-range-kyushu,kyushu,2.97,https://www.jepx.jp/_download.php?dir=spot_summary&file=spot_summary_2016.csv
2016-08-15,jepx-spread-range-kyushu,kyushu,4.580000000000001,https://www.jepx.jp/_download.php?dir=spot_summary&file=spot_summary_2016.csv
2016-08-16,jepx-spread-range-kyushu,kyushu,5.15,https://www.jepx.jp/_download.php?dir=spot_summary&file=spot_summary_2016.csv
2016-08-17,jepx-spread-range-kyushu,kyushu,10.15,https://www.jepx.jp/_download.php?dir=spot_summary&file=spot_summary_2016.csv
2016-08-18,jepx-spread-range-kyushu,kyushu,11.77,https://www.jepx.jp/_download.php?dir=spot_summary&file=spot_summary_2016.csv
2016-08-19,jepx-spread-range-kyushu,kyushu,14.56,https://www.jepx.jp/_download.php?dir=spot_summary&file=spot_summary_2016.csv
2016-08-20,jepx-spread-range-kyushu,kyushu,3.92,https://www.jepx.jp/_download.php?dir=spot_summary&file=spot_summary_2016.csv
2016-08-21,jepx-spread-range-kyushu,kyushu,6.619999999999999,https://www.jepx.jp/_download.php?dir=spot_summary&file=spot_summary_2016.csv
2016-08-22,jepx-spread-range-kyushu,kyushu,21.85,https://www.jepx.jp/_download.php?dir=spot_summary&file=spot_summary_2016.csv
2016-08-23,jepx-spread-range-kyushu,kyushu,14.76,https://www.jepx.jp/_download.php?dir=spot_summary&file=spot_summary_2016.csv
2016-08-24,jepx-spread-range-kyushu,kyushu,14.55,https://www.jepx.jp/_download.php?dir=spot_summary&file=spot_summary_2016.csv
2016-08-25,jepx-spread-range-kyushu,kyushu,10.7,https://www.jepx.jp/_download.php?dir=spot_summary&file=spot_summary_2016.csv
2016-08-26,jepx-spread-range-kyushu,kyushu,14.53,https://www.jepx.jp/_download.php?dir=spot_summary&file=spot_summary_2016.csv
2016-08-27,jepx-spread-range-kyushu,kyushu,4.929999999999999,https://www.jepx.jp/_download.php?dir=spot_summary&file=spot_summary_2016.csv
2016-08-28,jepx-spread-range-kyushu,kyushu,2.03,https://www.jepx.jp/_download.php?dir=spot_summary&file=spot_summary_2016.csv
2016-08-29,jepx-spread-range-kyushu,kyushu,10.26,https://www.jepx.jp/_download.php?dir=spot_summary&file=spot_summary_2016.csv
2016-08-30,jepx-spread-range-kyushu,kyushu,6.21,https://www.jepx.jp/_download.php?dir=spot_summary&file=spot_summary_2016.csv
2016-08-31,jepx-spread-range-kyushu,kyushu,9.88,https://www.jepx.jp/_download.php?dir=spot_summary&file=spot_summary_2016.csv
2016-09-01,jepx-spread-range-kyushu,kyushu,11.1,https://www.jepx.jp/_download.php?dir=spot_summary&file=spot_summary_2016.csv
2016-09-02,jepx-spread-range-kyushu,kyushu,10.07,https://www.jepx.jp/_download.php?dir=spot_summary&file=spot_summary_2016.csv
2016-09-03,jepx-spread-range-kyushu,kyushu,5.52,https://www.jepx.jp/_download.php?dir=spot_summary&file=spot_summary_2016.csv
2016-09-04,jepx-spread-range-kyushu,kyushu,4.7700000000000005,https://www.jepx.jp/_download.php?dir=spot_summary&file=spot_summary_2016.csv
2016-09-05,jepx-spread-range-kyushu,kyushu,11.68,https://www.jepx.jp/_download.php?dir=spot_summary&file=spot_summary_2016.csv
2016-09-06,jepx-spread-range-kyushu,kyushu,10.329999999999998,https://www.jepx.jp/_download.php?dir=spot_summary&file=spot_summary_2016.csv
2016-09-07,jepx-spread-range-kyushu,kyushu,9.93,https://www.jepx.jp/_download.php?dir=spot_summary&file=spot_summary_2016.csv
2016-09-08,jepx-spread-range-kyushu,kyushu,18.51,https://www.jepx.jp/_download.php?dir=spot_summary&file=spot_summary_2016.csv
2016-09-09,jepx-spread-range-kyushu,kyushu,9.8,https://www.jepx.jp/_download.php?dir=spot_summary&file=spot_summary_2016.csv
2016-09-10,jepx-spread-range-kyushu,kyushu,3.76,https://www.jepx.jp/_download.php?dir=spot_summary&file=spot_summary_2016.csv
2016-09-11,jepx-spread-range-kyushu,kyushu,2.12,https://www.jepx.jp/_download.php?dir=spot_summary&file=spot_summary_2016.csv
2016-09-12,jepx-spread-range-kyushu,kyushu,11.43,https://www.jepx.jp/_download.php?dir=spot_summary&file=spot_summary_2016.csv
2016-09-13,jepx-spread-range-kyushu,kyushu,14.97,https://www.jepx.jp/_download.php?dir=spot_summary&file=spot_summary_2016.csv
2016-09-14,jepx-spread-range-kyushu,kyushu,10.97,https://www.jepx.jp/_download.php?dir=spot_summary&file=spot_summary_2016.csv
2016-09-15,jepx-spread-range-kyushu,kyushu,12.43,https://www.jepx.jp/_download.php?dir=spot_summary&file=spot_summary_2016.csv
2016-09-16,jepx-spread-range-kyushu,kyushu,15.07,https://www.jepx.jp/_download.php?dir=spot_summary&file=spot_summary_2016.csv
2016-09-17,jepx-spread-range-kyushu,kyushu,5.01,https://www.jepx.jp/_download.php?dir=spot_summary&file=spot_summary_2016.csv
2016-09-18,jepx-spread-range-kyushu,kyushu,2.01,https://www.jepx.jp/_download.php?dir=spot_summary&file=spot_summary_2016.csv
2016-09-19,jepx-spread-range-kyushu,kyushu,4.95,https://www.jepx.jp/_download.php?dir=spot_summary&file=spot_summary_2016.csv
2016-09-20,jepx-spread-range-kyushu,kyushu,11.16,https://www.jepx.jp/_download.php?dir=spot_summary&file=spot_summary_2016.csv
2016-09-21,jepx-spread-range-kyushu,kyushu,7.59,https://www.jepx.jp/_download.php?dir=spot_summary&file=spot_summary_2016.csv
2016-09-22,jepx-spread-range-kyushu,kyushu,4.48,https://www.jepx.jp/_download.php?dir=spot_summary&file=spot_summary_2016.csv
2016-09-23,jepx-spread-range-kyushu,kyushu,7.25,https://www.jepx.jp/_download.php?dir=spot_summary&file=spot_summary_2016.csv
2016-09-24,jepx-spread-range-kyushu,kyushu,3.42,https://www.jepx.jp/_download.php?dir=spot_summary&file=spot_summary_2016.csv
2016-09-25,jepx-spread-range-kyushu,kyushu,3.89,https://www.jepx.jp/_download.php?dir=spot_summary&file=spot_summary_2016.csv
2016-09-26,jepx-spread-range-kyushu,kyushu,8.77,https://www.jepx.jp/_download.php?dir=spot_summary&file=spot_summary_2016.csv
2016-09-27,jepx-spread-range-kyushu,kyushu,11.1,https://www.jepx.jp/_download.php?dir=spot_summary&file=spot_summary_2016.csv
2016-09-28,jepx-spread-range-kyushu,kyushu,7.27,https://www.jepx.jp/_download.php?dir=spot_summary&file=spot_summary_2016.csv
2016-09-29,jepx-spread-range-kyushu,kyushu,5.659999999999999,https://www.jepx.jp/_download.php?dir=spot_summary&file=spot_summary_2016.csv
2016-09-30,jepx-spread-range-kyushu,kyushu,5.859999999999999,https://www.jepx.jp/_download.php?dir=spot_summary&file=spot_summary_2016.csv
2016-10-01,jepx-spread-range-kyushu,kyushu,3.98,https://www.jepx.jp/_download.php?dir=spot_summary&file=spot_summary_2016.csv
2016-10-02,jepx-spread-range-kyushu,kyushu,5.4,https://www.jepx.jp/_download.php?dir=spot_summary&file=spot_summary_2016.csv
2016-10-03,jepx-spread-range-kyushu,kyushu,8.83,https://www.jepx.jp/_download.php?dir=spot_summary&file=spot_summary_2016.csv
2016-10-04,jepx-spread-range-kyushu,kyushu,11.68,https://www.jepx.jp/_download.php?dir=spot_summary&file=spot_summary_2016.csv
2016-10-05,jepx-spread-range-kyushu,kyushu,10.22,https://www.jepx.jp/_download.php?dir=spot_summary&file=spot_summary_2016.csv
2016-10-06,jepx-spread-range-kyushu,kyushu,9.73,https://www.jepx.jp/_download.php?dir=spot_summary&file=spot_summary_2016.csv
2016-10-07,jepx-spread-range-kyushu,kyushu,5.17,https://www.jepx.jp/_download.php?dir=spot_summary&file=spot_summary_2016.csv
2016-10-08,jepx-spread-range-kyushu,kyushu,5.48,https://www.jepx.jp/_download.php?dir=spot_summary&file=spot_summary_2016.csv
2016-10-09,jepx-spread-range-kyushu,kyushu,6.170000000000001,https://www.jepx.jp/_download.php?dir=spot_summary&file=spot_summary_2016.csv
2016-10-10,jepx-spread-range-kyushu,kyushu,5.410000000000001,https://www.jepx.jp/_download.php?dir=spot_summary&file=spot_summary_2016.csv
2016-10-11,jepx-spread-range-kyushu,kyushu,6.73,https://www.jepx.jp/_download.php?dir=spot_summary&file=spot_summary_2016.csv
2016-10-12,jepx-spread-range-kyushu,kyushu,6.290000000000001,https://www.jepx.jp/_download.php?dir=spot_summary&file=spot_summary_2016.csv
2016-10-13,jepx-spread-range-kyushu,kyushu,6.220000000000001,https://www.jepx.jp/_download.php?dir=spot_summary&file=spot_summary_2016.csv
2016-10-14,jepx-spread-range-kyushu,kyushu,6.220000000000001,https://www.jepx.jp/_download.php?dir=spot_summary&file=spot_summary_2016.csv
2016-10-15,jepx-spread-range-kyushu,kyushu,2.71,https://www.jepx.jp/_download.php?dir=spot_summary&file=spot_summary_2016.csv
2016-10-16,jepx-spread-range-kyushu,kyushu,4.78,https://www.jepx.jp/_download.php?dir=spot_summary&file=spot_summary_2016.csv
2016-10-17,jepx-spread-range-kyushu,kyushu,6.720000000000001,https://www.jepx.jp/_download.php?dir=spot_summary&file=spot_summary_2016.csv
2016-10-18,jepx-spread-range-kyushu,kyushu,7.24,https://www.jepx.jp/_download.php?dir=spot_summary&file=spot_summary_2016.csv
2016-10-19,jepx-spread-range-kyushu,kyushu,6.7700000000000005,https://www.jepx.jp/_download.php?dir=spot_summary&file=spot_summary_2016.csv
2016-10-20,jepx-spread-range-kyushu,kyushu,6.500000000000001,https://www.jepx.jp/_download.php?dir=spot_summary&file=spot_summary_2016.csv
2016-10-21,jepx-spread-range-kyushu,kyushu,8.04,https://www.jepx.jp/_download.php?dir=spot_summary&file=spot_summary_2016.csv
2016-10-22,jepx-spread-range-kyushu,kyushu,2.6900000000000004,https://www.jepx.jp/_download.php?dir=spot_summary&file=spot_summary_2016.csv
2016-10-23,jepx-spread-range-kyushu,kyushu,2.46,https://www.jepx.jp/_download.php?dir=spot_summary&file=spot_summary_2016.csv
2016-10-24,jepx-spread-range-kyushu,kyushu,5.6,https://www.jepx.jp/_download.php?dir=spot_summary&file=spot_summary_2016.csv
2016-10-25,jepx-spread-range-kyushu,kyushu,7.51,https://www.jepx.jp/_download.php?dir=spot_summary&file=spot_summary_2016.csv
2016-10-26,jepx-spread-range-kyushu,kyushu,7.94,https://www.jepx.jp/_download.php?dir=spot_summary&file=spot_summary_2016.csv
2016-10-27,jepx-spread-range-kyushu,kyushu,6.989999999999999,https://www.jepx.jp/_download.php?dir=spot_summary&file=spot_summary_2016.csv
2016-10-28,jepx-spread-range-kyushu,kyushu,6.290000000000001,https://www.jepx.jp/_download.php?dir=spot_summary&file=spot_summary_2016.csv
2016-10-29,jepx-spread-range-kyushu,kyushu,2.95,https://www.jepx.jp/_download.php?dir=spot_summary&file=spot_summary_2016.csv
2016-10-30,jepx-spread-range-kyushu,kyushu,2.7299999999999995,https://www.jepx.jp/_download.php?dir=spot_summary&file=spot_summary_2016.csv
2016-10-31,jepx-spread-range-kyushu,kyushu,6.31,https://www.jepx.jp/_download.php?dir=spot_summary&file=spot_summary_2016.csv
2016-11-01,jepx-spread-range-kyushu,kyushu,7.160000000000001,https://www.jepx.jp/_download.php?dir=spot_summary&file=spot_summary_2016.csv
2016-11-02,jepx-spread-range-kyushu,kyushu,8.030000000000001,https://www.jepx.jp/_download.php?dir=spot_summary&file=spot_summary_2016.csv
2016-11-03,jepx-spread-range-kyushu,kyushu,4.5600000000000005,https://www.jepx.jp/_download.php?dir=spot_summary&file=spot_summary_2016.csv
2016-11-04,jepx-spread-range-kyushu,kyushu,7.16,https://www.jepx.jp/_download.php?dir=spot_summary&file=spot_summary_2016.csv
2016-11-05,jepx-spread-range-kyushu,kyushu,5.089999999999999,https://www.jepx.jp/_download.php?dir=spot_summary&file=spot_summary_2016.csv
2016-11-06,jepx-spread-range-kyushu,kyushu,3.4700000000000006,https://www.jepx.jp/_download.php?dir=spot_summary&file=spot_summary_2016.csv
2016-11-07,jepx-spread-range-kyushu,kyushu,6.960000000000001,https://www.jepx.jp/_download.php?dir=spot_summary&file=spot_summary_2016.csv
2016-11-08,jepx-spread-range-kyushu,kyushu,5.120000000000001,https://www.jepx.jp/_download.php?dir=spot_summary&file=spot_summary_2016.csv
2016-11-09,jepx-spread-range-kyushu,kyushu,6.94,https://www.jepx.jp/_download.php?dir=spot_summary&file=spot_summary_2016.csv
2016-11-10,jepx-spread-range-kyushu,kyushu,8.17,https://www.jepx.jp/_download.php?dir=spot_summary&file=spot_summary_2016.csv
2016-11-11,jepx-spread-range-kyushu,kyushu,5.94,https://www.jepx.jp/_download.php?dir=spot_summary&file=spot_summary_2016.csv
2016-11-12,jepx-spread-range-kyushu,kyushu,5.26,https://www.jepx.jp/_download.php?dir=spot_summary&file=spot_summary_2016.csv
2016-11-13,jepx-spread-range-kyushu,kyushu,3.789999999999999,https://www.jepx.jp/_download.php?dir=spot_summary&file=spot_summary_2016.csv
2016-11-14,jepx-spread-range-kyushu,kyushu,6.18,https://www.jepx.jp/_download.php?dir=spot_summary&file=spot_summary_2016.csv
2016-11-15,jepx-spread-range-kyushu,kyushu,6.1000000000000005,https://www.jepx.jp/_download.php?dir=spot_summary&file=spot_summary_2016.csv
2016-11-16,jepx-spread-range-kyushu,kyushu,13.61,https://www.jepx.jp/_download.php?dir=spot_summary&file=spot_summary_2016.csv
2016-11-17,jepx-spread-range-kyushu,kyushu,8.370000000000001,https://www.jepx.jp/_download.php?dir=spot_summary&file=spot_summary_2016.csv
2016-11-18,jepx-spread-range-kyushu,kyushu,8.35,https://www.jepx.jp/_download.php?dir=spot_summary&file=spot_summary_2016.csv
2016-11-19,jepx-spread-range-kyushu,kyushu,5.35,https://www.jepx.jp/_download.php?dir=spot_summary&file=spot_summary_2016.csv
2016-11-20,jepx-spread-range-kyushu,kyushu,2.9800000000000004,https://www.jepx.jp/_download.php?dir=spot_summary&file=spot_summary_2016.csv
2016-11-21,jepx-spread-range-kyushu,kyushu,6.630000000000001,https://www.jepx.jp/_download.php?dir=spot_summary&file=spot_summary_2016.csv
2016-11-22,jepx-spread-range-kyushu,kyushu,5.44,https://www.jepx.jp/_download.php?dir=spot_summary&file=spot_summary_2016.csv
2016-11-23,jepx-spread-range-kyushu,kyushu,6.290000000000001,https://www.jepx.jp/_download.php?dir=spot_summary&file=spot_summary_2016.csv
2016-11-24,jepx-spread-range-kyushu,kyushu,8.35,https://www.jepx.jp/_download.php?dir=spot_summary&file=spot_summary_2016.csv
2016-11-25,jepx-spread-range-kyushu,kyushu,7.779999999999999,https://www.jepx.jp/_download.php?dir=spot_summary&file=spot_summary_2016.csv
2016-11-26,jepx-spread-range-kyushu,kyushu,5.110000000000001,https://www.jepx.jp/_download.php?dir=spot_summary&file=spot_summary_2016.csv
2016-11-27,jepx-spread-range-kyushu,kyushu,6.659999999999999,https://www.jepx.jp/_download.php?dir=spot_summary&file=spot_summary_2016.csv
2016-11-28,jepx-spread-range-kyushu,kyushu,12.28,https://www.jepx.jp/_download.php?dir=spot_summary&file=spot_summary_2016.csv
2016-11-29,jepx-spread-range-kyushu,kyushu,8.5,https://www.jepx.jp/_download.php?dir=spot_summary&file=spot_summary_2016.csv
2016-11-30,jepx-spread-range-kyushu,kyushu,12.11,https://www.jepx.jp/_download.php?dir=spot_summary&file=spot_summary_2016.csv
2016-12-01,jepx-spread-range-kyushu,kyushu,9.01,https://www.jepx.jp/_download.php?dir=spot_summary&file=spot_summary_2016.csv
2016-12-02,jepx-spread-range-kyushu,kyushu,15.29,https://www.jepx.jp/_download.php?dir=spot_summary&file=spot_summary_2016.csv
2016-12-03,jepx-spread-range-kyushu,kyushu,4.959999999999999,https://www.jepx.jp/_download.php?dir=spot_summary&file=spot_summary_2016.csv
2016-12-04,jepx-spread-range-kyushu,kyushu,4.369999999999999,https://www.jepx.jp/_download.php?dir=spot_summary&file=spot_summary_2016.csv
2016-12-05,jepx-spread-range-kyushu,kyushu,6.580000000000001,https://www.jepx.jp/_download.php?dir=spot_summary&file=spot_summary_2016.csv
2016-12-06,jepx-spread-range-kyushu,kyushu,8.08,https://www.jepx.jp/_download.php?dir=spot_summary&file=spot_summary_2016.csv
2016-12-07,jepx-spread-range-kyushu,kyushu,12.06,https://www.jepx.jp/_download.php?dir=spot_summary&file=spot_summary_2016.csv
2016-12-08,jepx-spread-range-kyushu,kyushu,8.85,https://www.jepx.jp/_download.php?dir=spot_summary&file=spot_summary_2016.csv
2016-12-09,jepx-spread-range-kyushu,kyushu,6.359999999999999,https://www.jepx.jp/_download.php?dir=spot_summary&file=spot_summary_2016.csv
2016-12-10,jepx-spread-range-kyushu,kyushu,4.15,https://www.jepx.jp/_download.php?dir=spot_summary&file=spot_summary_2016.csv
2016-12-11,jepx-spread-range-kyushu,kyushu,4.3,https://www.jepx.jp/_download.php?dir=spot_summary&file=spot_summary_2016.csv
2016-12-12,jepx-spread-range-kyushu,kyushu,5.869999999999999,https://www.jepx.jp/_download.php?dir=spot_summary&file=spot_summary_2016.csv
2016-12-13,jepx-spread-range-kyushu,kyushu,9.02,https://www.jepx.jp/_download.php?dir=spot_summary&file=spot_summary_2016.csv
2016-12-14,jepx-spread-range-kyushu,kyushu,7.199999999999999,https://www.jepx.jp/_download.php?dir=spot_summary&file=spot_summary_2016.csv
2016-12-15,jepx-spread-range-kyushu,kyushu,12.43,https://www.jepx.jp/_download.php?dir=spot_summary&file=spot_summary_2016.csv
2016-12-16,jepx-spread-range-kyushu,kyushu,9.73,https://www.jepx.jp/_download.php?dir=spot_summary&file=spot_summary_2016.csv
2016-12-17,jepx-spread-range-kyushu,kyushu,5.35,https://www.jepx.jp/_download.php?dir=spot_summary&file=spot_summary_2016.csv
2016-12-18,jepx-spread-range-kyushu,kyushu,4.830000000000001,https://www.jepx.jp/_download.php?dir=spot_summary&file=spot_summary_2016.csv
2016-12-19,jepx-spread-range-kyushu,kyushu,10.09,https://www.jepx.jp/_download.php?dir=spot_summary&file=spot_summary_2016.csv
2016-12-20,jepx-spread-range-kyushu,kyushu,8.379999999999999,https://www.jepx.jp/_download.php?dir=spot_summary&file=spot_summary_2016.csv
2016-12-21,jepx-spread-range-kyushu,kyushu,6.5600000000000005,https://www.jepx.jp/_download.php?dir=spot_summary&file=spot_summary_2016.csv
2016-12-22,jepx-spread-range-kyushu,kyushu,5.220000000000001,https://www.jepx.jp/_download.php?dir=spot_summary&file=spot_summary_2016.csv
2016-12-23,jepx-spread-range-kyushu,kyushu,3.4399999999999995,https://www.jepx.jp/_download.php?dir=spot_summary&file=spot_summary_2016.csv
2016-12-24,jepx-spread-range-kyushu,kyushu,5.199999999999999,https://www.jepx.jp/_download.php?dir=spot_summary&file=spot_summary_2016.csv
2016-12-25,jepx-spread-range-kyushu,kyushu,4.93,https://www.jepx.jp/_download.php?dir=spot_summary&file=spot_summary_2016.csv
2016-12-26,jepx-spread-range-kyushu,kyushu,9.32,https://www.jepx.jp/_download.php?dir=spot_summary&file=spot_summary_2016.csv
2016-12-27,jepx-spread-range-kyushu,kyushu,5.050000000000001,https://www.jepx.jp/_download.php?dir=spot_summary&file=spot_summary_2016.csv
2016-12-28,jepx-spread-range-kyushu,kyushu,9.25,https://www.jepx.jp/_download.php?dir=spot_summary&file=spot_summary_2016.csv
2016-12-29,jepx-spread-range-kyushu,kyushu,3.41,https://www.jepx.jp/_download.php?dir=spot_summary&file=spot_summary_2016.csv
2016-12-30,jepx-spread-range-kyushu,kyushu,5.510000000000001,https://www.jepx.jp/_download.php?dir=spot_summary&file=spot_summary_2016.csv
2016-12-31,jepx-spread-range-kyushu,kyushu,3.579999999999999,https://www.jepx.jp/_download.php?dir=spot_summary&file=spot_summary_2016.csv
2017-01-01,jepx-spread-range-kyushu,kyushu,3.0699999999999994,https://www.jepx.jp/_download.php?dir=spot_summary&file=spot_summary_2016.csv
2017-01-02,jepx-spread-range-kyushu,kyushu,1.0700000000000005,https://www.jepx.jp/_download.php?dir=spot_summary&file=spot_summary_2016.csv
2017-01-03,jepx-spread-range-kyushu,kyushu,2.8500000000000005,https://www.jepx.jp/_download.php?dir=spot_summary&file=spot_summary_2016.csv
2017-01-04,jepx-spread-range-kyushu,kyushu,3.83,https://www.jepx.jp/_download.php?dir=spot_summary&file=spot_summary_2016.csv
2017-01-05,jepx-spread-range-kyushu,kyushu,7.97,https://www.jepx.jp/_download.php?dir=spot_summary&file=spot_summary_2016.csv
2017-01-06,jepx-spread-range-kyushu,kyushu,5.72,https://www.jepx.jp/_download.php?dir=spot_summary&file=spot_summary_2016.csv
2017-01-07,jepx-spread-range-kyushu,kyushu,6.07,https://www.jepx.jp/_download.php?dir=spot_summary&file=spot_summary_2016.csv
2017-01-08,jepx-spread-range-kyushu,kyushu,5.169999999999999,https://www.jepx.jp/_download.php?dir=spot_summary&file=spot_summary_2016.csv
2017-01-09,jepx-spread-range-kyushu,kyushu,5.69,https://www.jepx.jp/_download.php?dir=spot_summary&file=spot_summary_2016.csv
2017-01-10,jepx-spread-range-kyushu,kyushu,9.44,https://www.jepx.jp/_download.php?dir=spot_summary&file=spot_summary_2016.csv
2017-01-11,jepx-spread-range-kyushu,kyushu,9.79,https://www.jepx.jp/_download.php?dir=spot_summary&file=spot_summary_2016.csv
2017-01-12,jepx-spread-range-kyushu,kyushu,7.75,https://www.jepx.jp/_download.php?dir=spot_summary&file=spot_summary_2016.csv
2017-01-13,jepx-spread-range-kyushu,kyushu,8.530000000000001,https://www.jepx.jp/_download.php?dir=spot_summary&file=spot_summary_2016.csv
2017-01-14,jepx-spread-range-kyushu,kyushu,5.6,https://www.jepx.jp/_download.php?dir=spot_summary&file=spot_summary_2016.csv
2017-01-15,jepx-spread-range-kyushu,kyushu,7.54,https://www.jepx.jp/_download.php?dir=spot_summary&file=spot_summary_2016.csv
2017-01-16,jepx-spread-range-kyushu,kyushu,15.3,https://www.jepx.jp/_download.php?dir=spot_summary&file=spot_summary_2016.csv
2017-01-17,jepx-spread-range-kyushu,kyushu,7.220000000000001,https://www.jepx.jp/_download.php?dir=spot_summary&file=spot_summary_2016.csv
2017-01-18,jepx-spread-range-kyushu,kyushu,7.19,https://www.jepx.jp/_download.php?dir=spot_summary&file=spot_summary_2016.csv
2017-01-19,jepx-spread-range-kyushu,kyushu,7.36,https://www.jepx.jp/_download.php?dir=spot_summary&file=spot_summary_2016.csv
2017-01-20,jepx-spread-range-kyushu,kyushu,11.78,https://www.jepx.jp/_download.php?dir=spot_summary&file=spot_summary_2016.csv
2017-01-21,jepx-spread-range-kyushu,kyushu,4.78,https://www.jepx.jp/_download.php?dir=spot_summary&file=spot_summary_2016.csv
2017-01-22,jepx-spread-range-kyushu,kyushu,3.869999999999999,https://www.jepx.jp/_download.php?dir=spot_summary&file=spot_summary_2016.csv
2017-01-23,jepx-spread-range-kyushu,kyushu,11.58,https://www.jepx.jp/_download.php?dir=spot_summary&file=spot_summary_2016.csv
2017-01-24,jepx-spread-range-kyushu,kyushu,16.14,https://www.jepx.jp/_download.php?dir=spot_summary&file=spot_summary_2016.csv
2017-01-25,jepx-spread-range-kyushu,kyushu,16.33,https://www.jepx.jp/_download.php?dir=spot_summary&file=spot_summary_2016.csv
2017-01-26,jepx-spread-range-kyushu,kyushu,17.259999999999998,https://www.jepx.jp/_download.php?dir=spot_summary&file=spot_summary_2016.csv
2017-01-27,jepx-spread-range-kyushu,kyushu,7.18,https://www.jepx.jp/_download.php?dir=spot_summary&file=spot_summary_2016.csv
2017-01-28,jepx-spread-range-kyushu,kyushu,5.970000000000001,https://www.jepx.jp/_download.php?dir=spot_summary&file=spot_summary_2016.csv
2017-01-29,jepx-spread-range-kyushu,kyushu,5.249999999999999,https://www.jepx.jp/_download.php?dir=spot_summary&file=spot_summary_2016.csv
2017-01-30,jepx-spread-range-kyushu,kyushu,12.7,https://www.jepx.jp/_download.php?dir=spot_summary&file=spot_summary_2016.csv
2017-01-31,jepx-spread-range-kyushu,kyushu,7.28,https://www.jepx.jp/_download.php?dir=spot_summary&file=spot_summary_2016.csv
2017-02-01,jepx-spread-range-kyushu,kyushu,11.9,https://www.jepx.jp/_download.php?dir=spot_summary&file=spot_summary_2016.csv
2017-02-02,jepx-spread-range-kyushu,kyushu,8.0,https://www.jepx.jp/_download.php?dir=spot_summary&file=spot_summary_2016.csv
2017-02-03,jepx-spread-range-kyushu,kyushu,8.219999999999999,https://www.jepx.jp/_download.php?dir=spot_summary&file=spot_summary_2016.csv
2017-02-04,jepx-spread-range-kyushu,kyushu,5.37,https://www.jepx.jp/_download.php?dir=spot_summary&file=spot_summary_2016.csv
2017-02-05,jepx-spread-range-kyushu,kyushu,5.819999999999999,https://www.jepx.jp/_download.php?dir=spot_summary&file=spot_summary_2016.csv
2017-02-06,jepx-spread-range-kyushu,kyushu,8.43,https://www.jepx.jp/_download.php?dir=spot_summary&file=spot_summary_2016.csv
2017-02-07,jepx-spread-range-kyushu,kyushu,7.19,https://www.jepx.jp/_download.php?dir=spot_summary&file=spot_summary_2016.csv
2017-02-08,jepx-spread-range-kyushu,kyushu,8.3,https://www.jepx.jp/_download.php?dir=spot_summary&file=spot_summary_2016.csv
2017-02-09,jepx-spread-range-kyushu,kyushu,12.96,https://www.jepx.jp/_download.php?dir=spot_summary&file=spot_summary_2016.csv
2017-02-10,jepx-spread-range-kyushu,kyushu,12.85,https://www.jepx.jp/_download.php?dir=spot_summary&file=spot_summary_2016.csv
2017-02-11,jepx-spread-range-kyushu,kyushu,4.77,https://www.jepx.jp/_download.php?dir=spot_summary&file=spot_summary_2016.csv
2017-02-12,jepx-spread-range-kyushu,kyushu,5.72,https://www.jepx.jp/_download.php?dir=spot_summary&file=spot_summary_2016.csv
2017-02-13,jepx-spread-range-kyushu,kyushu,8.569999999999999,https://www.jepx.jp/_download.php?dir=spot_summary&file=spot_summary_2016.csv
2017-02-14,jepx-spread-range-kyushu,kyushu,8.09,https://www.jepx.jp/_download.php?dir=spot_summary&file=spot_summary_2016.csv
2017-02-15,jepx-spread-range-kyushu,kyushu,6.76,https://www.jepx.jp/_download.php?dir=spot_summary&file=spot_summary_2016.csv
2017-02-16,jepx-spread-range-kyushu,kyushu,7.2,https://www.jepx.jp/_download.php?dir=spot_summary&file=spot_summary_2016.csv
2017-02-17,jepx-spread-range-kyushu,kyushu,7.159999999999999,https://www.jepx.jp/_download.php?dir=spot_summary&file=spot_summary_2016.csv
2017-02-18,jepx-spread-range-kyushu,kyushu,5.890000000000001,https://www.jepx.jp/_download.php?dir=spot_summary&file=spot_summary_2016.csv
2017-02-19,jepx-spread-range-kyushu,kyushu,8.42,https://www.jepx.jp/_download.php?dir=spot_summary&file=spot_summary_2016.csv
2017-02-20,jepx-spread-range-kyushu,kyushu,12.15,https://www.jepx.jp/_download.php?dir=spot_summary&file=spot_summary_2016.csv
2017-02-21,jepx-spread-range-kyushu,kyushu,8.29,https://www.jepx.jp/_download.php?dir=spot_summary&file=spot_summary_2016.csv
2017-02-22,jepx-spread-range-kyushu,kyushu,7.290000000000001,https://www.jepx.jp/_download.php?dir=spot_summary&file=spot_summary_2016.csv
2017-02-23,jepx-spread-range-kyushu,kyushu,11.510000000000002,https://www.jepx.jp/_download.php?dir=spot_summary&file=spot_summary_2016.csv
2017-02-24,jepx-spread-range-kyushu,kyushu,7.789999999999999,https://www.jepx.jp/_download.php?dir=spot_summary&file=spot_summary_2016.csv
2017-02-25,jepx-spread-range-kyushu,kyushu,5.69,https://www.jepx.jp/_download.php?dir=spot_summary&file=spot_summary_2016.csv
2017-02-26,jepx-spread-range-kyushu,kyushu,6.339999999999999,https://www.jepx.jp/_download.php?dir=spot_summary&file=spot_summary_2016.csv
2017-02-27,jepx-spread-range-kyushu,kyushu,8.04,https://www.jepx.jp/_download.php?dir=spot_summary&file=spot_summary_2016.csv
2017-02-28,jepx-spread-range-kyushu,kyushu,7.66,https://www.jepx.jp/_download.php?dir=spot_summary&file=spot_summary_2016.csv
2017-03-01,jepx-spread-range-kyushu,kyushu,8.35,https://www.jepx.jp/_download.php?dir=spot_summary&file=spot_summary_2016.csv
2017-03-02,jepx-spread-range-kyushu,kyushu,11.44,https://www.jepx.jp/_download.php?dir=spot_summary&file=spot_summary_2016.csv
2017-03-03,jepx-spread-range-kyushu,kyushu,8.32,https://www.jepx.jp/_download.php?dir=spot_summary&file=spot_summary_2016.csv
2017-03-04,jepx-spread-range-kyushu,kyushu,5.18,https://www.jepx.jp/_download.php?dir=spot_summary&file=spot_summary_2016.csv
2017-03-05,jepx-spread-range-kyushu,kyushu,5.890000000000001,https://www.jepx.jp/_download.php?dir=spot_summary&file=spot_summary_2016.csv
2017-03-06,jepx-spread-range-kyushu,kyushu,12.869999999999996,https://www.jepx.jp/_download.php?dir=spot_summary&file=spot_summary_2016.csv
2017-03-07,jepx-spread-range-kyushu,kyushu,7.37,https://www.jepx.jp/_download.php?dir=spot_summary&file=spot_summary_2016.csv
2017-03-08,jepx-spread-range-kyushu,kyushu,8.32,https://www.jepx.jp/_download.php?dir=spot_summary&file=spot_summary_2016.csv
2017-03-09,jepx-spread-range-kyushu,kyushu,7.92,https://www.jepx.jp/_download.php?dir=spot_summary&file=spot_summary_2016.csv
2017-03-10,jepx-spread-range-kyushu,kyushu,7.2,https://www.jepx.jp/_download.php?dir=spot_summary&file=spot_summary_2016.csv
2017-03-11,jepx-spread-range-kyushu,kyushu,5.29,https://www.jepx.jp/_download.php?dir=spot_summary&file=spot_summary_2016.csv
2017-03-12,jepx-spread-range-kyushu,kyushu,5.969999999999999,https://www.jepx.jp/_download.php?dir=spot_summary&file=spot_summary_2016.csv
2017-03-13,jepx-spread-range-kyushu,kyushu,8.8,https://www.jepx.jp/_download.php?dir=spot_summary&file=spot_summary_2016.csv
2017-03-14,jepx-spread-range-kyushu,kyushu,10.279999999999998,https://www.jepx.jp/_download.php?dir=spot_summary&file=spot_summary_2016.csv
2017-03-15,jepx-spread-range-kyushu,kyushu,12.63,https://www.jepx.jp/_download.php?dir=spot_summary&file=spot_summary_2016.csv
2017-03-16,jepx-spread-range-kyushu,kyushu,8.639999999999999,https://www.jepx.jp/_download.php?dir=spot_summary&file=spot_summary_2016.csv
2017-03-17,jepx-spread-range-kyushu,kyushu,9.95,https://www.jepx.jp/_download.php?dir=spot_summary&file=spot_summary_2016.csv
2017-03-18,jepx-spread-range-kyushu,kyushu,6.56,https://www.jepx.jp/_download.php?dir=spot_summary&file=spot_summary_2016.csv
2017-03-19,jepx-spread-range-kyushu,kyushu,5.38,https://www.jepx.jp/_download.php?dir=spot_summary&file=spot_summary_2016.csv
2017-03-20,jepx-spread-range-kyushu,kyushu,3.9499999999999993,https://www.jepx.jp/_download.php?dir=spot_summary&file=spot_summary_2016.csv
2017-03-21,jepx-spread-range-kyushu,kyushu,13.81,https://www.jepx.jp/_download.php?dir=spot_summary&file=spot_summary_2016.csv
2017-03-22,jepx-spread-range-kyushu,kyushu,7.95,https://www.jepx.jp/_download.php?dir=spot_summary&file=spot_summary_2016.csv
2017-03-23,jepx-spread-range-kyushu,kyushu,8.39,https://www.jepx.jp/_download.php?dir=spot_summary&file=spot_summary_2016.csv
2017-03-24,jepx-spread-range-kyushu,kyushu,8.11,https://www.jepx.jp/_download.php?dir=spot_summary&file=spot_summary_2016.csv
2017-03-25,jepx-spread-range-kyushu,kyushu,4.090000000000001,https://www.jepx.jp/_download.php?dir=spot_summary&file=spot_summary_2016.csv
2017-03-26,jepx-spread-range-kyushu,kyushu,5.3100000000000005,https://www.jepx.jp/_download.php?dir=spot_summary&file=spot_summary_2016.csv
2017-03-27,jepx-spread-range-kyushu,kyushu,12.62,https://www.jepx.jp/_download.php?dir=spot_summary&file=spot_summary_2016.csv
2017-03-28,jepx-spread-range-kyushu,kyushu,9.92,https://www.jepx.jp/_download.php?dir=spot_summary&file=spot_summary_2016.csv
2017-03-29,jepx-spread-range-kyushu,kyushu,10.84,https://www.jepx.jp/_download.php?dir=spot_summary&file=spot_summary_2016.csv
2017-03-30,jepx-spread-range-kyushu,kyushu,7.25,https://www.jepx.jp/_download.php?dir=spot_summary&file=spot_summary_2016.csv
2017-03-31,jepx-spread-range-kyushu,kyushu,10.31,https://www.jepx.jp/_download.php?dir=spot_summary&file=spot_summary_2016.csv
2017-04-01,jepx-spread-range-kyushu,kyushu,4.960000000000001,https://www.jepx.jp/_download.php?dir=spot_summary&file=spot_summary_2017.csv
2017-04-02,jepx-spread-range-kyushu,kyushu,4.69,https://www.jepx.jp/_download.php?dir=spot_summary&file=spot_summary_2017.csv
2017-04-03,jepx-spread-range-kyushu,kyushu,9.73,https://www.jepx.jp/_download.php?dir=spot_summary&file=spot_summary_2017.csv
2017-04-04,jepx-spread-range-kyushu,kyushu,7.32,https://www.jepx.jp/_download.php?dir=spot_summary&file=spot_summary_2017.csv
2017-04-05,jepx-spread-range-kyushu,kyushu,6.130000000000001,https://www.jepx.jp/_download.php?dir=spot_summary&file=spot_summary_2017.csv
2017-04-06,jepx-spread-range-kyushu,kyushu,6.470000000000001,https://www.jepx.jp/_download.php?dir=spot_summary&file=spot_summary_2017.csv
2017-04-07,jepx-spread-range-kyushu,kyushu,8.190000000000001,https://www.jepx.jp/_download.php?dir=spot_summary&file=spot_summary_2017.csv
2017-04-08,jepx-spread-range-kyushu,kyushu,6.5600000000000005,https://www.jepx.jp/_download.php?dir=spot_summary&file=spot_summary_2017.csv
2017-04-09,jepx-spread-range-kyushu,kyushu,5.98,https://www.jepx.jp/_download.php?dir=spot_summary&file=spot_summary_2017.csv
2017-04-10,jepx-spread-range-kyushu,kyushu,9.5,https://www.jepx.jp/_download.php?dir=spot_summary&file=spot_summary_2017.csv
2017-04-11,jepx-spread-range-kyushu,kyushu,12.47,https://www.jepx.jp/_download.php?dir=spot_summary&file=spot_summary_2017.csv
2017-04-12,jepx-spread-range-kyushu,kyushu,7.32,https://www.jepx.jp/_download.php?dir=spot_summary&file=spot_summary_2017.csv
2017-04-13,jepx-spread-range-kyushu,kyushu,7.32,https://www.jepx.jp/_download.php?dir=spot_summary&file=spot_summary_2017.csv
2017-04-14,jepx-spread-range-kyushu,kyushu,7.38,https://www.jepx.jp/_download.php?dir=spot_summary&file=spot_summary_2017.csv
2017-04-15,jepx-spread-range-kyushu,kyushu,5.83,https://www.jepx.jp/_download.php?dir=spot_summary&file=spot_summary_2017.csv
2017-04-16,jepx-spread-range-kyushu,kyushu,4.679999999999999,https://www.jepx.jp/_download.php?dir=spot_summary&file=spot_summary_2017.csv
2017-04-17,jepx-spread-range-kyushu,kyushu,9.02,https://www.jepx.jp/_download.php?dir=spot_summary&file=spot_summary_2017.csv
2017-04-18,jepx-spread-range-kyushu,kyushu,6.23,https://www.jepx.jp/_download.php?dir=spot_summary&file=spot_summary_2017.csv
2017-04-19,jepx-spread-range-kyushu,kyushu,5.489999999999999,https://www.jepx.jp/_download.php?dir=spot_summary&file=spot_summary_2017.csv
2017-04-20,jepx-spread-range-kyushu,kyushu,6.8100000000000005,https://www.jepx.jp/_download.php?dir=spot_summary&file=spot_summary_2017.csv
2017-04-21,jepx-spread-range-kyushu,kyushu,6.079999999999999,https://www.jepx.jp/_download.php?dir=spot_summary&file=spot_summary_2017.csv
2017-04-22,jepx-spread-range-kyushu,kyushu,3.59,https://www.jepx.jp/_download.php?dir=spot_summary&file=spot_summary_2017.csv
2017-04-23,jepx-spread-range-kyushu,kyushu,4.679999999999999,https://www.jepx.jp/_download.php?dir=spot_summary&file=spot_summary_2017.csv
2017-04-24,jepx-spread-range-kyushu,kyushu,4.58,https://www.jepx.jp/_download.php?dir=spot_summary&file=spot_summary_2017.csv
2017-04-25,jepx-spread-range-kyushu,kyushu,4.86,https://www.jepx.jp/_download.php?dir=spot_summary&file=spot_summary_2017.csv
2017-04-26,jepx-spread-range-kyushu,kyushu,6.66,https://www.jepx.jp/_download.php?dir=spot_summary&file=spot_summary_2017.csv
2017-04-27,jepx-spread-range-kyushu,kyushu,3.619999999999999,https://www.jepx.jp/_download.php?dir=spot_summary&file=spot_summary_2017.csv
2017-04-28,jepx-spread-range-kyushu,kyushu,4.279999999999999,https://www.jepx.jp/_download.php?dir=spot_summary&file=spot_summary_2017.csv
2017-04-29,jepx-spread-range-kyushu,kyushu,4.550000000000001,https://www.jepx.jp/_download.php?dir=spot_summary&file=spot_summary_2017.csv
2017-04-30,jepx-spread-range-kyushu,kyushu,2.78,https://www.jepx.jp/_download.php?dir=spot_summary&file=spot_summary_2017.csv
2017-05-01,jepx-spread-range-kyushu,kyushu,7.130000000000001,https://www.jepx.jp/_download.php?dir=spot_summary&file=spot_summary_2017.csv
2017-05-02,jepx-spread-range-kyushu,kyushu,4.6,https://www.jepx.jp/_download.php?dir=spot_summary&file=spot_summary_2017.csv
2017-05-03,jepx-spread-range-kyushu,kyushu,4.53,https://www.jepx.jp/_download.php?dir=spot_summary&file=spot_summary_2017.csv
2017-05-04,jepx-spread-range-kyushu,kyushu,4.550000000000001,https://www.jepx.jp/_download.php?dir=spot_summary&file=spot_summary_2017.csv
2017-05-05,jepx-spread-range-kyushu,kyushu,2.29,https://www.jepx.jp/_download.php?dir=spot_summary&file=spot_summary_2017.csv
2017-05-06,jepx-spread-range-kyushu,kyushu,2.96,https://www.jepx.jp/_download.php?dir=spot_summary&file=spot_summary_2017.csv
2017-05-07,jepx-spread-range-kyushu,kyushu,4.550000000000001,https://www.jepx.jp/_download.php?dir=spot_summary&file=spot_summary_2017.csv
2017-05-08,jepx-spread-range-kyushu,kyushu,6.369999999999999,https://www.jepx.jp/_download.php?dir=spot_summary&file=spot_summary_2017.csv
2017-05-09,jepx-spread-range-kyushu,kyushu,6.199999999999999,https://www.jepx.jp/_download.php?dir=spot_summary&file=spot_summary_2017.csv
2017-05-10,jepx-spread-range-kyushu,kyushu,3.1800000000000006,https://www.jepx.jp/_download.php?dir=spot_summary&file=spot_summary_2017.csv
2017-05-11,jepx-spread-range-kyushu,kyushu,5.23,https://www.jepx.jp/_download.php?dir=spot_summary&file=spot_summary_2017.csv
2017-05-12,jepx-spread-range-kyushu,kyushu,6.23,https://www.jepx.jp/_download.php?dir=spot_summary&file=spot_summary_2017.csv
2017-05-13,jepx-spread-range-kyushu,kyushu,0.96,https://www.jepx.jp/_download.php?dir=spot_summary&file=spot_summary_2017.csv
2017-05-14,jepx-spread-range-kyushu,kyushu,3.1,https://www.jepx.jp/_download.php?dir=spot_summary&file=spot_summary_2017.csv
2017-05-15,jepx-spread-range-kyushu,kyushu,3.85,https://www.jepx.jp/_download.php?dir=spot_summary&file=spot_summary_2017.csv
2017-05-16,jepx-spread-range-kyushu,kyushu,3.6000000000000005,https://www.jepx.jp/_download.php?dir=spot_summary&file=spot_summary_2017.csv
2017-05-17,jepx-spread-range-kyushu,kyushu,2.41,https://www.jepx.jp/_download.php?dir=spot_summary&file=spot_summary_2017.csv
2017-05-18,jepx-spread-range-kyushu,kyushu,2.1100000000000003,https://www.jepx.jp/_download.php?dir=spot_summary&file=spot_summary_2017.csv
2017-05-19,jepx-spread-range-kyushu,kyushu,3.9300000000000006,https://www.jepx.jp/_download.php?dir=spot_summary&file=spot_summary_2017.csv
2017-05-20,jepx-spread-range-kyushu,kyushu,4.819999999999999,https://www.jepx.jp/_download.php?dir=spot_summary&file=spot_summary_2017.csv
2017-05-21,jepx-spread-range-kyushu,kyushu,5.700000000000001,https://www.jepx.jp/_download.php?dir=spot_summary&file=spot_summary_2017.csv
2017-05-22,jepx-spread-range-kyushu,kyushu,3.65,https://www.jepx.jp/_download.php?dir=spot_summary&file=spot_summary_2017.csv
2017-05-23,jepx-spread-range-kyushu,kyushu,4.919999999999999,https://www.jepx.jp/_download.php?dir=spot_summary&file=spot_summary_2017.csv
2017-05-24,jepx-spread-range-kyushu,kyushu,7.53,https://www.jepx.jp/_download.php?dir=spot_summary&file=spot_summary_2017.csv
2017-05-25,jepx-spread-range-kyushu,kyushu,6.67,https://www.jepx.jp/_download.php?dir=spot_summary&file=spot_summary_2017.csv
2017-05-26,jepx-spread-range-kyushu,kyushu,3.65,https://www.jepx.jp/_download.php?dir=spot_summary&file=spot_summary_2017.csv
2017-05-27,jepx-spread-range-kyushu,kyushu,2.9400000000000004,https://www.jepx.jp/_download.php?dir=spot_summary&file=spot_summary_2017.csv
2017-05-28,jepx-spread-range-kyushu,kyushu,4.76,https://www.jepx.jp/_download.php?dir=spot_summary&file=spot_summary_2017.csv
2017-05-29,jepx-spread-range-kyushu,kyushu,5.299999999999999,https://www.jepx.jp/_download.php?dir=spot_summary&file=spot_summary_2017.csv
2017-05-30,jepx-spread-range-kyushu,kyushu,7.11,https://www.jepx.jp/_download.php?dir=spot_summary&file=spot_summary_2017.csv
2017-05-31,jepx-spread-range-kyushu,kyushu,7.09,https://www.jepx.jp/_download.php?dir=spot_summary&file=spot_summary_2017.csv
2017-06-01,jepx-spread-range-kyushu,kyushu,4.429999999999999,https://www.jepx.jp/_download.php?dir=spot_summary&file=spot_summary_2017.csv
2017-06-02,jepx-spread-range-kyushu,kyushu,5.869999999999999,https://www.jepx.jp/_download.php?dir=spot_summary&file=spot_summary_2017.csv
2017-06-03,jepx-spread-range-kyushu,kyushu,3.85,https://www.jepx.jp/_download.php?dir=spot_summary&file=spot_summary_2017.csv
2017-06-04,jepx-spread-range-kyushu,kyushu,5.5200000000000005,https://www.jepx.jp/_download.php?dir=spot_summary&file=spot_summary_2017.csv
2017-06-05,jepx-spread-range-kyushu,kyushu,5.35,https://www.jepx.jp/_download.php?dir=spot_summary&file=spot_summary_2017.csv
2017-06-06,jepx-spread-range-kyushu,kyushu,4.489999999999999,https://www.jepx.jp/_download.php?dir=spot_summary&file=spot_summary_2017.csv
2017-06-07,jepx-spread-range-kyushu,kyushu,5.840000000000001,https://www.jepx.jp/_download.php?dir=spot_summary&file=spot_summary_2017.csv
2017-06-08,jepx-spread-range-kyushu,kyushu,4.909999999999999,https://www.jepx.jp/_download.php?dir=spot_summary&file=spot_summary_2017.csv
2017-06-09,jepx-spread-range-kyushu,kyushu,4.48,https://www.jepx.jp/_download.php?dir=spot_summary&file=spot_summary_2017.csv
2017-06-10,jepx-spread-range-kyushu,kyushu,4.32,https://www.jepx.jp/_download.php?dir=spot_summary&file=spot_summary_2017.csv
2017-06-11,jepx-spread-range-kyushu,kyushu,3.5200000000000005,https://www.jepx.jp/_download.php?dir=spot_summary&file=spot_summary_2017.csv
2017-06-12,jepx-spread-range-kyushu,kyushu,5.01,https://www.jepx.jp/_download.php?dir=spot_summary&file=spot_summary_2017.csv
2017-06-13,jepx-spread-range-kyushu,kyushu,4.489999999999999,https://www.jepx.jp/_download.php?dir=spot_summary&file=spot_summary_2017.csv
2017-06-14,jepx-spread-range-kyushu,kyushu,3.31,https://www.jepx.jp/_download.php?dir=spot_summary&file=spot_summary_2017.csv
2017-06-15,jepx-spread-range-kyushu,kyushu,3.92,https://www.jepx.jp/_download.php?dir=spot_summary&file=spot_summary_2017.csv
2017-06-16,jepx-spread-range-kyushu,kyushu,4.24,https://www.jepx.jp/_download.php?dir=spot_summary&file=spot_summary_2017.csv
2017-06-17,jepx-spread-range-kyushu,kyushu,3.1800000000000006,https://www.jepx.jp/_download.php?dir=spot_summary&file=spot_summary_2017.csv
2017-06-18,jepx-spread-range-kyushu,kyushu,4.55,https://www.jepx.jp/_download.php?dir=spot_summary&file=spot_summary_2017.csv
2017-06-19,jepx-spread-range-kyushu,kyushu,5.04,https://www.jepx.jp/_download.php?dir=spot_summary&file=spot_summary_2017.csv
2017-06-20,jepx-spread-range-kyushu,kyushu,7.91,https://www.jepx.jp/_download.php?dir=spot_summary&file=spot_summary_2017.csv
2017-06-21,jepx-spread-range-kyushu,kyushu,6.079999999999999,https://www.jepx.jp/_download.php?dir=spot_summary&file=spot_summary_2017.csv
2017-06-22,jepx-spread-range-kyushu,kyushu,6.460000000000001,https://www.jepx.jp/_download.php?dir=spot_summary&file=spot_summary_2017.csv
2017-06-23,jepx-spread-range-kyushu,kyushu,7.410000000000001,https://www.jepx.jp/_download.php?dir=spot_summary&file=spot_summary_2017.csv
2017-06-24,jepx-spread-range-kyushu,kyushu,5.17,https://www.jepx.jp/_download.php?dir=spot_summary&file=spot_summary_2017.csv
2017-06-25,jepx-spread-range-kyushu,kyushu,4.989999999999999,https://www.jepx.jp/_download.php?dir=spot_summary&file=spot_summary_2017.csv
2017-06-26,jepx-spread-range-kyushu,kyushu,7.430000000000001,https://www.jepx.jp/_download.php?dir=spot_summary&file=spot_summary_2017.csv
2017-06-27,jepx-spread-range-kyushu,kyushu,7.229999999999999,https://www.jepx.jp/_download.php?dir=spot_summary&file=spot_summary_2017.csv
2017-06-28,jepx-spread-range-kyushu,kyushu,9.329999999999998,https://www.jepx.jp/_download.php?dir=spot_summary&file=spot_summary_2017.csv
2017-06-29,jepx-spread-range-kyushu,kyushu,6.52,https://www.jepx.jp/_download.php?dir=spot_summary&file=spot_summary_2017.csv
2017-06-30,jepx-spread-range-kyushu,kyushu,6.11,https://www.jepx.jp/_download.php?dir=spot_summary&file=spot_summary_2017.csv
2017-07-01,jepx-spread-range-kyushu,kyushu,4.119999999999999,https://www.jepx.jp/_download.php?dir=spot_summary&file=spot_summary_2017.csv
2017-07-02,jepx-spread-range-kyushu,kyushu,6.339999999999999,https://www.jepx.jp/_download.php?dir=spot_summary&file=spot_summary_2017.csv
2017-07-03,jepx-spread-range-kyushu,kyushu,10.1,https://www.jepx.jp/_download.php?dir=spot_summary&file=spot_summary_2017.csv
2017-07-04,jepx-spread-range-kyushu,kyushu,14.6,https://www.jepx.jp/_download.php?dir=spot_summary&file=spot_summary_2017.csv
2017-07-05,jepx-spread-range-kyushu,kyushu,18.92,https://www.jepx.jp/_download.php?dir=spot_summary&file=spot_summary_2017.csv
2017-07-06,jepx-spread-range-kyushu,kyushu,16.369999999999997,https://www.jepx.jp/_download.php?dir=spot_summary&file=spot_summary_2017.csv
2017-07-07,jepx-spread-range-kyushu,kyushu,16.04,https://www.jepx.jp/_download.php?dir=spot_summary&file=spot_summary_2017.csv
2017-07-08,jepx-spread-range-kyushu,kyushu,5.58,https://www.jepx.jp/_download.php?dir=spot_summary&file=spot_summary_2017.csv
2017-07-09,jepx-spread-range-kyushu,kyushu,6.0200000000000005,https://www.jepx.jp/_download.php?dir=spot_summary&file=spot_summary_2017.csv
2017-07-10,jepx-spread-range-kyushu,kyushu,11.0,https://www.jepx.jp/_download.php?dir=spot_summary&file=spot_summary_2017.csv
2017-07-11,jepx-spread-range-kyushu,kyushu,18.66,https://www.jepx.jp/_download.php?dir=spot_summary&file=spot_summary_2017.csv
2017-07-12,jepx-spread-range-kyushu,kyushu,18.79,https://www.jepx.jp/_download.php?dir=spot_summary&file=spot_summary_2017.csv
2017-07-13,jepx-spread-range-kyushu,kyushu,19.52,https://www.jepx.jp/_download.php?dir=spot_summary&file=spot_summary_2017.csv
2017-07-14,jepx-spread-range-kyushu,kyushu,18.91,https://www.jepx.jp/_download.php?dir=spot_summary&file=spot_summary_2017.csv
2017-07-15,jepx-spread-range-kyushu,kyushu,7.42,https://www.jepx.jp/_download.php?dir=spot_summary&file=spot_summary_2017.csv
2017-07-16,jepx-spread-range-kyushu,kyushu,6.19,https://www.jepx.jp/_download.php?dir=spot_summary&file=spot_summary_2017.csv
2017-07-17,jepx-spread-range-kyushu,kyushu,7.7,https://www.jepx.jp/_download.php?dir=spot_summary&file=spot_summary_2017.csv
2017-07-18,jepx-spread-range-kyushu,kyushu,20.06,https://www.jepx.jp/_download.php?dir=spot_summary&file=spot_summary_2017.csv
2017-07-19,jepx-spread-range-kyushu,kyushu,19.4,https://www.jepx.jp/_download.php?dir=spot_summary&file=spot_summary_2017.csv
2017-07-20,jepx-spread-range-kyushu,kyushu,24.52,https://www.jepx.jp/_download.php?dir=spot_summary&file=spot_summary_2017.csv
2017-07-21,jepx-spread-range-kyushu,kyushu,18.52,https://www.jepx.jp/_download.php?dir=spot_summary&file=spot_summary_2017.csv
2017-07-22,jepx-spread-range-kyushu,kyushu,6.33,https://www.jepx.jp/_download.php?dir=spot_summary&file=spot_summary_2017.csv
2017-07-23,jepx-spread-range-kyushu,kyushu,7.0,https://www.jepx.jp/_download.php?dir=spot_summary&file=spot_summary_2017.csv
2017-07-24,jepx-spread-range-kyushu,kyushu,20.04,https://www.jepx.jp/_download.php?dir=spot_summary&file=spot_summary_2017.csv
2017-07-25,jepx-spread-range-kyushu,kyushu,20.02,https://www.jepx.jp/_download.php?dir=spot_summary&file=spot_summary_2017.csv
2017-07-26,jepx-spread-range-kyushu,kyushu,18.02,https://www.jepx.jp/_download.php?dir=spot_summary&file=spot_summary_2017.csv
2017-07-27,jepx-spread-range-kyushu,kyushu,16.46,https://www.jepx.jp/_download.php?dir=spot_summary&file=spot_summary_2017.csv
2017-07-28,jepx-spread-range-kyushu,kyushu,13.869999999999996,https://www.jepx.jp/_download.php?dir=spot_summary&file=spot_summary_2017.csv
2017-07-29,jepx-spread-range-kyushu,kyushu,7.34,https://www.jepx.jp/_download.php?dir=spot_summary&file=spot_summary_2017.csv
2017-07-30,jepx-spread-range-kyushu,kyushu,7.539999999999999,https://www.jepx.jp/_download.php?dir=spot_summary&file=spot_summary_2017.csv
2017-07-31,jepx-spread-range-kyushu,kyushu,20.12,https://www.jepx.jp/_download.php?dir=spot_summary&file=spot_summary_2017.csv
2017-08-01,jepx-spread-range-kyushu,kyushu,18.98,https://www.jepx.jp/_download.php?dir=spot_summary&file=spot_summary_2017.csv
2017-08-02,jepx-spread-range-kyushu,kyushu,13.82,https://www.jepx.jp/_download.php?dir=spot_summary&file=spot_summary_2017.csv
2017-08-03,jepx-spread-range-kyushu,kyushu,13.92,https://www.jepx.jp/_download.php?dir=spot_summary&file=spot_summary_2017.csv
2017-08-04,jepx-spread-range-kyushu,kyushu,14.81,https://www.jepx.jp/_download.php?dir=spot_summary&file=spot_summary_2017.csv
2017-08-05,jepx-spread-range-kyushu,kyushu,8.05,https://www.jepx.jp/_download.php?dir=spot_summary&file=spot_summary_2017.csv
2017-08-06,jepx-spread-range-kyushu,kyushu,5.500000000000001,https://www.jepx.jp/_download.php?dir=spot_summary&file=spot_summary_2017.csv
2017-08-07,jepx-spread-range-kyushu,kyushu,19.76,https://www.jepx.jp/_download.php?dir=spot_summary&file=spot_summary_2017.csv
2017-08-08,jepx-spread-range-kyushu,kyushu,19.93,https://www.jepx.jp/_download.php?dir=spot_summary&file=spot_summary_2017.csv
2017-08-09,jepx-spread-range-kyushu,kyushu,15.06,https://www.jepx.jp/_download.php?dir=spot_summary&file=spot_summary_2017.csv
2017-08-10,jepx-spread-range-kyushu,kyushu,20.62,https://www.jepx.jp/_download.php?dir=spot_summary&file=spot_summary_2017.csv
2017-08-11,jepx-spread-range-kyushu,kyushu,7.73,https://www.jepx.jp/_download.php?dir=spot_summary&file=spot_summary_2017.csv
2017-08-12,jepx-spread-range-kyushu,kyushu,4.81,https://www.jepx.jp/_download.php?dir=spot_summary&file=spot_summary_2017.csv
2017-08-13,jepx-spread-range-kyushu,kyushu,6.2,https://www.jepx.jp/_download.php?dir=spot_summary&file=spot_summary_2017.csv
2017-08-14,jepx-spread-range-kyushu,kyushu,5.75,https://www.jepx.jp/_download.php?dir=spot_summary&file=spot_summary_2017.csv
2017-08-15,jepx-spread-range-kyushu,kyushu,5.0200000000000005,https://www.jepx.jp/_download.php?dir=spot_summary&file=spot_summary_2017.csv
2017-08-16,jepx-spread-range-kyushu,kyushu,6.130000000000001,https://www.jepx.jp/_download.php?dir=spot_summary&file=spot_summary_2017.csv
2017-08-17,jepx-spread-range-kyushu,kyushu,7.96,https://www.jepx.jp/_download.php?dir=spot_summary&file=spot_summary_2017.csv
2017-08-18,jepx-spread-range-kyushu,kyushu,7.71,https://www.jepx.jp/_download.php?dir=spot_summary&file=spot_summary_2017.csv
2017-08-19,jepx-spread-range-kyushu,kyushu,4.760000000000001,https://www.jepx.jp/_download.php?dir=spot_summary&file=spot_summary_2017.csv
2017-08-20,jepx-spread-range-kyushu,kyushu,5.199999999999999,https://www.jepx.jp/_download.php?dir=spot_summary&file=spot_summary_2017.csv
2017-08-21,jepx-spread-range-kyushu,kyushu,11.63,https://www.jepx.jp/_download.php?dir=spot_summary&file=spot_summary_2017.csv
2017-08-22,jepx-spread-range-kyushu,kyushu,13.82,https://www.jepx.jp/_download.php?dir=spot_summary&file=spot_summary_2017.csv
2017-08-23,jepx-spread-range-kyushu,kyushu,13.92,https://www.jepx.jp/_download.php?dir=spot_summary&file=spot_summary_2017.csv
2017-08-24,jepx-spread-range-kyushu,kyushu,18.93,https://www.jepx.jp/_download.php?dir=spot_summary&file=spot_summary_2017.csv
2017-08-25,jepx-spread-range-kyushu,kyushu,20.56,https://www.jepx.jp/_download.php?dir=spot_summary&file=spot_summary_2017.csv
2017-08-26,jepx-spread-range-kyushu,kyushu,6.260000000000001,https://www.jepx.jp/_download.php?dir=spot_summary&file=spot_summary_2017.csv
2017-08-27,jepx-spread-range-kyushu,kyushu,6.279999999999999,https://www.jepx.jp/_download.php?dir=spot_summary&file=spot_summary_2017.csv
2017-08-28,jepx-spread-range-kyushu,kyushu,15.06,https://www.jepx.jp/_download.php?dir=spot_summary&file=spot_summary_2017.csv
2017-08-29,jepx-spread-range-kyushu,kyushu,17.61,https://www.jepx.jp/_download.php?dir=spot_summary&file=spot_summary_2017.csv
2017-08-30,jepx-spread-range-kyushu,kyushu,15.12,https://www.jepx.jp/_download.php?dir=spot_summary&file=spot_summary_2017.csv
2017-08-31,jepx-spread-range-kyushu,kyushu,7.38,https://www.jepx.jp/_download.php?dir=spot_summary&file=spot_summary_2017.csv
2017-09-01,jepx-spread-range-kyushu,kyushu,8.780000000000001,https://www.jepx.jp/_download.php?dir=spot_summary&file=spot_summary_2017.csv
2017-09-02,jepx-spread-range-kyushu,kyushu,4.51,https://www.jepx.jp/_download.php?dir=spot_summary&file=spot_summary_2017.csv
2017-09-03,jepx-spread-range-kyushu,kyushu,4.620000000000001,https://www.jepx.jp/_download.php?dir=spot_summary&file=spot_summary_2017.csv
2017-09-04,jepx-spread-range-kyushu,kyushu,7.939999999999999,https://www.jepx.jp/_download.php?dir=spot_summary&file=spot_summary_2017.csv
2017-09-05,jepx-spread-range-kyushu,kyushu,7.93,https://www.jepx.jp/_download.php?dir=spot_summary&file=spot_summary_2017.csv
2017-09-06,jepx-spread-range-kyushu,kyushu,7.46,https://www.jepx.jp/_download.php?dir=spot_summary&file=spot_summary_2017.csv
2017-09-07,jepx-spread-range-kyushu,kyushu,7.28,https://www.jepx.jp/_download.php?dir=spot_summary&file=spot_summary_2017.csv
2017-09-08,jepx-spread-range-kyushu,kyushu,7.73,https://www.jepx.jp/_download.php?dir=spot_summary&file=spot_summary_2017.csv
2017-09-09,jepx-spread-range-kyushu,kyushu,3.14,https://www.jepx.jp/_download.php?dir=spot_summary&file=spot_summary_2017.csv
2017-09-10,jepx-spread-range-kyushu,kyushu,3.24,https://www.jepx.jp/_download.php?dir=spot_summary&file=spot_summary_2017.csv
2017-09-11,jepx-spread-range-kyushu,kyushu,7.7,https://www.jepx.jp/_download.php?dir=spot_summary&file=spot_summary_2017.csv
2017-09-12,jepx-spread-range-kyushu,kyushu,11.579999999999998,https://www.jepx.jp/_download.php?dir=spot_summary&file=spot_summary_2017.csv
2017-09-13,jepx-spread-range-kyushu,kyushu,13.41,https://www.jepx.jp/_download.php?dir=spot_summary&file=spot_summary_2017.csv
2017-09-14,jepx-spread-range-kyushu,kyushu,7.090000000000001,https://www.jepx.jp/_download.php?dir=spot_summary&file=spot_summary_2017.csv
2017-09-15,jepx-spread-range-kyushu,kyushu,7.52,https://www.jepx.jp/_download.php?dir=spot_summary&file=spot_summary_2017.csv
2017-09-16,jepx-spread-range-kyushu,kyushu,2.76,https://www.jepx.jp/_download.php?dir=spot_summary&file=spot_summary_2017.csv
2017-09-17,jepx-spread-range-kyushu,kyushu,2.99,https://www.jepx.jp/_download.php?dir=spot_summary&file=spot_summary_2017.csv
2017-09-18,jepx-spread-range-kyushu,kyushu,5.73,https://www.jepx.jp/_download.php?dir=spot_summary&file=spot_summary_2017.csv
2017-09-19,jepx-spread-range-kyushu,kyushu,8.57,https://www.jepx.jp/_download.php?dir=spot_summary&file=spot_summary_2017.csv
2017-09-20,jepx-spread-range-kyushu,kyushu,8.09,https://www.jepx.jp/_download.php?dir=spot_summary&file=spot_summary_2017.csv
2017-09-21,jepx-spread-range-kyushu,kyushu,8.09,https://www.jepx.jp/_download.php?dir=spot_summary&file=spot_summary_2017.csv
2017-09-22,jepx-spread-range-kyushu,kyushu,8.09,https://www.jepx.jp/_download.php?dir=spot_summary&file=spot_summary_2017.csv
2017-09-23,jepx-spread-range-kyushu,kyushu,2.96,https://www.jepx.jp/_download.php?dir=spot_summary&file=spot_summary_2017.csv
2017-09-24,jepx-spread-range-kyushu,kyushu,2.6100000000000003,https://www.jepx.jp/_download.php?dir=spot_summary&file=spot_summary_2017.csv
2017-09-25,jepx-spread-range-kyushu,kyushu,8.03,https://www.jepx.jp/_download.php?dir=spot_summary&file=spot_summary_2017.csv
2017-09-26,jepx-spread-range-kyushu,kyushu,8.0,https://www.jepx.jp/_download.php?dir=spot_summary&file=spot_summary_2017.csv
2017-09-27,jepx-spread-range-kyushu,kyushu,7.8,https://www.jepx.jp/_download.php?dir=spot_summary&file=spot_summary_2017.csv
2017-09-28,jepx-spread-range-kyushu,kyushu,6.87,https://www.jepx.jp/_download.php?dir=spot_summary&file=spot_summary_2017.csv
2017-09-29,jepx-spread-range-kyushu,kyushu,5.86,https://www.jepx.jp/_download.php?dir=spot_summary&file=spot_summary_2017.csv
2017-09-30,jepx-spread-range-kyushu,kyushu,4.0200000000000005,https://www.jepx.jp/_download.php?dir=spot_summary&file=spot_summary_2017.csv
2017-10-01,jepx-spread-range-kyushu,kyushu,3.8,https://www.jepx.jp/_download.php?dir=spot_summary&file=spot_summary_2017.csv
2017-10-02,jepx-spread-range-kyushu,kyushu,12.85,https://www.jepx.jp/_download.php?dir=spot_summary&file=spot_summary_2017.csv
2017-10-03,jepx-spread-range-kyushu,kyushu,11.060000000000002,https://www.jepx.jp/_download.php?dir=spot_summary&file=spot_summary_2017.csv
2017-10-04,jepx-spread-range-kyushu,kyushu,7.56,https://www.jepx.jp/_download.php?dir=spot_summary&file=spot_summary_2017.csv
2017-10-05,jepx-spread-range-kyushu,kyushu,9.62,https://www.jepx.jp/_download.php?dir=spot_summary&file=spot_summary_2017.csv
2017-10-06,jepx-spread-range-kyushu,kyushu,9.18,https://www.jepx.jp/_download.php?dir=spot_summary&file=spot_summary_2017.csv
2017-10-07,jepx-spread-range-kyushu,kyushu,4.88,https://www.jepx.jp/_download.php?dir=spot_summary&file=spot_summary_2017.csv
2017-10-08,jepx-spread-range-kyushu,kyushu,3.74,https://www.jepx.jp/_download.php?dir=spot_summary&file=spot_summary_2017.csv
2017-10-09,jepx-spread-range-kyushu,kyushu,7.84,https://www.jepx.jp/_download.php?dir=spot_summary&file=spot_summary_2017.csv
2017-10-10,jepx-spread-range-kyushu,kyushu,10.36,https://www.jepx.jp/_download.php?dir=spot_summary&file=spot_summary_2017.csv
2017-10-11,jepx-spread-range-kyushu,kyushu,10.45,https://www.jepx.jp/_download.php?dir=spot_summary&file=spot_summary_2017.csv
2017-10-12,jepx-spread-range-kyushu,kyushu,9.62,https://www.jepx.jp/_download.php?dir=spot_summary&file=spot_summary_2017.csv
2017-10-13,jepx-spread-range-kyushu,kyushu,9.09,https://www.jepx.jp/_download.php?dir=spot_summary&file=spot_summary_2017.csv
2017-10-14,jepx-spread-range-kyushu,kyushu,4.7700000000000005,https://www.jepx.jp/_download.php?dir=spot_summary&file=spot_summary_2017.csv
2017-10-15,jepx-spread-range-kyushu,kyushu,3.850000000000001,https://www.jepx.jp/_download.php?dir=spot_summary&file=spot_summary_2017.csv
2017-10-16,jepx-spread-range-kyushu,kyushu,10.45,https://www.jepx.jp/_download.php?dir=spot_summary&file=spot_summary_2017.csv
2017-10-17,jepx-spread-range-kyushu,kyushu,9.72,https://www.jepx.jp/_download.php?dir=spot_summary&file=spot_summary_2017.csv
2017-10-18,jepx-spread-range-kyushu,kyushu,7.969999999999999,https://www.jepx.jp/_download.php?dir=spot_summary&file=spot_summary_2017.csv
2017-10-19,jepx-spread-range-kyushu,kyushu,7.62,https://www.jepx.jp/_download.php?dir=spot_summary&file=spot_summary_2017.csv
2017-10-20,jepx-spread-range-kyushu,kyushu,9.080000000000002,https://www.jepx.jp/_download.php?dir=spot_summary&file=spot_summary_2017.csv
2017-10-21,jepx-spread-range-kyushu,kyushu,3.99,https://www.jepx.jp/_download.php?dir=spot_summary&file=spot_summary_2017.csv
2017-10-22,jepx-spread-range-kyushu,kyushu,3.850000000000001,https://www.jepx.jp/_download.php?dir=spot_summary&file=spot_summary_2017.csv
2017-10-23,jepx-spread-range-kyushu,kyushu,8.32,https://www.jepx.jp/_download.php?dir=spot_summary&file=spot_summary_2017.csv
2017-10-24,jepx-spread-range-kyushu,kyushu,7.92,https://www.jepx.jp/_download.php?dir=spot_summary&file=spot_summary_2017.csv
2017-10-25,jepx-spread-range-kyushu,kyushu,8.2,https://www.jepx.jp/_download.php?dir=spot_summary&file=spot_summary_2017.csv
2017-10-26,jepx-spread-range-kyushu,kyushu,4.170000000000001,https://www.jepx.jp/_download.php?dir=spot_summary&file=spot_summary_2017.csv
2017-10-27,jepx-spread-range-kyushu,kyushu,4.239999999999999,https://www.jepx.jp/_download.php?dir=spot_summary&file=spot_summary_2017.csv
2017-10-28,jepx-spread-range-kyushu,kyushu,4.76,https://www.jepx.jp/_download.php?dir=spot_summary&file=spot_summary_2017.csv
2017-10-29,jepx-spread-range-kyushu,kyushu,3.850000000000001,https://www.jepx.jp/_download.php?dir=spot_summary&file=spot_summary_2017.csv
2017-10-30,jepx-spread-range-kyushu,kyushu,7.649999999999999,https://www.jepx.jp/_download.php?dir=spot_summary&file=spot_summary_2017.csv
2017-10-31,jepx-spread-range-kyushu,kyushu,6.67,https://www.jepx.jp/_download.php?dir=spot_summary&file=spot_summary_2017.csv
2017-11-01,jepx-spread-range-kyushu,kyushu,8.4,https://www.jepx.jp/_download.php?dir=spot_summary&file=spot_summary_2017.csv
2017-11-02,jepx-spread-range-kyushu,kyushu,8.2,https://www.jepx.jp/_download.php?dir=spot_summary&file=spot_summary_2017.csv
2017-11-03,jepx-spread-range-kyushu,kyushu,4.55,https://www.jepx.jp/_download.php?dir=spot_summary&file=spot_summary_2017.csv
2017-11-04,jepx-spread-range-kyushu,kyushu,3.65,https://www.jepx.jp/_download.php?dir=spot_summary&file=spot_summary_2017.csv
2017-11-05,jepx-spread-range-kyushu,kyushu,4.550000000000001,https://www.jepx.jp/_download.php?dir=spot_summary&file=spot_summary_2017.csv
2017-11-06,jepx-spread-range-kyushu,kyushu,8.82,https://www.jepx.jp/_download.php?dir=spot_summary&file=spot_summary_2017.csv
2017-11-07,jepx-spread-range-kyushu,kyushu,9.47,https://www.jepx.jp/_download.php?dir=spot_summary&file=spot_summary_2017.csv
2017-11-08,jepx-spread-range-kyushu,kyushu,8.309999999999999,https://www.jepx.jp/_download.php?dir=spot_summary&file=spot_summary_2017.csv
2017-11-09,jepx-spread-range-kyushu,kyushu,7.88,https://www.jepx.jp/_download.php?dir=spot_summary&file=spot_summary_2017.csv
2017-11-10,jepx-spread-range-kyushu,kyushu,6.179999999999999,https://www.jepx.jp/_download.php?dir=spot_summary&file=spot_summary_2017.csv
2017-11-11,jepx-spread-range-kyushu,kyushu,3.860000000000001,https://www.jepx.jp/_download.php?dir=spot_summary&file=spot_summary_2017.csv
2017-11-12,jepx-spread-range-kyushu,kyushu,3.95,https://www.jepx.jp/_download.php?dir=spot_summary&file=spot_summary_2017.csv
2017-11-13,jepx-spread-range-kyushu,kyushu,11.48,https://www.jepx.jp/_download.php?dir=spot_summary&file=spot_summary_2017.csv
2017-11-14,jepx-spread-range-kyushu,kyushu,9.69,https://www.jepx.jp/_download.php?dir=spot_summary&file=spot_summary_2017.csv
2017-11-15,jepx-spread-range-kyushu,kyushu,8.8,https://www.jepx.jp/_download.php?dir=spot_summary&file=spot_summary_2017.csv
2017-11-16,jepx-spread-range-kyushu,kyushu,13.68,https://www.jepx.jp/_download.php?dir=spot_summary&file=spot_summary_2017.csv
2017-11-17,jepx-spread-range-kyushu,kyushu,12.28,https://www.jepx.jp/_download.php?dir=spot_summary&file=spot_summary_2017.csv
2017-11-18,jepx-spread-range-kyushu,kyushu,4.59,https://www.jepx.jp/_download.php?dir=spot_summary&file=spot_summary_2017.csv
2017-11-19,jepx-spread-range-kyushu,kyushu,4.03,https://www.jepx.jp/_download.php?dir=spot_summary&file=spot_summary_2017.csv
2017-11-20,jepx-spread-range-kyushu,kyushu,12.93,https://www.jepx.jp/_download.php?dir=spot_summary&file=spot_summary_2017.csv
2017-11-21,jepx-spread-range-kyushu,kyushu,12.82,https://www.jepx.jp/_download.php?dir=spot_summary&file=spot_summary_2017.csv
2017-11-22,jepx-spread-range-kyushu,kyushu,14.82,https://www.jepx.jp/_download.php?dir=spot_summary&file=spot_summary_2017.csv
2017-11-23,jepx-spread-range-kyushu,kyushu,8.280000000000001,https://www.jepx.jp/_download.php?dir=spot_summary&file=spot_summary_2017.csv
2017-11-24,jepx-spread-range-kyushu,kyushu,17.82,https://www.jepx.jp/_download.php?dir=spot_summary&file=spot_summary_2017.csv
2017-11-25,jepx-spread-range-kyushu,kyushu,8.02,https://www.jepx.jp/_download.php?dir=spot_summary&file=spot_summary_2017.csv
2017-11-26,jepx-spread-range-kyushu,kyushu,3.619999999999999,https://www.jepx.jp/_download.php?dir=spot_summary&file=spot_summary_2017.csv
2017-11-27,jepx-spread-range-kyushu,kyushu,9.61,https://www.jepx.jp/_download.php?dir=spot_summary&file=spot_summary_2017.csv
2017-11-28,jepx-spread-range-kyushu,kyushu,13.42,https://www.jepx.jp/_download.php?dir=spot_summary&file=spot_summary_2017.csv
2017-11-29,jepx-spread-range-kyushu,kyushu,11.12,https://www.jepx.jp/_download.php?dir=spot_summary&file=spot_summary_2017.csv
2017-11-30,jepx-spread-range-kyushu,kyushu,13.23,https://www.jepx.jp/_download.php?dir=spot_summary&file=spot_summary_2017.csv
2017-12-01,jepx-spread-range-kyushu,kyushu,11.21,https://www.jepx.jp/_download.php?dir=spot_summary&file=spot_summary_2017.csv
2017-12-02,jepx-spread-range-kyushu,kyushu,7.649999999999999,https://www.jepx.jp/_download.php?dir=spot_summary&file=spot_summary_2017.csv
2017-12-03,jepx-spread-range-kyushu,kyushu,9.43,https://www.jepx.jp/_download.php?dir=spot_summary&file=spot_summary_2017.csv
2017-12-04,jepx-spread-range-kyushu,kyushu,14.98,https://www.jepx.jp/_download.php?dir=spot_summary&file=spot_summary_2017.csv
2017-12-05,jepx-spread-range-kyushu,kyushu,13.5,https://www.jepx.jp/_download.php?dir=spot_summary&file=spot_summary_2017.csv
2017-12-06,jepx-spread-range-kyushu,kyushu,12.419999999999998,https://www.jepx.jp/_download.php?dir=spot_summary&file=spot_summary_2017.csv
2017-12-07,jepx-spread-range-kyushu,kyushu,12.730000000000002,https://www.jepx.jp/_download.php?dir=spot_summary&file=spot_summary_2017.csv
2017-12-08,jepx-spread-range-kyushu,kyushu,21.0,https://www.jepx.jp/_download.php?dir=spot_summary&file=spot_summary_2017.csv
2017-12-09,jepx-spread-range-kyushu,kyushu,11.900000000000002,https://www.jepx.jp/_download.php?dir=spot_summary&file=spot_summary_2017.csv
2017-12-10,jepx-spread-range-kyushu,kyushu,7.6,https://www.jepx.jp/_download.php?dir=spot_summary&file=spot_summary_2017.csv
2017-12-11,jepx-spread-range-kyushu,kyushu,23.04,https://www.jepx.jp/_download.php?dir=spot_summary&file=spot_summary_2017.csv
2017-12-12,jepx-spread-range-kyushu,kyushu,24.78,https://www.jepx.jp/_download.php?dir=spot_summary&file=spot_summary_2017.csv
2017-12-13,jepx-spread-range-kyushu,kyushu,23.74,https://www.jepx.jp/_download.php?dir=spot_summary&file=spot_summary_2017.csv
2017-12-14,jepx-spread-range-kyushu,kyushu,21.83,https://www.jepx.jp/_download.php?dir=spot_summary&file=spot_summary_2017.csv
2017-12-15,jepx-spread-range-kyushu,kyushu,21.9,https://www.jepx.jp/_download.php?dir=spot_summary&file=spot_summary_2017.csv
2017-12-16,jepx-spread-range-kyushu,kyushu,10.59,https://www.jepx.jp/_download.php?dir=spot_summary&file=spot_summary_2017.csv
2017-12-17,jepx-spread-range-kyushu,kyushu,6.24,https://www.jepx.jp/_download.php?dir=spot_summary&file=spot_summary_2017.csv
2017-12-18,jepx-spread-range-kyushu,kyushu,16.97,https://www.jepx.jp/_download.php?dir=spot_summary&file=spot_summary_2017.csv
2017-12-19,jepx-spread-range-kyushu,kyushu,15.750000000000002,https://www.jepx.jp/_download.php?dir=spot_summary&file=spot_summary_2017.csv
2017-12-20,jepx-spread-range-kyushu,kyushu,20.87,https://www.jepx.jp/_download.php?dir=spot_summary&file=spot_summary_2017.csv
2017-12-21,jepx-spread-range-kyushu,kyushu,19.76,https://www.jepx.jp/_download.php?dir=spot_summary&file=spot_summary_2017.csv
2017-12-22,jepx-spread-range-kyushu,kyushu,19.54,https://www.jepx.jp/_download.php?dir=spot_summary&file=spot_summary_2017.csv
2017-12-23,jepx-spread-range-kyushu,kyushu,10.01,https://www.jepx.jp/_download.php?dir=spot_summary&file=spot_summary_2017.csv
2017-12-24,jepx-spread-range-kyushu,kyushu,9.0,https://www.jepx.jp/_download.php?dir=spot_summary&file=spot_summary_2017.csv
2017-12-25,jepx-spread-range-kyushu,kyushu,19.020000000000003,https://www.jepx.jp/_download.php?dir=spot_summary&file=spot_summary_2017.csv
2017-12-26,jepx-spread-range-kyushu,kyushu,17.15,https://www.jepx.jp/_download.php?dir=spot_summary&file=spot_summary_2017.csv
2017-12-27,jepx-spread-range-kyushu,kyushu,17.560000000000002,https://www.jepx.jp/_download.php?dir=spot_summary&file=spot_summary_2017.csv
2017-12-28,jepx-spread-range-kyushu,kyushu,17.6,https://www.jepx.jp/_download.php?dir=spot_summary&file=spot_summary_2017.csv
2017-12-29,jepx-spread-range-kyushu,kyushu,10.02,https://www.jepx.jp/_download.php?dir=spot_summary&file=spot_summary_2017.csv
2017-12-30,jepx-spread-range-kyushu,kyushu,11.37,https://www.jepx.jp/_download.php?dir=spot_summary&file=spot_summary_2017.csv
2017-12-31,jepx-spread-range-kyushu,kyushu,10.16,https://www.jepx.jp/_download.php?dir=spot_summary&file=spot_summary_2017.csv
2018-01-01,jepx-spread-range-kyushu,kyushu,5.69,https://www.jepx.jp/_download.php?dir=spot_summary&file=spot_summary_2017.csv
2018-01-02,jepx-spread-range-kyushu,kyushu,10.05,https://www.jepx.jp/_download.php?dir=spot_summary&file=spot_summary_2017.csv
2018-01-03,jepx-spread-range-kyushu,kyushu,7.81,https://www.jepx.jp/_download.php?dir=spot_summary&file=spot_summary_2017.csv
2018-01-04,jepx-spread-range-kyushu,kyushu,6.489999999999999,https://www.jepx.jp/_download.php?dir=spot_summary&file=spot_summary_2017.csv
2018-01-05,jepx-spread-range-kyushu,kyushu,17.72,https://www.jepx.jp/_download.php?dir=spot_summary&file=spot_summary_2017.csv
2018-01-06,jepx-spread-range-kyushu,kyushu,13.77,https://www.jepx.jp/_download.php?dir=spot_summary&file=spot_summary_2017.csv
2018-01-07,jepx-spread-range-kyushu,kyushu,7.07,https://www.jepx.jp/_download.php?dir=spot_summary&file=spot_summary_2017.csv
2018-01-08,jepx-spread-range-kyushu,kyushu,8.07,https://www.jepx.jp/_download.php?dir=spot_summary&file=spot_summary_2017.csv
2018-01-09,jepx-spread-range-kyushu,kyushu,18.98,https://www.jepx.jp/_download.php?dir=spot_summary&file=spot_summary_2017.csv
2018-01-10,jepx-spread-range-kyushu,kyushu,17.0,https://www.jepx.jp/_download.php?dir=spot_summary&file=spot_summary_2017.csv
2018-01-11,jepx-spread-range-kyushu,kyushu,15.15,https://www.jepx.jp/_download.php?dir=spot_summary&file=spot_summary_2017.csv
2018-01-12,jepx-spread-range-kyushu,kyushu,25.14,https://www.jepx.jp/_download.php?dir=spot_summary&file=spot_summary_2017.csv
2018-01-13,jepx-spread-range-kyushu,kyushu,11.52,https://www.jepx.jp/_download.php?dir=spot_summary&file=spot_summary_2017.csv
2018-01-14,jepx-spread-range-kyushu,kyushu,10.650000000000002,https://www.jepx.jp/_download.php?dir=spot_summary&file=spot_summary_2017.csv
2018-01-15,jepx-spread-range-kyushu,kyushu,16.880000000000003,https://www.jepx.jp/_download.php?dir=spot_summary&file=spot_summary_2017.csv
2018-01-16,jepx-spread-range-kyushu,kyushu,15.499999999999998,https://www.jepx.jp/_download.php?dir=spot_summary&file=spot_summary_2017.csv
2018-01-17,jepx-spread-range-kyushu,kyushu,13.339999999999998,https://www.jepx.jp/_download.php?dir=spot_summary&file=spot_summary_2017.csv
2018-01-18,jepx-spread-range-kyushu,kyushu,8.260000000000002,https://www.jepx.jp/_download.php?dir=spot_summary&file=spot_summary_2017.csv
2018-01-19,jepx-spread-range-kyushu,kyushu,8.750000000000002,https://www.jepx.jp/_download.php?dir=spot_summary&file=spot_summary_2017.csv
2018-01-20,jepx-spread-range-kyushu,kyushu,6.680000000000001,https://www.jepx.jp/_download.php?dir=spot_summary&file=spot_summary_2017.csv
2018-01-21,jepx-spread-range-kyushu,kyushu,5.84,https://www.jepx.jp/_download.php?dir=spot_summary&file=spot_summary_2017.csv
2018-01-22,jepx-spread-range-kyushu,kyushu,18.61,https://www.jepx.jp/_download.php?dir=spot_summary&file=spot_summary_2017.csv
2018-01-23,jepx-spread-range-kyushu,kyushu,15.1,https://www.jepx.jp/_download.php?dir=spot_summary&file=spot_summary_2017.csv
2018-01-24,jepx-spread-range-kyushu,kyushu,24.55,https://www.jepx.jp/_download.php?dir=spot_summary&file=spot_summary_2017.csv
2018-01-25,jepx-spread-range-kyushu,kyushu,25.840000000000003,https://www.jepx.jp/_download.php?dir=spot_summary&file=spot_summary_2017.csv
2018-01-26,jepx-spread-range-kyushu,kyushu,24.95,https://www.jepx.jp/_download.php?dir=spot_summary&file=spot_summary_2017.csv
2018-01-27,jepx-spread-range-kyushu,kyushu,12.22,https://www.jepx.jp/_download.php?dir=spot_summary&file=spot_summary_2017.csv
2018-01-28,jepx-spread-range-kyushu,kyushu,4.550000000000001,https://www.jepx.jp/_download.php?dir=spot_summary&file=spot_summary_2017.csv
2018-01-29,jepx-spread-range-kyushu,kyushu,13.650000000000002,https://www.jepx.jp/_download.php?dir=spot_summary&file=spot_summary_2017.csv
2018-01-30,jepx-spread-range-kyushu,kyushu,14.99,https://www.jepx.jp/_download.php?dir=spot_summary&file=spot_summary_2017.csv
2018-01-31,jepx-spread-range-kyushu,kyushu,19.09,https://www.jepx.jp/_download.php?dir=spot_summary&file=spot_summary_2017.csv
2018-02-01,jepx-spread-range-kyushu,kyushu,17.130000000000003,https://www.jepx.jp/_download.php?dir=spot_summary&file=spot_summary_2017.csv
2018-02-02,jepx-spread-range-kyushu,kyushu,19.880000000000003,https://www.jepx.jp/_download.php?dir=spot_summary&file=spot_summary_2017.csv
2018-02-03,jepx-spread-range-kyushu,kyushu,7.65,https://www.jepx.jp/_download.php?dir=spot_summary&file=spot_summary_2017.csv
2018-02-04,jepx-spread-range-kyushu,kyushu,7.26,https://www.jepx.jp/_download.php?dir=spot_summary&file=spot_summary_2017.csv
2018-02-05,jepx-spread-range-kyushu,kyushu,38.82,https://www.jepx.jp/_download.php?dir=spot_summary&file=spot_summary_2017.csv
2018-02-06,jepx-spread-range-kyushu,kyushu,39.14,https://www.jepx.jp/_download.php?dir=spot_summary&file=spot_summary_2017.csv
2018-02-07,jepx-spread-range-kyushu,kyushu,39.9,https://www.jepx.jp/_download.php?dir=spot_summary&file=spot_summary_2017.csv
2018-02-08,jepx-spread-range-kyushu,kyushu,25.76,https://www.jepx.jp/_download.php?dir=spot_summary&file=spot_summary_2017.csv
2018-02-09,jepx-spread-range-kyushu,kyushu,14.76,https://www.jepx.jp/_download.php?dir=spot_summary&file=spot_summary_2017.csv
2018-02-10,jepx-spread-range-kyushu,kyushu,8.079999999999998,https://www.jepx.jp/_download.php?dir=spot_summary&file=spot_summary_2017.csv
2018-02-11,jepx-spread-range-kyushu,kyushu,8.92,https://www.jepx.jp/_download.php?dir=spot_summary&file=spot_summary_2017.csv
2018-02-12,jepx-spread-range-kyushu,kyushu,9.44,https://www.jepx.jp/_download.php?dir=spot_summary&file=spot_summary_2017.csv
2018-02-13,jepx-spread-range-kyushu,kyushu,13.99,https://www.jepx.jp/_download.php?dir=spot_summary&file=spot_summary_2017.csv
2018-02-14,jepx-spread-range-kyushu,kyushu,16.21,https://www.jepx.jp/_download.php?dir=spot_summary&file=spot_summary_2017.csv
2018-02-15,jepx-spread-range-kyushu,kyushu,15.04,https://www.jepx.jp/_download.php?dir=spot_summary&file=spot_summary_2017.csv
2018-02-16,jepx-spread-range-kyushu,kyushu,12.03,https://www.jepx.jp/_download.php?dir=spot_summary&file=spot_summary_2017.csv
2018-02-17,jepx-spread-range-kyushu,kyushu,7.43,https://www.jepx.jp/_download.php?dir=spot_summary&file=spot_summary_2017.csv
2018-02-18,jepx-spread-range-kyushu,kyushu,10.2,https://www.jepx.jp/_download.php?dir=spot_summary&file=spot_summary_2017.csv
2018-02-19,jepx-spread-range-kyushu,kyushu,14.39,https://www.jepx.jp/_download.php?dir=spot_summary&file=spot_summary_2017.csv
2018-02-20,jepx-spread-range-kyushu,kyushu,10.16,https://www.jepx.jp/_download.php?dir=spot_summary&file=spot_summary_2017.csv
2018-02-21,jepx-spread-range-kyushu,kyushu,9.76,https://www.jepx.jp/_download.php?dir=spot_summary&file=spot_summary_2017.csv
2018-02-22,jepx-spread-range-kyushu,kyushu,11.06,https://www.jepx.jp/_download.php?dir=spot_summary&file=spot_summary_2017.csv
2018-02-23,jepx-spread-range-kyushu,kyushu,12.75,https://www.jepx.jp/_download.php?dir=spot_summary&file=spot_summary_2017.csv
2018-02-24,jepx-spread-range-kyushu,kyushu,5.470000000000001,https://www.jepx.jp/_download.php?dir=spot_summary&file=spot_summary_2017.csv
2018-02-25,jepx-spread-range-kyushu,kyushu,5.379999999999999,https://www.jepx.jp/_download.php?dir=spot_summary&file=spot_summary_2017.csv
2018-02-26,jepx-spread-range-kyushu,kyushu,12.6,https://www.jepx.jp/_download.php?dir=spot_summary&file=spot_summary_2017.csv
2018-02-27,jepx-spread-range-kyushu,kyushu,11.65,https://www.jepx.jp/_download.php?dir=spot_summary&file=spot_summary_2017.csv
2018-02-28,jepx-spread-range-kyushu,kyushu,8.9,https://www.jepx.jp/_download.php?dir=spot_summary&file=spot_summary_2017.csv
2018-03-01,jepx-spread-range-kyushu,kyushu,6.909999999999999,https://www.jepx.jp/_download.php?dir=spot_summary&file=spot_summary_2017.csv
2018-03-02,jepx-spread-range-kyushu,kyushu,6.159999999999999,https://www.jepx.jp/_download.php?dir=spot_summary&file=spot_summary_2017.csv
2018-03-03,jepx-spread-range-kyushu,kyushu,5.700000000000001,https://www.jepx.jp/_download.php?dir=spot_summary&file=spot_summary_2017.csv
2018-03-04,jepx-spread-range-kyushu,kyushu,4.91,https://www.jepx.jp/_download.php?dir=spot_summary&file=spot_summary_2017.csv
2018-03-05,jepx-spread-range-kyushu,kyushu,7.710000000000001,https://www.jepx.jp/_download.php?dir=spot_summary&file=spot_summary_2017.csv
2018-03-06,jepx-spread-range-kyushu,kyushu,6.93,https://www.jepx.jp/_download.php?dir=spot_summary&file=spot_summary_2017.csv
2018-03-07,jepx-spread-range-kyushu,kyushu,8.719999999999999,https://www.jepx.jp/_download.php?dir=spot_summary&file=spot_summary_2017.csv
2018-03-08,jepx-spread-range-kyushu,kyushu,11.86,https://www.jepx.jp/_download.php?dir=spot_summary&file=spot_summary_2017.csv
2018-03-09,jepx-spread-range-kyushu,kyushu,12.65,https://www.jepx.jp/_download.php?dir=spot_summary&file=spot_summary_2017.csv
2018-03-10,jepx-spread-range-kyushu,kyushu,5.249999999999999,https://www.jepx.jp/_download.php?dir=spot_summary&file=spot_summary_2017.csv
2018-03-11,jepx-spread-range-kyushu,kyushu,6.499999999999999,https://www.jepx.jp/_download.php?dir=spot_summary&file=spot_summary_2017.csv
2018-03-12,jepx-spread-range-kyushu,kyushu,8.48,https://www.jepx.jp/_download.php?dir=spot_summary&file=spot_summary_2017.csv
2018-03-13,jepx-spread-range-kyushu,kyushu,6.96,https://www.jepx.jp/_download.php?dir=spot_summary&file=spot_summary_2017.csv
2018-03-14,jepx-spread-range-kyushu,kyushu,6.239999999999999,https://www.jepx.jp/_download.php?dir=spot_summary&file=spot_summary_2017.csv
2018-03-15,jepx-spread-range-kyushu,kyushu,5.47,https://www.jepx.jp/_download.php?dir=spot_summary&file=spot_summary_2017.csv
2018-03-16,jepx-spread-range-kyushu,kyushu,5.579999999999999,https://www.jepx.jp/_download.php?dir=spot_summary&file=spot_summary_2017.csv
2018-03-17,jepx-spread-range-kyushu,kyushu,6.620000000000001,https://www.jepx.jp/_download.php?dir=spot_summary&file=spot_summary_2017.csv
2018-03-18,jepx-spread-range-kyushu,kyushu,5.759999999999999,https://www.jepx.jp/_download.php?dir=spot_summary&file=spot_summary_2017.csv
2018-03-19,jepx-spread-range-kyushu,kyushu,5.8100000000000005,https://www.jepx.jp/_download.php?dir=spot_summary&file=spot_summary_2017.csv
2018-03-20,jepx-spread-range-kyushu,kyushu,8.82,https://www.jepx.jp/_download.php?dir=spot_summary&file=spot_summary_2017.csv
2018-03-21,jepx-spread-range-kyushu,kyushu,7.510000000000001,https://www.jepx.jp/_download.php?dir=spot_summary&file=spot_summary_2017.csv
2018-03-22,jepx-spread-range-kyushu,kyushu,9.19,https://www.jepx.jp/_download.php?dir=spot_summary&file=spot_summary_2017.csv
2018-03-23,jepx-spread-range-kyushu,kyushu,9.0,https://www.jepx.jp/_download.php?dir=spot_summary&file=spot_summary_2017.csv
2018-03-24,jepx-spread-range-kyushu,kyushu,5.14,https://www.jepx.jp/_download.php?dir=spot_summary&file=spot_summary_2017.csv
2018-03-25,jepx-spread-range-kyushu,kyushu,8.29,https://www.jepx.jp/_download.php?dir=spot_summary&file=spot_summary_2017.csv
2018-03-26,jepx-spread-range-kyushu,kyushu,4.58,https://www.jepx.jp/_download.php?dir=spot_summary&file=spot_summary_2017.csv
2018-03-27,jepx-spread-range-kyushu,kyushu,5.359999999999999,https://www.jepx.jp/_download.php?dir=spot_summary&file=spot_summary_2017.csv
2018-03-28,jepx-spread-range-kyushu,kyushu,5.0,https://www.jepx.jp/_download.php?dir=spot_summary&file=spot_summary_2017.csv
2018-03-29,jepx-spread-range-kyushu,kyushu,5.19,https://www.jepx.jp/_download.php?dir=spot_summary&file=spot_summary_2017.csv
2018-03-30,jepx-spread-range-kyushu,kyushu,5.54,https://www.jepx.jp/_download.php?dir=spot_summary&file=spot_summary_2017.csv
2018-03-31,jepx-spread-range-kyushu,kyushu,5.24,https://www.jepx.jp/_download.php?dir=spot_summary&file=spot_summary_2017.csv
2018-04-01,jepx-spread-range-kyushu,kyushu,5.73,https://www.jepx.jp/_download.php?dir=spot_summary&file=spot_summary_2018.csv
2018-04-02,jepx-spread-range-kyushu,kyushu,4.71,https://www.jepx.jp/_download.php?dir=spot_summary&file=spot_summary_2018.csv
2018-04-03,jepx-spread-range-kyushu,kyushu,5.88,https://www.jepx.jp/_download.php?dir=spot_summary&file=spot_summary_2018.csv
2018-04-04,jepx-spread-range-kyushu,kyushu,5.1,https://www.jepx.jp/_download.php?dir=spot_summary&file=spot_summary_2018.csv
2018-04-05,jepx-spread-range-kyushu,kyushu,3.920000000000001,https://www.jepx.jp/_download.php?dir=spot_summary&file=spot_summary_2018.csv
2018-04-06,jepx-spread-range-kyushu,kyushu,7.119999999999999,https://www.jepx.jp/_download.php?dir=spot_summary&file=spot_summary_2018.csv
2018-04-07,jepx-spread-range-kyushu,kyushu,5.5200000000000005,https://www.jepx.jp/_download.php?dir=spot_summary&file=spot_summary_2018.csv
2018-04-08,jepx-spread-range-kyushu,kyushu,6.500000000000001,https://www.jepx.jp/_download.php?dir=spot_summary&file=spot_summary_2018.csv
2018-04-09,jepx-spread-range-kyushu,kyushu,9.52,https://www.jepx.jp/_download.php?dir=spot_summary&file=spot_summary_2018.csv
2018-04-10,jepx-spread-range-kyushu,kyushu,9.45,https://www.jepx.jp/_download.php?dir=spot_summary&file=spot_summary_2018.csv
2018-04-11,jepx-spread-range-kyushu,kyushu,7.58,https://www.jepx.jp/_download.php?dir=spot_summary&file=spot_summary_2018.csv
2018-04-12,jepx-spread-range-kyushu,kyushu,5.279999999999999,https://www.jepx.jp/_download.php?dir=spot_summary&file=spot_summary_2018.csv
2018-04-13,jepx-spread-range-kyushu,kyushu,4.69,https://www.jepx.jp/_download.php?dir=spot_summary&file=spot_summary_2018.csv
2018-04-14,jepx-spread-range-kyushu,kyushu,6.84,https://www.jepx.jp/_download.php?dir=spot_summary&file=spot_summary_2018.csv
2018-04-15,jepx-spread-range-kyushu,kyushu,4.11,https://www.jepx.jp/_download.php?dir=spot_summary&file=spot_summary_2018.csv
2018-04-16,jepx-spread-range-kyushu,kyushu,5.279999999999999,https://www.jepx.jp/_download.php?dir=spot_summary&file=spot_summary_2018.csv
2018-04-17,jepx-spread-range-kyushu,kyushu,7.410000000000001,https://www.jepx.jp/_download.php?dir=spot_summary&file=spot_summary_2018.csv
2018-04-18,jepx-spread-range-kyushu,kyushu,4.74,https://www.jepx.jp/_download.php?dir=spot_summary&file=spot_summary_2018.csv
2018-04-19,jepx-spread-range-kyushu,kyushu,5.15,https://www.jepx.jp/_download.php?dir=spot_summary&file=spot_summary_2018.csv
2018-04-20,jepx-spread-range-kyushu,kyushu,5.640000000000001,https://www.jepx.jp/_download.php?dir=spot_summary&file=spot_summary_2018.csv
2018-04-21,jepx-spread-range-kyushu,kyushu,4.580000000000001,https://www.jepx.jp/_download.php?dir=spot_summary&file=spot_summary_2018.csv
2018-04-22,jepx-spread-range-kyushu,kyushu,5.72,https://www.jepx.jp/_download.php?dir=spot_summary&file=spot_summary_2018.csv
2018-04-23,jepx-spread-range-kyushu,kyushu,4.25,https://www.jepx.jp/_download.php?dir=spot_summary&file=spot_summary_2018.csv
2018-04-24,jepx-spread-range-kyushu,kyushu,7.319999999999999,https://www.jepx.jp/_download.php?dir=spot_summary&file=spot_summary_2018.csv
2018-04-25,jepx-spread-range-kyushu,kyushu,3.990000000000001,https://www.jepx.jp/_download.php?dir=spot_summary&file=spot_summary_2018.csv
2018-04-26,jepx-spread-range-kyushu,kyushu,5.359999999999999,https://www.jepx.jp/_download.php?dir=spot_summary&file=spot_summary_2018.csv
2018-04-27,jepx-spread-range-kyushu,kyushu,5.369999999999999,https://www.jepx.jp/_download.php?dir=spot_summary&file=spot_summary_2018.csv
2018-04-28,jepx-spread-range-kyushu,kyushu,5.69,https://www.jepx.jp/_download.php?dir=spot_summary&file=spot_summary_2018.csv
2018-04-29,jepx-spread-range-kyushu,kyushu,6.3500000000000005,https://www.jepx.jp/_download.php?dir=spot_summary&file=spot_summary_2018.csv
2018-04-30,jepx-spread-range-kyushu,kyushu,5.54,https://www.jepx.jp/_download.php?dir=spot_summary&file=spot_summary_2018.csv
2018-05-01,jepx-spread-range-kyushu,kyushu,6.32,https://www.jepx.jp/_download.php?dir=spot_summary&file=spot_summary_2018.csv
2018-05-02,jepx-spread-range-kyushu,kyushu,8.41,https://www.jepx.jp/_download.php?dir=spot_summary&file=spot_summary_2018.csv
2018-05-03,jepx-spread-range-kyushu,kyushu,5.65,https://www.jepx.jp/_download.php?dir=spot_summary&file=spot_summary_2018.csv
2018-05-04,jepx-spread-range-kyushu,kyushu,5.919999999999999,https://www.jepx.jp/_download.php?dir=spot_summary&file=spot_summary_2018.csv
2018-05-05,jepx-spread-range-kyushu,kyushu,6.35,https://www.jepx.jp/_download.php?dir=spot_summary&file=spot_summary_2018.csv
2018-05-06,jepx-spread-range-kyushu,kyushu,5.59,https://www.jepx.jp/_download.php?dir=spot_summary&file=spot_summary_2018.csv
2018-05-07,jepx-spread-range-kyushu,kyushu,8.43,https://www.jepx.jp/_download.php?dir=spot_summary&file=spot_summary_2018.csv
2018-05-08,jepx-spread-range-kyushu,kyushu,6.299999999999999,https://www.jepx.jp/_download.php?dir=spot_summary&file=spot_summary_2018.csv
2018-05-09,jepx-spread-range-kyushu,kyushu,5.35,https://www.jepx.jp/_download.php?dir=spot_summary&file=spot_summary_2018.csv
2018-05-10,jepx-spread-range-kyushu,kyushu,6.359999999999999,https://www.jepx.jp/_download.php?dir=spot_summary&file=spot_summary_2018.csv
2018-05-11,jepx-spread-range-kyushu,kyushu,5.709999999999999,https://www.jepx.jp/_download.php?dir=spot_summary&file=spot_summary_2018.csv
2018-05-12,jepx-spread-range-kyushu,kyushu,5.470000000000001,https://www.jepx.jp/_download.php?dir=spot_summary&file=spot_summary_2018.csv
2018-05-13,jepx-spread-range-kyushu,kyushu,4.449999999999999,https://www.jepx.jp/_download.php?dir=spot_summary&file=spot_summary_2018.csv
2018-05-14,jepx-spread-range-kyushu,kyushu,5.529999999999999,https://www.jepx.jp/_download.php?dir=spot_summary&file=spot_summary_2018.csv
2018-05-15,jepx-spread-range-kyushu,kyushu,5.779999999999999,https://www.jepx.jp/_download.php?dir=spot_summary&file=spot_summary_2018.csv
2018-05-16,jepx-spread-range-kyushu,kyushu,4.249999999999999,https://www.jepx.jp/_download.php?dir=spot_summary&file=spot_summary_2018.csv
2018-05-17,jepx-spread-range-kyushu,kyushu,4.15,https://www.jepx.jp/_download.php?dir=spot_summary&file=spot_summary_2018.csv
2018-05-18,jepx-spread-range-kyushu,kyushu,4.870000000000001,https://www.jepx.jp/_download.php?dir=spot_summary&file=spot_summary_2018.csv
2018-05-19,jepx-spread-range-kyushu,kyushu,3.33,https://www.jepx.jp/_download.php?dir=spot_summary&file=spot_summary_2018.csv
2018-05-20,jepx-spread-range-kyushu,kyushu,4.609999999999999,https://www.jepx.jp/_download.php?dir=spot_summary&file=spot_summary_2018.csv
2018-05-21,jepx-spread-range-kyushu,kyushu,3.91,https://www.jepx.jp/_download.php?dir=spot_summary&file=spot_summary_2018.csv
2018-05-22,jepx-spread-range-kyushu,kyushu,4.18,https://www.jepx.jp/_download.php?dir=spot_summary&file=spot_summary_2018.csv
2018-05-23,jepx-spread-range-kyushu,kyushu,7.340000000000001,https://www.jepx.jp/_download.php?dir=spot_summary&file=spot_summary_2018.csv
2018-05-24,jepx-spread-range-kyushu,kyushu,4.289999999999999,https://www.jepx.jp/_download.php?dir=spot_summary&file=spot_summary_2018.csv
2018-05-25,jepx-spread-range-kyushu,kyushu,9.239999999999998,https://www.jepx.jp/_download.php?dir=spot_summary&file=spot_summary_2018.csv
2018-05-26,jepx-spread-range-kyushu,kyushu,3.3200000000000003,https://www.jepx.jp/_download.php?dir=spot_summary&file=spot_summary_2018.csv
2018-05-27,jepx-spread-range-kyushu,kyushu,5.89,https://www.jepx.jp/_download.php?dir=spot_summary&file=spot_summary_2018.csv
2018-05-28,jepx-spread-range-kyushu,kyushu,8.190000000000001,https://www.jepx.jp/_download.php?dir=spot_summary&file=spot_summary_2018.csv
2018-05-29,jepx-spread-range-kyushu,kyushu,4.619999999999999,https://www.jepx.jp/_download.php?dir=spot_summary&file=spot_summary_2018.csv
2018-05-30,jepx-spread-range-kyushu,kyushu,4.389999999999999,https://www.jepx.jp/_download.php?dir=spot_summary&file=spot_summary_2018.csv
2018-05-31,jepx-spread-range-kyushu,kyushu,4.51,https://www.jepx.jp/_download.php?dir=spot_summary&file=spot_summary_2018.csv
2018-06-01,jepx-spread-range-kyushu,kyushu,5.839999999999999,https://www.jepx.jp/_download.php?dir=spot_summary&file=spot_summary_2018.csv
2018-06-02,jepx-spread-range-kyushu,kyushu,8.68,https://www.jepx.jp/_download.php?dir=spot_summary&file=spot_summary_2018.csv
2018-06-03,jepx-spread-range-kyushu,kyushu,7.469999999999999,https://www.jepx.jp/_download.php?dir=spot_summary&file=spot_summary_2018.csv
2018-06-04,jepx-spread-range-kyushu,kyushu,6.390000000000001,https://www.jepx.jp/_download.php?dir=spot_summary&file=spot_summary_2018.csv
2018-06-05,jepx-spread-range-kyushu,kyushu,6.66,https://www.jepx.jp/_download.php?dir=spot_summary&file=spot_summary_2018.csv
2018-06-06,jepx-spread-range-kyushu,kyushu,4.25,https://www.jepx.jp/_download.php?dir=spot_summary&file=spot_summary_2018.csv
2018-06-07,jepx-spread-range-kyushu,kyushu,5.62,https://www.jepx.jp/_download.php?dir=spot_summary&file=spot_summary_2018.csv
2018-06-08,jepx-spread-range-kyushu,kyushu,4.9,https://www.jepx.jp/_download.php?dir=spot_summary&file=spot_summary_2018.csv
2018-06-09,jepx-spread-range-kyushu,kyushu,4.62,https://www.jepx.jp/_download.php?dir=spot_summary&file=spot_summary_2018.csv
2018-06-10,jepx-spread-range-kyushu,kyushu,3.81,https://www.jepx.jp/_download.php?dir=spot_summary&file=spot_summary_2018.csv
2018-06-11,jepx-spread-range-kyushu,kyushu,4.580000000000001,https://www.jepx.jp/_download.php?dir=spot_summary&file=spot_summary_2018.csv
2018-06-12,jepx-spread-range-kyushu,kyushu,4.17,https://www.jepx.jp/_download.php?dir=spot_summary&file=spot_summary_2018.csv
2018-06-13,jepx-spread-range-kyushu,kyushu,5.5200000000000005,https://www.jepx.jp/_download.php?dir=spot_summary&file=spot_summary_2018.csv
2018-06-14,jepx-spread-range-kyushu,kyushu,6.0600000000000005,https://www.jepx.jp/_download.php?dir=spot_summary&file=spot_summary_2018.csv
2018-06-15,jepx-spread-range-kyushu,kyushu,3.869999999999999,https://www.jepx.jp/_download.php?dir=spot_summary&file=spot_summary_2018.csv
2018-06-16,jepx-spread-range-kyushu,kyushu,4.81,https://www.jepx.jp/_download.php?dir=spot_summary&file=spot_summary_2018.csv
2018-06-17,jepx-spread-range-kyushu,kyushu,5.94,https://www.jepx.jp/_download.php?dir=spot_summary&file=spot_summary_2018.csv
2018-06-18,jepx-spread-range-kyushu,kyushu,5.110000000000001,https://www.jepx.jp/_download.php?dir=spot_summary&file=spot_summary_2018.csv
2018-06-19,jepx-spread-range-kyushu,kyushu,5.9,https://www.jepx.jp/_download.php?dir=spot_summary&file=spot_summary_2018.csv
2018-06-20,jepx-spread-range-kyushu,kyushu,4.13,https://www.jepx.jp/_download.php?dir=spot_summary&file=spot_summary_2018.csv
2018-06-21,jepx-spread-range-kyushu,kyushu,4.13,https://www.jepx.jp/_download.php?dir=spot_summary&file=spot_summary_2018.csv
2018-06-22,jepx-spread-range-kyushu,kyushu,4.239999999999999,https://www.jepx.jp/_download.php?dir=spot_summary&file=spot_summary_2018.csv
2018-06-23,jepx-spread-range-kyushu,kyushu,5.45,https://www.jepx.jp/_download.php?dir=spot_summary&file=spot_summary_2018.csv
2018-06-24,jepx-spread-range-kyushu,kyushu,4.5600000000000005,https://www.jepx.jp/_download.php?dir=spot_summary&file=spot_summary_2018.csv
2018-06-25,jepx-spread-range-kyushu,kyushu,7.34,https://www.jepx.jp/_download.php?dir=spot_summary&file=spot_summary_2018.csv
2018-06-26,jepx-spread-range-kyushu,kyushu,5.089999999999999,https://www.jepx.jp/_download.php?dir=spot_summary&file=spot_summary_2018.csv
2018-06-27,jepx-spread-range-kyushu,kyushu,5.3,https://www.jepx.jp/_download.php?dir=spot_summary&file=spot_summary_2018.csv
2018-06-28,jepx-spread-range-kyushu,kyushu,7.260000000000001,https://www.jepx.jp/_download.php?dir=spot_summary&file=spot_summary_2018.csv
2018-06-29,jepx-spread-range-kyushu,kyushu,7.23,https://www.jepx.jp/_download.php?dir=spot_summary&file=spot_summary_2018.csv
2018-06-30,jepx-spread-range-kyushu,kyushu,3.52,https://www.jepx.jp/_download.php?dir=spot_summary&file=spot_summary_2018.csv
2018-07-01,jepx-spread-range-kyushu,kyushu,4.77,https://www.jepx.jp/_download.php?dir=spot_summary&file=spot_summary_2018.csv
2018-07-02,jepx-spread-range-kyushu,kyushu,9.46,https://www.jepx.jp/_download.php?dir=spot_summary&file=spot_summary_2018.csv
2018-07-03,jepx-spread-range-kyushu,kyushu,9.37,https://www.jepx.jp/_download.php?dir=spot_summary&file=spot_summary_2018.csv
2018-07-04,jepx-spread-range-kyushu,kyushu,7.340000000000001,https://www.jepx.jp/_download.php?dir=spot_summary&file=spot_summary_2018.csv
2018-07-05,jepx-spread-range-kyushu,kyushu,7.109999999999999,https://www.jepx.jp/_download.php?dir=spot_summary&file=spot_summary_2018.csv
2018-07-06,jepx-spread-range-kyushu,kyushu,6.21,https://www.jepx.jp/_download.php?dir=spot_summary&file=spot_summary_2018.csv
2018-07-07,jepx-spread-range-kyushu,kyushu,2.3000000000000007,https://www.jepx.jp/_download.php?dir=spot_summary&file=spot_summary_2018.csv
2018-07-08,jepx-spread-range-kyushu,kyushu,4.170000000000001,https://www.jepx.jp/_download.php?dir=spot_summary&file=spot_summary_2018.csv
2018-07-09,jepx-spread-range-kyushu,kyushu,9.95,https://www.jepx.jp/_download.php?dir=spot_summary&file=spot_summary_2018.csv
2018-07-10,jepx-spread-range-kyushu,kyushu,6.71,https://www.jepx.jp/_download.php?dir=spot_summary&file=spot_summary_2018.csv
2018-07-11,jepx-spread-range-kyushu,kyushu,8.23,https://www.jepx.jp/_download.php?dir=spot_summary&file=spot_summary_2018.csv
2018-07-12,jepx-spread-range-kyushu,kyushu,8.27,https://www.jepx.jp/_download.php?dir=spot_summary&file=spot_summary_2018.csv
2018-07-13,jepx-spread-range-kyushu,kyushu,8.49,https://www.jepx.jp/_download.php?dir=spot_summary&file=spot_summary_2018.csv
2018-07-14,jepx-spread-range-kyushu,kyushu,6.0200000000000005,https://www.jepx.jp/_download.php?dir=spot_summary&file=spot_summary_2018.csv
2018-07-15,jepx-spread-range-kyushu,kyushu,6.36,https://www.jepx.jp/_download.php?dir=spot_summary&file=spot_summary_2018.csv
2018-07-16,jepx-spread-range-kyushu,kyushu,8.739999999999998,https://www.jepx.jp/_download.php?dir=spot_summary&file=spot_summary_2018.csv
2018-07-17,jepx-spread-range-kyushu,kyushu,12.21,https://www.jepx.jp/_download.php?dir=spot_summary&file=spot_summary_2018.csv
2018-07-18,jepx-spread-range-kyushu,kyushu,18.0,https://www.jepx.jp/_download.php?dir=spot_summary&file=spot_summary_2018.csv
2018-07-19,jepx-spread-range-kyushu,kyushu,23.26,https://www.jepx.jp/_download.php?dir=spot_summary&file=spot_summary_2018.csv
2018-07-20,jepx-spread-range-kyushu,kyushu,22.82,https://www.jepx.jp/_download.php?dir=spot_summary&file=spot_summary_2018.csv
2018-07-21,jepx-spread-range-kyushu,kyushu,7.5,https://www.jepx.jp/_download.php?dir=spot_summary&file=spot_summary_2018.csv
2018-07-22,jepx-spread-range-kyushu,kyushu,7.77,https://www.jepx.jp/_download.php?dir=spot_summary&file=spot_summary_2018.csv
2018-07-23,jepx-spread-range-kyushu,kyushu,41.48,https://www.jepx.jp/_download.php?dir=spot_summary&file=spot_summary_2018.csv
2018-07-24,jepx-spread-range-kyushu,kyushu,68.41,https://www.jepx.jp/_download.php?dir=spot_summary&file=spot_summary_2018.csv
2018-07-25,jepx-spread-range-kyushu,kyushu,92.08,https://www.jepx.jp/_download.php?dir=spot_summary&file=spot_summary_2018.csv
2018-07-26,jepx-spread-range-kyushu,kyushu,31.64,https://www.jepx.jp/_download.php?dir=spot_summary&file=spot_summary_2018.csv
2018-07-27,jepx-spread-range-kyushu,kyushu,22.45,https://www.jepx.jp/_download.php?dir=spot_summary&file=spot_summary_2018.csv
2018-07-28,jepx-spread-range-kyushu,kyushu,5.369999999999999,https://www.jepx.jp/_download.php?dir=spot_summary&file=spot_summary_2018.csv
2018-07-29,jepx-spread-range-kyushu,kyushu,6.18,https://www.jepx.jp/_download.php?dir=spot_summary&file=spot_summary_2018.csv
2018-07-30,jepx-spread-range-kyushu,kyushu,9.76,https://www.jepx.jp/_download.php?dir=spot_summary&file=spot_summary_2018.csv
2018-07-31,jepx-spread-range-kyushu,kyushu,13.41,https://www.jepx.jp/_download.php?dir=spot_summary&file=spot_summary_2018.csv
2018-08-01,jepx-spread-range-kyushu,kyushu,9.240000000000002,https://www.jepx.jp/_download.php?dir=spot_summary&file=spot_summary_2018.csv
2018-08-02,jepx-spread-range-kyushu,kyushu,24.28,https://www.jepx.jp/_download.php?dir=spot_summary&file=spot_summary_2018.csv
2018-08-03,jepx-spread-range-kyushu,kyushu,29.770000000000003,https://www.jepx.jp/_download.php?dir=spot_summary&file=spot_summary_2018.csv
2018-08-04,jepx-spread-range-kyushu,kyushu,7.240000000000001,https://www.jepx.jp/_download.php?dir=spot_summary&file=spot_summary_2018.csv
2018-08-05,jepx-spread-range-kyushu,kyushu,6.89,https://www.jepx.jp/_download.php?dir=spot_summary&file=spot_summary_2018.csv
2018-08-06,jepx-spread-range-kyushu,kyushu,54.89,https://www.jepx.jp/_download.php?dir=spot_summary&file=spot_summary_2018.csv
2018-08-07,jepx-spread-range-kyushu,kyushu,21.28,https://www.jepx.jp/_download.php?dir=spot_summary&file=spot_summary_2018.csv
2018-08-08,jepx-spread-range-kyushu,kyushu,28.28,https://www.jepx.jp/_download.php?dir=spot_summary&file=spot_summary_2018.csv
2018-08-09,jepx-spread-range-kyushu,kyushu,8.86,https://www.jepx.jp/_download.php?dir=spot_summary&file=spot_summary_2018.csv
2018-08-10,jepx-spread-range-kyushu,kyushu,13.28,https://www.jepx.jp/_download.php?dir=spot_summary&file=spot_summary_2018.csv
2018-08-11,jepx-spread-range-kyushu,kyushu,8.190000000000001,https://www.jepx.jp/_download.php?dir=spot_summary&file=spot_summary_2018.csv
2018-08-12,jepx-spread-range-kyushu,kyushu,8.219999999999999,https://www.jepx.jp/_download.php?dir=spot_summary&file=spot_summary_2018.csv
2018-08-13,jepx-spread-range-kyushu,kyushu,7.35,https://www.jepx.jp/_download.php?dir=spot_summary&file=spot_summary_2018.csv
2018-08-14,jepx-spread-range-kyushu,kyushu,6.4,https://www.jepx.jp/_download.php?dir=spot_summary&file=spot_summary_2018.csv
2018-08-15,jepx-spread-range-kyushu,kyushu,5.340000000000001,https://www.jepx.jp/_download.php?dir=spot_summary&file=spot_summary_2018.csv
2018-08-16,jepx-spread-range-kyushu,kyushu,7.83,https://www.jepx.jp/_download.php?dir=spot_summary&file=spot_summary_2018.csv
2018-08-17,jepx-spread-range-kyushu,kyushu,6.870000000000001,https://www.jepx.jp/_download.php?dir=spot_summary&file=spot_summary_2018.csv
2018-08-18,jepx-spread-range-kyushu,kyushu,5.059999999999999,https://www.jepx.jp/_download.php?dir=spot_summary&file=spot_summary_2018.csv
2018-08-19,jepx-spread-range-kyushu,kyushu,5.19,https://www.jepx.jp/_download.php?dir=spot_summary&file=spot_summary_2018.csv
2018-08-20,jepx-spread-range-kyushu,kyushu,7.860000000000001,https://www.jepx.jp/_download.php?dir=spot_summary&file=spot_summary_2018.csv
2018-08-21,jepx-spread-range-kyushu,kyushu,7.25,https://www.jepx.jp/_download.php?dir=spot_summary&file=spot_summary_2018.csv
2018-08-22,jepx-spread-range-kyushu,kyushu,12.82,https://www.jepx.jp/_download.php?dir=spot_summary&file=spot_summary_2018.csv
2018-08-23,jepx-spread-range-kyushu,kyushu,20.23,https://www.jepx.jp/_download.php?dir=spot_summary&file=spot_summary_2018.csv
2018-08-24,jepx-spread-range-kyushu,kyushu,15.75,https://www.jepx.jp/_download.php?dir=spot_summary&file=spot_summary_2018.csv
2018-08-25,jepx-spread-range-kyushu,kyushu,7.2,https://www.jepx.jp/_download.php?dir=spot_summary&file=spot_summary_2018.csv
2018-08-26,jepx-spread-range-kyushu,kyushu,15.92,https://www.jepx.jp/_download.php?dir=spot_summary&file=spot_summary_2018.csv
2018-08-27,jepx-spread-range-kyushu,kyushu,22.5,https://www.jepx.jp/_download.php?dir=spot_summary&file=spot_summary_2018.csv
2018-08-28,jepx-spread-range-kyushu,kyushu,21.47,https://www.jepx.jp/_download.php?dir=spot_summary&file=spot_summary_2018.csv
2018-08-29,jepx-spread-range-kyushu,kyushu,15.09,https://www.jepx.jp/_download.php?dir=spot_summary&file=spot_summary_2018.csv
2018-08-30,jepx-spread-range-kyushu,kyushu,14.91,https://www.jepx.jp/_download.php?dir=spot_summary&file=spot_summary_2018.csv
2018-08-31,jepx-spread-range-kyushu,kyushu,14.63,https://www.jepx.jp/_download.php?dir=spot_summary&file=spot_summary_2018.csv
2018-09-01,jepx-spread-range-kyushu,kyushu,5.780000000000001,https://www.jepx.jp/_download.php?dir=spot_summary&file=spot_summary_2018.csv
2018-09-02,jepx-spread-range-kyushu,kyushu,6.3,https://www.jepx.jp/_download.php?dir=spot_summary&file=spot_summary_2018.csv
2018-09-03,jepx-spread-range-kyushu,kyushu,8.39,https://www.jepx.jp/_download.php?dir=spot_summary&file=spot_summary_2018.csv
2018-09-04,jepx-spread-range-kyushu,kyushu,9.38,https://www.jepx.jp/_download.php?dir=spot_summary&file=spot_summary_2018.csv
2018-09-05,jepx-spread-range-kyushu,kyushu,13.099999999999998,https://www.jepx.jp/_download.php?dir=spot_summary&file=spot_summary_2018.csv
2018-09-06,jepx-spread-range-kyushu,kyushu,13.18,https://www.jepx.jp/_download.php?dir=spot_summary&file=spot_summary_2018.csv
2018-09-07,jepx-spread-range-kyushu,kyushu,9.69,https://www.jepx.jp/_download.php?dir=spot_summary&file=spot_summary_2018.csv
2018-09-08,jepx-spread-range-kyushu,kyushu,2.6,https://www.jepx.jp/_download.php?dir=spot_summary&file=spot_summary_2018.csv
2018-09-09,jepx-spread-range-kyushu,kyushu,3.21,https://www.jepx.jp/_download.php?dir=spot_summary&file=spot_summary_2018.csv
2018-09-10,jepx-spread-range-kyushu,kyushu,4.51,https://www.jepx.jp/_download.php?dir=spot_summary&file=spot_summary_2018.csv
2018-09-11,jepx-spread-range-kyushu,kyushu,5.180000000000001,https://www.jepx.jp/_download.php?dir=spot_summary&file=spot_summary_2018.csv
2018-09-12,jepx-spread-range-kyushu,kyushu,4.98,https://www.jepx.jp/_download.php?dir=spot_summary&file=spot_summary_2018.csv
2018-09-13,jepx-spread-range-kyushu,kyushu,4.710000000000001,https://www.jepx.jp/_download.php?dir=spot_summary&file=spot_summary_2018.csv
2018-09-14,jepx-spread-range-kyushu,kyushu,4.64,https://www.jepx.jp/_download.php?dir=spot_summary&file=spot_summary_2018.csv
2018-09-15,jepx-spread-range-kyushu,kyushu,4.13,https://www.jepx.jp/_download.php?dir=spot_summary&file=spot_summary_2018.csv
2018-09-16,jepx-spread-range-kyushu,kyushu,6.949999999999999,https://www.jepx.jp/_download.php?dir=spot_summary&file=spot_summary_2018.csv
2018-09-17,jepx-spread-range-kyushu,kyushu,7.29,https://www.jepx.jp/_download.php?dir=spot_summary&file=spot_summary_2018.csv
2018-09-18,jepx-spread-range-kyushu,kyushu,5.880000000000001,https://www.jepx.jp/_download.php?dir=spot_summary&file=spot_summary_2018.csv
2018-09-19,jepx-spread-range-kyushu,kyushu,5.510000000000001,https://www.jepx.jp/_download.php?dir=spot_summary&file=spot_summary_2018.csv
2018-09-20,jepx-spread-range-kyushu,kyushu,4.410000000000001,https://www.jepx.jp/_download.php?dir=spot_summary&file=spot_summary_2018.csv
2018-09-21,jepx-spread-range-kyushu,kyushu,4.630000000000001,https://www.jepx.jp/_download.php?dir=spot_summary&file=spot_summary_2018.csv
2018-09-22,jepx-spread-range-kyushu,kyushu,4.84,https://www.jepx.jp/_download.php?dir=spot_summary&file=spot_summary_2018.csv
2018-09-23,jepx-spread-range-kyushu,kyushu,4.18,https://www.jepx.jp/_download.php?dir=spot_summary&file=spot_summary_2018.csv
2018-09-24,jepx-spread-range-kyushu,kyushu,5.45,https://www.jepx.jp/_download.php?dir=spot_summary&file=spot_summary_2018.csv
2018-09-25,jepx-spread-range-kyushu,kyushu,4.57,https://www.jepx.jp/_download.php?dir=spot_summary&file=spot_summary_2018.csv
2018-09-26,jepx-spread-range-kyushu,kyushu,4.64,https://www.jepx.jp/_download.php?dir=spot_summary&file=spot_summary_2018.csv
2018-09-27,jepx-spread-range-kyushu,kyushu,3.64,https://www.jepx.jp/_download.php?dir=spot_summary&file=spot_summary_2018.csv
2018-09-28,jepx-spread-range-kyushu,kyushu,3.79,https://www.jepx.jp/_download.php?dir=spot_summary&file=spot_summary_2018.csv
2018-09-29,jepx-spread-range-kyushu,kyushu,2.6,https://www.jepx.jp/_download.php?dir=spot_summary&file=spot_summary_2018.csv
2018-09-30,jepx-spread-range-kyushu,kyushu,3.4300000000000006,https://www.jepx.jp/_download.php?dir=spot_summary&file=spot_summary_2018.csv
2018-10-01,jepx-spread-range-kyushu,kyushu,7.53,https://www.jepx.jp/_download.php?dir=spot_summary&file=spot_summary_2018.csv
2018-10-02,jepx-spread-range-kyushu,kyushu,5.5600000000000005,https://www.jepx.jp/_download.php?dir=spot_summary&file=spot_summary_2018.csv
2018-10-03,jepx-spread-range-kyushu,kyushu,5.8500000000000005,https://www.jepx.jp/_download.php?dir=spot_summary&file=spot_summary_2018.csv
2018-10-04,jepx-spread-range-kyushu,kyushu,5.0600000000000005,https://www.jepx.jp/_download.php?dir=spot_summary&file=spot_summary_2018.csv
2018-10-05,jepx-spread-range-kyushu,kyushu,5.459999999999999,https://www.jepx.jp/_download.php?dir=spot_summary&file=spot_summary_2018.csv
2018-10-06,jepx-spread-range-kyushu,kyushu,2.910000000000001,https://www.jepx.jp/_download.php?dir=spot_summary&file=spot_summary_2018.csv
2018-10-07,jepx-spread-range-kyushu,kyushu,3.370000000000001,https://www.jepx.jp/_download.php?dir=spot_summary&file=spot_summary_2018.csv
2018-10-08,jepx-spread-range-kyushu,kyushu,3.3499999999999988,https://www.jepx.jp/_download.php?dir=spot_summary&file=spot_summary_2018.csv
2018-10-09,jepx-spread-range-kyushu,kyushu,6.199999999999999,https://www.jepx.jp/_download.php?dir=spot_summary&file=spot_summary_2018.csv
2018-10-10,jepx-spread-range-kyushu,kyushu,5.69,https://www.jepx.jp/_download.php?dir=spot_summary&file=spot_summary_2018.csv
2018-10-11,jepx-spread-range-kyushu,kyushu,3.72,https://www.jepx.jp/_download.php?dir=spot_summary&file=spot_summary_2018.csv
2018-10-12,jepx-spread-range-kyushu,kyushu,6.319999999999999,https://www.jepx.jp/_download.php?dir=spot_summary&file=spot_summary_2018.csv
2018-10-13,jepx-spread-range-kyushu,kyushu,4.38,https://www.jepx.jp/_download.php?dir=spot_summary&file=spot_summary_2018.csv
2018-10-14,jepx-spread-range-kyushu,kyushu,4.9,https://www.jepx.jp/_download.php?dir=spot_summary&file=spot_summary_2018.csv
2018-10-15,jepx-spread-range-kyushu,kyushu,7.099999999999999,https://www.jepx.jp/_download.php?dir=spot_summary&file=spot_summary_2018.csv
2018-10-16,jepx-spread-range-kyushu,kyushu,9.03,https://www.jepx.jp/_download.php?dir=spot_summary&file=spot_summary_2018.csv
2018-10-17,jepx-spread-range-kyushu,kyushu,9.29,https://www.jepx.jp/_download.php?dir=spot_summary&file=spot_summary_2018.csv
2018-10-18,jepx-spread-range-kyushu,kyushu,12.0,https://www.jepx.jp/_download.php?dir=spot_summary&file=spot_summary_2018.csv
2018-10-19,jepx-spread-range-kyushu,kyushu,7.6,https://www.jepx.jp/_download.php?dir=spot_summary&file=spot_summary_2018.csv
2018-10-20,jepx-spread-range-kyushu,kyushu,6.27,https://www.jepx.jp/_download.php?dir=spot_summary&file=spot_summary_2018.csv
2018-10-21,jepx-spread-range-kyushu,kyushu,8.379999999999999,https://www.jepx.jp/_download.php?dir=spot_summary&file=spot_summary_2018.csv
2018-10-22,jepx-spread-range-kyushu,kyushu,6.950000000000001,https://www.jepx.jp/_download.php?dir=spot_summary&file=spot_summary_2018.csv
2018-10-23,jepx-spread-range-kyushu,kyushu,6.569999999999999,https://www.jepx.jp/_download.php?dir=spot_summary&file=spot_summary_2018.csv
2018-10-24,jepx-spread-range-kyushu,kyushu,6.510000000000001,https://www.jepx.jp/_download.php?dir=spot_summary&file=spot_summary_2018.csv
2018-10-25,jepx-spread-range-kyushu,kyushu,7.470000000000001,https://www.jepx.jp/_download.php?dir=spot_summary&file=spot_summary_2018.csv
2018-10-26,jepx-spread-range-kyushu,kyushu,6.44,https://www.jepx.jp/_download.php?dir=spot_summary&file=spot_summary_2018.csv
2018-10-27,jepx-spread-range-kyushu,kyushu,5.27,https://www.jepx.jp/_download.php?dir=spot_summary&file=spot_summary_2018.csv
2018-10-28,jepx-spread-range-kyushu,kyushu,6.239999999999999,https://www.jepx.jp/_download.php?dir=spot_summary&file=spot_summary_2018.csv
2018-10-29,jepx-spread-range-kyushu,kyushu,6.44,https://www.jepx.jp/_download.php?dir=spot_summary&file=spot_summary_2018.csv
2018-10-30,jepx-spread-range-kyushu,kyushu,6.88,https://www.jepx.jp/_download.php?dir=spot_summary&file=spot_summary_2018.csv
2018-10-31,jepx-spread-range-kyushu,kyushu,6.390000000000001,https://www.jepx.jp/_download.php?dir=spot_summary&file=spot_summary_2018.csv
2018-11-01,jepx-spread-range-kyushu,kyushu,5.640000000000001,https://www.jepx.jp/_download.php?dir=spot_summary&file=spot_summary_2018.csv
2018-11-02,jepx-spread-range-kyushu,kyushu,5.77,https://www.jepx.jp/_download.php?dir=spot_summary&file=spot_summary_2018.csv
2018-11-03,jepx-spread-range-kyushu,kyushu,4.85,https://www.jepx.jp/_download.php?dir=spot_summary&file=spot_summary_2018.csv
2018-11-04,jepx-spread-range-kyushu,kyushu,5.320000000000001,https://www.jepx.jp/_download.php?dir=spot_summary&file=spot_summary_2018.csv
2018-11-05,jepx-spread-range-kyushu,kyushu,5.8100000000000005,https://www.jepx.jp/_download.php?dir=spot_summary&file=spot_summary_2018.csv
2018-11-06,jepx-spread-range-kyushu,kyushu,6.34,https://www.jepx.jp/_download.php?dir=spot_summary&file=spot_summary_2018.csv
2018-11-07,jepx-spread-range-kyushu,kyushu,5.91,https://www.jepx.jp/_download.php?dir=spot_summary&file=spot_summary_2018.csv
2018-11-08,jepx-spread-range-kyushu,kyushu,4.859999999999999,https://www.jepx.jp/_download.php?dir=spot_summary&file=spot_summary_2018.csv
2018-11-09,jepx-spread-range-kyushu,kyushu,4.260000000000001,https://www.jepx.jp/_download.php?dir=spot_summary&file=spot_summary_2018.csv
2018-11-10,jepx-spread-range-kyushu,kyushu,5.970000000000001,https://www.jepx.jp/_download.php?dir=spot_summary&file=spot_summary_2018.csv
2018-11-11,jepx-spread-range-kyushu,kyushu,7.07,https://www.jepx.jp/_download.php?dir=spot_summary&file=spot_summary_2018.csv
2018-11-12,jepx-spread-range-kyushu,kyushu,5.99,https://www.jepx.jp/_download.php?dir=spot_summary&file=spot_summary_2018.csv
2018-11-13,jepx-spread-range-kyushu,kyushu,5.4,https://www.jepx.jp/_download.php?dir=spot_summary&file=spot_summary_2018.csv
2018-11-14,jepx-spread-range-kyushu,kyushu,5.07,https://www.jepx.jp/_download.php?dir=spot_summary&file=spot_summary_2018.csv
2018-11-15,jepx-spread-range-kyushu,kyushu,6.029999999999999,https://www.jepx.jp/_download.php?dir=spot_summary&file=spot_summary_2018.csv
2018-11-16,jepx-spread-range-kyushu,kyushu,6.01,https://www.jepx.jp/_download.php?dir=spot_summary&file=spot_summary_2018.csv
2018-11-17,jepx-spread-range-kyushu,kyushu,4.25,https://www.jepx.jp/_download.php?dir=spot_summary&file=spot_summary_2018.csv
2018-11-18,jepx-spread-range-kyushu,kyushu,3.98,https://www.jepx.jp/_download.php?dir=spot_summary&file=spot_summary_2018.csv
2018-11-19,jepx-spread-range-kyushu,kyushu,7.129999999999999,https://www.jepx.jp/_download.php?dir=spot_summary&file=spot_summary_2018.csv
2018-11-20,jepx-spread-range-kyushu,kyushu,6.23,https://www.jepx.jp/_download.php?dir=spot_summary&file=spot_summary_2018.csv
2018-11-21,jepx-spread-range-kyushu,kyushu,6.6,https://www.jepx.jp/_download.php?dir=spot_summary&file=spot_summary_2018.csv
2018-11-22,jepx-spread-range-kyushu,kyushu,5.8100000000000005,https://www.jepx.jp/_download.php?dir=spot_summary&file=spot_summary_2018.csv
2018-11-23,jepx-spread-range-kyushu,kyushu,4.39,https://www.jepx.jp/_download.php?dir=spot_summary&file=spot_summary_2018.csv
2018-11-24,jepx-spread-range-kyushu,kyushu,6.200000000000001,https://www.jepx.jp/_download.php?dir=spot_summary&file=spot_summary_2018.csv
2018-11-25,jepx-spread-range-kyushu,kyushu,4.68,https://www.jepx.jp/_download.php?dir=spot_summary&file=spot_summary_2018.csv
2018-11-26,jepx-spread-range-kyushu,kyushu,6.049999999999999,https://www.jepx.jp/_download.php?dir=spot_summary&file=spot_summary_2018.csv
2018-11-27,jepx-spread-range-kyushu,kyushu,4.3500000000000005,https://www.jepx.jp/_download.php?dir=spot_summary&file=spot_summary_2018.csv
2018-11-28,jepx-spread-range-kyushu,kyushu,4.359999999999999,https://www.jepx.jp/_download.php?dir=spot_summary&file=spot_summary_2018.csv
2018-11-29,jepx-spread-range-kyushu,kyushu,3.88,https://www.jepx.jp/_download.php?dir=spot_summary&file=spot_summary_2018.csv
2018-11-30,jepx-spread-range-kyushu,kyushu,7.31,https://www.jepx.jp/_download.php?dir=spot_summary&file=spot_summary_2018.csv
2018-12-01,jepx-spread-range-kyushu,kyushu,4.59,https://www.jepx.jp/_download.php?dir=spot_summary&file=spot_summary_2018.csv
2018-12-02,jepx-spread-range-kyushu,kyushu,7.59,https://www.jepx.jp/_download.php?dir=spot_summary&file=spot_summary_2018.csv
2018-12-03,jepx-spread-range-kyushu,kyushu,7.0600000000000005,https://www.jepx.jp/_download.php?dir=spot_summary&file=spot_summary_2018.csv
2018-12-04,jepx-spread-range-kyushu,kyushu,3.890000000000001,https://www.jepx.jp/_download.php?dir=spot_summary&file=spot_summary_2018.csv
2018-12-05,jepx-spread-range-kyushu,kyushu,4.34,https://www.jepx.jp/_download.php?dir=spot_summary&file=spot_summary_2018.csv
2018-12-06,jepx-spread-range-kyushu,kyushu,4.3,https://www.jepx.jp/_download.php?dir=spot_summary&file=spot_summary_2018.csv
2018-12-07,jepx-spread-range-kyushu,kyushu,4.67,https://www.jepx.jp/_download.php?dir=spot_summary&file=spot_summary_2018.csv
2018-12-08,jepx-spread-range-kyushu,kyushu,3.88,https://www.jepx.jp/_download.php?dir=spot_summary&file=spot_summary_2018.csv
2018-12-09,jepx-spread-range-kyushu,kyushu,4.43,https://www.jepx.jp/_download.php?dir=spot_summary&file=spot_summary_2018.csv
2018-12-10,jepx-spread-range-kyushu,kyushu,7.159999999999999,https://www.jepx.jp/_download.php?dir=spot_summary&file=spot_summary_2018.csv
2018-12-11,jepx-spread-range-kyushu,kyushu,6.2,https://www.jepx.jp/_download.php?dir=spot_summary&file=spot_summary_2018.csv
2018-12-12,jepx-spread-range-kyushu,kyushu,9.25,https://www.jepx.jp/_download.php?dir=spot_summary&file=spot_summary_2018.csv
2018-12-13,jepx-spread-range-kyushu,kyushu,11.77,https://www.jepx.jp/_download.php?dir=spot_summary&file=spot_summary_2018.csv
2018-12-14,jepx-spread-range-kyushu,kyushu,7.43,https://www.jepx.jp/_download.php?dir=spot_summary&file=spot_summary_2018.csv
2018-12-15,jepx-spread-range-kyushu,kyushu,5.879999999999999,https://www.jepx.jp/_download.php?dir=spot_summary&file=spot_summary_2018.csv
2018-12-16,jepx-spread-range-kyushu,kyushu,3.82,https://www.jepx.jp/_download.php?dir=spot_summary&file=spot_summary_2018.csv
2018-12-17,jepx-spread-range-kyushu,kyushu,5.319999999999999,https://www.jepx.jp/_download.php?dir=spot_summary&file=spot_summary_2018.csv
2018-12-18,jepx-spread-range-kyushu,kyushu,10.31,https://www.jepx.jp/_download.php?dir=spot_summary&file=spot_summary_2018.csv
2018-12-19,jepx-spread-range-kyushu,kyushu,5.04,https://www.jepx.jp/_download.php?dir=spot_summary&file=spot_summary_2018.csv
2018-12-20,jepx-spread-range-kyushu,kyushu,4.19,https://www.jepx.jp/_download.php?dir=spot_summary&file=spot_summary_2018.csv
2018-12-21,jepx-spread-range-kyushu,kyushu,4.050000000000001,https://www.jepx.jp/_download.php?dir=spot_summary&file=spot_summary_2018.csv
2018-12-22,jepx-spread-range-kyushu,kyushu,4.97,https://www.jepx.jp/_download.php?dir=spot_summary&file=spot_summary_2018.csv
2018-12-23,jepx-spread-range-kyushu,kyushu,3.5699999999999994,https://www.jepx.jp/_download.php?dir=spot_summary&file=spot_summary_2018.csv
2018-12-24,jepx-spread-range-kyushu,kyushu,4.74,https://www.jepx.jp/_download.php?dir=spot_summary&file=spot_summary_2018.csv
2018-12-25,jepx-spread-range-kyushu,kyushu,5.82,https://www.jepx.jp/_download.php?dir=spot_summary&file=spot_summary_2018.csv
2018-12-26,jepx-spread-range-kyushu,kyushu,4.739999999999999,https://www.jepx.jp/_download.php?dir=spot_summary&file=spot_summary_2018.csv
2018-12-27,jepx-spread-range-kyushu,kyushu,5.799999999999999,https://www.jepx.jp/_download.php?dir=spot_summary&file=spot_summary_2018.csv
2018-12-28,jepx-spread-range-kyushu,kyushu,4.41,https://www.jepx.jp/_download.php?dir=spot_summary&file=spot_summary_2018.csv
2018-12-29,jepx-spread-range-kyushu,kyushu,3.79,https://www.jepx.jp/_download.php?dir=spot_summary&file=spot_summary_2018.csv
2018-12-30,jepx-spread-range-kyushu,kyushu,3.78,https://www.jepx.jp/_download.php?dir=spot_summary&file=spot_summary_2018.csv
2018-12-31,jepx-spread-range-kyushu,kyushu,8.59,https://www.jepx.jp/_download.php?dir=spot_summary&file=spot_summary_2018.csv
2019-01-01,jepx-spread-range-kyushu,kyushu,8.25,https://www.jepx.jp/_download.php?dir=spot_summary&file=spot_summary_2018.csv
2019-01-02,jepx-spread-range-kyushu,kyushu,8.28,https://www.jepx.jp/_download.php?dir=spot_summary&file=spot_summary_2018.csv
2019-01-03,jepx-spread-range-kyushu,kyushu,8.68,https://www.jepx.jp/_download.php?dir=spot_summary&file=spot_summary_2018.csv
2019-01-04,jepx-spread-range-kyushu,kyushu,4.26,https://www.jepx.jp/_download.php?dir=spot_summary&file=spot_summary_2018.csv
2019-01-05,jepx-spread-range-kyushu,kyushu,3.830000000000001,https://www.jepx.jp/_download.php?dir=spot_summary&file=spot_summary_2018.csv
2019-01-06,jepx-spread-range-kyushu,kyushu,3.2300000000000004,https://www.jepx.jp/_download.php?dir=spot_summary&file=spot_summary_2018.csv
2019-01-07,jepx-spread-range-kyushu,kyushu,6.1000000000000005,https://www.jepx.jp/_download.php?dir=spot_summary&file=spot_summary_2018.csv
2019-01-08,jepx-spread-range-kyushu,kyushu,4.57,https://www.jepx.jp/_download.php?dir=spot_summary&file=spot_summary_2018.csv
2019-01-09,jepx-spread-range-kyushu,kyushu,5.13,https://www.jepx.jp/_download.php?dir=spot_summary&file=spot_summary_2018.csv
2019-01-10,jepx-spread-range-kyushu,kyushu,7.85,https://www.jepx.jp/_download.php?dir=spot_summary&file=spot_summary_2018.csv
2019-01-11,jepx-spread-range-kyushu,kyushu,6.580000000000001,https://www.jepx.jp/_download.php?dir=spot_summary&file=spot_summary_2018.csv
2019-01-12,jepx-spread-range-kyushu,kyushu,3.1999999999999997,https://www.jepx.jp/_download.php?dir=spot_summary&file=spot_summary_2018.csv
2019-01-13,jepx-spread-range-kyushu,kyushu,3.9,https://www.jepx.jp/_download.php?dir=spot_summary&file=spot_summary_2018.csv
2019-01-14,jepx-spread-range-kyushu,kyushu,6.039999999999999,https://www.jepx.jp/_download.php?dir=spot_summary&file=spot_summary_2018.csv
2019-01-15,jepx-spread-range-kyushu,kyushu,6.66,https://www.jepx.jp/_download.php?dir=spot_summary&file=spot_summary_2018.csv
2019-01-16,jepx-spread-range-kyushu,kyushu,5.2,https://www.jepx.jp/_download.php?dir=spot_summary&file=spot_summary_2018.csv
2019-01-17,jepx-spread-range-kyushu,kyushu,6.1,https://www.jepx.jp/_download.php?dir=spot_summary&file=spot_summary_2018.csv
2019-01-18,jepx-spread-range-kyushu,kyushu,5.45,https://www.jepx.jp/_download.php?dir=spot_summary&file=spot_summary_2018.csv
2019-01-19,jepx-spread-range-kyushu,kyushu,4.86,https://www.jepx.jp/_download.php?dir=spot_summary&file=spot_summary_2018.csv
2019-01-20,jepx-spread-range-kyushu,kyushu,3.539999999999999,https://www.jepx.jp/_download.php?dir=spot_summary&file=spot_summary_2018.csv
2019-01-21,jepx-spread-range-kyushu,kyushu,5.33,https://www.jepx.jp/_download.php?dir=spot_summary&file=spot_summary_2018.csv
2019-01-22,jepx-spread-range-kyushu,kyushu,7.42,https://www.jepx.jp/_download.php?dir=spot_summary&file=spot_summary_2018.csv
2019-01-23,jepx-spread-range-kyushu,kyushu,5.53,https://www.jepx.jp/_download.php?dir=spot_summary&file=spot_summary_2018.csv
2019-01-24,jepx-spread-range-kyushu,kyushu,7.84,https://www.jepx.jp/_download.php?dir=spot_summary&file=spot_summary_2018.csv
2019-01-25,jepx-spread-range-kyushu,kyushu,7.489999999999999,https://www.jepx.jp/_download.php?dir=spot_summary&file=spot_summary_2018.csv
2019-01-26,jepx-spread-range-kyushu,kyushu,6.720000000000001,https://www.jepx.jp/_download.php?dir=spot_summary&file=spot_summary_2018.csv
2019-01-27,jepx-spread-range-kyushu,kyushu,4.6000000000000005,https://www.jepx.jp/_download.php?dir=spot_summary&file=spot_summary_2018.csv
2019-01-28,jepx-spread-range-kyushu,kyushu,7.409999999999999,https://www.jepx.jp/_download.php?dir=spot_summary&file=spot_summary_2018.csv
2019-01-29,jepx-spread-range-kyushu,kyushu,8.129999999999999,https://www.jepx.jp/_download.php?dir=spot_summary&file=spot_summary_2018.csv
2019-01-30,jepx-spread-range-kyushu,kyushu,9.93,https://www.jepx.jp/_download.php?dir=spot_summary&file=spot_summary_2018.csv
2019-01-31,jepx-spread-range-kyushu,kyushu,7.75,https://www.jepx.jp/_download.php?dir=spot_summary&file=spot_summary_2018.csv
2019-02-01,jepx-spread-range-kyushu,kyushu,6.52,https://www.jepx.jp/_download.php?dir=spot_summary&file=spot_summary_2018.csv
2019-02-02,jepx-spread-range-kyushu,kyushu,4.930000000000001,https://www.jepx.jp/_download.php?dir=spot_summary&file=spot_summary_2018.csv
2019-02-03,jepx-spread-range-kyushu,kyushu,3.5200000000000005,https://www.jepx.jp/_download.php?dir=spot_summary&file=spot_summary_2018.csv
2019-02-04,jepx-spread-range-kyushu,kyushu,8.2,https://www.jepx.jp/_download.php?dir=spot_summary&file=spot_summary_2018.csv
2019-02-05,jepx-spread-range-kyushu,kyushu,9.76,https://www.jepx.jp/_download.php?dir=spot_summary&file=spot_summary_2018.csv
2019-02-06,jepx-spread-range-kyushu,kyushu,4.999999999999999,https://www.jepx.jp/_download.php?dir=spot_summary&file=spot_summary_2018.csv
2019-02-07,jepx-spread-range-kyushu,kyushu,3.9099999999999993,https://www.jepx.jp/_download.php?dir=spot_summary&file=spot_summary_2018.csv
2019-02-08,jepx-spread-range-kyushu,kyushu,4.31,https://www.jepx.jp/_download.php?dir=spot_summary&file=spot_summary_2018.csv
2019-02-09,jepx-spread-range-kyushu,kyushu,4.029999999999999,https://www.jepx.jp/_download.php?dir=spot_summary&file=spot_summary_2018.csv
2019-02-10,jepx-spread-range-kyushu,kyushu,5.720000000000001,https://www.jepx.jp/_download.php?dir=spot_summary&file=spot_summary_2018.csv
2019-02-11,jepx-spread-range-kyushu,kyushu,5.33,https://www.jepx.jp/_download.php?dir=spot_summary&file=spot_summary_2018.csv
2019-02-12,jepx-spread-range-kyushu,kyushu,5.420000000000001,https://www.jepx.jp/_download.php?dir=spot_summary&file=spot_summary_2018.csv
2019-02-13,jepx-spread-range-kyushu,kyushu,5.079999999999999,https://www.jepx.jp/_download.php?dir=spot_summary&file=spot_summary_2018.csv
2019-02-14,jepx-spread-range-kyushu,kyushu,4.880000000000001,https://www.jepx.jp/_download.php?dir=spot_summary&file=spot_summary_2018.csv
2019-02-15,jepx-spread-range-kyushu,kyushu,3.61,https://www.jepx.jp/_download.php?dir=spot_summary&file=spot_summary_2018.csv
2019-02-16,jepx-spread-range-kyushu,kyushu,3.929999999999999,https://www.jepx.jp/_download.php?dir=spot_summary&file=spot_summary_2018.csv
2019-02-17,jepx-spread-range-kyushu,kyushu,8.53,https://www.jepx.jp/_download.php?dir=spot_summary&file=spot_summary_2018.csv
2019-02-18,jepx-spread-range-kyushu,kyushu,5.289999999999999,https://www.jepx.jp/_download.php?dir=spot_summary&file=spot_summary_2018.csv
2019-02-19,jepx-spread-range-kyushu,kyushu,5.949999999999999,https://www.jepx.jp/_download.php?dir=spot_summary&file=spot_summary_2018.csv
2019-02-20,jepx-spread-range-kyushu,kyushu,3.9,https://www.jepx.jp/_download.php?dir=spot_summary&file=spot_summary_2018.csv
2019-02-21,jepx-spread-range-kyushu,kyushu,5.410000000000001,https://www.jepx.jp/_download.php?dir=spot_summary&file=spot_summary_2018.csv
2019-02-22,jepx-spread-range-kyushu,kyushu,4.66,https://www.jepx.jp/_download.php?dir=spot_summary&file=spot_summary_2018.csv
2019-02-23,jepx-spread-range-kyushu,kyushu,4.1000000000000005,https://www.jepx.jp/_download.php?dir=spot_summary&file=spot_summary_2018.csv
2019-02-24,jepx-spread-range-kyushu,kyushu,8.21,https://www.jepx.jp/_download.php?dir=spot_summary&file=spot_summary_2018.csv
2019-02-25,jepx-spread-range-kyushu,kyushu,5.18,https://www.jepx.jp/_download.php?dir=spot_summary&file=spot_summary_2018.csv
2019-02-26,jepx-spread-range-kyushu,kyushu,3.84,https://www.jepx.jp/_download.php?dir=spot_summary&file=spot_summary_2018.csv
2019-02-27,jepx-spread-range-kyushu,kyushu,3.59,https://www.jepx.jp/_download.php?dir=spot_summary&file=spot_summary_2018.csv
2019-02-28,jepx-spread-range-kyushu,kyushu,3.750000000000001,https://www.jepx.jp/_download.php?dir=spot_summary&file=spot_summary_2018.csv
2019-03-01,jepx-spread-range-kyushu,kyushu,5.720000000000001,https://www.jepx.jp/_download.php?dir=spot_summary&file=spot_summary_2018.csv
2019-03-02,jepx-spread-range-kyushu,kyushu,4.5,https://www.jepx.jp/_download.php?dir=spot_summary&file=spot_summary_2018.csv
2019-03-03,jepx-spread-range-kyushu,kyushu,3.53,https://www.jepx.jp/_download.php?dir=spot_summary&file=spot_summary_2018.csv
2019-03-04,jepx-spread-range-kyushu,kyushu,3.880000000000001,https://www.jepx.jp/_download.php?dir=spot_summary&file=spot_summary_2018.csv
2019-03-05,jepx-spread-range-kyushu,kyushu,7.130000000000001,https://www.jepx.jp/_download.php?dir=spot_summary&file=spot_summary_2018.csv
2019-03-06,jepx-spread-range-kyushu,kyushu,4.239999999999999,https://www.jepx.jp/_download.php?dir=spot_summary&file=spot_summary_2018.csv
2019-03-07,jepx-spread-range-kyushu,kyushu,3.73,https://www.jepx.jp/_download.php?dir=spot_summary&file=spot_summary_2018.csv
2019-03-08,jepx-spread-range-kyushu,kyushu,8.219999999999999,https://www.jepx.jp/_download.php?dir=spot_summary&file=spot_summary_2018.csv
2019-03-09,jepx-spread-range-kyushu,kyushu,7.74,https://www.jepx.jp/_download.php?dir=spot_summary&file=spot_summary_2018.csv
2019-03-10,jepx-spread-range-kyushu,kyushu,3.1500000000000004,https://www.jepx.jp/_download.php?dir=spot_summary&file=spot_summary_2018.csv
2019-03-11,jepx-spread-range-kyushu,kyushu,3.19,https://www.jepx.jp/_download.php?dir=spot_summary&file=spot_summary_2018.csv
2019-03-12,jepx-spread-range-kyushu,kyushu,7.13,https://www.jepx.jp/_download.php?dir=spot_summary&file=spot_summary_2018.csv
2019-03-13,jepx-spread-range-kyushu,kyushu,8.71,https://www.jepx.jp/_download.php?dir=spot_summary&file=spot_summary_2018.csv
2019-03-14,jepx-spread-range-kyushu,kyushu,6.619999999999999,https://www.jepx.jp/_download.php?dir=spot_summary&file=spot_summary_2018.csv
2019-03-15,jepx-spread-range-kyushu,kyushu,5.209999999999999,https://www.jepx.jp/_download.php?dir=spot_summary&file=spot_summary_2018.csv
2019-03-16,jepx-spread-range-kyushu,kyushu,5.24,https://www.jepx.jp/_download.php?dir=spot_summary&file=spot_summary_2018.csv
2019-03-17,jepx-spread-range-kyushu,kyushu,9.19,https://www.jepx.jp/_download.php?dir=spot_summary&file=spot_summary_2018.csv
2019-03-18,jepx-spread-range-kyushu,kyushu,6.16,https://www.jepx.jp/_download.php?dir=spot_summary&file=spot_summary_2018.csv
2019-03-19,jepx-spread-range-kyushu,kyushu,4.970000000000001,https://www.jepx.jp/_download.php?dir=spot_summary&file=spot_summary_2018.csv
2019-03-20,jepx-spread-range-kyushu,kyushu,4.72,https://www.jepx.jp/_download.php?dir=spot_summary&file=spot_summary_2018.csv
2019-03-21,jepx-spread-range-kyushu,kyushu,4.299999999999999,https://www.jepx.jp/_download.php?dir=spot_summary&file=spot_summary_2018.csv
2019-03-22,jepx-spread-range-kyushu,kyushu,5.130000000000001,https://www.jepx.jp/_download.php?dir=spot_summary&file=spot_summary_2018.csv
2019-03-23,jepx-spread-range-kyushu,kyushu,8.71,https://www.jepx.jp/_download.php?dir=spot_summary&file=spot_summary_2018.csv
2019-03-24,jepx-spread-range-kyushu,kyushu,9.74,https://www.jepx.jp/_download.php?dir=spot_summary&file=spot_summary_2018.csv
2019-03-25,jepx-spread-range-kyushu,kyushu,4.889999999999999,https://www.jepx.jp/_download.php?dir=spot_summary&file=spot_summary_2018.csv
2019-03-26,jepx-spread-range-kyushu,kyushu,8.71,https://www.jepx.jp/_download.php?dir=spot_summary&file=spot_summary_2018.csv
2019-03-27,jepx-spread-range-kyushu,kyushu,3.82,https://www.jepx.jp/_download.php?dir=spot_summary&file=spot_summary_2018.csv
2019-03-28,jepx-spread-range-kyushu,kyushu,3.62,https://www.jepx.jp/_download.php?dir=spot_summary&file=spot_summary_2018.csv
2019-03-29,jepx-spread-range-kyushu,kyushu,2.84,https://www.jepx.jp/_download.php?dir=spot_summary&file=spot_summary_2018.csv
2019-03-30,jepx-spread-range-kyushu,kyushu,8.540000000000001,https://www.jepx.jp/_download.php?dir=spot_summary&file=spot_summary_2018.csv
2019-03-31,jepx-spread-range-kyushu,kyushu,5.550000000000001,https://www.jepx.jp/_download.php?dir=spot_summary&file=spot_summary_2018.csv
2019-04-01,jepx-spread-range-kyushu,kyushu,6.47,https://www.jepx.jp/_download.php?dir=spot_summary&file=spot_summary_2019.csv
2019-04-02,jepx-spread-range-kyushu,kyushu,6.21,https://www.jepx.jp/_download.php?dir=spot_summary&file=spot_summary_2019.csv
2019-04-03,jepx-spread-range-kyushu,kyushu,7.26,https://www.jepx.jp/_download.php?dir=spot_summary&file=spot_summary_2019.csv
2019-04-04,jepx-spread-range-kyushu,kyushu,10.33,https://www.jepx.jp/_download.php?dir=spot_summary&file=spot_summary_2019.csv
2019-04-05,jepx-spread-range-kyushu,kyushu,4.380000000000001,https://www.jepx.jp/_download.php?dir=spot_summary&file=spot_summary_2019.csv
2019-04-06,jepx-spread-range-kyushu,kyushu,8.64,https://www.jepx.jp/_download.php?dir=spot_summary&file=spot_summary_2019.csv
2019-04-07,jepx-spread-range-kyushu,kyushu,7.4,https://www.jepx.jp/_download.php?dir=spot_summary&file=spot_summary_2019.csv
2019-04-08,jepx-spread-range-kyushu,kyushu,5.49,https://www.jepx.jp/_download.php?dir=spot_summary&file=spot_summary_2019.csv
2019-04-09,jepx-spread-range-kyushu,kyushu,9.47,https://www.jepx.jp/_download.php?dir=spot_summary&file=spot_summary_2019.csv
2019-04-10,jepx-spread-range-kyushu,kyushu,5.88,https://www.jepx.jp/_download.php?dir=spot_summary&file=spot_summary_2019.csv
2019-04-11,jepx-spread-range-kyushu,kyushu,5.700000000000001,https://www.jepx.jp/_download.php?dir=spot_summary&file=spot_summary_2019.csv
2019-04-12,jepx-spread-range-kyushu,kyushu,6.629999999999999,https://www.jepx.jp/_download.php?dir=spot_summary&file=spot_summary_2019.csv
2019-04-13,jepx-spread-range-kyushu,kyushu,9.99,https://www.jepx.jp/_download.php?dir=spot_summary&file=spot_summary_2019.csv
2019-04-14,jepx-spread-range-kyushu,kyushu,3.58,https://www.jepx.jp/_download.php?dir=spot_summary&file=spot_summary_2019.csv
2019-04-15,jepx-spread-range-kyushu,kyushu,9.47,https://www.jepx.jp/_download.php?dir=spot_summary&file=spot_summary_2019.csv
2019-04-16,jepx-spread-range-kyushu,kyushu,5.130000000000001,https://www.jepx.jp/_download.php?dir=spot_summary&file=spot_summary_2019.csv
2019-04-17,jepx-spread-range-kyushu,kyushu,4.050000000000001,https://www.jepx.jp/_download.php?dir=spot_summary&file=spot_summary_2019.csv
2019-04-18,jepx-spread-range-kyushu,kyushu,6.58,https://www.jepx.jp/_download.php?dir=spot_summary&file=spot_summary_2019.csv
2019-04-19,jepx-spread-range-kyushu,kyushu,9.73,https://www.jepx.jp/_download.php?dir=spot_summary&file=spot_summary_2019.csv
2019-04-20,jepx-spread-range-kyushu,kyushu,9.0,https://www.jepx.jp/_download.php?dir=spot_summary&file=spot_summary_2019.csv
2019-04-21,jepx-spread-range-kyushu,kyushu,8.64,https://www.jepx.jp/_download.php?dir=spot_summary&file=spot_summary_2019.csv
2019-04-22,jepx-spread-range-kyushu,kyushu,5.720000000000001,https://www.jepx.jp/_download.php?dir=spot_summary&file=spot_summary_2019.csv
2019-04-23,jepx-spread-range-kyushu,kyushu,3.85,https://www.jepx.jp/_download.php?dir=spot_summary&file=spot_summary_2019.csv
2019-04-24,jepx-spread-range-kyushu,kyushu,3.37,https://www.jepx.jp/_download.php?dir=spot_summary&file=spot_summary_2019.csv
2019-04-25,jepx-spread-range-kyushu,kyushu,5.260000000000001,https://www.jepx.jp/_download.php?dir=spot_summary&file=spot_summary_2019.csv
2019-04-26,jepx-spread-range-kyushu,kyushu,4.23,https://www.jepx.jp/_download.php?dir=spot_summary&file=spot_summary_2019.csv
2019-04-27,jepx-spread-range-kyushu,kyushu,9.65,https://www.jepx.jp/_download.php?dir=spot_summary&file=spot_summary_2019.csv
2019-04-28,jepx-spread-range-kyushu,kyushu,10.15,https://www.jepx.jp/_download.php?dir=spot_summary&file=spot_summary_2019.csv
2019-04-29,jepx-spread-range-kyushu,kyushu,4.090000000000001,https://www.jepx.jp/_download.php?dir=spot_summary&file=spot_summary_2019.csv
2019-04-30,jepx-spread-range-kyushu,kyushu,5.26,https://www.jepx.jp/_download.php?dir=spot_summary&file=spot_summary_2019.csv
2019-05-01,jepx-spread-range-kyushu,kyushu,7.939999999999999,https://www.jepx.jp/_download.php?dir=spot_summary&file=spot_summary_2019.csv
2019-05-02,jepx-spread-range-kyushu,kyushu,10.01,https://www.jepx.jp/_download.php?dir=spot_summary&file=spot_summary_2019.csv
2019-05-03,jepx-spread-range-kyushu,kyushu,10.22,https://www.jepx.jp/_download.php?dir=spot_summary&file=spot_summary_2019.csv
2019-05-04,jepx-spread-range-kyushu,kyushu,8.59,https://www.jepx.jp/_download.php?dir=spot_summary&file=spot_summary_2019.csv
2019-05-05,jepx-spread-range-kyushu,kyushu,8.39,https://www.jepx.jp/_download.php?dir=spot_summary&file=spot_summary_2019.csv
2019-05-06,jepx-spread-range-kyushu,kyushu,9.41,https://www.jepx.jp/_download.php?dir=spot_summary&file=spot_summary_2019.csv
2019-05-07,jepx-spread-range-kyushu,kyushu,5.07,https://www.jepx.jp/_download.php?dir=spot_summary&file=spot_summary_2019.csv
2019-05-08,jepx-spread-range-kyushu,kyushu,5.49,https://www.jepx.jp/_download.php?dir=spot_summary&file=spot_summary_2019.csv
2019-05-09,jepx-spread-range-kyushu,kyushu,5.86,https://www.jepx.jp/_download.php?dir=spot_summary&file=spot_summary_2019.csv
2019-05-10,jepx-spread-range-kyushu,kyushu,5.180000000000001,https://www.jepx.jp/_download.php?dir=spot_summary&file=spot_summary_2019.csv
2019-05-11,jepx-spread-range-kyushu,kyushu,9.49,https://www.jepx.jp/_download.php?dir=spot_summary&file=spot_summary_2019.csv
2019-05-12,jepx-spread-range-kyushu,kyushu,8.49,https://www.jepx.jp/_download.php?dir=spot_summary&file=spot_summary_2019.csv
2019-05-13,jepx-spread-range-kyushu,kyushu,4.89,https://www.jepx.jp/_download.php?dir=spot_summary&file=spot_summary_2019.csv
2019-05-14,jepx-spread-range-kyushu,kyushu,4.489999999999999,https://www.jepx.jp/_download.php?dir=spot_summary&file=spot_summary_2019.csv
2019-05-15,jepx-spread-range-kyushu,kyushu,4.74,https://www.jepx.jp/_download.php?dir=spot_summary&file=spot_summary_2019.csv
2019-05-16,jepx-spread-range-kyushu,kyushu,4.87,https://www.jepx.jp/_download.php?dir=spot_summary&file=spot_summary_2019.csv
2019-05-17,jepx-spread-range-kyushu,kyushu,4.9,https://www.jepx.jp/_download.php?dir=spot_summary&file=spot_summary_2019.csv
2019-05-18,jepx-spread-range-kyushu,kyushu,3.1899999999999995,https://www.jepx.jp/_download.php?dir=spot_summary&file=spot_summary_2019.csv
2019-05-19,jepx-spread-range-kyushu,kyushu,2.97,https://www.jepx.jp/_download.php?dir=spot_summary&file=spot_summary_2019.csv
2019-05-20,jepx-spread-range-kyushu,kyushu,4.7,https://www.jepx.jp/_download.php?dir=spot_summary&file=spot_summary_2019.csv
2019-05-21,jepx-spread-range-kyushu,kyushu,9.33,https://www.jepx.jp/_download.php?dir=spot_summary&file=spot_summary_2019.csv
2019-05-22,jepx-spread-range-kyushu,kyushu,10.32,https://www.jepx.jp/_download.php?dir=spot_summary&file=spot_summary_2019.csv
2019-05-23,jepx-spread-range-kyushu,kyushu,9.71,https://www.jepx.jp/_download.php?dir=spot_summary&file=spot_summary_2019.csv
2019-05-24,jepx-spread-range-kyushu,kyushu,9.41,https://www.jepx.jp/_download.php?dir=spot_summary&file=spot_summary_2019.csv
2019-05-25,jepx-spread-range-kyushu,kyushu,10.09,https://www.jepx.jp/_download.php?dir=spot_summary&file=spot_summary_2019.csv
2019-05-26,jepx-spread-range-kyushu,kyushu,5.43,https://www.jepx.jp/_download.php?dir=spot_summary&file=spot_summary_2019.csv
2019-05-27,jepx-spread-range-kyushu,kyushu,4.960000000000001,https://www.jepx.jp/_download.php?dir=spot_summary&file=spot_summary_2019.csv
2019-05-28,jepx-spread-range-kyushu,kyushu,5.1000000000000005,https://www.jepx.jp/_download.php?dir=spot_summary&file=spot_summary_2019.csv
2019-05-29,jepx-spread-range-kyushu,kyushu,5.11,https://www.jepx.jp/_download.php?dir=spot_summary&file=spot_summary_2019.csv
2019-05-30,jepx-spread-range-kyushu,kyushu,6.329999999999999,https://www.jepx.jp/_download.php?dir=spot_summary&file=spot_summary_2019.csv
2019-05-31,jepx-spread-range-kyushu,kyushu,4.28,https://www.jepx.jp/_download.php?dir=spot_summary&file=spot_summary_2019.csv
2019-06-01,jepx-spread-range-kyushu,kyushu,4.33,https://www.jepx.jp/_download.php?dir=spot_summary&file=spot_summary_2019.csv
2019-06-02,jepx-spread-range-kyushu,kyushu,3.789999999999999,https://www.jepx.jp/_download.php?dir=spot_summary&file=spot_summary_2019.csv
2019-06-03,jepx-spread-range-kyushu,kyushu,5.48,https://www.jepx.jp/_download.php?dir=spot_summary&file=spot_summary_2019.csv
2019-06-04,jepx-spread-range-kyushu,kyushu,5.11,https://www.jepx.jp/_download.php?dir=spot_summary&file=spot_summary_2019.csv
2019-06-05,jepx-spread-range-kyushu,kyushu,6.73,https://www.jepx.jp/_download.php?dir=spot_summary&file=spot_summary_2019.csv
2019-06-06,jepx-spread-range-kyushu,kyushu,6.44,https://www.jepx.jp/_download.php?dir=spot_summary&file=spot_summary_2019.csv
2019-06-07,jepx-spread-range-kyushu,kyushu,6.109999999999999,https://www.jepx.jp/_download.php?dir=spot_summary&file=spot_summary_2019.csv
2019-06-08,jepx-spread-range-kyushu,kyushu,5.119999999999999,https://www.jepx.jp/_download.php?dir=spot_summary&file=spot_summary_2019.csv
2019-06-09,jepx-spread-range-kyushu,kyushu,4.62,https://www.jepx.jp/_download.php?dir=spot_summary&file=spot_summary_2019.csv
2019-06-10,jepx-spread-range-kyushu,kyushu,5.540000000000001,https://www.jepx.jp/_download.php?dir=spot_summary&file=spot_summary_2019.csv
2019-06-11,jepx-spread-range-kyushu,kyushu,4.66,https://www.jepx.jp/_download.php?dir=spot_summary&file=spot_summary_2019.csv
2019-06-12,jepx-spread-range-kyushu,kyushu,9.73,https://www.jepx.jp/_download.php?dir=spot_summary&file=spot_summary_2019.csv
2019-06-13,jepx-spread-range-kyushu,kyushu,4.79,https://www.jepx.jp/_download.php?dir=spot_summary&file=spot_summary_2019.csv
2019-06-14,jepx-spread-range-kyushu,kyushu,4.829999999999999,https://www.jepx.jp/_download.php?dir=spot_summary&file=spot_summary_2019.csv
2019-06-15,jepx-spread-range-kyushu,kyushu,3.640000000000001,https://www.jepx.jp/_download.php?dir=spot_summary&file=spot_summary_2019.csv
2019-06-16,jepx-spread-range-kyushu,kyushu,8.25,https://www.jepx.jp/_download.php?dir=spot_summary&file=spot_summary_2019.csv
2019-06-17,jepx-spread-range-kyushu,kyushu,4.840000000000001,https://www.jepx.jp/_download.php?dir=spot_summary&file=spot_summary_2019.csv
2019-06-18,jepx-spread-range-kyushu,kyushu,4.44,https://www.jepx.jp/_download.php?dir=spot_summary&file=spot_summary_2019.csv
2019-06-19,jepx-spread-range-kyushu,kyushu,3.6000000000000005,https://www.jepx.jp/_download.php?dir=spot_summary&file=spot_summary_2019.csv
2019-06-20,jepx-spread-range-kyushu,kyushu,3.640000000000001,https://www.jepx.jp/_download.php?dir=spot_summary&file=spot_summary_2019.csv
2019-06-21,jepx-spread-range-kyushu,kyushu,4.7700000000000005,https://www.jepx.jp/_download.php?dir=spot_summary&file=spot_summary_2019.csv
2019-06-22,jepx-spread-range-kyushu,kyushu,3.5699999999999994,https://www.jepx.jp/_download.php?dir=spot_summary&file=spot_summary_2019.csv
2019-06-23,jepx-spread-range-kyushu,kyushu,4.6,https://www.jepx.jp/_download.php?dir=spot_summary&file=spot_summary_2019.csv
2019-06-24,jepx-spread-range-kyushu,kyushu,4.28,https://www.jepx.jp/_download.php?dir=spot_summary&file=spot_summary_2019.csv
2019-06-25,jepx-spread-range-kyushu,kyushu,3.460000000000001,https://www.jepx.jp/_download.php?dir=spot_summary&file=spot_summary_2019.csv
2019-06-26,jepx-spread-range-kyushu,kyushu,3.8,https://www.jepx.jp/_download.php?dir=spot_summary&file=spot_summary_2019.csv
2019-06-27,jepx-spread-range-kyushu,kyushu,7.59,https://www.jepx.jp/_download.php?dir=spot_summary&file=spot_summary_2019.csv
2019-06-28,jepx-spread-range-kyushu,kyushu,5.59,https://www.jepx.jp/_download.php?dir=spot_summary&file=spot_summary_2019.csv
2019-06-29,jepx-spread-range-kyushu,kyushu,4.51,https://www.jepx.jp/_download.php?dir=spot_summary&file=spot_summary_2019.csv
2019-06-30,jepx-spread-range-kyushu,kyushu,4.179999999999999,https://www.jepx.jp/_download.php?dir=spot_summary&file=spot_summary_2019.csv
2019-07-01,jepx-spread-range-kyushu,kyushu,5.12,https://www.jepx.jp/_download.php?dir=spot_summary&file=spot_summary_2019.csv
2019-07-02,jepx-spread-range-kyushu,kyushu,4.18,https://www.jepx.jp/_download.php?dir=spot_summary&file=spot_summary_2019.csv
2019-07-03,jepx-spread-range-kyushu,kyushu,4.88,https://www.jepx.jp/_download.php?dir=spot_summary&file=spot_summary_2019.csv
2019-07-04,jepx-spread-range-kyushu,kyushu,3.9899999999999993,https://www.jepx.jp/_download.php?dir=spot_summary&file=spot_summary_2019.csv
2019-07-05,jepx-spread-range-kyushu,kyushu,4.140000000000001,https://www.jepx.jp/_download.php?dir=spot_summary&file=spot_summary_2019.csv
2019-07-06,jepx-spread-range-kyushu,kyushu,3.35,https://www.jepx.jp/_download.php?dir=spot_summary&file=spot_summary_2019.csv
2019-07-07,jepx-spread-range-kyushu,kyushu,3.5699999999999994,https://www.jepx.jp/_download.php?dir=spot_summary&file=spot_summary_2019.csv
2019-07-08,jepx-spread-range-kyushu,kyushu,3.7399999999999993,https://www.jepx.jp/_download.php?dir=spot_summary&file=spot_summary_2019.csv
2019-07-09,jepx-spread-range-kyushu,kyushu,2.9800000000000004,https://www.jepx.jp/_download.php?dir=spot_summary&file=spot_summary_2019.csv
2019-07-10,jepx-spread-range-kyushu,kyushu,2.89,https://www.jepx.jp/_download.php?dir=spot_summary&file=spot_summary_2019.csv
2019-07-11,jepx-spread-range-kyushu,kyushu,2.49,https://www.jepx.jp/_download.php?dir=spot_summary&file=spot_summary_2019.csv
2019-07-12,jepx-spread-range-kyushu,kyushu,3.9899999999999993,https://www.jepx.jp/_download.php?dir=spot_summary&file=spot_summary_2019.csv
2019-07-13,jepx-spread-range-kyushu,kyushu,4.779999999999999,https://www.jepx.jp/_download.php?dir=spot_summary&file=spot_summary_2019.csv
2019-07-14,jepx-spread-range-kyushu,kyushu,3.45,https://www.jepx.jp/_download.php?dir=spot_summary&file=spot_summary_2019.csv
2019-07-15,jepx-spread-range-kyushu,kyushu,4.279999999999999,https://www.jepx.jp/_download.php?dir=spot_summary&file=spot_summary_2019.csv
2019-07-16,jepx-spread-range-kyushu,kyushu,5.35,https://www.jepx.jp/_download.php?dir=spot_summary&file=spot_summary_2019.csv
2019-07-17,jepx-spread-range-kyushu,kyushu,3.9,https://www.jepx.jp/_download.php?dir=spot_summary&file=spot_summary_2019.csv
2019-07-18,jepx-spread-range-kyushu,kyushu,4.47,https://www.jepx.jp/_download.php?dir=spot_summary&file=spot_summary_2019.csv
2019-07-19,jepx-spread-range-kyushu,kyushu,4.56,https://www.jepx.jp/_download.php?dir=spot_summary&file=spot_summary_2019.csv
2019-07-20,jepx-spread-range-kyushu,kyushu,4.559999999999999,https://www.jepx.jp/_download.php?dir=spot_summary&file=spot_summary_2019.csv
2019-07-21,jepx-spread-range-kyushu,kyushu,3.69,https://www.jepx.jp/_download.php?dir=spot_summary&file=spot_summary_2019.csv
2019-07-22,jepx-spread-range-kyushu,kyushu,3.91,https://www.jepx.jp/_download.php?dir=spot_summary&file=spot_summary_2019.csv
2019-07-23,jepx-spread-range-kyushu,kyushu,3.5699999999999994,https://www.jepx.jp/_download.php?dir=spot_summary&file=spot_summary_2019.csv
2019-07-24,jepx-spread-range-kyushu,kyushu,5.97,https://www.jepx.jp/_download.php?dir=spot_summary&file=spot_summary_2019.csv
2019-07-25,jepx-spread-range-kyushu,kyushu,5.859999999999999,https://www.jepx.jp/_download.php?dir=spot_summary&file=spot_summary_2019.csv
2019-07-26,jepx-spread-range-kyushu,kyushu,5.9,https://www.jepx.jp/_download.php?dir=spot_summary&file=spot_summary_2019.csv
2019-07-27,jepx-spread-range-kyushu,kyushu,3.76,https://www.jepx.jp/_download.php?dir=spot_summary&file=spot_summary_2019.csv
2019-07-28,jepx-spread-range-kyushu,kyushu,6.98,https://www.jepx.jp/_download.php?dir=spot_summary&file=spot_summary_2019.csv
2019-07-29,jepx-spread-range-kyushu,kyushu,9.39,https://www.jepx.jp/_download.php?dir=spot_summary&file=spot_summary_2019.csv
2019-07-30,jepx-spread-range-kyushu,kyushu,6.45,https://www.jepx.jp/_download.php?dir=spot_summary&file=spot_summary_2019.csv
2019-07-31,jepx-spread-range-kyushu,kyushu,8.06,https://www.jepx.jp/_download.php?dir=spot_summary&file=spot_summary_2019.csv
2019-08-01,jepx-spread-range-kyushu,kyushu,24.47,https://www.jepx.jp/_download.php?dir=spot_summary&file=spot_summary_2019.csv
2019-08-02,jepx-spread-range-kyushu,kyushu,19.47,https://www.jepx.jp/_download.php?dir=spot_summary&file=spot_summary_2019.csv
2019-08-03,jepx-spread-range-kyushu,kyushu,8.21,https://www.jepx.jp/_download.php?dir=spot_summary&file=spot_summary_2019.csv
2019-08-04,jepx-spread-range-kyushu,kyushu,11.02,https://www.jepx.jp/_download.php?dir=spot_summary&file=spot_summary_2019.csv
2019-08-05,jepx-spread-range-kyushu,kyushu,11.459999999999996,https://www.jepx.jp/_download.php?dir=spot_summary&file=spot_summary_2019.csv
2019-08-06,jepx-spread-range-kyushu,kyushu,22.07,https://www.jepx.jp/_download.php?dir=spot_summary&file=spot_summary_2019.csv
2019-08-07,jepx-spread-range-kyushu,kyushu,19.52,https://www.jepx.jp/_download.php?dir=spot_summary&file=spot_summary_2019.csv
2019-08-08,jepx-spread-range-kyushu,kyushu,35.85,https://www.jepx.jp/_download.php?dir=spot_summary&file=spot_summary_2019.csv
2019-08-09,jepx-spread-range-kyushu,kyushu,31.86,https://www.jepx.jp/_download.php?dir=spot_summary&file=spot_summary_2019.csv
2019-08-10,jepx-spread-range-kyushu,kyushu,13.01,https://www.jepx.jp/_download.php?dir=spot_summary&file=spot_summary_2019.csv
2019-08-11,jepx-spread-range-kyushu,kyushu,8.27,https://www.jepx.jp/_download.php?dir=spot_summary&file=spot_summary_2019.csv
2019-08-12,jepx-spread-range-kyushu,kyushu,6.68,https://www.jepx.jp/_download.php?dir=spot_summary&file=spot_summary_2019.csv
2019-08-13,jepx-spread-range-kyushu,kyushu,6.8100000000000005,https://www.jepx.jp/_download.php?dir=spot_summary&file=spot_summary_2019.csv
2019-08-14,jepx-spread-range-kyushu,kyushu,6.8100000000000005,https://www.jepx.jp/_download.php?dir=spot_summary&file=spot_summary_2019.csv
2019-08-15,jepx-spread-range-kyushu,kyushu,6.419999999999999,https://www.jepx.jp/_download.php?dir=spot_summary&file=spot_summary_2019.csv
2019-08-16,jepx-spread-range-kyushu,kyushu,10.0,https://www.jepx.jp/_download.php?dir=spot_summary&file=spot_summary_2019.csv
2019-08-17,jepx-spread-range-kyushu,kyushu,13.44,https://www.jepx.jp/_download.php?dir=spot_summary&file=spot_summary_2019.csv
2019-08-18,jepx-spread-range-kyushu,kyushu,11.18,https://www.jepx.jp/_download.php?dir=spot_summary&file=spot_summary_2019.csv
2019-08-19,jepx-spread-range-kyushu,kyushu,36.370000000000005,https://www.jepx.jp/_download.php?dir=spot_summary&file=spot_summary_2019.csv
2019-08-20,jepx-spread-range-kyushu,kyushu,31.129999999999995,https://www.jepx.jp/_download.php?dir=spot_summary&file=spot_summary_2019.csv
2019-08-21,jepx-spread-range-kyushu,kyushu,7.649999999999999,https://www.jepx.jp/_download.php?dir=spot_summary&file=spot_summary_2019.csv
2019-08-22,jepx-spread-range-kyushu,kyushu,6.29,https://www.jepx.jp/_download.php?dir=spot_summary&file=spot_summary_2019.csv
2019-08-23,jepx-spread-range-kyushu,kyushu,6.23,https://www.jepx.jp/_download.php?dir=spot_summary&file=spot_summary_2019.csv
2019-08-24,jepx-spread-range-kyushu,kyushu,4.800000000000001,https://www.jepx.jp/_download.php?dir=spot_summary&file=spot_summary_2019.csv
2019-08-25,jepx-spread-range-kyushu,kyushu,5.03,https://www.jepx.jp/_download.php?dir=spot_summary&file=spot_summary_2019.csv
2019-08-26,jepx-spread-range-kyushu,kyushu,7.010000000000001,https://www.jepx.jp/_download.php?dir=spot_summary&file=spot_summary_2019.csv
2019-08-27,jepx-spread-range-kyushu,kyushu,5.83,https://www.jepx.jp/_download.php?dir=spot_summary&file=spot_summary_2019.csv
2019-08-28,jepx-spread-range-kyushu,kyushu,4.710000000000001,https://www.jepx.jp/_download.php?dir=spot_summary&file=spot_summary_2019.csv
2019-08-29,jepx-spread-range-kyushu,kyushu,6.130000000000001,https://www.jepx.jp/_download.php?dir=spot_summary&file=spot_summary_2019.csv
2019-08-30,jepx-spread-range-kyushu,kyushu,4.710000000000001,https://www.jepx.jp/_download.php?dir=spot_summary&file=spot_summary_2019.csv
2019-08-31,jepx-spread-range-kyushu,kyushu,4.390000000000001,https://www.jepx.jp/_download.php?dir=spot_summary&file=spot_summary_2019.csv
2019-09-01,jepx-spread-range-kyushu,kyushu,7.09,https://www.jepx.jp/_download.php?dir=spot_summary&file=spot_summary_2019.csv
2019-09-02,jepx-spread-range-kyushu,kyushu,10.58,https://www.jepx.jp/_download.php?dir=spot_summary&file=spot_summary_2019.csv
2019-09-03,jepx-spread-range-kyushu,kyushu,6.72,https://www.jepx.jp/_download.php?dir=spot_summary&file=spot_summary_2019.csv
2019-09-04,jepx-spread-range-kyushu,kyushu,6.01,https://www.jepx.jp/_download.php?dir=spot_summary&file=spot_summary_2019.csv
2019-09-05,jepx-spread-range-kyushu,kyushu,5.58,https://www.jepx.jp/_download.php?dir=spot_summary&file=spot_summary_2019.csv
2019-09-06,jepx-spread-range-kyushu,kyushu,7.620000000000001,https://www.jepx.jp/_download.php?dir=spot_summary&file=spot_summary_2019.csv
2019-09-07,jepx-spread-range-kyushu,kyushu,5.81,https://www.jepx.jp/_download.php?dir=spot_summary&file=spot_summary_2019.csv
2019-09-08,jepx-spread-range-kyushu,kyushu,8.64,https://www.jepx.jp/_download.php?dir=spot_summary&file=spot_summary_2019.csv
2019-09-09,jepx-spread-range-kyushu,kyushu,34.96,https://www.jepx.jp/_download.php?dir=spot_summary&file=spot_summary_2019.csv
2019-09-10,jepx-spread-range-kyushu,kyushu,43.95,https://www.jepx.jp/_download.php?dir=spot_summary&file=spot_summary_2019.csv
2019-09-11,jepx-spread-range-kyushu,kyushu,34.84,https://www.jepx.jp/_download.php?dir=spot_summary&file=spot_summary_2019.csv
2019-09-12,jepx-spread-range-kyushu,kyushu,34.63,https://www.jepx.jp/_download.php?dir=spot_summary&file=spot_summary_2019.csv
2019-09-13,jepx-spread-range-kyushu,kyushu,7.039999999999999,https://www.jepx.jp/_download.php?dir=spot_summary&file=spot_summary_2019.csv
2019-09-14,jepx-spread-range-kyushu,kyushu,6.869999999999999,https://www.jepx.jp/_download.php?dir=spot_summary&file=spot_summary_2019.csv
2019-09-15,jepx-spread-range-kyushu,kyushu,6.18,https://www.jepx.jp/_download.php?dir=spot_summary&file=spot_summary_2019.csv
2019-09-16,jepx-spread-range-kyushu,kyushu,8.5,https://www.jepx.jp/_download.php?dir=spot_summary&file=spot_summary_2019.csv
2019-09-17,jepx-spread-range-kyushu,kyushu,34.61,https://www.jepx.jp/_download.php?dir=spot_summary&file=spot_summary_2019.csv
2019-09-18,jepx-spread-range-kyushu,kyushu,5.39,https://www.jepx.jp/_download.php?dir=spot_summary&file=spot_summary_2019.csv
2019-09-19,jepx-spread-range-kyushu,kyushu,6.56,https://www.jepx.jp/_download.php?dir=spot_summary&file=spot_summary_2019.csv
2019-09-20,jepx-spread-range-kyushu,kyushu,3.4799999999999995,https://www.jepx.jp/_download.php?dir=spot_summary&file=spot_summary_2019.csv
2019-09-21,jepx-spread-range-kyushu,kyushu,2.759999999999999,https://www.jepx.jp/_download.php?dir=spot_summary&file=spot_summary_2019.csv
2019-09-22,jepx-spread-range-kyushu,kyushu,3.4800000000000004,https://www.jepx.jp/_download.php?dir=spot_summary&file=spot_summary_2019.csv
2019-09-23,jepx-spread-range-kyushu,kyushu,5.359999999999999,https://www.jepx.jp/_download.php?dir=spot_summary&file=spot_summary_2019.csv
2019-09-24,jepx-spread-range-kyushu,kyushu,7.880000000000001,https://www.jepx.jp/_download.php?dir=spot_summary&file=spot_summary_2019.csv
2019-09-25,jepx-spread-range-kyushu,kyushu,7.19,https://www.jepx.jp/_download.php?dir=spot_summary&file=spot_summary_2019.csv
2019-09-26,jepx-spread-range-kyushu,kyushu,7.580000000000001,https://www.jepx.jp/_download.php?dir=spot_summary&file=spot_summary_2019.csv
2019-09-27,jepx-spread-range-kyushu,kyushu,4.53,https://www.jepx.jp/_download.php?dir=spot_summary&file=spot_summary_2019.csv
2019-09-28,jepx-spread-range-kyushu,kyushu,4.13,https://www.jepx.jp/_download.php?dir=spot_summary&file=spot_summary_2019.csv
2019-09-29,jepx-spread-range-kyushu,kyushu,4.930000000000001,https://www.jepx.jp/_download.php?dir=spot_summary&file=spot_summary_2019.csv
2019-09-30,jepx-spread-range-kyushu,kyushu,7.96,https://www.jepx.jp/_download.php?dir=spot_summary&file=spot_summary_2019.csv
2019-10-01,jepx-spread-range-kyushu,kyushu,7.52,https://www.jepx.jp/_download.php?dir=spot_summary&file=spot_summary_2019.csv
2019-10-02,jepx-spread-range-kyushu,kyushu,13.080000000000002,https://www.jepx.jp/_download.php?dir=spot_summary&file=spot_summary_2019.csv
2019-10-03,jepx-spread-range-kyushu,kyushu,7.37,https://www.jepx.jp/_download.php?dir=spot_summary&file=spot_summary_2019.csv
2019-10-04,jepx-spread-range-kyushu,kyushu,22.37,https://www.jepx.jp/_download.php?dir=spot_summary&file=spot_summary_2019.csv
2019-10-05,jepx-spread-range-kyushu,kyushu,7.0600000000000005,https://www.jepx.jp/_download.php?dir=spot_summary&file=spot_summary_2019.csv
2019-10-06,jepx-spread-range-kyushu,kyushu,7.150000000000001,https://www.jepx.jp/_download.php?dir=spot_summary&file=spot_summary_2019.csv
2019-10-07,jepx-spread-range-kyushu,kyushu,9.05,https://www.jepx.jp/_download.php?dir=spot_summary&file=spot_summary_2019.csv
2019-10-08,jepx-spread-range-kyushu,kyushu,5.93,https://www.jepx.jp/_download.php?dir=spot_summary&file=spot_summary_2019.csv
2019-10-09,jepx-spread-range-kyushu,kyushu,8.41,https://www.jepx.jp/_download.php?dir=spot_summary&file=spot_summary_2019.csv
2019-10-10,jepx-spread-range-kyushu,kyushu,6.27,https://www.jepx.jp/_download.php?dir=spot_summary&file=spot_summary_2019.csv
2019-10-11,jepx-spread-range-kyushu,kyushu,4.75,https://www.jepx.jp/_download.php?dir=spot_summary&file=spot_summary_2019.csv
2019-10-12,jepx-spread-range-kyushu,kyushu,4.890000000000001,https://www.jepx.jp/_download.php?dir=spot_summary&file=spot_summary_2019.csv
2019-10-13,jepx-spread-range-kyushu,kyushu,8.76,https://www.jepx.jp/_download.php?dir=spot_summary&file=spot_summary_2019.csv
2019-10-14,jepx-spread-range-kyushu,kyushu,11.87,https://www.jepx.jp/_download.php?dir=spot_summary&file=spot_summary_2019.csv
2019-10-15,jepx-spread-range-kyushu,kyushu,12.27,https://www.jepx.jp/_download.php?dir=spot_summary&file=spot_summary_2019.csv
2019-10-16,jepx-spread-range-kyushu,kyushu,10.4,https://www.jepx.jp/_download.php?dir=spot_summary&file=spot_summary_2019.csv
2019-10-17,jepx-spread-range-kyushu,kyushu,6.369999999999999,https://www.jepx.jp/_download.php?dir=spot_summary&file=spot_summary_2019.csv
2019-10-18,jepx-spread-range-kyushu,kyushu,5.959999999999999,https://www.jepx.jp/_download.php?dir=spot_summary&file=spot_summary_2019.csv
2019-10-19,jepx-spread-range-kyushu,kyushu,2.85,https://www.jepx.jp/_download.php?dir=spot_summary&file=spot_summary_2019.csv
2019-10-20,jepx-spread-range-kyushu,kyushu,3.95,https://www.jepx.jp/_download.php?dir=spot_summary&file=spot_summary_2019.csv
2019-10-21,jepx-spread-range-kyushu,kyushu,6.76,https://www.jepx.jp/_download.php?dir=spot_summary&file=spot_summary_2019.csv
2019-10-22,jepx-spread-range-kyushu,kyushu,4.8100000000000005,https://www.jepx.jp/_download.php?dir=spot_summary&file=spot_summary_2019.csv
2019-10-23,jepx-spread-range-kyushu,kyushu,6.300000000000001,https://www.jepx.jp/_download.php?dir=spot_summary&file=spot_summary_2019.csv
2019-10-24,jepx-spread-range-kyushu,kyushu,6.289999999999999,https://www.jepx.jp/_download.php?dir=spot_summary&file=spot_summary_2019.csv
2019-10-25,jepx-spread-range-kyushu,kyushu,5.08,https://www.jepx.jp/_download.php?dir=spot_summary&file=spot_summary_2019.csv
2019-10-26,jepx-spread-range-kyushu,kyushu,3.85,https://www.jepx.jp/_download.php?dir=spot_summary&file=spot_summary_2019.csv
2019-10-27,jepx-spread-range-kyushu,kyushu,9.49,https://www.jepx.jp/_download.php?dir=spot_summary&file=spot_summary_2019.csv
2019-10-28,jepx-spread-range-kyushu,kyushu,7.76,https://www.jepx.jp/_download.php?dir=spot_summary&file=spot_summary_2019.csv
2019-10-29,jepx-spread-range-kyushu,kyushu,4.75,https://www.jepx.jp/_download.php?dir=spot_summary&file=spot_summary_2019.csv
2019-10-30,jepx-spread-range-kyushu,kyushu,10.4,https://www.jepx.jp/_download.php?dir=spot_summary&file=spot_summary_2019.csv
2019-10-31,jepx-spread-range-kyushu,kyushu,9.97,https://www.jepx.jp/_download.php?dir=spot_summary&file=spot_summary_2019.csv
2019-11-01,jepx-spread-range-kyushu,kyushu,9.67,https://www.jepx.jp/_download.php?dir=spot_summary&file=spot_summary_2019.csv
2019-11-02,jepx-spread-range-kyushu,kyushu,8.17,https://www.jepx.jp/_download.php?dir=spot_summary&file=spot_summary_2019.csv
2019-11-03,jepx-spread-range-kyushu,kyushu,5.24,https://www.jepx.jp/_download.php?dir=spot_summary&file=spot_summary_2019.csv
2019-11-04,jepx-spread-range-kyushu,kyushu,8.42,https://www.jepx.jp/_download.php?dir=spot_summary&file=spot_summary_2019.csv
2019-11-05,jepx-spread-range-kyushu,kyushu,7.94,https://www.jepx.jp/_download.php?dir=spot_summary&file=spot_summary_2019.csv
2019-11-06,jepx-spread-range-kyushu,kyushu,10.51,https://www.jepx.jp/_download.php?dir=spot_summary&file=spot_summary_2019.csv
2019-11-07,jepx-spread-range-kyushu,kyushu,7.1,https://www.jepx.jp/_download.php?dir=spot_summary&file=spot_summary_2019.csv
2019-11-08,jepx-spread-range-kyushu,kyushu,12.27,https://www.jepx.jp/_download.php?dir=spot_summary&file=spot_summary_2019.csv
2019-11-09,jepx-spread-range-kyushu,kyushu,7.930000000000001,https://www.jepx.jp/_download.php?dir=spot_summary&file=spot_summary_2019.csv
2019-11-10,jepx-spread-range-kyushu,kyushu,8.66,https://www.jepx.jp/_download.php?dir=spot_summary&file=spot_summary_2019.csv
2019-11-11,jepx-spread-range-kyushu,kyushu,12.5,https://www.jepx.jp/_download.php?dir=spot_summary&file=spot_summary_2019.csv
2019-11-12,jepx-spread-range-kyushu,kyushu,12.5,https://www.jepx.jp/_download.php?dir=spot_summary&file=spot_summary_2019.csv
2019-11-13,jepx-spread-range-kyushu,kyushu,7.35,https://www.jepx.jp/_download.php?dir=spot_summary&file=spot_summary_2019.csv
2019-11-14,jepx-spread-range-kyushu,kyushu,10.33,https://www.jepx.jp/_download.php?dir=spot_summary&file=spot_summary_2019.csv
2019-11-15,jepx-spread-range-kyushu,kyushu,13.58,https://www.jepx.jp/_download.php?dir=spot_summary&file=spot_summary_2019.csv
2019-11-16,jepx-spread-range-kyushu,kyushu,9.32,https://www.jepx.jp/_download.php?dir=spot_summary&file=spot_summary_2019.csv
2019-11-17,jepx-spread-range-kyushu,kyushu,7.930000000000001,https://www.jepx.jp/_download.php?dir=spot_summary&file=spot_summary_2019.csv
2019-11-18,jepx-spread-range-kyushu,kyushu,5.220000000000001,https://www.jepx.jp/_download.php?dir=spot_summary&file=spot_summary_2019.csv
2019-11-19,jepx-spread-range-kyushu,kyushu,8.34,https://www.jepx.jp/_download.php?dir=spot_summary&file=spot_summary_2019.csv
2019-11-20,jepx-spread-range-kyushu,kyushu,11.99,https://www.jepx.jp/_download.php?dir=spot_summary&file=spot_summary_2019.csv
2019-11-21,jepx-spread-range-kyushu,kyushu,12.87,https://www.jepx.jp/_download.php?dir=spot_summary&file=spot_summary_2019.csv
2019-11-22,jepx-spread-range-kyushu,kyushu,5.94,https://www.jepx.jp/_download.php?dir=spot_summary&file=spot_summary_2019.csv
2019-11-23,jepx-spread-range-kyushu,kyushu,7.62,https://www.jepx.jp/_download.php?dir=spot_summary&file=spot_summary_2019.csv
2019-11-24,jepx-spread-range-kyushu,kyushu,3.25,https://www.jepx.jp/_download.php?dir=spot_summary&file=spot_summary_2019.csv
2019-11-25,jepx-spread-range-kyushu,kyushu,3.76,https://www.jepx.jp/_download.php?dir=spot_summary&file=spot_summary_2019.csv
2019-11-26,jepx-spread-range-kyushu,kyushu,7.950000000000001,https://www.jepx.jp/_download.php?dir=spot_summary&file=spot_summary_2019.csv
2019-11-27,jepx-spread-range-kyushu,kyushu,7.720000000000001,https://www.jepx.jp/_download.php?dir=spot_summary&file=spot_summary_2019.csv
2019-11-28,jepx-spread-range-kyushu,kyushu,6.6,https://www.jepx.jp/_download.php?dir=spot_summary&file=spot_summary_2019.csv
2019-11-29,jepx-spread-range-kyushu,kyushu,10.51,https://www.jepx.jp/_download.php?dir=spot_summary&file=spot_summary_2019.csv
2019-11-30,jepx-spread-range-kyushu,kyushu,8.91,https://www.jepx.jp/_download.php?dir=spot_summary&file=spot_summary_2019.csv
2019-12-01,jepx-spread-range-kyushu,kyushu,3.7,https://www.jepx.jp/_download.php?dir=spot_summary&file=spot_summary_2019.csv
2019-12-02,jepx-spread-range-kyushu,kyushu,5.13,https://www.jepx.jp/_download.php?dir=spot_summary&file=spot_summary_2019.csv
2019-12-03,jepx-spread-range-kyushu,kyushu,6.070000000000001,https://www.jepx.jp/_download.php?dir=spot_summary&file=spot_summary_2019.csv
2019-12-04,jepx-spread-range-kyushu,kyushu,5.13,https://www.jepx.jp/_download.php?dir=spot_summary&file=spot_summary_2019.csv
2019-12-05,jepx-spread-range-kyushu,kyushu,10.15,https://www.jepx.jp/_download.php?dir=spot_summary&file=spot_summary_2019.csv
2019-12-06,jepx-spread-range-kyushu,kyushu,8.27,https://www.jepx.jp/_download.php?dir=spot_summary&file=spot_summary_2019.csv
2019-12-07,jepx-spread-range-kyushu,kyushu,5.17,https://www.jepx.jp/_download.php?dir=spot_summary&file=spot_summary_2019.csv
2019-12-08,jepx-spread-range-kyushu,kyushu,8.04,https://www.jepx.jp/_download.php?dir=spot_summary&file=spot_summary_2019.csv
2019-12-09,jepx-spread-range-kyushu,kyushu,13.58,https://www.jepx.jp/_download.php?dir=spot_summary&file=spot_summary_2019.csv
2019-12-10,jepx-spread-range-kyushu,kyushu,11.87,https://www.jepx.jp/_download.php?dir=spot_summary&file=spot_summary_2019.csv
2019-12-11,jepx-spread-range-kyushu,kyushu,4.98,https://www.jepx.jp/_download.php?dir=spot_summary&file=spot_summary_2019.csv
2019-12-12,jepx-spread-range-kyushu,kyushu,5.1000000000000005,https://www.jepx.jp/_download.php?dir=spot_summary&file=spot_summary_2019.csv
2019-12-13,jepx-spread-range-kyushu,kyushu,12.7,https://www.jepx.jp/_download.php?dir=spot_summary&file=spot_summary_2019.csv
2019-12-14,jepx-spread-range-kyushu,kyushu,3.79,https://www.jepx.jp/_download.php?dir=spot_summary&file=spot_summary_2019.csv
2019-12-15,jepx-spread-range-kyushu,kyushu,8.790000000000001,https://www.jepx.jp/_download.php?dir=spot_summary&file=spot_summary_2019.csv
2019-12-16,jepx-spread-range-kyushu,kyushu,7.940000000000001,https://www.jepx.jp/_download.php?dir=spot_summary&file=spot_summary_2019.csv
2019-12-17,jepx-spread-range-kyushu,kyushu,7.320000000000001,https://www.jepx.jp/_download.php?dir=spot_summary&file=spot_summary_2019.csv
2019-12-18,jepx-spread-range-kyushu,kyushu,4.670000000000001,https://www.jepx.jp/_download.php?dir=spot_summary&file=spot_summary_2019.csv
2019-12-19,jepx-spread-range-kyushu,kyushu,7.37,https://www.jepx.jp/_download.php?dir=spot_summary&file=spot_summary_2019.csv
2019-12-20,jepx-spread-range-kyushu,kyushu,4.430000000000001,https://www.jepx.jp/_download.php?dir=spot_summary&file=spot_summary_2019.csv
2019-12-21,jepx-spread-range-kyushu,kyushu,3.410000000000001,https://www.jepx.jp/_download.php?dir=spot_summary&file=spot_summary_2019.csv
2019-12-22,jepx-spread-range-kyushu,kyushu,4.750000000000001,https://www.jepx.jp/_download.php?dir=spot_summary&file=spot_summary_2019.csv
2019-12-23,jepx-spread-range-kyushu,kyushu,8.57,https://www.jepx.jp/_download.php?dir=spot_summary&file=spot_summary_2019.csv
2019-12-24,jepx-spread-range-kyushu,kyushu,7.63,https://www.jepx.jp/_download.php?dir=spot_summary&file=spot_summary_2019.csv
2019-12-25,jepx-spread-range-kyushu,kyushu,7.34,https://www.jepx.jp/_download.php?dir=spot_summary&file=spot_summary_2019.csv
2019-12-26,jepx-spread-range-kyushu,kyushu,3.83,https://www.jepx.jp/_download.php?dir=spot_summary&file=spot_summary_2019.csv
2019-12-27,jepx-spread-range-kyushu,kyushu,4.090000000000001,https://www.jepx.jp/_download.php?dir=spot_summary&file=spot_summary_2019.csv
2019-12-28,jepx-spread-range-kyushu,kyushu,9.92,https://www.jepx.jp/_download.php?dir=spot_summary&file=spot_summary_2019.csv
2019-12-29,jepx-spread-range-kyushu,kyushu,4.200000000000001,https://www.jepx.jp/_download.php?dir=spot_summary&file=spot_summary_2019.csv
2019-12-30,jepx-spread-range-kyushu,kyushu,5.390000000000001,https://www.jepx.jp/_download.php?dir=spot_summary&file=spot_summary_2019.csv
2019-12-31,jepx-spread-range-kyushu,kyushu,8.69,https://www.jepx.jp/_download.php?dir=spot_summary&file=spot_summary_2019.csv
2020-01-01,jepx-spread-range-kyushu,kyushu,7.27,https://www.jepx.jp/_download.php?dir=spot_summary&file=spot_summary_2019.csv
2020-01-02,jepx-spread-range-kyushu,kyushu,7.430000000000001,https://www.jepx.jp/_download.php?dir=spot_summary&file=spot_summary_2019.csv
2020-01-03,jepx-spread-range-kyushu,kyushu,7.83,https://www.jepx.jp/_download.php?dir=spot_summary&file=spot_summary_2019.csv
2020-01-04,jepx-spread-range-kyushu,kyushu,8.56,https://www.jepx.jp/_download.php?dir=spot_summary&file=spot_summary_2019.csv
2020-01-05,jepx-spread-range-kyushu,kyushu,8.56,https://www.jepx.jp/_download.php?dir=spot_summary&file=spot_summary_2019.csv
2020-01-06,jepx-spread-range-kyushu,kyushu,5.539999999999999,https://www.jepx.jp/_download.php?dir=spot_summary&file=spot_summary_2019.csv
2020-01-07,jepx-spread-range-kyushu,kyushu,3.4700000000000006,https://www.jepx.jp/_download.php?dir=spot_summary&file=spot_summary_2019.csv
2020-01-08,jepx-spread-range-kyushu,kyushu,3.4700000000000006,https://www.jepx.jp/_download.php?dir=spot_summary&file=spot_summary_2019.csv
2020-01-09,jepx-spread-range-kyushu,kyushu,10.27,https://www.jepx.jp/_download.php?dir=spot_summary&file=spot_summary_2019.csv
2020-01-10,jepx-spread-range-kyushu,kyushu,11.99,https://www.jepx.jp/_download.php?dir=spot_summary&file=spot_summary_2019.csv
2020-01-11,jepx-spread-range-kyushu,kyushu,3.4700000000000006,https://www.jepx.jp/_download.php?dir=spot_summary&file=spot_summary_2019.csv
2020-01-12,jepx-spread-range-kyushu,kyushu,3.4700000000000006,https://www.jepx.jp/_download.php?dir=spot_summary&file=spot_summary_2019.csv
2020-01-13,jepx-spread-range-kyushu,kyushu,4.170000000000001,https://www.jepx.jp/_download.php?dir=spot_summary&file=spot_summary_2019.csv
2020-01-14,jepx-spread-range-kyushu,kyushu,5.779999999999999,https://www.jepx.jp/_download.php?dir=spot_summary&file=spot_summary_2019.csv
2020-01-15,jepx-spread-range-kyushu,kyushu,5.8100000000000005,https://www.jepx.jp/_download.php?dir=spot_summary&file=spot_summary_2019.csv
2020-01-16,jepx-spread-range-kyushu,kyushu,5.24,https://www.jepx.jp/_download.php?dir=spot_summary&file=spot_summary_2019.csv
2020-01-17,jepx-spread-range-kyushu,kyushu,4.89,https://www.jepx.jp/_download.php?dir=spot_summary&file=spot_summary_2019.csv
2020-01-18,jepx-spread-range-kyushu,kyushu,3.710000000000001,https://www.jepx.jp/_download.php?dir=spot_summary&file=spot_summary_2019.csv
2020-01-19,jepx-spread-range-kyushu,kyushu,3.65,https://www.jepx.jp/_download.php?dir=spot_summary&file=spot_summary_2019.csv
2020-01-20,jepx-spread-range-kyushu,kyushu,5.3100000000000005,https://www.jepx.jp/_download.php?dir=spot_summary&file=spot_summary_2019.csv
2020-01-21,jepx-spread-range-kyushu,kyushu,10.92,https://www.jepx.jp/_download.php?dir=spot_summary&file=spot_summary_2019.csv
2020-01-22,jepx-spread-range-kyushu,kyushu,6.300000000000001,https://www.jepx.jp/_download.php?dir=spot_summary&file=spot_summary_2019.csv
2020-01-23,jepx-spread-range-kyushu,kyushu,3.4700000000000006,https://www.jepx.jp/_download.php?dir=spot_summary&file=spot_summary_2019.csv
2020-01-24,jepx-spread-range-kyushu,kyushu,3.2200000000000006,https://www.jepx.jp/_download.php?dir=spot_summary&file=spot_summary_2019.csv
2020-01-25,jepx-spread-range-kyushu,kyushu,3.4700000000000006,https://www.jepx.jp/_download.php?dir=spot_summary&file=spot_summary_2019.csv
2020-01-26,jepx-spread-range-kyushu,kyushu,3.140000000000001,https://www.jepx.jp/_download.php?dir=spot_summary&file=spot_summary_2019.csv
2020-01-27,jepx-spread-range-kyushu,kyushu,7.900000000000001,https://www.jepx.jp/_download.php?dir=spot_summary&file=spot_summary_2019.csv
2020-01-28,jepx-spread-range-kyushu,kyushu,4.2700000000000005,https://www.jepx.jp/_download.php?dir=spot_summary&file=spot_summary_2019.csv
2020-01-29,jepx-spread-range-kyushu,kyushu,4.840000000000001,https://www.jepx.jp/_download.php?dir=spot_summary&file=spot_summary_2019.csv
2020-01-30,jepx-spread-range-kyushu,kyushu,5.05,https://www.jepx.jp/_download.php?dir=spot_summary&file=spot_summary_2019.csv
2020-01-31,jepx-spread-range-kyushu,kyushu,3.920000000000001,https://www.jepx.jp/_download.php?dir=spot_summary&file=spot_summary_2019.csv
2020-02-01,jepx-spread-range-kyushu,kyushu,7.7,https://www.jepx.jp/_download.php?dir=spot_summary&file=spot_summary_2019.csv
2020-02-02,jepx-spread-range-kyushu,kyushu,7.7,https://www.jepx.jp/_download.php?dir=spot_summary&file=spot_summary_2019.csv
2020-02-03,jepx-spread-range-kyushu,kyushu,3.58,https://www.jepx.jp/_download.php?dir=spot_summary&file=spot_summary_2019.csv
2020-02-04,jepx-spread-range-kyushu,kyushu,6.010000000000001,https://www.jepx.jp/_download.php?dir=spot_summary&file=spot_summary_2019.csv
2020-02-05,jepx-spread-range-kyushu,kyushu,9.51,https://www.jepx.jp/_download.php?dir=spot_summary&file=spot_summary_2019.csv
2020-02-06,jepx-spread-range-kyushu,kyushu,11.64,https://www.jepx.jp/_download.php?dir=spot_summary&file=spot_summary_2019.csv
2020-02-07,jepx-spread-range-kyushu,kyushu,11.68,https://www.jepx.jp/_download.php?dir=spot_summary&file=spot_summary_2019.csv
2020-02-08,jepx-spread-range-kyushu,kyushu,8.07,https://www.jepx.jp/_download.php?dir=spot_summary&file=spot_summary_2019.csv
2020-02-09,jepx-spread-range-kyushu,kyushu,4.37,https://www.jepx.jp/_download.php?dir=spot_summary&file=spot_summary_2019.csv
2020-02-10,jepx-spread-range-kyushu,kyushu,7.85,https://www.jepx.jp/_download.php?dir=spot_summary&file=spot_summary_2019.csv
2020-02-11,jepx-spread-range-kyushu,kyushu,8.07,https://www.jepx.jp/_download.php?dir=spot_summary&file=spot_summary_2019.csv
2020-02-12,jepx-spread-range-kyushu,kyushu,3.66,https://www.jepx.jp/_download.php?dir=spot_summary&file=spot_summary_2019.csv
2020-02-13,jepx-spread-range-kyushu,kyushu,5.52,https://www.jepx.jp/_download.php?dir=spot_summary&file=spot_summary_2019.csv
2020-02-14,jepx-spread-range-kyushu,kyushu,2.01,https://www.jepx.jp/_download.php?dir=spot_summary&file=spot_summary_2019.csv
2020-02-15,jepx-spread-range-kyushu,kyushu,2.92,https://www.jepx.jp/_download.php?dir=spot_summary&file=spot_summary_2019.csv
2020-02-16,jepx-spread-range-kyushu,kyushu,5.3100000000000005,https://www.jepx.jp/_download.php?dir=spot_summary&file=spot_summary_2019.csv
2020-02-17,jepx-spread-range-kyushu,kyushu,5.42,https://www.jepx.jp/_download.php?dir=spot_summary&file=spot_summary_2019.csv
2020-02-18,jepx-spread-range-kyushu,kyushu,8.85,https://www.jepx.jp/_download.php?dir=spot_summary&file=spot_summary_2019.csv
2020-02-19,jepx-spread-range-kyushu,kyushu,9.65,https://www.jepx.jp/_download.php?dir=spot_summary&file=spot_summary_2019.csv
2020-02-20,jepx-spread-range-kyushu,kyushu,10.3,https://www.jepx.jp/_download.php?dir=spot_summary&file=spot_summary_2019.csv
2020-02-21,jepx-spread-range-kyushu,kyushu,7.32,https://www.jepx.jp/_download.php?dir=spot_summary&file=spot_summary_2019.csv
2020-02-22,jepx-spread-range-kyushu,kyushu,7.17,https://www.jepx.jp/_download.php?dir=spot_summary&file=spot_summary_2019.csv
2020-02-23,jepx-spread-range-kyushu,kyushu,6.94,https://www.jepx.jp/_download.php?dir=spot_summary&file=spot_summary_2019.csv
2020-02-24,jepx-spread-range-kyushu,kyushu,8.07,https://www.jepx.jp/_download.php?dir=spot_summary&file=spot_summary_2019.csv
2020-02-25,jepx-spread-range-kyushu,kyushu,3.71,https://www.jepx.jp/_download.php?dir=spot_summary&file=spot_summary_2019.csv
2020-02-26,jepx-spread-range-kyushu,kyushu,6.390000000000001,https://www.jepx.jp/_download.php?dir=spot_summary&file=spot_summary_2019.csv
2020-02-27,jepx-spread-range-kyushu,kyushu,8.07,https://www.jepx.jp/_download.php?dir=spot_summary&file=spot_summary_2019.csv
2020-02-28,jepx-spread-range-kyushu,kyushu,4.02,https://www.jepx.jp/_download.php?dir=spot_summary&file=spot_summary_2019.csv
2020-02-29,jepx-spread-range-kyushu,kyushu,3.83,https://www.jepx.jp/_download.php?dir=spot_summary&file=spot_summary_2019.csv
2020-03-01,jepx-spread-range-kyushu,kyushu,4.209999999999999,https://www.jepx.jp/_download.php?dir=spot_summary&file=spot_summary_2019.csv
2020-03-02,jepx-spread-range-kyushu,kyushu,8.52,https://www.jepx.jp/_download.php?dir=spot_summary&file=spot_summary_2019.csv
2020-03-03,jepx-spread-range-kyushu,kyushu,8.02,https://www.jepx.jp/_download.php?dir=spot_summary&file=spot_summary_2019.csv
2020-03-04,jepx-spread-range-kyushu,kyushu,5.58,https://www.jepx.jp/_download.php?dir=spot_summary&file=spot_summary_2019.csv
2020-03-05,jepx-spread-range-kyushu,kyushu,9.48,https://www.jepx.jp/_download.php?dir=spot_summary&file=spot_summary_2019.csv
2020-03-06,jepx-spread-range-kyushu,kyushu,9.11,https://www.jepx.jp/_download.php?dir=spot_summary&file=spot_summary_2019.csv
2020-03-07,jepx-spread-range-kyushu,kyushu,4.18,https://www.jepx.jp/_download.php?dir=spot_summary&file=spot_summary_2019.csv
2020-03-08,jepx-spread-range-kyushu,kyushu,5.15,https://www.jepx.jp/_download.php?dir=spot_summary&file=spot_summary_2019.csv
2020-03-09,jepx-spread-range-kyushu,kyushu,4.96,https://www.jepx.jp/_download.php?dir=spot_summary&file=spot_summary_2019.csv
2020-03-10,jepx-spread-range-kyushu,kyushu,1.3000000000000007,https://www.jepx.jp/_download.php?dir=spot_summary&file=spot_summary_2019.csv
2020-03-11,jepx-spread-range-kyushu,kyushu,7.86,https://www.jepx.jp/_download.php?dir=spot_summary&file=spot_summary_2019.csv
2020-03-12,jepx-spread-range-kyushu,kyushu,8.52,https://www.jepx.jp/_download.php?dir=spot_summary&file=spot_summary_2019.csv
2020-03-13,jepx-spread-range-kyushu,kyushu,3.21,https://www.jepx.jp/_download.php?dir=spot_summary&file=spot_summary_2019.csv
2020-03-14,jepx-spread-range-kyushu,kyushu,6.87,https://www.jepx.jp/_download.php?dir=spot_summary&file=spot_summary_2019.csv
2020-03-15,jepx-spread-range-kyushu,kyushu,7.07,https://www.jepx.jp/_download.php?dir=spot_summary&file=spot_summary_2019.csv
2020-03-16,jepx-spread-range-kyushu,kyushu,12.06,https://www.jepx.jp/_download.php?dir=spot_summary&file=spot_summary_2019.csv
2020-03-17,jepx-spread-range-kyushu,kyushu,10.99,https://www.jepx.jp/_download.php?dir=spot_summary&file=spot_summary_2019.csv
2020-03-18,jepx-spread-range-kyushu,kyushu,7.56,https://www.jepx.jp/_download.php?dir=spot_summary&file=spot_summary_2019.csv
2020-03-19,jepx-spread-range-kyushu,kyushu,1.97,https://www.jepx.jp/_download.php?dir=spot_summary&file=spot_summary_2019.csv
2020-03-20,jepx-spread-range-kyushu,kyushu,8.02,https://www.jepx.jp/_download.php?dir=spot_summary&file=spot_summary_2019.csv
2020-03-21,jepx-spread-range-kyushu,kyushu,7.17,https://www.jepx.jp/_download.php?dir=spot_summary&file=spot_summary_2019.csv
2020-03-22,jepx-spread-range-kyushu,kyushu,1.8000000000000005,https://www.jepx.jp/_download.php?dir=spot_summary&file=spot_summary_2019.csv
2020-03-23,jepx-spread-range-kyushu,kyushu,8.52,https://www.jepx.jp/_download.php?dir=spot_summary&file=spot_summary_2019.csv
2020-03-24,jepx-spread-range-kyushu,kyushu,6.08,https://www.jepx.jp/_download.php?dir=spot_summary&file=spot_summary_2019.csv
2020-03-25,jepx-spread-range-kyushu,kyushu,6.26,https://www.jepx.jp/_download.php?dir=spot_summary&file=spot_summary_2019.csv
2020-03-26,jepx-spread-range-kyushu,kyushu,1.9599999999999995,https://www.jepx.jp/_download.php?dir=spot_summary&file=spot_summary_2019.csv
2020-03-27,jepx-spread-range-kyushu,kyushu,1.8200000000000005,https://www.jepx.jp/_download.php?dir=spot_summary&file=spot_summary_2019.csv
2020-03-28,jepx-spread-range-kyushu,kyushu,1.56,https://www.jepx.jp/_download.php?dir=spot_summary&file=spot_summary_2019.csv
2020-03-29,jepx-spread-range-kyushu,kyushu,5.15,https://www.jepx.jp/_download.php?dir=spot_summary&file=spot_summary_2019.csv
2020-03-30,jepx-spread-range-kyushu,kyushu,2.94,https://www.jepx.jp/_download.php?dir=spot_summary&file=spot_summary_2019.csv
2020-03-31,jepx-spread-range-kyushu,kyushu,1.5999999999999996,https://www.jepx.jp/_download.php?dir=spot_summary&file=spot_summary_2019.csv
2020-04-01,jepx-spread-range-kyushu,kyushu,3.96,https://www.jepx.jp/_download.php?dir=spot_summary&file=spot_summary_2020.csv
2020-04-02,jepx-spread-range-kyushu,kyushu,7.88,https://www.jepx.jp/_download.php?dir=spot_summary&file=spot_summary_2020.csv
2020-04-03,jepx-spread-range-kyushu,kyushu,5.3,https://www.jepx.jp/_download.php?dir=spot_summary&file=spot_summary_2020.csv
2020-04-04,jepx-spread-range-kyushu,kyushu,6.75,https://www.jepx.jp/_download.php?dir=spot_summary&file=spot_summary_2020.csv
2020-04-05,jepx-spread-range-kyushu,kyushu,7.58,https://www.jepx.jp/_download.php?dir=spot_summary&file=spot_summary_2020.csv
2020-04-06,jepx-spread-range-kyushu,kyushu,9.23,https://www.jepx.jp/_download.php?dir=spot_summary&file=spot_summary_2020.csv
2020-04-07,jepx-spread-range-kyushu,kyushu,7.680000000000001,https://www.jepx.jp/_download.php?dir=spot_summary&file=spot_summary_2020.csv
2020-04-08,jepx-spread-range-kyushu,kyushu,6.75,https://www.jepx.jp/_download.php?dir=spot_summary&file=spot_summary_2020.csv
2020-04-09,jepx-spread-range-kyushu,kyushu,6.75,https://www.jepx.jp/_download.php?dir=spot_summary&file=spot_summary_2020.csv
2020-04-10,jepx-spread-range-kyushu,kyushu,6.8,https://www.jepx.jp/_download.php?dir=spot_summary&file=spot_summary_2020.csv
2020-04-11,jepx-spread-range-kyushu,kyushu,5.68,https://www.jepx.jp/_download.php?dir=spot_summary&file=spot_summary_2020.csv
2020-04-12,jepx-spread-range-kyushu,kyushu,4.15,https://www.jepx.jp/_download.php?dir=spot_summary&file=spot_summary_2020.csv
2020-04-13,jepx-spread-range-kyushu,kyushu,4.7,https://www.jepx.jp/_download.php?dir=spot_summary&file=spot_summary_2020.csv
2020-04-14,jepx-spread-range-kyushu,kyushu,7.58,https://www.jepx.jp/_download.php?dir=spot_summary&file=spot_summary_2020.csv
2020-04-15,jepx-spread-range-kyushu,kyushu,3.83,https://www.jepx.jp/_download.php?dir=spot_summary&file=spot_summary_2020.csv
2020-04-16,jepx-spread-range-kyushu,kyushu,7.220000000000001,https://www.jepx.jp/_download.php?dir=spot_summary&file=spot_summary_2020.csv
2020-04-17,jepx-spread-range-kyushu,kyushu,3.0500000000000007,https://www.jepx.jp/_download.php?dir=spot_summary&file=spot_summary_2020.csv
2020-04-18,jepx-spread-range-kyushu,kyushu,7.1000000000000005,https://www.jepx.jp/_download.php?dir=spot_summary&file=spot_summary_2020.csv
2020-04-19,jepx-spread-range-kyushu,kyushu,6.32,https://www.jepx.jp/_download.php?dir=spot_summary&file=spot_summary_2020.csv
2020-04-20,jepx-spread-range-kyushu,kyushu,3.61,https://www.jepx.jp/_download.php?dir=spot_summary&file=spot_summary_2020.csv
2020-04-21,jepx-spread-range-kyushu,kyushu,1.81,https://www.jepx.jp/_download.php?dir=spot_summary&file=spot_summary_2020.csv
2020-04-22,jepx-spread-range-kyushu,kyushu,5.17,https://www.jepx.jp/_download.php?dir=spot_summary&file=spot_summary_2020.csv
2020-04-23,jepx-spread-range-kyushu,kyushu,3.13,https://www.jepx.jp/_download.php?dir=spot_summary&file=spot_summary_2020.csv
2020-04-24,jepx-spread-range-kyushu,kyushu,6.11,https://www.jepx.jp/_download.php?dir=spot_summary&file=spot_summary_2020.csv
2020-04-25,jepx-spread-range-kyushu,kyushu,5.17,https://www.jepx.jp/_download.php?dir=spot_summary&file=spot_summary_2020.csv
2020-04-26,jepx-spread-range-kyushu,kyushu,5.17,https://www.jepx.jp/_download.php?dir=spot_summary&file=spot_summary_2020.csv
2020-04-27,jepx-spread-range-kyushu,kyushu,5.25,https://www.jepx.jp/_download.php?dir=spot_summary&file=spot_summary_2020.csv
2020-04-28,jepx-spread-range-kyushu,kyushu,7.88,https://www.jepx.jp/_download.php?dir=spot_summary&file=spot_summary_2020.csv
2020-04-29,jepx-spread-range-kyushu,kyushu,5.66,https://www.jepx.jp/_download.php?dir=spot_summary&file=spot_summary_2020.csv
2020-04-30,jepx-spread-range-kyushu,kyushu,6.5600000000000005,https://www.jepx.jp/_download.php?dir=spot_summary&file=spot_summary_2020.csv
2020-05-01,jepx-spread-range-kyushu,kyushu,7.56,https://www.jepx.jp/_download.php?dir=spot_summary&file=spot_summary_2020.csv
2020-05-02,jepx-spread-range-kyushu,kyushu,7.56,https://www.jepx.jp/_download.php?dir=spot_summary&file=spot_summary_2020.csv
2020-05-03,jepx-spread-range-kyushu,kyushu,3.96,https://www.jepx.jp/_download.php?dir=spot_summary&file=spot_summary_2020.csv
2020-05-04,jepx-spread-range-kyushu,kyushu,4.98,https://www.jepx.jp/_download.php?dir=spot_summary&file=spot_summary_2020.csv
2020-05-05,jepx-spread-range-kyushu,kyushu,6.7700000000000005,https://www.jepx.jp/_download.php?dir=spot_summary&file=spot_summary_2020.csv
2020-05-06,jepx-spread-range-kyushu,kyushu,5.75,https://www.jepx.jp/_download.php?dir=spot_summary&file=spot_summary_2020.csv
2020-05-07,jepx-spread-range-kyushu,kyushu,8.49,https://www.jepx.jp/_download.php?dir=spot_summary&file=spot_summary_2020.csv
2020-05-08,jepx-spread-range-kyushu,kyushu,4.88,https://www.jepx.jp/_download.php?dir=spot_summary&file=spot_summary_2020.csv
2020-05-09,jepx-spread-range-kyushu,kyushu,3.6,https://www.jepx.jp/_download.php?dir=spot_summary&file=spot_summary_2020.csv
2020-05-10,jepx-spread-range-kyushu,kyushu,2.2,https://www.jepx.jp/_download.php?dir=spot_summary&file=spot_summary_2020.csv
2020-05-11,jepx-spread-range-kyushu,kyushu,5.11,https://www.jepx.jp/_download.php?dir=spot_summary&file=spot_summary_2020.csv
2020-05-12,jepx-spread-range-kyushu,kyushu,4.59,https://www.jepx.jp/_download.php?dir=spot_summary&file=spot_summary_2020.csv
2020-05-13,jepx-spread-range-kyushu,kyushu,4.59,https://www.jepx.jp/_download.php?dir=spot_summary&file=spot_summary_2020.csv
2020-05-14,jepx-spread-range-kyushu,kyushu,7.56,https://www.jepx.jp/_download.php?dir=spot_summary&file=spot_summary_2020.csv
2020-05-15,jepx-spread-range-kyushu,kyushu,6.1000000000000005,https://www.jepx.jp/_download.php?dir=spot_summary&file=spot_summary_2020.csv
2020-05-16,jepx-spread-range-kyushu,kyushu,5.130000000000001,https://www.jepx.jp/_download.php?dir=spot_summary&file=spot_summary_2020.csv
2020-05-17,jepx-spread-range-kyushu,kyushu,7.09,https://www.jepx.jp/_download.php?dir=spot_summary&file=spot_summary_2020.csv
2020-05-18,jepx-spread-range-kyushu,kyushu,6.76,https://www.jepx.jp/_download.php?dir=spot_summary&file=spot_summary_2020.csv
2020-05-19,jepx-spread-range-kyushu,kyushu,5.11,https://www.jepx.jp/_download.php?dir=spot_summary&file=spot_summary_2020.csv
2020-05-20,jepx-spread-range-kyushu,kyushu,6.67,https://www.jepx.jp/_download.php?dir=spot_summary&file=spot_summary_2020.csv
2020-05-21,jepx-spread-range-kyushu,kyushu,6.59,https://www.jepx.jp/_download.php?dir=spot_summary&file=spot_summary_2020.csv
2020-05-22,jepx-spread-range-kyushu,kyushu,6.119999999999999,https://www.jepx.jp/_download.php?dir=spot_summary&file=spot_summary_2020.csv
2020-05-23,jepx-spread-range-kyushu,kyushu,7.4,https://www.jepx.jp/_download.php?dir=spot_summary&file=spot_summary_2020.csv
2020-05-24,jepx-spread-range-kyushu,kyushu,6.63,https://www.jepx.jp/_download.php?dir=spot_summary&file=spot_summary_2020.csv
2020-05-25,jepx-spread-range-kyushu,kyushu,5.43,https://www.jepx.jp/_download.php?dir=spot_summary&file=spot_summary_2020.csv
2020-05-26,jepx-spread-range-kyushu,kyushu,5.74,https://www.jepx.jp/_download.php?dir=spot_summary&file=spot_summary_2020.csv
2020-05-27,jepx-spread-range-kyushu,kyushu,8.03,https://www.jepx.jp/_download.php?dir=spot_summary&file=spot_summary_2020.csv
2020-05-28,jepx-spread-range-kyushu,kyushu,7.87,https://www.jepx.jp/_download.php?dir=spot_summary&file=spot_summary_2020.csv
2020-05-29,jepx-spread-range-kyushu,kyushu,7.3,https://www.jepx.jp/_download.php?dir=spot_summary&file=spot_summary_2020.csv
2020-05-30,jepx-spread-range-kyushu,kyushu,6.57,https://www.jepx.jp/_download.php?dir=spot_summary&file=spot_summary_2020.csv
2020-05-31,jepx-spread-range-kyushu,kyushu,6.62,https://www.jepx.jp/_download.php?dir=spot_summary&file=spot_summary_2020.csv
2020-06-01,jepx-spread-range-kyushu,kyushu,2.79,https://www.jepx.jp/_download.php?dir=spot_summary&file=spot_summary_2020.csv
2020-06-02,jepx-spread-range-kyushu,kyushu,4.59,https://www.jepx.jp/_download.php?dir=spot_summary&file=spot_summary_2020.csv
2020-06-03,jepx-spread-range-kyushu,kyushu,5.49,https://www.jepx.jp/_download.php?dir=spot_summary&file=spot_summary_2020.csv
2020-06-04,jepx-spread-range-kyushu,kyushu,6.44,https://www.jepx.jp/_download.php?dir=spot_summary&file=spot_summary_2020.csv
2020-06-05,jepx-spread-range-kyushu,kyushu,3.62,https://www.jepx.jp/_download.php?dir=spot_summary&file=spot_summary_2020.csv
2020-06-06,jepx-spread-range-kyushu,kyushu,2.3399999999999994,https://www.jepx.jp/_download.php?dir=spot_summary&file=spot_summary_2020.csv
2020-06-07,jepx-spread-range-kyushu,kyushu,4.930000000000001,https://www.jepx.jp/_download.php?dir=spot_summary&file=spot_summary_2020.csv
2020-06-08,jepx-spread-range-kyushu,kyushu,6.710000000000001,https://www.jepx.jp/_download.php?dir=spot_summary&file=spot_summary_2020.csv
2020-06-09,jepx-spread-range-kyushu,kyushu,5.43,https://www.jepx.jp/_download.php?dir=spot_summary&file=spot_summary_2020.csv
2020-06-10,jepx-spread-range-kyushu,kyushu,6.459999999999999,https://www.jepx.jp/_download.php?dir=spot_summary&file=spot_summary_2020.csv
2020-06-11,jepx-spread-range-kyushu,kyushu,11.95,https://www.jepx.jp/_download.php?dir=spot_summary&file=spot_summary_2020.csv
2020-06-12,jepx-spread-range-kyushu,kyushu,8.07,https://www.jepx.jp/_download.php?dir=spot_summary&file=spot_summary_2020.csv
2020-06-13,jepx-spread-range-kyushu,kyushu,4.05,https://www.jepx.jp/_download.php?dir=spot_summary&file=spot_summary_2020.csv
2020-06-14,jepx-spread-range-kyushu,kyushu,3.75,https://www.jepx.jp/_download.php?dir=spot_summary&file=spot_summary_2020.csv
2020-06-15,jepx-spread-range-kyushu,kyushu,6.32,https://www.jepx.jp/_download.php?dir=spot_summary&file=spot_summary_2020.csv
2020-06-16,jepx-spread-range-kyushu,kyushu,5.99,https://www.jepx.jp/_download.php?dir=spot_summary&file=spot_summary_2020.csv
2020-06-17,jepx-spread-range-kyushu,kyushu,4.969999999999999,https://www.jepx.jp/_download.php?dir=spot_summary&file=spot_summary_2020.csv
2020-06-18,jepx-spread-range-kyushu,kyushu,4.109999999999999,https://www.jepx.jp/_download.php?dir=spot_summary&file=spot_summary_2020.csv
2020-06-19,jepx-spread-range-kyushu,kyushu,3.94,https://www.jepx.jp/_download.php?dir=spot_summary&file=spot_summary_2020.csv
2020-06-20,jepx-spread-range-kyushu,kyushu,4.930000000000001,https://www.jepx.jp/_download.php?dir=spot_summary&file=spot_summary_2020.csv
2020-06-21,jepx-spread-range-kyushu,kyushu,5.140000000000001,https://www.jepx.jp/_download.php?dir=spot_summary&file=spot_summary_2020.csv
2020-06-22,jepx-spread-range-kyushu,kyushu,7.67,https://www.jepx.jp/_download.php?dir=spot_summary&file=spot_summary_2020.csv
2020-06-23,jepx-spread-range-kyushu,kyushu,3.71,https://www.jepx.jp/_download.php?dir=spot_summary&file=spot_summary_2020.csv
2020-06-24,jepx-spread-range-kyushu,kyushu,4.709999999999999,https://www.jepx.jp/_download.php?dir=spot_summary&file=spot_summary_2020.csv
2020-06-25,jepx-spread-range-kyushu,kyushu,5.049999999999999,https://www.jepx.jp/_download.php?dir=spot_summary&file=spot_summary_2020.csv
2020-06-26,jepx-spread-range-kyushu,kyushu,4.710000000000001,https://www.jepx.jp/_download.php?dir=spot_summary&file=spot_summary_2020.csv
2020-06-27,jepx-spread-range-kyushu,kyushu,4.039999999999999,https://www.jepx.jp/_download.php?dir=spot_summary&file=spot_summary_2020.csv
2020-06-28,jepx-spread-range-kyushu,kyushu,4.16,https://www.jepx.jp/_download.php?dir=spot_summary&file=spot_summary_2020.csv
2020-06-29,jepx-spread-range-kyushu,kyushu,3.3500000000000005,https://www.jepx.jp/_download.php?dir=spot_summary&file=spot_summary_2020.csv
2020-06-30,jepx-spread-range-kyushu,kyushu,3.25,https://www.jepx.jp/_download.php?dir=spot_summary&file=spot_summary_2020.csv
2020-07-01,jepx-spread-range-kyushu,kyushu,2.2900000000000005,https://www.jepx.jp/_download.php?dir=spot_summary&file=spot_summary_2020.csv
2020-07-02,jepx-spread-range-kyushu,kyushu,4.12,https://www.jepx.jp/_download.php?dir=spot_summary&file=spot_summary_2020.csv
2020-07-03,jepx-spread-range-kyushu,kyushu,4.04,https://www.jepx.jp/_download.php?dir=spot_summary&file=spot_summary_2020.csv
2020-07-04,jepx-spread-range-kyushu,kyushu,3.1899999999999995,https://www.jepx.jp/_download.php?dir=spot_summary&file=spot_summary_2020.csv
2020-07-05,jepx-spread-range-kyushu,kyushu,3.97,https://www.jepx.jp/_download.php?dir=spot_summary&file=spot_summary_2020.csv
2020-07-06,jepx-spread-range-kyushu,kyushu,6.68,https://www.jepx.jp/_download.php?dir=spot_summary&file=spot_summary_2020.csv
2020-07-07,jepx-spread-range-kyushu,kyushu,4.85,https://www.jepx.jp/_download.php?dir=spot_summary&file=spot_summary_2020.csv
2020-07-08,jepx-spread-range-kyushu,kyushu,4.22,https://www.jepx.jp/_download.php?dir=spot_summary&file=spot_summary_2020.csv
2020-07-09,jepx-spread-range-kyushu,kyushu,4.779999999999999,https://www.jepx.jp/_download.php?dir=spot_summary&file=spot_summary_2020.csv
2020-07-10,jepx-spread-range-kyushu,kyushu,4.32,https://www.jepx.jp/_download.php?dir=spot_summary&file=spot_summary_2020.csv
2020-07-11,jepx-spread-range-kyushu,kyushu,3.76,https://www.jepx.jp/_download.php?dir=spot_summary&file=spot_summary_2020.csv
2020-07-12,jepx-spread-range-kyushu,kyushu,4.62,https://www.jepx.jp/_download.php?dir=spot_summary&file=spot_summary_2020.csv
2020-07-13,jepx-spread-range-kyushu,kyushu,5.93,https://www.jepx.jp/_download.php?dir=spot_summary&file=spot_summary_2020.csv
2020-07-14,jepx-spread-range-kyushu,kyushu,3.4600000000000004,https://www.jepx.jp/_download.php?dir=spot_summary&file=spot_summary_2020.csv
2020-07-15,jepx-spread-range-kyushu,kyushu,3.0200000000000005,https://www.jepx.jp/_download.php?dir=spot_summary&file=spot_summary_2020.csv
2020-07-16,jepx-spread-range-kyushu,kyushu,2.9400000000000004,https://www.jepx.jp/_download.php?dir=spot_summary&file=spot_summary_2020.csv
2020-07-17,jepx-spread-range-kyushu,kyushu,2.97,https://www.jepx.jp/_download.php?dir=spot_summary&file=spot_summary_2020.csv
2020-07-18,jepx-spread-range-kyushu,kyushu,2.31,https://www.jepx.jp/_download.php?dir=spot_summary&file=spot_summary_2020.csv
2020-07-19,jepx-spread-range-kyushu,kyushu,4.930000000000001,https://www.jepx.jp/_download.php?dir=spot_summary&file=spot_summary_2020.csv
2020-07-20,jepx-spread-range-kyushu,kyushu,5.55,https://www.jepx.jp/_download.php?dir=spot_summary&file=spot_summary_2020.csv
2020-07-21,jepx-spread-range-kyushu,kyushu,3.02,https://www.jepx.jp/_download.php?dir=spot_summary&file=spot_summary_2020.csv
2020-07-22,jepx-spread-range-kyushu,kyushu,4.92,https://www.jepx.jp/_download.php?dir=spot_summary&file=spot_summary_2020.csv
2020-07-23,jepx-spread-range-kyushu,kyushu,2.81,https://www.jepx.jp/_download.php?dir=spot_summary&file=spot_summary_2020.csv
2020-07-24,jepx-spread-range-kyushu,kyushu,2.78,https://www.jepx.jp/_download.php?dir=spot_summary&file=spot_summary_2020.csv
2020-07-25,jepx-spread-range-kyushu,kyushu,2.9400000000000004,https://www.jepx.jp/_download.php?dir=spot_summary&file=spot_summary_2020.csv
2020-07-26,jepx-spread-range-kyushu,kyushu,5.92,https://www.jepx.jp/_download.php?dir=spot_summary&file=spot_summary_2020.csv
2020-07-27,jepx-spread-range-kyushu,kyushu,14.99,https://www.jepx.jp/_download.php?dir=spot_summary&file=spot_summary_2020.csv
2020-07-28,jepx-spread-range-kyushu,kyushu,6.82,https://www.jepx.jp/_download.php?dir=spot_summary&file=spot_summary_2020.csv
2020-07-29,jepx-spread-range-kyushu,kyushu,4.390000000000001,https://www.jepx.jp/_download.php?dir=spot_summary&file=spot_summary_2020.csv
2020-07-30,jepx-spread-range-kyushu,kyushu,4.94,https://www.jepx.jp/_download.php?dir=spot_summary&file=spot_summary_2020.csv
2020-07-31,jepx-spread-range-kyushu,kyushu,5.08,https://www.jepx.jp/_download.php?dir=spot_summary&file=spot_summary_2020.csv
2020-08-01,jepx-spread-range-kyushu,kyushu,4.1,https://www.jepx.jp/_download.php?dir=spot_summary&file=spot_summary_2020.csv
2020-08-02,jepx-spread-range-kyushu,kyushu,5.73,https://www.jepx.jp/_download.php?dir=spot_summary&file=spot_summary_2020.csv
2020-08-03,jepx-spread-range-kyushu,kyushu,6.779999999999999,https://www.jepx.jp/_download.php?dir=spot_summary&file=spot_summary_2020.csv
2020-08-04,jepx-spread-range-kyushu,kyushu,5.27,https://www.jepx.jp/_download.php?dir=spot_summary&file=spot_summary_2020.csv
2020-08-05,jepx-spread-range-kyushu,kyushu,11.84,https://www.jepx.jp/_download.php?dir=spot_summary&file=spot_summary_2020.csv
2020-08-06,jepx-spread-range-kyushu,kyushu,10.46,https://www.jepx.jp/_download.php?dir=spot_summary&file=spot_summary_2020.csv
2020-08-07,jepx-spread-range-kyushu,kyushu,9.88,https://www.jepx.jp/_download.php?dir=spot_summary&file=spot_summary_2020.csv
2020-08-08,jepx-spread-range-kyushu,kyushu,5.53,https://www.jepx.jp/_download.php?dir=spot_summary&file=spot_summary_2020.csv
2020-08-09,jepx-spread-range-kyushu,kyushu,7.0600000000000005,https://www.jepx.jp/_download.php?dir=spot_summary&file=spot_summary_2020.csv
2020-08-10,jepx-spread-range-kyushu,kyushu,4.43,https://www.jepx.jp/_download.php?dir=spot_summary&file=spot_summary_2020.csv
2020-08-11,jepx-spread-range-kyushu,kyushu,8.329999999999998,https://www.jepx.jp/_download.php?dir=spot_summary&file=spot_summary_2020.csv
2020-08-12,jepx-spread-range-kyushu,kyushu,9.84,https://www.jepx.jp/_download.php?dir=spot_summary&file=spot_summary_2020.csv
2020-08-13,jepx-spread-range-kyushu,kyushu,5.5200000000000005,https://www.jepx.jp/_download.php?dir=spot_summary&file=spot_summary_2020.csv
2020-08-14,jepx-spread-range-kyushu,kyushu,4.199999999999999,https://www.jepx.jp/_download.php?dir=spot_summary&file=spot_summary_2020.csv
2020-08-15,jepx-spread-range-kyushu,kyushu,10.99,https://www.jepx.jp/_download.php?dir=spot_summary&file=spot_summary_2020.csv
2020-08-16,jepx-spread-range-kyushu,kyushu,7.579999999999999,https://www.jepx.jp/_download.php?dir=spot_summary&file=spot_summary_2020.csv
2020-08-17,jepx-spread-range-kyushu,kyushu,42.0,https://www.jepx.jp/_download.php?dir=spot_summary&file=spot_summary_2020.csv
2020-08-18,jepx-spread-range-kyushu,kyushu,36.58,https://www.jepx.jp/_download.php?dir=spot_summary&file=spot_summary_2020.csv
2020-08-19,jepx-spread-range-kyushu,kyushu,41.58,https://www.jepx.jp/_download.php?dir=spot_summary&file=spot_summary_2020.csv
2020-08-20,jepx-spread-range-kyushu,kyushu,35.91,https://www.jepx.jp/_download.php?dir=spot_summary&file=spot_summary_2020.csv
2020-08-21,jepx-spread-range-kyushu,kyushu,46.370000000000005,https://www.jepx.jp/_download.php?dir=spot_summary&file=spot_summary_2020.csv
2020-08-22,jepx-spread-range-kyushu,kyushu,4.799999999999999,https://www.jepx.jp/_download.php?dir=spot_summary&file=spot_summary_2020.csv
2020-08-23,jepx-spread-range-kyushu,kyushu,5.54,https://www.jepx.jp/_download.php?dir=spot_summary&file=spot_summary_2020.csv
2020-08-24,jepx-spread-range-kyushu,kyushu,27.88,https://www.jepx.jp/_download.php?dir=spot_summary&file=spot_summary_2020.csv
2020-08-25,jepx-spread-range-kyushu,kyushu,41.19,https://www.jepx.jp/_download.php?dir=spot_summary&file=spot_summary_2020.csv
2020-08-26,jepx-spread-range-kyushu,kyushu,45.76,https://www.jepx.jp/_download.php?dir=spot_summary&file=spot_summary_2020.csv
2020-08-27,jepx-spread-range-kyushu,kyushu,45.84,https://www.jepx.jp/_download.php?dir=spot_summary&file=spot_summary_2020.csv
2020-08-28,jepx-spread-range-kyushu,kyushu,45.74,https://www.jepx.jp/_download.php?dir=spot_summary&file=spot_summary_2020.csv
2020-08-29,jepx-spread-range-kyushu,kyushu,12.909999999999998,https://www.jepx.jp/_download.php?dir=spot_summary&file=spot_summary_2020.csv
2020-08-30,jepx-spread-range-kyushu,kyushu,17.47,https://www.jepx.jp/_download.php?dir=spot_summary&file=spot_summary_2020.csv
2020-08-31,jepx-spread-range-kyushu,kyushu,47.18,https://www.jepx.jp/_download.php?dir=spot_summary&file=spot_summary_2020.csv
2020-09-01,jepx-spread-range-kyushu,kyushu,46.41,https://www.jepx.jp/_download.php?dir=spot_summary&file=spot_summary_2020.csv
2020-09-02,jepx-spread-range-kyushu,kyushu,45.56999999999999,https://www.jepx.jp/_download.php?dir=spot_summary&file=spot_summary_2020.csv
2020-09-03,jepx-spread-range-kyushu,kyushu,45.45,https://www.jepx.jp/_download.php?dir=spot_summary&file=spot_summary_2020.csv
2020-09-04,jepx-spread-range-kyushu,kyushu,42.26,https://www.jepx.jp/_download.php?dir=spot_summary&file=spot_summary_2020.csv
2020-09-05,jepx-spread-range-kyushu,kyushu,11.21,https://www.jepx.jp/_download.php?dir=spot_summary&file=spot_summary_2020.csv
2020-09-06,jepx-spread-range-kyushu,kyushu,9.71,https://www.jepx.jp/_download.php?dir=spot_summary&file=spot_summary_2020.csv
2020-09-07,jepx-spread-range-kyushu,kyushu,16.21,https://www.jepx.jp/_download.php?dir=spot_summary&file=spot_summary_2020.csv
2020-09-08,jepx-spread-range-kyushu,kyushu,16.23,https://www.jepx.jp/_download.php?dir=spot_summary&file=spot_summary_2020.csv
2020-09-09,jepx-spread-range-kyushu,kyushu,24.09,https://www.jepx.jp/_download.php?dir=spot_summary&file=spot_summary_2020.csv
2020-09-10,jepx-spread-range-kyushu,kyushu,8.899999999999999,https://www.jepx.jp/_download.php?dir=spot_summary&file=spot_summary_2020.csv
2020-09-11,jepx-spread-range-kyushu,kyushu,10.84,https://www.jepx.jp/_download.php?dir=spot_summary&file=spot_summary_2020.csv
2020-09-12,jepx-spread-range-kyushu,kyushu,3.869999999999999,https://www.jepx.jp/_download.php?dir=spot_summary&file=spot_summary_2020.csv
2020-09-13,jepx-spread-range-kyushu,kyushu,2.65,https://www.jepx.jp/_download.php?dir=spot_summary&file=spot_summary_2020.csv
2020-09-14,jepx-spread-range-kyushu,kyushu,6.66,https://www.jepx.jp/_download.php?dir=spot_summary&file=spot_summary_2020.csv
2020-09-15,jepx-spread-range-kyushu,kyushu,6.1000000000000005,https://www.jepx.jp/_download.php?dir=spot_summary&file=spot_summary_2020.csv
2020-09-16,jepx-spread-range-kyushu,kyushu,6.1000000000000005,https://www.jepx.jp/_download.php?dir=spot_summary&file=spot_summary_2020.csv
2020-09-17,jepx-spread-range-kyushu,kyushu,9.63,https://www.jepx.jp/_download.php?dir=spot_summary&file=spot_summary_2020.csv
2020-09-18,jepx-spread-range-kyushu,kyushu,10.29,https://www.jepx.jp/_download.php?dir=spot_summary&file=spot_summary_2020.csv
2020-09-19,jepx-spread-range-kyushu,kyushu,5.09,https://www.jepx.jp/_download.php?dir=spot_summary&file=spot_summary_2020.csv
2020-09-20,jepx-spread-range-kyushu,kyushu,3.55,https://www.jepx.jp/_download.php?dir=spot_summary&file=spot_summary_2020.csv
2020-09-21,jepx-spread-range-kyushu,kyushu,3.58,https://www.jepx.jp/_download.php?dir=spot_summary&file=spot_summary_2020.csv
2020-09-22,jepx-spread-range-kyushu,kyushu,3.9100000000000006,https://www.jepx.jp/_download.php?dir=spot_summary&file=spot_summary_2020.csv
2020-09-23,jepx-spread-range-kyushu,kyushu,11.02,https://www.jepx.jp/_download.php?dir=spot_summary&file=spot_summary_2020.csv
2020-09-24,jepx-spread-range-kyushu,kyushu,9.010000000000002,https://www.jepx.jp/_download.php?dir=spot_summary&file=spot_summary_2020.csv
2020-09-25,jepx-spread-range-kyushu,kyushu,8.639999999999999,https://www.jepx.jp/_download.php?dir=spot_summary&file=spot_summary_2020.csv
2020-09-26,jepx-spread-range-kyushu,kyushu,2.95,https://www.jepx.jp/_download.php?dir=spot_summary&file=spot_summary_2020.csv
2020-09-27,jepx-spread-range-kyushu,kyushu,6.69,https://www.jepx.jp/_download.php?dir=spot_summary&file=spot_summary_2020.csv
2020-09-28,jepx-spread-range-kyushu,kyushu,4.77,https://www.jepx.jp/_download.php?dir=spot_summary&file=spot_summary_2020.csv
2020-09-29,jepx-spread-range-kyushu,kyushu,4.35,https://www.jepx.jp/_download.php?dir=spot_summary&file=spot_summary_2020.csv
2020-09-30,jepx-spread-range-kyushu,kyushu,4.220000000000001,https://www.jepx.jp/_download.php?dir=spot_summary&file=spot_summary_2020.csv
2020-10-01,jepx-spread-range-kyushu,kyushu,13.28,https://www.jepx.jp/_download.php?dir=spot_summary&file=spot_summary_2020.csv
2020-10-02,jepx-spread-range-kyushu,kyushu,10.18,https://www.jepx.jp/_download.php?dir=spot_summary&file=spot_summary_2020.csv
2020-10-03,jepx-spread-range-kyushu,kyushu,4.98,https://www.jepx.jp/_download.php?dir=spot_summary&file=spot_summary_2020.csv
2020-10-04,jepx-spread-range-kyushu,kyushu,3.14,https://www.jepx.jp/_download.php?dir=spot_summary&file=spot_summary_2020.csv
2020-10-05,jepx-spread-range-kyushu,kyushu,10.5,https://www.jepx.jp/_download.php?dir=spot_summary&file=spot_summary_2020.csv
2020-10-06,jepx-spread-range-kyushu,kyushu,13.46,https://www.jepx.jp/_download.php?dir=spot_summary&file=spot_summary_2020.csv
2020-10-07,jepx-spread-range-kyushu,kyushu,13.71,https://www.jepx.jp/_download.php?dir=spot_summary&file=spot_summary_2020.csv
2020-10-08,jepx-spread-range-kyushu,kyushu,5.6,https://www.jepx.jp/_download.php?dir=spot_summary&file=spot_summary_2020.csv
2020-10-09,jepx-spread-range-kyushu,kyushu,9.4,https://www.jepx.jp/_download.php?dir=spot_summary&file=spot_summary_2020.csv
2020-10-10,jepx-spread-range-kyushu,kyushu,2.83,https://www.jepx.jp/_download.php?dir=spot_summary&file=spot_summary_2020.csv
2020-10-11,jepx-spread-range-kyushu,kyushu,11.83,https://www.jepx.jp/_download.php?dir=spot_summary&file=spot_summary_2020.csv
2020-10-12,jepx-spread-range-kyushu,kyushu,11.5,https://www.jepx.jp/_download.php?dir=spot_summary&file=spot_summary_2020.csv
2020-10-13,jepx-spread-range-kyushu,kyushu,6.93,https://www.jepx.jp/_download.php?dir=spot_summary&file=spot_summary_2020.csv
2020-10-14,jepx-spread-range-kyushu,kyushu,8.5,https://www.jepx.jp/_download.php?dir=spot_summary&file=spot_summary_2020.csv
2020-10-15,jepx-spread-range-kyushu,kyushu,11.9,https://www.jepx.jp/_download.php?dir=spot_summary&file=spot_summary_2020.csv
2020-10-16,jepx-spread-range-kyushu,kyushu,8.11,https://www.jepx.jp/_download.php?dir=spot_summary&file=spot_summary_2020.csv
2020-10-17,jepx-spread-range-kyushu,kyushu,6.62,https://www.jepx.jp/_download.php?dir=spot_summary&file=spot_summary_2020.csv
2020-10-18,jepx-spread-range-kyushu,kyushu,7.3,https://www.jepx.jp/_download.php?dir=spot_summary&file=spot_summary_2020.csv
2020-10-19,jepx-spread-range-kyushu,kyushu,6.659999999999999,https://www.jepx.jp/_download.php?dir=spot_summary&file=spot_summary_2020.csv
2020-10-20,jepx-spread-range-kyushu,kyushu,11.42,https://www.jepx.jp/_download.php?dir=spot_summary&file=spot_summary_2020.csv
2020-10-21,jepx-spread-range-kyushu,kyushu,10.38,https://www.jepx.jp/_download.php?dir=spot_summary&file=spot_summary_2020.csv
2020-10-22,jepx-spread-range-kyushu,kyushu,9.8,https://www.jepx.jp/_download.php?dir=spot_summary&file=spot_summary_2020.csv
2020-10-23,jepx-spread-range-kyushu,kyushu,15.0,https://www.jepx.jp/_download.php?dir=spot_summary&file=spot_summary_2020.csv
2020-10-24,jepx-spread-range-kyushu,kyushu,6.25,https://www.jepx.jp/_download.php?dir=spot_summary&file=spot_summary_2020.csv
2020-10-25,jepx-spread-range-kyushu,kyushu,6.12,https://www.jepx.jp/_download.php?dir=spot_summary&file=spot_summary_2020.csv
2020-10-26,jepx-spread-range-kyushu,kyushu,13.95,https://www.jepx.jp/_download.php?dir=spot_summary&file=spot_summary_2020.csv
2020-10-27,jepx-spread-range-kyushu,kyushu,11.41,https://www.jepx.jp/_download.php?dir=spot_summary&file=spot_summary_2020.csv
2020-10-28,jepx-spread-range-kyushu,kyushu,10.57,https://www.jepx.jp/_download.php?dir=spot_summary&file=spot_summary_2020.csv
2020-10-29,jepx-spread-range-kyushu,kyushu,14.510000000000002,https://www.jepx.jp/_download.php?dir=spot_summary&file=spot_summary_2020.csv
2020-10-30,jepx-spread-range-kyushu,kyushu,10.9,https://www.jepx.jp/_download.php?dir=spot_summary&file=spot_summary_2020.csv
2020-10-31,jepx-spread-range-kyushu,kyushu,7.34,https://www.jepx.jp/_download.php?dir=spot_summary&file=spot_summary_2020.csv
2020-11-01,jepx-spread-range-kyushu,kyushu,3.77,https://www.jepx.jp/_download.php?dir=spot_summary&file=spot_summary_2020.csv
2020-11-02,jepx-spread-range-kyushu,kyushu,10.78,https://www.jepx.jp/_download.php?dir=spot_summary&file=spot_summary_2020.csv
2020-11-03,jepx-spread-range-kyushu,kyushu,7.1000000000000005,https://www.jepx.jp/_download.php?dir=spot_summary&file=spot_summary_2020.csv
2020-11-04,jepx-spread-range-kyushu,kyushu,12.6,https://www.jepx.jp/_download.php?dir=spot_summary&file=spot_summary_2020.csv
2020-11-05,jepx-spread-range-kyushu,kyushu,11.48,https://www.jepx.jp/_download.php?dir=spot_summary&file=spot_summary_2020.csv
2020-11-06,jepx-spread-range-kyushu,kyushu,12.65,https://www.jepx.jp/_download.php?dir=spot_summary&file=spot_summary_2020.csv
2020-11-07,jepx-spread-range-kyushu,kyushu,5.54,https://www.jepx.jp/_download.php?dir=spot_summary&file=spot_summary_2020.csv
2020-11-08,jepx-spread-range-kyushu,kyushu,5.3,https://www.jepx.jp/_download.php?dir=spot_summary&file=spot_summary_2020.csv
2020-11-09,jepx-spread-range-kyushu,kyushu,16.2,https://www.jepx.jp/_download.php?dir=spot_summary&file=spot_summary_2020.csv
2020-11-10,jepx-spread-range-kyushu,kyushu,9.2,https://www.jepx.jp/_download.php?dir=spot_summary&file=spot_summary_2020.csv
2020-11-11,jepx-spread-range-kyushu,kyushu,13.669999999999998,https://www.jepx.jp/_download.php?dir=spot_summary&file=spot_summary_2020.csv
2020-11-12,jepx-spread-range-kyushu,kyushu,14.2,https://www.jepx.jp/_download.php?dir=spot_summary&file=spot_summary_2020.csv
2020-11-13,jepx-spread-range-kyushu,kyushu,11.53,https://www.jepx.jp/_download.php?dir=spot_summary&file=spot_summary_2020.csv
2020-11-14,jepx-spread-range-kyushu,kyushu,5.09,https://www.jepx.jp/_download.php?dir=spot_summary&file=spot_summary_2020.csv
2020-11-15,jepx-spread-range-kyushu,kyushu,5.27,https://www.jepx.jp/_download.php?dir=spot_summary&file=spot_summary_2020.csv
2020-11-16,jepx-spread-range-kyushu,kyushu,11.489999999999998,https://www.jepx.jp/_download.php?dir=spot_summary&file=spot_summary_2020.csv
2020-11-17,jepx-spread-range-kyushu,kyushu,11.3,https://www.jepx.jp/_download.php?dir=spot_summary&file=spot_summary_2020.csv
2020-11-18,jepx-spread-range-kyushu,kyushu,7.229999999999999,https://www.jepx.jp/_download.php?dir=spot_summary&file=spot_summary_2020.csv
2020-11-19,jepx-spread-range-kyushu,kyushu,10.69,https://www.jepx.jp/_download.php?dir=spot_summary&file=spot_summary_2020.csv
2020-11-20,jepx-spread-range-kyushu,kyushu,5.67,https://www.jepx.jp/_download.php?dir=spot_summary&file=spot_summary_2020.csv
2020-11-21,jepx-spread-range-kyushu,kyushu,7.11,https://www.jepx.jp/_download.php?dir=spot_summary&file=spot_summary_2020.csv
2020-11-22,jepx-spread-range-kyushu,kyushu,2.87,https://www.jepx.jp/_download.php?dir=spot_summary&file=spot_summary_2020.csv
2020-11-23,jepx-spread-range-kyushu,kyushu,3.83,https://www.jepx.jp/_download.php?dir=spot_summary&file=spot_summary_2020.csv
2020-11-24,jepx-spread-range-kyushu,kyushu,11.13,https://www.jepx.jp/_download.php?dir=spot_summary&file=spot_summary_2020.csv
2020-11-25,jepx-spread-range-kyushu,kyushu,6.44,https://www.jepx.jp/_download.php?dir=spot_summary&file=spot_summary_2020.csv
2020-11-26,jepx-spread-range-kyushu,kyushu,6.010000000000001,https://www.jepx.jp/_download.php?dir=spot_summary&file=spot_summary_2020.csv
2020-11-27,jepx-spread-range-kyushu,kyushu,8.32,https://www.jepx.jp/_download.php?dir=spot_summary&file=spot_summary_2020.csv
2020-11-28,jepx-spread-range-kyushu,kyushu,3.07,https://www.jepx.jp/_download.php?dir=spot_summary&file=spot_summary_2020.csv
2020-11-29,jepx-spread-range-kyushu,kyushu,3.790000000000001,https://www.jepx.jp/_download.php?dir=spot_summary&file=spot_summary_2020.csv
2020-11-30,jepx-spread-range-kyushu,kyushu,11.2,https://www.jepx.jp/_download.php?dir=spot_summary&file=spot_summary_2020.csv
2020-12-01,jepx-spread-range-kyushu,kyushu,5.47,https://www.jepx.jp/_download.php?dir=spot_summary&file=spot_summary_2020.csv
2020-12-02,jepx-spread-range-kyushu,kyushu,6.91,https://www.jepx.jp/_download.php?dir=spot_summary&file=spot_summary_2020.csv
2020-12-03,jepx-spread-range-kyushu,kyushu,6.15,https://www.jepx.jp/_download.php?dir=spot_summary&file=spot_summary_2020.csv
2020-12-04,jepx-spread-range-kyushu,kyushu,5.3,https://www.jepx.jp/_download.php?dir=spot_summary&file=spot_summary_2020.csv
2020-12-05,jepx-spread-range-kyushu,kyushu,9.62,https://www.jepx.jp/_download.php?dir=spot_summary&file=spot_summary_2020.csv
2020-12-06,jepx-spread-range-kyushu,kyushu,6.5,https://www.jepx.jp/_download.php?dir=spot_summary&file=spot_summary_2020.csv
2020-12-07,jepx-spread-range-kyushu,kyushu,6.64,https://www.jepx.jp/_download.php?dir=spot_summary&file=spot_summary_2020.csv
2020-12-08,jepx-spread-range-kyushu,kyushu,5.8,https://www.jepx.jp/_download.php?dir=spot_summary&file=spot_summary_2020.csv
2020-12-09,jepx-spread-range-kyushu,kyushu,8.469999999999999,https://www.jepx.jp/_download.php?dir=spot_summary&file=spot_summary_2020.csv
2020-12-10,jepx-spread-range-kyushu,kyushu,4.47,https://www.jepx.jp/_download.php?dir=spot_summary&file=spot_summary_2020.csv
2020-12-11,jepx-spread-range-kyushu,kyushu,6.46,https://www.jepx.jp/_download.php?dir=spot_summary&file=spot_summary_2020.csv
2020-12-12,jepx-spread-range-kyushu,kyushu,5.14,https://www.jepx.jp/_download.php?dir=spot_summary&file=spot_summary_2020.csv
2020-12-13,jepx-spread-range-kyushu,kyushu,3.4400000000000004,https://www.jepx.jp/_download.php?dir=spot_summary&file=spot_summary_2020.csv
2020-12-14,jepx-spread-range-kyushu,kyushu,12.349999999999998,https://www.jepx.jp/_download.php?dir=spot_summary&file=spot_summary_2020.csv
2020-12-15,jepx-spread-range-kyushu,kyushu,26.18,https://www.jepx.jp/_download.php?dir=spot_summary&file=spot_summary_2020.csv
2020-12-16,jepx-spread-range-kyushu,kyushu,44.03,https://www.jepx.jp/_download.php?dir=spot_summary&file=spot_summary_2020.csv
2020-12-17,jepx-spread-range-kyushu,kyushu,53.95,https://www.jepx.jp/_download.php?dir=spot_summary&file=spot_summary_2020.csv
2020-12-18,jepx-spread-range-kyushu,kyushu,53.59,https://www.jepx.jp/_download.php?dir=spot_summary&file=spot_summary_2020.csv
2020-12-19,jepx-spread-range-kyushu,kyushu,26.13,https://www.jepx.jp/_download.php?dir=spot_summary&file=spot_summary_2020.csv
2020-12-20,jepx-spread-range-kyushu,kyushu,16.39,https://www.jepx.jp/_download.php?dir=spot_summary&file=spot_summary_2020.csv
2020-12-21,jepx-spread-range-kyushu,kyushu,53.59,https://www.jepx.jp/_download.php?dir=spot_summary&file=spot_summary_2020.csv
2020-12-22,jepx-spread-range-kyushu,kyushu,43.49,https://www.jepx.jp/_download.php?dir=spot_summary&file=spot_summary_2020.csv
2020-12-23,jepx-spread-range-kyushu,kyushu,18.42,https://www.jepx.jp/_download.php?dir=spot_summary&file=spot_summary_2020.csv
2020-12-24,jepx-spread-range-kyushu,kyushu,38.1,https://www.jepx.jp/_download.php?dir=spot_summary&file=spot_summary_2020.csv
2020-12-25,jepx-spread-range-kyushu,kyushu,34.68,https://www.jepx.jp/_download.php?dir=spot_summary&file=spot_summary_2020.csv
2020-12-26,jepx-spread-range-kyushu,kyushu,76.13,https://www.jepx.jp/_download.php?dir=spot_summary&file=spot_summary_2020.csv
2020-12-27,jepx-spread-range-kyushu,kyushu,69.31,https://www.jepx.jp/_download.php?dir=spot_summary&file=spot_summary_2020.csv
2020-12-28,jepx-spread-range-kyushu,kyushu,76.74,https://www.jepx.jp/_download.php?dir=spot_summary&file=spot_summary_2020.csv
2020-12-29,jepx-spread-range-kyushu,kyushu,46.13,https://www.jepx.jp/_download.php?dir=spot_summary&file=spot_summary_2020.csv
2020-12-30,jepx-spread-range-kyushu,kyushu,60.34,https://www.jepx.jp/_download.php?dir=spot_summary&file=spot_summary_2020.csv
2020-12-31,jepx-spread-range-kyushu,kyushu,66.11999999999999,https://www.jepx.jp/_download.php?dir=spot_summary&file=spot_summary_2020.csv
2021-01-01,jepx-spread-range-kyushu,kyushu,62.34,https://www.jepx.jp/_download.php?dir=spot_summary&file=spot_summary_2020.csv
2021-01-02,jepx-spread-range-kyushu,kyushu,52.98,https://www.jepx.jp/_download.php?dir=spot_summary&file=spot_summary_2020.csv
2021-01-03,jepx-spread-range-kyushu,kyushu,65.52,https://www.jepx.jp/_download.php?dir=spot_summary&file=spot_summary_2020.csv
2021-01-04,jepx-spread-range-kyushu,kyushu,75.68,https://www.jepx.jp/_download.php?dir=spot_summary&file=spot_summary_2020.csv
2021-01-05,jepx-spread-range-kyushu,kyushu,61.010000000000005,https://www.jepx.jp/_download.php?dir=spot_summary&file=spot_summary_2020.csv
2021-01-06,jepx-spread-range-kyushu,kyushu,40.0,https://www.jepx.jp/_download.php?dir=spot_summary&file=spot_summary_2020.csv
2021-01-07,jepx-spread-range-kyushu,kyushu,41.010000000000005,https://www.jepx.jp/_download.php?dir=spot_summary&file=spot_summary_2020.csv
2021-01-08,jepx-spread-range-kyushu,kyushu,38.8,https://www.jepx.jp/_download.php?dir=spot_summary&file=spot_summary_2020.csv
2021-01-09,jepx-spread-range-kyushu,kyushu,71.0,https://www.jepx.jp/_download.php?dir=spot_summary&file=spot_summary_2020.csv
2021-01-10,jepx-spread-range-kyushu,kyushu,125.81,https://www.jepx.jp/_download.php?dir=spot_summary&file=spot_summary_2020.csv
2021-01-11,jepx-spread-range-kyushu,kyushu,90.2,https://www.jepx.jp/_download.php?dir=spot_summary&file=spot_summary_2020.csv
2021-01-12,jepx-spread-range-kyushu,kyushu,180.0,https://www.jepx.jp/_download.php?dir=spot_summary&file=spot_summary_2020.csv
2021-01-13,jepx-spread-range-kyushu,kyushu,143.88,https://www.jepx.jp/_download.php?dir=spot_summary&file=spot_summary_2020.csv
2021-01-14,jepx-spread-range-kyushu,kyushu,213.37,https://www.jepx.jp/_download.php?dir=spot_summary&file=spot_summary_2020.csv
2021-01-15,jepx-spread-range-kyushu,kyushu,237.89,https://www.jepx.jp/_download.php?dir=spot_summary&file=spot_summary_2020.csv
2021-01-16,jepx-spread-range-kyushu,kyushu,95.69,https://www.jepx.jp/_download.php?dir=spot_summary&file=spot_summary_2020.csv
2021-01-17,jepx-spread-range-kyushu,kyushu,86.36,https://www.jepx.jp/_download.php?dir=spot_summary&file=spot_summary_2020.csv
2021-01-18,jepx-spread-range-kyushu,kyushu,180.0,https://www.jepx.jp/_download.php?dir=spot_summary&file=spot_summary_2020.csv
2021-01-19,jepx-spread-range-kyushu,kyushu,170.03,https://www.jepx.jp/_download.php?dir=spot_summary&file=spot_summary_2020.csv
2021-01-20,jepx-spread-range-kyushu,kyushu,195.68,https://www.jepx.jp/_download.php?dir=spot_summary&file=spot_summary_2020.csv
2021-01-21,jepx-spread-range-kyushu,kyushu,186.56,https://www.jepx.jp/_download.php?dir=spot_summary&file=spot_summary_2020.csv
2021-01-22,jepx-spread-range-kyushu,kyushu,174.81,https://www.jepx.jp/_download.php?dir=spot_summary&file=spot_summary_2020.csv
2021-01-23,jepx-spread-range-kyushu,kyushu,41.44,https://www.jepx.jp/_download.php?dir=spot_summary&file=spot_summary_2020.csv
2021-01-24,jepx-spread-range-kyushu,kyushu,25.01,https://www.jepx.jp/_download.php?dir=spot_summary&file=spot_summary_2020.csv
2021-01-25,jepx-spread-range-kyushu,kyushu,25.46,https://www.jepx.jp/_download.php?dir=spot_summary&file=spot_summary_2020.csv
2021-01-26,jepx-spread-range-kyushu,kyushu,14.76,https://www.jepx.jp/_download.php?dir=spot_summary&file=spot_summary_2020.csv
2021-01-27,jepx-spread-range-kyushu,kyushu,10.260000000000002,https://www.jepx.jp/_download.php?dir=spot_summary&file=spot_summary_2020.csv
2021-01-28,jepx-spread-range-kyushu,kyushu,9.43,https://www.jepx.jp/_download.php?dir=spot_summary&file=spot_summary_2020.csv
2021-01-29,jepx-spread-range-kyushu,kyushu,12.25,https://www.jepx.jp/_download.php?dir=spot_summary&file=spot_summary_2020.csv
2021-01-30,jepx-spread-range-kyushu,kyushu,11.31,https://www.jepx.jp/_download.php?dir=spot_summary&file=spot_summary_2020.csv
2021-01-31,jepx-spread-range-kyushu,kyushu,11.09,https://www.jepx.jp/_download.php?dir=spot_summary&file=spot_summary_2020.csv
2021-02-01,jepx-spread-range-kyushu,kyushu,4.43,https://www.jepx.jp/_download.php?dir=spot_summary&file=spot_summary_2020.csv
2021-02-02,jepx-spread-range-kyushu,kyushu,6.169999999999999,https://www.jepx.jp/_download.php?dir=spot_summary&file=spot_summary_2020.csv
2021-02-03,jepx-spread-range-kyushu,kyushu,10.11,https://www.jepx.jp/_download.php?dir=spot_summary&file=spot_summary_2020.csv
2021-02-04,jepx-spread-range-kyushu,kyushu,6.459999999999999,https://www.jepx.jp/_download.php?dir=spot_summary&file=spot_summary_2020.csv
2021-02-05,jepx-spread-range-kyushu,kyushu,10.3,https://www.jepx.jp/_download.php?dir=spot_summary&file=spot_summary_2020.csv
2021-02-06,jepx-spread-range-kyushu,kyushu,8.63,https://www.jepx.jp/_download.php?dir=spot_summary&file=spot_summary_2020.csv
2021-02-07,jepx-spread-range-kyushu,kyushu,8.39,https://www.jepx.jp/_download.php?dir=spot_summary&file=spot_summary_2020.csv
2021-02-08,jepx-spread-range-kyushu,kyushu,12.92,https://www.jepx.jp/_download.php?dir=spot_summary&file=spot_summary_2020.csv
2021-02-09,jepx-spread-range-kyushu,kyushu,14.89,https://www.jepx.jp/_download.php?dir=spot_summary&file=spot_summary_2020.csv
2021-02-10,jepx-spread-range-kyushu,kyushu,11.99,https://www.jepx.jp/_download.php?dir=spot_summary&file=spot_summary_2020.csv
2021-02-11,jepx-spread-range-kyushu,kyushu,4.44,https://www.jepx.jp/_download.php?dir=spot_summary&file=spot_summary_2020.csv
2021-02-12,jepx-spread-range-kyushu,kyushu,3.1599999999999997,https://www.jepx.jp/_download.php?dir=spot_summary&file=spot_summary_2020.csv
2021-02-13,jepx-spread-range-kyushu,kyushu,2.78,https://www.jepx.jp/_download.php?dir=spot_summary&file=spot_summary_2020.csv
2021-02-14,jepx-spread-range-kyushu,kyushu,3.2100000000000004,https://www.jepx.jp/_download.php?dir=spot_summary&file=spot_summary_2020.csv
2021-02-15,jepx-spread-range-kyushu,kyushu,3.3999999999999995,https://www.jepx.jp/_download.php?dir=spot_summary&file=spot_summary_2020.csv
2021-02-16,jepx-spread-range-kyushu,kyushu,8.64,https://www.jepx.jp/_download.php?dir=spot_summary&file=spot_summary_2020.csv
2021-02-17,jepx-spread-range-kyushu,kyushu,21.8,https://www.jepx.jp/_download.php?dir=spot_summary&file=spot_summary_2020.csv
2021-02-18,jepx-spread-range-kyushu,kyushu,26.49,https://www.jepx.jp/_download.php?dir=spot_summary&file=spot_summary_2020.csv
2021-02-19,jepx-spread-range-kyushu,kyushu,7.3,https://www.jepx.jp/_download.php?dir=spot_summary&file=spot_summary_2020.csv
2021-02-20,jepx-spread-range-kyushu,kyushu,7.88,https://www.jepx.jp/_download.php?dir=spot_summary&file=spot_summary_2020.csv
2021-02-21,jepx-spread-range-kyushu,kyushu,5.2,https://www.jepx.jp/_download.php?dir=spot_summary&file=spot_summary_2020.csv
2021-02-22,jepx-spread-range-kyushu,kyushu,5.73,https://www.jepx.jp/_download.php?dir=spot_summary&file=spot_summary_2020.csv
2021-02-23,jepx-spread-range-kyushu,kyushu,8.34,https://www.jepx.jp/_download.php?dir=spot_summary&file=spot_summary_2020.csv
2021-02-24,jepx-spread-range-kyushu,kyushu,11.25,https://www.jepx.jp/_download.php?dir=spot_summary&file=spot_summary_2020.csv
2021-02-25,jepx-spread-range-kyushu,kyushu,6.23,https://www.jepx.jp/_download.php?dir=spot_summary&file=spot_summary_2020.csv
2021-02-26,jepx-spread-range-kyushu,kyushu,10.03,https://www.jepx.jp/_download.php?dir=spot_summary&file=spot_summary_2020.csv
2021-02-27,jepx-spread-range-kyushu,kyushu,4.22,https://www.jepx.jp/_download.php?dir=spot_summary&file=spot_summary_2020.csv
2021-02-28,jepx-spread-range-kyushu,kyushu,3.6,https://www.jepx.jp/_download.php?dir=spot_summary&file=spot_summary_2020.csv
2021-03-01,jepx-spread-range-kyushu,kyushu,2.630000000000001,https://www.jepx.jp/_download.php?dir=spot_summary&file=spot_summary_2020.csv
2021-03-02,jepx-spread-range-kyushu,kyushu,6.07,https://www.jepx.jp/_download.php?dir=spot_summary&file=spot_summary_2020.csv
2021-03-03,jepx-spread-range-kyushu,kyushu,11.18,https://www.jepx.jp/_download.php?dir=spot_summary&file=spot_summary_2020.csv
2021-03-04,jepx-spread-range-kyushu,kyushu,5.18,https://www.jepx.jp/_download.php?dir=spot_summary&file=spot_summary_2020.csv
2021-03-05,jepx-spread-range-kyushu,kyushu,4.55,https://www.jepx.jp/_download.php?dir=spot_summary&file=spot_summary_2020.csv
2021-03-06,jepx-spread-range-kyushu,kyushu,3.61,https://www.jepx.jp/_download.php?dir=spot_summary&file=spot_summary_2020.csv
2021-03-07,jepx-spread-range-kyushu,kyushu,5.15,https://www.jepx.jp/_download.php?dir=spot_summary&file=spot_summary_2020.csv
2021-03-08,jepx-spread-range-kyushu,kyushu,6.1000000000000005,https://www.jepx.jp/_download.php?dir=spot_summary&file=spot_summary_2020.csv
2021-03-09,jepx-spread-range-kyushu,kyushu,10.13,https://www.jepx.jp/_download.php?dir=spot_summary&file=spot_summary_2020.csv
2021-03-10,jepx-spread-range-kyushu,kyushu,12.85,https://www.jepx.jp/_download.php?dir=spot_summary&file=spot_summary_2020.csv
2021-03-11,jepx-spread-range-kyushu,kyushu,8.27,https://www.jepx.jp/_download.php?dir=spot_summary&file=spot_summary_2020.csv
2021-03-12,jepx-spread-range-kyushu,kyushu,5.629999999999999,https://www.jepx.jp/_download.php?dir=spot_summary&file=spot_summary_2020.csv
2021-03-13,jepx-spread-range-kyushu,kyushu,7.05,https://www.jepx.jp/_download.php?dir=spot_summary&file=spot_summary_2020.csv
2021-03-14,jepx-spread-range-kyushu,kyushu,7.76,https://www.jepx.jp/_download.php?dir=spot_summary&file=spot_summary_2020.csv
2021-03-15,jepx-spread-range-kyushu,kyushu,8.34,https://www.jepx.jp/_download.php?dir=spot_summary&file=spot_summary_2020.csv
2021-03-16,jepx-spread-range-kyushu,kyushu,5.33,https://www.jepx.jp/_download.php?dir=spot_summary&file=spot_summary_2020.csv
2021-03-17,jepx-spread-range-kyushu,kyushu,10.12,https://www.jepx.jp/_download.php?dir=spot_summary&file=spot_summary_2020.csv
2021-03-18,jepx-spread-range-kyushu,kyushu,7.75,https://www.jepx.jp/_download.php?dir=spot_summary&file=spot_summary_2020.csv
2021-03-19,jepx-spread-range-kyushu,kyushu,7.71,https://www.jepx.jp/_download.php?dir=spot_summary&file=spot_summary_2020.csv
2021-03-20,jepx-spread-range-kyushu,kyushu,3.9,https://www.jepx.jp/_download.php?dir=spot_summary&file=spot_summary_2020.csv
2021-03-21,jepx-spread-range-kyushu,kyushu,2.77,https://www.jepx.jp/_download.php?dir=spot_summary&file=spot_summary_2020.csv
2021-03-22,jepx-spread-range-kyushu,kyushu,9.99,https://www.jepx.jp/_download.php?dir=spot_summary&file=spot_summary_2020.csv
2021-03-23,jepx-spread-range-kyushu,kyushu,9.6,https://www.jepx.jp/_download.php?dir=spot_summary&file=spot_summary_2020.csv
2021-03-24,jepx-spread-range-kyushu,kyushu,7.79,https://www.jepx.jp/_download.php?dir=spot_summary&file=spot_summary_2020.csv
2021-03-25,jepx-spread-range-kyushu,kyushu,7.23,https://www.jepx.jp/_download.php?dir=spot_summary&file=spot_summary_2020.csv
2021-03-26,jepx-spread-range-kyushu,kyushu,7.17,https://www.jepx.jp/_download.php?dir=spot_summary&file=spot_summary_2020.csv
2021-03-27,jepx-spread-range-kyushu,kyushu,5.62,https://www.jepx.jp/_download.php?dir=spot_summary&file=spot_summary_2020.csv
2021-03-28,jepx-spread-range-kyushu,kyushu,5.390000000000001,https://www.jepx.jp/_download.php?dir=spot_summary&file=spot_summary_2020.csv
2021-03-29,jepx-spread-range-kyushu,kyushu,7.0600000000000005,https://www.jepx.jp/_download.php?dir=spot_summary&file=spot_summary_2020.csv
2021-03-30,jepx-spread-range-kyushu,kyushu,3.04,https://www.jepx.jp/_download.php?dir=spot_summary&file=spot_summary_2020.csv
2021-03-31,jepx-spread-range-kyushu,kyushu,6.37,https://www.jepx.jp/_download.php?dir=spot_summary&file=spot_summary_2020.csv
2021-04-01,jepx-spread-range-kyushu,kyushu,7.1000000000000005,https://www.jepx.jp/_download.php?dir=spot_summary&file=spot_summary_2021.csv
2021-04-02,jepx-spread-range-kyushu,kyushu,7.36,https://www.jepx.jp/_download.php?dir=spot_summary&file=spot_summary_2021.csv
2021-04-03,jepx-spread-range-kyushu,kyushu,7.73,https://www.jepx.jp/_download.php?dir=spot_summary&file=spot_summary_2021.csv
2021-04-04,jepx-spread-range-kyushu,kyushu,2.53,https://www.jepx.jp/_download.php?dir=spot_summary&file=spot_summary_2021.csv
2021-04-05,jepx-spread-range-kyushu,kyushu,8.27,https://www.jepx.jp/_download.php?dir=spot_summary&file=spot_summary_2021.csv
2021-04-06,jepx-spread-range-kyushu,kyushu,8.93,https://www.jepx.jp/_download.php?dir=spot_summary&file=spot_summary_2021.csv
2021-04-07,jepx-spread-range-kyushu,kyushu,9.99,https://www.jepx.jp/_download.php?dir=spot_summary&file=spot_summary_2021.csv
2021-04-08,jepx-spread-range-kyushu,kyushu,10.08,https://www.jepx.jp/_download.php?dir=spot_summary&file=spot_summary_2021.csv
2021-04-09,jepx-spread-range-kyushu,kyushu,10.58,https://www.jepx.jp/_download.php?dir=spot_summary&file=spot_summary_2021.csv
2021-04-10,jepx-spread-range-kyushu,kyushu,9.85,https://www.jepx.jp/_download.php?dir=spot_summary&file=spot_summary_2021.csv
2021-04-11,jepx-spread-range-kyushu,kyushu,9.85,https://www.jepx.jp/_download.php?dir=spot_summary&file=spot_summary_2021.csv
2021-04-12,jepx-spread-range-kyushu,kyushu,3.82,https://www.jepx.jp/_download.php?dir=spot_summary&file=spot_summary_2021.csv
2021-04-13,jepx-spread-range-kyushu,kyushu,2.640000000000001,https://www.jepx.jp/_download.php?dir=spot_summary&file=spot_summary_2021.csv
2021-04-14,jepx-spread-range-kyushu,kyushu,12.78,https://www.jepx.jp/_download.php?dir=spot_summary&file=spot_summary_2021.csv
2021-04-15,jepx-spread-range-kyushu,kyushu,14.99,https://www.jepx.jp/_download.php?dir=spot_summary&file=spot_summary_2021.csv
2021-04-16,jepx-spread-range-kyushu,kyushu,4.88,https://www.jepx.jp/_download.php?dir=spot_summary&file=spot_summary_2021.csv
2021-04-17,jepx-spread-range-kyushu,kyushu,2.7600000000000007,https://www.jepx.jp/_download.php?dir=spot_summary&file=spot_summary_2021.csv
2021-04-18,jepx-spread-range-kyushu,kyushu,10.91,https://www.jepx.jp/_download.php?dir=spot_summary&file=spot_summary_2021.csv
2021-04-19,jepx-spread-range-kyushu,kyushu,11.52,https://www.jepx.jp/_download.php?dir=spot_summary&file=spot_summary_2021.csv
2021-04-20,jepx-spread-range-kyushu,kyushu,10.15,https://www.jepx.jp/_download.php?dir=spot_summary&file=spot_summary_2021.csv
2021-04-21,jepx-spread-range-kyushu,kyushu,13.58,https://www.jepx.jp/_download.php?dir=spot_summary&file=spot_summary_2021.csv
2021-04-22,jepx-spread-range-kyushu,kyushu,10.62,https://www.jepx.jp/_download.php?dir=spot_summary&file=spot_summary_2021.csv
2021-04-23,jepx-spread-range-kyushu,kyushu,5.680000000000001,https://www.jepx.jp/_download.php?dir=spot_summary&file=spot_summary_2021.csv
2021-04-24,jepx-spread-range-kyushu,kyushu,10.0,https://www.jepx.jp/_download.php?dir=spot_summary&file=spot_summary_2021.csv
2021-04-25,jepx-spread-range-kyushu,kyushu,9.41,https://www.jepx.jp/_download.php?dir=spot_summary&file=spot_summary_2021.csv
2021-04-26,jepx-spread-range-kyushu,kyushu,19.99,https://www.jepx.jp/_download.php?dir=spot_summary&file=spot_summary_2021.csv
2021-04-27,jepx-spread-range-kyushu,kyushu,16.99,https://www.jepx.jp/_download.php?dir=spot_summary&file=spot_summary_2021.csv
2021-04-28,jepx-spread-range-kyushu,kyushu,21.17,https://www.jepx.jp/_download.php?dir=spot_summary&file=spot_summary_2021.csv
2021-04-29,jepx-spread-range-kyushu,kyushu,5.27,https://www.jepx.jp/_download.php?dir=spot_summary&file=spot_summary_2021.csv
2021-04-30,jepx-spread-range-kyushu,kyushu,10.13,https://www.jepx.jp/_download.php?dir=spot_summary&file=spot_summary_2021.csv
2021-05-01,jepx-spread-range-kyushu,kyushu,10.1,https://www.jepx.jp/_download.php?dir=spot_summary&file=spot_summary_2021.csv
2021-05-02,jepx-spread-range-kyushu,kyushu,9.78,https://www.jepx.jp/_download.php?dir=spot_summary&file=spot_summary_2021.csv
2021-05-03,jepx-spread-range-kyushu,kyushu,9.78,https://www.jepx.jp/_download.php?dir=spot_summary&file=spot_summary_2021.csv
2021-05-04,jepx-spread-range-kyushu,kyushu,8.18,https://www.jepx.jp/_download.php?dir=spot_summary&file=spot_summary_2021.csv
2021-05-05,jepx-spread-range-kyushu,kyushu,2.780000000000001,https://www.jepx.jp/_download.php?dir=spot_summary&file=spot_summary_2021.csv
2021-05-06,jepx-spread-range-kyushu,kyushu,10.62,https://www.jepx.jp/_download.php?dir=spot_summary&file=spot_summary_2021.csv
2021-05-07,jepx-spread-range-kyushu,kyushu,2.3599999999999994,https://www.jepx.jp/_download.php?dir=spot_summary&file=spot_summary_2021.csv
2021-05-08,jepx-spread-range-kyushu,kyushu,3.84,https://www.jepx.jp/_download.php?dir=spot_summary&file=spot_summary_2021.csv
2021-05-09,jepx-spread-range-kyushu,kyushu,7.890000000000001,https://www.jepx.jp/_download.php?dir=spot_summary&file=spot_summary_2021.csv
2021-05-10,jepx-spread-range-kyushu,kyushu,10.68,https://www.jepx.jp/_download.php?dir=spot_summary&file=spot_summary_2021.csv
2021-05-11,jepx-spread-range-kyushu,kyushu,10.62,https://www.jepx.jp/_download.php?dir=spot_summary&file=spot_summary_2021.csv
2021-05-12,jepx-spread-range-kyushu,kyushu,5.4,https://www.jepx.jp/_download.php?dir=spot_summary&file=spot_summary_2021.csv
2021-05-13,jepx-spread-range-kyushu,kyushu,4.88,https://www.jepx.jp/_download.php?dir=spot_summary&file=spot_summary_2021.csv
2021-05-14,jepx-spread-range-kyushu,kyushu,5.209999999999999,https://www.jepx.jp/_download.php?dir=spot_summary&file=spot_summary_2021.csv
2021-05-15,jepx-spread-range-kyushu,kyushu,3.669999999999999,https://www.jepx.jp/_download.php?dir=spot_summary&file=spot_summary_2021.csv
2021-05-16,jepx-spread-range-kyushu,kyushu,3.3200000000000003,https://www.jepx.jp/_download.php?dir=spot_summary&file=spot_summary_2021.csv
2021-05-17,jepx-spread-range-kyushu,kyushu,9.45,https://www.jepx.jp/_download.php?dir=spot_summary&file=spot_summary_2021.csv
2021-05-18,jepx-spread-range-kyushu,kyushu,5.27,https://www.jepx.jp/_download.php?dir=spot_summary&file=spot_summary_2021.csv
2021-05-19,jepx-spread-range-kyushu,kyushu,4.25,https://www.jepx.jp/_download.php?dir=spot_summary&file=spot_summary_2021.csv
2021-05-20,jepx-spread-range-kyushu,kyushu,10.36,https://www.jepx.jp/_download.php?dir=spot_summary&file=spot_summary_2021.csv
2021-05-21,jepx-spread-range-kyushu,kyushu,8.370000000000001,https://www.jepx.jp/_download.php?dir=spot_summary&file=spot_summary_2021.csv
2021-05-22,jepx-spread-range-kyushu,kyushu,9.78,https://www.jepx.jp/_download.php?dir=spot_summary&file=spot_summary_2021.csv
2021-05-23,jepx-spread-range-kyushu,kyushu,9.28,https://www.jepx.jp/_download.php?dir=spot_summary&file=spot_summary_2021.csv
2021-05-24,jepx-spread-range-kyushu,kyushu,10.73,https://www.jepx.jp/_download.php?dir=spot_summary&file=spot_summary_2021.csv
2021-05-25,jepx-spread-range-kyushu,kyushu,10.55,https://www.jepx.jp/_download.php?dir=spot_summary&file=spot_summary_2021.csv
2021-05-26,jepx-spread-range-kyushu,kyushu,3.920000000000001,https://www.jepx.jp/_download.php?dir=spot_summary&file=spot_summary_2021.csv
2021-05-27,jepx-spread-range-kyushu,kyushu,4.530000000000001,https://www.jepx.jp/_download.php?dir=spot_summary&file=spot_summary_2021.csv
2021-05-28,jepx-spread-range-kyushu,kyushu,4.4,https://www.jepx.jp/_download.php?dir=spot_summary&file=spot_summary_2021.csv
2021-05-29,jepx-spread-range-kyushu,kyushu,8.06,https://www.jepx.jp/_download.php?dir=spot_summary&file=spot_summary_2021.csv
2021-05-30,jepx-spread-range-kyushu,kyushu,7.86,https://www.jepx.jp/_download.php?dir=spot_summary&file=spot_summary_2021.csv
2021-05-31,jepx-spread-range-kyushu,kyushu,8.85,https://www.jepx.jp/_download.php?dir=spot_summary&file=spot_summary_2021.csv
2021-06-01,jepx-spread-range-kyushu,kyushu,9.07,https://www.jepx.jp/_download.php?dir=spot_summary&file=spot_summary_2021.csv
2021-06-02,jepx-spread-range-kyushu,kyushu,2.99,https://www.jepx.jp/_download.php?dir=spot_summary&file=spot_summary_2021.csv
2021-06-03,jepx-spread-range-kyushu,kyushu,4.61,https://www.jepx.jp/_download.php?dir=spot_summary&file=spot_summary_2021.csv
2021-06-04,jepx-spread-range-kyushu,kyushu,9.22,https://www.jepx.jp/_download.php?dir=spot_summary&file=spot_summary_2021.csv
2021-06-05,jepx-spread-range-kyushu,kyushu,3.4700000000000006,https://www.jepx.jp/_download.php?dir=spot_summary&file=spot_summary_2021.csv
2021-06-06,jepx-spread-range-kyushu,kyushu,8.32,https://www.jepx.jp/_download.php?dir=spot_summary&file=spot_summary_2021.csv
2021-06-07,jepx-spread-range-kyushu,kyushu,9.14,https://www.jepx.jp/_download.php?dir=spot_summary&file=spot_summary_2021.csv
2021-06-08,jepx-spread-range-kyushu,kyushu,8.68,https://www.jepx.jp/_download.php?dir=spot_summary&file=spot_summary_2021.csv
2021-06-09,jepx-spread-range-kyushu,kyushu,11.99,https://www.jepx.jp/_download.php?dir=spot_summary&file=spot_summary_2021.csv
2021-06-10,jepx-spread-range-kyushu,kyushu,10.66,https://www.jepx.jp/_download.php?dir=spot_summary&file=spot_summary_2021.csv
2021-06-11,jepx-spread-range-kyushu,kyushu,9.330000000000002,https://www.jepx.jp/_download.php?dir=spot_summary&file=spot_summary_2021.csv
2021-06-12,jepx-spread-range-kyushu,kyushu,2.709999999999999,https://www.jepx.jp/_download.php?dir=spot_summary&file=spot_summary_2021.csv
2021-06-13,jepx-spread-range-kyushu,kyushu,3.47,https://www.jepx.jp/_download.php?dir=spot_summary&file=spot_summary_2021.csv
2021-06-14,jepx-spread-range-kyushu,kyushu,4.63,https://www.jepx.jp/_download.php?dir=spot_summary&file=spot_summary_2021.csv
2021-06-15,jepx-spread-range-kyushu,kyushu,4.94,https://www.jepx.jp/_download.php?dir=spot_summary&file=spot_summary_2021.csv
2021-06-16,jepx-spread-range-kyushu,kyushu,8.030000000000001,https://www.jepx.jp/_download.php?dir=spot_summary&file=spot_summary_2021.csv
2021-06-17,jepx-spread-range-kyushu,kyushu,5.69,https://www.jepx.jp/_download.php?dir=spot_summary&file=spot_summary_2021.csv
2021-06-18,jepx-spread-range-kyushu,kyushu,13.740000000000002,https://www.jepx.jp/_download.php?dir=spot_summary&file=spot_summary_2021.csv
2021-06-19,jepx-spread-range-kyushu,kyushu,2.47,https://www.jepx.jp/_download.php?dir=spot_summary&file=spot_summary_2021.csv
2021-06-20,jepx-spread-range-kyushu,kyushu,8.51,https://www.jepx.jp/_download.php?dir=spot_summary&file=spot_summary_2021.csv
2021-06-21,jepx-spread-range-kyushu,kyushu,10.05,https://www.jepx.jp/_download.php?dir=spot_summary&file=spot_summary_2021.csv
2021-06-22,jepx-spread-range-kyushu,kyushu,4.090000000000001,https://www.jepx.jp/_download.php?dir=spot_summary&file=spot_summary_2021.csv
2021-06-23,jepx-spread-range-kyushu,kyushu,10.01,https://www.jepx.jp/_download.php?dir=spot_summary&file=spot_summary_2021.csv
2021-06-24,jepx-spread-range-kyushu,kyushu,3.4400000000000004,https://www.jepx.jp/_download.php?dir=spot_summary&file=spot_summary_2021.csv
2021-06-25,jepx-spread-range-kyushu,kyushu,2.6499999999999995,https://www.jepx.jp/_download.php?dir=spot_summary&file=spot_summary_2021.csv
2021-06-26,jepx-spread-range-kyushu,kyushu,2.8999999999999995,https://www.jepx.jp/_download.php?dir=spot_summary&file=spot_summary_2021.csv
2021-06-27,jepx-spread-range-kyushu,kyushu,3.580000000000001,https://www.jepx.jp/_download.php?dir=spot_summary&file=spot_summary_2021.csv
2021-06-28,jepx-spread-range-kyushu,kyushu,4.35,https://www.jepx.jp/_download.php?dir=spot_summary&file=spot_summary_2021.csv
2021-06-29,jepx-spread-range-kyushu,kyushu,2.43,https://www.jepx.jp/_download.php?dir=spot_summary&file=spot_summary_2021.csv
2021-06-30,jepx-spread-range-kyushu,kyushu,4.159999999999999,https://www.jepx.jp/_download.php?dir=spot_summary&file=spot_summary_2021.csv
2021-07-01,jepx-spread-range-kyushu,kyushu,3.5200000000000005,https://www.jepx.jp/_download.php?dir=spot_summary&file=spot_summary_2021.csv
2021-07-02,jepx-spread-range-kyushu,kyushu,4.489999999999999,https://www.jepx.jp/_download.php?dir=spot_summary&file=spot_summary_2021.csv
2021-07-03,jepx-spread-range-kyushu,kyushu,2.6100000000000003,https://www.jepx.jp/_download.php?dir=spot_summary&file=spot_summary_2021.csv
2021-07-04,jepx-spread-range-kyushu,kyushu,3.1,https://www.jepx.jp/_download.php?dir=spot_summary&file=spot_summary_2021.csv
2021-07-05,jepx-spread-range-kyushu,kyushu,5.76,https://www.jepx.jp/_download.php?dir=spot_summary&file=spot_summary_2021.csv
2021-07-06,jepx-spread-range-kyushu,kyushu,8.06,https://www.jepx.jp/_download.php?dir=spot_summary&file=spot_summary_2021.csv
2021-07-07,jepx-spread-range-kyushu,kyushu,6.82,https://www.jepx.jp/_download.php?dir=spot_summary&file=spot_summary_2021.csv
2021-07-08,jepx-spread-range-kyushu,kyushu,11.43,https://www.jepx.jp/_download.php?dir=spot_summary&file=spot_summary_2021.csv
2021-07-09,jepx-spread-range-kyushu,kyushu,3.829999999999999,https://www.jepx.jp/_download.php?dir=spot_summary&file=spot_summary_2021.csv
2021-07-10,jepx-spread-range-kyushu,kyushu,2.9899999999999998,https://www.jepx.jp/_download.php?dir=spot_summary&file=spot_summary_2021.csv
2021-07-11,jepx-spread-range-kyushu,kyushu,4.9,https://www.jepx.jp/_download.php?dir=spot_summary&file=spot_summary_2021.csv
2021-07-12,jepx-spread-range-kyushu,kyushu,4.199999999999999,https://www.jepx.jp/_download.php?dir=spot_summary&file=spot_summary_2021.csv
2021-07-13,jepx-spread-range-kyushu,kyushu,8.540000000000001,https://www.jepx.jp/_download.php?dir=spot_summary&file=spot_summary_2021.csv
2021-07-14,jepx-spread-range-kyushu,kyushu,7.75,https://www.jepx.jp/_download.php?dir=spot_summary&file=spot_summary_2021.csv
2021-07-15,jepx-spread-range-kyushu,kyushu,5.63,https://www.jepx.jp/_download.php?dir=spot_summary&file=spot_summary_2021.csv
2021-07-16,jepx-spread-range-kyushu,kyushu,5.63,https://www.jepx.jp/_download.php?dir=spot_summary&file=spot_summary_2021.csv
2021-07-17,jepx-spread-range-kyushu,kyushu,3.3999999999999995,https://www.jepx.jp/_download.php?dir=spot_summary&file=spot_summary_2021.csv
2021-07-18,jepx-spread-range-kyushu,kyushu,3.709999999999999,https://www.jepx.jp/_download.php?dir=spot_summary&file=spot_summary_2021.csv
2021-07-19,jepx-spread-range-kyushu,kyushu,8.129999999999999,https://www.jepx.jp/_download.php?dir=spot_summary&file=spot_summary_2021.csv
2021-07-20,jepx-spread-range-kyushu,kyushu,7.94,https://www.jepx.jp/_download.php?dir=spot_summary&file=spot_summary_2021.csv
2021-07-21,jepx-spread-range-kyushu,kyushu,13.05,https://www.jepx.jp/_download.php?dir=spot_summary&file=spot_summary_2021.csv
2021-07-22,jepx-spread-range-kyushu,kyushu,13.329999999999998,https://www.jepx.jp/_download.php?dir=spot_summary&file=spot_summary_2021.csv
2021-07-23,jepx-spread-range-kyushu,kyushu,4.359999999999999,https://www.jepx.jp/_download.php?dir=spot_summary&file=spot_summary_2021.csv
2021-07-24,jepx-spread-range-kyushu,kyushu,6.390000000000001,https://www.jepx.jp/_download.php?dir=spot_summary&file=spot_summary_2021.csv
2021-07-25,jepx-spread-range-kyushu,kyushu,3.86,https://www.jepx.jp/_download.php?dir=spot_summary&file=spot_summary_2021.csv
2021-07-26,jepx-spread-range-kyushu,kyushu,13.68,https://www.jepx.jp/_download.php?dir=spot_summary&file=spot_summary_2021.csv
2021-07-27,jepx-spread-range-kyushu,kyushu,4.859999999999999,https://www.jepx.jp/_download.php?dir=spot_summary&file=spot_summary_2021.csv
2021-07-28,jepx-spread-range-kyushu,kyushu,5.08,https://www.jepx.jp/_download.php?dir=spot_summary&file=spot_summary_2021.csv
2021-07-29,jepx-spread-range-kyushu,kyushu,7.079999999999999,https://www.jepx.jp/_download.php?dir=spot_summary&file=spot_summary_2021.csv
2021-07-30,jepx-spread-range-kyushu,kyushu,10.000000000000002,https://www.jepx.jp/_download.php?dir=spot_summary&file=spot_summary_2021.csv
2021-07-31,jepx-spread-range-kyushu,kyushu,5.2700000000000005,https://www.jepx.jp/_download.php?dir=spot_summary&file=spot_summary_2021.csv
2021-08-01,jepx-spread-range-kyushu,kyushu,3.540000000000001,https://www.jepx.jp/_download.php?dir=spot_summary&file=spot_summary_2021.csv
2021-08-02,jepx-spread-range-kyushu,kyushu,9.55,https://www.jepx.jp/_download.php?dir=spot_summary&file=spot_summary_2021.csv
2021-08-03,jepx-spread-range-kyushu,kyushu,8.919999999999998,https://www.jepx.jp/_download.php?dir=spot_summary&file=spot_summary_2021.csv
2021-08-04,jepx-spread-range-kyushu,kyushu,12.71,https://www.jepx.jp/_download.php?dir=spot_summary&file=spot_summary_2021.csv
2021-08-05,jepx-spread-range-kyushu,kyushu,22.64,https://www.jepx.jp/_download.php?dir=spot_summary&file=spot_summary_2021.csv
2021-08-06,jepx-spread-range-kyushu,kyushu,13.159999999999998,https://www.jepx.jp/_download.php?dir=spot_summary&file=spot_summary_2021.csv
2021-08-07,jepx-spread-range-kyushu,kyushu,13.439999999999998,https://www.jepx.jp/_download.php?dir=spot_summary&file=spot_summary_2021.csv
2021-08-08,jepx-spread-range-kyushu,kyushu,5.14,https://www.jepx.jp/_download.php?dir=spot_summary&file=spot_summary_2021.csv
2021-08-09,jepx-spread-range-kyushu,kyushu,10.02,https://www.jepx.jp/_download.php?dir=spot_summary&file=spot_summary_2021.csv
2021-08-10,jepx-spread-range-kyushu,kyushu,8.02,https://www.jepx.jp/_download.php?dir=spot_summary&file=spot_summary_2021.csv
2021-08-11,jepx-spread-range-kyushu,kyushu,8.04,https://www.jepx.jp/_download.php?dir=spot_summary&file=spot_summary_2021.csv
2021-08-12,jepx-spread-range-kyushu,kyushu,4.09,https://www.jepx.jp/_download.php?dir=spot_summary&file=spot_summary_2021.csv
2021-08-13,jepx-spread-range-kyushu,kyushu,2.53,https://www.jepx.jp/_download.php?dir=spot_summary&file=spot_summary_2021.csv
2021-08-14,jepx-spread-range-kyushu,kyushu,7.859999999999999,https://www.jepx.jp/_download.php?dir=spot_summary&file=spot_summary_2021.csv
2021-08-15,jepx-spread-range-kyushu,kyushu,5.79,https://www.jepx.jp/_download.php?dir=spot_summary&file=spot_summary_2021.csv
2021-08-16,jepx-spread-range-kyushu,kyushu,4.720000000000001,https://www.jepx.jp/_download.php?dir=spot_summary&file=spot_summary_2021.csv
2021-08-17,jepx-spread-range-kyushu,kyushu,7.77,https://www.jepx.jp/_download.php?dir=spot_summary&file=spot_summary_2021.csv
2021-08-18,jepx-spread-range-kyushu,kyushu,6.859999999999999,https://www.jepx.jp/_download.php?dir=spot_summary&file=spot_summary_2021.csv
2021-08-19,jepx-spread-range-kyushu,kyushu,3.829999999999999,https://www.jepx.jp/_download.php?dir=spot_summary&file=spot_summary_2021.csv
2021-08-20,jepx-spread-range-kyushu,kyushu,3.7399999999999993,https://www.jepx.jp/_download.php?dir=spot_summary&file=spot_summary_2021.csv
2021-08-21,jepx-spread-range-kyushu,kyushu,2.2299999999999995,https://www.jepx.jp/_download.php?dir=spot_summary&file=spot_summary_2021.csv
2021-08-22,jepx-spread-range-kyushu,kyushu,6.859999999999999,https://www.jepx.jp/_download.php?dir=spot_summary&file=spot_summary_2021.csv
2021-08-23,jepx-spread-range-kyushu,kyushu,6.859999999999999,https://www.jepx.jp/_download.php?dir=spot_summary&file=spot_summary_2021.csv
2021-08-24,jepx-spread-range-kyushu,kyushu,3.26,https://www.jepx.jp/_download.php?dir=spot_summary&file=spot_summary_2021.csv
2021-08-25,jepx-spread-range-kyushu,kyushu,4.28,https://www.jepx.jp/_download.php?dir=spot_summary&file=spot_summary_2021.csv
2021-08-26,jepx-spread-range-kyushu,kyushu,7.19,https://www.jepx.jp/_download.php?dir=spot_summary&file=spot_summary_2021.csv
2021-08-27,jepx-spread-range-kyushu,kyushu,6.159999999999999,https://www.jepx.jp/_download.php?dir=spot_summary&file=spot_summary_2021.csv
2021-08-28,jepx-spread-range-kyushu,kyushu,10.73,https://www.jepx.jp/_download.php?dir=spot_summary&file=spot_summary_2021.csv
2021-08-29,jepx-spread-range-kyushu,kyushu,10.73,https://www.jepx.jp/_download.php?dir=spot_summary&file=spot_summary_2021.csv
2021-08-30,jepx-spread-range-kyushu,kyushu,7.209999999999999,https://www.jepx.jp/_download.php?dir=spot_summary&file=spot_summary_2021.csv
2021-08-31,jepx-spread-range-kyushu,kyushu,5.819999999999999,https://www.jepx.jp/_download.php?dir=spot_summary&file=spot_summary_2021.csv
2021-09-01,jepx-spread-range-kyushu,kyushu,4.739999999999999,https://www.jepx.jp/_download.php?dir=spot_summary&file=spot_summary_2021.csv
2021-09-02,jepx-spread-range-kyushu,kyushu,3.5900000000000007,https://www.jepx.jp/_download.php?dir=spot_summary&file=spot_summary_2021.csv
2021-09-03,jepx-spread-range-kyushu,kyushu,3.990000000000001,https://www.jepx.jp/_download.php?dir=spot_summary&file=spot_summary_2021.csv
2021-09-04,jepx-spread-range-kyushu,kyushu,3.26,https://www.jepx.jp/_download.php?dir=spot_summary&file=spot_summary_2021.csv
2021-09-05,jepx-spread-range-kyushu,kyushu,3.45,https://www.jepx.jp/_download.php?dir=spot_summary&file=spot_summary_2021.csv
2021-09-06,jepx-spread-range-kyushu,kyushu,3.780000000000001,https://www.jepx.jp/_download.php?dir=spot_summary&file=spot_summary_2021.csv
2021-09-07,jepx-spread-range-kyushu,kyushu,3.910000000000001,https://www.jepx.jp/_download.php?dir=spot_summary&file=spot_summary_2021.csv
2021-09-08,jepx-spread-range-kyushu,kyushu,4.070000000000001,https://www.jepx.jp/_download.php?dir=spot_summary&file=spot_summary_2021.csv
2021-09-09,jepx-spread-range-kyushu,kyushu,10.45,https://www.jepx.jp/_download.php?dir=spot_summary&file=spot_summary_2021.csv
2021-09-10,jepx-spread-range-kyushu,kyushu,4.220000000000001,https://www.jepx.jp/_download.php?dir=spot_summary&file=spot_summary_2021.csv
2021-09-11,jepx-spread-range-kyushu,kyushu,8.46,https://www.jepx.jp/_download.php?dir=spot_summary&file=spot_summary_2021.csv
2021-09-12,jepx-spread-range-kyushu,kyushu,6.909999999999999,https://www.jepx.jp/_download.php?dir=spot_summary&file=spot_summary_2021.csv
2021-09-13,jepx-spread-range-kyushu,kyushu,7.72,https://www.jepx.jp/_download.php?dir=spot_summary&file=spot_summary_2021.csv
2021-09-14,jepx-spread-range-kyushu,kyushu,6.83,https://www.jepx.jp/_download.php?dir=spot_summary&file=spot_summary_2021.csv
2021-09-15,jepx-spread-range-kyushu,kyushu,4.200000000000001,https://www.jepx.jp/_download.php?dir=spot_summary&file=spot_summary_2021.csv
2021-09-16,jepx-spread-range-kyushu,kyushu,4.73,https://www.jepx.jp/_download.php?dir=spot_summary&file=spot_summary_2021.csv
2021-09-17,jepx-spread-range-kyushu,kyushu,6.440000000000001,https://www.jepx.jp/_download.php?dir=spot_summary&file=spot_summary_2021.csv
2021-09-18,jepx-spread-range-kyushu,kyushu,11.77,https://www.jepx.jp/_download.php?dir=spot_summary&file=spot_summary_2021.csv
2021-09-19,jepx-spread-range-kyushu,kyushu,10.75,https://www.jepx.jp/_download.php?dir=spot_summary&file=spot_summary_2021.csv
2021-09-20,jepx-spread-range-kyushu,kyushu,12.0,https://www.jepx.jp/_download.php?dir=spot_summary&file=spot_summary_2021.csv
2021-09-21,jepx-spread-range-kyushu,kyushu,19.51,https://www.jepx.jp/_download.php?dir=spot_summary&file=spot_summary_2021.csv
2021-09-22,jepx-spread-range-kyushu,kyushu,12.2,https://www.jepx.jp/_download.php?dir=spot_summary&file=spot_summary_2021.csv
2021-09-23,jepx-spread-range-kyushu,kyushu,10.8,https://www.jepx.jp/_download.php?dir=spot_summary&file=spot_summary_2021.csv
2021-09-24,jepx-spread-range-kyushu,kyushu,12.2,https://www.jepx.jp/_download.php?dir=spot_summary&file=spot_summary_2021.csv
2021-09-25,jepx-spread-range-kyushu,kyushu,10.73,https://www.jepx.jp/_download.php?dir=spot_summary&file=spot_summary_2021.csv
2021-09-26,jepx-spread-range-kyushu,kyushu,8.83,https://www.jepx.jp/_download.php?dir=spot_summary&file=spot_summary_2021.csv
2021-09-27,jepx-spread-range-kyushu,kyushu,17.54,https://www.jepx.jp/_download.php?dir=spot_summary&file=spot_summary_2021.csv
2021-09-28,jepx-spread-range-kyushu,kyushu,8.030000000000001,https://www.jepx.jp/_download.php?dir=spot_summary&file=spot_summary_2021.csv
2021-09-29,jepx-spread-range-kyushu,kyushu,5.530000000000001,https://www.jepx.jp/_download.php?dir=spot_summary&file=spot_summary_2021.csv
2021-09-30,jepx-spread-range-kyushu,kyushu,13.25,https://www.jepx.jp/_download.php?dir=spot_summary&file=spot_summary_2021.csv
2021-10-01,jepx-spread-range-kyushu,kyushu,15.53,https://www.jepx.jp/_download.php?dir=spot_summary&file=spot_summary_2021.csv
2021-10-02,jepx-spread-range-kyushu,kyushu,10.77,https://www.jepx.jp/_download.php?dir=spot_summary&file=spot_summary_2021.csv
2021-10-03,jepx-spread-range-kyushu,kyushu,16.34,https://www.jepx.jp/_download.php?dir=spot_summary&file=spot_summary_2021.csv
2021-10-04,jepx-spread-range-kyushu,kyushu,24.99,https://www.jepx.jp/_download.php?dir=spot_summary&file=spot_summary_2021.csv
2021-10-05,jepx-spread-range-kyushu,kyushu,21.16,https://www.jepx.jp/_download.php?dir=spot_summary&file=spot_summary_2021.csv
2021-10-06,jepx-spread-range-kyushu,kyushu,21.16,https://www.jepx.jp/_download.php?dir=spot_summary&file=spot_summary_2021.csv
2021-10-07,jepx-spread-range-kyushu,kyushu,24.23,https://www.jepx.jp/_download.php?dir=spot_summary&file=spot_summary_2021.csv
2021-10-08,jepx-spread-range-kyushu,kyushu,5.49,https://www.jepx.jp/_download.php?dir=spot_summary&file=spot_summary_2021.csv
2021-10-09,jepx-spread-range-kyushu,kyushu,10.49,https://www.jepx.jp/_download.php?dir=spot_summary&file=spot_summary_2021.csv
2021-10-10,jepx-spread-range-kyushu,kyushu,10.49,https://www.jepx.jp/_download.php?dir=spot_summary&file=spot_summary_2021.csv
2021-10-11,jepx-spread-range-kyushu,kyushu,37.75,https://www.jepx.jp/_download.php?dir=spot_summary&file=spot_summary_2021.csv
2021-10-12,jepx-spread-range-kyushu,kyushu,30.72,https://www.jepx.jp/_download.php?dir=spot_summary&file=spot_summary_2021.csv
2021-10-13,jepx-spread-range-kyushu,kyushu,17.759999999999998,https://www.jepx.jp/_download.php?dir=spot_summary&file=spot_summary_2021.csv
2021-10-14,jepx-spread-range-kyushu,kyushu,16.95,https://www.jepx.jp/_download.php?dir=spot_summary&file=spot_summary_2021.csv
2021-10-15,jepx-spread-range-kyushu,kyushu,29.99,https://www.jepx.jp/_download.php?dir=spot_summary&file=spot_summary_2021.csv
2021-10-16,jepx-spread-range-kyushu,kyushu,5.0200000000000005,https://www.jepx.jp/_download.php?dir=spot_summary&file=spot_summary_2021.csv
2021-10-17,jepx-spread-range-kyushu,kyushu,5.49,https://www.jepx.jp/_download.php?dir=spot_summary&file=spot_summary_2021.csv
2021-10-18,jepx-spread-range-kyushu,kyushu,12.48,https://www.jepx.jp/_download.php?dir=spot_summary&file=spot_summary_2021.csv
2021-10-19,jepx-spread-range-kyushu,kyushu,5.01,https://www.jepx.jp/_download.php?dir=spot_summary&file=spot_summary_2021.csv
2021-10-20,jepx-spread-range-kyushu,kyushu,19.1,https://www.jepx.jp/_download.php?dir=spot_summary&file=spot_summary_2021.csv
2021-10-21,jepx-spread-range-kyushu,kyushu,18.16,https://www.jepx.jp/_download.php?dir=spot_summary&file=spot_summary_2021.csv
2021-10-22,jepx-spread-range-kyushu,kyushu,26.06,https://www.jepx.jp/_download.php?dir=spot_summary&file=spot_summary_2021.csv
2021-10-23,jepx-spread-range-kyushu,kyushu,10.49,https://www.jepx.jp/_download.php?dir=spot_summary&file=spot_summary_2021.csv
2021-10-24,jepx-spread-range-kyushu,kyushu,10.49,https://www.jepx.jp/_download.php?dir=spot_summary&file=spot_summary_2021.csv
2021-10-25,jepx-spread-range-kyushu,kyushu,22.66,https://www.jepx.jp/_download.php?dir=spot_summary&file=spot_summary_2021.csv
2021-10-26,jepx-spread-range-kyushu,kyushu,25.94,https://www.jepx.jp/_download.php?dir=spot_summary&file=spot_summary_2021.csv
2021-10-27,jepx-spread-range-kyushu,kyushu,24.99,https://www.jepx.jp/_download.php?dir=spot_summary&file=spot_summary_2021.csv
2021-10-28,jepx-spread-range-kyushu,kyushu,25.94,https://www.jepx.jp/_download.php?dir=spot_summary&file=spot_summary_2021.csv
2021-10-29,jepx-spread-range-kyushu,kyushu,30.58,https://www.jepx.jp/_download.php?dir=spot_summary&file=spot_summary_2021.csv
2021-10-30,jepx-spread-range-kyushu,kyushu,19.12,https://www.jepx.jp/_download.php?dir=spot_summary&file=spot_summary_2021.csv
2021-10-31,jepx-spread-range-kyushu,kyushu,24.72,https://www.jepx.jp/_download.php?dir=spot_summary&file=spot_summary_2021.csv
2021-11-01,jepx-spread-range-kyushu,kyushu,18.94,https://www.jepx.jp/_download.php?dir=spot_summary&file=spot_summary_2021.csv
2021-11-02,jepx-spread-range-kyushu,kyushu,49.99,https://www.jepx.jp/_download.php?dir=spot_summary&file=spot_summary_2021.csv
2021-11-03,jepx-spread-range-kyushu,kyushu,29.16,https://www.jepx.jp/_download.php?dir=spot_summary&file=spot_summary_2021.csv
2021-11-04,jepx-spread-range-kyushu,kyushu,29.99,https://www.jepx.jp/_download.php?dir=spot_summary&file=spot_summary_2021.csv
2021-11-05,jepx-spread-range-kyushu,kyushu,30.82,https://www.jepx.jp/_download.php?dir=spot_summary&file=spot_summary_2021.csv
2021-11-06,jepx-spread-range-kyushu,kyushu,14.62,https://www.jepx.jp/_download.php?dir=spot_summary&file=spot_summary_2021.csv
2021-11-07,jepx-spread-range-kyushu,kyushu,13.6,https://www.jepx.jp/_download.php?dir=spot_summary&file=spot_summary_2021.csv
2021-11-08,jepx-spread-range-kyushu,kyushu,18.590000000000003,https://www.jepx.jp/_download.php?dir=spot_summary&file=spot_summary_2021.csv
2021-11-09,jepx-spread-range-kyushu,kyushu,15.900000000000002,https://www.jepx.jp/_download.php?dir=spot_summary&file=spot_summary_2021.csv
2021-11-10,jepx-spread-range-kyushu,kyushu,20.450000000000003,https://www.jepx.jp/_download.php?dir=spot_summary&file=spot_summary_2021.csv
2021-11-11,jepx-spread-range-kyushu,kyushu,19.630000000000003,https://www.jepx.jp/_download.php?dir=spot_summary&file=spot_summary_2021.csv
2021-11-12,jepx-spread-range-kyushu,kyushu,31.49,https://www.jepx.jp/_download.php?dir=spot_summary&file=spot_summary_2021.csv
2021-11-13,jepx-spread-range-kyushu,kyushu,21.89,https://www.jepx.jp/_download.php?dir=spot_summary&file=spot_summary_2021.csv
2021-11-14,jepx-spread-range-kyushu,kyushu,28.78,https://www.jepx.jp/_download.php?dir=spot_summary&file=spot_summary_2021.csv
2021-11-15,jepx-spread-range-kyushu,kyushu,42.02,https://www.jepx.jp/_download.php?dir=spot_summary&file=spot_summary_2021.csv
2021-11-16,jepx-spread-range-kyushu,kyushu,34.99,https://www.jepx.jp/_download.php?dir=spot_summary&file=spot_summary_2021.csv
2021-11-17,jepx-spread-range-kyushu,kyushu,64.99,https://www.jepx.jp/_download.php?dir=spot_summary&file=spot_summary_2021.csv
2021-11-18,jepx-spread-range-kyushu,kyushu,49.99,https://www.jepx.jp/_download.php?dir=spot_summary&file=spot_summary_2021.csv
2021-11-19,jepx-spread-range-kyushu,kyushu,34.980000000000004,https://www.jepx.jp/_download.php?dir=spot_summary&file=spot_summary_2021.csv
2021-11-20,jepx-spread-range-kyushu,kyushu,33.77,https://www.jepx.jp/_download.php?dir=spot_summary&file=spot_summary_2021.csv
2021-11-21,jepx-spread-range-kyushu,kyushu,33.27,https://www.jepx.jp/_download.php?dir=spot_summary&file=spot_summary_2021.csv
2021-11-22,jepx-spread-range-kyushu,kyushu,67.74,https://www.jepx.jp/_download.php?dir=spot_summary&file=spot_summary_2021.csv
2021-11-23,jepx-spread-range-kyushu,kyushu,23.6,https://www.jepx.jp/_download.php?dir=spot_summary&file=spot_summary_2021.csv
2021-11-24,jepx-spread-range-kyushu,kyushu,29.81,https://www.jepx.jp/_download.php?dir=spot_summary&file=spot_summary_2021.csv
2021-11-25,jepx-spread-range-kyushu,kyushu,21.17,https://www.jepx.jp/_download.php?dir=spot_summary&file=spot_summary_2021.csv
2021-11-26,jepx-spread-range-kyushu,kyushu,28.75,https://www.jepx.jp/_download.php?dir=spot_summary&file=spot_summary_2021.csv
2021-11-27,jepx-spread-range-kyushu,kyushu,29.61,https://www.jepx.jp/_download.php?dir=spot_summary&file=spot_summary_2021.csv
2021-11-28,jepx-spread-range-kyushu,kyushu,27.03,https://www.jepx.jp/_download.php?dir=spot_summary&file=spot_summary_2021.csv
2021-11-29,jepx-spread-range-kyushu,kyushu,63.84,https://www.jepx.jp/_download.php?dir=spot_summary&file=spot_summary_2021.csv
2021-11-30,jepx-spread-range-kyushu,kyushu,16.89,https://www.jepx.jp/_download.php?dir=spot_summary&file=spot_summary_2021.csv
2021-12-01,jepx-spread-range-kyushu,kyushu,24.4,https://www.jepx.jp/_download.php?dir=spot_summary&file=spot_summary_2021.csv
2021-12-02,jepx-spread-range-kyushu,kyushu,24.69,https://www.jepx.jp/_download.php?dir=spot_summary&file=spot_summary_2021.csv
2021-12-03,jepx-spread-range-kyushu,kyushu,33.809999999999995,https://www.jepx.jp/_download.php?dir=spot_summary&file=spot_summary_2021.csv
2021-12-04,jepx-spread-range-kyushu,kyushu,18.65,https://www.jepx.jp/_download.php?dir=spot_summary&file=spot_summary_2021.csv
2021-12-05,jepx-spread-range-kyushu,kyushu,28.72,https://www.jepx.jp/_download.php?dir=spot_summary&file=spot_summary_2021.csv
2021-12-06,jepx-spread-range-kyushu,kyushu,17.57,https://www.jepx.jp/_download.php?dir=spot_summary&file=spot_summary_2021.csv
2021-12-07,jepx-spread-range-kyushu,kyushu,24.75,https://www.jepx.jp/_download.php?dir=spot_summary&file=spot_summary_2021.csv
2021-12-08,jepx-spread-range-kyushu,kyushu,20.630000000000003,https://www.jepx.jp/_download.php?dir=spot_summary&file=spot_summary_2021.csv
2021-12-09,jepx-spread-range-kyushu,kyushu,26.59,https://www.jepx.jp/_download.php?dir=spot_summary&file=spot_summary_2021.csv
2021-12-10,jepx-spread-range-kyushu,kyushu,28.72,https://www.jepx.jp/_download.php?dir=spot_summary&file=spot_summary_2021.csv
2021-12-11,jepx-spread-range-kyushu,kyushu,19.44,https://www.jepx.jp/_download.php?dir=spot_summary&file=spot_summary_2021.csv
2021-12-12,jepx-spread-range-kyushu,kyushu,9.63,https://www.jepx.jp/_download.php?dir=spot_summary&file=spot_summary_2021.csv
2021-12-13,jepx-spread-range-kyushu,kyushu,32.11,https://www.jepx.jp/_download.php?dir=spot_summary&file=spot_summary_2021.csv
2021-12-14,jepx-spread-range-kyushu,kyushu,30.73,https://www.jepx.jp/_download.php?dir=spot_summary&file=spot_summary_2021.csv
2021-12-15,jepx-spread-range-kyushu,kyushu,19.84,https://www.jepx.jp/_download.php?dir=spot_summary&file=spot_summary_2021.csv
2021-12-16,jepx-spread-range-kyushu,kyushu,14.31,https://www.jepx.jp/_download.php?dir=spot_summary&file=spot_summary_2021.csv
2021-12-17,jepx-spread-range-kyushu,kyushu,18.84,https://www.jepx.jp/_download.php?dir=spot_summary&file=spot_summary_2021.csv
2021-12-18,jepx-spread-range-kyushu,kyushu,36.13,https://www.jepx.jp/_download.php?dir=spot_summary&file=spot_summary_2021.csv
2021-12-19,jepx-spread-range-kyushu,kyushu,11.1,https://www.jepx.jp/_download.php?dir=spot_summary&file=spot_summary_2021.csv
2021-12-20,jepx-spread-range-kyushu,kyushu,25.79,https://www.jepx.jp/_download.php?dir=spot_summary&file=spot_summary_2021.csv
2021-12-21,jepx-spread-range-kyushu,kyushu,18.26,https://www.jepx.jp/_download.php?dir=spot_summary&file=spot_summary_2021.csv
2021-12-22,jepx-spread-range-kyushu,kyushu,29.99,https://www.jepx.jp/_download.php?dir=spot_summary&file=spot_summary_2021.csv
2021-12-23,jepx-spread-range-kyushu,kyushu,36.510000000000005,https://www.jepx.jp/_download.php?dir=spot_summary&file=spot_summary_2021.csv
2021-12-24,jepx-spread-range-kyushu,kyushu,9.71,https://www.jepx.jp/_download.php?dir=spot_summary&file=spot_summary_2021.csv
2021-12-25,jepx-spread-range-kyushu,kyushu,19.44,https://www.jepx.jp/_download.php?dir=spot_summary&file=spot_summary_2021.csv
2021-12-26,jepx-spread-range-kyushu,kyushu,30.72,https://www.jepx.jp/_download.php?dir=spot_summary&file=spot_summary_2021.csv
2021-12-27,jepx-spread-range-kyushu,kyushu,33.17,https://www.jepx.jp/_download.php?dir=spot_summary&file=spot_summary_2021.csv
2021-12-28,jepx-spread-range-kyushu,kyushu,23.91,https://www.jepx.jp/_download.php?dir=spot_summary&file=spot_summary_2021.csv
2021-12-29,jepx-spread-range-kyushu,kyushu,17.45,https://www.jepx.jp/_download.php?dir=spot_summary&file=spot_summary_2021.csv
2021-12-30,jepx-spread-range-kyushu,kyushu,18.62,https://www.jepx.jp/_download.php?dir=spot_summary&file=spot_summary_2021.csv
2021-12-31,jepx-spread-range-kyushu,kyushu,19.44,https://www.jepx.jp/_download.php?dir=spot_summary&file=spot_summary_2021.csv
2022-01-01,jepx-spread-range-kyushu,kyushu,15.45,https://www.jepx.jp/_download.php?dir=spot_summary&file=spot_summary_2021.csv
2022-01-02,jepx-spread-range-kyushu,kyushu,15.45,https://www.jepx.jp/_download.php?dir=spot_summary&file=spot_summary_2021.csv
2022-01-03,jepx-spread-range-kyushu,kyushu,15.45,https://www.jepx.jp/_download.php?dir=spot_summary&file=spot_summary_2021.csv
2022-01-04,jepx-spread-range-kyushu,kyushu,15.45,https://www.jepx.jp/_download.php?dir=spot_summary&file=spot_summary_2021.csv
2022-01-05,jepx-spread-range-kyushu,kyushu,36.720000000000006,https://www.jepx.jp/_download.php?dir=spot_summary&file=spot_summary_2021.csv
2022-01-06,jepx-spread-range-kyushu,kyushu,43.32,https://www.jepx.jp/_download.php?dir=spot_summary&file=spot_summary_2021.csv
2022-01-07,jepx-spread-range-kyushu,kyushu,51.19,https://www.jepx.jp/_download.php?dir=spot_summary&file=spot_summary_2021.csv
2022-01-08,jepx-spread-range-kyushu,kyushu,15.45,https://www.jepx.jp/_download.php?dir=spot_summary&file=spot_summary_2021.csv
2022-01-09,jepx-spread-range-kyushu,kyushu,5.590000000000002,https://www.jepx.jp/_download.php?dir=spot_summary&file=spot_summary_2021.csv
2022-01-10,jepx-spread-range-kyushu,kyushu,15.45,https://www.jepx.jp/_download.php?dir=spot_summary&file=spot_summary_2021.csv
2022-01-11,jepx-spread-range-kyushu,kyushu,48.83,https://www.jepx.jp/_download.php?dir=spot_summary&file=spot_summary_2021.csv
2022-01-12,jepx-spread-range-kyushu,kyushu,30.130000000000003,https://www.jepx.jp/_download.php?dir=spot_summary&file=spot_summary_2021.csv
2022-01-13,jepx-spread-range-kyushu,kyushu,42.05,https://www.jepx.jp/_download.php?dir=spot_summary&file=spot_summary_2021.csv
2022-01-14,jepx-spread-range-kyushu,kyushu,50.13,https://www.jepx.jp/_download.php?dir=spot_summary&file=spot_summary_2021.csv
2022-01-15,jepx-spread-range-kyushu,kyushu,20.96,https://www.jepx.jp/_download.php?dir=spot_summary&file=spot_summary_2021.csv
2022-01-16,jepx-spread-range-kyushu,kyushu,6.610000000000001,https://www.jepx.jp/_download.php?dir=spot_summary&file=spot_summary_2021.csv
2022-01-17,jepx-spread-range-kyushu,kyushu,48.42,https://www.jepx.jp/_download.php?dir=spot_summary&file=spot_summary_2021.csv
2022-01-18,jepx-spread-range-kyushu,kyushu,71.08,https://www.jepx.jp/_download.php?dir=spot_summary&file=spot_summary_2021.csv
2022-01-19,jepx-spread-range-kyushu,kyushu,70.13,https://www.jepx.jp/_download.php?dir=spot_summary&file=spot_summary_2021.csv
2022-01-20,jepx-spread-range-kyushu,kyushu,70.13,https://www.jepx.jp/_download.php?dir=spot_summary&file=spot_summary_2021.csv
2022-01-21,jepx-spread-range-kyushu,kyushu,67.07,https://www.jepx.jp/_download.php?dir=spot_summary&file=spot_summary_2021.csv
2022-01-22,jepx-spread-range-kyushu,kyushu,38.74,https://www.jepx.jp/_download.php?dir=spot_summary&file=spot_summary_2021.csv
2022-01-23,jepx-spread-range-kyushu,kyushu,13.93,https://www.jepx.jp/_download.php?dir=spot_summary&file=spot_summary_2021.csv
2022-01-24,jepx-spread-range-kyushu,kyushu,40.88,https://www.jepx.jp/_download.php?dir=spot_summary&file=spot_summary_2021.csv
2022-01-25,jepx-spread-range-kyushu,kyushu,60.13,https://www.jepx.jp/_download.php?dir=spot_summary&file=spot_summary_2021.csv
2022-01-26,jepx-spread-range-kyushu,kyushu,22.98,https://www.jepx.jp/_download.php?dir=spot_summary&file=spot_summary_2021.csv
2022-01-27,jepx-spread-range-kyushu,kyushu,25.380000000000003,https://www.jepx.jp/_download.php?dir=spot_summary&file=spot_summary_2021.csv
2022-01-28,jepx-spread-range-kyushu,kyushu,20.86,https://www.jepx.jp/_download.php?dir=spot_summary&file=spot_summary_2021.csv
2022-01-29,jepx-spread-range-kyushu,kyushu,25.43,https://www.jepx.jp/_download.php?dir=spot_summary&file=spot_summary_2021.csv
2022-01-30,jepx-spread-range-kyushu,kyushu,21.58,https://www.jepx.jp/_download.php?dir=spot_summary&file=spot_summary_2021.csv
2022-01-31,jepx-spread-range-kyushu,kyushu,30.33,https://www.jepx.jp/_download.php?dir=spot_summary&file=spot_summary_2021.csv
2022-02-01,jepx-spread-range-kyushu,kyushu,23.39,https://www.jepx.jp/_download.php?dir=spot_summary&file=spot_summary_2021.csv
2022-02-02,jepx-spread-range-kyushu,kyushu,22.04,https://www.jepx.jp/_download.php?dir=spot_summary&file=spot_summary_2021.csv
2022-02-03,jepx-spread-range-kyushu,kyushu,17.71,https://www.jepx.jp/_download.php?dir=spot_summary&file=spot_summary_2021.csv
2022-02-04,jepx-spread-range-kyushu,kyushu,30.9,https://www.jepx.jp/_download.php?dir=spot_summary&file=spot_summary_2021.csv
2022-02-05,jepx-spread-range-kyushu,kyushu,23.9,https://www.jepx.jp/_download.php?dir=spot_summary&file=spot_summary_2021.csv
2022-02-06,jepx-spread-range-kyushu,kyushu,25.51,https://www.jepx.jp/_download.php?dir=spot_summary&file=spot_summary_2021.csv
2022-02-07,jepx-spread-range-kyushu,kyushu,19.08,https://www.jepx.jp/_download.php?dir=spot_summary&file=spot_summary_2021.csv
2022-02-08,jepx-spread-range-kyushu,kyushu,17.36,https://www.jepx.jp/_download.php?dir=spot_summary&file=spot_summary_2021.csv
2022-02-09,jepx-spread-range-kyushu,kyushu,20.17,https://www.jepx.jp/_download.php?dir=spot_summary&file=spot_summary_2021.csv
2022-02-10,jepx-spread-range-kyushu,kyushu,38.1,https://www.jepx.jp/_download.php?dir=spot_summary&file=spot_summary_2021.csv
2022-02-11,jepx-spread-range-kyushu,kyushu,29.45,https://www.jepx.jp/_download.php?dir=spot_summary&file=spot_summary_2021.csv
2022-02-12,jepx-spread-range-kyushu,kyushu,14.79,https://www.jepx.jp/_download.php?dir=spot_summary&file=spot_summary_2021.csv
2022-02-13,jepx-spread-range-kyushu,kyushu,17.740000000000002,https://www.jepx.jp/_download.php?dir=spot_summary&file=spot_summary_2021.csv
2022-02-14,jepx-spread-range-kyushu,kyushu,38.82,https://www.jepx.jp/_download.php?dir=spot_summary&file=spot_summary_2021.csv
2022-02-15,jepx-spread-range-kyushu,kyushu,30.41,https://www.jepx.jp/_download.php?dir=spot_summary&file=spot_summary_2021.csv
2022-02-16,jepx-spread-range-kyushu,kyushu,51.03,https://www.jepx.jp/_download.php?dir=spot_summary&file=spot_summary_2021.csv
2022-02-17,jepx-spread-range-kyushu,kyushu,71.4,https://www.jepx.jp/_download.php?dir=spot_summary&file=spot_summary_2021.csv
2022-02-18,jepx-spread-range-kyushu,kyushu,22.130000000000003,https://www.jepx.jp/_download.php?dir=spot_summary&file=spot_summary_2021.csv
2022-02-19,jepx-spread-range-kyushu,kyushu,22.74,https://www.jepx.jp/_download.php?dir=spot_summary&file=spot_summary_2021.csv
2022-02-20,jepx-spread-range-kyushu,kyushu,23.81,https://www.jepx.jp/_download.php?dir=spot_summary&file=spot_summary_2021.csv
2022-02-21,jepx-spread-range-kyushu,kyushu,59.99,https://www.jepx.jp/_download.php?dir=spot_summary&file=spot_summary_2021.csv
2022-02-22,jepx-spread-range-kyushu,kyushu,59.99,https://www.jepx.jp/_download.php?dir=spot_summary&file=spot_summary_2021.csv
2022-02-23,jepx-spread-range-kyushu,kyushu,29.22,https://www.jepx.jp/_download.php?dir=spot_summary&file=spot_summary_2021.csv
2022-02-24,jepx-spread-range-kyushu,kyushu,44.29,https://www.jepx.jp/_download.php?dir=spot_summary&file=spot_summary_2021.csv
2022-02-25,jepx-spread-range-kyushu,kyushu,25.21,https://www.jepx.jp/_download.php?dir=spot_summary&file=spot_summary_2021.csv
2022-02-26,jepx-spread-range-kyushu,kyushu,23.97,https://www.jepx.jp/_download.php?dir=spot_summary&file=spot_summary_2021.csv
2022-02-27,jepx-spread-range-kyushu,kyushu,24.16,https://www.jepx.jp/_download.php?dir=spot_summary&file=spot_summary_2021.csv
2022-02-28,jepx-spread-range-kyushu,kyushu,25.11,https://www.jepx.jp/_download.php?dir=spot_summary&file=spot_summary_2021.csv
2022-03-01,jepx-spread-range-kyushu,kyushu,35.800000000000004,https://www.jepx.jp/_download.php?dir=spot_summary&file=spot_summary_2021.csv
2022-03-02,jepx-spread-range-kyushu,kyushu,38.690000000000005,https://www.jepx.jp/_download.php?dir=spot_summary&file=spot_summary_2021.csv
2022-03-03,jepx-spread-range-kyushu,kyushu,31.99,https://www.jepx.jp/_download.php?dir=spot_summary&file=spot_summary_2021.csv
2022-03-04,jepx-spread-range-kyushu,kyushu,27.04,https://www.jepx.jp/_download.php?dir=spot_summary&file=spot_summary_2021.csv
2022-03-05,jepx-spread-range-kyushu,kyushu,39.89,https://www.jepx.jp/_download.php?dir=spot_summary&file=spot_summary_2021.csv
2022-03-06,jepx-spread-range-kyushu,kyushu,47.31,https://www.jepx.jp/_download.php?dir=spot_summary&file=spot_summary_2021.csv
2022-03-07,jepx-spread-range-kyushu,kyushu,73.2,https://www.jepx.jp/_download.php?dir=spot_summary&file=spot_summary_2021.csv
2022-03-08,jepx-spread-range-kyushu,kyushu,79.99,https://www.jepx.jp/_download.php?dir=spot_summary&file=spot_summary_2021.csv
2022-03-09,jepx-spread-range-kyushu,kyushu,45.61,https://www.jepx.jp/_download.php?dir=spot_summary&file=spot_summary_2021.csv
2022-03-10,jepx-spread-range-kyushu,kyushu,59.99,https://www.jepx.jp/_download.php?dir=spot_summary&file=spot_summary_2021.csv
2022-03-11,jepx-spread-range-kyushu,kyushu,44.02,https://www.jepx.jp/_download.php?dir=spot_summary&file=spot_summary_2021.csv
2022-03-12,jepx-spread-range-kyushu,kyushu,40.21,https://www.jepx.jp/_download.php?dir=spot_summary&file=spot_summary_2021.csv
2022-03-13,jepx-spread-range-kyushu,kyushu,20.89,https://www.jepx.jp/_download.php?dir=spot_summary&file=spot_summary_2021.csv
2022-03-14,jepx-spread-range-kyushu,kyushu,39.79,https://www.jepx.jp/_download.php?dir=spot_summary&file=spot_summary_2021.csv
2022-03-15,jepx-spread-range-kyushu,kyushu,29.99,https://www.jepx.jp/_download.php?dir=spot_summary&file=spot_summary_2021.csv
2022-03-16,jepx-spread-range-kyushu,kyushu,20.89,https://www.jepx.jp/_download.php?dir=spot_summary&file=spot_summary_2021.csv
2022-03-17,jepx-spread-range-kyushu,kyushu,20.89,https://www.jepx.jp/_download.php?dir=spot_summary&file=spot_summary_2021.csv
2022-03-18,jepx-spread-range-kyushu,kyushu,45.1,https://www.jepx.jp/_download.php?dir=spot_summary&file=spot_summary_2021.csv
2022-03-19,jepx-spread-range-kyushu,kyushu,25.72,https://www.jepx.jp/_download.php?dir=spot_summary&file=spot_summary_2021.csv
2022-03-20,jepx-spread-range-kyushu,kyushu,36.29,https://www.jepx.jp/_download.php?dir=spot_summary&file=spot_summary_2021.csv
2022-03-21,jepx-spread-range-kyushu,kyushu,42.34,https://www.jepx.jp/_download.php?dir=spot_summary&file=spot_summary_2021.csv
2022-03-22,jepx-spread-range-kyushu,kyushu,59.86,https://www.jepx.jp/_download.php?dir=spot_summary&file=spot_summary_2021.csv
2022-03-23,jepx-spread-range-kyushu,kyushu,51.07,https://www.jepx.jp/_download.php?dir=spot_summary&file=spot_summary_2021.csv
2022-03-24,jepx-spread-range-kyushu,kyushu,44.99,https://www.jepx.jp/_download.php?dir=spot_summary&file=spot_summary_2021.csv
2022-03-25,jepx-spread-range-kyushu,kyushu,38.92,https://www.jepx.jp/_download.php?dir=spot_summary&file=spot_summary_2021.csv
2022-03-26,jepx-spread-range-kyushu,kyushu,17.22,https://www.jepx.jp/_download.php?dir=spot_summary&file=spot_summary_2021.csv
2022-03-27,jepx-spread-range-kyushu,kyushu,23.58,https://www.jepx.jp/_download.php?dir=spot_summary&file=spot_summary_2021.csv
2022-03-28,jepx-spread-range-kyushu,kyushu,27.27,https://www.jepx.jp/_download.php?dir=spot_summary&file=spot_summary_2021.csv
2022-03-29,jepx-spread-range-kyushu,kyushu,33.28,https://www.jepx.jp/_download.php?dir=spot_summary&file=spot_summary_2021.csv
2022-03-30,jepx-spread-range-kyushu,kyushu,24.53,https://www.jepx.jp/_download.php?dir=spot_summary&file=spot_summary_2021.csv
2022-03-31,jepx-spread-range-kyushu,kyushu,31.66,https://www.jepx.jp/_download.php?dir=spot_summary&file=spot_summary_2021.csv
2022-04-01,jepx-spread-range-kyushu,kyushu,29.99,https://www.jepx.jp/_download.php?dir=spot_summary&file=spot_summary_2022.csv
2022-04-02,jepx-spread-range-kyushu,kyushu,26.78,https://www.jepx.jp/_download.php?dir=spot_summary&file=spot_summary_2022.csv
2022-04-03,jepx-spread-range-kyushu,kyushu,23.8,https://www.jepx.jp/_download.php?dir=spot_summary&file=spot_summary_2022.csv
2022-04-04,jepx-spread-range-kyushu,kyushu,45.02,https://www.jepx.jp/_download.php?dir=spot_summary&file=spot_summary_2022.csv
2022-04-05,jepx-spread-range-kyushu,kyushu,32.080000000000005,https://www.jepx.jp/_download.php?dir=spot_summary&file=spot_summary_2022.csv
2022-04-06,jepx-spread-range-kyushu,kyushu,26.78,https://www.jepx.jp/_download.php?dir=spot_summary&file=spot_summary_2022.csv
2022-04-07,jepx-spread-range-kyushu,kyushu,32.15,https://www.jepx.jp/_download.php?dir=spot_summary&file=spot_summary_2022.csv
2022-04-08,jepx-spread-range-kyushu,kyushu,31.83,https://www.jepx.jp/_download.php?dir=spot_summary&file=spot_summary_2022.csv
2022-04-09,jepx-spread-range-kyushu,kyushu,24.92,https://www.jepx.jp/_download.php?dir=spot_summary&file=spot_summary_2022.csv
2022-04-10,jepx-spread-range-kyushu,kyushu,22.73,https://www.jepx.jp/_download.php?dir=spot_summary&file=spot_summary_2022.csv
2022-04-11,jepx-spread-range-kyushu,kyushu,26.120000000000005,https://www.jepx.jp/_download.php?dir=spot_summary&file=spot_summary_2022.csv
2022-04-12,jepx-spread-range-kyushu,kyushu,22.89,https://www.jepx.jp/_download.php?dir=spot_summary&file=spot_summary_2022.csv
2022-04-13,jepx-spread-range-kyushu,kyushu,21.31,https://www.jepx.jp/_download.php?dir=spot_summary&file=spot_summary_2022.csv
2022-04-14,jepx-spread-range-kyushu,kyushu,24.32,https://www.jepx.jp/_download.php?dir=spot_summary&file=spot_summary_2022.csv
2022-04-15,jepx-spread-range-kyushu,kyushu,28.35,https://www.jepx.jp/_download.php?dir=spot_summary&file=spot_summary_2022.csv
2022-04-16,jepx-spread-range-kyushu,kyushu,26.39,https://www.jepx.jp/_download.php?dir=spot_summary&file=spot_summary_2022.csv
2022-04-17,jepx-spread-range-kyushu,kyushu,23.03,https://www.jepx.jp/_download.php?dir=spot_summary&file=spot_summary_2022.csv
2022-04-18,jepx-spread-range-kyushu,kyushu,18.34,https://www.jepx.jp/_download.php?dir=spot_summary&file=spot_summary_2022.csv
2022-04-19,jepx-spread-range-kyushu,kyushu,24.98,https://www.jepx.jp/_download.php?dir=spot_summary&file=spot_summary_2022.csv
2022-04-20,jepx-spread-range-kyushu,kyushu,26.78,https://www.jepx.jp/_download.php?dir=spot_summary&file=spot_summary_2022.csv
2022-04-21,jepx-spread-range-kyushu,kyushu,23.92,https://www.jepx.jp/_download.php?dir=spot_summary&file=spot_summary_2022.csv
2022-04-22,jepx-spread-range-kyushu,kyushu,26.78,https://www.jepx.jp/_download.php?dir=spot_summary&file=spot_summary_2022.csv
2022-04-23,jepx-spread-range-kyushu,kyushu,14.43,https://www.jepx.jp/_download.php?dir=spot_summary&file=spot_summary_2022.csv
2022-04-24,jepx-spread-range-kyushu,kyushu,17.8,https://www.jepx.jp/_download.php?dir=spot_summary&file=spot_summary_2022.csv
2022-04-25,jepx-spread-range-kyushu,kyushu,22.67,https://www.jepx.jp/_download.php?dir=spot_summary&file=spot_summary_2022.csv
2022-04-26,jepx-spread-range-kyushu,kyushu,14.37,https://www.jepx.jp/_download.php?dir=spot_summary&file=spot_summary_2022.csv
2022-04-27,jepx-spread-range-kyushu,kyushu,18.8,https://www.jepx.jp/_download.php?dir=spot_summary&file=spot_summary_2022.csv
2022-04-28,jepx-spread-range-kyushu,kyushu,28.53,https://www.jepx.jp/_download.php?dir=spot_summary&file=spot_summary_2022.csv
2022-04-29,jepx-spread-range-kyushu,kyushu,15.179999999999998,https://www.jepx.jp/_download.php?dir=spot_summary&file=spot_summary_2022.csv
2022-04-30,jepx-spread-range-kyushu,kyushu,26.78,https://www.jepx.jp/_download.php?dir=spot_summary&file=spot_summary_2022.csv
2022-05-01,jepx-spread-range-kyushu,kyushu,12.39,https://www.jepx.jp/_download.php?dir=spot_summary&file=spot_summary_2022.csv
2022-05-02,jepx-spread-range-kyushu,kyushu,32.86,https://www.jepx.jp/_download.php?dir=spot_summary&file=spot_summary_2022.csv
2022-05-03,jepx-spread-range-kyushu,kyushu,23.02,https://www.jepx.jp/_download.php?dir=spot_summary&file=spot_summary_2022.csv
2022-05-04,jepx-spread-range-kyushu,kyushu,20.97,https://www.jepx.jp/_download.php?dir=spot_summary&file=spot_summary_2022.csv
2022-05-05,jepx-spread-range-kyushu,kyushu,21.11,https://www.jepx.jp/_download.php?dir=spot_summary&file=spot_summary_2022.csv
2022-05-06,jepx-spread-range-kyushu,kyushu,20.37,https://www.jepx.jp/_download.php?dir=spot_summary&file=spot_summary_2022.csv
2022-05-07,jepx-spread-range-kyushu,kyushu,20.12,https://www.jepx.jp/_download.php?dir=spot_summary&file=spot_summary_2022.csv
2022-05-08,jepx-spread-range-kyushu,kyushu,19.74,https://www.jepx.jp/_download.php?dir=spot_summary&file=spot_summary_2022.csv
2022-05-09,jepx-spread-range-kyushu,kyushu,15.84,https://www.jepx.jp/_download.php?dir=spot_summary&file=spot_summary_2022.csv
2022-05-10,jepx-spread-range-kyushu,kyushu,26.1,https://www.jepx.jp/_download.php?dir=spot_summary&file=spot_summary_2022.csv
2022-05-11,jepx-spread-range-kyushu,kyushu,8.88,https://www.jepx.jp/_download.php?dir=spot_summary&file=spot_summary_2022.csv
2022-05-12,jepx-spread-range-kyushu,kyushu,20.22,https://www.jepx.jp/_download.php?dir=spot_summary&file=spot_summary_2022.csv
2022-05-13,jepx-spread-range-kyushu,kyushu,14.06,https://www.jepx.jp/_download.php?dir=spot_summary&file=spot_summary_2022.csv
2022-05-14,jepx-spread-range-kyushu,kyushu,23.02,https://www.jepx.jp/_download.php?dir=spot_summary&file=spot_summary_2022.csv
2022-05-15,jepx-spread-range-kyushu,kyushu,22.82,https://www.jepx.jp/_download.php?dir=spot_summary&file=spot_summary_2022.csv
2022-05-16,jepx-spread-range-kyushu,kyushu,16.09,https://www.jepx.jp/_download.php?dir=spot_summary&file=spot_summary_2022.csv
2022-05-17,jepx-spread-range-kyushu,kyushu,24.99,https://www.jepx.jp/_download.php?dir=spot_summary&file=spot_summary_2022.csv
2022-05-18,jepx-spread-range-kyushu,kyushu,25.99,https://www.jepx.jp/_download.php?dir=spot_summary&file=spot_summary_2022.csv
2022-05-19,jepx-spread-range-kyushu,kyushu,20.04,https://www.jepx.jp/_download.php?dir=spot_summary&file=spot_summary_2022.csv
2022-05-20,jepx-spread-range-kyushu,kyushu,15.320000000000002,https://www.jepx.jp/_download.php?dir=spot_summary&file=spot_summary_2022.csv
2022-05-21,jepx-spread-range-kyushu,kyushu,16.96,https://www.jepx.jp/_download.php?dir=spot_summary&file=spot_summary_2022.csv
2022-05-22,jepx-spread-range-kyushu,kyushu,19.59,https://www.jepx.jp/_download.php?dir=spot_summary&file=spot_summary_2022.csv
2022-05-23,jepx-spread-range-kyushu,kyushu,25.43,https://www.jepx.jp/_download.php?dir=spot_summary&file=spot_summary_2022.csv
2022-05-24,jepx-spread-range-kyushu,kyushu,24.71,https://www.jepx.jp/_download.php?dir=spot_summary&file=spot_summary_2022.csv
2022-05-25,jepx-spread-range-kyushu,kyushu,25.98,https://www.jepx.jp/_download.php?dir=spot_summary&file=spot_summary_2022.csv
2022-05-26,jepx-spread-range-kyushu,kyushu,19.0,https://www.jepx.jp/_download.php?dir=spot_summary&file=spot_summary_2022.csv
2022-05-27,jepx-spread-range-kyushu,kyushu,26.77,https://www.jepx.jp/_download.php?dir=spot_summary&file=spot_summary_2022.csv
2022-05-28,jepx-spread-range-kyushu,kyushu,24.23,https://www.jepx.jp/_download.php?dir=spot_summary&file=spot_summary_2022.csv
2022-05-29,jepx-spread-range-kyushu,kyushu,20.29,https://www.jepx.jp/_download.php?dir=spot_summary&file=spot_summary_2022.csv
2022-05-30,jepx-spread-range-kyushu,kyushu,14.45,https://www.jepx.jp/_download.php?dir=spot_summary&file=spot_summary_2022.csv
2022-05-31,jepx-spread-range-kyushu,kyushu,25.39,https://www.jepx.jp/_download.php?dir=spot_summary&file=spot_summary_2022.csv
2022-06-01,jepx-spread-range-kyushu,kyushu,22.62,https://www.jepx.jp/_download.php?dir=spot_summary&file=spot_summary_2022.csv
2022-06-02,jepx-spread-range-kyushu,kyushu,25.47,https://www.jepx.jp/_download.php?dir=spot_summary&file=spot_summary_2022.csv
2022-06-03,jepx-spread-range-kyushu,kyushu,22.47,https://www.jepx.jp/_download.php?dir=spot_summary&file=spot_summary_2022.csv
2022-06-04,jepx-spread-range-kyushu,kyushu,24.08,https://www.jepx.jp/_download.php?dir=spot_summary&file=spot_summary_2022.csv
2022-06-05,jepx-spread-range-kyushu,kyushu,16.69,https://www.jepx.jp/_download.php?dir=spot_summary&file=spot_summary_2022.csv
2022-06-06,jepx-spread-range-kyushu,kyushu,12.900000000000002,https://www.jepx.jp/_download.php?dir=spot_summary&file=spot_summary_2022.csv
2022-06-07,jepx-spread-range-kyushu,kyushu,20.6,https://www.jepx.jp/_download.php?dir=spot_summary&file=spot_summary_2022.csv
2022-06-08,jepx-spread-range-kyushu,kyushu,23.99,https://www.jepx.jp/_download.php?dir=spot_summary&file=spot_summary_2022.csv
2022-06-09,jepx-spread-range-kyushu,kyushu,22.59,https://www.jepx.jp/_download.php?dir=spot_summary&file=spot_summary_2022.csv
2022-06-10,jepx-spread-range-kyushu,kyushu,17.82,https://www.jepx.jp/_download.php?dir=spot_summary&file=spot_summary_2022.csv
2022-06-11,jepx-spread-range-kyushu,kyushu,18.69,https://www.jepx.jp/_download.php?dir=spot_summary&file=spot_summary_2022.csv
2022-06-12,jepx-spread-range-kyushu,kyushu,19.85,https://www.jepx.jp/_download.php?dir=spot_summary&file=spot_summary_2022.csv
2022-06-13,jepx-spread-range-kyushu,kyushu,15.42,https://www.jepx.jp/_download.php?dir=spot_summary&file=spot_summary_2022.csv
2022-06-14,jepx-spread-range-kyushu,kyushu,20.78,https://www.jepx.jp/_download.php?dir=spot_summary&file=spot_summary_2022.csv
2022-06-15,jepx-spread-range-kyushu,kyushu,9.909999999999998,https://www.jepx.jp/_download.php?dir=spot_summary&file=spot_summary_2022.csv
2022-06-16,jepx-spread-range-kyushu,kyushu,20.85,https://www.jepx.jp/_download.php?dir=spot_summary&file=spot_summary_2022.csv
2022-06-17,jepx-spread-range-kyushu,kyushu,12.96,https://www.jepx.jp/_download.php?dir=spot_summary&file=spot_summary_2022.csv
2022-06-18,jepx-spread-range-kyushu,kyushu,17.09,https://www.jepx.jp/_download.php?dir=spot_summary&file=spot_summary_2022.csv
2022-06-19,jepx-spread-range-kyushu,kyushu,18.63,https://www.jepx.jp/_download.php?dir=spot_summary&file=spot_summary_2022.csv
2022-06-20,jepx-spread-range-kyushu,kyushu,14.1,https://www.jepx.jp/_download.php?dir=spot_summary&file=spot_summary_2022.csv
2022-06-21,jepx-spread-range-kyushu,kyushu,17.58,https://www.jepx.jp/_download.php?dir=spot_summary&file=spot_summary_2022.csv
2022-06-22,jepx-spread-range-kyushu,kyushu,22.33,https://www.jepx.jp/_download.php?dir=spot_summary&file=spot_summary_2022.csv
2022-06-23,jepx-spread-range-kyushu,kyushu,18.97,https://www.jepx.jp/_download.php?dir=spot_summary&file=spot_summary_2022.csv
2022-06-24,jepx-spread-range-kyushu,kyushu,31.58,https://www.jepx.jp/_download.php?dir=spot_summary&file=spot_summary_2022.csv
2022-06-25,jepx-spread-range-kyushu,kyushu,29.6,https://www.jepx.jp/_download.php?dir=spot_summary&file=spot_summary_2022.csv
2022-06-26,jepx-spread-range-kyushu,kyushu,23.35,https://www.jepx.jp/_download.php?dir=spot_summary&file=spot_summary_2022.csv
2022-06-27,jepx-spread-range-kyushu,kyushu,55.34,https://www.jepx.jp/_download.php?dir=spot_summary&file=spot_summary_2022.csv
2022-06-28,jepx-spread-range-kyushu,kyushu,59.99,https://www.jepx.jp/_download.php?dir=spot_summary&file=spot_summary_2022.csv
2022-06-29,jepx-spread-range-kyushu,kyushu,85.0,https://www.jepx.jp/_download.php?dir=spot_summary&file=spot_summary_2022.csv
2022-06-30,jepx-spread-range-kyushu,kyushu,80.99,https://www.jepx.jp/_download.php?dir=spot_summary&file=spot_summary_2022.csv
2022-07-01,jepx-spread-range-kyushu,kyushu,79.99,https://www.jepx.jp/_download.php?dir=spot_summary&file=spot_summary_2022.csv
2022-07-02,jepx-spread-range-kyushu,kyushu,27.72,https://www.jepx.jp/_download.php?dir=spot_summary&file=spot_summary_2022.csv
2022-07-03,jepx-spread-range-kyushu,kyushu,22.84,https://www.jepx.jp/_download.php?dir=spot_summary&file=spot_summary_2022.csv
2022-07-04,jepx-spread-range-kyushu,kyushu,45.830000000000005,https://www.jepx.jp/_download.php?dir=spot_summary&file=spot_summary_2022.csv
2022-07-05,jepx-spread-range-kyushu,kyushu,33.49,https://www.jepx.jp/_download.php?dir=spot_summary&file=spot_summary_2022.csv
2022-07-06,jepx-spread-range-kyushu,kyushu,32.879999999999995,https://www.jepx.jp/_download.php?dir=spot_summary&file=spot_summary_2022.csv
2022-07-07,jepx-spread-range-kyushu,kyushu,34.22,https://www.jepx.jp/_download.php?dir=spot_summary&file=spot_summary_2022.csv
2022-07-08,jepx-spread-range-kyushu,kyushu,32.75,https://www.jepx.jp/_download.php?dir=spot_summary&file=spot_summary_2022.csv
2022-07-09,jepx-spread-range-kyushu,kyushu,29.02,https://www.jepx.jp/_download.php?dir=spot_summary&file=spot_summary_2022.csv
2022-07-10,jepx-spread-range-kyushu,kyushu,29.02,https://www.jepx.jp/_download.php?dir=spot_summary&file=spot_summary_2022.csv
2022-07-11,jepx-spread-range-kyushu,kyushu,44.11,https://www.jepx.jp/_download.php?dir=spot_summary&file=spot_summary_2022.csv
2022-07-12,jepx-spread-range-kyushu,kyushu,29.79,https://www.jepx.jp/_download.php?dir=spot_summary&file=spot_summary_2022.csv
2022-07-13,jepx-spread-range-kyushu,kyushu,39.99,https://www.jepx.jp/_download.php?dir=spot_summary&file=spot_summary_2022.csv
2022-07-14,jepx-spread-range-kyushu,kyushu,26.95,https://www.jepx.jp/_download.php?dir=spot_summary&file=spot_summary_2022.csv
2022-07-15,jepx-spread-range-kyushu,kyushu,24.17,https://www.jepx.jp/_download.php?dir=spot_summary&file=spot_summary_2022.csv
2022-07-16,jepx-spread-range-kyushu,kyushu,29.02,https://www.jepx.jp/_download.php?dir=spot_summary&file=spot_summary_2022.csv
2022-07-17,jepx-spread-range-kyushu,kyushu,29.02,https://www.jepx.jp/_download.php?dir=spot_summary&file=spot_summary_2022.csv
2022-07-18,jepx-spread-range-kyushu,kyushu,29.99,https://www.jepx.jp/_download.php?dir=spot_summary&file=spot_summary_2022.csv
2022-07-19,jepx-spread-range-kyushu,kyushu,32.46,https://www.jepx.jp/_download.php?dir=spot_summary&file=spot_summary_2022.csv
2022-07-20,jepx-spread-range-kyushu,kyushu,44.62,https://www.jepx.jp/_download.php?dir=spot_summary&file=spot_summary_2022.csv
2022-07-21,jepx-spread-range-kyushu,kyushu,32.54,https://www.jepx.jp/_download.php?dir=spot_summary&file=spot_summary_2022.csv
2022-07-22,jepx-spread-range-kyushu,kyushu,29.99,https://www.jepx.jp/_download.php?dir=spot_summary&file=spot_summary_2022.csv
2022-07-23,jepx-spread-range-kyushu,kyushu,24.26,https://www.jepx.jp/_download.php?dir=spot_summary&file=spot_summary_2022.csv
2022-07-24,jepx-spread-range-kyushu,kyushu,19.78,https://www.jepx.jp/_download.php?dir=spot_summary&file=spot_summary_2022.csv
2022-07-25,jepx-spread-range-kyushu,kyushu,29.99,https://www.jepx.jp/_download.php?dir=spot_summary&file=spot_summary_2022.csv
2022-07-26,jepx-spread-range-kyushu,kyushu,29.02,https://www.jepx.jp/_download.php?dir=spot_summary&file=spot_summary_2022.csv
2022-07-27,jepx-spread-range-kyushu,kyushu,40.010000000000005,https://www.jepx.jp/_download.php?dir=spot_summary&file=spot_summary_2022.csv
2022-07-28,jepx-spread-range-kyushu,kyushu,39.0,https://www.jepx.jp/_download.php?dir=spot_summary&file=spot_summary_2022.csv
2022-07-29,jepx-spread-range-kyushu,kyushu,49.99,https://www.jepx.jp/_download.php?dir=spot_summary&file=spot_summary_2022.csv
2022-07-30,jepx-spread-range-kyushu,kyushu,39.99,https://www.jepx.jp/_download.php?dir=spot_summary&file=spot_summary_2022.csv
2022-07-31,jepx-spread-range-kyushu,kyushu,29.02,https://www.jepx.jp/_download.php?dir=spot_summary&file=spot_summary_2022.csv
2022-08-01,jepx-spread-range-kyushu,kyushu,45.0,https://www.jepx.jp/_download.php?dir=spot_summary&file=spot_summary_2022.csv
2022-08-02,jepx-spread-range-kyushu,kyushu,49.99,https://www.jepx.jp/_download.php?dir=spot_summary&file=spot_summary_2022.csv
2022-08-03,jepx-spread-range-kyushu,kyushu,45.0,https://www.jepx.jp/_download.php?dir=spot_summary&file=spot_summary_2022.csv
2022-08-04,jepx-spread-range-kyushu,kyushu,45.0,https://www.jepx.jp/_download.php?dir=spot_summary&file=spot_summary_2022.csv
2022-08-05,jepx-spread-range-kyushu,kyushu,45.0,https://www.jepx.jp/_download.php?dir=spot_summary&file=spot_summary_2022.csv
2022-08-06,jepx-spread-range-kyushu,kyushu,36.49,https://www.jepx.jp/_download.php?dir=spot_summary&file=spot_summary_2022.csv
2022-08-07,jepx-spread-range-kyushu,kyushu,34.99,https://www.jepx.jp/_download.php?dir=spot_summary&file=spot_summary_2022.csv
2022-08-08,jepx-spread-range-kyushu,kyushu,49.17,https://www.jepx.jp/_download.php?dir=spot_summary&file=spot_summary_2022.csv
2022-08-09,jepx-spread-range-kyushu,kyushu,55.68,https://www.jepx.jp/_download.php?dir=spot_summary&file=spot_summary_2022.csv
2022-08-10,jepx-spread-range-kyushu,kyushu,53.29,https://www.jepx.jp/_download.php?dir=spot_summary&file=spot_summary_2022.csv
2022-08-11,jepx-spread-range-kyushu,kyushu,33.49,https://www.jepx.jp/_download.php?dir=spot_summary&file=spot_summary_2022.csv
2022-08-12,jepx-spread-range-kyushu,kyushu,39.940000000000005,https://www.jepx.jp/_download.php?dir=spot_summary&file=spot_summary_2022.csv
2022-08-13,jepx-spread-range-kyushu,kyushu,33.56,https://www.jepx.jp/_download.php?dir=spot_summary&file=spot_summary_2022.csv
2022-08-14,jepx-spread-range-kyushu,kyushu,36.77,https://www.jepx.jp/_download.php?dir=spot_summary&file=spot_summary_2022.csv
2022-08-15,jepx-spread-range-kyushu,kyushu,25.53,https://www.jepx.jp/_download.php?dir=spot_summary&file=spot_summary_2022.csv
2022-08-16,jepx-spread-range-kyushu,kyushu,33.07,https://www.jepx.jp/_download.php?dir=spot_summary&file=spot_summary_2022.csv
2022-08-17,jepx-spread-range-kyushu,kyushu,38.7,https://www.jepx.jp/_download.php?dir=spot_summary&file=spot_summary_2022.csv
2022-08-18,jepx-spread-range-kyushu,kyushu,32.89,https://www.jepx.jp/_download.php?dir=spot_summary&file=spot_summary_2022.csv
2022-08-19,jepx-spread-range-kyushu,kyushu,25.53,https://www.jepx.jp/_download.php?dir=spot_summary&file=spot_summary_2022.csv
2022-08-20,jepx-spread-range-kyushu,kyushu,24.69,https://www.jepx.jp/_download.php?dir=spot_summary&file=spot_summary_2022.csv
2022-08-21,jepx-spread-range-kyushu,kyushu,23.93,https://www.jepx.jp/_download.php?dir=spot_summary&file=spot_summary_2022.csv
2022-08-22,jepx-spread-range-kyushu,kyushu,39.7,https://www.jepx.jp/_download.php?dir=spot_summary&file=spot_summary_2022.csv
2022-08-23,jepx-spread-range-kyushu,kyushu,44.06,https://www.jepx.jp/_download.php?dir=spot_summary&file=spot_summary_2022.csv
2022-08-24,jepx-spread-range-kyushu,kyushu,39.48,https://www.jepx.jp/_download.php?dir=spot_summary&file=spot_summary_2022.csv
2022-08-25,jepx-spread-range-kyushu,kyushu,35.080000000000005,https://www.jepx.jp/_download.php?dir=spot_summary&file=spot_summary_2022.csv
2022-08-26,jepx-spread-range-kyushu,kyushu,33.07,https://www.jepx.jp/_download.php?dir=spot_summary&file=spot_summary_2022.csv
2022-08-27,jepx-spread-range-kyushu,kyushu,31.46,https://www.jepx.jp/_download.php?dir=spot_summary&file=spot_summary_2022.csv
2022-08-28,jepx-spread-range-kyushu,kyushu,31.46,https://www.jepx.jp/_download.php?dir=spot_summary&file=spot_summary_2022.csv
2022-08-29,jepx-spread-range-kyushu,kyushu,34.99,https://www.jepx.jp/_download.php?dir=spot_summary&file=spot_summary_2022.csv
2022-08-30,jepx-spread-range-kyushu,kyushu,34.06,https://www.jepx.jp/_download.php?dir=spot_summary&file=spot_summary_2022.csv
2022-08-31,jepx-spread-range-kyushu,kyushu,34.06,https://www.jepx.jp/_download.php?dir=spot_summary&file=spot_summary_2022.csv
2022-09-01,jepx-spread-range-kyushu,kyushu,31.129999999999995,https://www.jepx.jp/_download.php?dir=spot_summary&file=spot_summary_2022.csv
2022-09-02,jepx-spread-range-kyushu,kyushu,31.129999999999995,https://www.jepx.jp/_download.php?dir=spot_summary&file=spot_summary_2022.csv
2022-09-03,jepx-spread-range-kyushu,kyushu,28.02,https://www.jepx.jp/_download.php?dir=spot_summary&file=spot_summary_2022.csv
2022-09-04,jepx-spread-range-kyushu,kyushu,29.56,https://www.jepx.jp/_download.php?dir=spot_summary&file=spot_summary_2022.csv
2022-09-05,jepx-spread-range-kyushu,kyushu,52.78,https://www.jepx.jp/_download.php?dir=spot_summary&file=spot_summary_2022.csv
2022-09-06,jepx-spread-range-kyushu,kyushu,43.9,https://www.jepx.jp/_download.php?dir=spot_summary&file=spot_summary_2022.csv
2022-09-07,jepx-spread-range-kyushu,kyushu,40.99,https://www.jepx.jp/_download.php?dir=spot_summary&file=spot_summary_2022.csv
2022-09-08,jepx-spread-range-kyushu,kyushu,32.620000000000005,https://www.jepx.jp/_download.php?dir=spot_summary&file=spot_summary_2022.csv
2022-09-09,jepx-spread-range-kyushu,kyushu,32.620000000000005,https://www.jepx.jp/_download.php?dir=spot_summary&file=spot_summary_2022.csv
2022-09-10,jepx-spread-range-kyushu,kyushu,11.76,https://www.jepx.jp/_download.php?dir=spot_summary&file=spot_summary_2022.csv
2022-09-11,jepx-spread-range-kyushu,kyushu,29.56,https://www.jepx.jp/_download.php?dir=spot_summary&file=spot_summary_2022.csv
2022-09-12,jepx-spread-range-kyushu,kyushu,32.620000000000005,https://www.jepx.jp/_download.php?dir=spot_summary&file=spot_summary_2022.csv
2022-09-13,jepx-spread-range-kyushu,kyushu,32.739999999999995,https://www.jepx.jp/_download.php?dir=spot_summary&file=spot_summary_2022.csv
2022-09-14,jepx-spread-range-kyushu,kyushu,48.0,https://www.jepx.jp/_download.php?dir=spot_summary&file=spot_summary_2022.csv
2022-09-15,jepx-spread-range-kyushu,kyushu,51.94,https://www.jepx.jp/_download.php?dir=spot_summary&file=spot_summary_2022.csv
2022-09-16,jepx-spread-range-kyushu,kyushu,62.510000000000005,https://www.jepx.jp/_download.php?dir=spot_summary&file=spot_summary_2022.csv
2022-09-17,jepx-spread-range-kyushu,kyushu,32.58,https://www.jepx.jp/_download.php?dir=spot_summary&file=spot_summary_2022.csv
2022-09-18,jepx-spread-range-kyushu,kyushu,25.21,https://www.jepx.jp/_download.php?dir=spot_summary&file=spot_summary_2022.csv
2022-09-19,jepx-spread-range-kyushu,kyushu,22.15,https://www.jepx.jp/_download.php?dir=spot_summary&file=spot_summary_2022.csv
2022-09-20,jepx-spread-range-kyushu,kyushu,34.190000000000005,https://www.jepx.jp/_download.php?dir=spot_summary&file=spot_summary_2022.csv
2022-09-21,jepx-spread-range-kyushu,kyushu,32.620000000000005,https://www.jepx.jp/_download.php?dir=spot_summary&file=spot_summary_2022.csv
2022-09-22,jepx-spread-range-kyushu,kyushu,24.72,https://www.jepx.jp/_download.php?dir=spot_summary&file=spot_summary_2022.csv
2022-09-23,jepx-spread-range-kyushu,kyushu,20.41,https://www.jepx.jp/_download.php?dir=spot_summary&file=spot_summary_2022.csv
2022-09-24,jepx-spread-range-kyushu,kyushu,17.72,https://www.jepx.jp/_download.php?dir=spot_summary&file=spot_summary_2022.csv
2022-09-25,jepx-spread-range-kyushu,kyushu,20.42,https://www.jepx.jp/_download.php?dir=spot_summary&file=spot_summary_2022.csv
2022-09-26,jepx-spread-range-kyushu,kyushu,22.96,https://www.jepx.jp/_download.php?dir=spot_summary&file=spot_summary_2022.csv
2022-09-27,jepx-spread-range-kyushu,kyushu,13.01,https://www.jepx.jp/_download.php?dir=spot_summary&file=spot_summary_2022.csv
2022-09-28,jepx-spread-range-kyushu,kyushu,21.14,https://www.jepx.jp/_download.php?dir=spot_summary&file=spot_summary_2022.csv
2022-09-29,jepx-spread-range-kyushu,kyushu,29.5,https://www.jepx.jp/_download.php?dir=spot_summary&file=spot_summary_2022.csv
2022-09-30,jepx-spread-range-kyushu,kyushu,29.98,https://www.jepx.jp/_download.php?dir=spot_summary&file=spot_summary_2022.csv
2022-10-01,jepx-spread-range-kyushu,kyushu,24.59,https://www.jepx.jp/_download.php?dir=spot_summary&file=spot_summary_2022.csv
2022-10-02,jepx-spread-range-kyushu,kyushu,31.7,https://www.jepx.jp/_download.php?dir=spot_summary&file=spot_summary_2022.csv
2022-10-03,jepx-spread-range-kyushu,kyushu,40.09,https://www.jepx.jp/_download.php?dir=spot_summary&file=spot_summary_2022.csv
2022-10-04,jepx-spread-range-kyushu,kyushu,45.09,https://www.jepx.jp/_download.php?dir=spot_summary&file=spot_summary_2022.csv
2022-10-05,jepx-spread-range-kyushu,kyushu,31.53,https://www.jepx.jp/_download.php?dir=spot_summary&file=spot_summary_2022.csv
2022-10-06,jepx-spread-range-kyushu,kyushu,27.1,https://www.jepx.jp/_download.php?dir=spot_summary&file=spot_summary_2022.csv
2022-10-07,jepx-spread-range-kyushu,kyushu,27.15,https://www.jepx.jp/_download.php?dir=spot_summary&file=spot_summary_2022.csv
2022-10-08,jepx-spread-range-kyushu,kyushu,31.51,https://www.jepx.jp/_download.php?dir=spot_summary&file=spot_summary_2022.csv
2022-10-09,jepx-spread-range-kyushu,kyushu,25.44,https://www.jepx.jp/_download.php?dir=spot_summary&file=spot_summary_2022.csv
2022-10-10,jepx-spread-range-kyushu,kyushu,29.37,https://www.jepx.jp/_download.php?dir=spot_summary&file=spot_summary_2022.csv
2022-10-11,jepx-spread-range-kyushu,kyushu,31.51,https://www.jepx.jp/_download.php?dir=spot_summary&file=spot_summary_2022.csv
2022-10-12,jepx-spread-range-kyushu,kyushu,34.95,https://www.jepx.jp/_download.php?dir=spot_summary&file=spot_summary_2022.csv
2022-10-13,jepx-spread-range-kyushu,kyushu,34.95,https://www.jepx.jp/_download.php?dir=spot_summary&file=spot_summary_2022.csv
2022-10-14,jepx-spread-range-kyushu,kyushu,34.5,https://www.jepx.jp/_download.php?dir=spot_summary&file=spot_summary_2022.csv
2022-10-15,jepx-spread-range-kyushu,kyushu,29.16,https://www.jepx.jp/_download.php?dir=spot_summary&file=spot_summary_2022.csv
2022-10-16,jepx-spread-range-kyushu,kyushu,25.87,https://www.jepx.jp/_download.php?dir=spot_summary&file=spot_summary_2022.csv
2022-10-17,jepx-spread-range-kyushu,kyushu,25.06,https://www.jepx.jp/_download.php?dir=spot_summary&file=spot_summary_2022.csv
2022-10-18,jepx-spread-range-kyushu,kyushu,21.8,https://www.jepx.jp/_download.php?dir=spot_summary&file=spot_summary_2022.csv
2022-10-19,jepx-spread-range-kyushu,kyushu,29.99,https://www.jepx.jp/_download.php?dir=spot_summary&file=spot_summary_2022.csv
2022-10-20,jepx-spread-range-kyushu,kyushu,29.99,https://www.jepx.jp/_download.php?dir=spot_summary&file=spot_summary_2022.csv
2022-10-21,jepx-spread-range-kyushu,kyushu,28.99,https://www.jepx.jp/_download.php?dir=spot_summary&file=spot_summary_2022.csv
2022-10-22,jepx-spread-range-kyushu,kyushu,23.76,https://www.jepx.jp/_download.php?dir=spot_summary&file=spot_summary_2022.csv
2022-10-23,jepx-spread-range-kyushu,kyushu,28.96,https://www.jepx.jp/_download.php?dir=spot_summary&file=spot_summary_2022.csv
2022-10-24,jepx-spread-range-kyushu,kyushu,36.1,https://www.jepx.jp/_download.php?dir=spot_summary&file=spot_summary_2022.csv
2022-10-25,jepx-spread-range-kyushu,kyushu,39.17,https://www.jepx.jp/_download.php?dir=spot_summary&file=spot_summary_2022.csv
2022-10-26,jepx-spread-range-kyushu,kyushu,35.03,https://www.jepx.jp/_download.php?dir=spot_summary&file=spot_summary_2022.csv
2022-10-27,jepx-spread-range-kyushu,kyushu,26.88,https://www.jepx.jp/_download.php?dir=spot_summary&file=spot_summary_2022.csv
2022-10-28,jepx-spread-range-kyushu,kyushu,33.510000000000005,https://www.jepx.jp/_download.php?dir=spot_summary&file=spot_summary_2022.csv
2022-10-29,jepx-spread-range-kyushu,kyushu,29.11,https://www.jepx.jp/_download.php?dir=spot_summary&file=spot_summary_2022.csv
2022-10-30,jepx-spread-range-kyushu,kyushu,22.46,https://www.jepx.jp/_download.php?dir=spot_summary&file=spot_summary_2022.csv
2022-10-31,jepx-spread-range-kyushu,kyushu,33.27,https://www.jepx.jp/_download.php?dir=spot_summary&file=spot_summary_2022.csv
2022-11-01,jepx-spread-range-kyushu,kyushu,29.03,https://www.jepx.jp/_download.php?dir=spot_summary&file=spot_summary_2022.csv
2022-11-02,jepx-spread-range-kyushu,kyushu,35.74,https://www.jepx.jp/_download.php?dir=spot_summary&file=spot_summary_2022.csv
2022-11-03,jepx-spread-range-kyushu,kyushu,35.95,https://www.jepx.jp/_download.php?dir=spot_summary&file=spot_summary_2022.csv
2022-11-04,jepx-spread-range-kyushu,kyushu,35.74,https://www.jepx.jp/_download.php?dir=spot_summary&file=spot_summary_2022.csv
2022-11-05,jepx-spread-range-kyushu,kyushu,31.19,https://www.jepx.jp/_download.php?dir=spot_summary&file=spot_summary_2022.csv
2022-11-06,jepx-spread-range-kyushu,kyushu,28.39,https://www.jepx.jp/_download.php?dir=spot_summary&file=spot_summary_2022.csv
2022-11-07,jepx-spread-range-kyushu,kyushu,29.0,https://www.jepx.jp/_download.php?dir=spot_summary&file=spot_summary_2022.csv
2022-11-08,jepx-spread-range-kyushu,kyushu,29.98,https://www.jepx.jp/_download.php?dir=spot_summary&file=spot_summary_2022.csv
2022-11-09,jepx-spread-range-kyushu,kyushu,29.68,https://www.jepx.jp/_download.php?dir=spot_summary&file=spot_summary_2022.csv
2022-11-10,jepx-spread-range-kyushu,kyushu,23.44,https://www.jepx.jp/_download.php?dir=spot_summary&file=spot_summary_2022.csv
2022-11-11,jepx-spread-range-kyushu,kyushu,26.83,https://www.jepx.jp/_download.php?dir=spot_summary&file=spot_summary_2022.csv
2022-11-12,jepx-spread-range-kyushu,kyushu,16.11,https://www.jepx.jp/_download.php?dir=spot_summary&file=spot_summary_2022.csv
2022-11-13,jepx-spread-range-kyushu,kyushu,19.06,https://www.jepx.jp/_download.php?dir=spot_summary&file=spot_summary_2022.csv
2022-11-14,jepx-spread-range-kyushu,kyushu,24.85,https://www.jepx.jp/_download.php?dir=spot_summary&file=spot_summary_2022.csv
2022-11-15,jepx-spread-range-kyushu,kyushu,24.15,https://www.jepx.jp/_download.php?dir=spot_summary&file=spot_summary_2022.csv
2022-11-16,jepx-spread-range-kyushu,kyushu,27.5,https://www.jepx.jp/_download.php?dir=spot_summary&file=spot_summary_2022.csv
2022-11-17,jepx-spread-range-kyushu,kyushu,21.1,https://www.jepx.jp/_download.php?dir=spot_summary&file=spot_summary_2022.csv
2022-11-18,jepx-spread-range-kyushu,kyushu,25.45,https://www.jepx.jp/_download.php?dir=spot_summary&file=spot_summary_2022.csv
2022-11-19,jepx-spread-range-kyushu,kyushu,25.76,https://www.jepx.jp/_download.php?dir=spot_summary&file=spot_summary_2022.csv
2022-11-20,jepx-spread-range-kyushu,kyushu,14.2,https://www.jepx.jp/_download.php?dir=spot_summary&file=spot_summary_2022.csv
2022-11-21,jepx-spread-range-kyushu,kyushu,23.46,https://www.jepx.jp/_download.php?dir=spot_summary&file=spot_summary_2022.csv
2022-11-22,jepx-spread-range-kyushu,kyushu,29.11,https://www.jepx.jp/_download.php?dir=spot_summary&file=spot_summary_2022.csv
2022-11-23,jepx-spread-range-kyushu,kyushu,25.45,https://www.jepx.jp/_download.php?dir=spot_summary&file=spot_summary_2022.csv
2022-11-24,jepx-spread-range-kyushu,kyushu,16.69,https://www.jepx.jp/_download.php?dir=spot_summary&file=spot_summary_2022.csv
2022-11-25,jepx-spread-range-kyushu,kyushu,25.84,https://www.jepx.jp/_download.php?dir=spot_summary&file=spot_summary_2022.csv
2022-11-26,jepx-spread-range-kyushu,kyushu,19.19,https://www.jepx.jp/_download.php?dir=spot_summary&file=spot_summary_2022.csv
2022-11-27,jepx-spread-range-kyushu,kyushu,23.28,https://www.jepx.jp/_download.php?dir=spot_summary&file=spot_summary_2022.csv
2022-11-28,jepx-spread-range-kyushu,kyushu,22.42,https://www.jepx.jp/_download.php?dir=spot_summary&file=spot_summary_2022.csv
2022-11-29,jepx-spread-range-kyushu,kyushu,16.91,https://www.jepx.jp/_download.php?dir=spot_summary&file=spot_summary_2022.csv
2022-11-30,jepx-spread-range-kyushu,kyushu,17.2,https://www.jepx.jp/_download.php?dir=spot_summary&file=spot_summary_2022.csv
2022-12-01,jepx-spread-range-kyushu,kyushu,12.739999999999998,https://www.jepx.jp/_download.php?dir=spot_summary&file=spot_summary_2022.csv
2022-12-02,jepx-spread-range-kyushu,kyushu,19.85,https://www.jepx.jp/_download.php?dir=spot_summary&file=spot_summary_2022.csv
2022-12-03,jepx-spread-range-kyushu,kyushu,24.21,https://www.jepx.jp/_download.php?dir=spot_summary&file=spot_summary_2022.csv
2022-12-04,jepx-spread-range-kyushu,kyushu,17.830000000000002,https://www.jepx.jp/_download.php?dir=spot_summary&file=spot_summary_2022.csv
2022-12-05,jepx-spread-range-kyushu,kyushu,21.66,https://www.jepx.jp/_download.php?dir=spot_summary&file=spot_summary_2022.csv
2022-12-06,jepx-spread-range-kyushu,kyushu,17.02,https://www.jepx.jp/_download.php?dir=spot_summary&file=spot_summary_2022.csv
2022-12-07,jepx-spread-range-kyushu,kyushu,18.71,https://www.jepx.jp/_download.php?dir=spot_summary&file=spot_summary_2022.csv
2022-12-08,jepx-spread-range-kyushu,kyushu,21.65,https://www.jepx.jp/_download.php?dir=spot_summary&file=spot_summary_2022.csv
2022-12-09,jepx-spread-range-kyushu,kyushu,23.790000000000003,https://www.jepx.jp/_download.php?dir=spot_summary&file=spot_summary_2022.csv
2022-12-10,jepx-spread-range-kyushu,kyushu,17.95,https://www.jepx.jp/_download.php?dir=spot_summary&file=spot_summary_2022.csv
2022-12-11,jepx-spread-range-kyushu,kyushu,8.629999999999999,https://www.jepx.jp/_download.php?dir=spot_summary&file=spot_summary_2022.csv
2022-12-12,jepx-spread-range-kyushu,kyushu,11.27,https://www.jepx.jp/_download.php?dir=spot_summary&file=spot_summary_2022.csv
2022-12-13,jepx-spread-range-kyushu,kyushu,8.989999999999998,https://www.jepx.jp/_download.php?dir=spot_summary&file=spot_summary_2022.csv
2022-12-14,jepx-spread-range-kyushu,kyushu,25.700000000000003,https://www.jepx.jp/_download.php?dir=spot_summary&file=spot_summary_2022.csv
2022-12-15,jepx-spread-range-kyushu,kyushu,25.44,https://www.jepx.jp/_download.php?dir=spot_summary&file=spot_summary_2022.csv
2022-12-16,jepx-spread-range-kyushu,kyushu,22.61,https://www.jepx.jp/_download.php?dir=spot_summary&file=spot_summary_2022.csv
2022-12-17,jepx-spread-range-kyushu,kyushu,30.83,https://www.jepx.jp/_download.php?dir=spot_summary&file=spot_summary_2022.csv
2022-12-18,jepx-spread-range-kyushu,kyushu,28.290000000000003,https://www.jepx.jp/_download.php?dir=spot_summary&file=spot_summary_2022.csv
2022-12-19,jepx-spread-range-kyushu,kyushu,39.58,https://www.jepx.jp/_download.php?dir=spot_summary&file=spot_summary_2022.csv
2022-12-20,jepx-spread-range-kyushu,kyushu,44.23,https://www.jepx.jp/_download.php?dir=spot_summary&file=spot_summary_2022.csv
2022-12-21,jepx-spread-range-kyushu,kyushu,36.040000000000006,https://www.jepx.jp/_download.php?dir=spot_summary&file=spot_summary_2022.csv
2022-12-22,jepx-spread-range-kyushu,kyushu,32.540000000000006,https://www.jepx.jp/_download.php?dir=spot_summary&file=spot_summary_2022.csv
2022-12-23,jepx-spread-range-kyushu,kyushu,35.53,https://www.jepx.jp/_download.php?dir=spot_summary&file=spot_summary_2022.csv
2022-12-24,jepx-spread-range-kyushu,kyushu,28.03,https://www.jepx.jp/_download.php?dir=spot_summary&file=spot_summary_2022.csv
2022-12-25,jepx-spread-range-kyushu,kyushu,31.33,https://www.jepx.jp/_download.php?dir=spot_summary&file=spot_summary_2022.csv
2022-12-26,jepx-spread-range-kyushu,kyushu,31.37,https://www.jepx.jp/_download.php?dir=spot_summary&file=spot_summary_2022.csv
2022-12-27,jepx-spread-range-kyushu,kyushu,38.36,https://www.jepx.jp/_download.php?dir=spot_summary&file=spot_summary_2022.csv
2022-12-28,jepx-spread-range-kyushu,kyushu,15.61,https://www.jepx.jp/_download.php?dir=spot_summary&file=spot_summary_2022.csv
2022-12-29,jepx-spread-range-kyushu,kyushu,18.66,https://www.jepx.jp/_download.php?dir=spot_summary&file=spot_summary_2022.csv
2022-12-30,jepx-spread-range-kyushu,kyushu,22.81,https://www.jepx.jp/_download.php?dir=spot_summary&file=spot_summary_2022.csv
2022-12-31,jepx-spread-range-kyushu,kyushu,24.88,https://www.jepx.jp/_download.php?dir=spot_summary&file=spot_summary_2022.csv
2023-01-01,jepx-spread-range-kyushu,kyushu,23.65,https://www.jepx.jp/_download.php?dir=spot_summary&file=spot_summary_2022.csv
2023-01-02,jepx-spread-range-kyushu,kyushu,23.06,https://www.jepx.jp/_download.php?dir=spot_summary&file=spot_summary_2022.csv
2023-01-03,jepx-spread-range-kyushu,kyushu,22.83,https://www.jepx.jp/_download.php?dir=spot_summary&file=spot_summary_2022.csv
2023-01-04,jepx-spread-range-kyushu,kyushu,23.02,https://www.jepx.jp/_download.php?dir=spot_summary&file=spot_summary_2022.csv
2023-01-05,jepx-spread-range-kyushu,kyushu,13.63,https://www.jepx.jp/_download.php?dir=spot_summary&file=spot_summary_2022.csv
2023-01-06,jepx-spread-range-kyushu,kyushu,10.0,https://www.jepx.jp/_download.php?dir=spot_summary&file=spot_summary_2022.csv
2023-01-07,jepx-spread-range-kyushu,kyushu,17.220000000000002,https://www.jepx.jp/_download.php?dir=spot_summary&file=spot_summary_2022.csv
2023-01-08,jepx-spread-range-kyushu,kyushu,24.02,https://www.jepx.jp/_download.php?dir=spot_summary&file=spot_summary_2022.csv
2023-01-09,jepx-spread-range-kyushu,kyushu,24.81,https://www.jepx.jp/_download.php?dir=spot_summary&file=spot_summary_2022.csv
2023-01-10,jepx-spread-range-kyushu,kyushu,24.7,https://www.jepx.jp/_download.php?dir=spot_summary&file=spot_summary_2022.csv
2023-01-11,jepx-spread-range-kyushu,kyushu,25.27,https://www.jepx.jp/_download.php?dir=spot_summary&file=spot_summary_2022.csv
2023-01-12,jepx-spread-range-kyushu,kyushu,15.0,https://www.jepx.jp/_download.php?dir=spot_summary&file=spot_summary_2022.csv
2023-01-13,jepx-spread-range-kyushu,kyushu,14.32,https://www.jepx.jp/_download.php?dir=spot_summary&file=spot_summary_2022.csv
2023-01-14,jepx-spread-range-kyushu,kyushu,13.330000000000002,https://www.jepx.jp/_download.php?dir=spot_summary&file=spot_summary_2022.csv
2023-01-15,jepx-spread-range-kyushu,kyushu,13.35,https://www.jepx.jp/_download.php?dir=spot_summary&file=spot_summary_2022.csv
2023-01-16,jepx-spread-range-kyushu,kyushu,16.46,https://www.jepx.jp/_download.php?dir=spot_summary&file=spot_summary_2022.csv
2023-01-17,jepx-spread-range-kyushu,kyushu,8.28,https://www.jepx.jp/_download.php?dir=spot_summary&file=spot_summary_2022.csv
2023-01-18,jepx-spread-range-kyushu,kyushu,10.43,https://www.jepx.jp/_download.php?dir=spot_summary&file=spot_summary_2022.csv
2023-01-19,jepx-spread-range-kyushu,kyushu,18.75,https://www.jepx.jp/_download.php?dir=spot_summary&file=spot_summary_2022.csv
2023-01-20,jepx-spread-range-kyushu,kyushu,12.23,https://www.jepx.jp/_download.php?dir=spot_summary&file=spot_summary_2022.csv
2023-01-21,jepx-spread-range-kyushu,kyushu,21.99,https://www.jepx.jp/_download.php?dir=spot_summary&file=spot_summary_2022.csv
2023-01-22,jepx-spread-range-kyushu,kyushu,20.96,https://www.jepx.jp/_download.php?dir=spot_summary&file=spot_summary_2022.csv
2023-01-23,jepx-spread-range-kyushu,kyushu,18.07,https://www.jepx.jp/_download.php?dir=spot_summary&file=spot_summary_2022.csv
2023-01-24,jepx-spread-range-kyushu,kyushu,20.87,https://www.jepx.jp/_download.php?dir=spot_summary&file=spot_summary_2022.csv
2023-01-25,jepx-spread-range-kyushu,kyushu,29.43,https://www.jepx.jp/_download.php?dir=spot_summary&file=spot_summary_2022.csv
2023-01-26,jepx-spread-range-kyushu,kyushu,19.94,https://www.jepx.jp/_download.php?dir=spot_summary&file=spot_summary_2022.csv
2023-01-27,jepx-spread-range-kyushu,kyushu,21.14,https://www.jepx.jp/_download.php?dir=spot_summary&file=spot_summary_2022.csv
2023-01-28,jepx-spread-range-kyushu,kyushu,15.970000000000002,https://www.jepx.jp/_download.php?dir=spot_summary&file=spot_summary_2022.csv
2023-01-29,jepx-spread-range-kyushu,kyushu,20.64,https://www.jepx.jp/_download.php?dir=spot_summary&file=spot_summary_2022.csv
2023-01-30,jepx-spread-range-kyushu,kyushu,24.01,https://www.jepx.jp/_download.php?dir=spot_summary&file=spot_summary_2022.csv
2023-01-31,jepx-spread-range-kyushu,kyushu,24.34,https://www.jepx.jp/_download.php?dir=spot_summary&file=spot_summary_2022.csv
2023-02-01,jepx-spread-range-kyushu,kyushu,17.13,https://www.jepx.jp/_download.php?dir=spot_summary&file=spot_summary_2022.csv
2023-02-02,jepx-spread-range-kyushu,kyushu,16.79,https://www.jepx.jp/_download.php?dir=spot_summary&file=spot_summary_2022.csv
2023-02-03,jepx-spread-range-kyushu,kyushu,14.35,https://www.jepx.jp/_download.php?dir=spot_summary&file=spot_summary_2022.csv
2023-02-04,jepx-spread-range-kyushu,kyushu,19.82,https://www.jepx.jp/_download.php?dir=spot_summary&file=spot_summary_2022.csv
2023-02-05,jepx-spread-range-kyushu,kyushu,19.82,https://www.jepx.jp/_download.php?dir=spot_summary&file=spot_summary_2022.csv
2023-02-06,jepx-spread-range-kyushu,kyushu,16.06,https://www.jepx.jp/_download.php?dir=spot_summary&file=spot_summary_2022.csv
2023-02-07,jepx-spread-range-kyushu,kyushu,12.47,https://www.jepx.jp/_download.php?dir=spot_summary&file=spot_summary_2022.csv
2023-02-08,jepx-spread-range-kyushu,kyushu,20.65,https://www.jepx.jp/_download.php?dir=spot_summary&file=spot_summary_2022.csv
2023-02-09,jepx-spread-range-kyushu,kyushu,16.52,https://www.jepx.jp/_download.php?dir=spot_summary&file=spot_summary_2022.csv
2023-02-10,jepx-spread-range-kyushu,kyushu,15.37,https://www.jepx.jp/_download.php?dir=spot_summary&file=spot_summary_2022.csv
2023-02-11,jepx-spread-range-kyushu,kyushu,16.52,https://www.jepx.jp/_download.php?dir=spot_summary&file=spot_summary_2022.csv
2023-02-12,jepx-spread-range-kyushu,kyushu,16.049999999999997,https://www.jepx.jp/_download.php?dir=spot_summary&file=spot_summary_2022.csv
2023-02-13,jepx-spread-range-kyushu,kyushu,13.36,https://www.jepx.jp/_download.php?dir=spot_summary&file=spot_summary_2022.csv
2023-02-14,jepx-spread-range-kyushu,kyushu,20.19,https://www.jepx.jp/_download.php?dir=spot_summary&file=spot_summary_2022.csv
2023-02-15,jepx-spread-range-kyushu,kyushu,21.47,https://www.jepx.jp/_download.php?dir=spot_summary&file=spot_summary_2022.csv
2023-02-16,jepx-spread-range-kyushu,kyushu,24.29,https://www.jepx.jp/_download.php?dir=spot_summary&file=spot_summary_2022.csv
2023-02-17,jepx-spread-range-kyushu,kyushu,20.47,https://www.jepx.jp/_download.php?dir=spot_summary&file=spot_summary_2022.csv
2023-02-18,jepx-spread-range-kyushu,kyushu,17.549999999999997,https://www.jepx.jp/_download.php?dir=spot_summary&file=spot_summary_2022.csv
2023-02-19,jepx-spread-range-kyushu,kyushu,16.49,https://www.jepx.jp/_download.php?dir=spot_summary&file=spot_summary_2022.csv
2023-02-20,jepx-spread-range-kyushu,kyushu,17.54,https://www.jepx.jp/_download.php?dir=spot_summary&file=spot_summary_2022.csv
2023-02-21,jepx-spread-range-kyushu,kyushu,24.29,https://www.jepx.jp/_download.php?dir=spot_summary&file=spot_summary_2022.csv
2023-02-22,jepx-spread-range-kyushu,kyushu,18.84,https://www.jepx.jp/_download.php?dir=spot_summary&file=spot_summary_2022.csv
2023-02-23,jepx-spread-range-kyushu,kyushu,13.72,https://www.jepx.jp/_download.php?dir=spot_summary&file=spot_summary_2022.csv
2023-02-24,jepx-spread-range-kyushu,kyushu,12.52,https://www.jepx.jp/_download.php?dir=spot_summary&file=spot_summary_2022.csv
2023-02-25,jepx-spread-range-kyushu,kyushu,22.4,https://www.jepx.jp/_download.php?dir=spot_summary&file=spot_summary_2022.csv
2023-02-26,jepx-spread-range-kyushu,kyushu,19.12,https://www.jepx.jp/_download.php?dir=spot_summary&file=spot_summary_2022.csv
2023-02-27,jepx-spread-range-kyushu,kyushu,18.62,https://www.jepx.jp/_download.php?dir=spot_summary&file=spot_summary_2022.csv
2023-02-28,jepx-spread-range-kyushu,kyushu,18.06,https://www.jepx.jp/_download.php?dir=spot_summary&file=spot_summary_2022.csv
2023-03-01,jepx-spread-range-kyushu,kyushu,16.69,https://www.jepx.jp/_download.php?dir=spot_summary&file=spot_summary_2022.csv
2023-03-02,jepx-spread-range-kyushu,kyushu,20.1,https://www.jepx.jp/_download.php?dir=spot_summary&file=spot_summary_2022.csv
2023-03-03,jepx-spread-range-kyushu,kyushu,18.19,https://www.jepx.jp/_download.php?dir=spot_summary&file=spot_summary_2022.csv
2023-03-04,jepx-spread-range-kyushu,kyushu,17.18,https://www.jepx.jp/_download.php?dir=spot_summary&file=spot_summary_2022.csv
2023-03-05,jepx-spread-range-kyushu,kyushu,15.99,https://www.jepx.jp/_download.php?dir=spot_summary&file=spot_summary_2022.csv
2023-03-06,jepx-spread-range-kyushu,kyushu,17.68,https://www.jepx.jp/_download.php?dir=spot_summary&file=spot_summary_2022.csv
2023-03-07,jepx-spread-range-kyushu,kyushu,16.569999999999997,https://www.jepx.jp/_download.php?dir=spot_summary&file=spot_summary_2022.csv
2023-03-08,jepx-spread-range-kyushu,kyushu,17.41,https://www.jepx.jp/_download.php?dir=spot_summary&file=spot_summary_2022.csv
2023-03-09,jepx-spread-range-kyushu,kyushu,14.19,https://www.jepx.jp/_download.php?dir=spot_summary&file=spot_summary_2022.csv
2023-03-10,jepx-spread-range-kyushu,kyushu,14.48,https://www.jepx.jp/_download.php?dir=spot_summary&file=spot_summary_2022.csv
2023-03-11,jepx-spread-range-kyushu,kyushu,13.5,https://www.jepx.jp/_download.php?dir=spot_summary&file=spot_summary_2022.csv
2023-03-12,jepx-spread-range-kyushu,kyushu,14.69,https://www.jepx.jp/_download.php?dir=spot_summary&file=spot_summary_2022.csv
2023-03-13,jepx-spread-range-kyushu,kyushu,23.18,https://www.jepx.jp/_download.php?dir=spot_summary&file=spot_summary_2022.csv
2023-03-14,jepx-spread-range-kyushu,kyushu,18.24,https://www.jepx.jp/_download.php?dir=spot_summary&file=spot_summary_2022.csv
2023-03-15,jepx-spread-range-kyushu,kyushu,15.12,https://www.jepx.jp/_download.php?dir=spot_summary&file=spot_summary_2022.csv
2023-03-16,jepx-spread-range-kyushu,kyushu,16.29,https://www.jepx.jp/_download.php?dir=spot_summary&file=spot_summary_2022.csv
2023-03-17,jepx-spread-range-kyushu,kyushu,14.37,https://www.jepx.jp/_download.php?dir=spot_summary&file=spot_summary_2022.csv
2023-03-18,jepx-spread-range-kyushu,kyushu,17.41,https://www.jepx.jp/_download.php?dir=spot_summary&file=spot_summary_2022.csv
2023-03-19,jepx-spread-range-kyushu,kyushu,17.41,https://www.jepx.jp/_download.php?dir=spot_summary&file=spot_summary_2022.csv
2023-03-20,jepx-spread-range-kyushu,kyushu,14.14,https://www.jepx.jp/_download.php?dir=spot_summary&file=spot_summary_2022.csv
2023-03-21,jepx-spread-range-kyushu,kyushu,8.27,https://www.jepx.jp/_download.php?dir=spot_summary&file=spot_summary_2022.csv
2023-03-22,jepx-spread-range-kyushu,kyushu,13.91,https://www.jepx.jp/_download.php?dir=spot_summary&file=spot_summary_2022.csv
2023-03-23,jepx-spread-range-kyushu,kyushu,9.0,https://www.jepx.jp/_download.php?dir=spot_summary&file=spot_summary_2022.csv
2023-03-24,jepx-spread-range-kyushu,kyushu,6.57,https://www.jepx.jp/_download.php?dir=spot_summary&file=spot_summary_2022.csv
2023-03-25,jepx-spread-range-kyushu,kyushu,7.890000000000001,https://www.jepx.jp/_download.php?dir=spot_summary&file=spot_summary_2022.csv
2023-03-26,jepx-spread-range-kyushu,kyushu,10.53,https://www.jepx.jp/_download.php?dir=spot_summary&file=spot_summary_2022.csv
2023-03-27,jepx-spread-range-kyushu,kyushu,14.73,https://www.jepx.jp/_download.php?dir=spot_summary&file=spot_summary_2022.csv
2023-03-28,jepx-spread-range-kyushu,kyushu,14.68,https://www.jepx.jp/_download.php?dir=spot_summary&file=spot_summary_2022.csv
2023-03-29,jepx-spread-range-kyushu,kyushu,14.92,https://www.jepx.jp/_download.php?dir=spot_summary&file=spot_summary_2022.csv
2023-03-30,jepx-spread-range-kyushu,kyushu,14.5,https://www.jepx.jp/_download.php?dir=spot_summary&file=spot_summary_2022.csv
2023-03-31,jepx-spread-range-kyushu,kyushu,13.89,https://www.jepx.jp/_download.php?dir=spot_summary&file=spot_summary_2022.csv
2023-04-01,jepx-spread-range-kyushu,kyushu,14.81,https://www.jepx.jp/_download.php?dir=spot_summary&file=spot_summary_2023.csv
2023-04-02,jepx-spread-range-kyushu,kyushu,12.49,https://www.jepx.jp/_download.php?dir=spot_summary&file=spot_summary_2023.csv
2023-04-03,jepx-spread-range-kyushu,kyushu,13.99,https://www.jepx.jp/_download.php?dir=spot_summary&file=spot_summary_2023.csv
2023-04-04,jepx-spread-range-kyushu,kyushu,14.21,https://www.jepx.jp/_download.php?dir=spot_summary&file=spot_summary_2023.csv
2023-04-05,jepx-spread-range-kyushu,kyushu,8.24,https://www.jepx.jp/_download.php?dir=spot_summary&file=spot_summary_2023.csv
2023-04-06,jepx-spread-range-kyushu,kyushu,5.970000000000001,https://www.jepx.jp/_download.php?dir=spot_summary&file=spot_summary_2023.csv
2023-04-07,jepx-spread-range-kyushu,kyushu,14.99,https://www.jepx.jp/_download.php?dir=spot_summary&file=spot_summary_2023.csv
2023-04-08,jepx-spread-range-kyushu,kyushu,17.04,https://www.jepx.jp/_download.php?dir=spot_summary&file=spot_summary_2023.csv
2023-04-09,jepx-spread-range-kyushu,kyushu,16.25,https://www.jepx.jp/_download.php?dir=spot_summary&file=spot_summary_2023.csv
2023-04-10,jepx-spread-range-kyushu,kyushu,14.57,https://www.jepx.jp/_download.php?dir=spot_summary&file=spot_summary_2023.csv
2023-04-11,jepx-spread-range-kyushu,kyushu,14.37,https://www.jepx.jp/_download.php?dir=spot_summary&file=spot_summary_2023.csv
2023-04-12,jepx-spread-range-kyushu,kyushu,14.57,https://www.jepx.jp/_download.php?dir=spot_summary&file=spot_summary_2023.csv
2023-04-13,jepx-spread-range-kyushu,kyushu,14.0,https://www.jepx.jp/_download.php?dir=spot_summary&file=spot_summary_2023.csv
2023-04-14,jepx-spread-range-kyushu,kyushu,14.74,https://www.jepx.jp/_download.php?dir=spot_summary&file=spot_summary_2023.csv
2023-04-15,jepx-spread-range-kyushu,kyushu,11.66,https://www.jepx.jp/_download.php?dir=spot_summary&file=spot_summary_2023.csv
2023-04-16,jepx-spread-range-kyushu,kyushu,14.51,https://www.jepx.jp/_download.php?dir=spot_summary&file=spot_summary_2023.csv
2023-04-17,jepx-spread-range-kyushu,kyushu,16.72,https://www.jepx.jp/_download.php?dir=spot_summary&file=spot_summary_2023.csv
2023-04-18,jepx-spread-range-kyushu,kyushu,14.65,https://www.jepx.jp/_download.php?dir=spot_summary&file=spot_summary_2023.csv
2023-04-19,jepx-spread-range-kyushu,kyushu,13.97,https://www.jepx.jp/_download.php?dir=spot_summary&file=spot_summary_2023.csv
2023-04-20,jepx-spread-range-kyushu,kyushu,14.33,https://www.jepx.jp/_download.php?dir=spot_summary&file=spot_summary_2023.csv
2023-04-21,jepx-spread-range-kyushu,kyushu,14.31,https://www.jepx.jp/_download.php?dir=spot_summary&file=spot_summary_2023.csv
2023-04-22,jepx-spread-range-kyushu,kyushu,14.51,https://www.jepx.jp/_download.php?dir=spot_summary&file=spot_summary_2023.csv
2023-04-23,jepx-spread-range-kyushu,kyushu,14.58,https://www.jepx.jp/_download.php?dir=spot_summary&file=spot_summary_2023.csv
2023-04-24,jepx-spread-range-kyushu,kyushu,14.74,https://www.jepx.jp/_download.php?dir=spot_summary&file=spot_summary_2023.csv
2023-04-25,jepx-spread-range-kyushu,kyushu,14.07,https://www.jepx.jp/_download.php?dir=spot_summary&file=spot_summary_2023.csv
2023-04-26,jepx-spread-range-kyushu,kyushu,18.34,https://www.jepx.jp/_download.php?dir=spot_summary&file=spot_summary_2023.csv
2023-04-27,jepx-spread-range-kyushu,kyushu,16.779999999999998,https://www.jepx.jp/_download.php?dir=spot_summary&file=spot_summary_2023.csv
2023-04-28,jepx-spread-range-kyushu,kyushu,15.4,https://www.jepx.jp/_download.php?dir=spot_summary&file=spot_summary_2023.csv
2023-04-29,jepx-spread-range-kyushu,kyushu,17.099999999999998,https://www.jepx.jp/_download.php?dir=spot_summary&file=spot_summary_2023.csv
2023-04-30,jepx-spread-range-kyushu,kyushu,14.99,https://www.jepx.jp/_download.php?dir=spot_summary&file=spot_summary_2023.csv
2023-05-01,jepx-spread-range-kyushu,kyushu,17.52,https://www.jepx.jp/_download.php?dir=spot_summary&file=spot_summary_2023.csv
2023-05-02,jepx-spread-range-kyushu,kyushu,16.04,https://www.jepx.jp/_download.php?dir=spot_summary&file=spot_summary_2023.csv
2023-05-03,jepx-spread-range-kyushu,kyushu,16.02,https://www.jepx.jp/_download.php?dir=spot_summary&file=spot_summary_2023.csv
2023-05-04,jepx-spread-range-kyushu,kyushu,16.709999999999997,https://www.jepx.jp/_download.php?dir=spot_summary&file=spot_summary_2023.csv
2023-05-05,jepx-spread-range-kyushu,kyushu,17.99,https://www.jepx.jp/_download.php?dir=spot_summary&file=spot_summary_2023.csv
2023-05-06,jepx-spread-range-kyushu,kyushu,8.23,https://www.jepx.jp/_download.php?dir=spot_summary&file=spot_summary_2023.csv
2023-05-07,jepx-spread-range-kyushu,kyushu,5.330000000000001,https://www.jepx.jp/_download.php?dir=spot_summary&file=spot_summary_2023.csv
2023-05-08,jepx-spread-range-kyushu,kyushu,17.99,https://www.jepx.jp/_download.php?dir=spot_summary&file=spot_summary_2023.csv
2023-05-09,jepx-spread-range-kyushu,kyushu,16.38,https://www.jepx.jp/_download.php?dir=spot_summary&file=spot_summary_2023.csv
2023-05-10,jepx-spread-range-kyushu,kyushu,15.91,https://www.jepx.jp/_download.php?dir=spot_summary&file=spot_summary_2023.csv
2023-05-11,jepx-spread-range-kyushu,kyushu,16.24,https://www.jepx.jp/_download.php?dir=spot_summary&file=spot_summary_2023.csv
2023-05-12,jepx-spread-range-kyushu,kyushu,14.69,https://www.jepx.jp/_download.php?dir=spot_summary&file=spot_summary_2023.csv
2023-05-13,jepx-spread-range-kyushu,kyushu,9.5,https://www.jepx.jp/_download.php?dir=spot_summary&file=spot_summary_2023.csv
2023-05-14,jepx-spread-range-kyushu,kyushu,10.54,https://www.jepx.jp/_download.php?dir=spot_summary&file=spot_summary_2023.csv
2023-05-15,jepx-spread-range-kyushu,kyushu,15.29,https://www.jepx.jp/_download.php?dir=spot_summary&file=spot_summary_2023.csv
2023-05-16,jepx-spread-range-kyushu,kyushu,15.3,https://www.jepx.jp/_download.php?dir=spot_summary&file=spot_summary_2023.csv
2023-05-17,jepx-spread-range-kyushu,kyushu,15.82,https://www.jepx.jp/_download.php?dir=spot_summary&file=spot_summary_2023.csv
2023-05-18,jepx-spread-range-kyushu,kyushu,14.64,https://www.jepx.jp/_download.php?dir=spot_summary&file=spot_summary_2023.csv
2023-05-19,jepx-spread-range-kyushu,kyushu,12.21,https://www.jepx.jp/_download.php?dir=spot_summary&file=spot_summary_2023.csv
2023-05-20,jepx-spread-range-kyushu,kyushu,9.99,https://www.jepx.jp/_download.php?dir=spot_summary&file=spot_summary_2023.csv
2023-05-21,jepx-spread-range-kyushu,kyushu,6.25,https://www.jepx.jp/_download.php?dir=spot_summary&file=spot_summary_2023.csv
2023-05-22,jepx-spread-range-kyushu,kyushu,13.99,https://www.jepx.jp/_download.php?dir=spot_summary&file=spot_summary_2023.csv
2023-05-23,jepx-spread-range-kyushu,kyushu,10.04,https://www.jepx.jp/_download.php?dir=spot_summary&file=spot_summary_2023.csv
2023-05-24,jepx-spread-range-kyushu,kyushu,14.69,https://www.jepx.jp/_download.php?dir=spot_summary&file=spot_summary_2023.csv
2023-05-25,jepx-spread-range-kyushu,kyushu,10.93,https://www.jepx.jp/_download.php?dir=spot_summary&file=spot_summary_2023.csv
2023-05-26,jepx-spread-range-kyushu,kyushu,11.38,https://www.jepx.jp/_download.php?dir=spot_summary&file=spot_summary_2023.csv
2023-05-27,jepx-spread-range-kyushu,kyushu,14.47,https://www.jepx.jp/_download.php?dir=spot_summary&file=spot_summary_2023.csv
2023-05-28,jepx-spread-range-kyushu,kyushu,8.65,https://www.jepx.jp/_download.php?dir=spot_summary&file=spot_summary_2023.csv
2023-05-29,jepx-spread-range-kyushu,kyushu,10.46,https://www.jepx.jp/_download.php?dir=spot_summary&file=spot_summary_2023.csv
2023-05-30,jepx-spread-range-kyushu,kyushu,14.54,https://www.jepx.jp/_download.php?dir=spot_summary&file=spot_summary_2023.csv
2023-05-31,jepx-spread-range-kyushu,kyushu,11.13,https://www.jepx.jp/_download.php?dir=spot_summary&file=spot_summary_2023.csv
2023-06-01,jepx-spread-range-kyushu,kyushu,6.03,https://www.jepx.jp/_download.php?dir=spot_summary&file=spot_summary_2023.csv
2023-06-02,jepx-spread-range-kyushu,kyushu,8.760000000000002,https://www.jepx.jp/_download.php?dir=spot_summary&file=spot_summary_2023.csv
2023-06-03,jepx-spread-range-kyushu,kyushu,9.24,https://www.jepx.jp/_download.php?dir=spot_summary&file=spot_summary_2023.csv
2023-06-04,jepx-spread-range-kyushu,kyushu,7.31,https://www.jepx.jp/_download.php?dir=spot_summary&file=spot_summary_2023.csv
2023-06-05,jepx-spread-range-kyushu,kyushu,10.48,https://www.jepx.jp/_download.php?dir=spot_summary&file=spot_summary_2023.csv
2023-06-06,jepx-spread-range-kyushu,kyushu,6.300000000000001,https://www.jepx.jp/_download.php?dir=spot_summary&file=spot_summary_2023.csv
2023-06-07,jepx-spread-range-kyushu,kyushu,10.33,https://www.jepx.jp/_download.php?dir=spot_summary&file=spot_summary_2023.csv
2023-06-08,jepx-spread-range-kyushu,kyushu,8.0,https://www.jepx.jp/_download.php?dir=spot_summary&file=spot_summary_2023.csv
2023-06-09,jepx-spread-range-kyushu,kyushu,12.99,https://www.jepx.jp/_download.php?dir=spot_summary&file=spot_summary_2023.csv
2023-06-10,jepx-spread-range-kyushu,kyushu,9.24,https://www.jepx.jp/_download.php?dir=spot_summary&file=spot_summary_2023.csv
2023-06-11,jepx-spread-range-kyushu,kyushu,9.24,https://www.jepx.jp/_download.php?dir=spot_summary&file=spot_summary_2023.csv
2023-06-12,jepx-spread-range-kyushu,kyushu,7.49,https://www.jepx.jp/_download.php?dir=spot_summary&file=spot_summary_2023.csv
2023-06-13,jepx-spread-range-kyushu,kyushu,10.33,https://www.jepx.jp/_download.php?dir=spot_summary&file=spot_summary_2023.csv
2023-06-14,jepx-spread-range-kyushu,kyushu,11.24,https://www.jepx.jp/_download.php?dir=spot_summary&file=spot_summary_2023.csv
2023-06-15,jepx-spread-range-kyushu,kyushu,10.33,https://www.jepx.jp/_download.php?dir=spot_summary&file=spot_summary_2023.csv
2023-06-16,jepx-spread-range-kyushu,kyushu,14.27,https://www.jepx.jp/_download.php?dir=spot_summary&file=spot_summary_2023.csv
2023-06-17,jepx-spread-range-kyushu,kyushu,13.81,https://www.jepx.jp/_download.php?dir=spot_summary&file=spot_summary_2023.csv
2023-06-18,jepx-spread-range-kyushu,kyushu,13.69,https://www.jepx.jp/_download.php?dir=spot_summary&file=spot_summary_2023.csv
2023-06-19,jepx-spread-range-kyushu,kyushu,13.93,https://www.jepx.jp/_download.php?dir=spot_summary&file=spot_summary_2023.csv
2023-06-20,jepx-spread-range-kyushu,kyushu,12.92,https://www.jepx.jp/_download.php?dir=spot_summary&file=spot_summary_2023.csv
2023-06-21,jepx-spread-range-kyushu,kyushu,10.9,https://www.jepx.jp/_download.php?dir=spot_summary&file=spot_summary_2023.csv
2023-06-22,jepx-spread-range-kyushu,kyushu,10.99,https://www.jepx.jp/_download.php?dir=spot_summary&file=spot_summary_2023.csv
2023-06-23,jepx-spread-range-kyushu,kyushu,13.49,https://www.jepx.jp/_download.php?dir=spot_summary&file=spot_summary_2023.csv
2023-06-24,jepx-spread-range-kyushu,kyushu,9.83,https://www.jepx.jp/_download.php?dir=spot_summary&file=spot_summary_2023.csv
2023-06-25,jepx-spread-range-kyushu,kyushu,8.35,https://www.jepx.jp/_download.php?dir=spot_summary&file=spot_summary_2023.csv
2023-06-26,jepx-spread-range-kyushu,kyushu,5.890000000000001,https://www.jepx.jp/_download.php?dir=spot_summary&file=spot_summary_2023.csv
2023-06-27,jepx-spread-range-kyushu,kyushu,11.489999999999998,https://www.jepx.jp/_download.php?dir=spot_summary&file=spot_summary_2023.csv
2023-06-28,jepx-spread-range-kyushu,kyushu,5.0,https://www.jepx.jp/_download.php?dir=spot_summary&file=spot_summary_2023.csv
2023-06-29,jepx-spread-range-kyushu,kyushu,9.7,https://www.jepx.jp/_download.php?dir=spot_summary&file=spot_summary_2023.csv
2023-06-30,jepx-spread-range-kyushu,kyushu,12.98,https://www.jepx.jp/_download.php?dir=spot_summary&file=spot_summary_2023.csv
2023-07-01,jepx-spread-range-kyushu,kyushu,5.86,https://www.jepx.jp/_download.php?dir=spot_summary&file=spot_summary_2023.csv
2023-07-02,jepx-spread-range-kyushu,kyushu,11.13,https://www.jepx.jp/_download.php?dir=spot_summary&file=spot_summary_2023.csv
2023-07-03,jepx-spread-range-kyushu,kyushu,15.88,https://www.jepx.jp/_download.php?dir=spot_summary&file=spot_summary_2023.csv
2023-07-04,jepx-spread-range-kyushu,kyushu,14.4,https://www.jepx.jp/_download.php?dir=spot_summary&file=spot_summary_2023.csv
2023-07-05,jepx-spread-range-kyushu,kyushu,8.739999999999998,https://www.jepx.jp/_download.php?dir=spot_summary&file=spot_summary_2023.csv
2023-07-06,jepx-spread-range-kyushu,kyushu,15.09,https://www.jepx.jp/_download.php?dir=spot_summary&file=spot_summary_2023.csv
2023-07-07,jepx-spread-range-kyushu,kyushu,14.63,https://www.jepx.jp/_download.php?dir=spot_summary&file=spot_summary_2023.csv
2023-07-08,jepx-spread-range-kyushu,kyushu,12.7,https://www.jepx.jp/_download.php?dir=spot_summary&file=spot_summary_2023.csv
2023-07-09,jepx-spread-range-kyushu,kyushu,11.85,https://www.jepx.jp/_download.php?dir=spot_summary&file=spot_summary_2023.csv
2023-07-10,jepx-spread-range-kyushu,kyushu,14.91,https://www.jepx.jp/_download.php?dir=spot_summary&file=spot_summary_2023.csv
2023-07-11,jepx-spread-range-kyushu,kyushu,12.78,https://www.jepx.jp/_download.php?dir=spot_summary&file=spot_summary_2023.csv
2023-07-12,jepx-spread-range-kyushu,kyushu,13.43,https://www.jepx.jp/_download.php?dir=spot_summary&file=spot_summary_2023.csv
2023-07-13,jepx-spread-range-kyushu,kyushu,9.85,https://www.jepx.jp/_download.php?dir=spot_summary&file=spot_summary_2023.csv
2023-07-14,jepx-spread-range-kyushu,kyushu,10.1,https://www.jepx.jp/_download.php?dir=spot_summary&file=spot_summary_2023.csv
2023-07-15,jepx-spread-range-kyushu,kyushu,14.79,https://www.jepx.jp/_download.php?dir=spot_summary&file=spot_summary_2023.csv
2023-07-16,jepx-spread-range-kyushu,kyushu,15.3,https://www.jepx.jp/_download.php?dir=spot_summary&file=spot_summary_2023.csv
2023-07-17,jepx-spread-range-kyushu,kyushu,19.17,https://www.jepx.jp/_download.php?dir=spot_summary&file=spot_summary_2023.csv
2023-07-18,jepx-spread-range-kyushu,kyushu,15.71,https://www.jepx.jp/_download.php?dir=spot_summary&file=spot_summary_2023.csv
2023-07-19,jepx-spread-range-kyushu,kyushu,11.38,https://www.jepx.jp/_download.php?dir=spot_summary&file=spot_summary_2023.csv
2023-07-20,jepx-spread-range-kyushu,kyushu,16.150000000000002,https://www.jepx.jp/_download.php?dir=spot_summary&file=spot_summary_2023.csv
2023-07-21,jepx-spread-range-kyushu,kyushu,10.919999999999998,https://www.jepx.jp/_download.php?dir=spot_summary&file=spot_summary_2023.csv
2023-07-22,jepx-spread-range-kyushu,kyushu,11.82,https://www.jepx.jp/_download.php?dir=spot_summary&file=spot_summary_2023.csv
2023-07-23,jepx-spread-range-kyushu,kyushu,12.99,https://www.jepx.jp/_download.php?dir=spot_summary&file=spot_summary_2023.csv
2023-07-24,jepx-spread-range-kyushu,kyushu,17.81,https://www.jepx.jp/_download.php?dir=spot_summary&file=spot_summary_2023.csv
2023-07-25,jepx-spread-range-kyushu,kyushu,13.840000000000002,https://www.jepx.jp/_download.php?dir=spot_summary&file=spot_summary_2023.csv
2023-07-26,jepx-spread-range-kyushu,kyushu,12.689999999999998,https://www.jepx.jp/_download.php?dir=spot_summary&file=spot_summary_2023.csv
2023-07-27,jepx-spread-range-kyushu,kyushu,14.72,https://www.jepx.jp/_download.php?dir=spot_summary&file=spot_summary_2023.csv
2023-07-28,jepx-spread-range-kyushu,kyushu,16.97,https://www.jepx.jp/_download.php?dir=spot_summary&file=spot_summary_2023.csv
2023-07-29,jepx-spread-range-kyushu,kyushu,17.15,https://www.jepx.jp/_download.php?dir=spot_summary&file=spot_summary_2023.csv
2023-07-30,jepx-spread-range-kyushu,kyushu,16.91,https://www.jepx.jp/_download.php?dir=spot_summary&file=spot_summary_2023.csv
2023-07-31,jepx-spread-range-kyushu,kyushu,20.49,https://www.jepx.jp/_download.php?dir=spot_summary&file=spot_summary_2023.csv
2023-08-01,jepx-spread-range-kyushu,kyushu,12.41,https://www.jepx.jp/_download.php?dir=spot_summary&file=spot_summary_2023.csv
2023-08-02,jepx-spread-range-kyushu,kyushu,10.509999999999998,https://www.jepx.jp/_download.php?dir=spot_summary&file=spot_summary_2023.csv
2023-08-03,jepx-spread-range-kyushu,kyushu,11.459999999999996,https://www.jepx.jp/_download.php?dir=spot_summary&file=spot_summary_2023.csv
2023-08-04,jepx-spread-range-kyushu,kyushu,9.56,https://www.jepx.jp/_download.php?dir=spot_summary&file=spot_summary_2023.csv
2023-08-05,jepx-spread-range-kyushu,kyushu,10.3,https://www.jepx.jp/_download.php?dir=spot_summary&file=spot_summary_2023.csv
2023-08-06,jepx-spread-range-kyushu,kyushu,12.0,https://www.jepx.jp/_download.php?dir=spot_summary&file=spot_summary_2023.csv
2023-08-07,jepx-spread-range-kyushu,kyushu,13.37,https://www.jepx.jp/_download.php?dir=spot_summary&file=spot_summary_2023.csv
2023-08-08,jepx-spread-range-kyushu,kyushu,12.36,https://www.jepx.jp/_download.php?dir=spot_summary&file=spot_summary_2023.csv
2023-08-09,jepx-spread-range-kyushu,kyushu,12.7,https://www.jepx.jp/_download.php?dir=spot_summary&file=spot_summary_2023.csv
2023-08-10,jepx-spread-range-kyushu,kyushu,12.64,https://www.jepx.jp/_download.php?dir=spot_summary&file=spot_summary_2023.csv
2023-08-11,jepx-spread-range-kyushu,kyushu,16.88,https://www.jepx.jp/_download.php?dir=spot_summary&file=spot_summary_2023.csv
2023-08-12,jepx-spread-range-kyushu,kyushu,17.189999999999998,https://www.jepx.jp/_download.php?dir=spot_summary&file=spot_summary_2023.csv
2023-08-13,jepx-spread-range-kyushu,kyushu,16.919999999999998,https://www.jepx.jp/_download.php?dir=spot_summary&file=spot_summary_2023.csv
2023-08-14,jepx-spread-range-kyushu,kyushu,16.4,https://www.jepx.jp/_download.php?dir=spot_summary&file=spot_summary_2023.csv
2023-08-15,jepx-spread-range-kyushu,kyushu,14.63,https://www.jepx.jp/_download.php?dir=spot_summary&file=spot_summary_2023.csv
2023-08-16,jepx-spread-range-kyushu,kyushu,14.0,https://www.jepx.jp/_download.php?dir=spot_summary&file=spot_summary_2023.csv
2023-08-17,jepx-spread-range-kyushu,kyushu,9.95,https://www.jepx.jp/_download.php?dir=spot_summary&file=spot_summary_2023.csv
2023-08-18,jepx-spread-range-kyushu,kyushu,11.5,https://www.jepx.jp/_download.php?dir=spot_summary&file=spot_summary_2023.csv
2023-08-19,jepx-spread-range-kyushu,kyushu,14.97,https://www.jepx.jp/_download.php?dir=spot_summary&file=spot_summary_2023.csv
2023-08-20,jepx-spread-range-kyushu,kyushu,13.49,https://www.jepx.jp/_download.php?dir=spot_summary&file=spot_summary_2023.csv
2023-08-21,jepx-spread-range-kyushu,kyushu,15.89,https://www.jepx.jp/_download.php?dir=spot_summary&file=spot_summary_2023.csv
2023-08-22,jepx-spread-range-kyushu,kyushu,13.91,https://www.jepx.jp/_download.php?dir=spot_summary&file=spot_summary_2023.csv
2023-08-23,jepx-spread-range-kyushu,kyushu,10.22,https://www.jepx.jp/_download.php?dir=spot_summary&file=spot_summary_2023.csv
2023-08-24,jepx-spread-range-kyushu,kyushu,11.28,https://www.jepx.jp/_download.php?dir=spot_summary&file=spot_summary_2023.csv
2023-08-25,jepx-spread-range-kyushu,kyushu,11.920000000000002,https://www.jepx.jp/_download.php?dir=spot_summary&file=spot_summary_2023.csv
2023-08-26,jepx-spread-range-kyushu,kyushu,10.02,https://www.jepx.jp/_download.php?dir=spot_summary&file=spot_summary_2023.csv
2023-08-27,jepx-spread-range-kyushu,kyushu,14.63,https://www.jepx.jp/_download.php?dir=spot_summary&file=spot_summary_2023.csv
2023-08-28,jepx-spread-range-kyushu,kyushu,15.41,https://www.jepx.jp/_download.php?dir=spot_summary&file=spot_summary_2023.csv
2023-08-29,jepx-spread-range-kyushu,kyushu,16.91,https://www.jepx.jp/_download.php?dir=spot_summary&file=spot_summary_2023.csv
2023-08-30,jepx-spread-range-kyushu,kyushu,14.89,https://www.jepx.jp/_download.php?dir=spot_summary&file=spot_summary_2023.csv
2023-08-31,jepx-spread-range-kyushu,kyushu,15.88,https://www.jepx.jp/_download.php?dir=spot_summary&file=spot_summary_2023.csv
2023-09-01,jepx-spread-range-kyushu,kyushu,14.59,https://www.jepx.jp/_download.php?dir=spot_summary&file=spot_summary_2023.csv
2023-09-02,jepx-spread-range-kyushu,kyushu,8.68,https://www.jepx.jp/_download.php?dir=spot_summary&file=spot_summary_2023.csv
2023-09-03,jepx-spread-range-kyushu,kyushu,15.66,https://www.jepx.jp/_download.php?dir=spot_summary&file=spot_summary_2023.csv
2023-09-04,jepx-spread-range-kyushu,kyushu,15.329999999999998,https://www.jepx.jp/_download.php?dir=spot_summary&file=spot_summary_2023.csv
2023-09-05,jepx-spread-range-kyushu,kyushu,11.64,https://www.jepx.jp/_download.php?dir=spot_summary&file=spot_summary_2023.csv
2023-09-06,jepx-spread-range-kyushu,kyushu,11.62,https://www.jepx.jp/_download.php?dir=spot_summary&file=spot_summary_2023.csv
2023-09-07,jepx-spread-range-kyushu,kyushu,18.06,https://www.jepx.jp/_download.php?dir=spot_summary&file=spot_summary_2023.csv
2023-09-08,jepx-spread-range-kyushu,kyushu,16.7,https://www.jepx.jp/_download.php?dir=spot_summary&file=spot_summary_2023.csv
2023-09-09,jepx-spread-range-kyushu,kyushu,13.38,https://www.jepx.jp/_download.php?dir=spot_summary&file=spot_summary_2023.csv
2023-09-10,jepx-spread-range-kyushu,kyushu,14.69,https://www.jepx.jp/_download.php?dir=spot_summary&file=spot_summary_2023.csv
2023-09-11,jepx-spread-range-kyushu,kyushu,8.08,https://www.jepx.jp/_download.php?dir=spot_summary&file=spot_summary_2023.csv
2023-09-12,jepx-spread-range-kyushu,kyushu,8.610000000000001,https://www.jepx.jp/_download.php?dir=spot_summary&file=spot_summary_2023.csv
2023-09-13,jepx-spread-range-kyushu,kyushu,10.28,https://www.jepx.jp/_download.php?dir=spot_summary&file=spot_summary_2023.csv
2023-09-14,jepx-spread-range-kyushu,kyushu,11.409999999999998,https://www.jepx.jp/_download.php?dir=spot_summary&file=spot_summary_2023.csv
2023-09-15,jepx-spread-range-kyushu,kyushu,18.11,https://www.jepx.jp/_download.php?dir=spot_summary&file=spot_summary_2023.csv
2023-09-16,jepx-spread-range-kyushu,kyushu,18.11,https://www.jepx.jp/_download.php?dir=spot_summary&file=spot_summary_2023.csv
2023-09-17,jepx-spread-range-kyushu,kyushu,21.99,https://www.jepx.jp/_download.php?dir=spot_summary&file=spot_summary_2023.csv
2023-09-18,jepx-spread-range-kyushu,kyushu,16.939999999999998,https://www.jepx.jp/_download.php?dir=spot_summary&file=spot_summary_2023.csv
2023-09-19,jepx-spread-range-kyushu,kyushu,39.09,https://www.jepx.jp/_download.php?dir=spot_summary&file=spot_summary_2023.csv
2023-09-20,jepx-spread-range-kyushu,kyushu,40.4,https://www.jepx.jp/_download.php?dir=spot_summary&file=spot_summary_2023.csv
2023-09-21,jepx-spread-range-kyushu,kyushu,39.22,https://www.jepx.jp/_download.php?dir=spot_summary&file=spot_summary_2023.csv
2023-09-22,jepx-spread-range-kyushu,kyushu,14.34,https://www.jepx.jp/_download.php?dir=spot_summary&file=spot_summary_2023.csv
2023-09-23,jepx-spread-range-kyushu,kyushu,11.65,https://www.jepx.jp/_download.php?dir=spot_summary&file=spot_summary_2023.csv
2023-09-24,jepx-spread-range-kyushu,kyushu,13.17,https://www.jepx.jp/_download.php?dir=spot_summary&file=spot_summary_2023.csv
2023-09-25,jepx-spread-range-kyushu,kyushu,12.02,https://www.jepx.jp/_download.php?dir=spot_summary&file=spot_summary_2023.csv
2023-09-26,jepx-spread-range-kyushu,kyushu,9.15,https://www.jepx.jp/_download.php?dir=spot_summary&file=spot_summary_2023.csv
2023-09-27,jepx-spread-range-kyushu,kyushu,14.420000000000002,https://www.jepx.jp/_download.php?dir=spot_summary&file=spot_summary_2023.csv
2023-09-28,jepx-spread-range-kyushu,kyushu,17.990000000000002,https://www.jepx.jp/_download.php?dir=spot_summary&file=spot_summary_2023.csv
2023-09-29,jepx-spread-range-kyushu,kyushu,19.43,https://www.jepx.jp/_download.php?dir=spot_summary&file=spot_summary_2023.csv
2023-09-30,jepx-spread-range-kyushu,kyushu,12.1,https://www.jepx.jp/_download.php?dir=spot_summary&file=spot_summary_2023.csv
2023-10-01,jepx-spread-range-kyushu,kyushu,10.87,https://www.jepx.jp/_download.php?dir=spot_summary&file=spot_summary_2023.csv
2023-10-02,jepx-spread-range-kyushu,kyushu,16.009999999999998,https://www.jepx.jp/_download.php?dir=spot_summary&file=spot_summary_2023.csv
2023-10-03,jepx-spread-range-kyushu,kyushu,12.14,https://www.jepx.jp/_download.php?dir=spot_summary&file=spot_summary_2023.csv
2023-10-04,jepx-spread-range-kyushu,kyushu,17.18,https://www.jepx.jp/_download.php?dir=spot_summary&file=spot_summary_2023.csv
2023-10-05,jepx-spread-range-kyushu,kyushu,12.41,https://www.jepx.jp/_download.php?dir=spot_summary&file=spot_summary_2023.csv
2023-10-06,jepx-spread-range-kyushu,kyushu,11.81,https://www.jepx.jp/_download.php?dir=spot_summary&file=spot_summary_2023.csv
2023-10-07,jepx-spread-range-kyushu,kyushu,10.41,https://www.jepx.jp/_download.php?dir=spot_summary&file=spot_summary_2023.csv
2023-10-08,jepx-spread-range-kyushu,kyushu,7.609999999999999,https://www.jepx.jp/_download.php?dir=spot_summary&file=spot_summary_2023.csv
2023-10-09,jepx-spread-range-kyushu,kyushu,11.99,https://www.jepx.jp/_download.php?dir=spot_summary&file=spot_summary_2023.csv
2023-10-10,jepx-spread-range-kyushu,kyushu,12.41,https://www.jepx.jp/_download.php?dir=spot_summary&file=spot_summary_2023.csv
2023-10-11,jepx-spread-range-kyushu,kyushu,12.99,https://www.jepx.jp/_download.php?dir=spot_summary&file=spot_summary_2023.csv
2023-10-12,jepx-spread-range-kyushu,kyushu,12.77,https://www.jepx.jp/_download.php?dir=spot_summary&file=spot_summary_2023.csv
2023-10-13,jepx-spread-range-kyushu,kyushu,13.48,https://www.jepx.jp/_download.php?dir=spot_summary&file=spot_summary_2023.csv
2023-10-14,jepx-spread-range-kyushu,kyushu,12.49,https://www.jepx.jp/_download.php?dir=spot_summary&file=spot_summary_2023.csv
2023-10-15,jepx-spread-range-kyushu,kyushu,13.48,https://www.jepx.jp/_download.php?dir=spot_summary&file=spot_summary_2023.csv
2023-10-16,jepx-spread-range-kyushu,kyushu,18.72,https://www.jepx.jp/_download.php?dir=spot_summary&file=spot_summary_2023.csv
2023-10-17,jepx-spread-range-kyushu,kyushu,15.98,https://www.jepx.jp/_download.php?dir=spot_summary&file=spot_summary_2023.csv
2023-10-18,jepx-spread-range-kyushu,kyushu,19.52,https://www.jepx.jp/_download.php?dir=spot_summary&file=spot_summary_2023.csv
2023-10-19,jepx-spread-range-kyushu,kyushu,20.01,https://www.jepx.jp/_download.php?dir=spot_summary&file=spot_summary_2023.csv
2023-10-20,jepx-spread-range-kyushu,kyushu,5.67,https://www.jepx.jp/_download.php?dir=spot_summary&file=spot_summary_2023.csv
2023-10-21,jepx-spread-range-kyushu,kyushu,14.42,https://www.jepx.jp/_download.php?dir=spot_summary&file=spot_summary_2023.csv
2023-10-22,jepx-spread-range-kyushu,kyushu,13.11,https://www.jepx.jp/_download.php?dir=spot_summary&file=spot_summary_2023.csv
2023-10-23,jepx-spread-range-kyushu,kyushu,17.52,https://www.jepx.jp/_download.php?dir=spot_summary&file=spot_summary_2023.csv
2023-10-24,jepx-spread-range-kyushu,kyushu,18.84,https://www.jepx.jp/_download.php?dir=spot_summary&file=spot_summary_2023.csv
2023-10-25,jepx-spread-range-kyushu,kyushu,18.49,https://www.jepx.jp/_download.php?dir=spot_summary&file=spot_summary_2023.csv
2023-10-26,jepx-spread-range-kyushu,kyushu,18.68,https://www.jepx.jp/_download.php?dir=spot_summary&file=spot_summary_2023.csv
2023-10-27,jepx-spread-range-kyushu,kyushu,18.92,https://www.jepx.jp/_download.php?dir=spot_summary&file=spot_summary_2023.csv
2023-10-28,jepx-spread-range-kyushu,kyushu,13.93,https://www.jepx.jp/_download.php?dir=spot_summary&file=spot_summary_2023.csv
2023-10-29,jepx-spread-range-kyushu,kyushu,11.3,https://www.jepx.jp/_download.php?dir=spot_summary&file=spot_summary_2023.csv
2023-10-30,jepx-spread-range-kyushu,kyushu,14.34,https://www.jepx.jp/_download.php?dir=spot_summary&file=spot_summary_2023.csv
2023-10-31,jepx-spread-range-kyushu,kyushu,14.49,https://www.jepx.jp/_download.php?dir=spot_summary&file=spot_summary_2023.csv
2023-11-01,jepx-spread-range-kyushu,kyushu,14.24,https://www.jepx.jp/_download.php?dir=spot_summary&file=spot_summary_2023.csv
2023-11-02,jepx-spread-range-kyushu,kyushu,12.81,https://www.jepx.jp/_download.php?dir=spot_summary&file=spot_summary_2023.csv
2023-11-03,jepx-spread-range-kyushu,kyushu,11.68,https://www.jepx.jp/_download.php?dir=spot_summary&file=spot_summary_2023.csv
2023-11-04,jepx-spread-range-kyushu,kyushu,12.93,https://www.jepx.jp/_download.php?dir=spot_summary&file=spot_summary_2023.csv
2023-11-05,jepx-spread-range-kyushu,kyushu,13.3,https://www.jepx.jp/_download.php?dir=spot_summary&file=spot_summary_2023.csv
2023-11-06,jepx-spread-range-kyushu,kyushu,11.0,https://www.jepx.jp/_download.php?dir=spot_summary&file=spot_summary_2023.csv
2023-11-07,jepx-spread-range-kyushu,kyushu,16.31,https://www.jepx.jp/_download.php?dir=spot_summary&file=spot_summary_2023.csv
2023-11-08,jepx-spread-range-kyushu,kyushu,17.99,https://www.jepx.jp/_download.php?dir=spot_summary&file=spot_summary_2023.csv
2023-11-09,jepx-spread-range-kyushu,kyushu,11.2,https://www.jepx.jp/_download.php?dir=spot_summary&file=spot_summary_2023.csv
2023-11-10,jepx-spread-range-kyushu,kyushu,10.81,https://www.jepx.jp/_download.php?dir=spot_summary&file=spot_summary_2023.csv
2023-11-11,jepx-spread-range-kyushu,kyushu,13.85,https://www.jepx.jp/_download.php?dir=spot_summary&file=spot_summary_2023.csv
2023-11-12,jepx-spread-range-kyushu,kyushu,14.45,https://www.jepx.jp/_download.php?dir=spot_summary&file=spot_summary_2023.csv
2023-11-13,jepx-spread-range-kyushu,kyushu,21.95,https://www.jepx.jp/_download.php?dir=spot_summary&file=spot_summary_2023.csv
2023-11-14,jepx-spread-range-kyushu,kyushu,22.68,https://www.jepx.jp/_download.php?dir=spot_summary&file=spot_summary_2023.csv
2023-11-15,jepx-spread-range-kyushu,kyushu,22.69,https://www.jepx.jp/_download.php?dir=spot_summary&file=spot_summary_2023.csv
2023-11-16,jepx-spread-range-kyushu,kyushu,9.35,https://www.jepx.jp/_download.php?dir=spot_summary&file=spot_summary_2023.csv
2023-11-17,jepx-spread-range-kyushu,kyushu,16.84,https://www.jepx.jp/_download.php?dir=spot_summary&file=spot_summary_2023.csv
2023-11-18,jepx-spread-range-kyushu,kyushu,14.55,https://www.jepx.jp/_download.php?dir=spot_summary&file=spot_summary_2023.csv
2023-11-19,jepx-spread-range-kyushu,kyushu,18.38,https://www.jepx.jp/_download.php?dir=spot_summary&file=spot_summary_2023.csv
2023-11-20,jepx-spread-range-kyushu,kyushu,21.91,https://www.jepx.jp/_download.php?dir=spot_summary&file=spot_summary_2023.csv
2023-11-21,jepx-spread-range-kyushu,kyushu,21.65,https://www.jepx.jp/_download.php?dir=spot_summary&file=spot_summary_2023.csv
2023-11-22,jepx-spread-range-kyushu,kyushu,22.28,https://www.jepx.jp/_download.php?dir=spot_summary&file=spot_summary_2023.csv
2023-11-23,jepx-spread-range-kyushu,kyushu,11.71,https://www.jepx.jp/_download.php?dir=spot_summary&file=spot_summary_2023.csv
2023-11-24,jepx-spread-range-kyushu,kyushu,20.5,https://www.jepx.jp/_download.php?dir=spot_summary&file=spot_summary_2023.csv
2023-11-25,jepx-spread-range-kyushu,kyushu,20.99,https://www.jepx.jp/_download.php?dir=spot_summary&file=spot_summary_2023.csv
2023-11-26,jepx-spread-range-kyushu,kyushu,19.27,https://www.jepx.jp/_download.php?dir=spot_summary&file=spot_summary_2023.csv
2023-11-27,jepx-spread-range-kyushu,kyushu,17.040000000000003,https://www.jepx.jp/_download.php?dir=spot_summary&file=spot_summary_2023.csv
2023-11-28,jepx-spread-range-kyushu,kyushu,18.28,https://www.jepx.jp/_download.php?dir=spot_summary&file=spot_summary_2023.csv
2023-11-29,jepx-spread-range-kyushu,kyushu,12.74,https://www.jepx.jp/_download.php?dir=spot_summary&file=spot_summary_2023.csv
2023-11-30,jepx-spread-range-kyushu,kyushu,11.64,https://www.jepx.jp/_download.php?dir=spot_summary&file=spot_summary_2023.csv
2023-12-01,jepx-spread-range-kyushu,kyushu,11.579999999999998,https://www.jepx.jp/_download.php?dir=spot_summary&file=spot_summary_2023.csv
2023-12-02,jepx-spread-range-kyushu,kyushu,15.8,https://www.jepx.jp/_download.php?dir=spot_summary&file=spot_summary_2023.csv
2023-12-03,jepx-spread-range-kyushu,kyushu,10.42,https://www.jepx.jp/_download.php?dir=spot_summary&file=spot_summary_2023.csv
2023-12-04,jepx-spread-range-kyushu,kyushu,18.34,https://www.jepx.jp/_download.php?dir=spot_summary&file=spot_summary_2023.csv
2023-12-05,jepx-spread-range-kyushu,kyushu,8.89,https://www.jepx.jp/_download.php?dir=spot_summary&file=spot_summary_2023.csv
2023-12-06,jepx-spread-range-kyushu,kyushu,14.36,https://www.jepx.jp/_download.php?dir=spot_summary&file=spot_summary_2023.csv
2023-12-07,jepx-spread-range-kyushu,kyushu,16.62,https://www.jepx.jp/_download.php?dir=spot_summary&file=spot_summary_2023.csv
2023-12-08,jepx-spread-range-kyushu,kyushu,20.27,https://www.jepx.jp/_download.php?dir=spot_summary&file=spot_summary_2023.csv
2023-12-09,jepx-spread-range-kyushu,kyushu,12.32,https://www.jepx.jp/_download.php?dir=spot_summary&file=spot_summary_2023.csv
2023-12-10,jepx-spread-range-kyushu,kyushu,12.34,https://www.jepx.jp/_download.php?dir=spot_summary&file=spot_summary_2023.csv
2023-12-11,jepx-spread-range-kyushu,kyushu,10.96,https://www.jepx.jp/_download.php?dir=spot_summary&file=spot_summary_2023.csv
2023-12-12,jepx-spread-range-kyushu,kyushu,8.18,https://www.jepx.jp/_download.php?dir=spot_summary&file=spot_summary_2023.csv
2023-12-13,jepx-spread-range-kyushu,kyushu,14.68,https://www.jepx.jp/_download.php?dir=spot_summary&file=spot_summary_2023.csv
2023-12-14,jepx-spread-range-kyushu,kyushu,9.5,https://www.jepx.jp/_download.php?dir=spot_summary&file=spot_summary_2023.csv
2023-12-15,jepx-spread-range-kyushu,kyushu,7.840000000000001,https://www.jepx.jp/_download.php?dir=spot_summary&file=spot_summary_2023.csv
2023-12-16,jepx-spread-range-kyushu,kyushu,4.6,https://www.jepx.jp/_download.php?dir=spot_summary&file=spot_summary_2023.csv
2023-12-17,jepx-spread-range-kyushu,kyushu,10.42,https://www.jepx.jp/_download.php?dir=spot_summary&file=spot_summary_2023.csv
2023-12-18,jepx-spread-range-kyushu,kyushu,16.59,https://www.jepx.jp/_download.php?dir=spot_summary&file=spot_summary_2023.csv
2023-12-19,jepx-spread-range-kyushu,kyushu,10.13,https://www.jepx.jp/_download.php?dir=spot_summary&file=spot_summary_2023.csv
2023-12-20,jepx-spread-range-kyushu,kyushu,7.489999999999998,https://www.jepx.jp/_download.php?dir=spot_summary&file=spot_summary_2023.csv
2023-12-21,jepx-spread-range-kyushu,kyushu,15.78,https://www.jepx.jp/_download.php?dir=spot_summary&file=spot_summary_2023.csv
2023-12-22,jepx-spread-range-kyushu,kyushu,18.3,https://www.jepx.jp/_download.php?dir=spot_summary&file=spot_summary_2023.csv
2023-12-23,jepx-spread-range-kyushu,kyushu,8.37,https://www.jepx.jp/_download.php?dir=spot_summary&file=spot_summary_2023.csv
2023-12-24,jepx-spread-range-kyushu,kyushu,11.61,https://www.jepx.jp/_download.php?dir=spot_summary&file=spot_summary_2023.csv
2023-12-25,jepx-spread-range-kyushu,kyushu,10.5,https://www.jepx.jp/_download.php?dir=spot_summary&file=spot_summary_2023.csv
2023-12-26,jepx-spread-range-kyushu,kyushu,9.28,https://www.jepx.jp/_download.php?dir=spot_summary&file=spot_summary_2023.csv
2023-12-27,jepx-spread-range-kyushu,kyushu,8.91,https://www.jepx.jp/_download.php?dir=spot_summary&file=spot_summary_2023.csv
2023-12-28,jepx-spread-range-kyushu,kyushu,10.91,https://www.jepx.jp/_download.php?dir=spot_summary&file=spot_summary_2023.csv
2023-12-29,jepx-spread-range-kyushu,kyushu,12.99,https://www.jepx.jp/_download.php?dir=spot_summary&file=spot_summary_2023.csv
2023-12-30,jepx-spread-range-kyushu,kyushu,10.87,https://www.jepx.jp/_download.php?dir=spot_summary&file=spot_summary_2023.csv
2023-12-31,jepx-spread-range-kyushu,kyushu,6.9,https://www.jepx.jp/_download.php?dir=spot_summary&file=spot_summary_2023.csv
2024-01-01,jepx-spread-range-kyushu,kyushu,11.84,https://www.jepx.jp/_download.php?dir=spot_summary&file=spot_summary_2023.csv
2024-01-02,jepx-spread-range-kyushu,kyushu,11.69,https://www.jepx.jp/_download.php?dir=spot_summary&file=spot_summary_2023.csv
2024-01-03,jepx-spread-range-kyushu,kyushu,8.809999999999999,https://www.jepx.jp/_download.php?dir=spot_summary&file=spot_summary_2023.csv
2024-01-04,jepx-spread-range-kyushu,kyushu,11.49,https://www.jepx.jp/_download.php?dir=spot_summary&file=spot_summary_2023.csv
2024-01-05,jepx-spread-range-kyushu,kyushu,9.41,https://www.jepx.jp/_download.php?dir=spot_summary&file=spot_summary_2023.csv
2024-01-06,jepx-spread-range-kyushu,kyushu,8.53,https://www.jepx.jp/_download.php?dir=spot_summary&file=spot_summary_2023.csv
2024-01-07,jepx-spread-range-kyushu,kyushu,9.0,https://www.jepx.jp/_download.php?dir=spot_summary&file=spot_summary_2023.csv
2024-01-08,jepx-spread-range-kyushu,kyushu,11.0,https://www.jepx.jp/_download.php?dir=spot_summary&file=spot_summary_2023.csv
2024-01-09,jepx-spread-range-kyushu,kyushu,9.9,https://www.jepx.jp/_download.php?dir=spot_summary&file=spot_summary_2023.csv
2024-01-10,jepx-spread-range-kyushu,kyushu,6.85,https://www.jepx.jp/_download.php?dir=spot_summary&file=spot_summary_2023.csv
2024-01-11,jepx-spread-range-kyushu,kyushu,9.33,https://www.jepx.jp/_download.php?dir=spot_summary&file=spot_summary_2023.csv
2024-01-12,jepx-spread-range-kyushu,kyushu,6.0,https://www.jepx.jp/_download.php?dir=spot_summary&file=spot_summary_2023.csv
2024-01-13,jepx-spread-range-kyushu,kyushu,12.78,https://www.jepx.jp/_download.php?dir=spot_summary&file=spot_summary_2023.csv
2024-01-14,jepx-spread-range-kyushu,kyushu,11.78,https://www.jepx.jp/_download.php?dir=spot_summary&file=spot_summary_2023.csv
2024-01-15,jepx-spread-range-kyushu,kyushu,9.5,https://www.jepx.jp/_download.php?dir=spot_summary&file=spot_summary_2023.csv
2024-01-16,jepx-spread-range-kyushu,kyushu,10.9,https://www.jepx.jp/_download.php?dir=spot_summary&file=spot_summary_2023.csv
2024-01-17,jepx-spread-range-kyushu,kyushu,11.93,https://www.jepx.jp/_download.php?dir=spot_summary&file=spot_summary_2023.csv
2024-01-18,jepx-spread-range-kyushu,kyushu,8.309999999999999,https://www.jepx.jp/_download.php?dir=spot_summary&file=spot_summary_2023.csv
2024-01-19,jepx-spread-range-kyushu,kyushu,6.300000000000001,https://www.jepx.jp/_download.php?dir=spot_summary&file=spot_summary_2023.csv
2024-01-20,jepx-spread-range-kyushu,kyushu,5.1,https://www.jepx.jp/_download.php?dir=spot_summary&file=spot_summary_2023.csv
2024-01-21,jepx-spread-range-kyushu,kyushu,6.359999999999999,https://www.jepx.jp/_download.php?dir=spot_summary&file=spot_summary_2023.csv
2024-01-22,jepx-spread-range-kyushu,kyushu,6.35,https://www.jepx.jp/_download.php?dir=spot_summary&file=spot_summary_2023.csv
2024-01-23,jepx-spread-range-kyushu,kyushu,9.59,https://www.jepx.jp/_download.php?dir=spot_summary&file=spot_summary_2023.csv
2024-01-24,jepx-spread-range-kyushu,kyushu,11.43,https://www.jepx.jp/_download.php?dir=spot_summary&file=spot_summary_2023.csv
2024-01-25,jepx-spread-range-kyushu,kyushu,11.05,https://www.jepx.jp/_download.php?dir=spot_summary&file=spot_summary_2023.csv
2024-01-26,jepx-spread-range-kyushu,kyushu,7.960000000000001,https://www.jepx.jp/_download.php?dir=spot_summary&file=spot_summary_2023.csv
2024-01-27,jepx-spread-range-kyushu,kyushu,7.28,https://www.jepx.jp/_download.php?dir=spot_summary&file=spot_summary_2023.csv
2024-01-28,jepx-spread-range-kyushu,kyushu,9.46,https://www.jepx.jp/_download.php?dir=spot_summary&file=spot_summary_2023.csv
2024-01-29,jepx-spread-range-kyushu,kyushu,6.35,https://www.jepx.jp/_download.php?dir=spot_summary&file=spot_summary_2023.csv
2024-01-30,jepx-spread-range-kyushu,kyushu,6.470000000000001,https://www.jepx.jp/_download.php?dir=spot_summary&file=spot_summary_2023.csv
2024-01-31,jepx-spread-range-kyushu,kyushu,4.93,https://www.jepx.jp/_download.php?dir=spot_summary&file=spot_summary_2023.csv
2024-02-01,jepx-spread-range-kyushu,kyushu,3.960000000000001,https://www.jepx.jp/_download.php?dir=spot_summary&file=spot_summary_2023.csv
2024-02-02,jepx-spread-range-kyushu,kyushu,5.530000000000001,https://www.jepx.jp/_download.php?dir=spot_summary&file=spot_summary_2023.csv
2024-02-03,jepx-spread-range-kyushu,kyushu,5.56,https://www.jepx.jp/_download.php?dir=spot_summary&file=spot_summary_2023.csv
2024-02-04,jepx-spread-range-kyushu,kyushu,4.11,https://www.jepx.jp/_download.php?dir=spot_summary&file=spot_summary_2023.csv
2024-02-05,jepx-spread-range-kyushu,kyushu,9.62,https://www.jepx.jp/_download.php?dir=spot_summary&file=spot_summary_2023.csv
2024-02-06,jepx-spread-range-kyushu,kyushu,9.0,https://www.jepx.jp/_download.php?dir=spot_summary&file=spot_summary_2023.csv
2024-02-07,jepx-spread-range-kyushu,kyushu,6.69,https://www.jepx.jp/_download.php?dir=spot_summary&file=spot_summary_2023.csv
2024-02-08,jepx-spread-range-kyushu,kyushu,6.4,https://www.jepx.jp/_download.php?dir=spot_summary&file=spot_summary_2023.csv
2024-02-09,jepx-spread-range-kyushu,kyushu,6.630000000000001,https://www.jepx.jp/_download.php?dir=spot_summary&file=spot_summary_2023.csv
2024-02-10,jepx-spread-range-kyushu,kyushu,10.81,https://www.jepx.jp/_download.php?dir=spot_summary&file=spot_summary_2023.csv
2024-02-11,jepx-spread-range-kyushu,kyushu,11.8,https://www.jepx.jp/_download.php?dir=spot_summary&file=spot_summary_2023.csv
2024-02-12,jepx-spread-range-kyushu,kyushu,10.89,https://www.jepx.jp/_download.php?dir=spot_summary&file=spot_summary_2023.csv
2024-02-13,jepx-spread-range-kyushu,kyushu,9.99,https://www.jepx.jp/_download.php?dir=spot_summary&file=spot_summary_2023.csv
2024-02-14,jepx-spread-range-kyushu,kyushu,3.5,https://www.jepx.jp/_download.php?dir=spot_summary&file=spot_summary_2023.csv
2024-02-15,jepx-spread-range-kyushu,kyushu,9.61,https://www.jepx.jp/_download.php?dir=spot_summary&file=spot_summary_2023.csv
2024-02-16,jepx-spread-range-kyushu,kyushu,14.03,https://www.jepx.jp/_download.php?dir=spot_summary&file=spot_summary_2023.csv
2024-02-17,jepx-spread-range-kyushu,kyushu,13.4,https://www.jepx.jp/_download.php?dir=spot_summary&file=spot_summary_2023.csv
2024-02-18,jepx-spread-range-kyushu,kyushu,9.62,https://www.jepx.jp/_download.php?dir=spot_summary&file=spot_summary_2023.csv
2024-02-19,jepx-spread-range-kyushu,kyushu,3.4399999999999995,https://www.jepx.jp/_download.php?dir=spot_summary&file=spot_summary_2023.csv
2024-02-20,jepx-spread-range-kyushu,kyushu,4.46,https://www.jepx.jp/_download.php?dir=spot_summary&file=spot_summary_2023.csv
2024-02-21,jepx-spread-range-kyushu,kyushu,6.640000000000001,https://www.jepx.jp/_download.php?dir=spot_summary&file=spot_summary_2023.csv
2024-02-22,jepx-spread-range-kyushu,kyushu,4.37,https://www.jepx.jp/_download.php?dir=spot_summary&file=spot_summary_2023.csv
2024-02-23,jepx-spread-range-kyushu,kyushu,5.699999999999999,https://www.jepx.jp/_download.php?dir=spot_summary&file=spot_summary_2023.csv
2024-02-24,jepx-spread-range-kyushu,kyushu,10.99,https://www.jepx.jp/_download.php?dir=spot_summary&file=spot_summary_2023.csv
2024-02-25,jepx-spread-range-kyushu,kyushu,7.1,https://www.jepx.jp/_download.php?dir=spot_summary&file=spot_summary_2023.csv
2024-02-26,jepx-spread-range-kyushu,kyushu,8.9,https://www.jepx.jp/_download.php?dir=spot_summary&file=spot_summary_2023.csv
2024-02-27,jepx-spread-range-kyushu,kyushu,13.11,https://www.jepx.jp/_download.php?dir=spot_summary&file=spot_summary_2023.csv
2024-02-28,jepx-spread-range-kyushu,kyushu,14.99,https://www.jepx.jp/_download.php?dir=spot_summary&file=spot_summary_2023.csv
2024-02-29,jepx-spread-range-kyushu,kyushu,5.639999999999999,https://www.jepx.jp/_download.php?dir=spot_summary&file=spot_summary_2023.csv
2024-03-01,jepx-spread-range-kyushu,kyushu,14.99,https://www.jepx.jp/_download.php?dir=spot_summary&file=spot_summary_2023.csv
2024-03-02,jepx-spread-range-kyushu,kyushu,18.65,https://www.jepx.jp/_download.php?dir=spot_summary&file=spot_summary_2023.csv
2024-03-03,jepx-spread-range-kyushu,kyushu,14.99,https://www.jepx.jp/_download.php?dir=spot_summary&file=spot_summary_2023.csv
2024-03-04,jepx-spread-range-kyushu,kyushu,15.45,https://www.jepx.jp/_download.php?dir=spot_summary&file=spot_summary_2023.csv
2024-03-05,jepx-spread-range-kyushu,kyushu,7.549999999999999,https://www.jepx.jp/_download.php?dir=spot_summary&file=spot_summary_2023.csv
2024-03-06,jepx-spread-range-kyushu,kyushu,10.51,https://www.jepx.jp/_download.php?dir=spot_summary&file=spot_summary_2023.csv
2024-03-07,jepx-spread-range-kyushu,kyushu,18.5,https://www.jepx.jp/_download.php?dir=spot_summary&file=spot_summary_2023.csv
2024-03-08,jepx-spread-range-kyushu,kyushu,18.49,https://www.jepx.jp/_download.php?dir=spot_summary&file=spot_summary_2023.csv
2024-03-09,jepx-spread-range-kyushu,kyushu,15.41,https://www.jepx.jp/_download.php?dir=spot_summary&file=spot_summary_2023.csv
2024-03-10,jepx-spread-range-kyushu,kyushu,14.38,https://www.jepx.jp/_download.php?dir=spot_summary&file=spot_summary_2023.csv
2024-03-11,jepx-spread-range-kyushu,kyushu,13.64,https://www.jepx.jp/_download.php?dir=spot_summary&file=spot_summary_2023.csv
2024-03-12,jepx-spread-range-kyushu,kyushu,17.29,https://www.jepx.jp/_download.php?dir=spot_summary&file=spot_summary_2023.csv
2024-03-13,jepx-spread-range-kyushu,kyushu,15.52,https://www.jepx.jp/_download.php?dir=spot_summary&file=spot_summary_2023.csv
2024-03-14,jepx-spread-range-kyushu,kyushu,16.38,https://www.jepx.jp/_download.php?dir=spot_summary&file=spot_summary_2023.csv
2024-03-15,jepx-spread-range-kyushu,kyushu,15.6,https://www.jepx.jp/_download.php?dir=spot_summary&file=spot_summary_2023.csv
2024-03-16,jepx-spread-range-kyushu,kyushu,11.99,https://www.jepx.jp/_download.php?dir=spot_summary&file=spot_summary_2023.csv
2024-03-17,jepx-spread-range-kyushu,kyushu,6.92,https://www.jepx.jp/_download.php?dir=spot_summary&file=spot_summary_2023.csv
2024-03-18,jepx-spread-range-kyushu,kyushu,16.11,https://www.jepx.jp/_download.php?dir=spot_summary&file=spot_summary_2023.csv
2024-03-19,jepx-spread-range-kyushu,kyushu,8.979999999999999,https://www.jepx.jp/_download.php?dir=spot_summary&file=spot_summary_2023.csv
2024-03-20,jepx-spread-range-kyushu,kyushu,16.16,https://www.jepx.jp/_download.php?dir=spot_summary&file=spot_summary_2023.csv
2024-03-21,jepx-spread-range-kyushu,kyushu,36.580000000000005,https://www.jepx.jp/_download.php?dir=spot_summary&file=spot_summary_2023.csv
2024-03-22,jepx-spread-range-kyushu,kyushu,16.799999999999997,https://www.jepx.jp/_download.php?dir=spot_summary&file=spot_summary_2023.csv
2024-03-23,jepx-spread-range-kyushu,kyushu,7.0,https://www.jepx.jp/_download.php?dir=spot_summary&file=spot_summary_2023.csv
2024-03-24,jepx-spread-range-kyushu,kyushu,7.0,https://www.jepx.jp/_download.php?dir=spot_summary&file=spot_summary_2023.csv
2024-03-25,jepx-spread-range-kyushu,kyushu,8.48,https://www.jepx.jp/_download.php?dir=spot_summary&file=spot_summary_2023.csv
2024-03-26,jepx-spread-range-kyushu,kyushu,10.759999999999998,https://www.jepx.jp/_download.php?dir=spot_summary&file=spot_summary_2023.csv
2024-03-27,jepx-spread-range-kyushu,kyushu,17.34,https://www.jepx.jp/_download.php?dir=spot_summary&file=spot_summary_2023.csv
2024-03-28,jepx-spread-range-kyushu,kyushu,8.559999999999999,https://www.jepx.jp/_download.php?dir=spot_summary&file=spot_summary_2023.csv
2024-03-29,jepx-spread-range-kyushu,kyushu,11.2,https://www.jepx.jp/_download.php?dir=spot_summary&file=spot_summary_2023.csv
2024-03-30,jepx-spread-range-kyushu,kyushu,11.78,https://www.jepx.jp/_download.php?dir=spot_summary&file=spot_summary_2023.csv
2024-03-31,jepx-spread-range-kyushu,kyushu,12.06,https://www.jepx.jp/_download.php?dir=spot_summary&file=spot_summary_2023.csv
2024-04-01,jepx-spread-range-kyushu,kyushu,15.98,https://www.jepx.jp/_download.php?dir=spot_summary&file=spot_summary_2024.csv
2024-04-02,jepx-spread-range-kyushu,kyushu,14.99,https://www.jepx.jp/_download.php?dir=spot_summary&file=spot_summary_2024.csv
2024-04-03,jepx-spread-range-kyushu,kyushu,16.35,https://www.jepx.jp/_download.php?dir=spot_summary&file=spot_summary_2024.csv
2024-04-04,jepx-spread-range-kyushu,kyushu,9.73,https://www.jepx.jp/_download.php?dir=spot_summary&file=spot_summary_2024.csv
2024-04-05,jepx-spread-range-kyushu,kyushu,10.920000000000002,https://www.jepx.jp/_download.php?dir=spot_summary&file=spot_summary_2024.csv
2024-04-06,jepx-spread-range-kyushu,kyushu,13.46,https://www.jepx.jp/_download.php?dir=spot_summary&file=spot_summary_2024.csv
2024-04-07,jepx-spread-range-kyushu,kyushu,12.84,https://www.jepx.jp/_download.php?dir=spot_summary&file=spot_summary_2024.csv
2024-04-08,jepx-spread-range-kyushu,kyushu,11.49,https://www.jepx.jp/_download.php?dir=spot_summary&file=spot_summary_2024.csv
2024-04-09,jepx-spread-range-kyushu,kyushu,16.009999999999998,https://www.jepx.jp/_download.php?dir=spot_summary&file=spot_summary_2024.csv
2024-04-10,jepx-spread-range-kyushu,kyushu,16.009999999999998,https://www.jepx.jp/_download.php?dir=spot_summary&file=spot_summary_2024.csv
2024-04-11,jepx-spread-range-kyushu,kyushu,9.94,https://www.jepx.jp/_download.php?dir=spot_summary&file=spot_summary_2024.csv
2024-04-12,jepx-spread-range-kyushu,kyushu,12.46,https://www.jepx.jp/_download.php?dir=spot_summary&file=spot_summary_2024.csv
2024-04-13,jepx-spread-range-kyushu,kyushu,11.43,https://www.jepx.jp/_download.php?dir=spot_summary&file=spot_summary_2024.csv
2024-04-14,jepx-spread-range-kyushu,kyushu,10.28,https://www.jepx.jp/_download.php?dir=spot_summary&file=spot_summary_2024.csv
2024-04-15,jepx-spread-range-kyushu,kyushu,9.28,https://www.jepx.jp/_download.php?dir=spot_summary&file=spot_summary_2024.csv
2024-04-16,jepx-spread-range-kyushu,kyushu,11.99,https://www.jepx.jp/_download.php?dir=spot_summary&file=spot_summary_2024.csv
2024-04-17,jepx-spread-range-kyushu,kyushu,10.55,https://www.jepx.jp/_download.php?dir=spot_summary&file=spot_summary_2024.csv
2024-04-18,jepx-spread-range-kyushu,kyushu,9.91,https://www.jepx.jp/_download.php?dir=spot_summary&file=spot_summary_2024.csv
2024-04-19,jepx-spread-range-kyushu,kyushu,9.71,https://www.jepx.jp/_download.php?dir=spot_summary&file=spot_summary_2024.csv
2024-04-20,jepx-spread-range-kyushu,kyushu,10.49,https://www.jepx.jp/_download.php?dir=spot_summary&file=spot_summary_2024.csv
2024-04-21,jepx-spread-range-kyushu,kyushu,3.5,https://www.jepx.jp/_download.php?dir=spot_summary&file=spot_summary_2024.csv
2024-04-22,jepx-spread-range-kyushu,kyushu,10.23,https://www.jepx.jp/_download.php?dir=spot_summary&file=spot_summary_2024.csv
2024-04-23,jepx-spread-range-kyushu,kyushu,10.39,https://www.jepx.jp/_download.php?dir=spot_summary&file=spot_summary_2024.csv
2024-04-24,jepx-spread-range-kyushu,kyushu,13.16,https://www.jepx.jp/_download.php?dir=spot_summary&file=spot_summary_2024.csv
2024-04-25,jepx-spread-range-kyushu,kyushu,12.26,https://www.jepx.jp/_download.php?dir=spot_summary&file=spot_summary_2024.csv
2024-04-26,jepx-spread-range-kyushu,kyushu,16.21,https://www.jepx.jp/_download.php?dir=spot_summary&file=spot_summary_2024.csv
2024-04-27,jepx-spread-range-kyushu,kyushu,15.4,https://www.jepx.jp/_download.php?dir=spot_summary&file=spot_summary_2024.csv
2024-04-28,jepx-spread-range-kyushu,kyushu,12.84,https://www.jepx.jp/_download.php?dir=spot_summary&file=spot_summary_2024.csv
2024-04-29,jepx-spread-range-kyushu,kyushu,8.22,https://www.jepx.jp/_download.php?dir=spot_summary&file=spot_summary_2024.csv
2024-04-30,jepx-spread-range-kyushu,kyushu,14.88,https://www.jepx.jp/_download.php?dir=spot_summary&file=spot_summary_2024.csv
2024-05-01,jepx-spread-range-kyushu,kyushu,4.65,https://www.jepx.jp/_download.php?dir=spot_summary&file=spot_summary_2024.csv
2024-05-02,jepx-spread-range-kyushu,kyushu,15.01,https://www.jepx.jp/_download.php?dir=spot_summary&file=spot_summary_2024.csv
2024-05-03,jepx-spread-range-kyushu,kyushu,12.87,https://www.jepx.jp/_download.php?dir=spot_summary&file=spot_summary_2024.csv
2024-05-04,jepx-spread-range-kyushu,kyushu,11.58,https://www.jepx.jp/_download.php?dir=spot_summary&file=spot_summary_2024.csv
2024-05-05,jepx-spread-range-kyushu,kyushu,11.23,https://www.jepx.jp/_download.php?dir=spot_summary&file=spot_summary_2024.csv
2024-05-06,jepx-spread-range-kyushu,kyushu,3.3200000000000003,https://www.jepx.jp/_download.php?dir=spot_summary&file=spot_summary_2024.csv
2024-05-07,jepx-spread-range-kyushu,kyushu,16.08,https://www.jepx.jp/_download.php?dir=spot_summary&file=spot_summary_2024.csv
2024-05-08,jepx-spread-range-kyushu,kyushu,14.14,https://www.jepx.jp/_download.php?dir=spot_summary&file=spot_summary_2024.csv
2024-05-09,jepx-spread-range-kyushu,kyushu,14.96,https://www.jepx.jp/_download.php?dir=spot_summary&file=spot_summary_2024.csv
2024-05-10,jepx-spread-range-kyushu,kyushu,14.87,https://www.jepx.jp/_download.php?dir=spot_summary&file=spot_summary_2024.csv
2024-05-11,jepx-spread-range-kyushu,kyushu,12.78,https://www.jepx.jp/_download.php?dir=spot_summary&file=spot_summary_2024.csv
2024-05-12,jepx-spread-range-kyushu,kyushu,8.59,https://www.jepx.jp/_download.php?dir=spot_summary&file=spot_summary_2024.csv
2024-05-13,jepx-spread-range-kyushu,kyushu,17.08,https://www.jepx.jp/_download.php?dir=spot_summary&file=spot_summary_2024.csv
2024-05-14,jepx-spread-range-kyushu,kyushu,17.08,https://www.jepx.jp/_download.php?dir=spot_summary&file=spot_summary_2024.csv
2024-05-15,jepx-spread-range-kyushu,kyushu,14.87,https://www.jepx.jp/_download.php?dir=spot_summary&file=spot_summary_2024.csv
2024-05-16,jepx-spread-range-kyushu,kyushu,14.5,https://www.jepx.jp/_download.php?dir=spot_summary&file=spot_summary_2024.csv
2024-05-17,jepx-spread-range-kyushu,kyushu,14.87,https://www.jepx.jp/_download.php?dir=spot_summary&file=spot_summary_2024.csv
2024-05-18,jepx-spread-range-kyushu,kyushu,11.44,https://www.jepx.jp/_download.php?dir=spot_summary&file=spot_summary_2024.csv
2024-05-19,jepx-spread-range-kyushu,kyushu,11.48,https://www.jepx.jp/_download.php?dir=spot_summary&file=spot_summary_2024.csv
2024-05-20,jepx-spread-range-kyushu,kyushu,17.139999999999997,https://www.jepx.jp/_download.php?dir=spot_summary&file=spot_summary_2024.csv
2024-05-21,jepx-spread-range-kyushu,kyushu,17.139999999999997,https://www.jepx.jp/_download.php?dir=spot_summary&file=spot_summary_2024.csv
2024-05-22,jepx-spread-range-kyushu,kyushu,16.65,https://www.jepx.jp/_download.php?dir=spot_summary&file=spot_summary_2024.csv
2024-05-23,jepx-spread-range-kyushu,kyushu,9.47,https://www.jepx.jp/_download.php?dir=spot_summary&file=spot_summary_2024.csv
2024-05-24,jepx-spread-range-kyushu,kyushu,15.99,https://www.jepx.jp/_download.php?dir=spot_summary&file=spot_summary_2024.csv
2024-05-25,jepx-spread-range-kyushu,kyushu,12.43,https://www.jepx.jp/_download.php?dir=spot_summary&file=spot_summary_2024.csv
2024-05-26,jepx-spread-range-kyushu,kyushu,14.05,https://www.jepx.jp/_download.php?dir=spot_summary&file=spot_summary_2024.csv
2024-05-27,jepx-spread-range-kyushu,kyushu,8.24,https://www.jepx.jp/_download.php?dir=spot_summary&file=spot_summary_2024.csv
2024-05-28,jepx-spread-range-kyushu,kyushu,11.78,https://www.jepx.jp/_download.php?dir=spot_summary&file=spot_summary_2024.csv
2024-05-29,jepx-spread-range-kyushu,kyushu,15.0,https://www.jepx.jp/_download.php?dir=spot_summary&file=spot_summary_2024.csv
2024-05-30,jepx-spread-range-kyushu,kyushu,14.38,https://www.jepx.jp/_download.php?dir=spot_summary&file=spot_summary_2024.csv
2024-05-31,jepx-spread-range-kyushu,kyushu,4.109999999999999,https://www.jepx.jp/_download.php?dir=spot_summary&file=spot_summary_2024.csv
2024-06-01,jepx-spread-range-kyushu,kyushu,11.59,https://www.jepx.jp/_download.php?dir=spot_summary&file=spot_summary_2024.csv
2024-06-02,jepx-spread-range-kyushu,kyushu,10.43,https://www.jepx.jp/_download.php?dir=spot_summary&file=spot_summary_2024.csv
2024-06-03,jepx-spread-range-kyushu,kyushu,12.99,https://www.jepx.jp/_download.php?dir=spot_summary&file=spot_summary_2024.csv
2024-06-04,jepx-spread-range-kyushu,kyushu,13.99,https://www.jepx.jp/_download.php?dir=spot_summary&file=spot_summary_2024.csv
2024-06-05,jepx-spread-range-kyushu,kyushu,14.99,https://www.jepx.jp/_download.php?dir=spot_summary&file=spot_summary_2024.csv
2024-06-06,jepx-spread-range-kyushu,kyushu,7.99,https://www.jepx.jp/_download.php?dir=spot_summary&file=spot_summary_2024.csv
2024-06-07,jepx-spread-range-kyushu,kyushu,12.67,https://www.jepx.jp/_download.php?dir=spot_summary&file=spot_summary_2024.csv
2024-06-08,jepx-spread-range-kyushu,kyushu,11.75,https://www.jepx.jp/_download.php?dir=spot_summary&file=spot_summary_2024.csv
2024-06-09,jepx-spread-range-kyushu,kyushu,3.27,https://www.jepx.jp/_download.php?dir=spot_summary&file=spot_summary_2024.csv
2024-06-10,jepx-spread-range-kyushu,kyushu,14.92,https://www.jepx.jp/_download.php?dir=spot_summary&file=spot_summary_2024.csv
2024-06-11,jepx-spread-range-kyushu,kyushu,17.5,https://www.jepx.jp/_download.php?dir=spot_summary&file=spot_summary_2024.csv
2024-06-12,jepx-spread-range-kyushu,kyushu,16.81,https://www.jepx.jp/_download.php?dir=spot_summary&file=spot_summary_2024.csv
2024-06-13,jepx-spread-range-kyushu,kyushu,21.27,https://www.jepx.jp/_download.php?dir=spot_summary&file=spot_summary_2024.csv
2024-06-14,jepx-spread-range-kyushu,kyushu,21.65,https://www.jepx.jp/_download.php?dir=spot_summary&file=spot_summary_2024.csv
2024-06-15,jepx-spread-range-kyushu,kyushu,9.83,https://www.jepx.jp/_download.php?dir=spot_summary&file=spot_summary_2024.csv
2024-06-16,jepx-spread-range-kyushu,kyushu,18.33,https://www.jepx.jp/_download.php?dir=spot_summary&file=spot_summary_2024.csv
2024-06-17,jepx-spread-range-kyushu,kyushu,12.63,https://www.jepx.jp/_download.php?dir=spot_summary&file=spot_summary_2024.csv
2024-06-18,jepx-spread-range-kyushu,kyushu,19.58,https://www.jepx.jp/_download.php?dir=spot_summary&file=spot_summary_2024.csv
2024-06-19,jepx-spread-range-kyushu,kyushu,20.27,https://www.jepx.jp/_download.php?dir=spot_summary&file=spot_summary_2024.csv
2024-06-20,jepx-spread-range-kyushu,kyushu,9.48,https://www.jepx.jp/_download.php?dir=spot_summary&file=spot_summary_2024.csv
2024-06-21,jepx-spread-range-kyushu,kyushu,7.1,https://www.jepx.jp/_download.php?dir=spot_summary&file=spot_summary_2024.csv
2024-06-22,jepx-spread-range-kyushu,kyushu,9.23,https://www.jepx.jp/_download.php?dir=spot_summary&file=spot_summary_2024.csv
2024-06-23,jepx-spread-range-kyushu,kyushu,6.950000000000001,https://www.jepx.jp/_download.php?dir=spot_summary&file=spot_summary_2024.csv
2024-06-24,jepx-spread-range-kyushu,kyushu,9.85,https://www.jepx.jp/_download.php?dir=spot_summary&file=spot_summary_2024.csv
2024-06-25,jepx-spread-range-kyushu,kyushu,9.63,https://www.jepx.jp/_download.php?dir=spot_summary&file=spot_summary_2024.csv
2024-06-26,jepx-spread-range-kyushu,kyushu,5.799999999999999,https://www.jepx.jp/_download.php?dir=spot_summary&file=spot_summary_2024.csv
2024-06-27,jepx-spread-range-kyushu,kyushu,7.049999999999999,https://www.jepx.jp/_download.php?dir=spot_summary&file=spot_summary_2024.csv
2024-06-28,jepx-spread-range-kyushu,kyushu,11.5,https://www.jepx.jp/_download.php?dir=spot_summary&file=spot_summary_2024.csv
2024-06-29,jepx-spread-range-kyushu,kyushu,10.9,https://www.jepx.jp/_download.php?dir=spot_summary&file=spot_summary_2024.csv
2024-06-30,jepx-spread-range-kyushu,kyushu,4.2700000000000005,https://www.jepx.jp/_download.php?dir=spot_summary&file=spot_summary_2024.csv
2024-07-01,jepx-spread-range-kyushu,kyushu,10.13,https://www.jepx.jp/_download.php?dir=spot_summary&file=spot_summary_2024.csv
2024-07-02,jepx-spread-range-kyushu,kyushu,7.470000000000001,https://www.jepx.jp/_download.php?dir=spot_summary&file=spot_summary_2024.csv
2024-07-03,jepx-spread-range-kyushu,kyushu,11.61,https://www.jepx.jp/_download.php?dir=spot_summary&file=spot_summary_2024.csv
2024-07-04,jepx-spread-range-kyushu,kyushu,14.48,https://www.jepx.jp/_download.php?dir=spot_summary&file=spot_summary_2024.csv
2024-07-05,jepx-spread-range-kyushu,kyushu,13.810000000000002,https://www.jepx.jp/_download.php?dir=spot_summary&file=spot_summary_2024.csv
2024-07-06,jepx-spread-range-kyushu,kyushu,11.4,https://www.jepx.jp/_download.php?dir=spot_summary&file=spot_summary_2024.csv
2024-07-07,jepx-spread-range-kyushu,kyushu,20.52,https://www.jepx.jp/_download.php?dir=spot_summary&file=spot_summary_2024.csv
2024-07-08,jepx-spread-range-kyushu,kyushu,19.22,https://www.jepx.jp/_download.php?dir=spot_summary&file=spot_summary_2024.csv
2024-07-09,jepx-spread-range-kyushu,kyushu,22.07,https://www.jepx.jp/_download.php?dir=spot_summary&file=spot_summary_2024.csv
2024-07-10,jepx-spread-range-kyushu,kyushu,19.68,https://www.jepx.jp/_download.php?dir=spot_summary&file=spot_summary_2024.csv
2024-07-11,jepx-spread-range-kyushu,kyushu,11.46,https://www.jepx.jp/_download.php?dir=spot_summary&file=spot_summary_2024.csv
2024-07-12,jepx-spread-range-kyushu,kyushu,7.619999999999999,https://www.jepx.jp/_download.php?dir=spot_summary&file=spot_summary_2024.csv
2024-07-13,jepx-spread-range-kyushu,kyushu,14.07,https://www.jepx.jp/_download.php?dir=spot_summary&file=spot_summary_2024.csv
2024-07-14,jepx-spread-range-kyushu,kyushu,4.960000000000001,https://www.jepx.jp/_download.php?dir=spot_summary&file=spot_summary_2024.csv
2024-07-15,jepx-spread-range-kyushu,kyushu,6.84,https://www.jepx.jp/_download.php?dir=spot_summary&file=spot_summary_2024.csv
2024-07-16,jepx-spread-range-kyushu,kyushu,5.640000000000001,https://www.jepx.jp/_download.php?dir=spot_summary&file=spot_summary_2024.csv
2024-07-17,jepx-spread-range-kyushu,kyushu,17.33,https://www.jepx.jp/_download.php?dir=spot_summary&file=spot_summary_2024.csv
2024-07-18,jepx-spread-range-kyushu,kyushu,12.099999999999998,https://www.jepx.jp/_download.php?dir=spot_summary&file=spot_summary_2024.csv
2024-07-19,jepx-spread-range-kyushu,kyushu,14.31,https://www.jepx.jp/_download.php?dir=spot_summary&file=spot_summary_2024.csv
2024-07-20,jepx-spread-range-kyushu,kyushu,11.94,https://www.jepx.jp/_download.php?dir=spot_summary&file=spot_summary_2024.csv
2024-07-21,jepx-spread-range-kyushu,kyushu,20.37,https://www.jepx.jp/_download.php?dir=spot_summary&file=spot_summary_2024.csv
2024-07-22,jepx-spread-range-kyushu,kyushu,23.11,https://www.jepx.jp/_download.php?dir=spot_summary&file=spot_summary_2024.csv
2024-07-23,jepx-spread-range-kyushu,kyushu,21.53,https://www.jepx.jp/_download.php?dir=spot_summary&file=spot_summary_2024.csv
2024-07-24,jepx-spread-range-kyushu,kyushu,16.46,https://www.jepx.jp/_download.php?dir=spot_summary&file=spot_summary_2024.csv
2024-07-25,jepx-spread-range-kyushu,kyushu,15.73,https://www.jepx.jp/_download.php?dir=spot_summary&file=spot_summary_2024.csv
2024-07-26,jepx-spread-range-kyushu,kyushu,12.31,https://www.jepx.jp/_download.php?dir=spot_summary&file=spot_summary_2024.csv
2024-07-27,jepx-spread-range-kyushu,kyushu,16.39,https://www.jepx.jp/_download.php?dir=spot_summary&file=spot_summary_2024.csv
2024-07-28,jepx-spread-range-kyushu,kyushu,22.65,https://www.jepx.jp/_download.php?dir=spot_summary&file=spot_summary_2024.csv
2024-07-29,jepx-spread-range-kyushu,kyushu,24.66,https://www.jepx.jp/_download.php?dir=spot_summary&file=spot_summary_2024.csv
2024-07-30,jepx-spread-range-kyushu,kyushu,30.3,https://www.jepx.jp/_download.php?dir=spot_summary&file=spot_summary_2024.csv
2024-07-31,jepx-spread-range-kyushu,kyushu,28.33,https://www.jepx.jp/_download.php?dir=spot_summary&file=spot_summary_2024.csv
2024-08-01,jepx-spread-range-kyushu,kyushu,27.5,https://www.jepx.jp/_download.php?dir=spot_summary&file=spot_summary_2024.csv
2024-08-02,jepx-spread-range-kyushu,kyushu,26.33,https://www.jepx.jp/_download.php?dir=spot_summary&file=spot_summary_2024.csv
2024-08-03,jepx-spread-range-kyushu,kyushu,13.81,https://www.jepx.jp/_download.php?dir=spot_summary&file=spot_summary_2024.csv
2024-08-04,jepx-spread-range-kyushu,kyushu,13.84,https://www.jepx.jp/_download.php?dir=spot_summary&file=spot_summary_2024.csv
2024-08-05,jepx-spread-range-kyushu,kyushu,22.44,https://www.jepx.jp/_download.php?dir=spot_summary&file=spot_summary_2024.csv
2024-08-06,jepx-spread-range-kyushu,kyushu,16.08,https://www.jepx.jp/_download.php?dir=spot_summary&file=spot_summary_2024.csv
2024-08-07,jepx-spread-range-kyushu,kyushu,14.829999999999998,https://www.jepx.jp/_download.php?dir=spot_summary&file=spot_summary_2024.csv
2024-08-08,jepx-spread-range-kyushu,kyushu,22.34,https://www.jepx.jp/_download.php?dir=spot_summary&file=spot_summary_2024.csv
2024-08-09,jepx-spread-range-kyushu,kyushu,25.21,https://www.jepx.jp/_download.php?dir=spot_summary&file=spot_summary_2024.csv
2024-08-10,jepx-spread-range-kyushu,kyushu,12.5,https://www.jepx.jp/_download.php?dir=spot_summary&file=spot_summary_2024.csv
2024-08-11,jepx-spread-range-kyushu,kyushu,11.57,https://www.jepx.jp/_download.php?dir=spot_summary&file=spot_summary_2024.csv
2024-08-12,jepx-spread-range-kyushu,kyushu,14.16,https://www.jepx.jp/_download.php?dir=spot_summary&file=spot_summary_2024.csv
2024-08-13,jepx-spread-range-kyushu,kyushu,9.82,https://www.jepx.jp/_download.php?dir=spot_summary&file=spot_summary_2024.csv
2024-08-14,jepx-spread-range-kyushu,kyushu,8.36,https://www.jepx.jp/_download.php?dir=spot_summary&file=spot_summary_2024.csv
2024-08-15,jepx-spread-range-kyushu,kyushu,10.87,https://www.jepx.jp/_download.php?dir=spot_summary&file=spot_summary_2024.csv
2024-08-16,jepx-spread-range-kyushu,kyushu,8.889999999999999,https://www.jepx.jp/_download.php?dir=spot_summary&file=spot_summary_2024.csv
2024-08-17,jepx-spread-range-kyushu,kyushu,10.07,https://www.jepx.jp/_download.php?dir=spot_summary&file=spot_summary_2024.csv
2024-08-18,jepx-spread-range-kyushu,kyushu,11.02,https://www.jepx.jp/_download.php?dir=spot_summary&file=spot_summary_2024.csv
2024-08-19,jepx-spread-range-kyushu,kyushu,17.23,https://www.jepx.jp/_download.php?dir=spot_summary&file=spot_summary_2024.csv
2024-08-20,jepx-spread-range-kyushu,kyushu,15.0,https://www.jepx.jp/_download.php?dir=spot_summary&file=spot_summary_2024.csv
2024-08-21,jepx-spread-range-kyushu,kyushu,11.58,https://www.jepx.jp/_download.php?dir=spot_summary&file=spot_summary_2024.csv
2024-08-22,jepx-spread-range-kyushu,kyushu,11.93,https://www.jepx.jp/_download.php?dir=spot_summary&file=spot_summary_2024.csv
2024-08-23,jepx-spread-range-kyushu,kyushu,23.68,https://www.jepx.jp/_download.php?dir=spot_summary&file=spot_summary_2024.csv
2024-08-24,jepx-spread-range-kyushu,kyushu,8.969999999999999,https://www.jepx.jp/_download.php?dir=spot_summary&file=spot_summary_2024.csv
2024-08-25,jepx-spread-range-kyushu,kyushu,7.060000000000002,https://www.jepx.jp/_download.php?dir=spot_summary&file=spot_summary_2024.csv
2024-08-26,jepx-spread-range-kyushu,kyushu,21.12,https://www.jepx.jp/_download.php?dir=spot_summary&file=spot_summary_2024.csv
2024-08-27,jepx-spread-range-kyushu,kyushu,10.489999999999998,https://www.jepx.jp/_download.php?dir=spot_summary&file=spot_summary_2024.csv
2024-08-28,jepx-spread-range-kyushu,kyushu,12.21,https://www.jepx.jp/_download.php?dir=spot_summary&file=spot_summary_2024.csv
2024-08-29,jepx-spread-range-kyushu,kyushu,18.21,https://www.jepx.jp/_download.php?dir=spot_summary&file=spot_summary_2024.csv
2024-08-30,jepx-spread-range-kyushu,kyushu,33.980000000000004,https://www.jepx.jp/_download.php?dir=spot_summary&file=spot_summary_2024.csv
2024-08-31,jepx-spread-range-kyushu,kyushu,7.960000000000001,https://www.jepx.jp/_download.php?dir=spot_summary&file=spot_summary_2024.csv
2024-09-01,jepx-spread-range-kyushu,kyushu,18.99,https://www.jepx.jp/_download.php?dir=spot_summary&file=spot_summary_2024.csv
2024-09-02,jepx-spread-range-kyushu,kyushu,17.79,https://www.jepx.jp/_download.php?dir=spot_summary&file=spot_summary_2024.csv
2024-09-03,jepx-spread-range-kyushu,kyushu,13.95,https://www.jepx.jp/_download.php?dir=spot_summary&file=spot_summary_2024.csv
2024-09-04,jepx-spread-range-kyushu,kyushu,11.15,https://www.jepx.jp/_download.php?dir=spot_summary&file=spot_summary_2024.csv
2024-09-05,jepx-spread-range-kyushu,kyushu,12.04,https://www.jepx.jp/_download.php?dir=spot_summary&file=spot_summary_2024.csv
2024-09-06,jepx-spread-range-kyushu,kyushu,11.64,https://www.jepx.jp/_download.php?dir=spot_summary&file=spot_summary_2024.csv
2024-09-07,jepx-spread-range-kyushu,kyushu,16.72,https://www.jepx.jp/_download.php?dir=spot_summary&file=spot_summary_2024.csv
2024-09-08,jepx-spread-range-kyushu,kyushu,15.99,https://www.jepx.jp/_download.php?dir=spot_summary&file=spot_summary_2024.csv
2024-09-09,jepx-spread-range-kyushu,kyushu,25.9,https://www.jepx.jp/_download.php?dir=spot_summary&file=spot_summary_2024.csv
2024-09-10,jepx-spread-range-kyushu,kyushu,20.840000000000003,https://www.jepx.jp/_download.php?dir=spot_summary&file=spot_summary_2024.csv
2024-09-11,jepx-spread-range-kyushu,kyushu,20.99,https://www.jepx.jp/_download.php?dir=spot_summary&file=spot_summary_2024.csv
2024-09-12,jepx-spread-range-kyushu,kyushu,19.99,https://www.jepx.jp/_download.php?dir=spot_summary&file=spot_summary_2024.csv
2024-09-13,jepx-spread-range-kyushu,kyushu,25.08,https://www.jepx.jp/_download.php?dir=spot_summary&file=spot_summary_2024.csv
2024-09-14,jepx-spread-range-kyushu,kyushu,12.31,https://www.jepx.jp/_download.php?dir=spot_summary&file=spot_summary_2024.csv
2024-09-15,jepx-spread-range-kyushu,kyushu,7.800000000000001,https://www.jepx.jp/_download.php?dir=spot_summary&file=spot_summary_2024.csv
2024-09-16,jepx-spread-range-kyushu,kyushu,15.73,https://www.jepx.jp/_download.php?dir=spot_summary&file=spot_summary_2024.csv
2024-09-17,jepx-spread-range-kyushu,kyushu,26.660000000000004,https://www.jepx.jp/_download.php?dir=spot_summary&file=spot_summary_2024.csv
2024-09-18,jepx-spread-range-kyushu,kyushu,20.79,https://www.jepx.jp/_download.php?dir=spot_summary&file=spot_summary_2024.csv
2024-09-19,jepx-spread-range-kyushu,kyushu,23.43,https://www.jepx.jp/_download.php?dir=spot_summary&file=spot_summary_2024.csv
2024-09-20,jepx-spread-range-kyushu,kyushu,23.15,https://www.jepx.jp/_download.php?dir=spot_summary&file=spot_summary_2024.csv
2024-09-21,jepx-spread-range-kyushu,kyushu,14.43,https://www.jepx.jp/_download.php?dir=spot_summary&file=spot_summary_2024.csv
2024-09-22,jepx-spread-range-kyushu,kyushu,4.17,https://www.jepx.jp/_download.php?dir=spot_summary&file=spot_summary_2024.csv
2024-09-23,jepx-spread-range-kyushu,kyushu,14.02,https://www.jepx.jp/_download.php?dir=spot_summary&file=spot_summary_2024.csv
2024-09-24,jepx-spread-range-kyushu,kyushu,19.43,https://www.jepx.jp/_download.php?dir=spot_summary&file=spot_summary_2024.csv
2024-09-25,jepx-spread-range-kyushu,kyushu,14.43,https://www.jepx.jp/_download.php?dir=spot_summary&file=spot_summary_2024.csv
2024-09-26,jepx-spread-range-kyushu,kyushu,11.44,https://www.jepx.jp/_download.php?dir=spot_summary&file=spot_summary_2024.csv
2024-09-27,jepx-spread-range-kyushu,kyushu,14.43,https://www.jepx.jp/_download.php?dir=spot_summary&file=spot_summary_2024.csv
2024-09-28,jepx-spread-range-kyushu,kyushu,7.59,https://www.jepx.jp/_download.php?dir=spot_summary&file=spot_summary_2024.csv
2024-09-29,jepx-spread-range-kyushu,kyushu,11.59,https://www.jepx.jp/_download.php?dir=spot_summary&file=spot_summary_2024.csv
2024-09-30,jepx-spread-range-kyushu,kyushu,10.079999999999998,https://www.jepx.jp/_download.php?dir=spot_summary&file=spot_summary_2024.csv
2024-10-01,jepx-spread-range-kyushu,kyushu,12.57,https://www.jepx.jp/_download.php?dir=spot_summary&file=spot_summary_2024.csv
2024-10-02,jepx-spread-range-kyushu,kyushu,11.240000000000002,https://www.jepx.jp/_download.php?dir=spot_summary&file=spot_summary_2024.csv
2024-10-03,jepx-spread-range-kyushu,kyushu,11.87,https://www.jepx.jp/_download.php?dir=spot_summary&file=spot_summary_2024.csv
2024-10-04,jepx-spread-range-kyushu,kyushu,11.03,https://www.jepx.jp/_download.php?dir=spot_summary&file=spot_summary_2024.csv
2024-10-05,jepx-spread-range-kyushu,kyushu,11.55,https://www.jepx.jp/_download.php?dir=spot_summary&file=spot_summary_2024.csv
2024-10-06,jepx-spread-range-kyushu,kyushu,12.44,https://www.jepx.jp/_download.php?dir=spot_summary&file=spot_summary_2024.csv
2024-10-07,jepx-spread-range-kyushu,kyushu,12.36,https://www.jepx.jp/_download.php?dir=spot_summary&file=spot_summary_2024.csv
2024-10-08,jepx-spread-range-kyushu,kyushu,8.310000000000002,https://www.jepx.jp/_download.php?dir=spot_summary&file=spot_summary_2024.csv
2024-10-09,jepx-spread-range-kyushu,kyushu,14.9,https://www.jepx.jp/_download.php?dir=spot_summary&file=spot_summary_2024.csv
2024-10-10,jepx-spread-range-kyushu,kyushu,14.87,https://www.jepx.jp/_download.php?dir=spot_summary&file=spot_summary_2024.csv
2024-10-11,jepx-spread-range-kyushu,kyushu,13.99,https://www.jepx.jp/_download.php?dir=spot_summary&file=spot_summary_2024.csv
2024-10-12,jepx-spread-range-kyushu,kyushu,12.06,https://www.jepx.jp/_download.php?dir=spot_summary&file=spot_summary_2024.csv
2024-10-13,jepx-spread-range-kyushu,kyushu,11.99,https://www.jepx.jp/_download.php?dir=spot_summary&file=spot_summary_2024.csv
2024-10-14,jepx-spread-range-kyushu,kyushu,13.0,https://www.jepx.jp/_download.php?dir=spot_summary&file=spot_summary_2024.csv
2024-10-15,jepx-spread-range-kyushu,kyushu,11.2,https://www.jepx.jp/_download.php?dir=spot_summary&file=spot_summary_2024.csv
2024-10-16,jepx-spread-range-kyushu,kyushu,10.0,https://www.jepx.jp/_download.php?dir=spot_summary&file=spot_summary_2024.csv
2024-10-17,jepx-spread-range-kyushu,kyushu,27.330000000000005,https://www.jepx.jp/_download.php?dir=spot_summary&file=spot_summary_2024.csv
2024-10-18,jepx-spread-range-kyushu,kyushu,22.72,https://www.jepx.jp/_download.php?dir=spot_summary&file=spot_summary_2024.csv
2024-10-19,jepx-spread-range-kyushu,kyushu,5.700000000000001,https://www.jepx.jp/_download.php?dir=spot_summary&file=spot_summary_2024.csv
2024-10-20,jepx-spread-range-kyushu,kyushu,13.74,https://www.jepx.jp/_download.php?dir=spot_summary&file=spot_summary_2024.csv
2024-10-21,jepx-spread-range-kyushu,kyushu,11.02,https://www.jepx.jp/_download.php?dir=spot_summary&file=spot_summary_2024.csv
2024-10-22,jepx-spread-range-kyushu,kyushu,9.36,https://www.jepx.jp/_download.php?dir=spot_summary&file=spot_summary_2024.csv
2024-10-23,jepx-spread-range-kyushu,kyushu,17.380000000000003,https://www.jepx.jp/_download.php?dir=spot_summary&file=spot_summary_2024.csv
2024-10-24,jepx-spread-range-kyushu,kyushu,8.049999999999999,https://www.jepx.jp/_download.php?dir=spot_summary&file=spot_summary_2024.csv
2024-10-25,jepx-spread-range-kyushu,kyushu,8.959999999999999,https://www.jepx.jp/_download.php?dir=spot_summary&file=spot_summary_2024.csv
2024-10-26,jepx-spread-range-kyushu,kyushu,6.19,https://www.jepx.jp/_download.php?dir=spot_summary&file=spot_summary_2024.csv
2024-10-27,jepx-spread-range-kyushu,kyushu,10.37,https://www.jepx.jp/_download.php?dir=spot_summary&file=spot_summary_2024.csv
2024-10-28,jepx-spread-range-kyushu,kyushu,9.89,https://www.jepx.jp/_download.php?dir=spot_summary&file=spot_summary_2024.csv
2024-10-29,jepx-spread-range-kyushu,kyushu,7.640000000000001,https://www.jepx.jp/_download.php?dir=spot_summary&file=spot_summary_2024.csv
2024-10-30,jepx-spread-range-kyushu,kyushu,11.61,https://www.jepx.jp/_download.php?dir=spot_summary&file=spot_summary_2024.csv
2024-10-31,jepx-spread-range-kyushu,kyushu,5.18,https://www.jepx.jp/_download.php?dir=spot_summary&file=spot_summary_2024.csv
2024-11-01,jepx-spread-range-kyushu,kyushu,6.760000000000002,https://www.jepx.jp/_download.php?dir=spot_summary&file=spot_summary_2024.csv
2024-11-02,jepx-spread-range-kyushu,kyushu,3.01,https://www.jepx.jp/_download.php?dir=spot_summary&file=spot_summary_2024.csv
2024-11-03,jepx-spread-range-kyushu,kyushu,10.99,https://www.jepx.jp/_download.php?dir=spot_summary&file=spot_summary_2024.csv
2024-11-04,jepx-spread-range-kyushu,kyushu,11.5,https://www.jepx.jp/_download.php?dir=spot_summary&file=spot_summary_2024.csv
2024-11-05,jepx-spread-range-kyushu,kyushu,13.03,https://www.jepx.jp/_download.php?dir=spot_summary&file=spot_summary_2024.csv
2024-11-06,jepx-spread-range-kyushu,kyushu,15.02,https://www.jepx.jp/_download.php?dir=spot_summary&file=spot_summary_2024.csv
2024-11-07,jepx-spread-range-kyushu,kyushu,17.09,https://www.jepx.jp/_download.php?dir=spot_summary&file=spot_summary_2024.csv
2024-11-08,jepx-spread-range-kyushu,kyushu,15.090000000000002,https://www.jepx.jp/_download.php?dir=spot_summary&file=spot_summary_2024.csv
2024-11-09,jepx-spread-range-kyushu,kyushu,10.05,https://www.jepx.jp/_download.php?dir=spot_summary&file=spot_summary_2024.csv
2024-11-10,jepx-spread-range-kyushu,kyushu,4.5,https://www.jepx.jp/_download.php?dir=spot_summary&file=spot_summary_2024.csv
2024-11-11,jepx-spread-range-kyushu,kyushu,17.24,https://www.jepx.jp/_download.php?dir=spot_summary&file=spot_summary_2024.csv
2024-11-12,jepx-spread-range-kyushu,kyushu,17.24,https://www.jepx.jp/_download.php?dir=spot_summary&file=spot_summary_2024.csv
2024-11-13,jepx-spread-range-kyushu,kyushu,17.24,https://www.jepx.jp/_download.php?dir=spot_summary&file=spot_summary_2024.csv
2024-11-14,jepx-spread-range-kyushu,kyushu,17.319999999999997,https://www.jepx.jp/_download.php?dir=spot_summary&file=spot_summary_2024.csv
2024-11-15,jepx-spread-range-kyushu,kyushu,26.69,https://www.jepx.jp/_download.php?dir=spot_summary&file=spot_summary_2024.csv
2024-11-16,jepx-spread-range-kyushu,kyushu,3.01,https://www.jepx.jp/_download.php?dir=spot_summary&file=spot_summary_2024.csv
2024-11-17,jepx-spread-range-kyushu,kyushu,6.790000000000001,https://www.jepx.jp/_download.php?dir=spot_summary&file=spot_summary_2024.csv
2024-11-18,jepx-spread-range-kyushu,kyushu,16.96,https://www.jepx.jp/_download.php?dir=spot_summary&file=spot_summary_2024.csv
2024-11-19,jepx-spread-range-kyushu,kyushu,21.52,https://www.jepx.jp/_download.php?dir=spot_summary&file=spot_summary_2024.csv
2024-11-20,jepx-spread-range-kyushu,kyushu,15.989999999999998,https://www.jepx.jp/_download.php?dir=spot_summary&file=spot_summary_2024.csv
2024-11-21,jepx-spread-range-kyushu,kyushu,13.93,https://www.jepx.jp/_download.php?dir=spot_summary&file=spot_summary_2024.csv
2024-11-22,jepx-spread-range-kyushu,kyushu,14.35,https://www.jepx.jp/_download.php?dir=spot_summary&file=spot_summary_2024.csv
2024-11-23,jepx-spread-range-kyushu,kyushu,11.11,https://www.jepx.jp/_download.php?dir=spot_summary&file=spot_summary_2024.csv
2024-11-24,jepx-spread-range-kyushu,kyushu,14.78,https://www.jepx.jp/_download.php?dir=spot_summary&file=spot_summary_2024.csv
2024-11-25,jepx-spread-range-kyushu,kyushu,20.64,https://www.jepx.jp/_download.php?dir=spot_summary&file=spot_summary_2024.csv
2024-11-26,jepx-spread-range-kyushu,kyushu,11.24,https://www.jepx.jp/_download.php?dir=spot_summary&file=spot_summary_2024.csv
2024-11-27,jepx-spread-range-kyushu,kyushu,13.32,https://www.jepx.jp/_download.php?dir=spot_summary&file=spot_summary_2024.csv
2024-11-28,jepx-spread-range-kyushu,kyushu,14.13,https://www.jepx.jp/_download.php?dir=spot_summary&file=spot_summary_2024.csv
2024-11-29,jepx-spread-range-kyushu,kyushu,8.58,https://www.jepx.jp/_download.php?dir=spot_summary&file=spot_summary_2024.csv
2024-11-30,jepx-spread-range-kyushu,kyushu,6.529999999999999,https://www.jepx.jp/_download.php?dir=spot_summary&file=spot_summary_2024.csv
2024-12-01,jepx-spread-range-kyushu,kyushu,13.2,https://www.jepx.jp/_download.php?dir=spot_summary&file=spot_summary_2024.csv
2024-12-02,jepx-spread-range-kyushu,kyushu,14.65,https://www.jepx.jp/_download.php?dir=spot_summary&file=spot_summary_2024.csv
2024-12-03,jepx-spread-range-kyushu,kyushu,15.2,https://www.jepx.jp/_download.php?dir=spot_summary&file=spot_summary_2024.csv
2024-12-04,jepx-spread-range-kyushu,kyushu,16.18,https://www.jepx.jp/_download.php?dir=spot_summary&file=spot_summary_2024.csv
2024-12-05,jepx-spread-range-kyushu,kyushu,9.2,https://www.jepx.jp/_download.php?dir=spot_summary&file=spot_summary_2024.csv
2024-12-06,jepx-spread-range-kyushu,kyushu,8.38,https://www.jepx.jp/_download.php?dir=spot_summary&file=spot_summary_2024.csv
2024-12-07,jepx-spread-range-kyushu,kyushu,8.64,https://www.jepx.jp/_download.php?dir=spot_summary&file=spot_summary_2024.csv
2024-12-08,jepx-spread-range-kyushu,kyushu,12.8,https://www.jepx.jp/_download.php?dir=spot_summary&file=spot_summary_2024.csv
2024-12-09,jepx-spread-range-kyushu,kyushu,17.16,https://www.jepx.jp/_download.php?dir=spot_summary&file=spot_summary_2024.csv
2024-12-10,jepx-spread-range-kyushu,kyushu,6.330000000000001,https://www.jepx.jp/_download.php?dir=spot_summary&file=spot_summary_2024.csv
2024-12-11,jepx-spread-range-kyushu,kyushu,12.900000000000002,https://www.jepx.jp/_download.php?dir=spot_summary&file=spot_summary_2024.csv
2024-12-12,jepx-spread-range-kyushu,kyushu,15.160000000000002,https://www.jepx.jp/_download.php?dir=spot_summary&file=spot_summary_2024.csv
2024-12-13,jepx-spread-range-kyushu,kyushu,11.69,https://www.jepx.jp/_download.php?dir=spot_summary&file=spot_summary_2024.csv
2024-12-14,jepx-spread-range-kyushu,kyushu,15.99,https://www.jepx.jp/_download.php?dir=spot_summary&file=spot_summary_2024.csv
2024-12-15,jepx-spread-range-kyushu,kyushu,9.91,https://www.jepx.jp/_download.php?dir=spot_summary&file=spot_summary_2024.csv
2024-12-16,jepx-spread-range-kyushu,kyushu,12.170000000000002,https://www.jepx.jp/_download.php?dir=spot_summary&file=spot_summary_2024.csv
2024-12-17,jepx-spread-range-kyushu,kyushu,7.670000000000001,https://www.jepx.jp/_download.php?dir=spot_summary&file=spot_summary_2024.csv
2024-12-18,jepx-spread-range-kyushu,kyushu,9.179999999999998,https://www.jepx.jp/_download.php?dir=spot_summary&file=spot_summary_2024.csv
2024-12-19,jepx-spread-range-kyushu,kyushu,14.71,https://www.jepx.jp/_download.php?dir=spot_summary&file=spot_summary_2024.csv
2024-12-20,jepx-spread-range-kyushu,kyushu,16.52,https://www.jepx.jp/_download.php?dir=spot_summary&file=spot_summary_2024.csv
2024-12-21,jepx-spread-range-kyushu,kyushu,4.82,https://www.jepx.jp/_download.php?dir=spot_summary&file=spot_summary_2024.csv
2024-12-22,jepx-spread-range-kyushu,kyushu,17.56,https://www.jepx.jp/_download.php?dir=spot_summary&file=spot_summary_2024.csv
2024-12-23,jepx-spread-range-kyushu,kyushu,19.19,https://www.jepx.jp/_download.php?dir=spot_summary&file=spot_summary_2024.csv
2024-12-24,jepx-spread-range-kyushu,kyushu,18.8,https://www.jepx.jp/_download.php?dir=spot_summary&file=spot_summary_2024.csv
2024-12-25,jepx-spread-range-kyushu,kyushu,14.249999999999998,https://www.jepx.jp/_download.php?dir=spot_summary&file=spot_summary_2024.csv
2024-12-26,jepx-spread-range-kyushu,kyushu,8.859999999999998,https://www.jepx.jp/_download.php?dir=spot_summary&file=spot_summary_2024.csv
2024-12-27,jepx-spread-range-kyushu,kyushu,8.11,https://www.jepx.jp/_download.php?dir=spot_summary&file=spot_summary_2024.csv
2024-12-28,jepx-spread-range-kyushu,kyushu,8.24,https://www.jepx.jp/_download.php?dir=spot_summary&file=spot_summary_2024.csv
2024-12-29,jepx-spread-range-kyushu,kyushu,10.46,https://www.jepx.jp/_download.php?dir=spot_summary&file=spot_summary_2024.csv
2024-12-30,jepx-spread-range-kyushu,kyushu,8.69,https://www.jepx.jp/_download.php?dir=spot_summary&file=spot_summary_2024.csv
2024-12-31,jepx-spread-range-kyushu,kyushu,13.43,https://www.jepx.jp/_download.php?dir=spot_summary&file=spot_summary_2024.csv
2025-01-01,jepx-spread-range-kyushu,kyushu,11.11,https://www.jepx.jp/_download.php?dir=spot_summary&file=spot_summary_2024.csv
2025-01-02,jepx-spread-range-kyushu,kyushu,11.0,https://www.jepx.jp/_download.php?dir=spot_summary&file=spot_summary_2024.csv
2025-01-03,jepx-spread-range-kyushu,kyushu,10.99,https://www.jepx.jp/_download.php?dir=spot_summary&file=spot_summary_2024.csv
2025-01-04,jepx-spread-range-kyushu,kyushu,12.11,https://www.jepx.jp/_download.php?dir=spot_summary&file=spot_summary_2024.csv
2025-01-05,jepx-spread-range-kyushu,kyushu,8.39,https://www.jepx.jp/_download.php?dir=spot_summary&file=spot_summary_2024.csv
2025-01-06,jepx-spread-range-kyushu,kyushu,11.86,https://www.jepx.jp/_download.php?dir=spot_summary&file=spot_summary_2024.csv
2025-01-07,jepx-spread-range-kyushu,kyushu,11.989999999999998,https://www.jepx.jp/_download.php?dir=spot_summary&file=spot_summary_2024.csv
2025-01-08,jepx-spread-range-kyushu,kyushu,10.93,https://www.jepx.jp/_download.php?dir=spot_summary&file=spot_summary_2024.csv
2025-01-09,jepx-spread-range-kyushu,kyushu,18.9,https://www.jepx.jp/_download.php?dir=spot_summary&file=spot_summary_2024.csv
2025-01-10,jepx-spread-range-kyushu,kyushu,15.22,https://www.jepx.jp/_download.php?dir=spot_summary&file=spot_summary_2024.csv
2025-01-11,jepx-spread-range-kyushu,kyushu,8.899999999999999,https://www.jepx.jp/_download.php?dir=spot_summary&file=spot_summary_2024.csv
2025-01-12,jepx-spread-range-kyushu,kyushu,8.790000000000001,https://www.jepx.jp/_download.php?dir=spot_summary&file=spot_summary_2024.csv
2025-01-13,jepx-spread-range-kyushu,kyushu,8.269999999999998,https://www.jepx.jp/_download.php?dir=spot_summary&file=spot_summary_2024.csv
2025-01-14,jepx-spread-range-kyushu,kyushu,8.54,https://www.jepx.jp/_download.php?dir=spot_summary&file=spot_summary_2024.csv
2025-01-15,jepx-spread-range-kyushu,kyushu,11.56,https://www.jepx.jp/_download.php?dir=spot_summary&file=spot_summary_2024.csv
2025-01-16,jepx-spread-range-kyushu,kyushu,11.42,https://www.jepx.jp/_download.php?dir=spot_summary&file=spot_summary_2024.csv
2025-01-17,jepx-spread-range-kyushu,kyushu,11.6,https://www.jepx.jp/_download.php?dir=spot_summary&file=spot_summary_2024.csv
2025-01-18,jepx-spread-range-kyushu,kyushu,16.349999999999998,https://www.jepx.jp/_download.php?dir=spot_summary&file=spot_summary_2024.csv
2025-01-19,jepx-spread-range-kyushu,kyushu,12.43,https://www.jepx.jp/_download.php?dir=spot_summary&file=spot_summary_2024.csv
2025-01-20,jepx-spread-range-kyushu,kyushu,12.510000000000002,https://www.jepx.jp/_download.php?dir=spot_summary&file=spot_summary_2024.csv
2025-01-21,jepx-spread-range-kyushu,kyushu,16.16,https://www.jepx.jp/_download.php?dir=spot_summary&file=spot_summary_2024.csv
2025-01-22,jepx-spread-range-kyushu,kyushu,15.76,https://www.jepx.jp/_download.php?dir=spot_summary&file=spot_summary_2024.csv
2025-01-23,jepx-spread-range-kyushu,kyushu,14.99,https://www.jepx.jp/_download.php?dir=spot_summary&file=spot_summary_2024.csv
2025-01-24,jepx-spread-range-kyushu,kyushu,8.36,https://www.jepx.jp/_download.php?dir=spot_summary&file=spot_summary_2024.csv
2025-01-25,jepx-spread-range-kyushu,kyushu,13.66,https://www.jepx.jp/_download.php?dir=spot_summary&file=spot_summary_2024.csv
2025-01-26,jepx-spread-range-kyushu,kyushu,11.31,https://www.jepx.jp/_download.php?dir=spot_summary&file=spot_summary_2024.csv
2025-01-27,jepx-spread-range-kyushu,kyushu,11.7,https://www.jepx.jp/_download.php?dir=spot_summary&file=spot_summary_2024.csv
2025-01-28,jepx-spread-range-kyushu,kyushu,9.94,https://www.jepx.jp/_download.php?dir=spot_summary&file=spot_summary_2024.csv
2025-01-29,jepx-spread-range-kyushu,kyushu,7.530000000000001,https://www.jepx.jp/_download.php?dir=spot_summary&file=spot_summary_2024.csv
2025-01-30,jepx-spread-range-kyushu,kyushu,12.689999999999998,https://www.jepx.jp/_download.php?dir=spot_summary&file=spot_summary_2024.csv
2025-01-31,jepx-spread-range-kyushu,kyushu,17.939999999999998,https://www.jepx.jp/_download.php?dir=spot_summary&file=spot_summary_2024.csv
2025-02-01,jepx-spread-range-kyushu,kyushu,6.02,https://www.jepx.jp/_download.php?dir=spot_summary&file=spot_summary_2024.csv
2025-02-02,jepx-spread-range-kyushu,kyushu,6.51,https://www.jepx.jp/_download.php?dir=spot_summary&file=spot_summary_2024.csv
2025-02-03,jepx-spread-range-kyushu,kyushu,9.32,https://www.jepx.jp/_download.php?dir=spot_summary&file=spot_summary_2024.csv
2025-02-04,jepx-spread-range-kyushu,kyushu,16.13,https://www.jepx.jp/_download.php?dir=spot_summary&file=spot_summary_2024.csv
2025-02-05,jepx-spread-range-kyushu,kyushu,16.95,https://www.jepx.jp/_download.php?dir=spot_summary&file=spot_summary_2024.csv
2025-02-06,jepx-spread-range-kyushu,kyushu,21.92,https://www.jepx.jp/_download.php?dir=spot_summary&file=spot_summary_2024.csv
2025-02-07,jepx-spread-range-kyushu,kyushu,15.61,https://www.jepx.jp/_download.php?dir=spot_summary&file=spot_summary_2024.csv
2025-02-08,jepx-spread-range-kyushu,kyushu,16.61,https://www.jepx.jp/_download.php?dir=spot_summary&file=spot_summary_2024.csv
2025-02-09,jepx-spread-range-kyushu,kyushu,11.44,https://www.jepx.jp/_download.php?dir=spot_summary&file=spot_summary_2024.csv
2025-02-10,jepx-spread-range-kyushu,kyushu,18.86,https://www.jepx.jp/_download.php?dir=spot_summary&file=spot_summary_2024.csv
2025-02-11,jepx-spread-range-kyushu,kyushu,19.51,https://www.jepx.jp/_download.php?dir=spot_summary&file=spot_summary_2024.csv
2025-02-12,jepx-spread-range-kyushu,kyushu,19.97,https://www.jepx.jp/_download.php?dir=spot_summary&file=spot_summary_2024.csv
2025-02-13,jepx-spread-range-kyushu,kyushu,21.12,https://www.jepx.jp/_download.php?dir=spot_summary&file=spot_summary_2024.csv
2025-02-14,jepx-spread-range-kyushu,kyushu,18.62,https://www.jepx.jp/_download.php?dir=spot_summary&file=spot_summary_2024.csv
2025-02-15,jepx-spread-range-kyushu,kyushu,9.68,https://www.jepx.jp/_download.php?dir=spot_summary&file=spot_summary_2024.csv
2025-02-16,jepx-spread-range-kyushu,kyushu,7.140000000000001,https://www.jepx.jp/_download.php?dir=spot_summary&file=spot_summary_2024.csv
2025-02-17,jepx-spread-range-kyushu,kyushu,19.37,https://www.jepx.jp/_download.php?dir=spot_summary&file=spot_summary_2024.csv
2025-02-18,jepx-spread-range-kyushu,kyushu,22.17,https://www.jepx.jp/_download.php?dir=spot_summary&file=spot_summary_2024.csv
2025-02-19,jepx-spread-range-kyushu,kyushu,22.71,https://www.jepx.jp/_download.php?dir=spot_summary&file=spot_summary_2024.csv
2025-02-20,jepx-spread-range-kyushu,kyushu,22.24,https://www.jepx.jp/_download.php?dir=spot_summary&file=spot_summary_2024.csv
2025-02-21,jepx-spread-range-kyushu,kyushu,16.229999999999997,https://www.jepx.jp/_download.php?dir=spot_summary&file=spot_summary_2024.csv
2025-02-22,jepx-spread-range-kyushu,kyushu,28.99,https://www.jepx.jp/_download.php?dir=spot_summary&file=spot_summary_2024.csv
2025-02-23,jepx-spread-range-kyushu,kyushu,16.52,https://www.jepx.jp/_download.php?dir=spot_summary&file=spot_summary_2024.csv
2025-02-24,jepx-spread-range-kyushu,kyushu,29.99,https://www.jepx.jp/_download.php?dir=spot_summary&file=spot_summary_2024.csv
2025-02-25,jepx-spread-range-kyushu,kyushu,29.99,https://www.jepx.jp/_download.php?dir=spot_summary&file=spot_summary_2024.csv
2025-02-26,jepx-spread-range-kyushu,kyushu,19.1,https://www.jepx.jp/_download.php?dir=spot_summary&file=spot_summary_2024.csv
2025-02-27,jepx-spread-range-kyushu,kyushu,16.549999999999997,https://www.jepx.jp/_download.php?dir=spot_summary&file=spot_summary_2024.csv
2025-02-28,jepx-spread-range-kyushu,kyushu,6.050000000000001,https://www.jepx.jp/_download.php?dir=spot_summary&file=spot_summary_2024.csv
2025-03-01,jepx-spread-range-kyushu,kyushu,13.27,https://www.jepx.jp/_download.php?dir=spot_summary&file=spot_summary_2024.csv
2025-03-02,jepx-spread-range-kyushu,kyushu,12.76,https://www.jepx.jp/_download.php?dir=spot_summary&file=spot_summary_2024.csv
2025-03-03,jepx-spread-range-kyushu,kyushu,15.59,https://www.jepx.jp/_download.php?dir=spot_summary&file=spot_summary_2024.csv
2025-03-04,jepx-spread-range-kyushu,kyushu,35.5,https://www.jepx.jp/_download.php?dir=spot_summary&file=spot_summary_2024.csv
2025-03-05,jepx-spread-range-kyushu,kyushu,17.14,https://www.jepx.jp/_download.php?dir=spot_summary&file=spot_summary_2024.csv
2025-03-06,jepx-spread-range-kyushu,kyushu,34.61,https://www.jepx.jp/_download.php?dir=spot_summary&file=spot_summary_2024.csv
2025-03-07,jepx-spread-range-kyushu,kyushu,45.0,https://www.jepx.jp/_download.php?dir=spot_summary&file=spot_summary_2024.csv
2025-03-08,jepx-spread-range-kyushu,kyushu,14.39,https://www.jepx.jp/_download.php?dir=spot_summary&file=spot_summary_2024.csv
2025-03-09,jepx-spread-range-kyushu,kyushu,17.22,https://www.jepx.jp/_download.php?dir=spot_summary&file=spot_summary_2024.csv
2025-03-10,jepx-spread-range-kyushu,kyushu,17.57,https://www.jepx.jp/_download.php?dir=spot_summary&file=spot_summary_2024.csv
2025-03-11,jepx-spread-range-kyushu,kyushu,13.86,https://www.jepx.jp/_download.php?dir=spot_summary&file=spot_summary_2024.csv
2025-03-12,jepx-spread-range-kyushu,kyushu,15.06,https://www.jepx.jp/_download.php?dir=spot_summary&file=spot_summary_2024.csv
2025-03-13,jepx-spread-range-kyushu,kyushu,8.7,https://www.jepx.jp/_download.php?dir=spot_summary&file=spot_summary_2024.csv
2025-03-14,jepx-spread-range-kyushu,kyushu,14.98,https://www.jepx.jp/_download.php?dir=spot_summary&file=spot_summary_2024.csv
2025-03-15,jepx-spread-range-kyushu,kyushu,4.860000000000001,https://www.jepx.jp/_download.php?dir=spot_summary&file=spot_summary_2024.csv
2025-03-16,jepx-spread-range-kyushu,kyushu,9.73,https://www.jepx.jp/_download.php?dir=spot_summary&file=spot_summary_2024.csv
2025-03-17,jepx-spread-range-kyushu,kyushu,20.25,https://www.jepx.jp/_download.php?dir=spot_summary&file=spot_summary_2024.csv
2025-03-18,jepx-spread-range-kyushu,kyushu,16.52,https://www.jepx.jp/_download.php?dir=spot_summary&file=spot_summary_2024.csv
2025-03-19,jepx-spread-range-kyushu,kyushu,13.990000000000002,https://www.jepx.jp/_download.php?dir=spot_summary&file=spot_summary_2024.csv
2025-03-20,jepx-spread-range-kyushu,kyushu,18.25,https://www.jepx.jp/_download.php?dir=spot_summary&file=spot_summary_2024.csv
2025-03-21,jepx-spread-range-kyushu,kyushu,13.56,https://www.jepx.jp/_download.php?dir=spot_summary&file=spot_summary_2024.csv
2025-03-22,jepx-spread-range-kyushu,kyushu,12.07,https://www.jepx.jp/_download.php?dir=spot_summary&file=spot_summary_2024.csv
2025-03-23,jepx-spread-range-kyushu,kyushu,9.37,https://www.jepx.jp/_download.php?dir=spot_summary&file=spot_summary_2024.csv
2025-03-24,jepx-spread-range-kyushu,kyushu,7.950000000000001,https://www.jepx.jp/_download.php?dir=spot_summary&file=spot_summary_2024.csv
2025-03-25,jepx-spread-range-kyushu,kyushu,10.56,https://www.jepx.jp/_download.php?dir=spot_summary&file=spot_summary_2024.csv
2025-03-26,jepx-spread-range-kyushu,kyushu,10.87,https://www.jepx.jp/_download.php?dir=spot_summary&file=spot_summary_2024.csv
2025-03-27,jepx-spread-range-kyushu,kyushu,7.34,https://www.jepx.jp/_download.php?dir=spot_summary&file=spot_summary_2024.csv
2025-03-28,jepx-spread-range-kyushu,kyushu,4.0200000000000005,https://www.jepx.jp/_download.php?dir=spot_summary&file=spot_summary_2024.csv
2025-03-29,jepx-spread-range-kyushu,kyushu,12.5,https://www.jepx.jp/_download.php?dir=spot_summary&file=spot_summary_2024.csv
2025-03-30,jepx-spread-range-kyushu,kyushu,13.91,https://www.jepx.jp/_download.php?dir=spot_summary&file=spot_summary_2024.csv
2025-03-31,jepx-spread-range-kyushu,kyushu,15.62,https://www.jepx.jp/_download.php?dir=spot_summary&file=spot_summary_2024.csv
2025-04-01,jepx-spread-range-kyushu,kyushu,13.24,https://www.jepx.jp/_download.php?dir=spot_summary&file=spot_summary_2025.csv
2025-04-02,jepx-spread-range-kyushu,kyushu,14.72,https://www.jepx.jp/_download.php?dir=spot_summary&file=spot_summary_2025.csv
2025-04-03,jepx-spread-range-kyushu,kyushu,14.66,https://www.jepx.jp/_download.php?dir=spot_summary&file=spot_summary_2025.csv
2025-04-04,jepx-spread-range-kyushu,kyushu,16.31,https://www.jepx.jp/_download.php?dir=spot_summary&file=spot_summary_2025.csv
2025-04-05,jepx-spread-range-kyushu,kyushu,9.49,https://www.jepx.jp/_download.php?dir=spot_summary&file=spot_summary_2025.csv
2025-04-06,jepx-spread-range-kyushu,kyushu,12.450000000000001,https://www.jepx.jp/_download.php?dir=spot_summary&file=spot_summary_2025.csv
2025-04-07,jepx-spread-range-kyushu,kyushu,15.99,https://www.jepx.jp/_download.php?dir=spot_summary&file=spot_summary_2025.csv
2025-04-08,jepx-spread-range-kyushu,kyushu,13.61,https://www.jepx.jp/_download.php?dir=spot_summary&file=spot_summary_2025.csv
2025-04-09,jepx-spread-range-kyushu,kyushu,14.63,https://www.jepx.jp/_download.php?dir=spot_summary&file=spot_summary_2025.csv
2025-04-10,jepx-spread-range-kyushu,kyushu,6.789999999999999,https://www.jepx.jp/_download.php?dir=spot_summary&file=spot_summary_2025.csv
2025-04-11,jepx-spread-range-kyushu,kyushu,14.99,https://www.jepx.jp/_download.php?dir=spot_summary&file=spot_summary_2025.csv
2025-04-12,jepx-spread-range-kyushu,kyushu,12.86,https://www.jepx.jp/_download.php?dir=spot_summary&file=spot_summary_2025.csv
2025-04-13,jepx-spread-range-kyushu,kyushu,12.41,https://www.jepx.jp/_download.php?dir=spot_summary&file=spot_summary_2025.csv
2025-04-14,jepx-spread-range-kyushu,kyushu,12.18,https://www.jepx.jp/_download.php?dir=spot_summary&file=spot_summary_2025.csv
2025-04-15,jepx-spread-range-kyushu,kyushu,17.569999999999997,https://www.jepx.jp/_download.php?dir=spot_summary&file=spot_summary_2025.csv
2025-04-16,jepx-spread-range-kyushu,kyushu,13.68,https://www.jepx.jp/_download.php?dir=spot_summary&file=spot_summary_2025.csv
2025-04-17,jepx-spread-range-kyushu,kyushu,12.4,https://www.jepx.jp/_download.php?dir=spot_summary&file=spot_summary_2025.csv
2025-04-18,jepx-spread-range-kyushu,kyushu,12.52,https://www.jepx.jp/_download.php?dir=spot_summary&file=spot_summary_2025.csv
2025-04-19,jepx-spread-range-kyushu,kyushu,10.56,https://www.jepx.jp/_download.php?dir=spot_summary&file=spot_summary_2025.csv
2025-04-20,jepx-spread-range-kyushu,kyushu,9.97,https://www.jepx.jp/_download.php?dir=spot_summary&file=spot_summary_2025.csv
2025-04-21,jepx-spread-range-kyushu,kyushu,14.49,https://www.jepx.jp/_download.php?dir=spot_summary&file=spot_summary_2025.csv
2025-04-22,jepx-spread-range-kyushu,kyushu,8.32,https://www.jepx.jp/_download.php?dir=spot_summary&file=spot_summary_2025.csv
2025-04-23,jepx-spread-range-kyushu,kyushu,12.580000000000002,https://www.jepx.jp/_download.php?dir=spot_summary&file=spot_summary_2025.csv
2025-04-24,jepx-spread-range-kyushu,kyushu,12.99,https://www.jepx.jp/_download.php?dir=spot_summary&file=spot_summary_2025.csv
2025-04-25,jepx-spread-range-kyushu,kyushu,12.32,https://www.jepx.jp/_download.php?dir=spot_summary&file=spot_summary_2025.csv
2025-04-26,jepx-spread-range-kyushu,kyushu,11.99,https://www.jepx.jp/_download.php?dir=spot_summary&file=spot_summary_2025.csv
2025-04-27,jepx-spread-range-kyushu,kyushu,13.99,https://www.jepx.jp/_download.php?dir=spot_summary&file=spot_summary_2025.csv
2025-04-28,jepx-spread-range-kyushu,kyushu,7.31,https://www.jepx.jp/_download.php?dir=spot_summary&file=spot_summary_2025.csv
2025-04-29,jepx-spread-range-kyushu,kyushu,14.99,https://www.jepx.jp/_download.php?dir=spot_summary&file=spot_summary_2025.csv
2025-04-30,jepx-spread-range-kyushu,kyushu,15.040000000000001,https://www.jepx.jp/_download.php?dir=spot_summary&file=spot_summary_2025.csv
2025-05-01,jepx-spread-range-kyushu,kyushu,15.41,https://www.jepx.jp/_download.php?dir=spot_summary&file=spot_summary_2025.csv
2025-05-02,jepx-spread-range-kyushu,kyushu,15.34,https://www.jepx.jp/_download.php?dir=spot_summary&file=spot_summary_2025.csv
2025-05-03,jepx-spread-range-kyushu,kyushu,14.09,https://www.jepx.jp/_download.php?dir=spot_summary&file=spot_summary_2025.csv
2025-05-04,jepx-spread-range-kyushu,kyushu,14.27,https://www.jepx.jp/_download.php?dir=spot_summary&file=spot_summary_2025.csv
2025-05-05,jepx-spread-range-kyushu,kyushu,12.21,https://www.jepx.jp/_download.php?dir=spot_summary&file=spot_summary_2025.csv
2025-05-06,jepx-spread-range-kyushu,kyushu,10.190000000000001,https://www.jepx.jp/_download.php?dir=spot_summary&file=spot_summary_2025.csv
2025-05-07,jepx-spread-range-kyushu,kyushu,14.02,https://www.jepx.jp/_download.php?dir=spot_summary&file=spot_summary_2025.csv
2025-05-08,jepx-spread-range-kyushu,kyushu,14.39,https://www.jepx.jp/_download.php?dir=spot_summary&file=spot_summary_2025.csv
2025-05-09,jepx-spread-range-kyushu,kyushu,7.58,https://www.jepx.jp/_download.php?dir=spot_summary&file=spot_summary_2025.csv
2025-05-10,jepx-spread-range-kyushu,kyushu,10.540000000000001,https://www.jepx.jp/_download.php?dir=spot_summary&file=spot_summary_2025.csv
2025-05-11,jepx-spread-range-kyushu,kyushu,6.08,https://www.jepx.jp/_download.php?dir=spot_summary&file=spot_summary_2025.csv
2025-05-12,jepx-spread-range-kyushu,kyushu,15.31,https://www.jepx.jp/_download.php?dir=spot_summary&file=spot_summary_2025.csv
2025-05-13,jepx-spread-range-kyushu,kyushu,14.27,https://www.jepx.jp/_download.php?dir=spot_summary&file=spot_summary_2025.csv
2025-05-14,jepx-spread-range-kyushu,kyushu,10.92,https://www.jepx.jp/_download.php?dir=spot_summary&file=spot_summary_2025.csv
2025-05-15,jepx-spread-range-kyushu,kyushu,11.07,https://www.jepx.jp/_download.php?dir=spot_summary&file=spot_summary_2025.csv
2025-05-16,jepx-spread-range-kyushu,kyushu,9.27,https://www.jepx.jp/_download.php?dir=spot_summary&file=spot_summary_2025.csv
2025-05-17,jepx-spread-range-kyushu,kyushu,6.040000000000001,https://www.jepx.jp/_download.php?dir=spot_summary&file=spot_summary_2025.csv
2025-05-18,jepx-spread-range-kyushu,kyushu,10.0,https://www.jepx.jp/_download.php?dir=spot_summary&file=spot_summary_2025.csv
2025-05-19,jepx-spread-range-kyushu,kyushu,13.73,https://www.jepx.jp/_download.php?dir=spot_summary&file=spot_summary_2025.csv
2025-05-20,jepx-spread-range-kyushu,kyushu,17.709999999999997,https://www.jepx.jp/_download.php?dir=spot_summary&file=spot_summary_2025.csv
2025-05-21,jepx-spread-range-kyushu,kyushu,11.190000000000001,https://www.jepx.jp/_download.php?dir=spot_summary&file=spot_summary_2025.csv
2025-05-22,jepx-spread-range-kyushu,kyushu,16.84,https://www.jepx.jp/_download.php?dir=spot_summary&file=spot_summary_2025.csv
2025-05-23,jepx-spread-range-kyushu,kyushu,8.81,https://www.jepx.jp/_download.php?dir=spot_summary&file=spot_summary_2025.csv
2025-05-24,jepx-spread-range-kyushu,kyushu,9.39,https://www.jepx.jp/_download.php?dir=spot_summary&file=spot_summary_2025.csv
2025-05-25,jepx-spread-range-kyushu,kyushu,7.57,https://www.jepx.jp/_download.php?dir=spot_summary&file=spot_summary_2025.csv
2025-05-26,jepx-spread-range-kyushu,kyushu,12.31,https://www.jepx.jp/_download.php?dir=spot_summary&file=spot_summary_2025.csv
2025-05-27,jepx-spread-range-kyushu,kyushu,11.36,https://www.jepx.jp/_download.php?dir=spot_summary&file=spot_summary_2025.csv
2025-05-28,jepx-spread-range-kyushu,kyushu,10.67,https://www.jepx.jp/_download.php?dir=spot_summary&file=spot_summary_2025.csv
2025-05-29,jepx-spread-range-kyushu,kyushu,6.93,https://www.jepx.jp/_download.php?dir=spot_summary&file=spot_summary_2025.csv
2025-05-30,jepx-spread-range-kyushu,kyushu,6.08,https://www.jepx.jp/_download.php?dir=spot_summary&file=spot_summary_2025.csv
2025-05-31,jepx-spread-range-kyushu,kyushu,8.73,https://www.jepx.jp/_download.php?dir=spot_summary&file=spot_summary_2025.csv
2025-06-01,jepx-spread-range-kyushu,kyushu,11.370000000000001,https://www.jepx.jp/_download.php?dir=spot_summary&file=spot_summary_2025.csv
2025-06-02,jepx-spread-range-kyushu,kyushu,6.57,https://www.jepx.jp/_download.php?dir=spot_summary&file=spot_summary_2025.csv
2025-06-03,jepx-spread-range-kyushu,kyushu,10.420000000000002,https://www.jepx.jp/_download.php?dir=spot_summary&file=spot_summary_2025.csv
2025-06-04,jepx-spread-range-kyushu,kyushu,13.15,https://www.jepx.jp/_download.php?dir=spot_summary&file=spot_summary_2025.csv
2025-06-05,jepx-spread-range-kyushu,kyushu,11.99,https://www.jepx.jp/_download.php?dir=spot_summary&file=spot_summary_2025.csv
2025-06-06,jepx-spread-range-kyushu,kyushu,10.99,https://www.jepx.jp/_download.php?dir=spot_summary&file=spot_summary_2025.csv
2025-06-07,jepx-spread-range-kyushu,kyushu,11.55,https://www.jepx.jp/_download.php?dir=spot_summary&file=spot_summary_2025.csv
2025-06-08,jepx-spread-range-kyushu,kyushu,4.720000000000001,https://www.jepx.jp/_download.php?dir=spot_summary&file=spot_summary_2025.csv
2025-06-09,jepx-spread-range-kyushu,kyushu,7.48,https://www.jepx.jp/_download.php?dir=spot_summary&file=spot_summary_2025.csv
2025-06-10,jepx-spread-range-kyushu,kyushu,10.069999999999999,https://www.jepx.jp/_download.php?dir=spot_summary&file=spot_summary_2025.csv
2025-06-11,jepx-spread-range-kyushu,kyushu,8.91,https://www.jepx.jp/_download.php?dir=spot_summary&file=spot_summary_2025.csv
2025-06-12,jepx-spread-range-kyushu,kyushu,6.48,https://www.jepx.jp/_download.php?dir=spot_summary&file=spot_summary_2025.csv
2025-06-13,jepx-spread-range-kyushu,kyushu,9.52,https://www.jepx.jp/_download.php?dir=spot_summary&file=spot_summary_2025.csv
2025-06-14,jepx-spread-range-kyushu,kyushu,3.3100000000000005,https://www.jepx.jp/_download.php?dir=spot_summary&file=spot_summary_2025.csv
2025-06-15,jepx-spread-range-kyushu,kyushu,11.99,https://www.jepx.jp/_download.php?dir=spot_summary&file=spot_summary_2025.csv
2025-06-16,jepx-spread-range-kyushu,kyushu,27.509999999999998,https://www.jepx.jp/_download.php?dir=spot_summary&file=spot_summary_2025.csv
2025-06-17,jepx-spread-range-kyushu,kyushu,23.72,https://www.jepx.jp/_download.php?dir=spot_summary&file=spot_summary_2025.csv
2025-06-18,jepx-spread-range-kyushu,kyushu,24.849999999999998,https://www.jepx.jp/_download.php?dir=spot_summary&file=spot_summary_2025.csv
2025-06-19,jepx-spread-range-kyushu,kyushu,30.549999999999997,https://www.jepx.jp/_download.php?dir=spot_summary&file=spot_summary_2025.csv
2025-06-20,jepx-spread-range-kyushu,kyushu,30.549999999999997,https://www.jepx.jp/_download.php?dir=spot_summary&file=spot_summary_2025.csv
2025-06-21,jepx-spread-range-kyushu,kyushu,13.39,https://www.jepx.jp/_download.php?dir=spot_summary&file=spot_summary_2025.csv
2025-06-22,jepx-spread-range-kyushu,kyushu,11.12,https://www.jepx.jp/_download.php?dir=spot_summary&file=spot_summary_2025.csv
2025-06-23,jepx-spread-range-kyushu,kyushu,12.4,https://www.jepx.jp/_download.php?dir=spot_summary&file=spot_summary_2025.csv
2025-06-24,jepx-spread-range-kyushu,kyushu,21.509999999999998,https://www.jepx.jp/_download.php?dir=spot_summary&file=spot_summary_2025.csv
2025-06-25,jepx-spread-range-kyushu,kyushu,22.05,https://www.jepx.jp/_download.php?dir=spot_summary&file=spot_summary_2025.csv
2025-06-26,jepx-spread-range-kyushu,kyushu,16.02,https://www.jepx.jp/_download.php?dir=spot_summary&file=spot_summary_2025.csv
2025-06-27,jepx-spread-range-kyushu,kyushu,16.23,https://www.jepx.jp/_download.php?dir=spot_summary&file=spot_summary_2025.csv
2025-06-28,jepx-spread-range-kyushu,kyushu,15.99,https://www.jepx.jp/_download.php?dir=spot_summary&file=spot_summary_2025.csv
2025-06-29,jepx-spread-range-kyushu,kyushu,16.189999999999998,https://www.jepx.jp/_download.php?dir=spot_summary&file=spot_summary_2025.csv
2025-06-30,jepx-spread-range-kyushu,kyushu,15.889999999999997,https://www.jepx.jp/_download.php?dir=spot_summary&file=spot_summary_2025.csv
2025-07-01,jepx-spread-range-kyushu,kyushu,13.809999999999999,https://www.jepx.jp/_download.php?dir=spot_summary&file=spot_summary_2025.csv
2025-07-02,jepx-spread-range-kyushu,kyushu,22.08,https://www.jepx.jp/_download.php?dir=spot_summary&file=spot_summary_2025.csv
2025-07-03,jepx-spread-range-kyushu,kyushu,17.3,https://www.jepx.jp/_download.php?dir=spot_summary&file=spot_summary_2025.csv
2025-07-04,jepx-spread-range-kyushu,kyushu,22.08,https://www.jepx.jp/_download.php?dir=spot_summary&file=spot_summary_2025.csv
2025-07-05,jepx-spread-range-kyushu,kyushu,12.43,https://www.jepx.jp/_download.php?dir=spot_summary&file=spot_summary_2025.csv
2025-07-06,jepx-spread-range-kyushu,kyushu,12.620000000000001,https://www.jepx.jp/_download.php?dir=spot_summary&file=spot_summary_2025.csv
2025-07-07,jepx-spread-range-kyushu,kyushu,27.6,https://www.jepx.jp/_download.php?dir=spot_summary&file=spot_summary_2025.csv
2025-07-08,jepx-spread-range-kyushu,kyushu,27.36,https://www.jepx.jp/_download.php?dir=spot_summary&file=spot_summary_2025.csv
2025-07-09,jepx-spread-range-kyushu,kyushu,16.22,https://www.jepx.jp/_download.php?dir=spot_summary&file=spot_summary_2025.csv
2025-07-10,jepx-spread-range-kyushu,kyushu,14.019999999999998,https://www.jepx.jp/_download.php?dir=spot_summary&file=spot_summary_2025.csv
2025-07-11,jepx-spread-range-kyushu,kyushu,7.529999999999999,https://www.jepx.jp/_download.php?dir=spot_summary&file=spot_summary_2025.csv
2025-07-12,jepx-spread-range-kyushu,kyushu,8.11,https://www.jepx.jp/_download.php?dir=spot_summary&file=spot_summary_2025.csv
2025-07-13,jepx-spread-range-kyushu,kyushu,10.28,https://www.jepx.jp/_download.php?dir=spot_summary&file=spot_summary_2025.csv
2025-07-14,jepx-spread-range-kyushu,kyushu,10.45,https://www.jepx.jp/_download.php?dir=spot_summary&file=spot_summary_2025.csv
2025-07-15,jepx-spread-range-kyushu,kyushu,12.75,https://www.jepx.jp/_download.php?dir=spot_summary&file=spot_summary_2025.csv
2025-07-16,jepx-spread-range-kyushu,kyushu,10.4,https://www.jepx.jp/_download.php?dir=spot_summary&file=spot_summary_2025.csv
2025-07-17,jepx-spread-range-kyushu,kyushu,8.32,https://www.jepx.jp/_download.php?dir=spot_summary&file=spot_summary_2025.csv
2025-07-18,jepx-spread-range-kyushu,kyushu,9.96,https://www.jepx.jp/_download.php?dir=spot_summary&file=spot_summary_2025.csv
2025-07-19,jepx-spread-range-kyushu,kyushu,6.09,https://www.jepx.jp/_download.php?dir=spot_summary&file=spot_summary_2025.csv
2025-07-20,jepx-spread-range-kyushu,kyushu,9.7,https://www.jepx.jp/_download.php?dir=spot_summary&file=spot_summary_2025.csv
2025-07-21,jepx-spread-range-kyushu,kyushu,13.829999999999998,https://www.jepx.jp/_download.php?dir=spot_summary&file=spot_summary_2025.csv
2025-07-22,jepx-spread-range-kyushu,kyushu,13.0,https://www.jepx.jp/_download.php?dir=spot_summary&file=spot_summary_2025.csv
2025-07-23,jepx-spread-range-kyushu,kyushu,13.120000000000001,https://www.jepx.jp/_download.php?dir=spot_summary&file=spot_summary_2025.csv
2025-07-24,jepx-spread-range-kyushu,kyushu,12.670000000000002,https://www.jepx.jp/_download.php?dir=spot_summary&file=spot_summary_2025.csv
2025-07-25,jepx-spread-range-kyushu,kyushu,12.48,https://www.jepx.jp/_download.php?dir=spot_summary&file=spot_summary_2025.csv
2025-07-26,jepx-spread-range-kyushu,kyushu,10.02,https://www.jepx.jp/_download.php?dir=spot_summary&file=spot_summary_2025.csv
2025-07-27,jepx-spread-range-kyushu,kyushu,11.17,https://www.jepx.jp/_download.php?dir=spot_summary&file=spot_summary_2025.csv
2025-07-28,jepx-spread-range-kyushu,kyushu,24.43,https://www.jepx.jp/_download.php?dir=spot_summary&file=spot_summary_2025.csv
2025-07-29,jepx-spread-range-kyushu,kyushu,30.9,https://www.jepx.jp/_download.php?dir=spot_summary&file=spot_summary_2025.csv
2025-07-30,jepx-spread-range-kyushu,kyushu,24.310000000000002,https://www.jepx.jp/_download.php?dir=spot_summary&file=spot_summary_2025.csv
2025-07-31,jepx-spread-range-kyushu,kyushu,13.170000000000002,https://www.jepx.jp/_download.php?dir=spot_summary&file=spot_summary_2025.csv
2025-08-01,jepx-spread-range-kyushu,kyushu,13.27,https://www.jepx.jp/_download.php?dir=spot_summary&file=spot_summary_2025.csv
2025-08-02,jepx-spread-range-kyushu,kyushu,13.91,https://www.jepx.jp/_download.php?dir=spot_summary&file=spot_summary_2025.csv
2025-08-03,jepx-spread-range-kyushu,kyushu,11.09,https://www.jepx.jp/_download.php?dir=spot_summary&file=spot_summary_2025.csv
2025-08-04,jepx-spread-range-kyushu,kyushu,12.729999999999999,https://www.jepx.jp/_download.php?dir=spot_summary&file=spot_summary_2025.csv
2025-08-05,jepx-spread-range-kyushu,kyushu,26.04,https://www.jepx.jp/_download.php?dir=spot_summary&file=spot_summary_2025.csv
2025-08-06,jepx-spread-range-kyushu,kyushu,14.58,https://www.jepx.jp/_download.php?dir=spot_summary&file=spot_summary_2025.csv
2025-08-07,jepx-spread-range-kyushu,kyushu,11.7,https://www.jepx.jp/_download.php?dir=spot_summary&file=spot_summary_2025.csv
2025-08-08,jepx-spread-range-kyushu,kyushu,10.68,https://www.jepx.jp/_download.php?dir=spot_summary&file=spot_summary_2025.csv
2025-08-09,jepx-spread-range-kyushu,kyushu,6.74,https://www.jepx.jp/_download.php?dir=spot_summary&file=spot_summary_2025.csv
2025-08-10,jepx-spread-range-kyushu,kyushu,4.450000000000001,https://www.jepx.jp/_download.php?dir=spot_summary&file=spot_summary_2025.csv
2025-08-11,jepx-spread-range-kyushu,kyushu,3.5200000000000005,https://www.jepx.jp/_download.php?dir=spot_summary&file=spot_summary_2025.csv
2025-08-12,jepx-spread-range-kyushu,kyushu,5.78,https://www.jepx.jp/_download.php?dir=spot_summary&file=spot_summary_2025.csv
2025-08-13,jepx-spread-range-kyushu,kyushu,9.700000000000001,https://www.jepx.jp/_download.php?dir=spot_summary&file=spot_summary_2025.csv
2025-08-14,jepx-spread-range-kyushu,kyushu,7.4,https://www.jepx.jp/_download.php?dir=spot_summary&file=spot_summary_2025.csv
2025-08-15,jepx-spread-range-kyushu,kyushu,6.24,https://www.jepx.jp/_download.php?dir=spot_summary&file=spot_summary_2025.csv
2025-08-16,jepx-spread-range-kyushu,kyushu,7.130000000000001,https://www.jepx.jp/_download.php?dir=spot_summary&file=spot_summary_2025.csv
2025-08-17,jepx-spread-range-kyushu,kyushu,8.14,https://www.jepx.jp/_download.php?dir=spot_summary&file=spot_summary_2025.csv
2025-08-18,jepx-spread-range-kyushu,kyushu,10.620000000000001,https://www.jepx.jp/_download.php?dir=spot_summary&file=spot_summary_2025.csv
2025-08-19,jepx-spread-range-kyushu,kyushu,11.89,https://www.jepx.jp/_download.php?dir=spot_summary&file=spot_summary_2025.csv
2025-08-20,jepx-spread-range-kyushu,kyushu,11.600000000000001,https://www.jepx.jp/_download.php?dir=spot_summary&file=spot_summary_2025.csv
2025-08-21,jepx-spread-range-kyushu,kyushu,11.559999999999999,https://www.jepx.jp/_download.php?dir=spot_summary&file=spot_summary_2025.csv
2025-08-22,jepx-spread-range-kyushu,kyushu,12.55,https://www.jepx.jp/_download.php?dir=spot_summary&file=spot_summary_2025.csv
2025-08-23,jepx-spread-range-kyushu,kyushu,7.28,https://www.jepx.jp/_download.php?dir=spot_summary&file=spot_summary_2025.csv
2025-08-24,jepx-spread-range-kyushu,kyushu,7.179999999999999,https://www.jepx.jp/_download.php?dir=spot_summary&file=spot_summary_2025.csv
2025-08-25,jepx-spread-range-kyushu,kyushu,12.83,https://www.jepx.jp/_download.php?dir=spot_summary&file=spot_summary_2025.csv
2025-08-26,jepx-spread-range-kyushu,kyushu,12.64,https://www.jepx.jp/_download.php?dir=spot_summary&file=spot_summary_2025.csv
2025-08-27,jepx-spread-range-kyushu,kyushu,10.370000000000001,https://www.jepx.jp/_download.php?dir=spot_summary&file=spot_summary_2025.csv
2025-08-28,jepx-spread-range-kyushu,kyushu,11.349999999999998,https://www.jepx.jp/_download.php?dir=spot_summary&file=spot_summary_2025.csv
2025-08-29,jepx-spread-range-kyushu,kyushu,11.18,https://www.jepx.jp/_download.php?dir=spot_summary&file=spot_summary_2025.csv
2025-08-30,jepx-spread-range-kyushu,kyushu,7.9799999999999995,https://www.jepx.jp/_download.php?dir=spot_summary&file=spot_summary_2025.csv
2025-08-31,jepx-spread-range-kyushu,kyushu,9.16,https://www.jepx.jp/_download.php?dir=spot_summary&file=spot_summary_2025.csv
2025-09-01,jepx-spread-range-kyushu,kyushu,13.439999999999998,https://www.jepx.jp/_download.php?dir=spot_summary&file=spot_summary_2025.csv
2025-09-02,jepx-spread-range-kyushu,kyushu,13.4,https://www.jepx.jp/_download.php?dir=spot_summary&file=spot_summary_2025.csv
2025-09-03,jepx-spread-range-kyushu,kyushu,25.47,https://www.jepx.jp/_download.php?dir=spot_summary&file=spot_summary_2025.csv
2025-09-04,jepx-spread-range-kyushu,kyushu,11.669999999999998,https://www.jepx.jp/_download.php?dir=spot_summary&file=spot_summary_2025.csv
2025-09-05,jepx-spread-range-kyushu,kyushu,12.779999999999998,https://www.jepx.jp/_download.php?dir=spot_summary&file=spot_summary_2025.csv
2025-09-06,jepx-spread-range-kyushu,kyushu,10.1,https://www.jepx.jp/_download.php?dir=spot_summary&file=spot_summary_2025.csv
2025-09-07,jepx-spread-range-kyushu,kyushu,9.75,https://www.jepx.jp/_download.php?dir=spot_summary&file=spot_summary_2025.csv
2025-09-08,jepx-spread-range-kyushu,kyushu,15.84,https://www.jepx.jp/_download.php?dir=spot_summary&file=spot_summary_2025.csv
2025-09-09,jepx-spread-range-kyushu,kyushu,12.440000000000001,https://www.jepx.jp/_download.php?dir=spot_summary&file=spot_summary_2025.csv
2025-09-10,jepx-spread-range-kyushu,kyushu,16.77,https://www.jepx.jp/_download.php?dir=spot_summary&file=spot_summary_2025.csv
2025-09-11,jepx-spread-range-kyushu,kyushu,10.729999999999999,https://www.jepx.jp/_download.php?dir=spot_summary&file=spot_summary_2025.csv
2025-09-12,jepx-spread-range-kyushu,kyushu,7.090000000000001,https://www.jepx.jp/_download.php?dir=spot_summary&file=spot_summary_2025.csv
2025-09-13,jepx-spread-range-kyushu,kyushu,5.739999999999999,https://www.jepx.jp/_download.php?dir=spot_summary&file=spot_summary_2025.csv
2025-09-14,jepx-spread-range-kyushu,kyushu,10.589999999999998,https://www.jepx.jp/_download.php?dir=spot_summary&file=spot_summary_2025.csv
2025-09-15,jepx-spread-range-kyushu,kyushu,11.760000000000002,https://www.jepx.jp/_download.php?dir=spot_summary&file=spot_summary_2025.csv
2025-09-16,jepx-spread-range-kyushu,kyushu,15.489999999999998,https://www.jepx.jp/_download.php?dir=spot_summary&file=spot_summary_2025.csv
2025-09-17,jepx-spread-range-kyushu,kyushu,16.47,https://www.jepx.jp/_download.php?dir=spot_summary&file=spot_summary_2025.csv
2025-09-18,jepx-spread-range-kyushu,kyushu,15.49,https://www.jepx.jp/_download.php?dir=spot_summary&file=spot_summary_2025.csv
2025-09-19,jepx-spread-range-kyushu,kyushu,9.059999999999999,https://www.jepx.jp/_download.php?dir=spot_summary&file=spot_summary_2025.csv
2025-09-20,jepx-spread-range-kyushu,kyushu,7.140000000000001,https://www.jepx.jp/_download.php?dir=spot_summary&file=spot_summary_2025.csv
2025-09-21,jepx-spread-range-kyushu,kyushu,11.010000000000002,https://www.jepx.jp/_download.php?dir=spot_summary&file=spot_summary_2025.csv
2025-09-22,jepx-spread-range-kyushu,kyushu,6.990000000000001,https://www.jepx.jp/_download.php?dir=spot_summary&file=spot_summary_2025.csv
2025-09-23,jepx-spread-range-kyushu,kyushu,2.4300000000000006,https://www.jepx.jp/_download.php?dir=spot_summary&file=spot_summary_2025.csv
2025-09-24,jepx-spread-range-kyushu,kyushu,8.41,https://www.jepx.jp/_download.php?dir=spot_summary&file=spot_summary_2025.csv
2025-09-25,jepx-spread-range-kyushu,kyushu,7.680000000000001,https://www.jepx.jp/_download.php?dir=spot_summary&file=spot_summary_2025.csv
2025-09-26,jepx-spread-range-kyushu,kyushu,11.48,https://www.jepx.jp/_download.php?dir=spot_summary&file=spot_summary_2025.csv
2025-09-27,jepx-spread-range-kyushu,kyushu,4.929999999999999,https://www.jepx.jp/_download.php?dir=spot_summary&file=spot_summary_2025.csv
2025-09-28,jepx-spread-range-kyushu,kyushu,5.289999999999999,https://www.jepx.jp/_download.php?dir=spot_summary&file=spot_summary_2025.csv
2025-09-29,jepx-spread-range-kyushu,kyushu,6.4399999999999995,https://www.jepx.jp/_download.php?dir=spot_summary&file=spot_summary_2025.csv
2025-09-30,jepx-spread-range-kyushu,kyushu,7.08,https://www.jepx.jp/_download.php?dir=spot_summary&file=spot_summary_2025.csv
2025-10-01,jepx-spread-range-kyushu,kyushu,13.58,https://www.jepx.jp/_download.php?dir=spot_summary&file=spot_summary_2025.csv
2025-10-02,jepx-spread-range-kyushu,kyushu,9.940000000000001,https://www.jepx.jp/_download.php?dir=spot_summary&file=spot_summary_2025.csv
2025-10-03,jepx-spread-range-kyushu,kyushu,9.34,https://www.jepx.jp/_download.php?dir=spot_summary&file=spot_summary_2025.csv
2025-10-04,jepx-spread-range-kyushu,kyushu,6.02,https://www.jepx.jp/_download.php?dir=spot_summary&file=spot_summary_2025.csv
2025-10-05,jepx-spread-range-kyushu,kyushu,9.01,https://www.jepx.jp/_download.php?dir=spot_summary&file=spot_summary_2025.csv
2025-10-06,jepx-spread-range-kyushu,kyushu,11.290000000000003,https://www.jepx.jp/_download.php?dir=spot_summary&file=spot_summary_2025.csv
2025-10-07,jepx-spread-range-kyushu,kyushu,10.49,https://www.jepx.jp/_download.php?dir=spot_summary&file=spot_summary_2025.csv
2025-10-08,jepx-spread-range-kyushu,kyushu,12.08,https://www.jepx.jp/_download.php?dir=spot_summary&file=spot_summary_2025.csv
2025-10-09,jepx-spread-range-kyushu,kyushu,11.33,https://www.jepx.jp/_download.php?dir=spot_summary&file=spot_summary_2025.csv
2025-10-10,jepx-spread-range-kyushu,kyushu,10.56,https://www.jepx.jp/_download.php?dir=spot_summary&file=spot_summary_2025.csv
2025-10-11,jepx-spread-range-kyushu,kyushu,6.529999999999999,https://www.jepx.jp/_download.php?dir=spot_summary&file=spot_summary_2025.csv
2025-10-12,jepx-spread-range-kyushu,kyushu,8.8,https://www.jepx.jp/_download.php?dir=spot_summary&file=spot_summary_2025.csv
2025-10-13,jepx-spread-range-kyushu,kyushu,13.33,https://www.jepx.jp/_download.php?dir=spot_summary&file=spot_summary_2025.csv
2025-10-14,jepx-spread-range-kyushu,kyushu,10.95,https://www.jepx.jp/_download.php?dir=spot_summary&file=spot_summary_2025.csv
2025-10-15,jepx-spread-range-kyushu,kyushu,18.46,https://www.jepx.jp/_download.php?dir=spot_summary&file=spot_summary_2025.csv
2025-10-16,jepx-spread-range-kyushu,kyushu,35.39,https://www.jepx.jp/_download.php?dir=spot_summary&file=spot_summary_2025.csv
2025-10-17,jepx-spread-range-kyushu,kyushu,11.73,https://www.jepx.jp/_download.php?dir=spot_summary&file=spot_summary_2025.csv
2025-10-18,jepx-spread-range-kyushu,kyushu,6.9,https://www.jepx.jp/_download.php?dir=spot_summary&file=spot_summary_2025.csv
2025-10-19,jepx-spread-range-kyushu,kyushu,6.2700000000000005,https://www.jepx.jp/_download.php?dir=spot_summary&file=spot_summary_2025.csv
2025-10-20,jepx-spread-range-kyushu,kyushu,10.030000000000001,https://www.jepx.jp/_download.php?dir=spot_summary&file=spot_summary_2025.csv
2025-10-21,jepx-spread-range-kyushu,kyushu,9.07,https://www.jepx.jp/_download.php?dir=spot_summary&file=spot_summary_2025.csv
2025-10-22,jepx-spread-range-kyushu,kyushu,10.08,https://www.jepx.jp/_download.php?dir=spot_summary&file=spot_summary_2025.csv
2025-10-23,jepx-spread-range-kyushu,kyushu,6.5600000000000005,https://www.jepx.jp/_download.php?dir=spot_summary&file=spot_summary_2025.csv
2025-10-24,jepx-spread-range-kyushu,kyushu,11.57,https://www.jepx.jp/_download.php?dir=spot_summary&file=spot_summary_2025.csv
2025-10-25,jepx-spread-range-kyushu,kyushu,10.49,https://www.jepx.jp/_download.php?dir=spot_summary&file=spot_summary_2025.csv
2025-10-26,jepx-spread-range-kyushu,kyushu,12.73,https://www.jepx.jp/_download.php?dir=spot_summary&file=spot_summary_2025.csv
2025-10-27,jepx-spread-range-kyushu,kyushu,12.47,https://www.jepx.jp/_download.php?dir=spot_summary&file=spot_summary_2025.csv
2025-10-28,jepx-spread-range-kyushu,kyushu,17.599999999999998,https://www.jepx.jp/_download.php?dir=spot_summary&file=spot_summary_2025.csv
2025-10-29,jepx-spread-range-kyushu,kyushu,13.26,https://www.jepx.jp/_download.php?dir=spot_summary&file=spot_summary_2025.csv
2025-10-30,jepx-spread-range-kyushu,kyushu,16.9,https://www.jepx.jp/_download.php?dir=spot_summary&file=spot_summary_2025.csv
2025-10-31,jepx-spread-range-kyushu,kyushu,9.969999999999999,https://www.jepx.jp/_download.php?dir=spot_summary&file=spot_summary_2025.csv
2025-11-01,jepx-spread-range-kyushu,kyushu,11.190000000000001,https://www.jepx.jp/_download.php?dir=spot_summary&file=spot_summary_2025.csv
2025-11-02,jepx-spread-range-kyushu,kyushu,10.870000000000001,https://www.jepx.jp/_download.php?dir=spot_summary&file=spot_summary_2025.csv
2025-11-03,jepx-spread-range-kyushu,kyushu,12.49,https://www.jepx.jp/_download.php?dir=spot_summary&file=spot_summary_2025.csv
2025-11-04,jepx-spread-range-kyushu,kyushu,8.49,https://www.jepx.jp/_download.php?dir=spot_summary&file=spot_summary_2025.csv
2025-11-05,jepx-spread-range-kyushu,kyushu,9.549999999999999,https://www.jepx.jp/_download.php?dir=spot_summary&file=spot_summary_2025.csv
2025-11-06,jepx-spread-range-kyushu,kyushu,11.49,https://www.jepx.jp/_download.php?dir=spot_summary&file=spot_summary_2025.csv
2025-11-07,jepx-spread-range-kyushu,kyushu,11.99,https://www.jepx.jp/_download.php?dir=spot_summary&file=spot_summary_2025.csv
2025-11-08,jepx-spread-range-kyushu,kyushu,14.39,https://www.jepx.jp/_download.php?dir=spot_summary&file=spot_summary_2025.csv
2025-11-09,jepx-spread-range-kyushu,kyushu,6.88,https://www.jepx.jp/_download.php?dir=spot_summary&file=spot_summary_2025.csv
2025-11-10,jepx-spread-range-kyushu,kyushu,14.46,https://www.jepx.jp/_download.php?dir=spot_summary&file=spot_summary_2025.csv
2025-11-11,jepx-spread-range-kyushu,kyushu,16.77,https://www.jepx.jp/_download.php?dir=spot_summary&file=spot_summary_2025.csv
2025-11-12,jepx-spread-range-kyushu,kyushu,11.23,https://www.jepx.jp/_download.php?dir=spot_summary&file=spot_summary_2025.csv
2025-11-13,jepx-spread-range-kyushu,kyushu,9.95,https://www.jepx.jp/_download.php?dir=spot_summary&file=spot_summary_2025.csv
2025-11-14,jepx-spread-range-kyushu,kyushu,15.5,https://www.jepx.jp/_download.php?dir=spot_summary&file=spot_summary_2025.csv
2025-11-15,jepx-spread-range-kyushu,kyushu,14.49,https://www.jepx.jp/_download.php?dir=spot_summary&file=spot_summary_2025.csv
2025-11-16,jepx-spread-range-kyushu,kyushu,12.69,https://www.jepx.jp/_download.php?dir=spot_summary&file=spot_summary_2025.csv
2025-11-17,jepx-spread-range-kyushu,kyushu,8.86,https://www.jepx.jp/_download.php?dir=spot_summary&file=spot_summary_2025.csv
2025-11-18,jepx-spread-range-kyushu,kyushu,9.93,https://www.jepx.jp/_download.php?dir=spot_summary&file=spot_summary_2025.csv
2025-11-19,jepx-spread-range-kyushu,kyushu,10.1,https://www.jepx.jp/_download.php?dir=spot_summary&file=spot_summary_2025.csv
2025-11-20,jepx-spread-range-kyushu,kyushu,11.560000000000002,https://www.jepx.jp/_download.php?dir=spot_summary&file=spot_summary_2025.csv
2025-11-21,jepx-spread-range-kyushu,kyushu,13.28,https://www.jepx.jp/_download.php?dir=spot_summary&file=spot_summary_2025.csv
2025-11-22,jepx-spread-range-kyushu,kyushu,12.69,https://www.jepx.jp/_download.php?dir=spot_summary&file=spot_summary_2025.csv
2025-11-23,jepx-spread-range-kyushu,kyushu,12.71,https://www.jepx.jp/_download.php?dir=spot_summary&file=spot_summary_2025.csv
2025-11-24,jepx-spread-range-kyushu,kyushu,11.7,https://www.jepx.jp/_download.php?dir=spot_summary&file=spot_summary_2025.csv
2025-11-25,jepx-spread-range-kyushu,kyushu,6.44,https://www.jepx.jp/_download.php?dir=spot_summary&file=spot_summary_2025.csv
2025-11-26,jepx-spread-range-kyushu,kyushu,13.57,https://www.jepx.jp/_download.php?dir=spot_summary&file=spot_summary_2025.csv
2025-11-27,jepx-spread-range-kyushu,kyushu,10.349999999999998,https://www.jepx.jp/_download.php?dir=spot_summary&file=spot_summary_2025.csv
2025-11-28,jepx-spread-range-kyushu,kyushu,13.99,https://www.jepx.jp/_download.php?dir=spot_summary&file=spot_summary_2025.csv
2025-11-29,jepx-spread-range-kyushu,kyushu,12.49,https://www.jepx.jp/_download.php?dir=spot_summary&file=spot_summary_2025.csv
2025-11-30,jepx-spread-range-kyushu,kyushu,10.49,https://www.jepx.jp/_download.php?dir=spot_summary&file=spot_summary_2025.csv
2025-12-01,jepx-spread-range-kyushu,kyushu,6.58,https://www.jepx.jp/_download.php?dir=spot_summary&file=spot_summary_2025.csv
2025-12-02,jepx-spread-range-kyushu,kyushu,5.419999999999999,https://www.jepx.jp/_download.php?dir=spot_summary&file=spot_summary_2025.csv
2025-12-03,jepx-spread-range-kyushu,kyushu,8.5,https://www.jepx.jp/_download.php?dir=spot_summary&file=spot_summary_2025.csv
2025-12-04,jepx-spread-range-kyushu,kyushu,10.019999999999998,https://www.jepx.jp/_download.php?dir=spot_summary&file=spot_summary_2025.csv
2025-12-05,jepx-spread-range-kyushu,kyushu,12.240000000000002,https://www.jepx.jp/_download.php?dir=spot_summary&file=spot_summary_2025.csv
2025-12-06,jepx-spread-range-kyushu,kyushu,17.029999999999998,https://www.jepx.jp/_download.php?dir=spot_summary&file=spot_summary_2025.csv
2025-12-07,jepx-spread-range-kyushu,kyushu,11.99,https://www.jepx.jp/_download.php?dir=spot_summary&file=spot_summary_2025.csv
2025-12-08,jepx-spread-range-kyushu,kyushu,6.949999999999999,https://www.jepx.jp/_download.php?dir=spot_summary&file=spot_summary_2025.csv
2025-12-09,jepx-spread-range-kyushu,kyushu,11.25,https://www.jepx.jp/_download.php?dir=spot_summary&file=spot_summary_2025.csv
2025-12-10,jepx-spread-range-kyushu,kyushu,10.49,https://www.jepx.jp/_download.php?dir=spot_summary&file=spot_summary_2025.csv
2025-12-11,jepx-spread-range-kyushu,kyushu,7.389999999999999,https://www.jepx.jp/_download.php?dir=spot_summary&file=spot_summary_2025.csv
2025-12-12,jepx-spread-range-kyushu,kyushu,9.04,https://www.jepx.jp/_download.php?dir=spot_summary&file=spot_summary_2025.csv
2025-12-13,jepx-spread-range-kyushu,kyushu,6.35,https://www.jepx.jp/_download.php?dir=spot_summary&file=spot_summary_2025.csv
2025-12-14,jepx-spread-range-kyushu,kyushu,5.83,https://www.jepx.jp/_download.php?dir=spot_summary&file=spot_summary_2025.csv
2025-12-15,jepx-spread-range-kyushu,kyushu,7.54,https://www.jepx.jp/_download.php?dir=spot_summary&file=spot_summary_2025.csv
2025-12-16,jepx-spread-range-kyushu,kyushu,7.409999999999999,https://www.jepx.jp/_download.php?dir=spot_summary&file=spot_summary_2025.csv
2025-12-17,jepx-spread-range-kyushu,kyushu,6.25,https://www.jepx.jp/_download.php?dir=spot_summary&file=spot_summary_2025.csv
2025-12-18,jepx-spread-range-kyushu,kyushu,7.800000000000001,https://www.jepx.jp/_download.php?dir=spot_summary&file=spot_summary_2025.csv
2025-12-19,jepx-spread-range-kyushu,kyushu,7.5,https://www.jepx.jp/_download.php?dir=spot_summary&file=spot_summary_2025.csv
2025-12-20,jepx-spread-range-kyushu,kyushu,2.3100000000000005,https://www.jepx.jp/_download.php?dir=spot_summary&file=spot_summary_2025.csv
2025-12-21,jepx-spread-range-kyushu,kyushu,2.67,https://www.jepx.jp/_download.php?dir=spot_summary&file=spot_summary_2025.csv
2025-12-22,jepx-spread-range-kyushu,kyushu,5.890000000000001,https://www.jepx.jp/_download.php?dir=spot_summary&file=spot_summary_2025.csv
2025-12-23,jepx-spread-range-kyushu,kyushu,6.61,https://www.jepx.jp/_download.php?dir=spot_summary&file=spot_summary_2025.csv
2025-12-24,jepx-spread-range-kyushu,kyushu,5.12,https://www.jepx.jp/_download.php?dir=spot_summary&file=spot_summary_2025.csv
2025-12-25,jepx-spread-range-kyushu,kyushu,3.74,https://www.jepx.jp/_download.php?dir=spot_summary&file=spot_summary_2025.csv
2025-12-26,jepx-spread-range-kyushu,kyushu,3.7300000000000004,https://www.jepx.jp/_download.php?dir=spot_summary&file=spot_summary_2025.csv
2025-12-27,jepx-spread-range-kyushu,kyushu,5.66,https://www.jepx.jp/_download.php?dir=spot_summary&file=spot_summary_2025.csv
2025-12-28,jepx-spread-range-kyushu,kyushu,9.88,https://www.jepx.jp/_download.php?dir=spot_summary&file=spot_summary_2025.csv
2025-12-29,jepx-spread-range-kyushu,kyushu,6.359999999999999,https://www.jepx.jp/_download.php?dir=spot_summary&file=spot_summary_2025.csv
2025-12-30,jepx-spread-range-kyushu,kyushu,6.68,https://www.jepx.jp/_download.php?dir=spot_summary&file=spot_summary_2025.csv
2025-12-31,jepx-spread-range-kyushu,kyushu,9.61,https://www.jepx.jp/_download.php?dir=spot_summary&file=spot_summary_2025.csv
2026-01-01,jepx-spread-range-kyushu,kyushu,4.43,https://www.jepx.jp/_download.php?dir=spot_summary&file=spot_summary_2025.csv
2026-01-02,jepx-spread-range-kyushu,kyushu,6.36,https://www.jepx.jp/_download.php?dir=spot_summary&file=spot_summary_2025.csv
2026-01-03,jepx-spread-range-kyushu,kyushu,10.99,https://www.jepx.jp/_download.php?dir=spot_summary&file=spot_summary_2025.csv
2026-01-04,jepx-spread-range-kyushu,kyushu,5.2,https://www.jepx.jp/_download.php?dir=spot_summary&file=spot_summary_2025.csv
2026-01-05,jepx-spread-range-kyushu,kyushu,7.41,https://www.jepx.jp/_download.php?dir=spot_summary&file=spot_summary_2025.csv
2026-01-06,jepx-spread-range-kyushu,kyushu,7.08,https://www.jepx.jp/_download.php?dir=spot_summary&file=spot_summary_2025.csv
2026-01-07,jepx-spread-range-kyushu,kyushu,8.63,https://www.jepx.jp/_download.php?dir=spot_summary&file=spot_summary_2025.csv
2026-01-08,jepx-spread-range-kyushu,kyushu,9.139999999999999,https://www.jepx.jp/_download.php?dir=spot_summary&file=spot_summary_2025.csv
2026-01-09,jepx-spread-range-kyushu,kyushu,11.559999999999999,https://www.jepx.jp/_download.php?dir=spot_summary&file=spot_summary_2025.csv
2026-01-10,jepx-spread-range-kyushu,kyushu,5.0,https://www.jepx.jp/_download.php?dir=spot_summary&file=spot_summary_2025.csv
2026-01-11,jepx-spread-range-kyushu,kyushu,5.29,https://www.jepx.jp/_download.php?dir=spot_summary&file=spot_summary_2025.csv
2026-01-12,jepx-spread-range-kyushu,kyushu,6.8,https://www.jepx.jp/_download.php?dir=spot_summary&file=spot_summary_2025.csv
2026-01-13,jepx-spread-range-kyushu,kyushu,6.15,https://www.jepx.jp/_download.php?dir=spot_summary&file=spot_summary_2025.csv
2026-01-14,jepx-spread-range-kyushu,kyushu,14.02,https://www.jepx.jp/_download.php?dir=spot_summary&file=spot_summary_2025.csv
2026-01-15,jepx-spread-range-kyushu,kyushu,9.39,https://www.jepx.jp/_download.php?dir=spot_summary&file=spot_summary_2025.csv
2026-01-16,jepx-spread-range-kyushu,kyushu,11.73,https://www.jepx.jp/_download.php?dir=spot_summary&file=spot_summary_2025.csv
2026-01-17,jepx-spread-range-kyushu,kyushu,10.99,https://www.jepx.jp/_download.php?dir=spot_summary&file=spot_summary_2025.csv
2026-01-18,jepx-spread-range-kyushu,kyushu,11.49,https://www.jepx.jp/_download.php?dir=spot_summary&file=spot_summary_2025.csv
2026-01-19,jepx-spread-range-kyushu,kyushu,10.5,https://www.jepx.jp/_download.php?dir=spot_summary&file=spot_summary_2025.csv
2026-01-20,jepx-spread-range-kyushu,kyushu,8.649999999999999,https://www.jepx.jp/_download.php?dir=spot_summary&file=spot_summary_2025.csv
2026-01-21,jepx-spread-range-kyushu,kyushu,9.389999999999999,https://www.jepx.jp/_download.php?dir=spot_summary&file=spot_summary_2025.csv
2026-01-22,jepx-spread-range-kyushu,kyushu,13.940000000000001,https://www.jepx.jp/_download.php?dir=spot_summary&file=spot_summary_2025.csv
2026-01-23,jepx-spread-range-kyushu,kyushu,10.16,https://www.jepx.jp/_download.php?dir=spot_summary&file=spot_summary_2025.csv
2026-01-24,jepx-spread-range-kyushu,kyushu,7.5,https://www.jepx.jp/_download.php?dir=spot_summary&file=spot_summary_2025.csv
2026-01-25,jepx-spread-range-kyushu,kyushu,14.410000000000002,https://www.jepx.jp/_download.php?dir=spot_summary&file=spot_summary_2025.csv
2026-01-26,jepx-spread-range-kyushu,kyushu,21.77,https://www.jepx.jp/_download.php?dir=spot_summary&file=spot_summary_2025.csv
2026-01-27,jepx-spread-range-kyushu,kyushu,10.66,https://www.jepx.jp/_download.php?dir=spot_summary&file=spot_summary_2025.csv
2026-01-28,jepx-spread-range-kyushu,kyushu,9.87,https://www.jepx.jp/_download.php?dir=spot_summary&file=spot_summary_2025.csv
2026-01-29,jepx-spread-range-kyushu,kyushu,9.74,https://www.jepx.jp/_download.php?dir=spot_summary&file=spot_summary_2025.csv
2026-01-30,jepx-spread-range-kyushu,kyushu,11.819999999999999,https://www.jepx.jp/_download.php?dir=spot_summary&file=spot_summary_2025.csv
2026-01-31,jepx-spread-range-kyushu,kyushu,7.13,https://www.jepx.jp/_download.php?dir=spot_summary&file=spot_summary_2025.csv
2026-02-01,jepx-spread-range-kyushu,kyushu,6.69,https://www.jepx.jp/_download.php?dir=spot_summary&file=spot_summary_2025.csv
2026-02-02,jepx-spread-range-kyushu,kyushu,9.350000000000001,https://www.jepx.jp/_download.php?dir=spot_summary&file=spot_summary_2025.csv
2026-02-03,jepx-spread-range-kyushu,kyushu,13.750000000000002,https://www.jepx.jp/_download.php?dir=spot_summary&file=spot_summary_2025.csv
2026-02-04,jepx-spread-range-kyushu,kyushu,8.240000000000002,https://www.jepx.jp/_download.php?dir=spot_summary&file=spot_summary_2025.csv
2026-02-05,jepx-spread-range-kyushu,kyushu,7.460000000000001,https://www.jepx.jp/_download.php?dir=spot_summary&file=spot_summary_2025.csv
2026-02-06,jepx-spread-range-kyushu,kyushu,4.609999999999999,https://www.jepx.jp/_download.php?dir=spot_summary&file=spot_summary_2025.csv
2026-02-07,jepx-spread-range-kyushu,kyushu,13.49,https://www.jepx.jp/_download.php?dir=spot_summary&file=spot_summary_2025.csv
2026-02-08,jepx-spread-range-kyushu,kyushu,10.959999999999999,https://www.jepx.jp/_download.php?dir=spot_summary&file=spot_summary_2025.csv
2026-02-09,jepx-spread-range-kyushu,kyushu,17.71,https://www.jepx.jp/_download.php?dir=spot_summary&file=spot_summary_2025.csv
2026-02-10,jepx-spread-range-kyushu,kyushu,13.620000000000001,https://www.jepx.jp/_download.php?dir=spot_summary&file=spot_summary_2025.csv
2026-02-11,jepx-spread-range-kyushu,kyushu,6.24,https://www.jepx.jp/_download.php?dir=spot_summary&file=spot_summary_2025.csv
2026-02-12,jepx-spread-range-kyushu,kyushu,15.47,https://www.jepx.jp/_download.php?dir=spot_summary&file=spot_summary_2025.csv
2026-02-13,jepx-spread-range-kyushu,kyushu,16.61,https://www.jepx.jp/_download.php?dir=spot_summary&file=spot_summary_2025.csv
2026-02-14,jepx-spread-range-kyushu,kyushu,6.9,https://www.jepx.jp/_download.php?dir=spot_summary&file=spot_summary_2025.csv
2026-02-15,jepx-spread-range-kyushu,kyushu,8.790000000000001,https://www.jepx.jp/_download.php?dir=spot_summary&file=spot_summary_2025.csv
2026-02-16,jepx-spread-range-kyushu,kyushu,4.839999999999999,https://www.jepx.jp/_download.php?dir=spot_summary&file=spot_summary_2025.csv
2026-02-17,jepx-spread-range-kyushu,kyushu,13.65,https://www.jepx.jp/_download.php?dir=spot_summary&file=spot_summary_2025.csv
2026-02-18,jepx-spread-range-kyushu,kyushu,12.66,https://www.jepx.jp/_download.php?dir=spot_summary&file=spot_summary_2025.csv
2026-02-19,jepx-spread-range-kyushu,kyushu,14.200000000000001,https://www.jepx.jp/_download.php?dir=spot_summary&file=spot_summary_2025.csv
2026-02-20,jepx-spread-range-kyushu,kyushu,14.0,https://www.jepx.jp/_download.php?dir=spot_summary&file=spot_summary_2025.csv
2026-02-21,jepx-spread-range-kyushu,kyushu,11.48,https://www.jepx.jp/_download.php?dir=spot_summary&file=spot_summary_2025.csv
2026-02-22,jepx-spread-range-kyushu,kyushu,8.870000000000001,https://www.jepx.jp/_download.php?dir=spot_summary&file=spot_summary_2025.csv
2026-02-23,jepx-spread-range-kyushu,kyushu,10.56,https://www.jepx.jp/_download.php?dir=spot_summary&file=spot_summary_2025.csv
2026-02-24,jepx-spread-range-kyushu,kyushu,4.79,https://www.jepx.jp/_download.php?dir=spot_summary&file=spot_summary_2025.csv
2026-02-25,jepx-spread-range-kyushu,kyushu,4.340000000000002,https://www.jepx.jp/_download.php?dir=spot_summary&file=spot_summary_2025.csv
2026-02-26,jepx-spread-range-kyushu,kyushu,10.2,https://www.jepx.jp/_download.php?dir=spot_summary&file=spot_summary_2025.csv
2026-02-27,jepx-spread-range-kyushu,kyushu,2.9800000000000004,https://www.jepx.jp/_download.php?dir=spot_summary&file=spot_summary_2025.csv
2026-02-28,jepx-spread-range-kyushu,kyushu,9.73,https://www.jepx.jp/_download.php?dir=spot_summary&file=spot_summary_2025.csv
2026-03-01,jepx-spread-range-kyushu,kyushu,8.99,https://www.jepx.jp/_download.php?dir=spot_summary&file=spot_summary_2025.csv
2026-03-02,jepx-spread-range-kyushu,kyushu,3.8199999999999994,https://www.jepx.jp/_download.php?dir=spot_summary&file=spot_summary_2025.csv
2026-03-03,jepx-spread-range-kyushu,kyushu,5.090000000000001,https://www.jepx.jp/_download.php?dir=spot_summary&file=spot_summary_2025.csv
2026-03-04,jepx-spread-range-kyushu,kyushu,14.0,https://www.jepx.jp/_download.php?dir=spot_summary&file=spot_summary_2025.csv
2026-03-05,jepx-spread-range-kyushu,kyushu,13.83,https://www.jepx.jp/_download.php?dir=spot_summary&file=spot_summary_2025.csv
2026-03-06,jepx-spread-range-kyushu,kyushu,5.260000000000001,https://www.jepx.jp/_download.php?dir=spot_summary&file=spot_summary_2025.csv
2026-03-07,jepx-spread-range-kyushu,kyushu,12.99,https://www.jepx.jp/_download.php?dir=spot_summary&file=spot_summary_2025.csv
2026-03-08,jepx-spread-range-kyushu,kyushu,13.16,https://www.jepx.jp/_download.php?dir=spot_summary&file=spot_summary_2025.csv
2026-03-09,jepx-spread-range-kyushu,kyushu,15.89,https://www.jepx.jp/_download.php?dir=spot_summary&file=spot_summary_2025.csv
2026-03-10,jepx-spread-range-kyushu,kyushu,25.11,https://www.jepx.jp/_download.php?dir=spot_summary&file=spot_summary_2025.csv
2026-03-11,jepx-spread-range-kyushu,kyushu,17.99,https://www.jepx.jp/_download.php?dir=spot_summary&file=spot_summary_2025.csv
2026-03-12,jepx-spread-range-kyushu,kyushu,17.5,https://www.jepx.jp/_download.php?dir=spot_summary&file=spot_summary_2025.csv
2026-03-13,jepx-spread-range-kyushu,kyushu,19.61,https://www.jepx.jp/_download.php?dir=spot_summary&file=spot_summary_2025.csv
2026-03-14,jepx-spread-range-kyushu,kyushu,34.99,https://www.jepx.jp/_download.php?dir=spot_summary&file=spot_summary_2025.csv
2026-03-15,jepx-spread-range-kyushu,kyushu,18.36,https://www.jepx.jp/_download.php?dir=spot_summary&file=spot_summary_2025.csv
2026-03-16,jepx-spread-range-kyushu,kyushu,19.759999999999998,https://www.jepx.jp/_download.php?dir=spot_summary&file=spot_summary_2025.csv
2026-03-17,jepx-spread-range-kyushu,kyushu,24.099999999999998,https://www.jepx.jp/_download.php?dir=spot_summary&file=spot_summary_2025.csv
2026-03-18,jepx-spread-range-kyushu,kyushu,11.989999999999998,https://www.jepx.jp/_download.php?dir=spot_summary&file=spot_summary_2025.csv
2026-03-19,jepx-spread-range-kyushu,kyushu,17.189999999999998,https://www.jepx.jp/_download.php?dir=spot_summary&file=spot_summary_2025.csv
2026-03-20,jepx-spread-range-kyushu,kyushu,18.419999999999998,https://www.jepx.jp/_download.php?dir=spot_summary&file=spot_summary_2025.csv
2026-03-21,jepx-spread-range-kyushu,kyushu,17.99,https://www.jepx.jp/_download.php?dir=spot_summary&file=spot_summary_2025.csv
2026-03-22,jepx-spread-range-kyushu,kyushu,12.89,https://www.jepx.jp/_download.php?dir=spot_summary&file=spot_summary_2025.csv
2026-03-23,jepx-spread-range-kyushu,kyushu,19.47,https://www.jepx.jp/_download.php?dir=spot_summary&file=spot_summary_2025.csv
2026-03-24,jepx-spread-range-kyushu,kyushu,20.9,https://www.jepx.jp/_download.php?dir=spot_summary&file=spot_summary_2025.csv
2026-03-25,jepx-spread-range-kyushu,kyushu,12.93,https://www.jepx.jp/_download.php?dir=spot_summary&file=spot_summary_2025.csv
2026-03-26,jepx-spread-range-kyushu,kyushu,20.689999999999998,https://www.jepx.jp/_download.php?dir=spot_summary&file=spot_summary_2025.csv
2026-03-27,jepx-spread-range-kyushu,kyushu,18.09,https://www.jepx.jp/_download.php?dir=spot_summary&file=spot_summary_2025.csv
2026-03-28,jepx-spread-range-kyushu,kyushu,16.189999999999998,https://www.jepx.jp/_download.php?dir=spot_summary&file=spot_summary_2025.csv
2026-03-29,jepx-spread-range-kyushu,kyushu,15.06,https://www.jepx.jp/_download.php?dir=spot_summary&file=spot_summary_2025.csv
2026-03-30,jepx-spread-range-kyushu,kyushu,11.66,https://www.jepx.jp/_download.php?dir=spot_summary&file=spot_summary_2025.csv
2026-03-31,jepx-spread-range-kyushu,kyushu,6.99,https://www.jepx.jp/_download.php?dir=spot_summary&file=spot_summary_2025.csv
2026-04-01,jepx-spread-range-kyushu,kyushu,15.42,https://www.jepx.jp/_download.php?dir=spot_summary&file=spot_summary_2026.csv
2026-04-02,jepx-spread-range-kyushu,kyushu,19.65,https://www.jepx.jp/_download.php?dir=spot_summary&file=spot_summary_2026.csv
2026-04-03,jepx-spread-range-kyushu,kyushu,19.65,https://www.jepx.jp/_download.php?dir=spot_summary&file=spot_summary_2026.csv
2026-04-04,jepx-spread-range-kyushu,kyushu,10.120000000000001,https://www.jepx.jp/_download.php?dir=spot_summary&file=spot_summary_2026.csv
2026-04-05,jepx-spread-range-kyushu,kyushu,14.56,https://www.jepx.jp/_download.php?dir=spot_summary&file=spot_summary_2026.csv
2026-04-06,jepx-spread-range-kyushu,kyushu,14.05,https://www.jepx.jp/_download.php?dir=spot_summary&file=spot_summary_2026.csv
2026-04-07,jepx-spread-range-kyushu,kyushu,23.49,https://www.jepx.jp/_download.php?dir=spot_summary&file=spot_summary_2026.csv
2026-04-08,jepx-spread-range-kyushu,kyushu,34.99,https://www.jepx.jp/_download.php?dir=spot_summary&file=spot_summary_2026.csv
2026-04-09,jepx-spread-range-kyushu,kyushu,14.989999999999998,https://www.jepx.jp/_download.php?dir=spot_summary&file=spot_summary_2026.csv
2026-04-10,jepx-spread-range-kyushu,kyushu,17.97,https://www.jepx.jp/_download.php?dir=spot_summary&file=spot_summary_2026.csv
2026-04-11,jepx-spread-range-kyushu,kyushu,17.08,https://www.jepx.jp/_download.php?dir=spot_summary&file=spot_summary_2026.csv
2026-04-12,jepx-spread-range-kyushu,kyushu,17.99,https://www.jepx.jp/_download.php?dir=spot_summary&file=spot_summary_2026.csv
2026-04-13,jepx-spread-range-kyushu,kyushu,11.350000000000001,https://www.jepx.jp/_download.php?dir=spot_summary&file=spot_summary_2026.csv
2026-04-14,jepx-spread-range-kyushu,kyushu,12.440000000000001,https://www.jepx.jp/_download.php?dir=spot_summary&file=spot_summary_2026.csv
2026-04-15,jepx-spread-range-kyushu,kyushu,17.16,https://www.jepx.jp/_download.php?dir=spot_summary&file=spot_summary_2026.csv
2026-04-16,jepx-spread-range-kyushu,kyushu,18.41,https://www.jepx.jp/_download.php?dir=spot_summary&file=spot_summary_2026.csv
2026-04-17,jepx-spread-range-kyushu,kyushu,13.350000000000001,https://www.jepx.jp/_download.php?dir=spot_summary&file=spot_summary_2026.csv
2026-04-18,jepx-spread-range-kyushu,kyushu,8.01,https://www.jepx.jp/_download.php?dir=spot_summary&file=spot_summary_2026.csv
2026-04-19,jepx-spread-range-kyushu,kyushu,10.99,https://www.jepx.jp/_download.php?dir=spot_summary&file=spot_summary_2026.csv
2026-04-20,jepx-spread-range-kyushu,kyushu,14.35,https://www.jepx.jp/_download.php?dir=spot_summary&file=spot_summary_2026.csv
2026-04-21,jepx-spread-range-kyushu,kyushu,15.98,https://www.jepx.jp/_download.php?dir=spot_summary&file=spot_summary_2026.csv
2026-04-22,jepx-spread-range-kyushu,kyushu,13.46,https://www.jepx.jp/_download.php?dir=spot_summary&file=spot_summary_2026.csv
2026-04-23,jepx-spread-range-kyushu,kyushu,17.7,https://www.jepx.jp/_download.php?dir=spot_summary&file=spot_summary_2026.csv
2026-04-24,jepx-spread-range-kyushu,kyushu,14.85,https://www.jepx.jp/_download.php?dir=spot_summary&file=spot_summary_2026.csv
2026-04-25,jepx-spread-range-kyushu,kyushu,14.31,https://www.jepx.jp/_download.php?dir=spot_summary&file=spot_summary_2026.csv
2026-04-26,jepx-spread-range-kyushu,kyushu,13.27,https://www.jepx.jp/_download.php?dir=spot_summary&file=spot_summary_2026.csv
2026-04-27,jepx-spread-range-kyushu,kyushu,16.34,https://www.jepx.jp/_download.php?dir=spot_summary&file=spot_summary_2026.csv
2026-04-28,jepx-spread-range-kyushu,kyushu,17.209999999999997,https://www.jepx.jp/_download.php?dir=spot_summary&file=spot_summary_2026.csv
2026-04-29,jepx-spread-range-kyushu,kyushu,8.03,https://www.jepx.jp/_download.php?dir=spot_summary&file=spot_summary_2026.csv
2026-04-30,jepx-spread-range-kyushu,kyushu,9.38,https://www.jepx.jp/_download.php?dir=spot_summary&file=spot_summary_2026.csv
2026-05-01,jepx-spread-range-kyushu,kyushu,15.950000000000001,https://www.jepx.jp/_download.php?dir=spot_summary&file=spot_summary_2026.csv
2026-05-02,jepx-spread-range-kyushu,kyushu,15.99,https://www.jepx.jp/_download.php?dir=spot_summary&file=spot_summary_2026.csv
2026-05-03,jepx-spread-range-kyushu,kyushu,8.64,https://www.jepx.jp/_download.php?dir=spot_summary&file=spot_summary_2026.csv
2026-05-04,jepx-spread-range-kyushu,kyushu,11.99,https://www.jepx.jp/_download.php?dir=spot_summary&file=spot_summary_2026.csv
2026-05-05,jepx-spread-range-kyushu,kyushu,14.08,https://www.jepx.jp/_download.php?dir=spot_summary&file=spot_summary_2026.csv
2026-05-06,jepx-spread-range-kyushu,kyushu,14.17,https://www.jepx.jp/_download.php?dir=spot_summary&file=spot_summary_2026.csv
2026-05-07,jepx-spread-range-kyushu,kyushu,18.389999999999997,https://www.jepx.jp/_download.php?dir=spot_summary&file=spot_summary_2026.csv
2026-05-08,jepx-spread-range-kyushu,kyushu,15.67,https://www.jepx.jp/_download.php?dir=spot_summary&file=spot_summary_2026.csv
2026-05-09,jepx-spread-range-kyushu,kyushu,17.549999999999997,https://www.jepx.jp/_download.php?dir=spot_summary&file=spot_summary_2026.csv
2026-05-10,jepx-spread-range-kyushu,kyushu,16.099999999999998,https://www.jepx.jp/_download.php?dir=spot_summary&file=spot_summary_2026.csv
2026-05-11,jepx-spread-range-kyushu,kyushu,17.479999999999997,https://www.jepx.jp/_download.php?dir=spot_summary&file=spot_summary_2026.csv
2026-05-12,jepx-spread-range-kyushu,kyushu,19.389999999999997,https://www.jepx.jp/_download.php?dir=spot_summary&file=spot_summary_2026.csv
2026-05-13,jepx-spread-range-kyushu,kyushu,19.99,https://www.jepx.jp/_download.php?dir=spot_summary&file=spot_summary_2026.csv
2026-05-14,jepx-spread-range-kyushu,kyushu,28.4,https://www.jepx.jp/_download.php?dir=spot_summary&file=spot_summary_2026.csv
2026-05-15,jepx-spread-range-kyushu,kyushu,28.4,https://www.jepx.jp/_download.php?dir=spot_summary&file=spot_summary_2026.csv
2026-05-16,jepx-spread-range-kyushu,kyushu,19.99,https://www.jepx.jp/_download.php?dir=spot_summary&file=spot_summary_2026.csv
2026-05-17,jepx-spread-range-kyushu,kyushu,14.950000000000001,https://www.jepx.jp/_download.php?dir=spot_summary&file=spot_summary_2026.csv
2026-05-18,jepx-spread-range-kyushu,kyushu,21.99,https://www.jepx.jp/_download.php?dir=spot_summary&file=spot_summary_2026.csv
2026-05-19,jepx-spread-range-kyushu,kyushu,19.99,https://www.jepx.jp/_download.php?dir=spot_summary&file=spot_summary_2026.csv
2026-05-20,jepx-spread-range-kyushu,kyushu,27.959999999999997,https://www.jepx.jp/_download.php?dir=spot_summary&file=spot_summary_2026.csv
2026-05-21,jepx-spread-range-kyushu,kyushu,10.51,https://www.jepx.jp/_download.php?dir=spot_summary&file=spot_summary_2026.csv
2026-05-22,jepx-spread-range-kyushu,kyushu,26.49,https://www.jepx.jp/_download.php?dir=spot_summary&file=spot_summary_2026.csv
2026-05-23,jepx-spread-range-kyushu,kyushu,17.38,https://www.jepx.jp/_download.php?dir=spot_summary&file=spot_summary_2026.csv
2026-05-24,jepx-spread-range-kyushu,kyushu,22.09,https://www.jepx.jp/_download.php?dir=spot_summary&file=spot_summary_2026.csv
2026-05-25,jepx-spread-range-kyushu,kyushu,40.4,https://www.jepx.jp/_download.php?dir=spot_summary&file=spot_summary_2026.csv
2026-05-26,jepx-spread-range-kyushu,kyushu,14.72,https://www.jepx.jp/_download.php?dir=spot_summary&file=spot_summary_2026.csv
2026-05-27,jepx-spread-range-kyushu,kyushu,22.689999999999998,https://www.jepx.jp/_download.php?dir=spot_summary&file=spot_summary_2026.csv
2026-05-28,jepx-spread-range-kyushu,kyushu,15.499999999999998,https://www.jepx.jp/_download.php?dir=spot_summary&file=spot_summary_2026.csv
2026-05-29,jepx-spread-range-kyushu,kyushu,19.88,https://www.jepx.jp/_download.php?dir=spot_summary&file=spot_summary_2026.csv
2026-05-30,jepx-spread-range-kyushu,kyushu,18.79,https://www.jepx.jp/_download.php?dir=spot_summary&file=spot_summary_2026.csv
2026-05-31,jepx-spread-range-kyushu,kyushu,17.229999999999997,https://www.jepx.jp/_download.php?dir=spot_summary&file=spot_summary_2026.csv
2026-06-01,jepx-spread-range-kyushu,kyushu,19.0,https://www.jepx.jp/_download.php?dir=spot_summary&file=spot_summary_2026.csv
2026-06-02,jepx-spread-range-kyushu,kyushu,18.43,https://www.jepx.jp/_download.php?dir=spot_summary&file=spot_summary_2026.csv
2026-06-03,jepx-spread-range-kyushu,kyushu,19.99,https://www.jepx.jp/_download.php?dir=spot_summary&file=spot_summary_2026.csv
2026-06-04,jepx-spread-range-kyushu,kyushu,10.209999999999999,https://www.jepx.jp/_download.php?dir=spot_summary&file=spot_summary_2026.csv
2026-06-05,jepx-spread-range-kyushu,kyushu,12.600000000000001,https://www.jepx.jp/_download.php?dir=spot_summary&file=spot_summary_2026.csv
2026-06-06,jepx-spread-range-kyushu,kyushu,11.83,https://www.jepx.jp/_download.php?dir=spot_summary&file=spot_summary_2026.csv
2026-06-07,jepx-spread-range-kyushu,kyushu,8.010000000000002,https://www.jepx.jp/_download.php?dir=spot_summary&file=spot_summary_2026.csv
2026-06-08,jepx-spread-range-kyushu,kyushu,7.000000000000002,https://www.jepx.jp/_download.php?dir=spot_summary&file=spot_summary_2026.csv
2026-06-09,jepx-spread-range-kyushu,kyushu,5.4,https://www.jepx.jp/_download.php?dir=spot_summary&file=spot_summary_2026.csv
2026-06-10,jepx-spread-range-kyushu,kyushu,14.44,https://www.jepx.jp/_download.php?dir=spot_summary&file=spot_summary_2026.csv
2026-06-11,jepx-spread-range-kyushu,kyushu,13.81,https://www.jepx.jp/_download.php?dir=spot_summary&file=spot_summary_2026.csv
2026-06-12,jepx-spread-range-kyushu,kyushu,14.44,https://www.jepx.jp/_download.php?dir=spot_summary&file=spot_summary_2026.csv
2026-06-13,jepx-spread-range-kyushu,kyushu,14.05,https://www.jepx.jp/_download.php?dir=spot_summary&file=spot_summary_2026.csv
2026-06-14,jepx-spread-range-kyushu,kyushu,11.77,https://www.jepx.jp/_download.php?dir=spot_summary&file=spot_summary_2026.csv
2026-06-15,jepx-spread-range-kyushu,kyushu,15.05,https://www.jepx.jp/_download.php?dir=spot_summary&file=spot_summary_2026.csv
2026-06-16,jepx-spread-range-kyushu,kyushu,13.690000000000001,https://www.jepx.jp/_download.php?dir=spot_summary&file=spot_summary_2026.csv
2026-06-17,jepx-spread-range-kyushu,kyushu,6.579999999999998,https://www.jepx.jp/_download.php?dir=spot_summary&file=spot_summary_2026.csv
2026-06-18,jepx-spread-range-kyushu,kyushu,8.5,https://www.jepx.jp/_download.php?dir=spot_summary&file=spot_summary_2026.csv
2026-06-19,jepx-spread-range-kyushu,kyushu,9.470000000000002,https://www.jepx.jp/_download.php?dir=spot_summary&file=spot_summary_2026.csv
2026-06-20,jepx-spread-range-kyushu,kyushu,4.809999999999999,https://www.jepx.jp/_download.php?dir=spot_summary&file=spot_summary_2026.csv
2026-06-21,jepx-spread-range-kyushu,kyushu,12.5,https://www.jepx.jp/_download.php?dir=spot_summary&file=spot_summary_2026.csv
2026-06-22,jepx-spread-range-kyushu,kyushu,6.49,https://www.jepx.jp/_download.php?dir=spot_summary&file=spot_summary_2026.csv
2026-06-23,jepx-spread-range-kyushu,kyushu,3.24,https://www.jepx.jp/_download.php?dir=spot_summary&file=spot_summary_2026.csv
2026-06-24,jepx-spread-range-kyushu,kyushu,5.050000000000001,https://www.jepx.jp/_download.php?dir=spot_summary&file=spot_summary_2026.csv
2026-06-25,jepx-spread-range-kyushu,kyushu,7.09,https://www.jepx.jp/_download.php?dir=spot_summary&file=spot_summary_2026.csv
2026-06-26,jepx-spread-range-kyushu,kyushu,5.15,https://www.jepx.jp/_download.php?dir=spot_summary&file=spot_summary_2026.csv
2026-06-27,jepx-spread-range-kyushu,kyushu,12.5,https://www.jepx.jp/_download.php?dir=spot_summary&file=spot_summary_2026.csv
2026-06-28,jepx-spread-range-kyushu,kyushu,12.5,https://www.jepx.jp/_download.php?dir=spot_summary&file=spot_summary_2026.csv
2026-06-29,jepx-spread-range-kyushu,kyushu,15.99,https://www.jepx.jp/_download.php?dir=spot_summary&file=spot_summary_2026.csv
2026-06-30,jepx-spread-range-kyushu,kyushu,5.91,https://www.jepx.jp/_download.php?dir=spot_summary&file=spot_summary_2026.csv
2026-07-01,jepx-spread-range-kyushu,kyushu,8.18,https://www.jepx.jp/_download.php?dir=spot_summary&file=spot_summary_2026.csv
2026-07-02,jepx-spread-range-kyushu,kyushu,5.41,https://www.jepx.jp/_download.php?dir=spot_summary&file=spot_summary_2026.csv
2026-07-03,jepx-spread-range-kyushu,kyushu,8.509999999999998,https://www.jepx.jp/_download.php?dir=spot_summary&file=spot_summary_2026.csv
2026-07-04,jepx-spread-range-kyushu,kyushu,2.6799999999999997,https://www.jepx.jp/_download.php?dir=spot_summary&file=spot_summary_2026.csv
2026-07-05,jepx-spread-range-kyushu,kyushu,4.63,https://www.jepx.jp/_download.php?dir=spot_summary&file=spot_summary_2026.csv
2026-07-06,jepx-spread-range-kyushu,kyushu,8.0,https://www.jepx.jp/_download.php?dir=spot_summary&file=spot_summary_2026.csv
2026-07-07,jepx-spread-range-kyushu,kyushu,10.020000000000001,https://www.jepx.jp/_download.php?dir=spot_summary&file=spot_summary_2026.csv
2026-07-08,jepx-spread-range-kyushu,kyushu,6.43,https://www.jepx.jp/_download.php?dir=spot_summary&file=spot_summary_2026.csv
2026-07-09,jepx-spread-range-kyushu,kyushu,6.4,https://www.jepx.jp/_download.php?dir=spot_summary&file=spot_summary_2026.csv
2026-07-10,jepx-spread-range-kyushu,kyushu,13.45,https://www.jepx.jp/_download.php?dir=spot_summary&file=spot_summary_2026.csv
2026-07-11,jepx-spread-range-kyushu,kyushu,14.600000000000001,https://www.jepx.jp/_download.php?dir=spot_summary&file=spot_summary_2026.csv
2026-07-12,jepx-spread-range-kyushu,kyushu,14.600000000000001,https://www.jepx.jp/_download.php?dir=spot_summary&file=spot_summary_2026.csv
2026-07-13,jepx-spread-range-kyushu,kyushu,20.85,https://www.jepx.jp/_download.php?dir=spot_summary&file=spot_summary_2026.csv
2026-07-14,jepx-spread-range-kyushu,kyushu,26.810000000000002,https://www.jepx.jp/_download.php?dir=spot_summary&file=spot_summary_2026.csv
2026-07-15,jepx-spread-range-kyushu,kyushu,21.020000000000003,https://www.jepx.jp/_download.php?dir=spot_summary&file=spot_summary_2026.csv
2026-07-16,jepx-spread-range-kyushu,kyushu,21.35,https://www.jepx.jp/_download.php?dir=spot_summary&file=spot_summary_2026.csv
2026-07-17,jepx-spread-range-kyushu,kyushu,19.310000000000002,https://www.jepx.jp/_download.php?dir=spot_summary&file=spot_summary_2026.csv
2026-07-18,jepx-spread-range-kyushu,kyushu,17.3,https://www.jepx.jp/_download.php?dir=spot_summary&file=spot_summary_2026.csv
2026-07-19,jepx-spread-range-kyushu,kyushu,17.22,https://www.jepx.jp/_download.php?dir=spot_summary&file=spot_summary_2026.csv
2026-07-20,jepx-spread-range-kyushu,kyushu,22.68,https://www.jepx.jp/_download.php?dir=spot_summary&file=spot_summary_2026.csv
2026-07-21,jepx-spread-range-kyushu,kyushu,22.1,https://www.jepx.jp/_download.php?dir=spot_summary&file=spot_summary_2026.csv
2026-07-22,jepx-spread-range-kyushu,kyushu,26.730000000000004,https://www.jepx.jp/_download.php?dir=spot_summary&file=spot_summary_2026.csv
2026-07-23,jepx-spread-range-kyushu,kyushu,36.849999999999994,https://www.jepx.jp/_download.php?dir=spot_summary&file=spot_summary_2026.csv
2026-07-24,jepx-spread-range-kyushu,kyushu,48.24,https://www.jepx.jp/_download.php?dir=spot_summary&file=spot_summary_2026.csv
2026-07-25,jepx-spread-range-kyushu,kyushu,23.700000000000003,https://www.jepx.jp/_download.php?dir=spot_summary&file=spot_summary_2026.csv
2026-07-26,jepx-spread-range-kyushu,kyushu,21.66,https://www.jepx.jp/_download.php?dir=spot_summary&file=spot_summary_2026.csv
2026-07-27,jepx-spread-range-kyushu,kyushu,21.38,https://www.jepx.jp/_download.php?dir=spot_summary&file=spot_summary_2026.csv
2026-07-28,jepx-spread-range-kyushu,kyushu,23.84,https://www.jepx.jp/_download.php?dir=spot_summary&file=spot_summary_2026.csv
2026-07-29,jepx-spread-range-kyushu,kyushu,25.14,https://www.jepx.jp/_download.php?dir=spot_summary&file=spot_summary_2026.csv
2026-07-30,jepx-spread-range-kyushu,kyushu,27.45,https://www.jepx.jp/_download.php?dir=spot_summary&file=spot_summary_2026.csv
2026-07-31,jepx-spread-range-kyushu,kyushu,22.0,https://www.jepx.jp/_download.php?dir=spot_summary&file=spot_summary_2026.csv
2026-08-01,jepx-spread-range-kyushu,kyushu,19.5,https://www.jepx.jp/_download.php?dir=spot_summary&file=spot_summary_2026.csv
2026-08-02,jepx-spread-range-kyushu,kyushu,18.47,https://www.jepx.jp/_download.php?dir=spot_summary&file=spot_summary_2026.csv
2026-08-03,jepx-spread-range-kyushu,kyushu,22.38,https://www.jepx.jp/_download.php?dir=spot_summary&file=spot_summary_2026.csv
2026-08-04,jepx-spread-range-kyushu,kyushu,22.009999999999998,https://www.jepx.jp/_download.php?dir=spot_summary&file=spot_summary_2026.csv
2026-08-05,jepx-spread-range-kyushu,kyushu,27.770000000000003,https://www.jepx.jp/_download.php?dir=spot_summary&file=spot_summary_2026.csv
2026-08-06,jepx-spread-range-kyushu,kyushu,26.009999999999998,https://www.jepx.jp/_download.php?dir=spot_summary&file=spot_summary_2026.csv
2026-08-07,jepx-spread-range-kyushu,kyushu,21.619999999999997,https://www.jepx.jp/_download.php?dir=spot_summary&file=spot_summary_2026.csv
2026-08-08,jepx-spread-range-kyushu,kyushu,19.46,https://www.jepx.jp/_download.php?dir=spot_summary&file=spot_summary_2026.csv
2026-08-09,jepx-spread-range-kyushu,kyushu,12.090000000000002,https://www.jepx.jp/_download.php?dir=spot_summary&file=spot_summary_2026.csv
2026-08-10,jepx-spread-range-kyushu,kyushu,15.69,https://www.jepx.jp/_download.php?dir=spot_summary&file=spot_summary_2026.csv
2026-08-11,jepx-spread-range-kyushu,kyushu,7.220000000000001,https://www.jepx.jp/_download.php?dir=spot_summary&file=spot_summary_2026.csv
2026-08-12,jepx-spread-range-kyushu,kyushu,8.89,https://www.jepx.jp/_download.php?dir=spot_summary&file=spot_summary_2026.csv
2026-08-13,jepx-spread-range-kyushu,kyushu,6.65,https://www.jepx.jp/_download.php?dir=spot_summary&file=spot_summary_2026.csv
2026-08-14,jepx-spread-range-kyushu,kyushu,12.61,https://www.jepx.jp/_download.php?dir=spot_summary&file=spot_summary_2026.csv
2026-08-15,jepx-spread-range-kyushu,kyushu,10.77,https://www.jepx.jp/_download.php?dir=spot_summary&file=spot_summary_2026.csv
2026-08-16,jepx-spread-range-kyushu,kyushu,10.6,https://www.jepx.jp/_download.php?dir=spot_summary&file=spot_summary_2026.csv
2026-08-17,jepx-spread-range-kyushu,kyushu,16.67,https://www.jepx.jp/_download.php?dir=spot_summary&file=spot_summary_2026.csv
2026-08-18,jepx-spread-range-kyushu,kyushu,25.08,https://www.jepx.jp/_download.php?dir=spot_summary&file=spot_summary_2026.csv
2026-08-19,jepx-spread-range-kyushu,kyushu,23.5,https://www.jepx.jp/_download.php?dir=spot_summary&file=spot_summary_2026.csv
2026-08-20,jepx-spread-range-kyushu,kyushu,22.25,https://www.jepx.jp/_download.php?dir=spot_summary&file=spot_summary_2026.csv
2026-08-21,jepx-spread-range-kyushu,kyushu,23.03,https://www.jepx.jp/_download.php?dir=spot_summary&file=spot_summary_2026.csv
2026-08-22,jepx-spread-range-kyushu,kyushu,21.72,https://www.jepx.jp/_download.php?dir=spot_summary&file=spot_summary_2026.csv
2026-08-23,jepx-spread-range-kyushu,kyushu,22.09,https://www.jepx.jp/_download.php?dir=spot_summary&file=spot_summary_2026.csv
2026-08-24,jepx-spread-range-kyushu,kyushu,26.57,https://www.jepx.jp/_download.php?dir=spot_summary&file=spot_summary_2026.csv
2026-08-25,jepx-spread-range-kyushu,kyushu,39.51,https://www.jepx.jp/_download.php?dir=spot_summary&file=spot_summary_2026.csv
2026-08-26,jepx-spread-range-kyushu,kyushu,44.739999999999995,https://www.jepx.jp/_download.php?dir=spot_summary&file=spot_summary_2026.csv
2026-08-27,jepx-spread-range-kyushu,kyushu,30.509999999999998,https://www.jepx.jp/_download.php?dir=spot_summary&file=spot_summary_2026.csv
2026-08-28,jepx-spread-range-kyushu,kyushu,24.11,https://www.jepx.jp/_download.php?dir=spot_summary&file=spot_summary_2026.csv
2026-08-29,jepx-spread-range-kyushu,kyushu,25.66,https://www.jepx.jp/_download.php?dir=spot_summary&file=spot_summary_2026.csv
2026-08-30,jepx-spread-range-kyushu,kyushu,24.81,https://www.jepx.jp/_download.php?dir=spot_summary&file=spot_summary_2026.csv
2026-08-31,jepx-spread-range-kyushu,kyushu,40.45,https://www.jepx.jp/_download.php?dir=spot_summary&file=spot_summary_2026.csv
2026-09-01,jepx-spread-range-kyushu,kyushu,42.99,https://www.jepx.jp/_download.php?dir=spot_summary&file=spot_summary_2026.csv
2026-09-02,jepx-spread-range-kyushu,kyushu,41.129999999999995,https://www.jepx.jp/_download.php?dir=spot_summary&file=spot_summary_2026.csv
2026-09-03,jepx-spread-range-kyushu,kyushu,25.61,https://www.jepx.jp/_download.php?dir=spot_summary&file=spot_summary_2026.csv
2026-09-04,jepx-spread-range-kyushu,kyushu,22.15,https://www.jepx.jp/_download.php?dir=spot_summary&file=spot_summary_2026.csv
2026-09-05,jepx-spread-range-kyushu,kyushu,10.280000000000001,https://www.jepx.jp/_download.php?dir=spot_summary&file=spot_summary_2026.csv
2026-09-06,jepx-spread-range-kyushu,kyushu,11.26,https://www.jepx.jp/_download.php?dir=spot_summary&file=spot_summary_2026.csv
2026-09-07,jepx-spread-range-kyushu,kyushu,22.78,https://www.jepx.jp/_download.php?dir=spot_summary&file=spot_summary_2026.csv
2026-09-08,jepx-spread-range-kyushu,kyushu,22.310000000000002,https://www.jepx.jp/_download.php?dir=spot_summary&file=spot_summary_2026.csv
2026-09-09,jepx-spread-range-kyushu,kyushu,9.760000000000002,https://www.jepx.jp/_download.php?dir=spot_summary&file=spot_summary_2026.csv
2026-09-10,jepx-spread-range-kyushu,kyushu,8.11,https://www.jepx.jp/_download.php?dir=spot_summary&file=spot_summary_2026.csv
2026-09-11,jepx-spread-range-kyushu,kyushu,9.260000000000002,https://www.jepx.jp/_download.php?dir=spot_summary&file=spot_summary_2026.csv
2026-09-12,jepx-spread-range-kyushu,kyushu,15.260000000000002,https://www.jepx.jp/_download.php?dir=spot_summary&file=spot_summary_2026.csv
2026-09-13,jepx-spread-range-kyushu,kyushu,13.059999999999999,https://www.jepx.jp/_download.php?dir=spot_summary&file=spot_summary_2026.csv
2026-09-14,jepx-spread-range-kyushu,kyushu,24.380000000000003,https://www.jepx.jp/_download.php?dir=spot_summary&file=spot_summary_2026.csv
2026-09-15,jepx-spread-range-kyushu,kyushu,19.619999999999997,https://www.jepx.jp/_download.php?dir=spot_summary&file=spot_summary_2026.csv
2026-09-16,jepx-spread-range-kyushu,kyushu,9.639999999999999,https://www.jepx.jp/_download.php?dir=spot_summary&file=spot_summary_2026.csv
2026-09-17,jepx-spread-range-kyushu,kyushu,21.11,https://www.jepx.jp/_download.php?dir=spot_summary&file=spot_summary_2026.csv
2026-09-18,jepx-spread-range-kyushu,kyushu,8.549999999999999,https://www.jepx.jp/_download.php?dir=spot_summary&file=spot_summary_2026.csv
2026-09-19,jepx-spread-range-kyushu,kyushu,10.610000000000001,https://www.jepx.jp/_download.php?dir=spot_summary&file=spot_summary_2026.csv
2026-09-20,jepx-spread-range-kyushu,kyushu,17.299999999999997,https://www.jepx.jp/_download.php?dir=spot_summary&file=spot_summary_2026.csv
2026-09-21,jepx-spread-range-kyushu,kyushu,16.799999999999997,https://www.jepx.jp/_download.php?dir=spot_summary&file=spot_summary_2026.csv
2026-09-22,jepx-spread-range-kyushu,kyushu,16.799999999999997,https://www.jepx.jp/_download.php?dir=spot_summary&file=spot_summary_2026.csv
2026-09-23,jepx-spread-range-kyushu,kyushu,16.72,https://www.jepx.jp/_download.php?dir=spot_summary&file=spot_summary_2026.csv
2026-09-24,jepx-spread-range-kyushu,kyushu,22.099999999999998,https://www.jepx.jp/_download.php?dir=spot_summary&file=spot_summary_2026.csv
2026-09-25,jepx-spread-range-kyushu,kyushu,10.370000000000001,https://www.jepx.jp/_download.php?dir=spot_summary&file=spot_summary_2026.csv
