date,indicator_id,region,value,source_url
2012-04-01,jepx-top8avg-kyushu,kyushu,16.2875,https://www.jepx.jp/_download.php?dir=spot_summary&file=spot_summary_2012.csv
2012-04-02,jepx-top8avg-kyushu,kyushu,17.04,https://www.jepx.jp/_download.php?dir=spot_summary&file=spot_summary_2012.csv
2012-04-03,jepx-top8avg-kyushu,kyushu,17.02375,https://www.jepx.jp/_download.php?dir=spot_summary&file=spot_summary_2012.csv
2012-04-04,jepx-top8avg-kyushu,kyushu,16.923750000000002,https://www.jepx.jp/_download.php?dir=spot_summary&file=spot_summary_2012.csv
2012-04-05,jepx-top8avg-kyushu,kyushu,16.520000000000003,https://www.jepx.jp/_download.php?dir=spot_summary&file=spot_summary_2012.csv
2012-04-06,jepx-top8avg-kyushu,kyushu,18.73,https://www.jepx.jp/_download.php?dir=spot_summary&file=spot_summary_2012.csv
2012-04-07,jepx-top8avg-kyushu,kyushu,18.456249999999997,https://www.jepx.jp/_download.php?dir=spot_summary&file=spot_summary_2012.csv
2012-04-08,jepx-top8avg-kyushu,kyushu,17.697499999999998,https://www.jepx.jp/_download.php?dir=spot_summary&file=spot_summary_2012.csv
2012-04-09,jepx-top8avg-kyushu,kyushu,17.8675,https://www.jepx.jp/_download.php?dir=spot_summary&file=spot_summary_2012.csv
2012-04-10,jepx-top8avg-kyushu,kyushu,18.8825,https://www.jepx.jp/_download.php?dir=spot_summary&file=spot_summary_2012.csv
2012-04-11,jepx-top8avg-kyushu,kyushu,20.84,https://www.jepx.jp/_download.php?dir=spot_summary&file=spot_summary_2012.csv
2012-04-12,jepx-top8avg-kyushu,kyushu,18.66125,https://www.jepx.jp/_download.php?dir=spot_summary&file=spot_summary_2012.csv
2012-04-13,jepx-top8avg-kyushu,kyushu,19.646250000000002,https://www.jepx.jp/_download.php?dir=spot_summary&file=spot_summary_2012.csv
2012-04-14,jepx-top8avg-kyushu,kyushu,16.675,https://www.jepx.jp/_download.php?dir=spot_summary&file=spot_summary_2012.csv
2012-04-15,jepx-top8avg-kyushu,kyushu,15.36625,https://www.jepx.jp/_download.php?dir=spot_summary&file=spot_summary_2012.csv
2012-04-16,jepx-top8avg-kyushu,kyushu,19.07875,https://www.jepx.jp/_download.php?dir=spot_summary&file=spot_summary_2012.csv
2012-04-17,jepx-top8avg-kyushu,kyushu,18.956249999999997,https://www.jepx.jp/_download.php?dir=spot_summary&file=spot_summary_2012.csv
2012-04-18,jepx-top8avg-kyushu,kyushu,19.25,https://www.jepx.jp/_download.php?dir=spot_summary&file=spot_summary_2012.csv
2012-04-19,jepx-top8avg-kyushu,kyushu,19.25875,https://www.jepx.jp/_download.php?dir=spot_summary&file=spot_summary_2012.csv
2012-04-20,jepx-top8avg-kyushu,kyushu,19.325,https://www.jepx.jp/_download.php?dir=spot_summary&file=spot_summary_2012.csv
2012-04-21,jepx-top8avg-kyushu,kyushu,15.85,https://www.jepx.jp/_download.php?dir=spot_summary&file=spot_summary_2012.csv
2012-04-22,jepx-top8avg-kyushu,kyushu,15.7125,https://www.jepx.jp/_download.php?dir=spot_summary&file=spot_summary_2012.csv
2012-04-23,jepx-top8avg-kyushu,kyushu,18.36,https://www.jepx.jp/_download.php?dir=spot_summary&file=spot_summary_2012.csv
2012-04-24,jepx-top8avg-kyushu,kyushu,17.75,https://www.jepx.jp/_download.php?dir=spot_summary&file=spot_summary_2012.csv
2012-04-25,jepx-top8avg-kyushu,kyushu,21.0675,https://www.jepx.jp/_download.php?dir=spot_summary&file=spot_summary_2012.csv
2012-04-26,jepx-top8avg-kyushu,kyushu,25.27,https://www.jepx.jp/_download.php?dir=spot_summary&file=spot_summary_2012.csv
2012-04-27,jepx-top8avg-kyushu,kyushu,20.27,https://www.jepx.jp/_download.php?dir=spot_summary&file=spot_summary_2012.csv
2012-04-28,jepx-top8avg-kyushu,kyushu,17.5675,https://www.jepx.jp/_download.php?dir=spot_summary&file=spot_summary_2012.csv
2012-04-29,jepx-top8avg-kyushu,kyushu,16.0625,https://www.jepx.jp/_download.php?dir=spot_summary&file=spot_summary_2012.csv
2012-04-30,jepx-top8avg-kyushu,kyushu,16.0575,https://www.jepx.jp/_download.php?dir=spot_summary&file=spot_summary_2012.csv
2012-05-01,jepx-top8avg-kyushu,kyushu,20.04,https://www.jepx.jp/_download.php?dir=spot_summary&file=spot_summary_2012.csv
2012-05-02,jepx-top8avg-kyushu,kyushu,19.478749999999998,https://www.jepx.jp/_download.php?dir=spot_summary&file=spot_summary_2012.csv
2012-05-03,jepx-top8avg-kyushu,kyushu,14.721250000000001,https://www.jepx.jp/_download.php?dir=spot_summary&file=spot_summary_2012.csv
2012-05-04,jepx-top8avg-kyushu,kyushu,16.838749999999997,https://www.jepx.jp/_download.php?dir=spot_summary&file=spot_summary_2012.csv
2012-05-05,jepx-top8avg-kyushu,kyushu,16.97625,https://www.jepx.jp/_download.php?dir=spot_summary&file=spot_summary_2012.csv
2012-05-06,jepx-top8avg-kyushu,kyushu,17.012500000000003,https://www.jepx.jp/_download.php?dir=spot_summary&file=spot_summary_2012.csv
2012-05-07,jepx-top8avg-kyushu,kyushu,21.972499999999997,https://www.jepx.jp/_download.php?dir=spot_summary&file=spot_summary_2012.csv
2012-05-08,jepx-top8avg-kyushu,kyushu,24.3075,https://www.jepx.jp/_download.php?dir=spot_summary&file=spot_summary_2012.csv
2012-05-09,jepx-top8avg-kyushu,kyushu,22.985,https://www.jepx.jp/_download.php?dir=spot_summary&file=spot_summary_2012.csv
2012-05-10,jepx-top8avg-kyushu,kyushu,23.49,https://www.jepx.jp/_download.php?dir=spot_summary&file=spot_summary_2012.csv
2012-05-11,jepx-top8avg-kyushu,kyushu,20.83625,https://www.jepx.jp/_download.php?dir=spot_summary&file=spot_summary_2012.csv
2012-05-12,jepx-top8avg-kyushu,kyushu,15.8225,https://www.jepx.jp/_download.php?dir=spot_summary&file=spot_summary_2012.csv
2012-05-13,jepx-top8avg-kyushu,kyushu,16.02375,https://www.jepx.jp/_download.php?dir=spot_summary&file=spot_summary_2012.csv
2012-05-14,jepx-top8avg-kyushu,kyushu,21.236250000000002,https://www.jepx.jp/_download.php?dir=spot_summary&file=spot_summary_2012.csv
2012-05-15,jepx-top8avg-kyushu,kyushu,23.1025,https://www.jepx.jp/_download.php?dir=spot_summary&file=spot_summary_2012.csv
2012-05-16,jepx-top8avg-kyushu,kyushu,22.8725,https://www.jepx.jp/_download.php?dir=spot_summary&file=spot_summary_2012.csv
2012-05-17,jepx-top8avg-kyushu,kyushu,21.1675,https://www.jepx.jp/_download.php?dir=spot_summary&file=spot_summary_2012.csv
2012-05-18,jepx-top8avg-kyushu,kyushu,16.56,https://www.jepx.jp/_download.php?dir=spot_summary&file=spot_summary_2012.csv
2012-05-19,jepx-top8avg-kyushu,kyushu,15.44125,https://www.jepx.jp/_download.php?dir=spot_summary&file=spot_summary_2012.csv
2012-05-20,jepx-top8avg-kyushu,kyushu,14.67875,https://www.jepx.jp/_download.php?dir=spot_summary&file=spot_summary_2012.csv
2012-05-21,jepx-top8avg-kyushu,kyushu,24.5175,https://www.jepx.jp/_download.php?dir=spot_summary&file=spot_summary_2012.csv
2012-05-22,jepx-top8avg-kyushu,kyushu,20.1925,https://www.jepx.jp/_download.php?dir=spot_summary&file=spot_summary_2012.csv
2012-05-23,jepx-top8avg-kyushu,kyushu,16.5325,https://www.jepx.jp/_download.php?dir=spot_summary&file=spot_summary_2012.csv
2012-05-24,jepx-top8avg-kyushu,kyushu,19.97,https://www.jepx.jp/_download.php?dir=spot_summary&file=spot_summary_2012.csv
2012-05-25,jepx-top8avg-kyushu,kyushu,19.817500000000003,https://www.jepx.jp/_download.php?dir=spot_summary&file=spot_summary_2012.csv
2012-05-26,jepx-top8avg-kyushu,kyushu,15.865,https://www.jepx.jp/_download.php?dir=spot_summary&file=spot_summary_2012.csv
2012-05-27,jepx-top8avg-kyushu,kyushu,15.3625,https://www.jepx.jp/_download.php?dir=spot_summary&file=spot_summary_2012.csv
2012-05-28,jepx-top8avg-kyushu,kyushu,20.32,https://www.jepx.jp/_download.php?dir=spot_summary&file=spot_summary_2012.csv
2012-05-29,jepx-top8avg-kyushu,kyushu,19.682499999999997,https://www.jepx.jp/_download.php?dir=spot_summary&file=spot_summary_2012.csv
2012-05-30,jepx-top8avg-kyushu,kyushu,20.18,https://www.jepx.jp/_download.php?dir=spot_summary&file=spot_summary_2012.csv
2012-05-31,jepx-top8avg-kyushu,kyushu,20.545,https://www.jepx.jp/_download.php?dir=spot_summary&file=spot_summary_2012.csv
2012-06-01,jepx-top8avg-kyushu,kyushu,19.945,https://www.jepx.jp/_download.php?dir=spot_summary&file=spot_summary_2012.csv
2012-06-02,jepx-top8avg-kyushu,kyushu,15.7775,https://www.jepx.jp/_download.php?dir=spot_summary&file=spot_summary_2012.csv
2012-06-03,jepx-top8avg-kyushu,kyushu,15.41625,https://www.jepx.jp/_download.php?dir=spot_summary&file=spot_summary_2012.csv
2012-06-04,jepx-top8avg-kyushu,kyushu,20.20375,https://www.jepx.jp/_download.php?dir=spot_summary&file=spot_summary_2012.csv
2012-06-05,jepx-top8avg-kyushu,kyushu,20.45375,https://www.jepx.jp/_download.php?dir=spot_summary&file=spot_summary_2012.csv
2012-06-06,jepx-top8avg-kyushu,kyushu,20.096249999999998,https://www.jepx.jp/_download.php?dir=spot_summary&file=spot_summary_2012.csv
2012-06-07,jepx-top8avg-kyushu,kyushu,19.5775,https://www.jepx.jp/_download.php?dir=spot_summary&file=spot_summary_2012.csv
2012-06-08,jepx-top8avg-kyushu,kyushu,16.6325,https://www.jepx.jp/_download.php?dir=spot_summary&file=spot_summary_2012.csv
2012-06-09,jepx-top8avg-kyushu,kyushu,15.10125,https://www.jepx.jp/_download.php?dir=spot_summary&file=spot_summary_2012.csv
2012-06-10,jepx-top8avg-kyushu,kyushu,15.13875,https://www.jepx.jp/_download.php?dir=spot_summary&file=spot_summary_2012.csv
2012-06-11,jepx-top8avg-kyushu,kyushu,20.19375,https://www.jepx.jp/_download.php?dir=spot_summary&file=spot_summary_2012.csv
2012-06-12,jepx-top8avg-kyushu,kyushu,19.8575,https://www.jepx.jp/_download.php?dir=spot_summary&file=spot_summary_2012.csv
2012-06-13,jepx-top8avg-kyushu,kyushu,16.275,https://www.jepx.jp/_download.php?dir=spot_summary&file=spot_summary_2012.csv
2012-06-14,jepx-top8avg-kyushu,kyushu,17.1975,https://www.jepx.jp/_download.php?dir=spot_summary&file=spot_summary_2012.csv
2012-06-15,jepx-top8avg-kyushu,kyushu,16.195,https://www.jepx.jp/_download.php?dir=spot_summary&file=spot_summary_2012.csv
2012-06-16,jepx-top8avg-kyushu,kyushu,15.02,https://www.jepx.jp/_download.php?dir=spot_summary&file=spot_summary_2012.csv
2012-06-17,jepx-top8avg-kyushu,kyushu,14.67625,https://www.jepx.jp/_download.php?dir=spot_summary&file=spot_summary_2012.csv
2012-06-18,jepx-top8avg-kyushu,kyushu,19.67,https://www.jepx.jp/_download.php?dir=spot_summary&file=spot_summary_2012.csv
2012-06-19,jepx-top8avg-kyushu,kyushu,18.8575,https://www.jepx.jp/_download.php?dir=spot_summary&file=spot_summary_2012.csv
2012-06-20,jepx-top8avg-kyushu,kyushu,25.83,https://www.jepx.jp/_download.php?dir=spot_summary&file=spot_summary_2012.csv
2012-06-21,jepx-top8avg-kyushu,kyushu,19.7275,https://www.jepx.jp/_download.php?dir=spot_summary&file=spot_summary_2012.csv
2012-06-22,jepx-top8avg-kyushu,kyushu,17.955,https://www.jepx.jp/_download.php?dir=spot_summary&file=spot_summary_2012.csv
2012-06-23,jepx-top8avg-kyushu,kyushu,13.620000000000001,https://www.jepx.jp/_download.php?dir=spot_summary&file=spot_summary_2012.csv
2012-06-24,jepx-top8avg-kyushu,kyushu,14.1925,https://www.jepx.jp/_download.php?dir=spot_summary&file=spot_summary_2012.csv
2012-06-25,jepx-top8avg-kyushu,kyushu,15.12875,https://www.jepx.jp/_download.php?dir=spot_summary&file=spot_summary_2012.csv
2012-06-26,jepx-top8avg-kyushu,kyushu,14.76,https://www.jepx.jp/_download.php?dir=spot_summary&file=spot_summary_2012.csv
2012-06-27,jepx-top8avg-kyushu,kyushu,14.95,https://www.jepx.jp/_download.php?dir=spot_summary&file=spot_summary_2012.csv
2012-06-28,jepx-top8avg-kyushu,kyushu,15.495000000000001,https://www.jepx.jp/_download.php?dir=spot_summary&file=spot_summary_2012.csv
2012-06-29,jepx-top8avg-kyushu,kyushu,15.213750000000001,https://www.jepx.jp/_download.php?dir=spot_summary&file=spot_summary_2012.csv
2012-06-30,jepx-top8avg-kyushu,kyushu,14.145,https://www.jepx.jp/_download.php?dir=spot_summary&file=spot_summary_2012.csv
2012-07-01,jepx-top8avg-kyushu,kyushu,13.465,https://www.jepx.jp/_download.php?dir=spot_summary&file=spot_summary_2012.csv
2012-07-02,jepx-top8avg-kyushu,kyushu,14.885000000000002,https://www.jepx.jp/_download.php?dir=spot_summary&file=spot_summary_2012.csv
2012-07-03,jepx-top8avg-kyushu,kyushu,14.588750000000001,https://www.jepx.jp/_download.php?dir=spot_summary&file=spot_summary_2012.csv
2012-07-04,jepx-top8avg-kyushu,kyushu,14.77,https://www.jepx.jp/_download.php?dir=spot_summary&file=spot_summary_2012.csv
2012-07-05,jepx-top8avg-kyushu,kyushu,14.537500000000001,https://www.jepx.jp/_download.php?dir=spot_summary&file=spot_summary_2012.csv
2012-07-06,jepx-top8avg-kyushu,kyushu,14.5225,https://www.jepx.jp/_download.php?dir=spot_summary&file=spot_summary_2012.csv
2012-07-07,jepx-top8avg-kyushu,kyushu,12.88625,https://www.jepx.jp/_download.php?dir=spot_summary&file=spot_summary_2012.csv
2012-07-08,jepx-top8avg-kyushu,kyushu,12.38125,https://www.jepx.jp/_download.php?dir=spot_summary&file=spot_summary_2012.csv
2012-07-09,jepx-top8avg-kyushu,kyushu,14.530000000000001,https://www.jepx.jp/_download.php?dir=spot_summary&file=spot_summary_2012.csv
2012-07-10,jepx-top8avg-kyushu,kyushu,14.48125,https://www.jepx.jp/_download.php?dir=spot_summary&file=spot_summary_2012.csv
2012-07-11,jepx-top8avg-kyushu,kyushu,14.17,https://www.jepx.jp/_download.php?dir=spot_summary&file=spot_summary_2012.csv
2012-07-12,jepx-top8avg-kyushu,kyushu,14.1675,https://www.jepx.jp/_download.php?dir=spot_summary&file=spot_summary_2012.csv
2012-07-13,jepx-top8avg-kyushu,kyushu,13.834999999999999,https://www.jepx.jp/_download.php?dir=spot_summary&file=spot_summary_2012.csv
2012-07-14,jepx-top8avg-kyushu,kyushu,11.811250000000001,https://www.jepx.jp/_download.php?dir=spot_summary&file=spot_summary_2012.csv
2012-07-15,jepx-top8avg-kyushu,kyushu,11.935,https://www.jepx.jp/_download.php?dir=spot_summary&file=spot_summary_2012.csv
2012-07-16,jepx-top8avg-kyushu,kyushu,11.9475,https://www.jepx.jp/_download.php?dir=spot_summary&file=spot_summary_2012.csv
2012-07-17,jepx-top8avg-kyushu,kyushu,12.75125,https://www.jepx.jp/_download.php?dir=spot_summary&file=spot_summary_2012.csv
2012-07-18,jepx-top8avg-kyushu,kyushu,17.177500000000002,https://www.jepx.jp/_download.php?dir=spot_summary&file=spot_summary_2012.csv
2012-07-19,jepx-top8avg-kyushu,kyushu,18.9725,https://www.jepx.jp/_download.php?dir=spot_summary&file=spot_summary_2012.csv
2012-07-20,jepx-top8avg-kyushu,kyushu,15.350000000000001,https://www.jepx.jp/_download.php?dir=spot_summary&file=spot_summary_2012.csv
2012-07-21,jepx-top8avg-kyushu,kyushu,12.287500000000001,https://www.jepx.jp/_download.php?dir=spot_summary&file=spot_summary_2012.csv
2012-07-22,jepx-top8avg-kyushu,kyushu,11.901250000000001,https://www.jepx.jp/_download.php?dir=spot_summary&file=spot_summary_2012.csv
2012-07-23,jepx-top8avg-kyushu,kyushu,18.7175,https://www.jepx.jp/_download.php?dir=spot_summary&file=spot_summary_2012.csv
2012-07-24,jepx-top8avg-kyushu,kyushu,19.4,https://www.jepx.jp/_download.php?dir=spot_summary&file=spot_summary_2012.csv
2012-07-25,jepx-top8avg-kyushu,kyushu,18.95375,https://www.jepx.jp/_download.php?dir=spot_summary&file=spot_summary_2012.csv
2012-07-26,jepx-top8avg-kyushu,kyushu,19.278750000000002,https://www.jepx.jp/_download.php?dir=spot_summary&file=spot_summary_2012.csv
2012-07-27,jepx-top8avg-kyushu,kyushu,20.669999999999998,https://www.jepx.jp/_download.php?dir=spot_summary&file=spot_summary_2012.csv
2012-07-28,jepx-top8avg-kyushu,kyushu,14.12875,https://www.jepx.jp/_download.php?dir=spot_summary&file=spot_summary_2012.csv
2012-07-29,jepx-top8avg-kyushu,kyushu,12.815000000000001,https://www.jepx.jp/_download.php?dir=spot_summary&file=spot_summary_2012.csv
2012-07-30,jepx-top8avg-kyushu,kyushu,22.533749999999998,https://www.jepx.jp/_download.php?dir=spot_summary&file=spot_summary_2012.csv
2012-07-31,jepx-top8avg-kyushu,kyushu,28.8025,https://www.jepx.jp/_download.php?dir=spot_summary&file=spot_summary_2012.csv
2012-08-01,jepx-top8avg-kyushu,kyushu,23.65,https://www.jepx.jp/_download.php?dir=spot_summary&file=spot_summary_2012.csv
2012-08-02,jepx-top8avg-kyushu,kyushu,25.058749999999996,https://www.jepx.jp/_download.php?dir=spot_summary&file=spot_summary_2012.csv
2012-08-03,jepx-top8avg-kyushu,kyushu,28.501250000000002,https://www.jepx.jp/_download.php?dir=spot_summary&file=spot_summary_2012.csv
2012-08-04,jepx-top8avg-kyushu,kyushu,13.2575,https://www.jepx.jp/_download.php?dir=spot_summary&file=spot_summary_2012.csv
2012-08-05,jepx-top8avg-kyushu,kyushu,12.93,https://www.jepx.jp/_download.php?dir=spot_summary&file=spot_summary_2012.csv
2012-08-06,jepx-top8avg-kyushu,kyushu,21.155,https://www.jepx.jp/_download.php?dir=spot_summary&file=spot_summary_2012.csv
2012-08-07,jepx-top8avg-kyushu,kyushu,21.14625,https://www.jepx.jp/_download.php?dir=spot_summary&file=spot_summary_2012.csv
2012-08-08,jepx-top8avg-kyushu,kyushu,21.19625,https://www.jepx.jp/_download.php?dir=spot_summary&file=spot_summary_2012.csv
2012-08-09,jepx-top8avg-kyushu,kyushu,21.33,https://www.jepx.jp/_download.php?dir=spot_summary&file=spot_summary_2012.csv
2012-08-10,jepx-top8avg-kyushu,kyushu,21.31375,https://www.jepx.jp/_download.php?dir=spot_summary&file=spot_summary_2012.csv
2012-08-11,jepx-top8avg-kyushu,kyushu,13.92,https://www.jepx.jp/_download.php?dir=spot_summary&file=spot_summary_2012.csv
2012-08-12,jepx-top8avg-kyushu,kyushu,13.93,https://www.jepx.jp/_download.php?dir=spot_summary&file=spot_summary_2012.csv
2012-08-13,jepx-top8avg-kyushu,kyushu,14.34,https://www.jepx.jp/_download.php?dir=spot_summary&file=spot_summary_2012.csv
2012-08-14,jepx-top8avg-kyushu,kyushu,14.357500000000002,https://www.jepx.jp/_download.php?dir=spot_summary&file=spot_summary_2012.csv
2012-08-15,jepx-top8avg-kyushu,kyushu,14.212499999999999,https://www.jepx.jp/_download.php?dir=spot_summary&file=spot_summary_2012.csv
2012-08-16,jepx-top8avg-kyushu,kyushu,14.297500000000001,https://www.jepx.jp/_download.php?dir=spot_summary&file=spot_summary_2012.csv
2012-08-17,jepx-top8avg-kyushu,kyushu,18.865000000000002,https://www.jepx.jp/_download.php?dir=spot_summary&file=spot_summary_2012.csv
2012-08-18,jepx-top8avg-kyushu,kyushu,13.94,https://www.jepx.jp/_download.php?dir=spot_summary&file=spot_summary_2012.csv
2012-08-19,jepx-top8avg-kyushu,kyushu,13.93,https://www.jepx.jp/_download.php?dir=spot_summary&file=spot_summary_2012.csv
2012-08-20,jepx-top8avg-kyushu,kyushu,39.67,https://www.jepx.jp/_download.php?dir=spot_summary&file=spot_summary_2012.csv
2012-08-21,jepx-top8avg-kyushu,kyushu,39.665,https://www.jepx.jp/_download.php?dir=spot_summary&file=spot_summary_2012.csv
2012-08-22,jepx-top8avg-kyushu,kyushu,18.87,https://www.jepx.jp/_download.php?dir=spot_summary&file=spot_summary_2012.csv
2012-08-23,jepx-top8avg-kyushu,kyushu,29.8375,https://www.jepx.jp/_download.php?dir=spot_summary&file=spot_summary_2012.csv
2012-08-24,jepx-top8avg-kyushu,kyushu,33.265,https://www.jepx.jp/_download.php?dir=spot_summary&file=spot_summary_2012.csv
2012-08-25,jepx-top8avg-kyushu,kyushu,14.473749999999999,https://www.jepx.jp/_download.php?dir=spot_summary&file=spot_summary_2012.csv
2012-08-26,jepx-top8avg-kyushu,kyushu,13.32375,https://www.jepx.jp/_download.php?dir=spot_summary&file=spot_summary_2012.csv
2012-08-27,jepx-top8avg-kyushu,kyushu,20.81125,https://www.jepx.jp/_download.php?dir=spot_summary&file=spot_summary_2012.csv
2012-08-28,jepx-top8avg-kyushu,kyushu,31.231250000000003,https://www.jepx.jp/_download.php?dir=spot_summary&file=spot_summary_2012.csv
2012-08-29,jepx-top8avg-kyushu,kyushu,38.95,https://www.jepx.jp/_download.php?dir=spot_summary&file=spot_summary_2012.csv
2012-08-30,jepx-top8avg-kyushu,kyushu,30.10875,https://www.jepx.jp/_download.php?dir=spot_summary&file=spot_summary_2012.csv
2012-08-31,jepx-top8avg-kyushu,kyushu,27.19375,https://www.jepx.jp/_download.php?dir=spot_summary&file=spot_summary_2012.csv
2012-09-01,jepx-top8avg-kyushu,kyushu,14.71125,https://www.jepx.jp/_download.php?dir=spot_summary&file=spot_summary_2012.csv
2012-09-02,jepx-top8avg-kyushu,kyushu,14.49,https://www.jepx.jp/_download.php?dir=spot_summary&file=spot_summary_2012.csv
2012-09-03,jepx-top8avg-kyushu,kyushu,19.822499999999998,https://www.jepx.jp/_download.php?dir=spot_summary&file=spot_summary_2012.csv
2012-09-04,jepx-top8avg-kyushu,kyushu,39.15,https://www.jepx.jp/_download.php?dir=spot_summary&file=spot_summary_2012.csv
2012-09-05,jepx-top8avg-kyushu,kyushu,19.5925,https://www.jepx.jp/_download.php?dir=spot_summary&file=spot_summary_2012.csv
2012-09-06,jepx-top8avg-kyushu,kyushu,17.18625,https://www.jepx.jp/_download.php?dir=spot_summary&file=spot_summary_2012.csv
2012-09-07,jepx-top8avg-kyushu,kyushu,17.39875,https://www.jepx.jp/_download.php?dir=spot_summary&file=spot_summary_2012.csv
2012-09-08,jepx-top8avg-kyushu,kyushu,13.809999999999999,https://www.jepx.jp/_download.php?dir=spot_summary&file=spot_summary_2012.csv
2012-09-09,jepx-top8avg-kyushu,kyushu,13.71125,https://www.jepx.jp/_download.php?dir=spot_summary&file=spot_summary_2012.csv
2012-09-10,jepx-top8avg-kyushu,kyushu,16.39875,https://www.jepx.jp/_download.php?dir=spot_summary&file=spot_summary_2012.csv
2012-09-11,jepx-top8avg-kyushu,kyushu,19.865000000000002,https://www.jepx.jp/_download.php?dir=spot_summary&file=spot_summary_2012.csv
2012-09-12,jepx-top8avg-kyushu,kyushu,18.47625,https://www.jepx.jp/_download.php?dir=spot_summary&file=spot_summary_2012.csv
2012-09-13,jepx-top8avg-kyushu,kyushu,20.5225,https://www.jepx.jp/_download.php?dir=spot_summary&file=spot_summary_2012.csv
2012-09-14,jepx-top8avg-kyushu,kyushu,21.61,https://www.jepx.jp/_download.php?dir=spot_summary&file=spot_summary_2012.csv
2012-09-15,jepx-top8avg-kyushu,kyushu,14.0125,https://www.jepx.jp/_download.php?dir=spot_summary&file=spot_summary_2012.csv
2012-09-16,jepx-top8avg-kyushu,kyushu,13.67625,https://www.jepx.jp/_download.php?dir=spot_summary&file=spot_summary_2012.csv
2012-09-17,jepx-top8avg-kyushu,kyushu,16.28875,https://www.jepx.jp/_download.php?dir=spot_summary&file=spot_summary_2012.csv
2012-09-18,jepx-top8avg-kyushu,kyushu,19.905,https://www.jepx.jp/_download.php?dir=spot_summary&file=spot_summary_2012.csv
2012-09-19,jepx-top8avg-kyushu,kyushu,16.0025,https://www.jepx.jp/_download.php?dir=spot_summary&file=spot_summary_2012.csv
2012-09-20,jepx-top8avg-kyushu,kyushu,15.41375,https://www.jepx.jp/_download.php?dir=spot_summary&file=spot_summary_2012.csv
2012-09-21,jepx-top8avg-kyushu,kyushu,15.54625,https://www.jepx.jp/_download.php?dir=spot_summary&file=spot_summary_2012.csv
2012-09-22,jepx-top8avg-kyushu,kyushu,12.61375,https://www.jepx.jp/_download.php?dir=spot_summary&file=spot_summary_2012.csv
2012-09-23,jepx-top8avg-kyushu,kyushu,10.64125,https://www.jepx.jp/_download.php?dir=spot_summary&file=spot_summary_2012.csv
2012-09-24,jepx-top8avg-kyushu,kyushu,13.596250000000001,https://www.jepx.jp/_download.php?dir=spot_summary&file=spot_summary_2012.csv
2012-09-25,jepx-top8avg-kyushu,kyushu,13.8,https://www.jepx.jp/_download.php?dir=spot_summary&file=spot_summary_2012.csv
2012-09-26,jepx-top8avg-kyushu,kyushu,14.78625,https://www.jepx.jp/_download.php?dir=spot_summary&file=spot_summary_2012.csv
2012-09-27,jepx-top8avg-kyushu,kyushu,14.79375,https://www.jepx.jp/_download.php?dir=spot_summary&file=spot_summary_2012.csv
2012-09-28,jepx-top8avg-kyushu,kyushu,14.844999999999999,https://www.jepx.jp/_download.php?dir=spot_summary&file=spot_summary_2012.csv
2012-09-29,jepx-top8avg-kyushu,kyushu,13.48,https://www.jepx.jp/_download.php?dir=spot_summary&file=spot_summary_2012.csv
2012-09-30,jepx-top8avg-kyushu,kyushu,13.15,https://www.jepx.jp/_download.php?dir=spot_summary&file=spot_summary_2012.csv
2012-10-01,jepx-top8avg-kyushu,kyushu,18.970000000000002,https://www.jepx.jp/_download.php?dir=spot_summary&file=spot_summary_2012.csv
2012-10-02,jepx-top8avg-kyushu,kyushu,16.6875,https://www.jepx.jp/_download.php?dir=spot_summary&file=spot_summary_2012.csv
2012-10-03,jepx-top8avg-kyushu,kyushu,16.295,https://www.jepx.jp/_download.php?dir=spot_summary&file=spot_summary_2012.csv
2012-10-04,jepx-top8avg-kyushu,kyushu,17.4825,https://www.jepx.jp/_download.php?dir=spot_summary&file=spot_summary_2012.csv
2012-10-05,jepx-top8avg-kyushu,kyushu,16.155,https://www.jepx.jp/_download.php?dir=spot_summary&file=spot_summary_2012.csv
2012-10-06,jepx-top8avg-kyushu,kyushu,14.00375,https://www.jepx.jp/_download.php?dir=spot_summary&file=spot_summary_2012.csv
2012-10-07,jepx-top8avg-kyushu,kyushu,13.81125,https://www.jepx.jp/_download.php?dir=spot_summary&file=spot_summary_2012.csv
2012-10-08,jepx-top8avg-kyushu,kyushu,14.8875,https://www.jepx.jp/_download.php?dir=spot_summary&file=spot_summary_2012.csv
2012-10-09,jepx-top8avg-kyushu,kyushu,15.721250000000001,https://www.jepx.jp/_download.php?dir=spot_summary&file=spot_summary_2012.csv
2012-10-10,jepx-top8avg-kyushu,kyushu,16.4725,https://www.jepx.jp/_download.php?dir=spot_summary&file=spot_summary_2012.csv
2012-10-11,jepx-top8avg-kyushu,kyushu,17.744999999999997,https://www.jepx.jp/_download.php?dir=spot_summary&file=spot_summary_2012.csv
2012-10-12,jepx-top8avg-kyushu,kyushu,18.32625,https://www.jepx.jp/_download.php?dir=spot_summary&file=spot_summary_2012.csv
2012-10-13,jepx-top8avg-kyushu,kyushu,14.07375,https://www.jepx.jp/_download.php?dir=spot_summary&file=spot_summary_2012.csv
2012-10-14,jepx-top8avg-kyushu,kyushu,14.012500000000001,https://www.jepx.jp/_download.php?dir=spot_summary&file=spot_summary_2012.csv
2012-10-15,jepx-top8avg-kyushu,kyushu,15.8925,https://www.jepx.jp/_download.php?dir=spot_summary&file=spot_summary_2012.csv
2012-10-16,jepx-top8avg-kyushu,kyushu,16.6525,https://www.jepx.jp/_download.php?dir=spot_summary&file=spot_summary_2012.csv
2012-10-17,jepx-top8avg-kyushu,kyushu,18.4,https://www.jepx.jp/_download.php?dir=spot_summary&file=spot_summary_2012.csv
2012-10-18,jepx-top8avg-kyushu,kyushu,14.96,https://www.jepx.jp/_download.php?dir=spot_summary&file=spot_summary_2012.csv
2012-10-19,jepx-top8avg-kyushu,kyushu,14.4925,https://www.jepx.jp/_download.php?dir=spot_summary&file=spot_summary_2012.csv
2012-10-20,jepx-top8avg-kyushu,kyushu,13.69875,https://www.jepx.jp/_download.php?dir=spot_summary&file=spot_summary_2012.csv
2012-10-21,jepx-top8avg-kyushu,kyushu,13.88875,https://www.jepx.jp/_download.php?dir=spot_summary&file=spot_summary_2012.csv
2012-10-22,jepx-top8avg-kyushu,kyushu,17.00125,https://www.jepx.jp/_download.php?dir=spot_summary&file=spot_summary_2012.csv
2012-10-23,jepx-top8avg-kyushu,kyushu,14.7925,https://www.jepx.jp/_download.php?dir=spot_summary&file=spot_summary_2012.csv
2012-10-24,jepx-top8avg-kyushu,kyushu,14.607499999999998,https://www.jepx.jp/_download.php?dir=spot_summary&file=spot_summary_2012.csv
2012-10-25,jepx-top8avg-kyushu,kyushu,14.607499999999998,https://www.jepx.jp/_download.php?dir=spot_summary&file=spot_summary_2012.csv
2012-10-26,jepx-top8avg-kyushu,kyushu,14.35875,https://www.jepx.jp/_download.php?dir=spot_summary&file=spot_summary_2012.csv
2012-10-27,jepx-top8avg-kyushu,kyushu,13.2425,https://www.jepx.jp/_download.php?dir=spot_summary&file=spot_summary_2012.csv
2012-10-28,jepx-top8avg-kyushu,kyushu,13.19,https://www.jepx.jp/_download.php?dir=spot_summary&file=spot_summary_2012.csv
2012-10-29,jepx-top8avg-kyushu,kyushu,14.08,https://www.jepx.jp/_download.php?dir=spot_summary&file=spot_summary_2012.csv
2012-10-30,jepx-top8avg-kyushu,kyushu,13.946250000000001,https://www.jepx.jp/_download.php?dir=spot_summary&file=spot_summary_2012.csv
2012-10-31,jepx-top8avg-kyushu,kyushu,13.70125,https://www.jepx.jp/_download.php?dir=spot_summary&file=spot_summary_2012.csv
2012-11-01,jepx-top8avg-kyushu,kyushu,14.30375,https://www.jepx.jp/_download.php?dir=spot_summary&file=spot_summary_2012.csv
2012-11-02,jepx-top8avg-kyushu,kyushu,13.7,https://www.jepx.jp/_download.php?dir=spot_summary&file=spot_summary_2012.csv
2012-11-03,jepx-top8avg-kyushu,kyushu,13.842500000000001,https://www.jepx.jp/_download.php?dir=spot_summary&file=spot_summary_2012.csv
2012-11-04,jepx-top8avg-kyushu,kyushu,13.5325,https://www.jepx.jp/_download.php?dir=spot_summary&file=spot_summary_2012.csv
2012-11-05,jepx-top8avg-kyushu,kyushu,14.83375,https://www.jepx.jp/_download.php?dir=spot_summary&file=spot_summary_2012.csv
2012-11-06,jepx-top8avg-kyushu,kyushu,14.70875,https://www.jepx.jp/_download.php?dir=spot_summary&file=spot_summary_2012.csv
2012-11-07,jepx-top8avg-kyushu,kyushu,14.77125,https://www.jepx.jp/_download.php?dir=spot_summary&file=spot_summary_2012.csv
2012-11-08,jepx-top8avg-kyushu,kyushu,15.4875,https://www.jepx.jp/_download.php?dir=spot_summary&file=spot_summary_2012.csv
2012-11-09,jepx-top8avg-kyushu,kyushu,14.63,https://www.jepx.jp/_download.php?dir=spot_summary&file=spot_summary_2012.csv
2012-11-10,jepx-top8avg-kyushu,kyushu,13.58625,https://www.jepx.jp/_download.php?dir=spot_summary&file=spot_summary_2012.csv
2012-11-11,jepx-top8avg-kyushu,kyushu,13.383750000000001,https://www.jepx.jp/_download.php?dir=spot_summary&file=spot_summary_2012.csv
2012-11-12,jepx-top8avg-kyushu,kyushu,14.947500000000002,https://www.jepx.jp/_download.php?dir=spot_summary&file=spot_summary_2012.csv
2012-11-13,jepx-top8avg-kyushu,kyushu,15.0225,https://www.jepx.jp/_download.php?dir=spot_summary&file=spot_summary_2012.csv
2012-11-14,jepx-top8avg-kyushu,kyushu,17.19875,https://www.jepx.jp/_download.php?dir=spot_summary&file=spot_summary_2012.csv
2012-11-15,jepx-top8avg-kyushu,kyushu,21.18,https://www.jepx.jp/_download.php?dir=spot_summary&file=spot_summary_2012.csv
2012-11-16,jepx-top8avg-kyushu,kyushu,20.94,https://www.jepx.jp/_download.php?dir=spot_summary&file=spot_summary_2012.csv
2012-11-17,jepx-top8avg-kyushu,kyushu,14.56875,https://www.jepx.jp/_download.php?dir=spot_summary&file=spot_summary_2012.csv
2012-11-18,jepx-top8avg-kyushu,kyushu,14.51625,https://www.jepx.jp/_download.php?dir=spot_summary&file=spot_summary_2012.csv
2012-11-19,jepx-top8avg-kyushu,kyushu,18.103749999999998,https://www.jepx.jp/_download.php?dir=spot_summary&file=spot_summary_2012.csv
2012-11-20,jepx-top8avg-kyushu,kyushu,15.353750000000002,https://www.jepx.jp/_download.php?dir=spot_summary&file=spot_summary_2012.csv
2012-11-21,jepx-top8avg-kyushu,kyushu,16.776249999999997,https://www.jepx.jp/_download.php?dir=spot_summary&file=spot_summary_2012.csv
2012-11-22,jepx-top8avg-kyushu,kyushu,16.04375,https://www.jepx.jp/_download.php?dir=spot_summary&file=spot_summary_2012.csv
2012-11-23,jepx-top8avg-kyushu,kyushu,16.177500000000002,https://www.jepx.jp/_download.php?dir=spot_summary&file=spot_summary_2012.csv
2012-11-24,jepx-top8avg-kyushu,kyushu,15.6175,https://www.jepx.jp/_download.php?dir=spot_summary&file=spot_summary_2012.csv
2012-11-25,jepx-top8avg-kyushu,kyushu,15.03125,https://www.jepx.jp/_download.php?dir=spot_summary&file=spot_summary_2012.csv
2012-11-26,jepx-top8avg-kyushu,kyushu,18.99625,https://www.jepx.jp/_download.php?dir=spot_summary&file=spot_summary_2012.csv
2012-11-27,jepx-top8avg-kyushu,kyushu,18.985,https://www.jepx.jp/_download.php?dir=spot_summary&file=spot_summary_2012.csv
2012-11-28,jepx-top8avg-kyushu,kyushu,17.23625,https://www.jepx.jp/_download.php?dir=spot_summary&file=spot_summary_2012.csv
2012-11-29,jepx-top8avg-kyushu,kyushu,19.54375,https://www.jepx.jp/_download.php?dir=spot_summary&file=spot_summary_2012.csv
2012-11-30,jepx-top8avg-kyushu,kyushu,19.333750000000002,https://www.jepx.jp/_download.php?dir=spot_summary&file=spot_summary_2012.csv
2012-12-01,jepx-top8avg-kyushu,kyushu,15.668750000000001,https://www.jepx.jp/_download.php?dir=spot_summary&file=spot_summary_2012.csv
2012-12-02,jepx-top8avg-kyushu,kyushu,15.1025,https://www.jepx.jp/_download.php?dir=spot_summary&file=spot_summary_2012.csv
2012-12-03,jepx-top8avg-kyushu,kyushu,19.22875,https://www.jepx.jp/_download.php?dir=spot_summary&file=spot_summary_2012.csv
2012-12-04,jepx-top8avg-kyushu,kyushu,20.333750000000002,https://www.jepx.jp/_download.php?dir=spot_summary&file=spot_summary_2012.csv
2012-12-05,jepx-top8avg-kyushu,kyushu,21.75625,https://www.jepx.jp/_download.php?dir=spot_summary&file=spot_summary_2012.csv
2012-12-06,jepx-top8avg-kyushu,kyushu,22.415,https://www.jepx.jp/_download.php?dir=spot_summary&file=spot_summary_2012.csv
2012-12-07,jepx-top8avg-kyushu,kyushu,25.73875,https://www.jepx.jp/_download.php?dir=spot_summary&file=spot_summary_2012.csv
2012-12-08,jepx-top8avg-kyushu,kyushu,14.877500000000001,https://www.jepx.jp/_download.php?dir=spot_summary&file=spot_summary_2012.csv
2012-12-09,jepx-top8avg-kyushu,kyushu,16.18375,https://www.jepx.jp/_download.php?dir=spot_summary&file=spot_summary_2012.csv
2012-12-10,jepx-top8avg-kyushu,kyushu,27.6,https://www.jepx.jp/_download.php?dir=spot_summary&file=spot_summary_2012.csv
2012-12-11,jepx-top8avg-kyushu,kyushu,33.565,https://www.jepx.jp/_download.php?dir=spot_summary&file=spot_summary_2012.csv
2012-12-12,jepx-top8avg-kyushu,kyushu,30.761249999999997,https://www.jepx.jp/_download.php?dir=spot_summary&file=spot_summary_2012.csv
2012-12-13,jepx-top8avg-kyushu,kyushu,31.6825,https://www.jepx.jp/_download.php?dir=spot_summary&file=spot_summary_2012.csv
2012-12-14,jepx-top8avg-kyushu,kyushu,26.911250000000003,https://www.jepx.jp/_download.php?dir=spot_summary&file=spot_summary_2012.csv
2012-12-15,jepx-top8avg-kyushu,kyushu,14.155000000000001,https://www.jepx.jp/_download.php?dir=spot_summary&file=spot_summary_2012.csv
2012-12-16,jepx-top8avg-kyushu,kyushu,14.715,https://www.jepx.jp/_download.php?dir=spot_summary&file=spot_summary_2012.csv
2012-12-17,jepx-top8avg-kyushu,kyushu,18.53625,https://www.jepx.jp/_download.php?dir=spot_summary&file=spot_summary_2012.csv
2012-12-18,jepx-top8avg-kyushu,kyushu,20.51125,https://www.jepx.jp/_download.php?dir=spot_summary&file=spot_summary_2012.csv
2012-12-19,jepx-top8avg-kyushu,kyushu,23.725,https://www.jepx.jp/_download.php?dir=spot_summary&file=spot_summary_2012.csv
2012-12-20,jepx-top8avg-kyushu,kyushu,24.42,https://www.jepx.jp/_download.php?dir=spot_summary&file=spot_summary_2012.csv
2012-12-21,jepx-top8avg-kyushu,kyushu,18.76625,https://www.jepx.jp/_download.php?dir=spot_summary&file=spot_summary_2012.csv
2012-12-22,jepx-top8avg-kyushu,kyushu,14.1325,https://www.jepx.jp/_download.php?dir=spot_summary&file=spot_summary_2012.csv
2012-12-23,jepx-top8avg-kyushu,kyushu,13.97,https://www.jepx.jp/_download.php?dir=spot_summary&file=spot_summary_2012.csv
2012-12-24,jepx-top8avg-kyushu,kyushu,16.6075,https://www.jepx.jp/_download.php?dir=spot_summary&file=spot_summary_2012.csv
2012-12-25,jepx-top8avg-kyushu,kyushu,18.62875,https://www.jepx.jp/_download.php?dir=spot_summary&file=spot_summary_2012.csv
2012-12-26,jepx-top8avg-kyushu,kyushu,16.451249999999998,https://www.jepx.jp/_download.php?dir=spot_summary&file=spot_summary_2012.csv
2012-12-27,jepx-top8avg-kyushu,kyushu,16.2075,https://www.jepx.jp/_download.php?dir=spot_summary&file=spot_summary_2012.csv
2012-12-28,jepx-top8avg-kyushu,kyushu,15.298749999999998,https://www.jepx.jp/_download.php?dir=spot_summary&file=spot_summary_2012.csv
2012-12-29,jepx-top8avg-kyushu,kyushu,12.858749999999999,https://www.jepx.jp/_download.php?dir=spot_summary&file=spot_summary_2012.csv
2012-12-30,jepx-top8avg-kyushu,kyushu,14.146249999999998,https://www.jepx.jp/_download.php?dir=spot_summary&file=spot_summary_2012.csv
2012-12-31,jepx-top8avg-kyushu,kyushu,14.8625,https://www.jepx.jp/_download.php?dir=spot_summary&file=spot_summary_2012.csv
2013-01-01,jepx-top8avg-kyushu,kyushu,12.940000000000001,https://www.jepx.jp/_download.php?dir=spot_summary&file=spot_summary_2012.csv
2013-01-02,jepx-top8avg-kyushu,kyushu,13.3325,https://www.jepx.jp/_download.php?dir=spot_summary&file=spot_summary_2012.csv
2013-01-03,jepx-top8avg-kyushu,kyushu,13.532499999999999,https://www.jepx.jp/_download.php?dir=spot_summary&file=spot_summary_2012.csv
2013-01-04,jepx-top8avg-kyushu,kyushu,13.595,https://www.jepx.jp/_download.php?dir=spot_summary&file=spot_summary_2012.csv
2013-01-05,jepx-top8avg-kyushu,kyushu,14.1975,https://www.jepx.jp/_download.php?dir=spot_summary&file=spot_summary_2012.csv
2013-01-06,jepx-top8avg-kyushu,kyushu,13.82,https://www.jepx.jp/_download.php?dir=spot_summary&file=spot_summary_2012.csv
2013-01-07,jepx-top8avg-kyushu,kyushu,20.8425,https://www.jepx.jp/_download.php?dir=spot_summary&file=spot_summary_2012.csv
2013-01-08,jepx-top8avg-kyushu,kyushu,20.55125,https://www.jepx.jp/_download.php?dir=spot_summary&file=spot_summary_2012.csv
2013-01-09,jepx-top8avg-kyushu,kyushu,19.195,https://www.jepx.jp/_download.php?dir=spot_summary&file=spot_summary_2012.csv
2013-01-10,jepx-top8avg-kyushu,kyushu,19.615000000000002,https://www.jepx.jp/_download.php?dir=spot_summary&file=spot_summary_2012.csv
2013-01-11,jepx-top8avg-kyushu,kyushu,15.485,https://www.jepx.jp/_download.php?dir=spot_summary&file=spot_summary_2012.csv
2013-01-12,jepx-top8avg-kyushu,kyushu,13.83,https://www.jepx.jp/_download.php?dir=spot_summary&file=spot_summary_2012.csv
2013-01-13,jepx-top8avg-kyushu,kyushu,13.623750000000001,https://www.jepx.jp/_download.php?dir=spot_summary&file=spot_summary_2012.csv
2013-01-14,jepx-top8avg-kyushu,kyushu,13.75875,https://www.jepx.jp/_download.php?dir=spot_summary&file=spot_summary_2012.csv
2013-01-15,jepx-top8avg-kyushu,kyushu,14.695,https://www.jepx.jp/_download.php?dir=spot_summary&file=spot_summary_2012.csv
2013-01-16,jepx-top8avg-kyushu,kyushu,14.585,https://www.jepx.jp/_download.php?dir=spot_summary&file=spot_summary_2012.csv
2013-01-17,jepx-top8avg-kyushu,kyushu,15.00375,https://www.jepx.jp/_download.php?dir=spot_summary&file=spot_summary_2012.csv
2013-01-18,jepx-top8avg-kyushu,kyushu,18.6025,https://www.jepx.jp/_download.php?dir=spot_summary&file=spot_summary_2012.csv
2013-01-19,jepx-top8avg-kyushu,kyushu,15.49,https://www.jepx.jp/_download.php?dir=spot_summary&file=spot_summary_2012.csv
2013-01-20,jepx-top8avg-kyushu,kyushu,14.58,https://www.jepx.jp/_download.php?dir=spot_summary&file=spot_summary_2012.csv
2013-01-21,jepx-top8avg-kyushu,kyushu,15.5425,https://www.jepx.jp/_download.php?dir=spot_summary&file=spot_summary_2012.csv
2013-01-22,jepx-top8avg-kyushu,kyushu,14.90625,https://www.jepx.jp/_download.php?dir=spot_summary&file=spot_summary_2012.csv
2013-01-23,jepx-top8avg-kyushu,kyushu,15.1875,https://www.jepx.jp/_download.php?dir=spot_summary&file=spot_summary_2012.csv
2013-01-24,jepx-top8avg-kyushu,kyushu,16.700000000000003,https://www.jepx.jp/_download.php?dir=spot_summary&file=spot_summary_2012.csv
2013-01-25,jepx-top8avg-kyushu,kyushu,17.60875,https://www.jepx.jp/_download.php?dir=spot_summary&file=spot_summary_2012.csv
2013-01-26,jepx-top8avg-kyushu,kyushu,16.85125,https://www.jepx.jp/_download.php?dir=spot_summary&file=spot_summary_2012.csv
2013-01-27,jepx-top8avg-kyushu,kyushu,13.7675,https://www.jepx.jp/_download.php?dir=spot_summary&file=spot_summary_2012.csv
2013-01-28,jepx-top8avg-kyushu,kyushu,19.2875,https://www.jepx.jp/_download.php?dir=spot_summary&file=spot_summary_2012.csv
2013-01-29,jepx-top8avg-kyushu,kyushu,16.07125,https://www.jepx.jp/_download.php?dir=spot_summary&file=spot_summary_2012.csv
2013-01-30,jepx-top8avg-kyushu,kyushu,15.953750000000001,https://www.jepx.jp/_download.php?dir=spot_summary&file=spot_summary_2012.csv
2013-01-31,jepx-top8avg-kyushu,kyushu,15.78375,https://www.jepx.jp/_download.php?dir=spot_summary&file=spot_summary_2012.csv
2013-02-01,jepx-top8avg-kyushu,kyushu,16.005,https://www.jepx.jp/_download.php?dir=spot_summary&file=spot_summary_2012.csv
2013-02-02,jepx-top8avg-kyushu,kyushu,13.875,https://www.jepx.jp/_download.php?dir=spot_summary&file=spot_summary_2012.csv
2013-02-03,jepx-top8avg-kyushu,kyushu,14.60125,https://www.jepx.jp/_download.php?dir=spot_summary&file=spot_summary_2012.csv
2013-02-04,jepx-top8avg-kyushu,kyushu,16.03,https://www.jepx.jp/_download.php?dir=spot_summary&file=spot_summary_2012.csv
2013-02-05,jepx-top8avg-kyushu,kyushu,16.13625,https://www.jepx.jp/_download.php?dir=spot_summary&file=spot_summary_2012.csv
2013-02-06,jepx-top8avg-kyushu,kyushu,16.03,https://www.jepx.jp/_download.php?dir=spot_summary&file=spot_summary_2012.csv
2013-02-07,jepx-top8avg-kyushu,kyushu,15.68125,https://www.jepx.jp/_download.php?dir=spot_summary&file=spot_summary_2012.csv
2013-02-08,jepx-top8avg-kyushu,kyushu,17.162499999999998,https://www.jepx.jp/_download.php?dir=spot_summary&file=spot_summary_2012.csv
2013-02-09,jepx-top8avg-kyushu,kyushu,14.9225,https://www.jepx.jp/_download.php?dir=spot_summary&file=spot_summary_2012.csv
2013-02-10,jepx-top8avg-kyushu,kyushu,14.015,https://www.jepx.jp/_download.php?dir=spot_summary&file=spot_summary_2012.csv
2013-02-11,jepx-top8avg-kyushu,kyushu,14.745000000000001,https://www.jepx.jp/_download.php?dir=spot_summary&file=spot_summary_2012.csv
2013-02-12,jepx-top8avg-kyushu,kyushu,15.78625,https://www.jepx.jp/_download.php?dir=spot_summary&file=spot_summary_2012.csv
2013-02-13,jepx-top8avg-kyushu,kyushu,15.78375,https://www.jepx.jp/_download.php?dir=spot_summary&file=spot_summary_2012.csv
2013-02-14,jepx-top8avg-kyushu,kyushu,15.63375,https://www.jepx.jp/_download.php?dir=spot_summary&file=spot_summary_2012.csv
2013-02-15,jepx-top8avg-kyushu,kyushu,16.84375,https://www.jepx.jp/_download.php?dir=spot_summary&file=spot_summary_2012.csv
2013-02-16,jepx-top8avg-kyushu,kyushu,15.004999999999999,https://www.jepx.jp/_download.php?dir=spot_summary&file=spot_summary_2012.csv
2013-02-17,jepx-top8avg-kyushu,kyushu,16.5325,https://www.jepx.jp/_download.php?dir=spot_summary&file=spot_summary_2012.csv
2013-02-18,jepx-top8avg-kyushu,kyushu,17.0125,https://www.jepx.jp/_download.php?dir=spot_summary&file=spot_summary_2012.csv
2013-02-19,jepx-top8avg-kyushu,kyushu,17.91125,https://www.jepx.jp/_download.php?dir=spot_summary&file=spot_summary_2012.csv
2013-02-20,jepx-top8avg-kyushu,kyushu,19.80125,https://www.jepx.jp/_download.php?dir=spot_summary&file=spot_summary_2012.csv
2013-02-21,jepx-top8avg-kyushu,kyushu,20.35625,https://www.jepx.jp/_download.php?dir=spot_summary&file=spot_summary_2012.csv
2013-02-22,jepx-top8avg-kyushu,kyushu,17.785,https://www.jepx.jp/_download.php?dir=spot_summary&file=spot_summary_2012.csv
2013-02-23,jepx-top8avg-kyushu,kyushu,15.0975,https://www.jepx.jp/_download.php?dir=spot_summary&file=spot_summary_2012.csv
2013-02-24,jepx-top8avg-kyushu,kyushu,16.65625,https://www.jepx.jp/_download.php?dir=spot_summary&file=spot_summary_2012.csv
2013-02-25,jepx-top8avg-kyushu,kyushu,21.04875,https://www.jepx.jp/_download.php?dir=spot_summary&file=spot_summary_2012.csv
2013-02-26,jepx-top8avg-kyushu,kyushu,20.2425,https://www.jepx.jp/_download.php?dir=spot_summary&file=spot_summary_2012.csv
2013-02-27,jepx-top8avg-kyushu,kyushu,17.7975,https://www.jepx.jp/_download.php?dir=spot_summary&file=spot_summary_2012.csv
2013-02-28,jepx-top8avg-kyushu,kyushu,16.39,https://www.jepx.jp/_download.php?dir=spot_summary&file=spot_summary_2012.csv
2013-03-01,jepx-top8avg-kyushu,kyushu,17.08625,https://www.jepx.jp/_download.php?dir=spot_summary&file=spot_summary_2012.csv
2013-03-02,jepx-top8avg-kyushu,kyushu,15.25875,https://www.jepx.jp/_download.php?dir=spot_summary&file=spot_summary_2012.csv
2013-03-03,jepx-top8avg-kyushu,kyushu,17.451249999999998,https://www.jepx.jp/_download.php?dir=spot_summary&file=spot_summary_2012.csv
2013-03-04,jepx-top8avg-kyushu,kyushu,25.643749999999997,https://www.jepx.jp/_download.php?dir=spot_summary&file=spot_summary_2012.csv
2013-03-05,jepx-top8avg-kyushu,kyushu,22.08,https://www.jepx.jp/_download.php?dir=spot_summary&file=spot_summary_2012.csv
2013-03-06,jepx-top8avg-kyushu,kyushu,17.62875,https://www.jepx.jp/_download.php?dir=spot_summary&file=spot_summary_2012.csv
2013-03-07,jepx-top8avg-kyushu,kyushu,17.05,https://www.jepx.jp/_download.php?dir=spot_summary&file=spot_summary_2012.csv
2013-03-08,jepx-top8avg-kyushu,kyushu,16.77,https://www.jepx.jp/_download.php?dir=spot_summary&file=spot_summary_2012.csv
2013-03-09,jepx-top8avg-kyushu,kyushu,14.79375,https://www.jepx.jp/_download.php?dir=spot_summary&file=spot_summary_2012.csv
2013-03-10,jepx-top8avg-kyushu,kyushu,14.87875,https://www.jepx.jp/_download.php?dir=spot_summary&file=spot_summary_2012.csv
2013-03-11,jepx-top8avg-kyushu,kyushu,17.713749999999997,https://www.jepx.jp/_download.php?dir=spot_summary&file=spot_summary_2012.csv
2013-03-12,jepx-top8avg-kyushu,kyushu,17.35875,https://www.jepx.jp/_download.php?dir=spot_summary&file=spot_summary_2012.csv
2013-03-13,jepx-top8avg-kyushu,kyushu,17.0875,https://www.jepx.jp/_download.php?dir=spot_summary&file=spot_summary_2012.csv
2013-03-14,jepx-top8avg-kyushu,kyushu,17.96625,https://www.jepx.jp/_download.php?dir=spot_summary&file=spot_summary_2012.csv
2013-03-15,jepx-top8avg-kyushu,kyushu,17.11125,https://www.jepx.jp/_download.php?dir=spot_summary&file=spot_summary_2012.csv
2013-03-16,jepx-top8avg-kyushu,kyushu,15.405,https://www.jepx.jp/_download.php?dir=spot_summary&file=spot_summary_2012.csv
2013-03-17,jepx-top8avg-kyushu,kyushu,15.23125,https://www.jepx.jp/_download.php?dir=spot_summary&file=spot_summary_2012.csv
2013-03-18,jepx-top8avg-kyushu,kyushu,17.158749999999998,https://www.jepx.jp/_download.php?dir=spot_summary&file=spot_summary_2012.csv
2013-03-19,jepx-top8avg-kyushu,kyushu,16.86,https://www.jepx.jp/_download.php?dir=spot_summary&file=spot_summary_2012.csv
2013-03-20,jepx-top8avg-kyushu,kyushu,16.93,https://www.jepx.jp/_download.php?dir=spot_summary&file=spot_summary_2012.csv
2013-03-21,jepx-top8avg-kyushu,kyushu,16.916249999999998,https://www.jepx.jp/_download.php?dir=spot_summary&file=spot_summary_2012.csv
2013-03-22,jepx-top8avg-kyushu,kyushu,16.32,https://www.jepx.jp/_download.php?dir=spot_summary&file=spot_summary_2012.csv
2013-03-23,jepx-top8avg-kyushu,kyushu,15.34,https://www.jepx.jp/_download.php?dir=spot_summary&file=spot_summary_2012.csv
2013-03-24,jepx-top8avg-kyushu,kyushu,16.09,https://www.jepx.jp/_download.php?dir=spot_summary&file=spot_summary_2012.csv
2013-03-25,jepx-top8avg-kyushu,kyushu,17.25,https://www.jepx.jp/_download.php?dir=spot_summary&file=spot_summary_2012.csv
2013-03-26,jepx-top8avg-kyushu,kyushu,16.689999999999998,https://www.jepx.jp/_download.php?dir=spot_summary&file=spot_summary_2012.csv
2013-03-27,jepx-top8avg-kyushu,kyushu,16.572499999999998,https://www.jepx.jp/_download.php?dir=spot_summary&file=spot_summary_2012.csv
2013-03-28,jepx-top8avg-kyushu,kyushu,16.136249999999997,https://www.jepx.jp/_download.php?dir=spot_summary&file=spot_summary_2012.csv
2013-03-29,jepx-top8avg-kyushu,kyushu,16.3125,https://www.jepx.jp/_download.php?dir=spot_summary&file=spot_summary_2012.csv
2013-03-30,jepx-top8avg-kyushu,kyushu,15.28125,https://www.jepx.jp/_download.php?dir=spot_summary&file=spot_summary_2012.csv
2013-03-31,jepx-top8avg-kyushu,kyushu,15.708749999999998,https://www.jepx.jp/_download.php?dir=spot_summary&file=spot_summary_2012.csv
2013-04-01,jepx-top8avg-kyushu,kyushu,16.339999999999996,https://www.jepx.jp/_download.php?dir=spot_summary&file=spot_summary_2013.csv
2013-04-02,jepx-top8avg-kyushu,kyushu,17.291249999999998,https://www.jepx.jp/_download.php?dir=spot_summary&file=spot_summary_2013.csv
2013-04-03,jepx-top8avg-kyushu,kyushu,17.25,https://www.jepx.jp/_download.php?dir=spot_summary&file=spot_summary_2013.csv
2013-04-04,jepx-top8avg-kyushu,kyushu,16.634999999999998,https://www.jepx.jp/_download.php?dir=spot_summary&file=spot_summary_2013.csv
2013-04-05,jepx-top8avg-kyushu,kyushu,17.123749999999998,https://www.jepx.jp/_download.php?dir=spot_summary&file=spot_summary_2013.csv
2013-04-06,jepx-top8avg-kyushu,kyushu,16.502499999999998,https://www.jepx.jp/_download.php?dir=spot_summary&file=spot_summary_2013.csv
2013-04-07,jepx-top8avg-kyushu,kyushu,17.2875,https://www.jepx.jp/_download.php?dir=spot_summary&file=spot_summary_2013.csv
2013-04-08,jepx-top8avg-kyushu,kyushu,17.305,https://www.jepx.jp/_download.php?dir=spot_summary&file=spot_summary_2013.csv
2013-04-09,jepx-top8avg-kyushu,kyushu,16.8425,https://www.jepx.jp/_download.php?dir=spot_summary&file=spot_summary_2013.csv
2013-04-10,jepx-top8avg-kyushu,kyushu,16.759999999999998,https://www.jepx.jp/_download.php?dir=spot_summary&file=spot_summary_2013.csv
2013-04-11,jepx-top8avg-kyushu,kyushu,17.375,https://www.jepx.jp/_download.php?dir=spot_summary&file=spot_summary_2013.csv
2013-04-12,jepx-top8avg-kyushu,kyushu,17.2425,https://www.jepx.jp/_download.php?dir=spot_summary&file=spot_summary_2013.csv
2013-04-13,jepx-top8avg-kyushu,kyushu,16.627499999999998,https://www.jepx.jp/_download.php?dir=spot_summary&file=spot_summary_2013.csv
2013-04-14,jepx-top8avg-kyushu,kyushu,16.43625,https://www.jepx.jp/_download.php?dir=spot_summary&file=spot_summary_2013.csv
2013-04-15,jepx-top8avg-kyushu,kyushu,16.52375,https://www.jepx.jp/_download.php?dir=spot_summary&file=spot_summary_2013.csv
2013-04-16,jepx-top8avg-kyushu,kyushu,16.57375,https://www.jepx.jp/_download.php?dir=spot_summary&file=spot_summary_2013.csv
2013-04-17,jepx-top8avg-kyushu,kyushu,16.542499999999997,https://www.jepx.jp/_download.php?dir=spot_summary&file=spot_summary_2013.csv
2013-04-18,jepx-top8avg-kyushu,kyushu,16.9125,https://www.jepx.jp/_download.php?dir=spot_summary&file=spot_summary_2013.csv
2013-04-19,jepx-top8avg-kyushu,kyushu,16.7575,https://www.jepx.jp/_download.php?dir=spot_summary&file=spot_summary_2013.csv
2013-04-20,jepx-top8avg-kyushu,kyushu,16.30375,https://www.jepx.jp/_download.php?dir=spot_summary&file=spot_summary_2013.csv
2013-04-21,jepx-top8avg-kyushu,kyushu,16.19375,https://www.jepx.jp/_download.php?dir=spot_summary&file=spot_summary_2013.csv
2013-04-22,jepx-top8avg-kyushu,kyushu,16.4975,https://www.jepx.jp/_download.php?dir=spot_summary&file=spot_summary_2013.csv
2013-04-23,jepx-top8avg-kyushu,kyushu,16.502499999999998,https://www.jepx.jp/_download.php?dir=spot_summary&file=spot_summary_2013.csv
2013-04-24,jepx-top8avg-kyushu,kyushu,17.47375,https://www.jepx.jp/_download.php?dir=spot_summary&file=spot_summary_2013.csv
2013-04-25,jepx-top8avg-kyushu,kyushu,16.97375,https://www.jepx.jp/_download.php?dir=spot_summary&file=spot_summary_2013.csv
2013-04-26,jepx-top8avg-kyushu,kyushu,16.42,https://www.jepx.jp/_download.php?dir=spot_summary&file=spot_summary_2013.csv
2013-04-27,jepx-top8avg-kyushu,kyushu,16.61375,https://www.jepx.jp/_download.php?dir=spot_summary&file=spot_summary_2013.csv
2013-04-28,jepx-top8avg-kyushu,kyushu,16.67875,https://www.jepx.jp/_download.php?dir=spot_summary&file=spot_summary_2013.csv
2013-04-29,jepx-top8avg-kyushu,kyushu,16.29875,https://www.jepx.jp/_download.php?dir=spot_summary&file=spot_summary_2013.csv
2013-04-30,jepx-top8avg-kyushu,kyushu,25.0,https://www.jepx.jp/_download.php?dir=spot_summary&file=spot_summary_2013.csv
2013-05-01,jepx-top8avg-kyushu,kyushu,23.56,https://www.jepx.jp/_download.php?dir=spot_summary&file=spot_summary_2013.csv
2013-05-02,jepx-top8avg-kyushu,kyushu,19.09875,https://www.jepx.jp/_download.php?dir=spot_summary&file=spot_summary_2013.csv
2013-05-03,jepx-top8avg-kyushu,kyushu,16.1825,https://www.jepx.jp/_download.php?dir=spot_summary&file=spot_summary_2013.csv
2013-05-04,jepx-top8avg-kyushu,kyushu,16.11125,https://www.jepx.jp/_download.php?dir=spot_summary&file=spot_summary_2013.csv
2013-05-05,jepx-top8avg-kyushu,kyushu,16.418750000000003,https://www.jepx.jp/_download.php?dir=spot_summary&file=spot_summary_2013.csv
2013-05-06,jepx-top8avg-kyushu,kyushu,16.665,https://www.jepx.jp/_download.php?dir=spot_summary&file=spot_summary_2013.csv
2013-05-07,jepx-top8avg-kyushu,kyushu,17.792499999999997,https://www.jepx.jp/_download.php?dir=spot_summary&file=spot_summary_2013.csv
2013-05-08,jepx-top8avg-kyushu,kyushu,17.23375,https://www.jepx.jp/_download.php?dir=spot_summary&file=spot_summary_2013.csv
2013-05-09,jepx-top8avg-kyushu,kyushu,17.619999999999997,https://www.jepx.jp/_download.php?dir=spot_summary&file=spot_summary_2013.csv
2013-05-10,jepx-top8avg-kyushu,kyushu,18.32,https://www.jepx.jp/_download.php?dir=spot_summary&file=spot_summary_2013.csv
2013-05-11,jepx-top8avg-kyushu,kyushu,16.56,https://www.jepx.jp/_download.php?dir=spot_summary&file=spot_summary_2013.csv
2013-05-12,jepx-top8avg-kyushu,kyushu,15.771249999999998,https://www.jepx.jp/_download.php?dir=spot_summary&file=spot_summary_2013.csv
2013-05-13,jepx-top8avg-kyushu,kyushu,17.85625,https://www.jepx.jp/_download.php?dir=spot_summary&file=spot_summary_2013.csv
2013-05-14,jepx-top8avg-kyushu,kyushu,18.363749999999996,https://www.jepx.jp/_download.php?dir=spot_summary&file=spot_summary_2013.csv
2013-05-15,jepx-top8avg-kyushu,kyushu,19.02375,https://www.jepx.jp/_download.php?dir=spot_summary&file=spot_summary_2013.csv
2013-05-16,jepx-top8avg-kyushu,kyushu,20.080000000000002,https://www.jepx.jp/_download.php?dir=spot_summary&file=spot_summary_2013.csv
2013-05-17,jepx-top8avg-kyushu,kyushu,18.85125,https://www.jepx.jp/_download.php?dir=spot_summary&file=spot_summary_2013.csv
2013-05-18,jepx-top8avg-kyushu,kyushu,16.72,https://www.jepx.jp/_download.php?dir=spot_summary&file=spot_summary_2013.csv
2013-05-19,jepx-top8avg-kyushu,kyushu,15.82875,https://www.jepx.jp/_download.php?dir=spot_summary&file=spot_summary_2013.csv
2013-05-20,jepx-top8avg-kyushu,kyushu,18.560000000000002,https://www.jepx.jp/_download.php?dir=spot_summary&file=spot_summary_2013.csv
2013-05-21,jepx-top8avg-kyushu,kyushu,18.5025,https://www.jepx.jp/_download.php?dir=spot_summary&file=spot_summary_2013.csv
2013-05-22,jepx-top8avg-kyushu,kyushu,19.3125,https://www.jepx.jp/_download.php?dir=spot_summary&file=spot_summary_2013.csv
2013-05-23,jepx-top8avg-kyushu,kyushu,19.005000000000003,https://www.jepx.jp/_download.php?dir=spot_summary&file=spot_summary_2013.csv
2013-05-24,jepx-top8avg-kyushu,kyushu,18.9725,https://www.jepx.jp/_download.php?dir=spot_summary&file=spot_summary_2013.csv
2013-05-25,jepx-top8avg-kyushu,kyushu,18.540000000000003,https://www.jepx.jp/_download.php?dir=spot_summary&file=spot_summary_2013.csv
2013-05-26,jepx-top8avg-kyushu,kyushu,18.323750000000004,https://www.jepx.jp/_download.php?dir=spot_summary&file=spot_summary_2013.csv
2013-05-27,jepx-top8avg-kyushu,kyushu,20.1075,https://www.jepx.jp/_download.php?dir=spot_summary&file=spot_summary_2013.csv
2013-05-28,jepx-top8avg-kyushu,kyushu,20.5625,https://www.jepx.jp/_download.php?dir=spot_summary&file=spot_summary_2013.csv
2013-05-29,jepx-top8avg-kyushu,kyushu,20.2775,https://www.jepx.jp/_download.php?dir=spot_summary&file=spot_summary_2013.csv
2013-05-30,jepx-top8avg-kyushu,kyushu,18.735,https://www.jepx.jp/_download.php?dir=spot_summary&file=spot_summary_2013.csv
2013-05-31,jepx-top8avg-kyushu,kyushu,19.855,https://www.jepx.jp/_download.php?dir=spot_summary&file=spot_summary_2013.csv
2013-06-01,jepx-top8avg-kyushu,kyushu,18.293750000000003,https://www.jepx.jp/_download.php?dir=spot_summary&file=spot_summary_2013.csv
2013-06-02,jepx-top8avg-kyushu,kyushu,16.511249999999997,https://www.jepx.jp/_download.php?dir=spot_summary&file=spot_summary_2013.csv
2013-06-03,jepx-top8avg-kyushu,kyushu,20.0825,https://www.jepx.jp/_download.php?dir=spot_summary&file=spot_summary_2013.csv
2013-06-04,jepx-top8avg-kyushu,kyushu,21.64875,https://www.jepx.jp/_download.php?dir=spot_summary&file=spot_summary_2013.csv
2013-06-05,jepx-top8avg-kyushu,kyushu,21.57875,https://www.jepx.jp/_download.php?dir=spot_summary&file=spot_summary_2013.csv
2013-06-06,jepx-top8avg-kyushu,kyushu,22.1925,https://www.jepx.jp/_download.php?dir=spot_summary&file=spot_summary_2013.csv
2013-06-07,jepx-top8avg-kyushu,kyushu,20.675,https://www.jepx.jp/_download.php?dir=spot_summary&file=spot_summary_2013.csv
2013-06-08,jepx-top8avg-kyushu,kyushu,18.37,https://www.jepx.jp/_download.php?dir=spot_summary&file=spot_summary_2013.csv
2013-06-09,jepx-top8avg-kyushu,kyushu,18.64125,https://www.jepx.jp/_download.php?dir=spot_summary&file=spot_summary_2013.csv
2013-06-10,jepx-top8avg-kyushu,kyushu,21.06125,https://www.jepx.jp/_download.php?dir=spot_summary&file=spot_summary_2013.csv
2013-06-11,jepx-top8avg-kyushu,kyushu,18.802500000000002,https://www.jepx.jp/_download.php?dir=spot_summary&file=spot_summary_2013.csv
2013-06-12,jepx-top8avg-kyushu,kyushu,23.22,https://www.jepx.jp/_download.php?dir=spot_summary&file=spot_summary_2013.csv
2013-06-13,jepx-top8avg-kyushu,kyushu,20.074999999999996,https://www.jepx.jp/_download.php?dir=spot_summary&file=spot_summary_2013.csv
2013-06-14,jepx-top8avg-kyushu,kyushu,23.22,https://www.jepx.jp/_download.php?dir=spot_summary&file=spot_summary_2013.csv
2013-06-15,jepx-top8avg-kyushu,kyushu,23.22,https://www.jepx.jp/_download.php?dir=spot_summary&file=spot_summary_2013.csv
2013-06-16,jepx-top8avg-kyushu,kyushu,18.721249999999998,https://www.jepx.jp/_download.php?dir=spot_summary&file=spot_summary_2013.csv
2013-06-17,jepx-top8avg-kyushu,kyushu,33.213750000000005,https://www.jepx.jp/_download.php?dir=spot_summary&file=spot_summary_2013.csv
2013-06-18,jepx-top8avg-kyushu,kyushu,25.62,https://www.jepx.jp/_download.php?dir=spot_summary&file=spot_summary_2013.csv
2013-06-19,jepx-top8avg-kyushu,kyushu,23.22,https://www.jepx.jp/_download.php?dir=spot_summary&file=spot_summary_2013.csv
2013-06-20,jepx-top8avg-kyushu,kyushu,21.5775,https://www.jepx.jp/_download.php?dir=spot_summary&file=spot_summary_2013.csv
2013-06-21,jepx-top8avg-kyushu,kyushu,20.625,https://www.jepx.jp/_download.php?dir=spot_summary&file=spot_summary_2013.csv
2013-06-22,jepx-top8avg-kyushu,kyushu,18.66125,https://www.jepx.jp/_download.php?dir=spot_summary&file=spot_summary_2013.csv
2013-06-23,jepx-top8avg-kyushu,kyushu,18.49,https://www.jepx.jp/_download.php?dir=spot_summary&file=spot_summary_2013.csv
2013-06-24,jepx-top8avg-kyushu,kyushu,23.22,https://www.jepx.jp/_download.php?dir=spot_summary&file=spot_summary_2013.csv
2013-06-25,jepx-top8avg-kyushu,kyushu,22.765,https://www.jepx.jp/_download.php?dir=spot_summary&file=spot_summary_2013.csv
2013-06-26,jepx-top8avg-kyushu,kyushu,21.7725,https://www.jepx.jp/_download.php?dir=spot_summary&file=spot_summary_2013.csv
2013-06-27,jepx-top8avg-kyushu,kyushu,18.43,https://www.jepx.jp/_download.php?dir=spot_summary&file=spot_summary_2013.csv
2013-06-28,jepx-top8avg-kyushu,kyushu,18.371250000000003,https://www.jepx.jp/_download.php?dir=spot_summary&file=spot_summary_2013.csv
2013-06-29,jepx-top8avg-kyushu,kyushu,15.72,https://www.jepx.jp/_download.php?dir=spot_summary&file=spot_summary_2013.csv
2013-06-30,jepx-top8avg-kyushu,kyushu,15.46,https://www.jepx.jp/_download.php?dir=spot_summary&file=spot_summary_2013.csv
2013-07-01,jepx-top8avg-kyushu,kyushu,17.883750000000003,https://www.jepx.jp/_download.php?dir=spot_summary&file=spot_summary_2013.csv
2013-07-02,jepx-top8avg-kyushu,kyushu,17.77875,https://www.jepx.jp/_download.php?dir=spot_summary&file=spot_summary_2013.csv
2013-07-03,jepx-top8avg-kyushu,kyushu,17.555,https://www.jepx.jp/_download.php?dir=spot_summary&file=spot_summary_2013.csv
2013-07-04,jepx-top8avg-kyushu,kyushu,18.16,https://www.jepx.jp/_download.php?dir=spot_summary&file=spot_summary_2013.csv
2013-07-05,jepx-top8avg-kyushu,kyushu,19.3375,https://www.jepx.jp/_download.php?dir=spot_summary&file=spot_summary_2013.csv
2013-07-06,jepx-top8avg-kyushu,kyushu,17.25,https://www.jepx.jp/_download.php?dir=spot_summary&file=spot_summary_2013.csv
2013-07-07,jepx-top8avg-kyushu,kyushu,17.305,https://www.jepx.jp/_download.php?dir=spot_summary&file=spot_summary_2013.csv
2013-07-08,jepx-top8avg-kyushu,kyushu,21.88,https://www.jepx.jp/_download.php?dir=spot_summary&file=spot_summary_2013.csv
2013-07-09,jepx-top8avg-kyushu,kyushu,22.21125,https://www.jepx.jp/_download.php?dir=spot_summary&file=spot_summary_2013.csv
2013-07-10,jepx-top8avg-kyushu,kyushu,21.095,https://www.jepx.jp/_download.php?dir=spot_summary&file=spot_summary_2013.csv
2013-07-11,jepx-top8avg-kyushu,kyushu,22.853749999999998,https://www.jepx.jp/_download.php?dir=spot_summary&file=spot_summary_2013.csv
2013-07-12,jepx-top8avg-kyushu,kyushu,22.833750000000002,https://www.jepx.jp/_download.php?dir=spot_summary&file=spot_summary_2013.csv
2013-07-13,jepx-top8avg-kyushu,kyushu,17.4,https://www.jepx.jp/_download.php?dir=spot_summary&file=spot_summary_2013.csv
2013-07-14,jepx-top8avg-kyushu,kyushu,17.0075,https://www.jepx.jp/_download.php?dir=spot_summary&file=spot_summary_2013.csv
2013-07-15,jepx-top8avg-kyushu,kyushu,17.86625,https://www.jepx.jp/_download.php?dir=spot_summary&file=spot_summary_2013.csv
2013-07-16,jepx-top8avg-kyushu,kyushu,18.901249999999997,https://www.jepx.jp/_download.php?dir=spot_summary&file=spot_summary_2013.csv
2013-07-17,jepx-top8avg-kyushu,kyushu,18.15,https://www.jepx.jp/_download.php?dir=spot_summary&file=spot_summary_2013.csv
2013-07-18,jepx-top8avg-kyushu,kyushu,18.2975,https://www.jepx.jp/_download.php?dir=spot_summary&file=spot_summary_2013.csv
2013-07-19,jepx-top8avg-kyushu,kyushu,18.162499999999998,https://www.jepx.jp/_download.php?dir=spot_summary&file=spot_summary_2013.csv
2013-07-20,jepx-top8avg-kyushu,kyushu,15.80875,https://www.jepx.jp/_download.php?dir=spot_summary&file=spot_summary_2013.csv
2013-07-21,jepx-top8avg-kyushu,kyushu,15.52625,https://www.jepx.jp/_download.php?dir=spot_summary&file=spot_summary_2013.csv
2013-07-22,jepx-top8avg-kyushu,kyushu,22.478749999999998,https://www.jepx.jp/_download.php?dir=spot_summary&file=spot_summary_2013.csv
2013-07-23,jepx-top8avg-kyushu,kyushu,21.655,https://www.jepx.jp/_download.php?dir=spot_summary&file=spot_summary_2013.csv
2013-07-24,jepx-top8avg-kyushu,kyushu,18.15,https://www.jepx.jp/_download.php?dir=spot_summary&file=spot_summary_2013.csv
2013-07-25,jepx-top8avg-kyushu,kyushu,21.83,https://www.jepx.jp/_download.php?dir=spot_summary&file=spot_summary_2013.csv
2013-07-26,jepx-top8avg-kyushu,kyushu,20.283749999999998,https://www.jepx.jp/_download.php?dir=spot_summary&file=spot_summary_2013.csv
2013-07-27,jepx-top8avg-kyushu,kyushu,16.939999999999998,https://www.jepx.jp/_download.php?dir=spot_summary&file=spot_summary_2013.csv
2013-07-28,jepx-top8avg-kyushu,kyushu,16.2325,https://www.jepx.jp/_download.php?dir=spot_summary&file=spot_summary_2013.csv
2013-07-29,jepx-top8avg-kyushu,kyushu,20.19625,https://www.jepx.jp/_download.php?dir=spot_summary&file=spot_summary_2013.csv
2013-07-30,jepx-top8avg-kyushu,kyushu,19.5825,https://www.jepx.jp/_download.php?dir=spot_summary&file=spot_summary_2013.csv
2013-07-31,jepx-top8avg-kyushu,kyushu,18.846249999999998,https://www.jepx.jp/_download.php?dir=spot_summary&file=spot_summary_2013.csv
2013-08-01,jepx-top8avg-kyushu,kyushu,18.270000000000003,https://www.jepx.jp/_download.php?dir=spot_summary&file=spot_summary_2013.csv
2013-08-02,jepx-top8avg-kyushu,kyushu,18.4225,https://www.jepx.jp/_download.php?dir=spot_summary&file=spot_summary_2013.csv
2013-08-03,jepx-top8avg-kyushu,kyushu,17.1,https://www.jepx.jp/_download.php?dir=spot_summary&file=spot_summary_2013.csv
2013-08-04,jepx-top8avg-kyushu,kyushu,16.887500000000003,https://www.jepx.jp/_download.php?dir=spot_summary&file=spot_summary_2013.csv
2013-08-05,jepx-top8avg-kyushu,kyushu,21.1,https://www.jepx.jp/_download.php?dir=spot_summary&file=spot_summary_2013.csv
2013-08-06,jepx-top8avg-kyushu,kyushu,19.60125,https://www.jepx.jp/_download.php?dir=spot_summary&file=spot_summary_2013.csv
2013-08-07,jepx-top8avg-kyushu,kyushu,19.3325,https://www.jepx.jp/_download.php?dir=spot_summary&file=spot_summary_2013.csv
2013-08-08,jepx-top8avg-kyushu,kyushu,23.78,https://www.jepx.jp/_download.php?dir=spot_summary&file=spot_summary_2013.csv
2013-08-09,jepx-top8avg-kyushu,kyushu,23.88,https://www.jepx.jp/_download.php?dir=spot_summary&file=spot_summary_2013.csv
2013-08-10,jepx-top8avg-kyushu,kyushu,19.395,https://www.jepx.jp/_download.php?dir=spot_summary&file=spot_summary_2013.csv
2013-08-11,jepx-top8avg-kyushu,kyushu,18.893749999999997,https://www.jepx.jp/_download.php?dir=spot_summary&file=spot_summary_2013.csv
2013-08-12,jepx-top8avg-kyushu,kyushu,19.63125,https://www.jepx.jp/_download.php?dir=spot_summary&file=spot_summary_2013.csv
2013-08-13,jepx-top8avg-kyushu,kyushu,20.396250000000002,https://www.jepx.jp/_download.php?dir=spot_summary&file=spot_summary_2013.csv
2013-08-14,jepx-top8avg-kyushu,kyushu,18.314999999999998,https://www.jepx.jp/_download.php?dir=spot_summary&file=spot_summary_2013.csv
2013-08-15,jepx-top8avg-kyushu,kyushu,21.09375,https://www.jepx.jp/_download.php?dir=spot_summary&file=spot_summary_2013.csv
2013-08-16,jepx-top8avg-kyushu,kyushu,19.2375,https://www.jepx.jp/_download.php?dir=spot_summary&file=spot_summary_2013.csv
2013-08-17,jepx-top8avg-kyushu,kyushu,19.41625,https://www.jepx.jp/_download.php?dir=spot_summary&file=spot_summary_2013.csv
2013-08-18,jepx-top8avg-kyushu,kyushu,18.4075,https://www.jepx.jp/_download.php?dir=spot_summary&file=spot_summary_2013.csv
2013-08-19,jepx-top8avg-kyushu,kyushu,24.59375,https://www.jepx.jp/_download.php?dir=spot_summary&file=spot_summary_2013.csv
2013-08-20,jepx-top8avg-kyushu,kyushu,37.9925,https://www.jepx.jp/_download.php?dir=spot_summary&file=spot_summary_2013.csv
2013-08-21,jepx-top8avg-kyushu,kyushu,27.3875,https://www.jepx.jp/_download.php?dir=spot_summary&file=spot_summary_2013.csv
2013-08-22,jepx-top8avg-kyushu,kyushu,53.375,https://www.jepx.jp/_download.php?dir=spot_summary&file=spot_summary_2013.csv
2013-08-23,jepx-top8avg-kyushu,kyushu,31.565000000000005,https://www.jepx.jp/_download.php?dir=spot_summary&file=spot_summary_2013.csv
2013-08-24,jepx-top8avg-kyushu,kyushu,17.37625,https://www.jepx.jp/_download.php?dir=spot_summary&file=spot_summary_2013.csv
2013-08-25,jepx-top8avg-kyushu,kyushu,17.402500000000003,https://www.jepx.jp/_download.php?dir=spot_summary&file=spot_summary_2013.csv
2013-08-26,jepx-top8avg-kyushu,kyushu,21.1,https://www.jepx.jp/_download.php?dir=spot_summary&file=spot_summary_2013.csv
2013-08-27,jepx-top8avg-kyushu,kyushu,18.971249999999998,https://www.jepx.jp/_download.php?dir=spot_summary&file=spot_summary_2013.csv
2013-08-28,jepx-top8avg-kyushu,kyushu,19.725,https://www.jepx.jp/_download.php?dir=spot_summary&file=spot_summary_2013.csv
2013-08-29,jepx-top8avg-kyushu,kyushu,19.57,https://www.jepx.jp/_download.php?dir=spot_summary&file=spot_summary_2013.csv
2013-08-30,jepx-top8avg-kyushu,kyushu,19.93625,https://www.jepx.jp/_download.php?dir=spot_summary&file=spot_summary_2013.csv
2013-08-31,jepx-top8avg-kyushu,kyushu,18.24,https://www.jepx.jp/_download.php?dir=spot_summary&file=spot_summary_2013.csv
2013-09-01,jepx-top8avg-kyushu,kyushu,16.665,https://www.jepx.jp/_download.php?dir=spot_summary&file=spot_summary_2013.csv
2013-09-02,jepx-top8avg-kyushu,kyushu,20.755000000000003,https://www.jepx.jp/_download.php?dir=spot_summary&file=spot_summary_2013.csv
2013-09-03,jepx-top8avg-kyushu,kyushu,19.845,https://www.jepx.jp/_download.php?dir=spot_summary&file=spot_summary_2013.csv
2013-09-04,jepx-top8avg-kyushu,kyushu,19.58,https://www.jepx.jp/_download.php?dir=spot_summary&file=spot_summary_2013.csv
2013-09-05,jepx-top8avg-kyushu,kyushu,23.0325,https://www.jepx.jp/_download.php?dir=spot_summary&file=spot_summary_2013.csv
2013-09-06,jepx-top8avg-kyushu,kyushu,18.04,https://www.jepx.jp/_download.php?dir=spot_summary&file=spot_summary_2013.csv
2013-09-07,jepx-top8avg-kyushu,kyushu,13.57,https://www.jepx.jp/_download.php?dir=spot_summary&file=spot_summary_2013.csv
2013-09-08,jepx-top8avg-kyushu,kyushu,9.01625,https://www.jepx.jp/_download.php?dir=spot_summary&file=spot_summary_2013.csv
2013-09-09,jepx-top8avg-kyushu,kyushu,17.46,https://www.jepx.jp/_download.php?dir=spot_summary&file=spot_summary_2013.csv
2013-09-10,jepx-top8avg-kyushu,kyushu,16.965,https://www.jepx.jp/_download.php?dir=spot_summary&file=spot_summary_2013.csv
2013-09-11,jepx-top8avg-kyushu,kyushu,17.23375,https://www.jepx.jp/_download.php?dir=spot_summary&file=spot_summary_2013.csv
2013-09-12,jepx-top8avg-kyushu,kyushu,18.271250000000002,https://www.jepx.jp/_download.php?dir=spot_summary&file=spot_summary_2013.csv
2013-09-13,jepx-top8avg-kyushu,kyushu,19.63375,https://www.jepx.jp/_download.php?dir=spot_summary&file=spot_summary_2013.csv
2013-09-14,jepx-top8avg-kyushu,kyushu,15.99,https://www.jepx.jp/_download.php?dir=spot_summary&file=spot_summary_2013.csv
2013-09-15,jepx-top8avg-kyushu,kyushu,16.77625,https://www.jepx.jp/_download.php?dir=spot_summary&file=spot_summary_2013.csv
2013-09-16,jepx-top8avg-kyushu,kyushu,18.5,https://www.jepx.jp/_download.php?dir=spot_summary&file=spot_summary_2013.csv
2013-09-17,jepx-top8avg-kyushu,kyushu,18.6475,https://www.jepx.jp/_download.php?dir=spot_summary&file=spot_summary_2013.csv
2013-09-18,jepx-top8avg-kyushu,kyushu,18.073749999999997,https://www.jepx.jp/_download.php?dir=spot_summary&file=spot_summary_2013.csv
2013-09-19,jepx-top8avg-kyushu,kyushu,18.055,https://www.jepx.jp/_download.php?dir=spot_summary&file=spot_summary_2013.csv
2013-09-20,jepx-top8avg-kyushu,kyushu,18.115000000000002,https://www.jepx.jp/_download.php?dir=spot_summary&file=spot_summary_2013.csv
2013-09-21,jepx-top8avg-kyushu,kyushu,17.942500000000003,https://www.jepx.jp/_download.php?dir=spot_summary&file=spot_summary_2013.csv
2013-09-22,jepx-top8avg-kyushu,kyushu,17.67625,https://www.jepx.jp/_download.php?dir=spot_summary&file=spot_summary_2013.csv
2013-09-23,jepx-top8avg-kyushu,kyushu,17.75125,https://www.jepx.jp/_download.php?dir=spot_summary&file=spot_summary_2013.csv
2013-09-24,jepx-top8avg-kyushu,kyushu,18.603749999999998,https://www.jepx.jp/_download.php?dir=spot_summary&file=spot_summary_2013.csv
2013-09-25,jepx-top8avg-kyushu,kyushu,19.310000000000002,https://www.jepx.jp/_download.php?dir=spot_summary&file=spot_summary_2013.csv
2013-09-26,jepx-top8avg-kyushu,kyushu,17.51375,https://www.jepx.jp/_download.php?dir=spot_summary&file=spot_summary_2013.csv
2013-09-27,jepx-top8avg-kyushu,kyushu,17.751250000000002,https://www.jepx.jp/_download.php?dir=spot_summary&file=spot_summary_2013.csv
2013-09-28,jepx-top8avg-kyushu,kyushu,16.81375,https://www.jepx.jp/_download.php?dir=spot_summary&file=spot_summary_2013.csv
2013-09-29,jepx-top8avg-kyushu,kyushu,16.975,https://www.jepx.jp/_download.php?dir=spot_summary&file=spot_summary_2013.csv
2013-09-30,jepx-top8avg-kyushu,kyushu,17.96125,https://www.jepx.jp/_download.php?dir=spot_summary&file=spot_summary_2013.csv
2013-10-01,jepx-top8avg-kyushu,kyushu,20.8,https://www.jepx.jp/_download.php?dir=spot_summary&file=spot_summary_2013.csv
2013-10-02,jepx-top8avg-kyushu,kyushu,20.47625,https://www.jepx.jp/_download.php?dir=spot_summary&file=spot_summary_2013.csv
2013-10-03,jepx-top8avg-kyushu,kyushu,21.00125,https://www.jepx.jp/_download.php?dir=spot_summary&file=spot_summary_2013.csv
2013-10-04,jepx-top8avg-kyushu,kyushu,20.06125,https://www.jepx.jp/_download.php?dir=spot_summary&file=spot_summary_2013.csv
2013-10-05,jepx-top8avg-kyushu,kyushu,17.58625,https://www.jepx.jp/_download.php?dir=spot_summary&file=spot_summary_2013.csv
2013-10-06,jepx-top8avg-kyushu,kyushu,17.6825,https://www.jepx.jp/_download.php?dir=spot_summary&file=spot_summary_2013.csv
2013-10-07,jepx-top8avg-kyushu,kyushu,20.96,https://www.jepx.jp/_download.php?dir=spot_summary&file=spot_summary_2013.csv
2013-10-08,jepx-top8avg-kyushu,kyushu,23.73375,https://www.jepx.jp/_download.php?dir=spot_summary&file=spot_summary_2013.csv
2013-10-09,jepx-top8avg-kyushu,kyushu,28.56125,https://www.jepx.jp/_download.php?dir=spot_summary&file=spot_summary_2013.csv
2013-10-10,jepx-top8avg-kyushu,kyushu,25.46,https://www.jepx.jp/_download.php?dir=spot_summary&file=spot_summary_2013.csv
2013-10-11,jepx-top8avg-kyushu,kyushu,38.2925,https://www.jepx.jp/_download.php?dir=spot_summary&file=spot_summary_2013.csv
2013-10-12,jepx-top8avg-kyushu,kyushu,18.085,https://www.jepx.jp/_download.php?dir=spot_summary&file=spot_summary_2013.csv
2013-10-13,jepx-top8avg-kyushu,kyushu,18.340000000000003,https://www.jepx.jp/_download.php?dir=spot_summary&file=spot_summary_2013.csv
2013-10-14,jepx-top8avg-kyushu,kyushu,18.360000000000003,https://www.jepx.jp/_download.php?dir=spot_summary&file=spot_summary_2013.csv
2013-10-15,jepx-top8avg-kyushu,kyushu,19.994999999999997,https://www.jepx.jp/_download.php?dir=spot_summary&file=spot_summary_2013.csv
2013-10-16,jepx-top8avg-kyushu,kyushu,20.83,https://www.jepx.jp/_download.php?dir=spot_summary&file=spot_summary_2013.csv
2013-10-17,jepx-top8avg-kyushu,kyushu,19.11625,https://www.jepx.jp/_download.php?dir=spot_summary&file=spot_summary_2013.csv
2013-10-18,jepx-top8avg-kyushu,kyushu,20.605,https://www.jepx.jp/_download.php?dir=spot_summary&file=spot_summary_2013.csv
2013-10-19,jepx-top8avg-kyushu,kyushu,16.67125,https://www.jepx.jp/_download.php?dir=spot_summary&file=spot_summary_2013.csv
2013-10-20,jepx-top8avg-kyushu,kyushu,17.356250000000003,https://www.jepx.jp/_download.php?dir=spot_summary&file=spot_summary_2013.csv
2013-10-21,jepx-top8avg-kyushu,kyushu,20.83,https://www.jepx.jp/_download.php?dir=spot_summary&file=spot_summary_2013.csv
2013-10-22,jepx-top8avg-kyushu,kyushu,21.104999999999997,https://www.jepx.jp/_download.php?dir=spot_summary&file=spot_summary_2013.csv
2013-10-23,jepx-top8avg-kyushu,kyushu,20.83,https://www.jepx.jp/_download.php?dir=spot_summary&file=spot_summary_2013.csv
2013-10-24,jepx-top8avg-kyushu,kyushu,24.292499999999997,https://www.jepx.jp/_download.php?dir=spot_summary&file=spot_summary_2013.csv
2013-10-25,jepx-top8avg-kyushu,kyushu,25.39,https://www.jepx.jp/_download.php?dir=spot_summary&file=spot_summary_2013.csv
2013-10-26,jepx-top8avg-kyushu,kyushu,17.8675,https://www.jepx.jp/_download.php?dir=spot_summary&file=spot_summary_2013.csv
2013-10-27,jepx-top8avg-kyushu,kyushu,17.802500000000002,https://www.jepx.jp/_download.php?dir=spot_summary&file=spot_summary_2013.csv
2013-10-28,jepx-top8avg-kyushu,kyushu,20.674999999999997,https://www.jepx.jp/_download.php?dir=spot_summary&file=spot_summary_2013.csv
2013-10-29,jepx-top8avg-kyushu,kyushu,19.85,https://www.jepx.jp/_download.php?dir=spot_summary&file=spot_summary_2013.csv
2013-10-30,jepx-top8avg-kyushu,kyushu,20.384999999999998,https://www.jepx.jp/_download.php?dir=spot_summary&file=spot_summary_2013.csv
2013-10-31,jepx-top8avg-kyushu,kyushu,18.53,https://www.jepx.jp/_download.php?dir=spot_summary&file=spot_summary_2013.csv
2013-11-01,jepx-top8avg-kyushu,kyushu,18.03125,https://www.jepx.jp/_download.php?dir=spot_summary&file=spot_summary_2013.csv
2013-11-02,jepx-top8avg-kyushu,kyushu,16.0325,https://www.jepx.jp/_download.php?dir=spot_summary&file=spot_summary_2013.csv
2013-11-03,jepx-top8avg-kyushu,kyushu,17.0575,https://www.jepx.jp/_download.php?dir=spot_summary&file=spot_summary_2013.csv
2013-11-04,jepx-top8avg-kyushu,kyushu,17.4025,https://www.jepx.jp/_download.php?dir=spot_summary&file=spot_summary_2013.csv
2013-11-05,jepx-top8avg-kyushu,kyushu,19.715,https://www.jepx.jp/_download.php?dir=spot_summary&file=spot_summary_2013.csv
2013-11-06,jepx-top8avg-kyushu,kyushu,20.345,https://www.jepx.jp/_download.php?dir=spot_summary&file=spot_summary_2013.csv
2013-11-07,jepx-top8avg-kyushu,kyushu,21.17,https://www.jepx.jp/_download.php?dir=spot_summary&file=spot_summary_2013.csv
2013-11-08,jepx-top8avg-kyushu,kyushu,20.872500000000002,https://www.jepx.jp/_download.php?dir=spot_summary&file=spot_summary_2013.csv
2013-11-09,jepx-top8avg-kyushu,kyushu,16.61875,https://www.jepx.jp/_download.php?dir=spot_summary&file=spot_summary_2013.csv
2013-11-10,jepx-top8avg-kyushu,kyushu,18.1625,https://www.jepx.jp/_download.php?dir=spot_summary&file=spot_summary_2013.csv
2013-11-11,jepx-top8avg-kyushu,kyushu,23.236250000000002,https://www.jepx.jp/_download.php?dir=spot_summary&file=spot_summary_2013.csv
2013-11-12,jepx-top8avg-kyushu,kyushu,24.63,https://www.jepx.jp/_download.php?dir=spot_summary&file=spot_summary_2013.csv
2013-11-13,jepx-top8avg-kyushu,kyushu,22.73,https://www.jepx.jp/_download.php?dir=spot_summary&file=spot_summary_2013.csv
2013-11-14,jepx-top8avg-kyushu,kyushu,20.5325,https://www.jepx.jp/_download.php?dir=spot_summary&file=spot_summary_2013.csv
2013-11-15,jepx-top8avg-kyushu,kyushu,19.323749999999997,https://www.jepx.jp/_download.php?dir=spot_summary&file=spot_summary_2013.csv
2013-11-16,jepx-top8avg-kyushu,kyushu,16.717499999999998,https://www.jepx.jp/_download.php?dir=spot_summary&file=spot_summary_2013.csv
2013-11-17,jepx-top8avg-kyushu,kyushu,17.682499999999997,https://www.jepx.jp/_download.php?dir=spot_summary&file=spot_summary_2013.csv
2013-11-18,jepx-top8avg-kyushu,kyushu,23.64,https://www.jepx.jp/_download.php?dir=spot_summary&file=spot_summary_2013.csv
2013-11-19,jepx-top8avg-kyushu,kyushu,24.43,https://www.jepx.jp/_download.php?dir=spot_summary&file=spot_summary_2013.csv
2013-11-20,jepx-top8avg-kyushu,kyushu,22.15,https://www.jepx.jp/_download.php?dir=spot_summary&file=spot_summary_2013.csv
2013-11-21,jepx-top8avg-kyushu,kyushu,19.996250000000003,https://www.jepx.jp/_download.php?dir=spot_summary&file=spot_summary_2013.csv
2013-11-22,jepx-top8avg-kyushu,kyushu,18.7675,https://www.jepx.jp/_download.php?dir=spot_summary&file=spot_summary_2013.csv
2013-11-23,jepx-top8avg-kyushu,kyushu,17.955,https://www.jepx.jp/_download.php?dir=spot_summary&file=spot_summary_2013.csv
2013-11-24,jepx-top8avg-kyushu,kyushu,17.328750000000003,https://www.jepx.jp/_download.php?dir=spot_summary&file=spot_summary_2013.csv
2013-11-25,jepx-top8avg-kyushu,kyushu,18.009999999999998,https://www.jepx.jp/_download.php?dir=spot_summary&file=spot_summary_2013.csv
2013-11-26,jepx-top8avg-kyushu,kyushu,20.270000000000003,https://www.jepx.jp/_download.php?dir=spot_summary&file=spot_summary_2013.csv
2013-11-27,jepx-top8avg-kyushu,kyushu,19.20625,https://www.jepx.jp/_download.php?dir=spot_summary&file=spot_summary_2013.csv
2013-11-28,jepx-top8avg-kyushu,kyushu,21.46,https://www.jepx.jp/_download.php?dir=spot_summary&file=spot_summary_2013.csv
2013-11-29,jepx-top8avg-kyushu,kyushu,24.20625,https://www.jepx.jp/_download.php?dir=spot_summary&file=spot_summary_2013.csv
2013-11-30,jepx-top8avg-kyushu,kyushu,16.98125,https://www.jepx.jp/_download.php?dir=spot_summary&file=spot_summary_2013.csv
2013-12-01,jepx-top8avg-kyushu,kyushu,16.259999999999998,https://www.jepx.jp/_download.php?dir=spot_summary&file=spot_summary_2013.csv
2013-12-02,jepx-top8avg-kyushu,kyushu,17.80875,https://www.jepx.jp/_download.php?dir=spot_summary&file=spot_summary_2013.csv
2013-12-03,jepx-top8avg-kyushu,kyushu,18.2075,https://www.jepx.jp/_download.php?dir=spot_summary&file=spot_summary_2013.csv
2013-12-04,jepx-top8avg-kyushu,kyushu,18.355,https://www.jepx.jp/_download.php?dir=spot_summary&file=spot_summary_2013.csv
2013-12-05,jepx-top8avg-kyushu,kyushu,18.51375,https://www.jepx.jp/_download.php?dir=spot_summary&file=spot_summary_2013.csv
2013-12-06,jepx-top8avg-kyushu,kyushu,17.80625,https://www.jepx.jp/_download.php?dir=spot_summary&file=spot_summary_2013.csv
2013-12-07,jepx-top8avg-kyushu,kyushu,16.9925,https://www.jepx.jp/_download.php?dir=spot_summary&file=spot_summary_2013.csv
2013-12-08,jepx-top8avg-kyushu,kyushu,17.68375,https://www.jepx.jp/_download.php?dir=spot_summary&file=spot_summary_2013.csv
2013-12-09,jepx-top8avg-kyushu,kyushu,18.2625,https://www.jepx.jp/_download.php?dir=spot_summary&file=spot_summary_2013.csv
2013-12-10,jepx-top8avg-kyushu,kyushu,19.27,https://www.jepx.jp/_download.php?dir=spot_summary&file=spot_summary_2013.csv
2013-12-11,jepx-top8avg-kyushu,kyushu,21.17125,https://www.jepx.jp/_download.php?dir=spot_summary&file=spot_summary_2013.csv
2013-12-12,jepx-top8avg-kyushu,kyushu,24.255000000000003,https://www.jepx.jp/_download.php?dir=spot_summary&file=spot_summary_2013.csv
2013-12-13,jepx-top8avg-kyushu,kyushu,23.03,https://www.jepx.jp/_download.php?dir=spot_summary&file=spot_summary_2013.csv
2013-12-14,jepx-top8avg-kyushu,kyushu,16.615,https://www.jepx.jp/_download.php?dir=spot_summary&file=spot_summary_2013.csv
2013-12-15,jepx-top8avg-kyushu,kyushu,17.72875,https://www.jepx.jp/_download.php?dir=spot_summary&file=spot_summary_2013.csv
2013-12-16,jepx-top8avg-kyushu,kyushu,18.77,https://www.jepx.jp/_download.php?dir=spot_summary&file=spot_summary_2013.csv
2013-12-17,jepx-top8avg-kyushu,kyushu,23.3925,https://www.jepx.jp/_download.php?dir=spot_summary&file=spot_summary_2013.csv
2013-12-18,jepx-top8avg-kyushu,kyushu,24.15125,https://www.jepx.jp/_download.php?dir=spot_summary&file=spot_summary_2013.csv
2013-12-19,jepx-top8avg-kyushu,kyushu,21.635,https://www.jepx.jp/_download.php?dir=spot_summary&file=spot_summary_2013.csv
2013-12-20,jepx-top8avg-kyushu,kyushu,24.77625,https://www.jepx.jp/_download.php?dir=spot_summary&file=spot_summary_2013.csv
2013-12-21,jepx-top8avg-kyushu,kyushu,17.560000000000002,https://www.jepx.jp/_download.php?dir=spot_summary&file=spot_summary_2013.csv
2013-12-22,jepx-top8avg-kyushu,kyushu,23.325,https://www.jepx.jp/_download.php?dir=spot_summary&file=spot_summary_2013.csv
2013-12-23,jepx-top8avg-kyushu,kyushu,22.72125,https://www.jepx.jp/_download.php?dir=spot_summary&file=spot_summary_2013.csv
2013-12-24,jepx-top8avg-kyushu,kyushu,24.651249999999997,https://www.jepx.jp/_download.php?dir=spot_summary&file=spot_summary_2013.csv
2013-12-25,jepx-top8avg-kyushu,kyushu,23.4825,https://www.jepx.jp/_download.php?dir=spot_summary&file=spot_summary_2013.csv
2013-12-26,jepx-top8avg-kyushu,kyushu,24.75,https://www.jepx.jp/_download.php?dir=spot_summary&file=spot_summary_2013.csv
2013-12-27,jepx-top8avg-kyushu,kyushu,22.302500000000002,https://www.jepx.jp/_download.php?dir=spot_summary&file=spot_summary_2013.csv
2013-12-28,jepx-top8avg-kyushu,kyushu,18.61375,https://www.jepx.jp/_download.php?dir=spot_summary&file=spot_summary_2013.csv
2013-12-29,jepx-top8avg-kyushu,kyushu,18.4075,https://www.jepx.jp/_download.php?dir=spot_summary&file=spot_summary_2013.csv
2013-12-30,jepx-top8avg-kyushu,kyushu,18.083750000000002,https://www.jepx.jp/_download.php?dir=spot_summary&file=spot_summary_2013.csv
2013-12-31,jepx-top8avg-kyushu,kyushu,17.43625,https://www.jepx.jp/_download.php?dir=spot_summary&file=spot_summary_2013.csv
2014-01-01,jepx-top8avg-kyushu,kyushu,16.61,https://www.jepx.jp/_download.php?dir=spot_summary&file=spot_summary_2013.csv
2014-01-02,jepx-top8avg-kyushu,kyushu,18.0275,https://www.jepx.jp/_download.php?dir=spot_summary&file=spot_summary_2013.csv
2014-01-03,jepx-top8avg-kyushu,kyushu,17.91,https://www.jepx.jp/_download.php?dir=spot_summary&file=spot_summary_2013.csv
2014-01-04,jepx-top8avg-kyushu,kyushu,18.07375,https://www.jepx.jp/_download.php?dir=spot_summary&file=spot_summary_2013.csv
2014-01-05,jepx-top8avg-kyushu,kyushu,19.8475,https://www.jepx.jp/_download.php?dir=spot_summary&file=spot_summary_2013.csv
2014-01-06,jepx-top8avg-kyushu,kyushu,22.3925,https://www.jepx.jp/_download.php?dir=spot_summary&file=spot_summary_2013.csv
2014-01-07,jepx-top8avg-kyushu,kyushu,26.1325,https://www.jepx.jp/_download.php?dir=spot_summary&file=spot_summary_2013.csv
2014-01-08,jepx-top8avg-kyushu,kyushu,24.314999999999998,https://www.jepx.jp/_download.php?dir=spot_summary&file=spot_summary_2013.csv
2014-01-09,jepx-top8avg-kyushu,kyushu,22.048750000000002,https://www.jepx.jp/_download.php?dir=spot_summary&file=spot_summary_2013.csv
2014-01-10,jepx-top8avg-kyushu,kyushu,24.325000000000003,https://www.jepx.jp/_download.php?dir=spot_summary&file=spot_summary_2013.csv
2014-01-11,jepx-top8avg-kyushu,kyushu,18.215,https://www.jepx.jp/_download.php?dir=spot_summary&file=spot_summary_2013.csv
2014-01-12,jepx-top8avg-kyushu,kyushu,18.50625,https://www.jepx.jp/_download.php?dir=spot_summary&file=spot_summary_2013.csv
2014-01-13,jepx-top8avg-kyushu,kyushu,22.96125,https://www.jepx.jp/_download.php?dir=spot_summary&file=spot_summary_2013.csv
2014-01-14,jepx-top8avg-kyushu,kyushu,24.75,https://www.jepx.jp/_download.php?dir=spot_summary&file=spot_summary_2013.csv
2014-01-15,jepx-top8avg-kyushu,kyushu,21.3675,https://www.jepx.jp/_download.php?dir=spot_summary&file=spot_summary_2013.csv
2014-01-16,jepx-top8avg-kyushu,kyushu,19.3225,https://www.jepx.jp/_download.php?dir=spot_summary&file=spot_summary_2013.csv
2014-01-17,jepx-top8avg-kyushu,kyushu,20.11,https://www.jepx.jp/_download.php?dir=spot_summary&file=spot_summary_2013.csv
2014-01-18,jepx-top8avg-kyushu,kyushu,20.1,https://www.jepx.jp/_download.php?dir=spot_summary&file=spot_summary_2013.csv
2014-01-19,jepx-top8avg-kyushu,kyushu,18.959999999999997,https://www.jepx.jp/_download.php?dir=spot_summary&file=spot_summary_2013.csv
2014-01-20,jepx-top8avg-kyushu,kyushu,22.81375,https://www.jepx.jp/_download.php?dir=spot_summary&file=spot_summary_2013.csv
2014-01-21,jepx-top8avg-kyushu,kyushu,23.42125,https://www.jepx.jp/_download.php?dir=spot_summary&file=spot_summary_2013.csv
2014-01-22,jepx-top8avg-kyushu,kyushu,23.369999999999997,https://www.jepx.jp/_download.php?dir=spot_summary&file=spot_summary_2013.csv
2014-01-23,jepx-top8avg-kyushu,kyushu,20.6425,https://www.jepx.jp/_download.php?dir=spot_summary&file=spot_summary_2013.csv
2014-01-24,jepx-top8avg-kyushu,kyushu,20.681250000000002,https://www.jepx.jp/_download.php?dir=spot_summary&file=spot_summary_2013.csv
2014-01-25,jepx-top8avg-kyushu,kyushu,17.671249999999997,https://www.jepx.jp/_download.php?dir=spot_summary&file=spot_summary_2013.csv
2014-01-26,jepx-top8avg-kyushu,kyushu,19.012500000000003,https://www.jepx.jp/_download.php?dir=spot_summary&file=spot_summary_2013.csv
2014-01-27,jepx-top8avg-kyushu,kyushu,20.597500000000004,https://www.jepx.jp/_download.php?dir=spot_summary&file=spot_summary_2013.csv
2014-01-28,jepx-top8avg-kyushu,kyushu,19.72125,https://www.jepx.jp/_download.php?dir=spot_summary&file=spot_summary_2013.csv
2014-01-29,jepx-top8avg-kyushu,kyushu,19.630000000000003,https://www.jepx.jp/_download.php?dir=spot_summary&file=spot_summary_2013.csv
2014-01-30,jepx-top8avg-kyushu,kyushu,19.12,https://www.jepx.jp/_download.php?dir=spot_summary&file=spot_summary_2013.csv
2014-01-31,jepx-top8avg-kyushu,kyushu,19.025000000000002,https://www.jepx.jp/_download.php?dir=spot_summary&file=spot_summary_2013.csv
2014-02-01,jepx-top8avg-kyushu,kyushu,17.12125,https://www.jepx.jp/_download.php?dir=spot_summary&file=spot_summary_2013.csv
2014-02-02,jepx-top8avg-kyushu,kyushu,17.68,https://www.jepx.jp/_download.php?dir=spot_summary&file=spot_summary_2013.csv
2014-02-03,jepx-top8avg-kyushu,kyushu,19.195,https://www.jepx.jp/_download.php?dir=spot_summary&file=spot_summary_2013.csv
2014-02-04,jepx-top8avg-kyushu,kyushu,26.466250000000002,https://www.jepx.jp/_download.php?dir=spot_summary&file=spot_summary_2013.csv
2014-02-05,jepx-top8avg-kyushu,kyushu,23.83125,https://www.jepx.jp/_download.php?dir=spot_summary&file=spot_summary_2013.csv
2014-02-06,jepx-top8avg-kyushu,kyushu,30.403750000000002,https://www.jepx.jp/_download.php?dir=spot_summary&file=spot_summary_2013.csv
2014-02-07,jepx-top8avg-kyushu,kyushu,25.01625,https://www.jepx.jp/_download.php?dir=spot_summary&file=spot_summary_2013.csv
2014-02-08,jepx-top8avg-kyushu,kyushu,18.76625,https://www.jepx.jp/_download.php?dir=spot_summary&file=spot_summary_2013.csv
2014-02-09,jepx-top8avg-kyushu,kyushu,18.096249999999998,https://www.jepx.jp/_download.php?dir=spot_summary&file=spot_summary_2013.csv
2014-02-10,jepx-top8avg-kyushu,kyushu,22.52375,https://www.jepx.jp/_download.php?dir=spot_summary&file=spot_summary_2013.csv
2014-02-11,jepx-top8avg-kyushu,kyushu,18.775,https://www.jepx.jp/_download.php?dir=spot_summary&file=spot_summary_2013.csv
2014-02-12,jepx-top8avg-kyushu,kyushu,21.8,https://www.jepx.jp/_download.php?dir=spot_summary&file=spot_summary_2013.csv
2014-02-13,jepx-top8avg-kyushu,kyushu,24.57875,https://www.jepx.jp/_download.php?dir=spot_summary&file=spot_summary_2013.csv
2014-02-14,jepx-top8avg-kyushu,kyushu,36.42875,https://www.jepx.jp/_download.php?dir=spot_summary&file=spot_summary_2013.csv
2014-02-15,jepx-top8avg-kyushu,kyushu,18.66375,https://www.jepx.jp/_download.php?dir=spot_summary&file=spot_summary_2013.csv
2014-02-16,jepx-top8avg-kyushu,kyushu,18.268749999999997,https://www.jepx.jp/_download.php?dir=spot_summary&file=spot_summary_2013.csv
2014-02-17,jepx-top8avg-kyushu,kyushu,23.05125,https://www.jepx.jp/_download.php?dir=spot_summary&file=spot_summary_2013.csv
2014-02-18,jepx-top8avg-kyushu,kyushu,27.1875,https://www.jepx.jp/_download.php?dir=spot_summary&file=spot_summary_2013.csv
2014-02-19,jepx-top8avg-kyushu,kyushu,27.447499999999998,https://www.jepx.jp/_download.php?dir=spot_summary&file=spot_summary_2013.csv
2014-02-20,jepx-top8avg-kyushu,kyushu,24.39,https://www.jepx.jp/_download.php?dir=spot_summary&file=spot_summary_2013.csv
2014-02-21,jepx-top8avg-kyushu,kyushu,23.206249999999997,https://www.jepx.jp/_download.php?dir=spot_summary&file=spot_summary_2013.csv
2014-02-22,jepx-top8avg-kyushu,kyushu,18.6625,https://www.jepx.jp/_download.php?dir=spot_summary&file=spot_summary_2013.csv
2014-02-23,jepx-top8avg-kyushu,kyushu,18.2175,https://www.jepx.jp/_download.php?dir=spot_summary&file=spot_summary_2013.csv
2014-02-24,jepx-top8avg-kyushu,kyushu,21.21875,https://www.jepx.jp/_download.php?dir=spot_summary&file=spot_summary_2013.csv
2014-02-25,jepx-top8avg-kyushu,kyushu,19.08125,https://www.jepx.jp/_download.php?dir=spot_summary&file=spot_summary_2013.csv
2014-02-26,jepx-top8avg-kyushu,kyushu,18.8525,https://www.jepx.jp/_download.php?dir=spot_summary&file=spot_summary_2013.csv
2014-02-27,jepx-top8avg-kyushu,kyushu,20.3575,https://www.jepx.jp/_download.php?dir=spot_summary&file=spot_summary_2013.csv
2014-02-28,jepx-top8avg-kyushu,kyushu,19.04,https://www.jepx.jp/_download.php?dir=spot_summary&file=spot_summary_2013.csv
2014-03-01,jepx-top8avg-kyushu,kyushu,17.497500000000002,https://www.jepx.jp/_download.php?dir=spot_summary&file=spot_summary_2013.csv
2014-03-02,jepx-top8avg-kyushu,kyushu,19.07,https://www.jepx.jp/_download.php?dir=spot_summary&file=spot_summary_2013.csv
2014-03-03,jepx-top8avg-kyushu,kyushu,26.05375,https://www.jepx.jp/_download.php?dir=spot_summary&file=spot_summary_2013.csv
2014-03-04,jepx-top8avg-kyushu,kyushu,21.43375,https://www.jepx.jp/_download.php?dir=spot_summary&file=spot_summary_2013.csv
2014-03-05,jepx-top8avg-kyushu,kyushu,25.93875,https://www.jepx.jp/_download.php?dir=spot_summary&file=spot_summary_2013.csv
2014-03-06,jepx-top8avg-kyushu,kyushu,25.4025,https://www.jepx.jp/_download.php?dir=spot_summary&file=spot_summary_2013.csv
2014-03-07,jepx-top8avg-kyushu,kyushu,26.846249999999998,https://www.jepx.jp/_download.php?dir=spot_summary&file=spot_summary_2013.csv
2014-03-08,jepx-top8avg-kyushu,kyushu,20.025,https://www.jepx.jp/_download.php?dir=spot_summary&file=spot_summary_2013.csv
2014-03-09,jepx-top8avg-kyushu,kyushu,19.333750000000002,https://www.jepx.jp/_download.php?dir=spot_summary&file=spot_summary_2013.csv
2014-03-10,jepx-top8avg-kyushu,kyushu,26.0,https://www.jepx.jp/_download.php?dir=spot_summary&file=spot_summary_2013.csv
2014-03-11,jepx-top8avg-kyushu,kyushu,24.01625,https://www.jepx.jp/_download.php?dir=spot_summary&file=spot_summary_2013.csv
2014-03-12,jepx-top8avg-kyushu,kyushu,18.77,https://www.jepx.jp/_download.php?dir=spot_summary&file=spot_summary_2013.csv
2014-03-13,jepx-top8avg-kyushu,kyushu,24.278750000000002,https://www.jepx.jp/_download.php?dir=spot_summary&file=spot_summary_2013.csv
2014-03-14,jepx-top8avg-kyushu,kyushu,21.121250000000003,https://www.jepx.jp/_download.php?dir=spot_summary&file=spot_summary_2013.csv
2014-03-15,jepx-top8avg-kyushu,kyushu,18.81875,https://www.jepx.jp/_download.php?dir=spot_summary&file=spot_summary_2013.csv
2014-03-16,jepx-top8avg-kyushu,kyushu,18.10625,https://www.jepx.jp/_download.php?dir=spot_summary&file=spot_summary_2013.csv
2014-03-17,jepx-top8avg-kyushu,kyushu,18.73375,https://www.jepx.jp/_download.php?dir=spot_summary&file=spot_summary_2013.csv
2014-03-18,jepx-top8avg-kyushu,kyushu,18.93,https://www.jepx.jp/_download.php?dir=spot_summary&file=spot_summary_2013.csv
2014-03-19,jepx-top8avg-kyushu,kyushu,18.7125,https://www.jepx.jp/_download.php?dir=spot_summary&file=spot_summary_2013.csv
2014-03-20,jepx-top8avg-kyushu,kyushu,24.2675,https://www.jepx.jp/_download.php?dir=spot_summary&file=spot_summary_2013.csv
2014-03-21,jepx-top8avg-kyushu,kyushu,21.1625,https://www.jepx.jp/_download.php?dir=spot_summary&file=spot_summary_2013.csv
2014-03-22,jepx-top8avg-kyushu,kyushu,18.511249999999997,https://www.jepx.jp/_download.php?dir=spot_summary&file=spot_summary_2013.csv
2014-03-23,jepx-top8avg-kyushu,kyushu,17.668750000000003,https://www.jepx.jp/_download.php?dir=spot_summary&file=spot_summary_2013.csv
2014-03-24,jepx-top8avg-kyushu,kyushu,18.41375,https://www.jepx.jp/_download.php?dir=spot_summary&file=spot_summary_2013.csv
2014-03-25,jepx-top8avg-kyushu,kyushu,18.777500000000003,https://www.jepx.jp/_download.php?dir=spot_summary&file=spot_summary_2013.csv
2014-03-26,jepx-top8avg-kyushu,kyushu,18.805,https://www.jepx.jp/_download.php?dir=spot_summary&file=spot_summary_2013.csv
2014-03-27,jepx-top8avg-kyushu,kyushu,18.307499999999997,https://www.jepx.jp/_download.php?dir=spot_summary&file=spot_summary_2013.csv
2014-03-28,jepx-top8avg-kyushu,kyushu,17.1525,https://www.jepx.jp/_download.php?dir=spot_summary&file=spot_summary_2013.csv
2014-03-29,jepx-top8avg-kyushu,kyushu,16.3625,https://www.jepx.jp/_download.php?dir=spot_summary&file=spot_summary_2013.csv
2014-03-30,jepx-top8avg-kyushu,kyushu,16.88875,https://www.jepx.jp/_download.php?dir=spot_summary&file=spot_summary_2013.csv
2014-03-31,jepx-top8avg-kyushu,kyushu,17.59125,https://www.jepx.jp/_download.php?dir=spot_summary&file=spot_summary_2013.csv
2014-04-01,jepx-top8avg-kyushu,kyushu,17.2825,https://www.jepx.jp/_download.php?dir=spot_summary&file=spot_summary_2014.csv
2014-04-02,jepx-top8avg-kyushu,kyushu,18.490000000000002,https://www.jepx.jp/_download.php?dir=spot_summary&file=spot_summary_2014.csv
2014-04-03,jepx-top8avg-kyushu,kyushu,17.39875,https://www.jepx.jp/_download.php?dir=spot_summary&file=spot_summary_2014.csv
2014-04-04,jepx-top8avg-kyushu,kyushu,18.706249999999997,https://www.jepx.jp/_download.php?dir=spot_summary&file=spot_summary_2014.csv
2014-04-05,jepx-top8avg-kyushu,kyushu,19.302500000000002,https://www.jepx.jp/_download.php?dir=spot_summary&file=spot_summary_2014.csv
2014-04-06,jepx-top8avg-kyushu,kyushu,18.7775,https://www.jepx.jp/_download.php?dir=spot_summary&file=spot_summary_2014.csv
2014-04-07,jepx-top8avg-kyushu,kyushu,20.425,https://www.jepx.jp/_download.php?dir=spot_summary&file=spot_summary_2014.csv
2014-04-08,jepx-top8avg-kyushu,kyushu,16.8275,https://www.jepx.jp/_download.php?dir=spot_summary&file=spot_summary_2014.csv
2014-04-09,jepx-top8avg-kyushu,kyushu,17.7875,https://www.jepx.jp/_download.php?dir=spot_summary&file=spot_summary_2014.csv
2014-04-10,jepx-top8avg-kyushu,kyushu,18.69125,https://www.jepx.jp/_download.php?dir=spot_summary&file=spot_summary_2014.csv
2014-04-11,jepx-top8avg-kyushu,kyushu,18.6175,https://www.jepx.jp/_download.php?dir=spot_summary&file=spot_summary_2014.csv
2014-04-12,jepx-top8avg-kyushu,kyushu,17.927500000000002,https://www.jepx.jp/_download.php?dir=spot_summary&file=spot_summary_2014.csv
2014-04-13,jepx-top8avg-kyushu,kyushu,17.81125,https://www.jepx.jp/_download.php?dir=spot_summary&file=spot_summary_2014.csv
2014-04-14,jepx-top8avg-kyushu,kyushu,21.9425,https://www.jepx.jp/_download.php?dir=spot_summary&file=spot_summary_2014.csv
2014-04-15,jepx-top8avg-kyushu,kyushu,19.6075,https://www.jepx.jp/_download.php?dir=spot_summary&file=spot_summary_2014.csv
2014-04-16,jepx-top8avg-kyushu,kyushu,18.48625,https://www.jepx.jp/_download.php?dir=spot_summary&file=spot_summary_2014.csv
2014-04-17,jepx-top8avg-kyushu,kyushu,18.705,https://www.jepx.jp/_download.php?dir=spot_summary&file=spot_summary_2014.csv
2014-04-18,jepx-top8avg-kyushu,kyushu,21.23375,https://www.jepx.jp/_download.php?dir=spot_summary&file=spot_summary_2014.csv
2014-04-19,jepx-top8avg-kyushu,kyushu,17.355,https://www.jepx.jp/_download.php?dir=spot_summary&file=spot_summary_2014.csv
2014-04-20,jepx-top8avg-kyushu,kyushu,19.50375,https://www.jepx.jp/_download.php?dir=spot_summary&file=spot_summary_2014.csv
2014-04-21,jepx-top8avg-kyushu,kyushu,20.0075,https://www.jepx.jp/_download.php?dir=spot_summary&file=spot_summary_2014.csv
2014-04-22,jepx-top8avg-kyushu,kyushu,18.53,https://www.jepx.jp/_download.php?dir=spot_summary&file=spot_summary_2014.csv
2014-04-23,jepx-top8avg-kyushu,kyushu,17.9875,https://www.jepx.jp/_download.php?dir=spot_summary&file=spot_summary_2014.csv
2014-04-24,jepx-top8avg-kyushu,kyushu,17.432499999999997,https://www.jepx.jp/_download.php?dir=spot_summary&file=spot_summary_2014.csv
2014-04-25,jepx-top8avg-kyushu,kyushu,17.27,https://www.jepx.jp/_download.php?dir=spot_summary&file=spot_summary_2014.csv
2014-04-26,jepx-top8avg-kyushu,kyushu,18.37125,https://www.jepx.jp/_download.php?dir=spot_summary&file=spot_summary_2014.csv
2014-04-27,jepx-top8avg-kyushu,kyushu,18.375,https://www.jepx.jp/_download.php?dir=spot_summary&file=spot_summary_2014.csv
2014-04-28,jepx-top8avg-kyushu,kyushu,18.89375,https://www.jepx.jp/_download.php?dir=spot_summary&file=spot_summary_2014.csv
2014-04-29,jepx-top8avg-kyushu,kyushu,18.275,https://www.jepx.jp/_download.php?dir=spot_summary&file=spot_summary_2014.csv
2014-04-30,jepx-top8avg-kyushu,kyushu,21.9825,https://www.jepx.jp/_download.php?dir=spot_summary&file=spot_summary_2014.csv
2014-05-01,jepx-top8avg-kyushu,kyushu,18.89375,https://www.jepx.jp/_download.php?dir=spot_summary&file=spot_summary_2014.csv
2014-05-02,jepx-top8avg-kyushu,kyushu,19.29,https://www.jepx.jp/_download.php?dir=spot_summary&file=spot_summary_2014.csv
2014-05-03,jepx-top8avg-kyushu,kyushu,18.64,https://www.jepx.jp/_download.php?dir=spot_summary&file=spot_summary_2014.csv
2014-05-04,jepx-top8avg-kyushu,kyushu,19.3975,https://www.jepx.jp/_download.php?dir=spot_summary&file=spot_summary_2014.csv
2014-05-05,jepx-top8avg-kyushu,kyushu,18.61375,https://www.jepx.jp/_download.php?dir=spot_summary&file=spot_summary_2014.csv
2014-05-06,jepx-top8avg-kyushu,kyushu,18.93375,https://www.jepx.jp/_download.php?dir=spot_summary&file=spot_summary_2014.csv
2014-05-07,jepx-top8avg-kyushu,kyushu,19.86125,https://www.jepx.jp/_download.php?dir=spot_summary&file=spot_summary_2014.csv
2014-05-08,jepx-top8avg-kyushu,kyushu,21.85875,https://www.jepx.jp/_download.php?dir=spot_summary&file=spot_summary_2014.csv
2014-05-09,jepx-top8avg-kyushu,kyushu,18.6475,https://www.jepx.jp/_download.php?dir=spot_summary&file=spot_summary_2014.csv
2014-05-10,jepx-top8avg-kyushu,kyushu,18.42875,https://www.jepx.jp/_download.php?dir=spot_summary&file=spot_summary_2014.csv
2014-05-11,jepx-top8avg-kyushu,kyushu,18.55875,https://www.jepx.jp/_download.php?dir=spot_summary&file=spot_summary_2014.csv
2014-05-12,jepx-top8avg-kyushu,kyushu,23.49625,https://www.jepx.jp/_download.php?dir=spot_summary&file=spot_summary_2014.csv
2014-05-13,jepx-top8avg-kyushu,kyushu,22.0,https://www.jepx.jp/_download.php?dir=spot_summary&file=spot_summary_2014.csv
2014-05-14,jepx-top8avg-kyushu,kyushu,23.659999999999997,https://www.jepx.jp/_download.php?dir=spot_summary&file=spot_summary_2014.csv
2014-05-15,jepx-top8avg-kyushu,kyushu,25.259999999999998,https://www.jepx.jp/_download.php?dir=spot_summary&file=spot_summary_2014.csv
2014-05-16,jepx-top8avg-kyushu,kyushu,18.994999999999997,https://www.jepx.jp/_download.php?dir=spot_summary&file=spot_summary_2014.csv
2014-05-17,jepx-top8avg-kyushu,kyushu,18.255,https://www.jepx.jp/_download.php?dir=spot_summary&file=spot_summary_2014.csv
2014-05-18,jepx-top8avg-kyushu,kyushu,17.647499999999997,https://www.jepx.jp/_download.php?dir=spot_summary&file=spot_summary_2014.csv
2014-05-19,jepx-top8avg-kyushu,kyushu,22.4675,https://www.jepx.jp/_download.php?dir=spot_summary&file=spot_summary_2014.csv
2014-05-20,jepx-top8avg-kyushu,kyushu,22.916249999999998,https://www.jepx.jp/_download.php?dir=spot_summary&file=spot_summary_2014.csv
2014-05-21,jepx-top8avg-kyushu,kyushu,18.53875,https://www.jepx.jp/_download.php?dir=spot_summary&file=spot_summary_2014.csv
2014-05-22,jepx-top8avg-kyushu,kyushu,18.515,https://www.jepx.jp/_download.php?dir=spot_summary&file=spot_summary_2014.csv
2014-05-23,jepx-top8avg-kyushu,kyushu,18.1725,https://www.jepx.jp/_download.php?dir=spot_summary&file=spot_summary_2014.csv
2014-05-24,jepx-top8avg-kyushu,kyushu,17.97,https://www.jepx.jp/_download.php?dir=spot_summary&file=spot_summary_2014.csv
2014-05-25,jepx-top8avg-kyushu,kyushu,17.622500000000002,https://www.jepx.jp/_download.php?dir=spot_summary&file=spot_summary_2014.csv
2014-05-26,jepx-top8avg-kyushu,kyushu,20.380000000000003,https://www.jepx.jp/_download.php?dir=spot_summary&file=spot_summary_2014.csv
2014-05-27,jepx-top8avg-kyushu,kyushu,18.545,https://www.jepx.jp/_download.php?dir=spot_summary&file=spot_summary_2014.csv
2014-05-28,jepx-top8avg-kyushu,kyushu,18.40875,https://www.jepx.jp/_download.php?dir=spot_summary&file=spot_summary_2014.csv
2014-05-29,jepx-top8avg-kyushu,kyushu,19.24125,https://www.jepx.jp/_download.php?dir=spot_summary&file=spot_summary_2014.csv
2014-05-30,jepx-top8avg-kyushu,kyushu,19.5225,https://www.jepx.jp/_download.php?dir=spot_summary&file=spot_summary_2014.csv
2014-05-31,jepx-top8avg-kyushu,kyushu,18.445,https://www.jepx.jp/_download.php?dir=spot_summary&file=spot_summary_2014.csv
2014-06-01,jepx-top8avg-kyushu,kyushu,17.91875,https://www.jepx.jp/_download.php?dir=spot_summary&file=spot_summary_2014.csv
2014-06-02,jepx-top8avg-kyushu,kyushu,20.4575,https://www.jepx.jp/_download.php?dir=spot_summary&file=spot_summary_2014.csv
2014-06-03,jepx-top8avg-kyushu,kyushu,22.902500000000003,https://www.jepx.jp/_download.php?dir=spot_summary&file=spot_summary_2014.csv
2014-06-04,jepx-top8avg-kyushu,kyushu,22.95125,https://www.jepx.jp/_download.php?dir=spot_summary&file=spot_summary_2014.csv
2014-06-05,jepx-top8avg-kyushu,kyushu,21.4825,https://www.jepx.jp/_download.php?dir=spot_summary&file=spot_summary_2014.csv
2014-06-06,jepx-top8avg-kyushu,kyushu,21.2975,https://www.jepx.jp/_download.php?dir=spot_summary&file=spot_summary_2014.csv
2014-06-07,jepx-top8avg-kyushu,kyushu,15.315000000000001,https://www.jepx.jp/_download.php?dir=spot_summary&file=spot_summary_2014.csv
2014-06-08,jepx-top8avg-kyushu,kyushu,17.1425,https://www.jepx.jp/_download.php?dir=spot_summary&file=spot_summary_2014.csv
2014-06-09,jepx-top8avg-kyushu,kyushu,19.485,https://www.jepx.jp/_download.php?dir=spot_summary&file=spot_summary_2014.csv
2014-06-10,jepx-top8avg-kyushu,kyushu,21.2325,https://www.jepx.jp/_download.php?dir=spot_summary&file=spot_summary_2014.csv
2014-06-11,jepx-top8avg-kyushu,kyushu,19.36375,https://www.jepx.jp/_download.php?dir=spot_summary&file=spot_summary_2014.csv
2014-06-12,jepx-top8avg-kyushu,kyushu,18.90625,https://www.jepx.jp/_download.php?dir=spot_summary&file=spot_summary_2014.csv
2014-06-13,jepx-top8avg-kyushu,kyushu,18.755000000000003,https://www.jepx.jp/_download.php?dir=spot_summary&file=spot_summary_2014.csv
2014-06-14,jepx-top8avg-kyushu,kyushu,15.875,https://www.jepx.jp/_download.php?dir=spot_summary&file=spot_summary_2014.csv
2014-06-15,jepx-top8avg-kyushu,kyushu,16.2375,https://www.jepx.jp/_download.php?dir=spot_summary&file=spot_summary_2014.csv
2014-06-16,jepx-top8avg-kyushu,kyushu,20.651249999999997,https://www.jepx.jp/_download.php?dir=spot_summary&file=spot_summary_2014.csv
2014-06-17,jepx-top8avg-kyushu,kyushu,18.64,https://www.jepx.jp/_download.php?dir=spot_summary&file=spot_summary_2014.csv
2014-06-18,jepx-top8avg-kyushu,kyushu,18.35,https://www.jepx.jp/_download.php?dir=spot_summary&file=spot_summary_2014.csv
2014-06-19,jepx-top8avg-kyushu,kyushu,18.33,https://www.jepx.jp/_download.php?dir=spot_summary&file=spot_summary_2014.csv
2014-06-20,jepx-top8avg-kyushu,kyushu,18.31375,https://www.jepx.jp/_download.php?dir=spot_summary&file=spot_summary_2014.csv
2014-06-21,jepx-top8avg-kyushu,kyushu,16.41375,https://www.jepx.jp/_download.php?dir=spot_summary&file=spot_summary_2014.csv
2014-06-22,jepx-top8avg-kyushu,kyushu,15.9825,https://www.jepx.jp/_download.php?dir=spot_summary&file=spot_summary_2014.csv
2014-06-23,jepx-top8avg-kyushu,kyushu,19.195,https://www.jepx.jp/_download.php?dir=spot_summary&file=spot_summary_2014.csv
2014-06-24,jepx-top8avg-kyushu,kyushu,18.2575,https://www.jepx.jp/_download.php?dir=spot_summary&file=spot_summary_2014.csv
2014-06-25,jepx-top8avg-kyushu,kyushu,18.590000000000003,https://www.jepx.jp/_download.php?dir=spot_summary&file=spot_summary_2014.csv
2014-06-26,jepx-top8avg-kyushu,kyushu,18.630000000000003,https://www.jepx.jp/_download.php?dir=spot_summary&file=spot_summary_2014.csv
2014-06-27,jepx-top8avg-kyushu,kyushu,19.3125,https://www.jepx.jp/_download.php?dir=spot_summary&file=spot_summary_2014.csv
2014-06-28,jepx-top8avg-kyushu,kyushu,15.4425,https://www.jepx.jp/_download.php?dir=spot_summary&file=spot_summary_2014.csv
2014-06-29,jepx-top8avg-kyushu,kyushu,15.725,https://www.jepx.jp/_download.php?dir=spot_summary&file=spot_summary_2014.csv
2014-06-30,jepx-top8avg-kyushu,kyushu,19.057499999999997,https://www.jepx.jp/_download.php?dir=spot_summary&file=spot_summary_2014.csv
2014-07-01,jepx-top8avg-kyushu,kyushu,18.768749999999997,https://www.jepx.jp/_download.php?dir=spot_summary&file=spot_summary_2014.csv
2014-07-02,jepx-top8avg-kyushu,kyushu,19.373749999999998,https://www.jepx.jp/_download.php?dir=spot_summary&file=spot_summary_2014.csv
2014-07-03,jepx-top8avg-kyushu,kyushu,18.865,https://www.jepx.jp/_download.php?dir=spot_summary&file=spot_summary_2014.csv
2014-07-04,jepx-top8avg-kyushu,kyushu,18.99875,https://www.jepx.jp/_download.php?dir=spot_summary&file=spot_summary_2014.csv
2014-07-05,jepx-top8avg-kyushu,kyushu,15.918750000000001,https://www.jepx.jp/_download.php?dir=spot_summary&file=spot_summary_2014.csv
2014-07-06,jepx-top8avg-kyushu,kyushu,16.473750000000003,https://www.jepx.jp/_download.php?dir=spot_summary&file=spot_summary_2014.csv
2014-07-07,jepx-top8avg-kyushu,kyushu,20.035000000000004,https://www.jepx.jp/_download.php?dir=spot_summary&file=spot_summary_2014.csv
2014-07-08,jepx-top8avg-kyushu,kyushu,19.14375,https://www.jepx.jp/_download.php?dir=spot_summary&file=spot_summary_2014.csv
2014-07-09,jepx-top8avg-kyushu,kyushu,22.1,https://www.jepx.jp/_download.php?dir=spot_summary&file=spot_summary_2014.csv
2014-07-10,jepx-top8avg-kyushu,kyushu,22.1,https://www.jepx.jp/_download.php?dir=spot_summary&file=spot_summary_2014.csv
2014-07-11,jepx-top8avg-kyushu,kyushu,24.24375,https://www.jepx.jp/_download.php?dir=spot_summary&file=spot_summary_2014.csv
2014-07-12,jepx-top8avg-kyushu,kyushu,17.3275,https://www.jepx.jp/_download.php?dir=spot_summary&file=spot_summary_2014.csv
2014-07-13,jepx-top8avg-kyushu,kyushu,16.738750000000003,https://www.jepx.jp/_download.php?dir=spot_summary&file=spot_summary_2014.csv
2014-07-14,jepx-top8avg-kyushu,kyushu,22.1,https://www.jepx.jp/_download.php?dir=spot_summary&file=spot_summary_2014.csv
2014-07-15,jepx-top8avg-kyushu,kyushu,19.97625,https://www.jepx.jp/_download.php?dir=spot_summary&file=spot_summary_2014.csv
2014-07-16,jepx-top8avg-kyushu,kyushu,22.1,https://www.jepx.jp/_download.php?dir=spot_summary&file=spot_summary_2014.csv
2014-07-17,jepx-top8avg-kyushu,kyushu,22.01625,https://www.jepx.jp/_download.php?dir=spot_summary&file=spot_summary_2014.csv
2014-07-18,jepx-top8avg-kyushu,kyushu,22.1,https://www.jepx.jp/_download.php?dir=spot_summary&file=spot_summary_2014.csv
2014-07-19,jepx-top8avg-kyushu,kyushu,16.661250000000003,https://www.jepx.jp/_download.php?dir=spot_summary&file=spot_summary_2014.csv
2014-07-20,jepx-top8avg-kyushu,kyushu,16.223750000000003,https://www.jepx.jp/_download.php?dir=spot_summary&file=spot_summary_2014.csv
2014-07-21,jepx-top8avg-kyushu,kyushu,18.13,https://www.jepx.jp/_download.php?dir=spot_summary&file=spot_summary_2014.csv
2014-07-22,jepx-top8avg-kyushu,kyushu,21.950000000000003,https://www.jepx.jp/_download.php?dir=spot_summary&file=spot_summary_2014.csv
2014-07-23,jepx-top8avg-kyushu,kyushu,21.9375,https://www.jepx.jp/_download.php?dir=spot_summary&file=spot_summary_2014.csv
2014-07-24,jepx-top8avg-kyushu,kyushu,24.2175,https://www.jepx.jp/_download.php?dir=spot_summary&file=spot_summary_2014.csv
2014-07-25,jepx-top8avg-kyushu,kyushu,39.365,https://www.jepx.jp/_download.php?dir=spot_summary&file=spot_summary_2014.csv
2014-07-26,jepx-top8avg-kyushu,kyushu,17.94625,https://www.jepx.jp/_download.php?dir=spot_summary&file=spot_summary_2014.csv
2014-07-27,jepx-top8avg-kyushu,kyushu,17.107499999999998,https://www.jepx.jp/_download.php?dir=spot_summary&file=spot_summary_2014.csv
2014-07-28,jepx-top8avg-kyushu,kyushu,21.945,https://www.jepx.jp/_download.php?dir=spot_summary&file=spot_summary_2014.csv
2014-07-29,jepx-top8avg-kyushu,kyushu,20.31375,https://www.jepx.jp/_download.php?dir=spot_summary&file=spot_summary_2014.csv
2014-07-30,jepx-top8avg-kyushu,kyushu,21.9825,https://www.jepx.jp/_download.php?dir=spot_summary&file=spot_summary_2014.csv
2014-07-31,jepx-top8avg-kyushu,kyushu,22.8425,https://www.jepx.jp/_download.php?dir=spot_summary&file=spot_summary_2014.csv
2014-08-01,jepx-top8avg-kyushu,kyushu,22.193749999999998,https://www.jepx.jp/_download.php?dir=spot_summary&file=spot_summary_2014.csv
2014-08-02,jepx-top8avg-kyushu,kyushu,17.581249999999997,https://www.jepx.jp/_download.php?dir=spot_summary&file=spot_summary_2014.csv
2014-08-03,jepx-top8avg-kyushu,kyushu,16.9025,https://www.jepx.jp/_download.php?dir=spot_summary&file=spot_summary_2014.csv
2014-08-04,jepx-top8avg-kyushu,kyushu,21.816249999999997,https://www.jepx.jp/_download.php?dir=spot_summary&file=spot_summary_2014.csv
2014-08-05,jepx-top8avg-kyushu,kyushu,22.240000000000002,https://www.jepx.jp/_download.php?dir=spot_summary&file=spot_summary_2014.csv
2014-08-06,jepx-top8avg-kyushu,kyushu,21.72,https://www.jepx.jp/_download.php?dir=spot_summary&file=spot_summary_2014.csv
2014-08-07,jepx-top8avg-kyushu,kyushu,21.027499999999996,https://www.jepx.jp/_download.php?dir=spot_summary&file=spot_summary_2014.csv
2014-08-08,jepx-top8avg-kyushu,kyushu,20.1925,https://www.jepx.jp/_download.php?dir=spot_summary&file=spot_summary_2014.csv
2014-08-09,jepx-top8avg-kyushu,kyushu,16.82,https://www.jepx.jp/_download.php?dir=spot_summary&file=spot_summary_2014.csv
2014-08-10,jepx-top8avg-kyushu,kyushu,16.33625,https://www.jepx.jp/_download.php?dir=spot_summary&file=spot_summary_2014.csv
2014-08-11,jepx-top8avg-kyushu,kyushu,21.03,https://www.jepx.jp/_download.php?dir=spot_summary&file=spot_summary_2014.csv
2014-08-12,jepx-top8avg-kyushu,kyushu,18.12125,https://www.jepx.jp/_download.php?dir=spot_summary&file=spot_summary_2014.csv
2014-08-13,jepx-top8avg-kyushu,kyushu,15.59375,https://www.jepx.jp/_download.php?dir=spot_summary&file=spot_summary_2014.csv
2014-08-14,jepx-top8avg-kyushu,kyushu,15.2825,https://www.jepx.jp/_download.php?dir=spot_summary&file=spot_summary_2014.csv
2014-08-15,jepx-top8avg-kyushu,kyushu,15.0275,https://www.jepx.jp/_download.php?dir=spot_summary&file=spot_summary_2014.csv
2014-08-16,jepx-top8avg-kyushu,kyushu,10.48,https://www.jepx.jp/_download.php?dir=spot_summary&file=spot_summary_2014.csv
2014-08-17,jepx-top8avg-kyushu,kyushu,10.942499999999999,https://www.jepx.jp/_download.php?dir=spot_summary&file=spot_summary_2014.csv
2014-08-18,jepx-top8avg-kyushu,kyushu,19.982499999999998,https://www.jepx.jp/_download.php?dir=spot_summary&file=spot_summary_2014.csv
2014-08-19,jepx-top8avg-kyushu,kyushu,22.25625,https://www.jepx.jp/_download.php?dir=spot_summary&file=spot_summary_2014.csv
2014-08-20,jepx-top8avg-kyushu,kyushu,20.07875,https://www.jepx.jp/_download.php?dir=spot_summary&file=spot_summary_2014.csv
2014-08-21,jepx-top8avg-kyushu,kyushu,20.47625,https://www.jepx.jp/_download.php?dir=spot_summary&file=spot_summary_2014.csv
2014-08-22,jepx-top8avg-kyushu,kyushu,20.44,https://www.jepx.jp/_download.php?dir=spot_summary&file=spot_summary_2014.csv
2014-08-23,jepx-top8avg-kyushu,kyushu,16.655,https://www.jepx.jp/_download.php?dir=spot_summary&file=spot_summary_2014.csv
2014-08-24,jepx-top8avg-kyushu,kyushu,14.93,https://www.jepx.jp/_download.php?dir=spot_summary&file=spot_summary_2014.csv
2014-08-25,jepx-top8avg-kyushu,kyushu,20.207500000000003,https://www.jepx.jp/_download.php?dir=spot_summary&file=spot_summary_2014.csv
2014-08-26,jepx-top8avg-kyushu,kyushu,20.1625,https://www.jepx.jp/_download.php?dir=spot_summary&file=spot_summary_2014.csv
2014-08-27,jepx-top8avg-kyushu,kyushu,18.130000000000003,https://www.jepx.jp/_download.php?dir=spot_summary&file=spot_summary_2014.csv
2014-08-28,jepx-top8avg-kyushu,kyushu,18.13875,https://www.jepx.jp/_download.php?dir=spot_summary&file=spot_summary_2014.csv
2014-08-29,jepx-top8avg-kyushu,kyushu,16.74125,https://www.jepx.jp/_download.php?dir=spot_summary&file=spot_summary_2014.csv
2014-08-30,jepx-top8avg-kyushu,kyushu,14.15,https://www.jepx.jp/_download.php?dir=spot_summary&file=spot_summary_2014.csv
2014-08-31,jepx-top8avg-kyushu,kyushu,12.21625,https://www.jepx.jp/_download.php?dir=spot_summary&file=spot_summary_2014.csv
2014-09-01,jepx-top8avg-kyushu,kyushu,17.4775,https://www.jepx.jp/_download.php?dir=spot_summary&file=spot_summary_2014.csv
2014-09-02,jepx-top8avg-kyushu,kyushu,17.4425,https://www.jepx.jp/_download.php?dir=spot_summary&file=spot_summary_2014.csv
2014-09-03,jepx-top8avg-kyushu,kyushu,17.6175,https://www.jepx.jp/_download.php?dir=spot_summary&file=spot_summary_2014.csv
2014-09-04,jepx-top8avg-kyushu,kyushu,17.814999999999998,https://www.jepx.jp/_download.php?dir=spot_summary&file=spot_summary_2014.csv
2014-09-05,jepx-top8avg-kyushu,kyushu,17.285,https://www.jepx.jp/_download.php?dir=spot_summary&file=spot_summary_2014.csv
2014-09-06,jepx-top8avg-kyushu,kyushu,16.634999999999998,https://www.jepx.jp/_download.php?dir=spot_summary&file=spot_summary_2014.csv
2014-09-07,jepx-top8avg-kyushu,kyushu,14.95375,https://www.jepx.jp/_download.php?dir=spot_summary&file=spot_summary_2014.csv
2014-09-08,jepx-top8avg-kyushu,kyushu,17.16875,https://www.jepx.jp/_download.php?dir=spot_summary&file=spot_summary_2014.csv
2014-09-09,jepx-top8avg-kyushu,kyushu,16.99375,https://www.jepx.jp/_download.php?dir=spot_summary&file=spot_summary_2014.csv
2014-09-10,jepx-top8avg-kyushu,kyushu,16.60375,https://www.jepx.jp/_download.php?dir=spot_summary&file=spot_summary_2014.csv
2014-09-11,jepx-top8avg-kyushu,kyushu,16.76,https://www.jepx.jp/_download.php?dir=spot_summary&file=spot_summary_2014.csv
2014-09-12,jepx-top8avg-kyushu,kyushu,16.73375,https://www.jepx.jp/_download.php?dir=spot_summary&file=spot_summary_2014.csv
2014-09-13,jepx-top8avg-kyushu,kyushu,14.771249999999998,https://www.jepx.jp/_download.php?dir=spot_summary&file=spot_summary_2014.csv
2014-09-14,jepx-top8avg-kyushu,kyushu,14.3025,https://www.jepx.jp/_download.php?dir=spot_summary&file=spot_summary_2014.csv
2014-09-15,jepx-top8avg-kyushu,kyushu,16.24375,https://www.jepx.jp/_download.php?dir=spot_summary&file=spot_summary_2014.csv
2014-09-16,jepx-top8avg-kyushu,kyushu,17.9125,https://www.jepx.jp/_download.php?dir=spot_summary&file=spot_summary_2014.csv
2014-09-17,jepx-top8avg-kyushu,kyushu,17.9075,https://www.jepx.jp/_download.php?dir=spot_summary&file=spot_summary_2014.csv
2014-09-18,jepx-top8avg-kyushu,kyushu,17.457500000000003,https://www.jepx.jp/_download.php?dir=spot_summary&file=spot_summary_2014.csv
2014-09-19,jepx-top8avg-kyushu,kyushu,17.005,https://www.jepx.jp/_download.php?dir=spot_summary&file=spot_summary_2014.csv
2014-09-20,jepx-top8avg-kyushu,kyushu,15.27,https://www.jepx.jp/_download.php?dir=spot_summary&file=spot_summary_2014.csv
2014-09-21,jepx-top8avg-kyushu,kyushu,15.092500000000001,https://www.jepx.jp/_download.php?dir=spot_summary&file=spot_summary_2014.csv
2014-09-22,jepx-top8avg-kyushu,kyushu,18.2125,https://www.jepx.jp/_download.php?dir=spot_summary&file=spot_summary_2014.csv
2014-09-23,jepx-top8avg-kyushu,kyushu,17.07875,https://www.jepx.jp/_download.php?dir=spot_summary&file=spot_summary_2014.csv
2014-09-24,jepx-top8avg-kyushu,kyushu,17.95125,https://www.jepx.jp/_download.php?dir=spot_summary&file=spot_summary_2014.csv
2014-09-25,jepx-top8avg-kyushu,kyushu,18.8,https://www.jepx.jp/_download.php?dir=spot_summary&file=spot_summary_2014.csv
2014-09-26,jepx-top8avg-kyushu,kyushu,17.56125,https://www.jepx.jp/_download.php?dir=spot_summary&file=spot_summary_2014.csv
2014-09-27,jepx-top8avg-kyushu,kyushu,16.22625,https://www.jepx.jp/_download.php?dir=spot_summary&file=spot_summary_2014.csv
2014-09-28,jepx-top8avg-kyushu,kyushu,15.76125,https://www.jepx.jp/_download.php?dir=spot_summary&file=spot_summary_2014.csv
2014-09-29,jepx-top8avg-kyushu,kyushu,17.92125,https://www.jepx.jp/_download.php?dir=spot_summary&file=spot_summary_2014.csv
2014-09-30,jepx-top8avg-kyushu,kyushu,18.045,https://www.jepx.jp/_download.php?dir=spot_summary&file=spot_summary_2014.csv
2014-10-01,jepx-top8avg-kyushu,kyushu,18.2875,https://www.jepx.jp/_download.php?dir=spot_summary&file=spot_summary_2014.csv
2014-10-02,jepx-top8avg-kyushu,kyushu,18.54,https://www.jepx.jp/_download.php?dir=spot_summary&file=spot_summary_2014.csv
2014-10-03,jepx-top8avg-kyushu,kyushu,20.161250000000003,https://www.jepx.jp/_download.php?dir=spot_summary&file=spot_summary_2014.csv
2014-10-04,jepx-top8avg-kyushu,kyushu,15.763750000000002,https://www.jepx.jp/_download.php?dir=spot_summary&file=spot_summary_2014.csv
2014-10-05,jepx-top8avg-kyushu,kyushu,15.86875,https://www.jepx.jp/_download.php?dir=spot_summary&file=spot_summary_2014.csv
2014-10-06,jepx-top8avg-kyushu,kyushu,17.7,https://www.jepx.jp/_download.php?dir=spot_summary&file=spot_summary_2014.csv
2014-10-07,jepx-top8avg-kyushu,kyushu,17.675,https://www.jepx.jp/_download.php?dir=spot_summary&file=spot_summary_2014.csv
2014-10-08,jepx-top8avg-kyushu,kyushu,18.345,https://www.jepx.jp/_download.php?dir=spot_summary&file=spot_summary_2014.csv
2014-10-09,jepx-top8avg-kyushu,kyushu,17.78875,https://www.jepx.jp/_download.php?dir=spot_summary&file=spot_summary_2014.csv
2014-10-10,jepx-top8avg-kyushu,kyushu,19.235,https://www.jepx.jp/_download.php?dir=spot_summary&file=spot_summary_2014.csv
2014-10-11,jepx-top8avg-kyushu,kyushu,17.474999999999998,https://www.jepx.jp/_download.php?dir=spot_summary&file=spot_summary_2014.csv
2014-10-12,jepx-top8avg-kyushu,kyushu,15.68125,https://www.jepx.jp/_download.php?dir=spot_summary&file=spot_summary_2014.csv
2014-10-13,jepx-top8avg-kyushu,kyushu,16.237499999999997,https://www.jepx.jp/_download.php?dir=spot_summary&file=spot_summary_2014.csv
2014-10-14,jepx-top8avg-kyushu,kyushu,19.085,https://www.jepx.jp/_download.php?dir=spot_summary&file=spot_summary_2014.csv
2014-10-15,jepx-top8avg-kyushu,kyushu,17.995,https://www.jepx.jp/_download.php?dir=spot_summary&file=spot_summary_2014.csv
2014-10-16,jepx-top8avg-kyushu,kyushu,17.48,https://www.jepx.jp/_download.php?dir=spot_summary&file=spot_summary_2014.csv
2014-10-17,jepx-top8avg-kyushu,kyushu,17.68125,https://www.jepx.jp/_download.php?dir=spot_summary&file=spot_summary_2014.csv
2014-10-18,jepx-top8avg-kyushu,kyushu,15.622499999999999,https://www.jepx.jp/_download.php?dir=spot_summary&file=spot_summary_2014.csv
2014-10-19,jepx-top8avg-kyushu,kyushu,14.692499999999999,https://www.jepx.jp/_download.php?dir=spot_summary&file=spot_summary_2014.csv
2014-10-20,jepx-top8avg-kyushu,kyushu,16.49875,https://www.jepx.jp/_download.php?dir=spot_summary&file=spot_summary_2014.csv
2014-10-21,jepx-top8avg-kyushu,kyushu,17.235,https://www.jepx.jp/_download.php?dir=spot_summary&file=spot_summary_2014.csv
2014-10-22,jepx-top8avg-kyushu,kyushu,16.905,https://www.jepx.jp/_download.php?dir=spot_summary&file=spot_summary_2014.csv
2014-10-23,jepx-top8avg-kyushu,kyushu,16.192500000000003,https://www.jepx.jp/_download.php?dir=spot_summary&file=spot_summary_2014.csv
2014-10-24,jepx-top8avg-kyushu,kyushu,16.13125,https://www.jepx.jp/_download.php?dir=spot_summary&file=spot_summary_2014.csv
2014-10-25,jepx-top8avg-kyushu,kyushu,15.3275,https://www.jepx.jp/_download.php?dir=spot_summary&file=spot_summary_2014.csv
2014-10-26,jepx-top8avg-kyushu,kyushu,14.973749999999999,https://www.jepx.jp/_download.php?dir=spot_summary&file=spot_summary_2014.csv
2014-10-27,jepx-top8avg-kyushu,kyushu,16.47375,https://www.jepx.jp/_download.php?dir=spot_summary&file=spot_summary_2014.csv
2014-10-28,jepx-top8avg-kyushu,kyushu,16.415,https://www.jepx.jp/_download.php?dir=spot_summary&file=spot_summary_2014.csv
2014-10-29,jepx-top8avg-kyushu,kyushu,16.63375,https://www.jepx.jp/_download.php?dir=spot_summary&file=spot_summary_2014.csv
2014-10-30,jepx-top8avg-kyushu,kyushu,16.35375,https://www.jepx.jp/_download.php?dir=spot_summary&file=spot_summary_2014.csv
2014-10-31,jepx-top8avg-kyushu,kyushu,16.68125,https://www.jepx.jp/_download.php?dir=spot_summary&file=spot_summary_2014.csv
2014-11-01,jepx-top8avg-kyushu,kyushu,14.89,https://www.jepx.jp/_download.php?dir=spot_summary&file=spot_summary_2014.csv
2014-11-02,jepx-top8avg-kyushu,kyushu,15.6075,https://www.jepx.jp/_download.php?dir=spot_summary&file=spot_summary_2014.csv
2014-11-03,jepx-top8avg-kyushu,kyushu,16.165,https://www.jepx.jp/_download.php?dir=spot_summary&file=spot_summary_2014.csv
2014-11-04,jepx-top8avg-kyushu,kyushu,17.68,https://www.jepx.jp/_download.php?dir=spot_summary&file=spot_summary_2014.csv
2014-11-05,jepx-top8avg-kyushu,kyushu,16.028750000000002,https://www.jepx.jp/_download.php?dir=spot_summary&file=spot_summary_2014.csv
2014-11-06,jepx-top8avg-kyushu,kyushu,16.60875,https://www.jepx.jp/_download.php?dir=spot_summary&file=spot_summary_2014.csv
2014-11-07,jepx-top8avg-kyushu,kyushu,17.07375,https://www.jepx.jp/_download.php?dir=spot_summary&file=spot_summary_2014.csv
2014-11-08,jepx-top8avg-kyushu,kyushu,15.97875,https://www.jepx.jp/_download.php?dir=spot_summary&file=spot_summary_2014.csv
2014-11-09,jepx-top8avg-kyushu,kyushu,14.89125,https://www.jepx.jp/_download.php?dir=spot_summary&file=spot_summary_2014.csv
2014-11-10,jepx-top8avg-kyushu,kyushu,17.3125,https://www.jepx.jp/_download.php?dir=spot_summary&file=spot_summary_2014.csv
2014-11-11,jepx-top8avg-kyushu,kyushu,15.925,https://www.jepx.jp/_download.php?dir=spot_summary&file=spot_summary_2014.csv
2014-11-12,jepx-top8avg-kyushu,kyushu,16.10875,https://www.jepx.jp/_download.php?dir=spot_summary&file=spot_summary_2014.csv
2014-11-13,jepx-top8avg-kyushu,kyushu,17.28125,https://www.jepx.jp/_download.php?dir=spot_summary&file=spot_summary_2014.csv
2014-11-14,jepx-top8avg-kyushu,kyushu,17.701249999999998,https://www.jepx.jp/_download.php?dir=spot_summary&file=spot_summary_2014.csv
2014-11-15,jepx-top8avg-kyushu,kyushu,16.63125,https://www.jepx.jp/_download.php?dir=spot_summary&file=spot_summary_2014.csv
2014-11-16,jepx-top8avg-kyushu,kyushu,16.09375,https://www.jepx.jp/_download.php?dir=spot_summary&file=spot_summary_2014.csv
2014-11-17,jepx-top8avg-kyushu,kyushu,17.73,https://www.jepx.jp/_download.php?dir=spot_summary&file=spot_summary_2014.csv
2014-11-18,jepx-top8avg-kyushu,kyushu,16.22625,https://www.jepx.jp/_download.php?dir=spot_summary&file=spot_summary_2014.csv
2014-11-19,jepx-top8avg-kyushu,kyushu,16.71875,https://www.jepx.jp/_download.php?dir=spot_summary&file=spot_summary_2014.csv
2014-11-20,jepx-top8avg-kyushu,kyushu,16.9525,https://www.jepx.jp/_download.php?dir=spot_summary&file=spot_summary_2014.csv
2014-11-21,jepx-top8avg-kyushu,kyushu,16.57,https://www.jepx.jp/_download.php?dir=spot_summary&file=spot_summary_2014.csv
2014-11-22,jepx-top8avg-kyushu,kyushu,16.10875,https://www.jepx.jp/_download.php?dir=spot_summary&file=spot_summary_2014.csv
2014-11-23,jepx-top8avg-kyushu,kyushu,15.603750000000002,https://www.jepx.jp/_download.php?dir=spot_summary&file=spot_summary_2014.csv
2014-11-24,jepx-top8avg-kyushu,kyushu,16.083750000000002,https://www.jepx.jp/_download.php?dir=spot_summary&file=spot_summary_2014.csv
2014-11-25,jepx-top8avg-kyushu,kyushu,16.49875,https://www.jepx.jp/_download.php?dir=spot_summary&file=spot_summary_2014.csv
2014-11-26,jepx-top8avg-kyushu,kyushu,16.335,https://www.jepx.jp/_download.php?dir=spot_summary&file=spot_summary_2014.csv
2014-11-27,jepx-top8avg-kyushu,kyushu,15.95125,https://www.jepx.jp/_download.php?dir=spot_summary&file=spot_summary_2014.csv
2014-11-28,jepx-top8avg-kyushu,kyushu,16.00125,https://www.jepx.jp/_download.php?dir=spot_summary&file=spot_summary_2014.csv
2014-11-29,jepx-top8avg-kyushu,kyushu,14.75,https://www.jepx.jp/_download.php?dir=spot_summary&file=spot_summary_2014.csv
2014-11-30,jepx-top8avg-kyushu,kyushu,13.967500000000001,https://www.jepx.jp/_download.php?dir=spot_summary&file=spot_summary_2014.csv
2014-12-01,jepx-top8avg-kyushu,kyushu,16.2275,https://www.jepx.jp/_download.php?dir=spot_summary&file=spot_summary_2014.csv
2014-12-02,jepx-top8avg-kyushu,kyushu,17.9675,https://www.jepx.jp/_download.php?dir=spot_summary&file=spot_summary_2014.csv
2014-12-03,jepx-top8avg-kyushu,kyushu,18.009999999999998,https://www.jepx.jp/_download.php?dir=spot_summary&file=spot_summary_2014.csv
2014-12-04,jepx-top8avg-kyushu,kyushu,18.057499999999997,https://www.jepx.jp/_download.php?dir=spot_summary&file=spot_summary_2014.csv
2014-12-05,jepx-top8avg-kyushu,kyushu,19.0075,https://www.jepx.jp/_download.php?dir=spot_summary&file=spot_summary_2014.csv
2014-12-06,jepx-top8avg-kyushu,kyushu,15.93375,https://www.jepx.jp/_download.php?dir=spot_summary&file=spot_summary_2014.csv
2014-12-07,jepx-top8avg-kyushu,kyushu,15.79875,https://www.jepx.jp/_download.php?dir=spot_summary&file=spot_summary_2014.csv
2014-12-08,jepx-top8avg-kyushu,kyushu,16.465,https://www.jepx.jp/_download.php?dir=spot_summary&file=spot_summary_2014.csv
2014-12-09,jepx-top8avg-kyushu,kyushu,16.4025,https://www.jepx.jp/_download.php?dir=spot_summary&file=spot_summary_2014.csv
2014-12-10,jepx-top8avg-kyushu,kyushu,16.521250000000002,https://www.jepx.jp/_download.php?dir=spot_summary&file=spot_summary_2014.csv
2014-12-11,jepx-top8avg-kyushu,kyushu,16.50875,https://www.jepx.jp/_download.php?dir=spot_summary&file=spot_summary_2014.csv
2014-12-12,jepx-top8avg-kyushu,kyushu,17.06125,https://www.jepx.jp/_download.php?dir=spot_summary&file=spot_summary_2014.csv
2014-12-13,jepx-top8avg-kyushu,kyushu,16.495,https://www.jepx.jp/_download.php?dir=spot_summary&file=spot_summary_2014.csv
2014-12-14,jepx-top8avg-kyushu,kyushu,16.1475,https://www.jepx.jp/_download.php?dir=spot_summary&file=spot_summary_2014.csv
2014-12-15,jepx-top8avg-kyushu,kyushu,19.11625,https://www.jepx.jp/_download.php?dir=spot_summary&file=spot_summary_2014.csv
2014-12-16,jepx-top8avg-kyushu,kyushu,19.520000000000003,https://www.jepx.jp/_download.php?dir=spot_summary&file=spot_summary_2014.csv
2014-12-17,jepx-top8avg-kyushu,kyushu,28.033749999999998,https://www.jepx.jp/_download.php?dir=spot_summary&file=spot_summary_2014.csv
2014-12-18,jepx-top8avg-kyushu,kyushu,25.53875,https://www.jepx.jp/_download.php?dir=spot_summary&file=spot_summary_2014.csv
2014-12-19,jepx-top8avg-kyushu,kyushu,33.9825,https://www.jepx.jp/_download.php?dir=spot_summary&file=spot_summary_2014.csv
2014-12-20,jepx-top8avg-kyushu,kyushu,16.6475,https://www.jepx.jp/_download.php?dir=spot_summary&file=spot_summary_2014.csv
2014-12-21,jepx-top8avg-kyushu,kyushu,15.74625,https://www.jepx.jp/_download.php?dir=spot_summary&file=spot_summary_2014.csv
2014-12-22,jepx-top8avg-kyushu,kyushu,20.244999999999997,https://www.jepx.jp/_download.php?dir=spot_summary&file=spot_summary_2014.csv
2014-12-23,jepx-top8avg-kyushu,kyushu,16.65375,https://www.jepx.jp/_download.php?dir=spot_summary&file=spot_summary_2014.csv
2014-12-24,jepx-top8avg-kyushu,kyushu,17.165,https://www.jepx.jp/_download.php?dir=spot_summary&file=spot_summary_2014.csv
2014-12-25,jepx-top8avg-kyushu,kyushu,16.464999999999996,https://www.jepx.jp/_download.php?dir=spot_summary&file=spot_summary_2014.csv
2014-12-26,jepx-top8avg-kyushu,kyushu,15.500000000000002,https://www.jepx.jp/_download.php?dir=spot_summary&file=spot_summary_2014.csv
2014-12-27,jepx-top8avg-kyushu,kyushu,16.42875,https://www.jepx.jp/_download.php?dir=spot_summary&file=spot_summary_2014.csv
2014-12-28,jepx-top8avg-kyushu,kyushu,16.08,https://www.jepx.jp/_download.php?dir=spot_summary&file=spot_summary_2014.csv
2014-12-29,jepx-top8avg-kyushu,kyushu,14.96875,https://www.jepx.jp/_download.php?dir=spot_summary&file=spot_summary_2014.csv
2014-12-30,jepx-top8avg-kyushu,kyushu,14.875,https://www.jepx.jp/_download.php?dir=spot_summary&file=spot_summary_2014.csv
2014-12-31,jepx-top8avg-kyushu,kyushu,15.594999999999999,https://www.jepx.jp/_download.php?dir=spot_summary&file=spot_summary_2014.csv
2015-01-01,jepx-top8avg-kyushu,kyushu,13.1325,https://www.jepx.jp/_download.php?dir=spot_summary&file=spot_summary_2014.csv
2015-01-02,jepx-top8avg-kyushu,kyushu,14.03875,https://www.jepx.jp/_download.php?dir=spot_summary&file=spot_summary_2014.csv
2015-01-03,jepx-top8avg-kyushu,kyushu,14.22625,https://www.jepx.jp/_download.php?dir=spot_summary&file=spot_summary_2014.csv
2015-01-04,jepx-top8avg-kyushu,kyushu,15.4175,https://www.jepx.jp/_download.php?dir=spot_summary&file=spot_summary_2014.csv
2015-01-05,jepx-top8avg-kyushu,kyushu,17.169999999999998,https://www.jepx.jp/_download.php?dir=spot_summary&file=spot_summary_2014.csv
2015-01-06,jepx-top8avg-kyushu,kyushu,16.655,https://www.jepx.jp/_download.php?dir=spot_summary&file=spot_summary_2014.csv
2015-01-07,jepx-top8avg-kyushu,kyushu,17.75,https://www.jepx.jp/_download.php?dir=spot_summary&file=spot_summary_2014.csv
2015-01-08,jepx-top8avg-kyushu,kyushu,17.87,https://www.jepx.jp/_download.php?dir=spot_summary&file=spot_summary_2014.csv
2015-01-09,jepx-top8avg-kyushu,kyushu,17.5,https://www.jepx.jp/_download.php?dir=spot_summary&file=spot_summary_2014.csv
2015-01-10,jepx-top8avg-kyushu,kyushu,15.76875,https://www.jepx.jp/_download.php?dir=spot_summary&file=spot_summary_2014.csv
2015-01-11,jepx-top8avg-kyushu,kyushu,16.3675,https://www.jepx.jp/_download.php?dir=spot_summary&file=spot_summary_2014.csv
2015-01-12,jepx-top8avg-kyushu,kyushu,16.57875,https://www.jepx.jp/_download.php?dir=spot_summary&file=spot_summary_2014.csv
2015-01-13,jepx-top8avg-kyushu,kyushu,16.76,https://www.jepx.jp/_download.php?dir=spot_summary&file=spot_summary_2014.csv
2015-01-14,jepx-top8avg-kyushu,kyushu,15.6275,https://www.jepx.jp/_download.php?dir=spot_summary&file=spot_summary_2014.csv
2015-01-15,jepx-top8avg-kyushu,kyushu,17.89625,https://www.jepx.jp/_download.php?dir=spot_summary&file=spot_summary_2014.csv
2015-01-16,jepx-top8avg-kyushu,kyushu,14.901250000000001,https://www.jepx.jp/_download.php?dir=spot_summary&file=spot_summary_2014.csv
2015-01-17,jepx-top8avg-kyushu,kyushu,15.62125,https://www.jepx.jp/_download.php?dir=spot_summary&file=spot_summary_2014.csv
2015-01-18,jepx-top8avg-kyushu,kyushu,14.855,https://www.jepx.jp/_download.php?dir=spot_summary&file=spot_summary_2014.csv
2015-01-19,jepx-top8avg-kyushu,kyushu,17.35625,https://www.jepx.jp/_download.php?dir=spot_summary&file=spot_summary_2014.csv
2015-01-20,jepx-top8avg-kyushu,kyushu,15.6575,https://www.jepx.jp/_download.php?dir=spot_summary&file=spot_summary_2014.csv
2015-01-21,jepx-top8avg-kyushu,kyushu,16.4775,https://www.jepx.jp/_download.php?dir=spot_summary&file=spot_summary_2014.csv
2015-01-22,jepx-top8avg-kyushu,kyushu,16.025000000000002,https://www.jepx.jp/_download.php?dir=spot_summary&file=spot_summary_2014.csv
2015-01-23,jepx-top8avg-kyushu,kyushu,15.0875,https://www.jepx.jp/_download.php?dir=spot_summary&file=spot_summary_2014.csv
2015-01-24,jepx-top8avg-kyushu,kyushu,13.03625,https://www.jepx.jp/_download.php?dir=spot_summary&file=spot_summary_2014.csv
2015-01-25,jepx-top8avg-kyushu,kyushu,12.493749999999999,https://www.jepx.jp/_download.php?dir=spot_summary&file=spot_summary_2014.csv
2015-01-26,jepx-top8avg-kyushu,kyushu,14.94,https://www.jepx.jp/_download.php?dir=spot_summary&file=spot_summary_2014.csv
2015-01-27,jepx-top8avg-kyushu,kyushu,13.475,https://www.jepx.jp/_download.php?dir=spot_summary&file=spot_summary_2014.csv
2015-01-28,jepx-top8avg-kyushu,kyushu,15.91375,https://www.jepx.jp/_download.php?dir=spot_summary&file=spot_summary_2014.csv
2015-01-29,jepx-top8avg-kyushu,kyushu,16.240000000000002,https://www.jepx.jp/_download.php?dir=spot_summary&file=spot_summary_2014.csv
2015-01-30,jepx-top8avg-kyushu,kyushu,20.1875,https://www.jepx.jp/_download.php?dir=spot_summary&file=spot_summary_2014.csv
2015-01-31,jepx-top8avg-kyushu,kyushu,13.3525,https://www.jepx.jp/_download.php?dir=spot_summary&file=spot_summary_2014.csv
2015-02-01,jepx-top8avg-kyushu,kyushu,13.132499999999999,https://www.jepx.jp/_download.php?dir=spot_summary&file=spot_summary_2014.csv
2015-02-02,jepx-top8avg-kyushu,kyushu,15.58625,https://www.jepx.jp/_download.php?dir=spot_summary&file=spot_summary_2014.csv
2015-02-03,jepx-top8avg-kyushu,kyushu,13.935,https://www.jepx.jp/_download.php?dir=spot_summary&file=spot_summary_2014.csv
2015-02-04,jepx-top8avg-kyushu,kyushu,13.72625,https://www.jepx.jp/_download.php?dir=spot_summary&file=spot_summary_2014.csv
2015-02-05,jepx-top8avg-kyushu,kyushu,13.99625,https://www.jepx.jp/_download.php?dir=spot_summary&file=spot_summary_2014.csv
2015-02-06,jepx-top8avg-kyushu,kyushu,13.92625,https://www.jepx.jp/_download.php?dir=spot_summary&file=spot_summary_2014.csv
2015-02-07,jepx-top8avg-kyushu,kyushu,13.120000000000001,https://www.jepx.jp/_download.php?dir=spot_summary&file=spot_summary_2014.csv
2015-02-08,jepx-top8avg-kyushu,kyushu,12.495000000000001,https://www.jepx.jp/_download.php?dir=spot_summary&file=spot_summary_2014.csv
2015-02-09,jepx-top8avg-kyushu,kyushu,16.0075,https://www.jepx.jp/_download.php?dir=spot_summary&file=spot_summary_2014.csv
2015-02-10,jepx-top8avg-kyushu,kyushu,14.861250000000002,https://www.jepx.jp/_download.php?dir=spot_summary&file=spot_summary_2014.csv
2015-02-11,jepx-top8avg-kyushu,kyushu,12.73375,https://www.jepx.jp/_download.php?dir=spot_summary&file=spot_summary_2014.csv
2015-02-12,jepx-top8avg-kyushu,kyushu,15.399999999999999,https://www.jepx.jp/_download.php?dir=spot_summary&file=spot_summary_2014.csv
2015-02-13,jepx-top8avg-kyushu,kyushu,14.888749999999998,https://www.jepx.jp/_download.php?dir=spot_summary&file=spot_summary_2014.csv
2015-02-14,jepx-top8avg-kyushu,kyushu,13.32125,https://www.jepx.jp/_download.php?dir=spot_summary&file=spot_summary_2014.csv
2015-02-15,jepx-top8avg-kyushu,kyushu,11.84,https://www.jepx.jp/_download.php?dir=spot_summary&file=spot_summary_2014.csv
2015-02-16,jepx-top8avg-kyushu,kyushu,16.23,https://www.jepx.jp/_download.php?dir=spot_summary&file=spot_summary_2014.csv
2015-02-17,jepx-top8avg-kyushu,kyushu,15.775000000000002,https://www.jepx.jp/_download.php?dir=spot_summary&file=spot_summary_2014.csv
2015-02-18,jepx-top8avg-kyushu,kyushu,17.2675,https://www.jepx.jp/_download.php?dir=spot_summary&file=spot_summary_2014.csv
2015-02-19,jepx-top8avg-kyushu,kyushu,14.954999999999998,https://www.jepx.jp/_download.php?dir=spot_summary&file=spot_summary_2014.csv
2015-02-20,jepx-top8avg-kyushu,kyushu,13.5075,https://www.jepx.jp/_download.php?dir=spot_summary&file=spot_summary_2014.csv
2015-02-21,jepx-top8avg-kyushu,kyushu,12.765,https://www.jepx.jp/_download.php?dir=spot_summary&file=spot_summary_2014.csv
2015-02-22,jepx-top8avg-kyushu,kyushu,12.14625,https://www.jepx.jp/_download.php?dir=spot_summary&file=spot_summary_2014.csv
2015-02-23,jepx-top8avg-kyushu,kyushu,14.06625,https://www.jepx.jp/_download.php?dir=spot_summary&file=spot_summary_2014.csv
2015-02-24,jepx-top8avg-kyushu,kyushu,13.5075,https://www.jepx.jp/_download.php?dir=spot_summary&file=spot_summary_2014.csv
2015-02-25,jepx-top8avg-kyushu,kyushu,13.61125,https://www.jepx.jp/_download.php?dir=spot_summary&file=spot_summary_2014.csv
2015-02-26,jepx-top8avg-kyushu,kyushu,16.611250000000002,https://www.jepx.jp/_download.php?dir=spot_summary&file=spot_summary_2014.csv
2015-02-27,jepx-top8avg-kyushu,kyushu,13.411249999999999,https://www.jepx.jp/_download.php?dir=spot_summary&file=spot_summary_2014.csv
2015-02-28,jepx-top8avg-kyushu,kyushu,12.985,https://www.jepx.jp/_download.php?dir=spot_summary&file=spot_summary_2014.csv
2015-03-01,jepx-top8avg-kyushu,kyushu,12.7575,https://www.jepx.jp/_download.php?dir=spot_summary&file=spot_summary_2014.csv
2015-03-02,jepx-top8avg-kyushu,kyushu,13.39875,https://www.jepx.jp/_download.php?dir=spot_summary&file=spot_summary_2014.csv
2015-03-03,jepx-top8avg-kyushu,kyushu,16.75625,https://www.jepx.jp/_download.php?dir=spot_summary&file=spot_summary_2014.csv
2015-03-04,jepx-top8avg-kyushu,kyushu,14.32125,https://www.jepx.jp/_download.php?dir=spot_summary&file=spot_summary_2014.csv
2015-03-05,jepx-top8avg-kyushu,kyushu,15.95125,https://www.jepx.jp/_download.php?dir=spot_summary&file=spot_summary_2014.csv
2015-03-06,jepx-top8avg-kyushu,kyushu,15.9075,https://www.jepx.jp/_download.php?dir=spot_summary&file=spot_summary_2014.csv
2015-03-07,jepx-top8avg-kyushu,kyushu,12.842500000000001,https://www.jepx.jp/_download.php?dir=spot_summary&file=spot_summary_2014.csv
2015-03-08,jepx-top8avg-kyushu,kyushu,12.66,https://www.jepx.jp/_download.php?dir=spot_summary&file=spot_summary_2014.csv
2015-03-09,jepx-top8avg-kyushu,kyushu,14.89,https://www.jepx.jp/_download.php?dir=spot_summary&file=spot_summary_2014.csv
2015-03-10,jepx-top8avg-kyushu,kyushu,21.27625,https://www.jepx.jp/_download.php?dir=spot_summary&file=spot_summary_2014.csv
2015-03-11,jepx-top8avg-kyushu,kyushu,21.369999999999997,https://www.jepx.jp/_download.php?dir=spot_summary&file=spot_summary_2014.csv
2015-03-12,jepx-top8avg-kyushu,kyushu,16.877499999999998,https://www.jepx.jp/_download.php?dir=spot_summary&file=spot_summary_2014.csv
2015-03-13,jepx-top8avg-kyushu,kyushu,16.55625,https://www.jepx.jp/_download.php?dir=spot_summary&file=spot_summary_2014.csv
2015-03-14,jepx-top8avg-kyushu,kyushu,13.053749999999999,https://www.jepx.jp/_download.php?dir=spot_summary&file=spot_summary_2014.csv
2015-03-15,jepx-top8avg-kyushu,kyushu,12.78,https://www.jepx.jp/_download.php?dir=spot_summary&file=spot_summary_2014.csv
2015-03-16,jepx-top8avg-kyushu,kyushu,15.47875,https://www.jepx.jp/_download.php?dir=spot_summary&file=spot_summary_2014.csv
2015-03-17,jepx-top8avg-kyushu,kyushu,12.8625,https://www.jepx.jp/_download.php?dir=spot_summary&file=spot_summary_2014.csv
2015-03-18,jepx-top8avg-kyushu,kyushu,12.9225,https://www.jepx.jp/_download.php?dir=spot_summary&file=spot_summary_2014.csv
2015-03-19,jepx-top8avg-kyushu,kyushu,13.771249999999998,https://www.jepx.jp/_download.php?dir=spot_summary&file=spot_summary_2014.csv
2015-03-20,jepx-top8avg-kyushu,kyushu,12.526250000000001,https://www.jepx.jp/_download.php?dir=spot_summary&file=spot_summary_2014.csv
2015-03-21,jepx-top8avg-kyushu,kyushu,11.5775,https://www.jepx.jp/_download.php?dir=spot_summary&file=spot_summary_2014.csv
2015-03-22,jepx-top8avg-kyushu,kyushu,11.655000000000001,https://www.jepx.jp/_download.php?dir=spot_summary&file=spot_summary_2014.csv
2015-03-23,jepx-top8avg-kyushu,kyushu,16.12,https://www.jepx.jp/_download.php?dir=spot_summary&file=spot_summary_2014.csv
2015-03-24,jepx-top8avg-kyushu,kyushu,16.0775,https://www.jepx.jp/_download.php?dir=spot_summary&file=spot_summary_2014.csv
2015-03-25,jepx-top8avg-kyushu,kyushu,15.51875,https://www.jepx.jp/_download.php?dir=spot_summary&file=spot_summary_2014.csv
2015-03-26,jepx-top8avg-kyushu,kyushu,14.04375,https://www.jepx.jp/_download.php?dir=spot_summary&file=spot_summary_2014.csv
2015-03-27,jepx-top8avg-kyushu,kyushu,12.333750000000002,https://www.jepx.jp/_download.php?dir=spot_summary&file=spot_summary_2014.csv
2015-03-28,jepx-top8avg-kyushu,kyushu,11.02125,https://www.jepx.jp/_download.php?dir=spot_summary&file=spot_summary_2014.csv
2015-03-29,jepx-top8avg-kyushu,kyushu,12.03875,https://www.jepx.jp/_download.php?dir=spot_summary&file=spot_summary_2014.csv
2015-03-30,jepx-top8avg-kyushu,kyushu,12.2775,https://www.jepx.jp/_download.php?dir=spot_summary&file=spot_summary_2014.csv
2015-03-31,jepx-top8avg-kyushu,kyushu,12.23125,https://www.jepx.jp/_download.php?dir=spot_summary&file=spot_summary_2014.csv
2015-04-01,jepx-top8avg-kyushu,kyushu,14.0975,https://www.jepx.jp/_download.php?dir=spot_summary&file=spot_summary_2015.csv
2015-04-02,jepx-top8avg-kyushu,kyushu,12.29875,https://www.jepx.jp/_download.php?dir=spot_summary&file=spot_summary_2015.csv
2015-04-03,jepx-top8avg-kyushu,kyushu,15.055,https://www.jepx.jp/_download.php?dir=spot_summary&file=spot_summary_2015.csv
2015-04-04,jepx-top8avg-kyushu,kyushu,12.146249999999998,https://www.jepx.jp/_download.php?dir=spot_summary&file=spot_summary_2015.csv
2015-04-05,jepx-top8avg-kyushu,kyushu,12.42625,https://www.jepx.jp/_download.php?dir=spot_summary&file=spot_summary_2015.csv
2015-04-06,jepx-top8avg-kyushu,kyushu,14.852500000000001,https://www.jepx.jp/_download.php?dir=spot_summary&file=spot_summary_2015.csv
2015-04-07,jepx-top8avg-kyushu,kyushu,16.13,https://www.jepx.jp/_download.php?dir=spot_summary&file=spot_summary_2015.csv
2015-04-08,jepx-top8avg-kyushu,kyushu,15.63,https://www.jepx.jp/_download.php?dir=spot_summary&file=spot_summary_2015.csv
2015-04-09,jepx-top8avg-kyushu,kyushu,15.252500000000001,https://www.jepx.jp/_download.php?dir=spot_summary&file=spot_summary_2015.csv
2015-04-10,jepx-top8avg-kyushu,kyushu,16.1,https://www.jepx.jp/_download.php?dir=spot_summary&file=spot_summary_2015.csv
2015-04-11,jepx-top8avg-kyushu,kyushu,11.5775,https://www.jepx.jp/_download.php?dir=spot_summary&file=spot_summary_2015.csv
2015-04-12,jepx-top8avg-kyushu,kyushu,11.50875,https://www.jepx.jp/_download.php?dir=spot_summary&file=spot_summary_2015.csv
2015-04-13,jepx-top8avg-kyushu,kyushu,14.25875,https://www.jepx.jp/_download.php?dir=spot_summary&file=spot_summary_2015.csv
2015-04-14,jepx-top8avg-kyushu,kyushu,14.395,https://www.jepx.jp/_download.php?dir=spot_summary&file=spot_summary_2015.csv
2015-04-15,jepx-top8avg-kyushu,kyushu,14.75,https://www.jepx.jp/_download.php?dir=spot_summary&file=spot_summary_2015.csv
2015-04-16,jepx-top8avg-kyushu,kyushu,13.58625,https://www.jepx.jp/_download.php?dir=spot_summary&file=spot_summary_2015.csv
2015-04-17,jepx-top8avg-kyushu,kyushu,13.24625,https://www.jepx.jp/_download.php?dir=spot_summary&file=spot_summary_2015.csv
2015-04-18,jepx-top8avg-kyushu,kyushu,11.20875,https://www.jepx.jp/_download.php?dir=spot_summary&file=spot_summary_2015.csv
2015-04-19,jepx-top8avg-kyushu,kyushu,11.525,https://www.jepx.jp/_download.php?dir=spot_summary&file=spot_summary_2015.csv
2015-04-20,jepx-top8avg-kyushu,kyushu,15.241249999999999,https://www.jepx.jp/_download.php?dir=spot_summary&file=spot_summary_2015.csv
2015-04-21,jepx-top8avg-kyushu,kyushu,14.97375,https://www.jepx.jp/_download.php?dir=spot_summary&file=spot_summary_2015.csv
2015-04-22,jepx-top8avg-kyushu,kyushu,14.06375,https://www.jepx.jp/_download.php?dir=spot_summary&file=spot_summary_2015.csv
2015-04-23,jepx-top8avg-kyushu,kyushu,11.98,https://www.jepx.jp/_download.php?dir=spot_summary&file=spot_summary_2015.csv
2015-04-24,jepx-top8avg-kyushu,kyushu,12.07,https://www.jepx.jp/_download.php?dir=spot_summary&file=spot_summary_2015.csv
2015-04-25,jepx-top8avg-kyushu,kyushu,11.71125,https://www.jepx.jp/_download.php?dir=spot_summary&file=spot_summary_2015.csv
2015-04-26,jepx-top8avg-kyushu,kyushu,11.01375,https://www.jepx.jp/_download.php?dir=spot_summary&file=spot_summary_2015.csv
2015-04-27,jepx-top8avg-kyushu,kyushu,11.31,https://www.jepx.jp/_download.php?dir=spot_summary&file=spot_summary_2015.csv
2015-04-28,jepx-top8avg-kyushu,kyushu,11.67375,https://www.jepx.jp/_download.php?dir=spot_summary&file=spot_summary_2015.csv
2015-04-29,jepx-top8avg-kyushu,kyushu,11.2325,https://www.jepx.jp/_download.php?dir=spot_summary&file=spot_summary_2015.csv
2015-04-30,jepx-top8avg-kyushu,kyushu,11.346250000000001,https://www.jepx.jp/_download.php?dir=spot_summary&file=spot_summary_2015.csv
2015-05-01,jepx-top8avg-kyushu,kyushu,11.22375,https://www.jepx.jp/_download.php?dir=spot_summary&file=spot_summary_2015.csv
2015-05-02,jepx-top8avg-kyushu,kyushu,10.701250000000002,https://www.jepx.jp/_download.php?dir=spot_summary&file=spot_summary_2015.csv
2015-05-03,jepx-top8avg-kyushu,kyushu,10.7675,https://www.jepx.jp/_download.php?dir=spot_summary&file=spot_summary_2015.csv
2015-05-04,jepx-top8avg-kyushu,kyushu,11.33,https://www.jepx.jp/_download.php?dir=spot_summary&file=spot_summary_2015.csv
2015-05-05,jepx-top8avg-kyushu,kyushu,11.28875,https://www.jepx.jp/_download.php?dir=spot_summary&file=spot_summary_2015.csv
2015-05-06,jepx-top8avg-kyushu,kyushu,10.94875,https://www.jepx.jp/_download.php?dir=spot_summary&file=spot_summary_2015.csv
2015-05-07,jepx-top8avg-kyushu,kyushu,11.925,https://www.jepx.jp/_download.php?dir=spot_summary&file=spot_summary_2015.csv
2015-05-08,jepx-top8avg-kyushu,kyushu,12.065000000000001,https://www.jepx.jp/_download.php?dir=spot_summary&file=spot_summary_2015.csv
2015-05-09,jepx-top8avg-kyushu,kyushu,11.09875,https://www.jepx.jp/_download.php?dir=spot_summary&file=spot_summary_2015.csv
2015-05-10,jepx-top8avg-kyushu,kyushu,10.4575,https://www.jepx.jp/_download.php?dir=spot_summary&file=spot_summary_2015.csv
2015-05-11,jepx-top8avg-kyushu,kyushu,12.935,https://www.jepx.jp/_download.php?dir=spot_summary&file=spot_summary_2015.csv
2015-05-12,jepx-top8avg-kyushu,kyushu,13.89,https://www.jepx.jp/_download.php?dir=spot_summary&file=spot_summary_2015.csv
2015-05-13,jepx-top8avg-kyushu,kyushu,12.133750000000001,https://www.jepx.jp/_download.php?dir=spot_summary&file=spot_summary_2015.csv
2015-05-14,jepx-top8avg-kyushu,kyushu,12.982500000000002,https://www.jepx.jp/_download.php?dir=spot_summary&file=spot_summary_2015.csv
2015-05-15,jepx-top8avg-kyushu,kyushu,13.5475,https://www.jepx.jp/_download.php?dir=spot_summary&file=spot_summary_2015.csv
2015-05-16,jepx-top8avg-kyushu,kyushu,12.721250000000001,https://www.jepx.jp/_download.php?dir=spot_summary&file=spot_summary_2015.csv
2015-05-17,jepx-top8avg-kyushu,kyushu,11.923750000000002,https://www.jepx.jp/_download.php?dir=spot_summary&file=spot_summary_2015.csv
2015-05-18,jepx-top8avg-kyushu,kyushu,14.335,https://www.jepx.jp/_download.php?dir=spot_summary&file=spot_summary_2015.csv
2015-05-19,jepx-top8avg-kyushu,kyushu,16.052500000000002,https://www.jepx.jp/_download.php?dir=spot_summary&file=spot_summary_2015.csv
2015-05-20,jepx-top8avg-kyushu,kyushu,14.28875,https://www.jepx.jp/_download.php?dir=spot_summary&file=spot_summary_2015.csv
2015-05-21,jepx-top8avg-kyushu,kyushu,13.7725,https://www.jepx.jp/_download.php?dir=spot_summary&file=spot_summary_2015.csv
2015-05-22,jepx-top8avg-kyushu,kyushu,14.091249999999999,https://www.jepx.jp/_download.php?dir=spot_summary&file=spot_summary_2015.csv
2015-05-23,jepx-top8avg-kyushu,kyushu,12.865,https://www.jepx.jp/_download.php?dir=spot_summary&file=spot_summary_2015.csv
2015-05-24,jepx-top8avg-kyushu,kyushu,12.208749999999998,https://www.jepx.jp/_download.php?dir=spot_summary&file=spot_summary_2015.csv
2015-05-25,jepx-top8avg-kyushu,kyushu,13.995000000000001,https://www.jepx.jp/_download.php?dir=spot_summary&file=spot_summary_2015.csv
2015-05-26,jepx-top8avg-kyushu,kyushu,15.095,https://www.jepx.jp/_download.php?dir=spot_summary&file=spot_summary_2015.csv
2015-05-27,jepx-top8avg-kyushu,kyushu,15.89625,https://www.jepx.jp/_download.php?dir=spot_summary&file=spot_summary_2015.csv
2015-05-28,jepx-top8avg-kyushu,kyushu,15.565000000000001,https://www.jepx.jp/_download.php?dir=spot_summary&file=spot_summary_2015.csv
2015-05-29,jepx-top8avg-kyushu,kyushu,15.9825,https://www.jepx.jp/_download.php?dir=spot_summary&file=spot_summary_2015.csv
2015-05-30,jepx-top8avg-kyushu,kyushu,12.82,https://www.jepx.jp/_download.php?dir=spot_summary&file=spot_summary_2015.csv
2015-05-31,jepx-top8avg-kyushu,kyushu,12.07,https://www.jepx.jp/_download.php?dir=spot_summary&file=spot_summary_2015.csv
2015-06-01,jepx-top8avg-kyushu,kyushu,16.18,https://www.jepx.jp/_download.php?dir=spot_summary&file=spot_summary_2015.csv
2015-06-02,jepx-top8avg-kyushu,kyushu,16.528750000000002,https://www.jepx.jp/_download.php?dir=spot_summary&file=spot_summary_2015.csv
2015-06-03,jepx-top8avg-kyushu,kyushu,18.28,https://www.jepx.jp/_download.php?dir=spot_summary&file=spot_summary_2015.csv
2015-06-04,jepx-top8avg-kyushu,kyushu,14.978749999999998,https://www.jepx.jp/_download.php?dir=spot_summary&file=spot_summary_2015.csv
2015-06-05,jepx-top8avg-kyushu,kyushu,17.06125,https://www.jepx.jp/_download.php?dir=spot_summary&file=spot_summary_2015.csv
2015-06-06,jepx-top8avg-kyushu,kyushu,12.182500000000001,https://www.jepx.jp/_download.php?dir=spot_summary&file=spot_summary_2015.csv
2015-06-07,jepx-top8avg-kyushu,kyushu,12.28125,https://www.jepx.jp/_download.php?dir=spot_summary&file=spot_summary_2015.csv
2015-06-08,jepx-top8avg-kyushu,kyushu,18.325000000000003,https://www.jepx.jp/_download.php?dir=spot_summary&file=spot_summary_2015.csv
2015-06-09,jepx-top8avg-kyushu,kyushu,18.3,https://www.jepx.jp/_download.php?dir=spot_summary&file=spot_summary_2015.csv
2015-06-10,jepx-top8avg-kyushu,kyushu,16.7875,https://www.jepx.jp/_download.php?dir=spot_summary&file=spot_summary_2015.csv
2015-06-11,jepx-top8avg-kyushu,kyushu,14.93125,https://www.jepx.jp/_download.php?dir=spot_summary&file=spot_summary_2015.csv
2015-06-12,jepx-top8avg-kyushu,kyushu,14.94,https://www.jepx.jp/_download.php?dir=spot_summary&file=spot_summary_2015.csv
2015-06-13,jepx-top8avg-kyushu,kyushu,12.88625,https://www.jepx.jp/_download.php?dir=spot_summary&file=spot_summary_2015.csv
2015-06-14,jepx-top8avg-kyushu,kyushu,11.80375,https://www.jepx.jp/_download.php?dir=spot_summary&file=spot_summary_2015.csv
2015-06-15,jepx-top8avg-kyushu,kyushu,18.04875,https://www.jepx.jp/_download.php?dir=spot_summary&file=spot_summary_2015.csv
2015-06-16,jepx-top8avg-kyushu,kyushu,14.19625,https://www.jepx.jp/_download.php?dir=spot_summary&file=spot_summary_2015.csv
2015-06-17,jepx-top8avg-kyushu,kyushu,14.7725,https://www.jepx.jp/_download.php?dir=spot_summary&file=spot_summary_2015.csv
2015-06-18,jepx-top8avg-kyushu,kyushu,13.889999999999999,https://www.jepx.jp/_download.php?dir=spot_summary&file=spot_summary_2015.csv
2015-06-19,jepx-top8avg-kyushu,kyushu,13.94125,https://www.jepx.jp/_download.php?dir=spot_summary&file=spot_summary_2015.csv
2015-06-20,jepx-top8avg-kyushu,kyushu,11.446250000000001,https://www.jepx.jp/_download.php?dir=spot_summary&file=spot_summary_2015.csv
2015-06-21,jepx-top8avg-kyushu,kyushu,11.75625,https://www.jepx.jp/_download.php?dir=spot_summary&file=spot_summary_2015.csv
2015-06-22,jepx-top8avg-kyushu,kyushu,13.86,https://www.jepx.jp/_download.php?dir=spot_summary&file=spot_summary_2015.csv
2015-06-23,jepx-top8avg-kyushu,kyushu,13.86,https://www.jepx.jp/_download.php?dir=spot_summary&file=spot_summary_2015.csv
2015-06-24,jepx-top8avg-kyushu,kyushu,13.958749999999998,https://www.jepx.jp/_download.php?dir=spot_summary&file=spot_summary_2015.csv
2015-06-25,jepx-top8avg-kyushu,kyushu,14.317499999999999,https://www.jepx.jp/_download.php?dir=spot_summary&file=spot_summary_2015.csv
2015-06-26,jepx-top8avg-kyushu,kyushu,14.50875,https://www.jepx.jp/_download.php?dir=spot_summary&file=spot_summary_2015.csv
2015-06-27,jepx-top8avg-kyushu,kyushu,12.20875,https://www.jepx.jp/_download.php?dir=spot_summary&file=spot_summary_2015.csv
2015-06-28,jepx-top8avg-kyushu,kyushu,12.30375,https://www.jepx.jp/_download.php?dir=spot_summary&file=spot_summary_2015.csv
2015-06-29,jepx-top8avg-kyushu,kyushu,14.3875,https://www.jepx.jp/_download.php?dir=spot_summary&file=spot_summary_2015.csv
2015-06-30,jepx-top8avg-kyushu,kyushu,13.817499999999999,https://www.jepx.jp/_download.php?dir=spot_summary&file=spot_summary_2015.csv
2015-07-01,jepx-top8avg-kyushu,kyushu,13.7225,https://www.jepx.jp/_download.php?dir=spot_summary&file=spot_summary_2015.csv
2015-07-02,jepx-top8avg-kyushu,kyushu,13.91625,https://www.jepx.jp/_download.php?dir=spot_summary&file=spot_summary_2015.csv
2015-07-03,jepx-top8avg-kyushu,kyushu,13.51125,https://www.jepx.jp/_download.php?dir=spot_summary&file=spot_summary_2015.csv
2015-07-04,jepx-top8avg-kyushu,kyushu,10.2525,https://www.jepx.jp/_download.php?dir=spot_summary&file=spot_summary_2015.csv
2015-07-05,jepx-top8avg-kyushu,kyushu,9.51125,https://www.jepx.jp/_download.php?dir=spot_summary&file=spot_summary_2015.csv
2015-07-06,jepx-top8avg-kyushu,kyushu,13.82,https://www.jepx.jp/_download.php?dir=spot_summary&file=spot_summary_2015.csv
2015-07-07,jepx-top8avg-kyushu,kyushu,13.607499999999998,https://www.jepx.jp/_download.php?dir=spot_summary&file=spot_summary_2015.csv
2015-07-08,jepx-top8avg-kyushu,kyushu,13.2975,https://www.jepx.jp/_download.php?dir=spot_summary&file=spot_summary_2015.csv
2015-07-09,jepx-top8avg-kyushu,kyushu,13.735,https://www.jepx.jp/_download.php?dir=spot_summary&file=spot_summary_2015.csv
2015-07-10,jepx-top8avg-kyushu,kyushu,13.752500000000001,https://www.jepx.jp/_download.php?dir=spot_summary&file=spot_summary_2015.csv
2015-07-11,jepx-top8avg-kyushu,kyushu,11.56,https://www.jepx.jp/_download.php?dir=spot_summary&file=spot_summary_2015.csv
2015-07-12,jepx-top8avg-kyushu,kyushu,9.20875,https://www.jepx.jp/_download.php?dir=spot_summary&file=spot_summary_2015.csv
2015-07-13,jepx-top8avg-kyushu,kyushu,17.088749999999997,https://www.jepx.jp/_download.php?dir=spot_summary&file=spot_summary_2015.csv
2015-07-14,jepx-top8avg-kyushu,kyushu,17.97,https://www.jepx.jp/_download.php?dir=spot_summary&file=spot_summary_2015.csv
2015-07-15,jepx-top8avg-kyushu,kyushu,15.435,https://www.jepx.jp/_download.php?dir=spot_summary&file=spot_summary_2015.csv
2015-07-16,jepx-top8avg-kyushu,kyushu,16.013749999999998,https://www.jepx.jp/_download.php?dir=spot_summary&file=spot_summary_2015.csv
2015-07-17,jepx-top8avg-kyushu,kyushu,25.302500000000002,https://www.jepx.jp/_download.php?dir=spot_summary&file=spot_summary_2015.csv
2015-07-18,jepx-top8avg-kyushu,kyushu,12.067499999999999,https://www.jepx.jp/_download.php?dir=spot_summary&file=spot_summary_2015.csv
2015-07-19,jepx-top8avg-kyushu,kyushu,11.95875,https://www.jepx.jp/_download.php?dir=spot_summary&file=spot_summary_2015.csv
2015-07-20,jepx-top8avg-kyushu,kyushu,12.86625,https://www.jepx.jp/_download.php?dir=spot_summary&file=spot_summary_2015.csv
2015-07-21,jepx-top8avg-kyushu,kyushu,16.31625,https://www.jepx.jp/_download.php?dir=spot_summary&file=spot_summary_2015.csv
2015-07-22,jepx-top8avg-kyushu,kyushu,16.72,https://www.jepx.jp/_download.php?dir=spot_summary&file=spot_summary_2015.csv
2015-07-23,jepx-top8avg-kyushu,kyushu,15.77625,https://www.jepx.jp/_download.php?dir=spot_summary&file=spot_summary_2015.csv
2015-07-24,jepx-top8avg-kyushu,kyushu,14.033750000000001,https://www.jepx.jp/_download.php?dir=spot_summary&file=spot_summary_2015.csv
2015-07-25,jepx-top8avg-kyushu,kyushu,11.915,https://www.jepx.jp/_download.php?dir=spot_summary&file=spot_summary_2015.csv
2015-07-26,jepx-top8avg-kyushu,kyushu,11.68625,https://www.jepx.jp/_download.php?dir=spot_summary&file=spot_summary_2015.csv
2015-07-27,jepx-top8avg-kyushu,kyushu,15.965,https://www.jepx.jp/_download.php?dir=spot_summary&file=spot_summary_2015.csv
2015-07-28,jepx-top8avg-kyushu,kyushu,16.67,https://www.jepx.jp/_download.php?dir=spot_summary&file=spot_summary_2015.csv
2015-07-29,jepx-top8avg-kyushu,kyushu,13.98875,https://www.jepx.jp/_download.php?dir=spot_summary&file=spot_summary_2015.csv
2015-07-30,jepx-top8avg-kyushu,kyushu,14.30125,https://www.jepx.jp/_download.php?dir=spot_summary&file=spot_summary_2015.csv
2015-07-31,jepx-top8avg-kyushu,kyushu,16.67,https://www.jepx.jp/_download.php?dir=spot_summary&file=spot_summary_2015.csv
2015-08-01,jepx-top8avg-kyushu,kyushu,12.21125,https://www.jepx.jp/_download.php?dir=spot_summary&file=spot_summary_2015.csv
2015-08-02,jepx-top8avg-kyushu,kyushu,12.493749999999999,https://www.jepx.jp/_download.php?dir=spot_summary&file=spot_summary_2015.csv
2015-08-03,jepx-top8avg-kyushu,kyushu,17.7,https://www.jepx.jp/_download.php?dir=spot_summary&file=spot_summary_2015.csv
2015-08-04,jepx-top8avg-kyushu,kyushu,23.6875,https://www.jepx.jp/_download.php?dir=spot_summary&file=spot_summary_2015.csv
2015-08-05,jepx-top8avg-kyushu,kyushu,18.37,https://www.jepx.jp/_download.php?dir=spot_summary&file=spot_summary_2015.csv
2015-08-06,jepx-top8avg-kyushu,kyushu,21.981250000000003,https://www.jepx.jp/_download.php?dir=spot_summary&file=spot_summary_2015.csv
2015-08-07,jepx-top8avg-kyushu,kyushu,29.06625,https://www.jepx.jp/_download.php?dir=spot_summary&file=spot_summary_2015.csv
2015-08-08,jepx-top8avg-kyushu,kyushu,13.7,https://www.jepx.jp/_download.php?dir=spot_summary&file=spot_summary_2015.csv
2015-08-09,jepx-top8avg-kyushu,kyushu,12.36375,https://www.jepx.jp/_download.php?dir=spot_summary&file=spot_summary_2015.csv
2015-08-10,jepx-top8avg-kyushu,kyushu,15.17,https://www.jepx.jp/_download.php?dir=spot_summary&file=spot_summary_2015.csv
2015-08-11,jepx-top8avg-kyushu,kyushu,16.1725,https://www.jepx.jp/_download.php?dir=spot_summary&file=spot_summary_2015.csv
2015-08-12,jepx-top8avg-kyushu,kyushu,13.8475,https://www.jepx.jp/_download.php?dir=spot_summary&file=spot_summary_2015.csv
2015-08-13,jepx-top8avg-kyushu,kyushu,12.157499999999999,https://www.jepx.jp/_download.php?dir=spot_summary&file=spot_summary_2015.csv
2015-08-14,jepx-top8avg-kyushu,kyushu,11.515,https://www.jepx.jp/_download.php?dir=spot_summary&file=spot_summary_2015.csv
2015-08-15,jepx-top8avg-kyushu,kyushu,11.26875,https://www.jepx.jp/_download.php?dir=spot_summary&file=spot_summary_2015.csv
2015-08-16,jepx-top8avg-kyushu,kyushu,11.2575,https://www.jepx.jp/_download.php?dir=spot_summary&file=spot_summary_2015.csv
2015-08-17,jepx-top8avg-kyushu,kyushu,14.625,https://www.jepx.jp/_download.php?dir=spot_summary&file=spot_summary_2015.csv
2015-08-18,jepx-top8avg-kyushu,kyushu,14.2,https://www.jepx.jp/_download.php?dir=spot_summary&file=spot_summary_2015.csv
2015-08-19,jepx-top8avg-kyushu,kyushu,14.2,https://www.jepx.jp/_download.php?dir=spot_summary&file=spot_summary_2015.csv
2015-08-20,jepx-top8avg-kyushu,kyushu,14.0,https://www.jepx.jp/_download.php?dir=spot_summary&file=spot_summary_2015.csv
2015-08-21,jepx-top8avg-kyushu,kyushu,14.10375,https://www.jepx.jp/_download.php?dir=spot_summary&file=spot_summary_2015.csv
2015-08-22,jepx-top8avg-kyushu,kyushu,11.3425,https://www.jepx.jp/_download.php?dir=spot_summary&file=spot_summary_2015.csv
2015-08-23,jepx-top8avg-kyushu,kyushu,11.60875,https://www.jepx.jp/_download.php?dir=spot_summary&file=spot_summary_2015.csv
2015-08-24,jepx-top8avg-kyushu,kyushu,14.19,https://www.jepx.jp/_download.php?dir=spot_summary&file=spot_summary_2015.csv
2015-08-25,jepx-top8avg-kyushu,kyushu,12.39375,https://www.jepx.jp/_download.php?dir=spot_summary&file=spot_summary_2015.csv
2015-08-26,jepx-top8avg-kyushu,kyushu,11.36125,https://www.jepx.jp/_download.php?dir=spot_summary&file=spot_summary_2015.csv
2015-08-27,jepx-top8avg-kyushu,kyushu,12.8675,https://www.jepx.jp/_download.php?dir=spot_summary&file=spot_summary_2015.csv
2015-08-28,jepx-top8avg-kyushu,kyushu,10.5,https://www.jepx.jp/_download.php?dir=spot_summary&file=spot_summary_2015.csv
2015-08-29,jepx-top8avg-kyushu,kyushu,9.01,https://www.jepx.jp/_download.php?dir=spot_summary&file=spot_summary_2015.csv
2015-08-30,jepx-top8avg-kyushu,kyushu,8.7,https://www.jepx.jp/_download.php?dir=spot_summary&file=spot_summary_2015.csv
2015-08-31,jepx-top8avg-kyushu,kyushu,12.5,https://www.jepx.jp/_download.php?dir=spot_summary&file=spot_summary_2015.csv
2015-09-01,jepx-top8avg-kyushu,kyushu,11.52125,https://www.jepx.jp/_download.php?dir=spot_summary&file=spot_summary_2015.csv
2015-09-02,jepx-top8avg-kyushu,kyushu,10.36,https://www.jepx.jp/_download.php?dir=spot_summary&file=spot_summary_2015.csv
2015-09-03,jepx-top8avg-kyushu,kyushu,11.80625,https://www.jepx.jp/_download.php?dir=spot_summary&file=spot_summary_2015.csv
2015-09-04,jepx-top8avg-kyushu,kyushu,10.407499999999999,https://www.jepx.jp/_download.php?dir=spot_summary&file=spot_summary_2015.csv
2015-09-05,jepx-top8avg-kyushu,kyushu,6.41,https://www.jepx.jp/_download.php?dir=spot_summary&file=spot_summary_2015.csv
2015-09-06,jepx-top8avg-kyushu,kyushu,4.9175,https://www.jepx.jp/_download.php?dir=spot_summary&file=spot_summary_2015.csv
2015-09-07,jepx-top8avg-kyushu,kyushu,11.4375,https://www.jepx.jp/_download.php?dir=spot_summary&file=spot_summary_2015.csv
2015-09-08,jepx-top8avg-kyushu,kyushu,11.4625,https://www.jepx.jp/_download.php?dir=spot_summary&file=spot_summary_2015.csv
2015-09-09,jepx-top8avg-kyushu,kyushu,11.805,https://www.jepx.jp/_download.php?dir=spot_summary&file=spot_summary_2015.csv
2015-09-10,jepx-top8avg-kyushu,kyushu,9.99375,https://www.jepx.jp/_download.php?dir=spot_summary&file=spot_summary_2015.csv
2015-09-11,jepx-top8avg-kyushu,kyushu,8.2625,https://www.jepx.jp/_download.php?dir=spot_summary&file=spot_summary_2015.csv
2015-09-12,jepx-top8avg-kyushu,kyushu,6.545,https://www.jepx.jp/_download.php?dir=spot_summary&file=spot_summary_2015.csv
2015-09-13,jepx-top8avg-kyushu,kyushu,6.29,https://www.jepx.jp/_download.php?dir=spot_summary&file=spot_summary_2015.csv
2015-09-14,jepx-top8avg-kyushu,kyushu,10.06875,https://www.jepx.jp/_download.php?dir=spot_summary&file=spot_summary_2015.csv
2015-09-15,jepx-top8avg-kyushu,kyushu,10.4525,https://www.jepx.jp/_download.php?dir=spot_summary&file=spot_summary_2015.csv
2015-09-16,jepx-top8avg-kyushu,kyushu,11.1775,https://www.jepx.jp/_download.php?dir=spot_summary&file=spot_summary_2015.csv
2015-09-17,jepx-top8avg-kyushu,kyushu,11.364999999999998,https://www.jepx.jp/_download.php?dir=spot_summary&file=spot_summary_2015.csv
2015-09-18,jepx-top8avg-kyushu,kyushu,7.915,https://www.jepx.jp/_download.php?dir=spot_summary&file=spot_summary_2015.csv
2015-09-19,jepx-top8avg-kyushu,kyushu,6.4,https://www.jepx.jp/_download.php?dir=spot_summary&file=spot_summary_2015.csv
2015-09-20,jepx-top8avg-kyushu,kyushu,5.98375,https://www.jepx.jp/_download.php?dir=spot_summary&file=spot_summary_2015.csv
2015-09-21,jepx-top8avg-kyushu,kyushu,5.66125,https://www.jepx.jp/_download.php?dir=spot_summary&file=spot_summary_2015.csv
2015-09-22,jepx-top8avg-kyushu,kyushu,6.7775,https://www.jepx.jp/_download.php?dir=spot_summary&file=spot_summary_2015.csv
2015-09-23,jepx-top8avg-kyushu,kyushu,8.96875,https://www.jepx.jp/_download.php?dir=spot_summary&file=spot_summary_2015.csv
2015-09-24,jepx-top8avg-kyushu,kyushu,11.126249999999999,https://www.jepx.jp/_download.php?dir=spot_summary&file=spot_summary_2015.csv
2015-09-25,jepx-top8avg-kyushu,kyushu,11.2725,https://www.jepx.jp/_download.php?dir=spot_summary&file=spot_summary_2015.csv
2015-09-26,jepx-top8avg-kyushu,kyushu,8.969999999999999,https://www.jepx.jp/_download.php?dir=spot_summary&file=spot_summary_2015.csv
2015-09-27,jepx-top8avg-kyushu,kyushu,8.559999999999999,https://www.jepx.jp/_download.php?dir=spot_summary&file=spot_summary_2015.csv
2015-09-28,jepx-top8avg-kyushu,kyushu,12.372499999999999,https://www.jepx.jp/_download.php?dir=spot_summary&file=spot_summary_2015.csv
2015-09-29,jepx-top8avg-kyushu,kyushu,12.5875,https://www.jepx.jp/_download.php?dir=spot_summary&file=spot_summary_2015.csv
2015-09-30,jepx-top8avg-kyushu,kyushu,12.254999999999999,https://www.jepx.jp/_download.php?dir=spot_summary&file=spot_summary_2015.csv
2015-10-01,jepx-top8avg-kyushu,kyushu,12.427499999999998,https://www.jepx.jp/_download.php?dir=spot_summary&file=spot_summary_2015.csv
2015-10-02,jepx-top8avg-kyushu,kyushu,10.602500000000001,https://www.jepx.jp/_download.php?dir=spot_summary&file=spot_summary_2015.csv
2015-10-03,jepx-top8avg-kyushu,kyushu,9.13625,https://www.jepx.jp/_download.php?dir=spot_summary&file=spot_summary_2015.csv
2015-10-04,jepx-top8avg-kyushu,kyushu,8.833749999999998,https://www.jepx.jp/_download.php?dir=spot_summary&file=spot_summary_2015.csv
2015-10-05,jepx-top8avg-kyushu,kyushu,10.771249999999998,https://www.jepx.jp/_download.php?dir=spot_summary&file=spot_summary_2015.csv
2015-10-06,jepx-top8avg-kyushu,kyushu,11.0025,https://www.jepx.jp/_download.php?dir=spot_summary&file=spot_summary_2015.csv
2015-10-07,jepx-top8avg-kyushu,kyushu,11.073749999999999,https://www.jepx.jp/_download.php?dir=spot_summary&file=spot_summary_2015.csv
2015-10-08,jepx-top8avg-kyushu,kyushu,11.095,https://www.jepx.jp/_download.php?dir=spot_summary&file=spot_summary_2015.csv
2015-10-09,jepx-top8avg-kyushu,kyushu,11.177499999999998,https://www.jepx.jp/_download.php?dir=spot_summary&file=spot_summary_2015.csv
2015-10-10,jepx-top8avg-kyushu,kyushu,9.7975,https://www.jepx.jp/_download.php?dir=spot_summary&file=spot_summary_2015.csv
2015-10-11,jepx-top8avg-kyushu,kyushu,9.587499999999999,https://www.jepx.jp/_download.php?dir=spot_summary&file=spot_summary_2015.csv
2015-10-12,jepx-top8avg-kyushu,kyushu,9.392499999999998,https://www.jepx.jp/_download.php?dir=spot_summary&file=spot_summary_2015.csv
2015-10-13,jepx-top8avg-kyushu,kyushu,11.21625,https://www.jepx.jp/_download.php?dir=spot_summary&file=spot_summary_2015.csv
2015-10-14,jepx-top8avg-kyushu,kyushu,12.072500000000002,https://www.jepx.jp/_download.php?dir=spot_summary&file=spot_summary_2015.csv
2015-10-15,jepx-top8avg-kyushu,kyushu,11.466249999999999,https://www.jepx.jp/_download.php?dir=spot_summary&file=spot_summary_2015.csv
2015-10-16,jepx-top8avg-kyushu,kyushu,11.51625,https://www.jepx.jp/_download.php?dir=spot_summary&file=spot_summary_2015.csv
2015-10-17,jepx-top8avg-kyushu,kyushu,9.132499999999999,https://www.jepx.jp/_download.php?dir=spot_summary&file=spot_summary_2015.csv
2015-10-18,jepx-top8avg-kyushu,kyushu,9.049999999999999,https://www.jepx.jp/_download.php?dir=spot_summary&file=spot_summary_2015.csv
2015-10-19,jepx-top8avg-kyushu,kyushu,11.138750000000002,https://www.jepx.jp/_download.php?dir=spot_summary&file=spot_summary_2015.csv
2015-10-20,jepx-top8avg-kyushu,kyushu,11.07625,https://www.jepx.jp/_download.php?dir=spot_summary&file=spot_summary_2015.csv
2015-10-21,jepx-top8avg-kyushu,kyushu,11.841249999999999,https://www.jepx.jp/_download.php?dir=spot_summary&file=spot_summary_2015.csv
2015-10-22,jepx-top8avg-kyushu,kyushu,12.41875,https://www.jepx.jp/_download.php?dir=spot_summary&file=spot_summary_2015.csv
2015-10-23,jepx-top8avg-kyushu,kyushu,12.36625,https://www.jepx.jp/_download.php?dir=spot_summary&file=spot_summary_2015.csv
2015-10-24,jepx-top8avg-kyushu,kyushu,11.14125,https://www.jepx.jp/_download.php?dir=spot_summary&file=spot_summary_2015.csv
2015-10-25,jepx-top8avg-kyushu,kyushu,9.896249999999998,https://www.jepx.jp/_download.php?dir=spot_summary&file=spot_summary_2015.csv
2015-10-26,jepx-top8avg-kyushu,kyushu,13.85125,https://www.jepx.jp/_download.php?dir=spot_summary&file=spot_summary_2015.csv
2015-10-27,jepx-top8avg-kyushu,kyushu,15.844999999999999,https://www.jepx.jp/_download.php?dir=spot_summary&file=spot_summary_2015.csv
2015-10-28,jepx-top8avg-kyushu,kyushu,13.19375,https://www.jepx.jp/_download.php?dir=spot_summary&file=spot_summary_2015.csv
2015-10-29,jepx-top8avg-kyushu,kyushu,12.42,https://www.jepx.jp/_download.php?dir=spot_summary&file=spot_summary_2015.csv
2015-10-30,jepx-top8avg-kyushu,kyushu,12.0275,https://www.jepx.jp/_download.php?dir=spot_summary&file=spot_summary_2015.csv
2015-10-31,jepx-top8avg-kyushu,kyushu,9.5425,https://www.jepx.jp/_download.php?dir=spot_summary&file=spot_summary_2015.csv
2015-11-01,jepx-top8avg-kyushu,kyushu,9.877500000000001,https://www.jepx.jp/_download.php?dir=spot_summary&file=spot_summary_2015.csv
2015-11-02,jepx-top8avg-kyushu,kyushu,12.03125,https://www.jepx.jp/_download.php?dir=spot_summary&file=spot_summary_2015.csv
2015-11-03,jepx-top8avg-kyushu,kyushu,9.98125,https://www.jepx.jp/_download.php?dir=spot_summary&file=spot_summary_2015.csv
2015-11-04,jepx-top8avg-kyushu,kyushu,11.955000000000002,https://www.jepx.jp/_download.php?dir=spot_summary&file=spot_summary_2015.csv
2015-11-05,jepx-top8avg-kyushu,kyushu,12.09375,https://www.jepx.jp/_download.php?dir=spot_summary&file=spot_summary_2015.csv
2015-11-06,jepx-top8avg-kyushu,kyushu,12.188749999999999,https://www.jepx.jp/_download.php?dir=spot_summary&file=spot_summary_2015.csv
2015-11-07,jepx-top8avg-kyushu,kyushu,10.432500000000001,https://www.jepx.jp/_download.php?dir=spot_summary&file=spot_summary_2015.csv
2015-11-08,jepx-top8avg-kyushu,kyushu,10.08375,https://www.jepx.jp/_download.php?dir=spot_summary&file=spot_summary_2015.csv
2015-11-09,jepx-top8avg-kyushu,kyushu,12.1625,https://www.jepx.jp/_download.php?dir=spot_summary&file=spot_summary_2015.csv
2015-11-10,jepx-top8avg-kyushu,kyushu,11.6825,https://www.jepx.jp/_download.php?dir=spot_summary&file=spot_summary_2015.csv
2015-11-11,jepx-top8avg-kyushu,kyushu,12.445,https://www.jepx.jp/_download.php?dir=spot_summary&file=spot_summary_2015.csv
2015-11-12,jepx-top8avg-kyushu,kyushu,12.75875,https://www.jepx.jp/_download.php?dir=spot_summary&file=spot_summary_2015.csv
2015-11-13,jepx-top8avg-kyushu,kyushu,13.00875,https://www.jepx.jp/_download.php?dir=spot_summary&file=spot_summary_2015.csv
2015-11-14,jepx-top8avg-kyushu,kyushu,9.896249999999998,https://www.jepx.jp/_download.php?dir=spot_summary&file=spot_summary_2015.csv
2015-11-15,jepx-top8avg-kyushu,kyushu,9.855,https://www.jepx.jp/_download.php?dir=spot_summary&file=spot_summary_2015.csv
2015-11-16,jepx-top8avg-kyushu,kyushu,12.9775,https://www.jepx.jp/_download.php?dir=spot_summary&file=spot_summary_2015.csv
2015-11-17,jepx-top8avg-kyushu,kyushu,13.20625,https://www.jepx.jp/_download.php?dir=spot_summary&file=spot_summary_2015.csv
2015-11-18,jepx-top8avg-kyushu,kyushu,14.473749999999999,https://www.jepx.jp/_download.php?dir=spot_summary&file=spot_summary_2015.csv
2015-11-19,jepx-top8avg-kyushu,kyushu,11.9125,https://www.jepx.jp/_download.php?dir=spot_summary&file=spot_summary_2015.csv
2015-11-20,jepx-top8avg-kyushu,kyushu,12.254999999999999,https://www.jepx.jp/_download.php?dir=spot_summary&file=spot_summary_2015.csv
2015-11-21,jepx-top8avg-kyushu,kyushu,9.42125,https://www.jepx.jp/_download.php?dir=spot_summary&file=spot_summary_2015.csv
2015-11-22,jepx-top8avg-kyushu,kyushu,8.78125,https://www.jepx.jp/_download.php?dir=spot_summary&file=spot_summary_2015.csv
2015-11-23,jepx-top8avg-kyushu,kyushu,8.97375,https://www.jepx.jp/_download.php?dir=spot_summary&file=spot_summary_2015.csv
2015-11-24,jepx-top8avg-kyushu,kyushu,10.247499999999999,https://www.jepx.jp/_download.php?dir=spot_summary&file=spot_summary_2015.csv
2015-11-25,jepx-top8avg-kyushu,kyushu,12.7575,https://www.jepx.jp/_download.php?dir=spot_summary&file=spot_summary_2015.csv
2015-11-26,jepx-top8avg-kyushu,kyushu,10.35125,https://www.jepx.jp/_download.php?dir=spot_summary&file=spot_summary_2015.csv
2015-11-27,jepx-top8avg-kyushu,kyushu,10.46875,https://www.jepx.jp/_download.php?dir=spot_summary&file=spot_summary_2015.csv
2015-11-28,jepx-top8avg-kyushu,kyushu,9.186250000000001,https://www.jepx.jp/_download.php?dir=spot_summary&file=spot_summary_2015.csv
2015-11-29,jepx-top8avg-kyushu,kyushu,8.62,https://www.jepx.jp/_download.php?dir=spot_summary&file=spot_summary_2015.csv
2015-11-30,jepx-top8avg-kyushu,kyushu,10.935,https://www.jepx.jp/_download.php?dir=spot_summary&file=spot_summary_2015.csv
2015-12-01,jepx-top8avg-kyushu,kyushu,9.931249999999999,https://www.jepx.jp/_download.php?dir=spot_summary&file=spot_summary_2015.csv
2015-12-02,jepx-top8avg-kyushu,kyushu,9.306249999999999,https://www.jepx.jp/_download.php?dir=spot_summary&file=spot_summary_2015.csv
2015-12-03,jepx-top8avg-kyushu,kyushu,10.93625,https://www.jepx.jp/_download.php?dir=spot_summary&file=spot_summary_2015.csv
2015-12-04,jepx-top8avg-kyushu,kyushu,11.184999999999999,https://www.jepx.jp/_download.php?dir=spot_summary&file=spot_summary_2015.csv
2015-12-05,jepx-top8avg-kyushu,kyushu,9.38625,https://www.jepx.jp/_download.php?dir=spot_summary&file=spot_summary_2015.csv
2015-12-06,jepx-top8avg-kyushu,kyushu,8.372499999999999,https://www.jepx.jp/_download.php?dir=spot_summary&file=spot_summary_2015.csv
2015-12-07,jepx-top8avg-kyushu,kyushu,10.92375,https://www.jepx.jp/_download.php?dir=spot_summary&file=spot_summary_2015.csv
2015-12-08,jepx-top8avg-kyushu,kyushu,11.65,https://www.jepx.jp/_download.php?dir=spot_summary&file=spot_summary_2015.csv
2015-12-09,jepx-top8avg-kyushu,kyushu,11.315,https://www.jepx.jp/_download.php?dir=spot_summary&file=spot_summary_2015.csv
2015-12-10,jepx-top8avg-kyushu,kyushu,11.69125,https://www.jepx.jp/_download.php?dir=spot_summary&file=spot_summary_2015.csv
2015-12-11,jepx-top8avg-kyushu,kyushu,11.6225,https://www.jepx.jp/_download.php?dir=spot_summary&file=spot_summary_2015.csv
2015-12-12,jepx-top8avg-kyushu,kyushu,8.965,https://www.jepx.jp/_download.php?dir=spot_summary&file=spot_summary_2015.csv
2015-12-13,jepx-top8avg-kyushu,kyushu,8.26,https://www.jepx.jp/_download.php?dir=spot_summary&file=spot_summary_2015.csv
2015-12-14,jepx-top8avg-kyushu,kyushu,10.04125,https://www.jepx.jp/_download.php?dir=spot_summary&file=spot_summary_2015.csv
2015-12-15,jepx-top8avg-kyushu,kyushu,12.1825,https://www.jepx.jp/_download.php?dir=spot_summary&file=spot_summary_2015.csv
2015-12-16,jepx-top8avg-kyushu,kyushu,10.8375,https://www.jepx.jp/_download.php?dir=spot_summary&file=spot_summary_2015.csv
2015-12-17,jepx-top8avg-kyushu,kyushu,11.530000000000001,https://www.jepx.jp/_download.php?dir=spot_summary&file=spot_summary_2015.csv
2015-12-18,jepx-top8avg-kyushu,kyushu,12.27125,https://www.jepx.jp/_download.php?dir=spot_summary&file=spot_summary_2015.csv
2015-12-19,jepx-top8avg-kyushu,kyushu,8.54125,https://www.jepx.jp/_download.php?dir=spot_summary&file=spot_summary_2015.csv
2015-12-20,jepx-top8avg-kyushu,kyushu,8.11375,https://www.jepx.jp/_download.php?dir=spot_summary&file=spot_summary_2015.csv
2015-12-21,jepx-top8avg-kyushu,kyushu,11.626249999999999,https://www.jepx.jp/_download.php?dir=spot_summary&file=spot_summary_2015.csv
2015-12-22,jepx-top8avg-kyushu,kyushu,10.626249999999999,https://www.jepx.jp/_download.php?dir=spot_summary&file=spot_summary_2015.csv
2015-12-23,jepx-top8avg-kyushu,kyushu,9.23125,https://www.jepx.jp/_download.php?dir=spot_summary&file=spot_summary_2015.csv
2015-12-24,jepx-top8avg-kyushu,kyushu,10.69625,https://www.jepx.jp/_download.php?dir=spot_summary&file=spot_summary_2015.csv
2015-12-25,jepx-top8avg-kyushu,kyushu,10.772499999999999,https://www.jepx.jp/_download.php?dir=spot_summary&file=spot_summary_2015.csv
2015-12-26,jepx-top8avg-kyushu,kyushu,9.54875,https://www.jepx.jp/_download.php?dir=spot_summary&file=spot_summary_2015.csv
2015-12-27,jepx-top8avg-kyushu,kyushu,9.372499999999999,https://www.jepx.jp/_download.php?dir=spot_summary&file=spot_summary_2015.csv
2015-12-28,jepx-top8avg-kyushu,kyushu,10.29375,https://www.jepx.jp/_download.php?dir=spot_summary&file=spot_summary_2015.csv
2015-12-29,jepx-top8avg-kyushu,kyushu,8.99,https://www.jepx.jp/_download.php?dir=spot_summary&file=spot_summary_2015.csv
2015-12-30,jepx-top8avg-kyushu,kyushu,8.307500000000001,https://www.jepx.jp/_download.php?dir=spot_summary&file=spot_summary_2015.csv
2015-12-31,jepx-top8avg-kyushu,kyushu,8.05375,https://www.jepx.jp/_download.php?dir=spot_summary&file=spot_summary_2015.csv
2016-01-01,jepx-top8avg-kyushu,kyushu,7.61625,https://www.jepx.jp/_download.php?dir=spot_summary&file=spot_summary_2015.csv
2016-01-02,jepx-top8avg-kyushu,kyushu,7.4712499999999995,https://www.jepx.jp/_download.php?dir=spot_summary&file=spot_summary_2015.csv
2016-01-03,jepx-top8avg-kyushu,kyushu,7.4712499999999995,https://www.jepx.jp/_download.php?dir=spot_summary&file=spot_summary_2015.csv
2016-01-04,jepx-top8avg-kyushu,kyushu,9.8475,https://www.jepx.jp/_download.php?dir=spot_summary&file=spot_summary_2015.csv
2016-01-05,jepx-top8avg-kyushu,kyushu,10.80125,https://www.jepx.jp/_download.php?dir=spot_summary&file=spot_summary_2015.csv
2016-01-06,jepx-top8avg-kyushu,kyushu,9.61,https://www.jepx.jp/_download.php?dir=spot_summary&file=spot_summary_2015.csv
2016-01-07,jepx-top8avg-kyushu,kyushu,10.81875,https://www.jepx.jp/_download.php?dir=spot_summary&file=spot_summary_2015.csv
2016-01-08,jepx-top8avg-kyushu,kyushu,11.93,https://www.jepx.jp/_download.php?dir=spot_summary&file=spot_summary_2015.csv
2016-01-09,jepx-top8avg-kyushu,kyushu,8.585,https://www.jepx.jp/_download.php?dir=spot_summary&file=spot_summary_2015.csv
2016-01-10,jepx-top8avg-kyushu,kyushu,8.251249999999999,https://www.jepx.jp/_download.php?dir=spot_summary&file=spot_summary_2015.csv
2016-01-11,jepx-top8avg-kyushu,kyushu,8.63625,https://www.jepx.jp/_download.php?dir=spot_summary&file=spot_summary_2015.csv
2016-01-12,jepx-top8avg-kyushu,kyushu,11.91,https://www.jepx.jp/_download.php?dir=spot_summary&file=spot_summary_2015.csv
2016-01-13,jepx-top8avg-kyushu,kyushu,11.91,https://www.jepx.jp/_download.php?dir=spot_summary&file=spot_summary_2015.csv
2016-01-14,jepx-top8avg-kyushu,kyushu,11.795,https://www.jepx.jp/_download.php?dir=spot_summary&file=spot_summary_2015.csv
2016-01-15,jepx-top8avg-kyushu,kyushu,11.12875,https://www.jepx.jp/_download.php?dir=spot_summary&file=spot_summary_2015.csv
2016-01-16,jepx-top8avg-kyushu,kyushu,8.7425,https://www.jepx.jp/_download.php?dir=spot_summary&file=spot_summary_2015.csv
2016-01-17,jepx-top8avg-kyushu,kyushu,7.612500000000001,https://www.jepx.jp/_download.php?dir=spot_summary&file=spot_summary_2015.csv
2016-01-18,jepx-top8avg-kyushu,kyushu,11.133750000000001,https://www.jepx.jp/_download.php?dir=spot_summary&file=spot_summary_2015.csv
2016-01-19,jepx-top8avg-kyushu,kyushu,11.416250000000002,https://www.jepx.jp/_download.php?dir=spot_summary&file=spot_summary_2015.csv
2016-01-20,jepx-top8avg-kyushu,kyushu,12.3425,https://www.jepx.jp/_download.php?dir=spot_summary&file=spot_summary_2015.csv
2016-01-21,jepx-top8avg-kyushu,kyushu,11.14,https://www.jepx.jp/_download.php?dir=spot_summary&file=spot_summary_2015.csv
2016-01-22,jepx-top8avg-kyushu,kyushu,11.14,https://www.jepx.jp/_download.php?dir=spot_summary&file=spot_summary_2015.csv
2016-01-23,jepx-top8avg-kyushu,kyushu,11.55375,https://www.jepx.jp/_download.php?dir=spot_summary&file=spot_summary_2015.csv
2016-01-24,jepx-top8avg-kyushu,kyushu,9.81875,https://www.jepx.jp/_download.php?dir=spot_summary&file=spot_summary_2015.csv
2016-01-25,jepx-top8avg-kyushu,kyushu,34.462500000000006,https://www.jepx.jp/_download.php?dir=spot_summary&file=spot_summary_2015.csv
2016-01-26,jepx-top8avg-kyushu,kyushu,13.415,https://www.jepx.jp/_download.php?dir=spot_summary&file=spot_summary_2015.csv
2016-01-27,jepx-top8avg-kyushu,kyushu,10.963750000000001,https://www.jepx.jp/_download.php?dir=spot_summary&file=spot_summary_2015.csv
2016-01-28,jepx-top8avg-kyushu,kyushu,11.015,https://www.jepx.jp/_download.php?dir=spot_summary&file=spot_summary_2015.csv
2016-01-29,jepx-top8avg-kyushu,kyushu,12.2775,https://www.jepx.jp/_download.php?dir=spot_summary&file=spot_summary_2015.csv
2016-01-30,jepx-top8avg-kyushu,kyushu,9.05875,https://www.jepx.jp/_download.php?dir=spot_summary&file=spot_summary_2015.csv
2016-01-31,jepx-top8avg-kyushu,kyushu,7.390000000000001,https://www.jepx.jp/_download.php?dir=spot_summary&file=spot_summary_2015.csv
2016-02-01,jepx-top8avg-kyushu,kyushu,10.135,https://www.jepx.jp/_download.php?dir=spot_summary&file=spot_summary_2015.csv
2016-02-02,jepx-top8avg-kyushu,kyushu,10.5225,https://www.jepx.jp/_download.php?dir=spot_summary&file=spot_summary_2015.csv
2016-02-03,jepx-top8avg-kyushu,kyushu,10.45375,https://www.jepx.jp/_download.php?dir=spot_summary&file=spot_summary_2015.csv
2016-02-04,jepx-top8avg-kyushu,kyushu,10.338750000000001,https://www.jepx.jp/_download.php?dir=spot_summary&file=spot_summary_2015.csv
2016-02-05,jepx-top8avg-kyushu,kyushu,10.3675,https://www.jepx.jp/_download.php?dir=spot_summary&file=spot_summary_2015.csv
2016-02-06,jepx-top8avg-kyushu,kyushu,7.2275,https://www.jepx.jp/_download.php?dir=spot_summary&file=spot_summary_2015.csv
2016-02-07,jepx-top8avg-kyushu,kyushu,7.65625,https://www.jepx.jp/_download.php?dir=spot_summary&file=spot_summary_2015.csv
2016-02-08,jepx-top8avg-kyushu,kyushu,10.412500000000001,https://www.jepx.jp/_download.php?dir=spot_summary&file=spot_summary_2015.csv
2016-02-09,jepx-top8avg-kyushu,kyushu,10.065,https://www.jepx.jp/_download.php?dir=spot_summary&file=spot_summary_2015.csv
2016-02-10,jepx-top8avg-kyushu,kyushu,9.55875,https://www.jepx.jp/_download.php?dir=spot_summary&file=spot_summary_2015.csv
2016-02-11,jepx-top8avg-kyushu,kyushu,8.504999999999999,https://www.jepx.jp/_download.php?dir=spot_summary&file=spot_summary_2015.csv
2016-02-12,jepx-top8avg-kyushu,kyushu,8.13625,https://www.jepx.jp/_download.php?dir=spot_summary&file=spot_summary_2015.csv
2016-02-13,jepx-top8avg-kyushu,kyushu,7.38,https://www.jepx.jp/_download.php?dir=spot_summary&file=spot_summary_2015.csv
2016-02-14,jepx-top8avg-kyushu,kyushu,6.6325,https://www.jepx.jp/_download.php?dir=spot_summary&file=spot_summary_2015.csv
2016-02-15,jepx-top8avg-kyushu,kyushu,11.004999999999999,https://www.jepx.jp/_download.php?dir=spot_summary&file=spot_summary_2015.csv
2016-02-16,jepx-top8avg-kyushu,kyushu,10.67,https://www.jepx.jp/_download.php?dir=spot_summary&file=spot_summary_2015.csv
2016-02-17,jepx-top8avg-kyushu,kyushu,8.91,https://www.jepx.jp/_download.php?dir=spot_summary&file=spot_summary_2015.csv
2016-02-18,jepx-top8avg-kyushu,kyushu,10.5275,https://www.jepx.jp/_download.php?dir=spot_summary&file=spot_summary_2015.csv
2016-02-19,jepx-top8avg-kyushu,kyushu,9.803749999999999,https://www.jepx.jp/_download.php?dir=spot_summary&file=spot_summary_2015.csv
2016-02-20,jepx-top8avg-kyushu,kyushu,8.05625,https://www.jepx.jp/_download.php?dir=spot_summary&file=spot_summary_2015.csv
2016-02-21,jepx-top8avg-kyushu,kyushu,6.68,https://www.jepx.jp/_download.php?dir=spot_summary&file=spot_summary_2015.csv
2016-02-22,jepx-top8avg-kyushu,kyushu,9.4125,https://www.jepx.jp/_download.php?dir=spot_summary&file=spot_summary_2015.csv
2016-02-23,jepx-top8avg-kyushu,kyushu,9.5225,https://www.jepx.jp/_download.php?dir=spot_summary&file=spot_summary_2015.csv
2016-02-24,jepx-top8avg-kyushu,kyushu,9.365,https://www.jepx.jp/_download.php?dir=spot_summary&file=spot_summary_2015.csv
2016-02-25,jepx-top8avg-kyushu,kyushu,10.2175,https://www.jepx.jp/_download.php?dir=spot_summary&file=spot_summary_2015.csv
2016-02-26,jepx-top8avg-kyushu,kyushu,10.24875,https://www.jepx.jp/_download.php?dir=spot_summary&file=spot_summary_2015.csv
2016-02-27,jepx-top8avg-kyushu,kyushu,7.555,https://www.jepx.jp/_download.php?dir=spot_summary&file=spot_summary_2015.csv
2016-02-28,jepx-top8avg-kyushu,kyushu,6.74375,https://www.jepx.jp/_download.php?dir=spot_summary&file=spot_summary_2015.csv
2016-02-29,jepx-top8avg-kyushu,kyushu,10.6075,https://www.jepx.jp/_download.php?dir=spot_summary&file=spot_summary_2015.csv
2016-03-01,jepx-top8avg-kyushu,kyushu,11.06625,https://www.jepx.jp/_download.php?dir=spot_summary&file=spot_summary_2015.csv
2016-03-02,jepx-top8avg-kyushu,kyushu,9.41875,https://www.jepx.jp/_download.php?dir=spot_summary&file=spot_summary_2015.csv
2016-03-03,jepx-top8avg-kyushu,kyushu,8.31625,https://www.jepx.jp/_download.php?dir=spot_summary&file=spot_summary_2015.csv
2016-03-04,jepx-top8avg-kyushu,kyushu,8.63125,https://www.jepx.jp/_download.php?dir=spot_summary&file=spot_summary_2015.csv
2016-03-05,jepx-top8avg-kyushu,kyushu,6.7162500000000005,https://www.jepx.jp/_download.php?dir=spot_summary&file=spot_summary_2015.csv
2016-03-06,jepx-top8avg-kyushu,kyushu,6.29625,https://www.jepx.jp/_download.php?dir=spot_summary&file=spot_summary_2015.csv
2016-03-07,jepx-top8avg-kyushu,kyushu,7.51875,https://www.jepx.jp/_download.php?dir=spot_summary&file=spot_summary_2015.csv
2016-03-08,jepx-top8avg-kyushu,kyushu,7.335,https://www.jepx.jp/_download.php?dir=spot_summary&file=spot_summary_2015.csv
2016-03-09,jepx-top8avg-kyushu,kyushu,10.442499999999999,https://www.jepx.jp/_download.php?dir=spot_summary&file=spot_summary_2015.csv
2016-03-10,jepx-top8avg-kyushu,kyushu,8.973749999999999,https://www.jepx.jp/_download.php?dir=spot_summary&file=spot_summary_2015.csv
2016-03-11,jepx-top8avg-kyushu,kyushu,9.61375,https://www.jepx.jp/_download.php?dir=spot_summary&file=spot_summary_2015.csv
2016-03-12,jepx-top8avg-kyushu,kyushu,7.425,https://www.jepx.jp/_download.php?dir=spot_summary&file=spot_summary_2015.csv
2016-03-13,jepx-top8avg-kyushu,kyushu,7.35,https://www.jepx.jp/_download.php?dir=spot_summary&file=spot_summary_2015.csv
2016-03-14,jepx-top8avg-kyushu,kyushu,10.125,https://www.jepx.jp/_download.php?dir=spot_summary&file=spot_summary_2015.csv
2016-03-15,jepx-top8avg-kyushu,kyushu,8.35625,https://www.jepx.jp/_download.php?dir=spot_summary&file=spot_summary_2015.csv
2016-03-16,jepx-top8avg-kyushu,kyushu,8.975,https://www.jepx.jp/_download.php?dir=spot_summary&file=spot_summary_2015.csv
2016-03-17,jepx-top8avg-kyushu,kyushu,8.02625,https://www.jepx.jp/_download.php?dir=spot_summary&file=spot_summary_2015.csv
2016-03-18,jepx-top8avg-kyushu,kyushu,8.3025,https://www.jepx.jp/_download.php?dir=spot_summary&file=spot_summary_2015.csv
2016-03-19,jepx-top8avg-kyushu,kyushu,7.265000000000001,https://www.jepx.jp/_download.php?dir=spot_summary&file=spot_summary_2015.csv
2016-03-20,jepx-top8avg-kyushu,kyushu,7.56,https://www.jepx.jp/_download.php?dir=spot_summary&file=spot_summary_2015.csv
2016-03-21,jepx-top8avg-kyushu,kyushu,7.7575,https://www.jepx.jp/_download.php?dir=spot_summary&file=spot_summary_2015.csv
2016-03-22,jepx-top8avg-kyushu,kyushu,8.055,https://www.jepx.jp/_download.php?dir=spot_summary&file=spot_summary_2015.csv
2016-03-23,jepx-top8avg-kyushu,kyushu,7.71875,https://www.jepx.jp/_download.php?dir=spot_summary&file=spot_summary_2015.csv
2016-03-24,jepx-top8avg-kyushu,kyushu,8.07,https://www.jepx.jp/_download.php?dir=spot_summary&file=spot_summary_2015.csv
2016-03-25,jepx-top8avg-kyushu,kyushu,8.01,https://www.jepx.jp/_download.php?dir=spot_summary&file=spot_summary_2015.csv
2016-03-26,jepx-top8avg-kyushu,kyushu,7.608750000000001,https://www.jepx.jp/_download.php?dir=spot_summary&file=spot_summary_2015.csv
2016-03-27,jepx-top8avg-kyushu,kyushu,7.595,https://www.jepx.jp/_download.php?dir=spot_summary&file=spot_summary_2015.csv
2016-03-28,jepx-top8avg-kyushu,kyushu,8.376249999999999,https://www.jepx.jp/_download.php?dir=spot_summary&file=spot_summary_2015.csv
2016-03-29,jepx-top8avg-kyushu,kyushu,7.70875,https://www.jepx.jp/_download.php?dir=spot_summary&file=spot_summary_2015.csv
2016-03-30,jepx-top8avg-kyushu,kyushu,7.36125,https://www.jepx.jp/_download.php?dir=spot_summary&file=spot_summary_2015.csv
2016-03-31,jepx-top8avg-kyushu,kyushu,7.578749999999999,https://www.jepx.jp/_download.php?dir=spot_summary&file=spot_summary_2015.csv
2016-04-01,jepx-top8avg-kyushu,kyushu,7.598750000000001,https://www.jepx.jp/_download.php?dir=spot_summary&file=spot_summary_2016.csv
2016-04-02,jepx-top8avg-kyushu,kyushu,6.0375,https://www.jepx.jp/_download.php?dir=spot_summary&file=spot_summary_2016.csv
2016-04-03,jepx-top8avg-kyushu,kyushu,5.2075,https://www.jepx.jp/_download.php?dir=spot_summary&file=spot_summary_2016.csv
2016-04-04,jepx-top8avg-kyushu,kyushu,9.7175,https://www.jepx.jp/_download.php?dir=spot_summary&file=spot_summary_2016.csv
2016-04-05,jepx-top8avg-kyushu,kyushu,6.5175,https://www.jepx.jp/_download.php?dir=spot_summary&file=spot_summary_2016.csv
2016-04-06,jepx-top8avg-kyushu,kyushu,7.49,https://www.jepx.jp/_download.php?dir=spot_summary&file=spot_summary_2016.csv
2016-04-07,jepx-top8avg-kyushu,kyushu,10.94625,https://www.jepx.jp/_download.php?dir=spot_summary&file=spot_summary_2016.csv
2016-04-08,jepx-top8avg-kyushu,kyushu,7.4,https://www.jepx.jp/_download.php?dir=spot_summary&file=spot_summary_2016.csv
2016-04-09,jepx-top8avg-kyushu,kyushu,6.885,https://www.jepx.jp/_download.php?dir=spot_summary&file=spot_summary_2016.csv
2016-04-10,jepx-top8avg-kyushu,kyushu,6.295,https://www.jepx.jp/_download.php?dir=spot_summary&file=spot_summary_2016.csv
2016-04-11,jepx-top8avg-kyushu,kyushu,7.29,https://www.jepx.jp/_download.php?dir=spot_summary&file=spot_summary_2016.csv
2016-04-12,jepx-top8avg-kyushu,kyushu,7.41875,https://www.jepx.jp/_download.php?dir=spot_summary&file=spot_summary_2016.csv
2016-04-13,jepx-top8avg-kyushu,kyushu,8.95375,https://www.jepx.jp/_download.php?dir=spot_summary&file=spot_summary_2016.csv
2016-04-14,jepx-top8avg-kyushu,kyushu,7.648750000000001,https://www.jepx.jp/_download.php?dir=spot_summary&file=spot_summary_2016.csv
2016-04-15,jepx-top8avg-kyushu,kyushu,7.18625,https://www.jepx.jp/_download.php?dir=spot_summary&file=spot_summary_2016.csv
2016-04-16,jepx-top8avg-kyushu,kyushu,6.98625,https://www.jepx.jp/_download.php?dir=spot_summary&file=spot_summary_2016.csv
2016-04-17,jepx-top8avg-kyushu,kyushu,6.725,https://www.jepx.jp/_download.php?dir=spot_summary&file=spot_summary_2016.csv
2016-04-18,jepx-top8avg-kyushu,kyushu,8.377500000000001,https://www.jepx.jp/_download.php?dir=spot_summary&file=spot_summary_2016.csv
2016-04-19,jepx-top8avg-kyushu,kyushu,7.50875,https://www.jepx.jp/_download.php?dir=spot_summary&file=spot_summary_2016.csv
2016-04-20,jepx-top8avg-kyushu,kyushu,7.1425,https://www.jepx.jp/_download.php?dir=spot_summary&file=spot_summary_2016.csv
2016-04-21,jepx-top8avg-kyushu,kyushu,9.49625,https://www.jepx.jp/_download.php?dir=spot_summary&file=spot_summary_2016.csv
2016-04-22,jepx-top8avg-kyushu,kyushu,7.4175,https://www.jepx.jp/_download.php?dir=spot_summary&file=spot_summary_2016.csv
2016-04-23,jepx-top8avg-kyushu,kyushu,6.6775,https://www.jepx.jp/_download.php?dir=spot_summary&file=spot_summary_2016.csv
2016-04-24,jepx-top8avg-kyushu,kyushu,6.3225,https://www.jepx.jp/_download.php?dir=spot_summary&file=spot_summary_2016.csv
2016-04-25,jepx-top8avg-kyushu,kyushu,7.65125,https://www.jepx.jp/_download.php?dir=spot_summary&file=spot_summary_2016.csv
2016-04-26,jepx-top8avg-kyushu,kyushu,7.491249999999999,https://www.jepx.jp/_download.php?dir=spot_summary&file=spot_summary_2016.csv
2016-04-27,jepx-top8avg-kyushu,kyushu,11.76,https://www.jepx.jp/_download.php?dir=spot_summary&file=spot_summary_2016.csv
2016-04-28,jepx-top8avg-kyushu,kyushu,9.364999999999998,https://www.jepx.jp/_download.php?dir=spot_summary&file=spot_summary_2016.csv
2016-04-29,jepx-top8avg-kyushu,kyushu,7.02,https://www.jepx.jp/_download.php?dir=spot_summary&file=spot_summary_2016.csv
2016-04-30,jepx-top8avg-kyushu,kyushu,6.71,https://www.jepx.jp/_download.php?dir=spot_summary&file=spot_summary_2016.csv
2016-05-01,jepx-top8avg-kyushu,kyushu,7.33875,https://www.jepx.jp/_download.php?dir=spot_summary&file=spot_summary_2016.csv
2016-05-02,jepx-top8avg-kyushu,kyushu,9.747499999999999,https://www.jepx.jp/_download.php?dir=spot_summary&file=spot_summary_2016.csv
2016-05-03,jepx-top8avg-kyushu,kyushu,6.30625,https://www.jepx.jp/_download.php?dir=spot_summary&file=spot_summary_2016.csv
2016-05-04,jepx-top8avg-kyushu,kyushu,6.4,https://www.jepx.jp/_download.php?dir=spot_summary&file=spot_summary_2016.csv
2016-05-05,jepx-top8avg-kyushu,kyushu,6.73125,https://www.jepx.jp/_download.php?dir=spot_summary&file=spot_summary_2016.csv
2016-05-06,jepx-top8avg-kyushu,kyushu,11.29,https://www.jepx.jp/_download.php?dir=spot_summary&file=spot_summary_2016.csv
2016-05-07,jepx-top8avg-kyushu,kyushu,7.1425,https://www.jepx.jp/_download.php?dir=spot_summary&file=spot_summary_2016.csv
2016-05-08,jepx-top8avg-kyushu,kyushu,6.595000000000001,https://www.jepx.jp/_download.php?dir=spot_summary&file=spot_summary_2016.csv
2016-05-09,jepx-top8avg-kyushu,kyushu,11.334999999999999,https://www.jepx.jp/_download.php?dir=spot_summary&file=spot_summary_2016.csv
2016-05-10,jepx-top8avg-kyushu,kyushu,10.7975,https://www.jepx.jp/_download.php?dir=spot_summary&file=spot_summary_2016.csv
2016-05-11,jepx-top8avg-kyushu,kyushu,8.91,https://www.jepx.jp/_download.php?dir=spot_summary&file=spot_summary_2016.csv
2016-05-12,jepx-top8avg-kyushu,kyushu,6.407500000000001,https://www.jepx.jp/_download.php?dir=spot_summary&file=spot_summary_2016.csv
2016-05-13,jepx-top8avg-kyushu,kyushu,6.7325,https://www.jepx.jp/_download.php?dir=spot_summary&file=spot_summary_2016.csv
2016-05-14,jepx-top8avg-kyushu,kyushu,6.04375,https://www.jepx.jp/_download.php?dir=spot_summary&file=spot_summary_2016.csv
2016-05-15,jepx-top8avg-kyushu,kyushu,6.06125,https://www.jepx.jp/_download.php?dir=spot_summary&file=spot_summary_2016.csv
2016-05-16,jepx-top8avg-kyushu,kyushu,11.88,https://www.jepx.jp/_download.php?dir=spot_summary&file=spot_summary_2016.csv
2016-05-17,jepx-top8avg-kyushu,kyushu,6.48,https://www.jepx.jp/_download.php?dir=spot_summary&file=spot_summary_2016.csv
2016-05-18,jepx-top8avg-kyushu,kyushu,6.117500000000001,https://www.jepx.jp/_download.php?dir=spot_summary&file=spot_summary_2016.csv
2016-05-19,jepx-top8avg-kyushu,kyushu,7.79,https://www.jepx.jp/_download.php?dir=spot_summary&file=spot_summary_2016.csv
2016-05-20,jepx-top8avg-kyushu,kyushu,8.3675,https://www.jepx.jp/_download.php?dir=spot_summary&file=spot_summary_2016.csv
2016-05-21,jepx-top8avg-kyushu,kyushu,6.67,https://www.jepx.jp/_download.php?dir=spot_summary&file=spot_summary_2016.csv
2016-05-22,jepx-top8avg-kyushu,kyushu,6.65625,https://www.jepx.jp/_download.php?dir=spot_summary&file=spot_summary_2016.csv
2016-05-23,jepx-top8avg-kyushu,kyushu,11.8625,https://www.jepx.jp/_download.php?dir=spot_summary&file=spot_summary_2016.csv
2016-05-24,jepx-top8avg-kyushu,kyushu,12.195,https://www.jepx.jp/_download.php?dir=spot_summary&file=spot_summary_2016.csv
2016-05-25,jepx-top8avg-kyushu,kyushu,11.866249999999999,https://www.jepx.jp/_download.php?dir=spot_summary&file=spot_summary_2016.csv
2016-05-26,jepx-top8avg-kyushu,kyushu,15.1725,https://www.jepx.jp/_download.php?dir=spot_summary&file=spot_summary_2016.csv
2016-05-27,jepx-top8avg-kyushu,kyushu,9.022499999999999,https://www.jepx.jp/_download.php?dir=spot_summary&file=spot_summary_2016.csv
2016-05-28,jepx-top8avg-kyushu,kyushu,7.97125,https://www.jepx.jp/_download.php?dir=spot_summary&file=spot_summary_2016.csv
2016-05-29,jepx-top8avg-kyushu,kyushu,8.068750000000001,https://www.jepx.jp/_download.php?dir=spot_summary&file=spot_summary_2016.csv
2016-05-30,jepx-top8avg-kyushu,kyushu,11.6375,https://www.jepx.jp/_download.php?dir=spot_summary&file=spot_summary_2016.csv
2016-05-31,jepx-top8avg-kyushu,kyushu,12.123750000000001,https://www.jepx.jp/_download.php?dir=spot_summary&file=spot_summary_2016.csv
2016-06-01,jepx-top8avg-kyushu,kyushu,12.33,https://www.jepx.jp/_download.php?dir=spot_summary&file=spot_summary_2016.csv
2016-06-02,jepx-top8avg-kyushu,kyushu,12.08625,https://www.jepx.jp/_download.php?dir=spot_summary&file=spot_summary_2016.csv
2016-06-03,jepx-top8avg-kyushu,kyushu,11.28,https://www.jepx.jp/_download.php?dir=spot_summary&file=spot_summary_2016.csv
2016-06-04,jepx-top8avg-kyushu,kyushu,6.87,https://www.jepx.jp/_download.php?dir=spot_summary&file=spot_summary_2016.csv
2016-06-05,jepx-top8avg-kyushu,kyushu,7.0200000000000005,https://www.jepx.jp/_download.php?dir=spot_summary&file=spot_summary_2016.csv
2016-06-06,jepx-top8avg-kyushu,kyushu,11.98,https://www.jepx.jp/_download.php?dir=spot_summary&file=spot_summary_2016.csv
2016-06-07,jepx-top8avg-kyushu,kyushu,11.17,https://www.jepx.jp/_download.php?dir=spot_summary&file=spot_summary_2016.csv
2016-06-08,jepx-top8avg-kyushu,kyushu,13.11,https://www.jepx.jp/_download.php?dir=spot_summary&file=spot_summary_2016.csv
2016-06-09,jepx-top8avg-kyushu,kyushu,12.845,https://www.jepx.jp/_download.php?dir=spot_summary&file=spot_summary_2016.csv
2016-06-10,jepx-top8avg-kyushu,kyushu,10.993749999999999,https://www.jepx.jp/_download.php?dir=spot_summary&file=spot_summary_2016.csv
2016-06-11,jepx-top8avg-kyushu,kyushu,8.1,https://www.jepx.jp/_download.php?dir=spot_summary&file=spot_summary_2016.csv
2016-06-12,jepx-top8avg-kyushu,kyushu,7.98,https://www.jepx.jp/_download.php?dir=spot_summary&file=spot_summary_2016.csv
2016-06-13,jepx-top8avg-kyushu,kyushu,13.21,https://www.jepx.jp/_download.php?dir=spot_summary&file=spot_summary_2016.csv
2016-06-14,jepx-top8avg-kyushu,kyushu,12.20625,https://www.jepx.jp/_download.php?dir=spot_summary&file=spot_summary_2016.csv
2016-06-15,jepx-top8avg-kyushu,kyushu,12.64125,https://www.jepx.jp/_download.php?dir=spot_summary&file=spot_summary_2016.csv
2016-06-16,jepx-top8avg-kyushu,kyushu,17.20375,https://www.jepx.jp/_download.php?dir=spot_summary&file=spot_summary_2016.csv
2016-06-17,jepx-top8avg-kyushu,kyushu,16.82875,https://www.jepx.jp/_download.php?dir=spot_summary&file=spot_summary_2016.csv
2016-06-18,jepx-top8avg-kyushu,kyushu,7.825,https://www.jepx.jp/_download.php?dir=spot_summary&file=spot_summary_2016.csv
2016-06-19,jepx-top8avg-kyushu,kyushu,7.977499999999999,https://www.jepx.jp/_download.php?dir=spot_summary&file=spot_summary_2016.csv
2016-06-20,jepx-top8avg-kyushu,kyushu,13.84625,https://www.jepx.jp/_download.php?dir=spot_summary&file=spot_summary_2016.csv
2016-06-21,jepx-top8avg-kyushu,kyushu,13.5,https://www.jepx.jp/_download.php?dir=spot_summary&file=spot_summary_2016.csv
2016-06-22,jepx-top8avg-kyushu,kyushu,13.5,https://www.jepx.jp/_download.php?dir=spot_summary&file=spot_summary_2016.csv
2016-06-23,jepx-top8avg-kyushu,kyushu,15.30125,https://www.jepx.jp/_download.php?dir=spot_summary&file=spot_summary_2016.csv
2016-06-24,jepx-top8avg-kyushu,kyushu,13.42875,https://www.jepx.jp/_download.php?dir=spot_summary&file=spot_summary_2016.csv
2016-06-25,jepx-top8avg-kyushu,kyushu,8.2125,https://www.jepx.jp/_download.php?dir=spot_summary&file=spot_summary_2016.csv
2016-06-26,jepx-top8avg-kyushu,kyushu,6.016249999999999,https://www.jepx.jp/_download.php?dir=spot_summary&file=spot_summary_2016.csv
2016-06-27,jepx-top8avg-kyushu,kyushu,11.43,https://www.jepx.jp/_download.php?dir=spot_summary&file=spot_summary_2016.csv
2016-06-28,jepx-top8avg-kyushu,kyushu,11.355,https://www.jepx.jp/_download.php?dir=spot_summary&file=spot_summary_2016.csv
2016-06-29,jepx-top8avg-kyushu,kyushu,11.455,https://www.jepx.jp/_download.php?dir=spot_summary&file=spot_summary_2016.csv
2016-06-30,jepx-top8avg-kyushu,kyushu,11.28,https://www.jepx.jp/_download.php?dir=spot_summary&file=spot_summary_2016.csv
2016-07-01,jepx-top8avg-kyushu,kyushu,11.8625,https://www.jepx.jp/_download.php?dir=spot_summary&file=spot_summary_2016.csv
2016-07-02,jepx-top8avg-kyushu,kyushu,7.265000000000001,https://www.jepx.jp/_download.php?dir=spot_summary&file=spot_summary_2016.csv
2016-07-03,jepx-top8avg-kyushu,kyushu,7.6075,https://www.jepx.jp/_download.php?dir=spot_summary&file=spot_summary_2016.csv
2016-07-04,jepx-top8avg-kyushu,kyushu,13.6275,https://www.jepx.jp/_download.php?dir=spot_summary&file=spot_summary_2016.csv
2016-07-05,jepx-top8avg-kyushu,kyushu,19.95125,https://www.jepx.jp/_download.php?dir=spot_summary&file=spot_summary_2016.csv
2016-07-06,jepx-top8avg-kyushu,kyushu,16.225,https://www.jepx.jp/_download.php?dir=spot_summary&file=spot_summary_2016.csv
2016-07-07,jepx-top8avg-kyushu,kyushu,23.01375,https://www.jepx.jp/_download.php?dir=spot_summary&file=spot_summary_2016.csv
2016-07-08,jepx-top8avg-kyushu,kyushu,18.485,https://www.jepx.jp/_download.php?dir=spot_summary&file=spot_summary_2016.csv
2016-07-09,jepx-top8avg-kyushu,kyushu,8.42,https://www.jepx.jp/_download.php?dir=spot_summary&file=spot_summary_2016.csv
2016-07-10,jepx-top8avg-kyushu,kyushu,8.6175,https://www.jepx.jp/_download.php?dir=spot_summary&file=spot_summary_2016.csv
2016-07-11,jepx-top8avg-kyushu,kyushu,14.841249999999999,https://www.jepx.jp/_download.php?dir=spot_summary&file=spot_summary_2016.csv
2016-07-12,jepx-top8avg-kyushu,kyushu,14.33125,https://www.jepx.jp/_download.php?dir=spot_summary&file=spot_summary_2016.csv
2016-07-13,jepx-top8avg-kyushu,kyushu,17.86875,https://www.jepx.jp/_download.php?dir=spot_summary&file=spot_summary_2016.csv
2016-07-14,jepx-top8avg-kyushu,kyushu,16.15375,https://www.jepx.jp/_download.php?dir=spot_summary&file=spot_summary_2016.csv
2016-07-15,jepx-top8avg-kyushu,kyushu,11.69625,https://www.jepx.jp/_download.php?dir=spot_summary&file=spot_summary_2016.csv
2016-07-16,jepx-top8avg-kyushu,kyushu,7.13,https://www.jepx.jp/_download.php?dir=spot_summary&file=spot_summary_2016.csv
2016-07-17,jepx-top8avg-kyushu,kyushu,7.686249999999999,https://www.jepx.jp/_download.php?dir=spot_summary&file=spot_summary_2016.csv
2016-07-18,jepx-top8avg-kyushu,kyushu,8.06875,https://www.jepx.jp/_download.php?dir=spot_summary&file=spot_summary_2016.csv
2016-07-19,jepx-top8avg-kyushu,kyushu,11.5225,https://www.jepx.jp/_download.php?dir=spot_summary&file=spot_summary_2016.csv
2016-07-20,jepx-top8avg-kyushu,kyushu,14.4225,https://www.jepx.jp/_download.php?dir=spot_summary&file=spot_summary_2016.csv
2016-07-21,jepx-top8avg-kyushu,kyushu,16.16125,https://www.jepx.jp/_download.php?dir=spot_summary&file=spot_summary_2016.csv
2016-07-22,jepx-top8avg-kyushu,kyushu,12.103750000000002,https://www.jepx.jp/_download.php?dir=spot_summary&file=spot_summary_2016.csv
2016-07-23,jepx-top8avg-kyushu,kyushu,6.495,https://www.jepx.jp/_download.php?dir=spot_summary&file=spot_summary_2016.csv
2016-07-24,jepx-top8avg-kyushu,kyushu,7.16625,https://www.jepx.jp/_download.php?dir=spot_summary&file=spot_summary_2016.csv
2016-07-25,jepx-top8avg-kyushu,kyushu,12.45125,https://www.jepx.jp/_download.php?dir=spot_summary&file=spot_summary_2016.csv
2016-07-26,jepx-top8avg-kyushu,kyushu,11.58,https://www.jepx.jp/_download.php?dir=spot_summary&file=spot_summary_2016.csv
2016-07-27,jepx-top8avg-kyushu,kyushu,12.06125,https://www.jepx.jp/_download.php?dir=spot_summary&file=spot_summary_2016.csv
2016-07-28,jepx-top8avg-kyushu,kyushu,15.299999999999999,https://www.jepx.jp/_download.php?dir=spot_summary&file=spot_summary_2016.csv
2016-07-29,jepx-top8avg-kyushu,kyushu,13.72,https://www.jepx.jp/_download.php?dir=spot_summary&file=spot_summary_2016.csv
2016-07-30,jepx-top8avg-kyushu,kyushu,8.973749999999999,https://www.jepx.jp/_download.php?dir=spot_summary&file=spot_summary_2016.csv
2016-07-31,jepx-top8avg-kyushu,kyushu,7.755000000000001,https://www.jepx.jp/_download.php?dir=spot_summary&file=spot_summary_2016.csv
2016-08-01,jepx-top8avg-kyushu,kyushu,12.458749999999998,https://www.jepx.jp/_download.php?dir=spot_summary&file=spot_summary_2016.csv
2016-08-02,jepx-top8avg-kyushu,kyushu,16.24875,https://www.jepx.jp/_download.php?dir=spot_summary&file=spot_summary_2016.csv
2016-08-03,jepx-top8avg-kyushu,kyushu,16.40625,https://www.jepx.jp/_download.php?dir=spot_summary&file=spot_summary_2016.csv
2016-08-04,jepx-top8avg-kyushu,kyushu,16.5675,https://www.jepx.jp/_download.php?dir=spot_summary&file=spot_summary_2016.csv
2016-08-05,jepx-top8avg-kyushu,kyushu,17.955,https://www.jepx.jp/_download.php?dir=spot_summary&file=spot_summary_2016.csv
2016-08-06,jepx-top8avg-kyushu,kyushu,10.6975,https://www.jepx.jp/_download.php?dir=spot_summary&file=spot_summary_2016.csv
2016-08-07,jepx-top8avg-kyushu,kyushu,7.63625,https://www.jepx.jp/_download.php?dir=spot_summary&file=spot_summary_2016.csv
2016-08-08,jepx-top8avg-kyushu,kyushu,24.947499999999998,https://www.jepx.jp/_download.php?dir=spot_summary&file=spot_summary_2016.csv
2016-08-09,jepx-top8avg-kyushu,kyushu,17.555,https://www.jepx.jp/_download.php?dir=spot_summary&file=spot_summary_2016.csv
2016-08-10,jepx-top8avg-kyushu,kyushu,18.1325,https://www.jepx.jp/_download.php?dir=spot_summary&file=spot_summary_2016.csv
2016-08-11,jepx-top8avg-kyushu,kyushu,9.68375,https://www.jepx.jp/_download.php?dir=spot_summary&file=spot_summary_2016.csv
2016-08-12,jepx-top8avg-kyushu,kyushu,12.605,https://www.jepx.jp/_download.php?dir=spot_summary&file=spot_summary_2016.csv
2016-08-13,jepx-top8avg-kyushu,kyushu,9.13375,https://www.jepx.jp/_download.php?dir=spot_summary&file=spot_summary_2016.csv
2016-08-14,jepx-top8avg-kyushu,kyushu,7.461250000000001,https://www.jepx.jp/_download.php?dir=spot_summary&file=spot_summary_2016.csv
2016-08-15,jepx-top8avg-kyushu,kyushu,9.3325,https://www.jepx.jp/_download.php?dir=spot_summary&file=spot_summary_2016.csv
2016-08-16,jepx-top8avg-kyushu,kyushu,10.145,https://www.jepx.jp/_download.php?dir=spot_summary&file=spot_summary_2016.csv
2016-08-17,jepx-top8avg-kyushu,kyushu,12.42125,https://www.jepx.jp/_download.php?dir=spot_summary&file=spot_summary_2016.csv
2016-08-18,jepx-top8avg-kyushu,kyushu,14.813749999999999,https://www.jepx.jp/_download.php?dir=spot_summary&file=spot_summary_2016.csv
2016-08-19,jepx-top8avg-kyushu,kyushu,16.23375,https://www.jepx.jp/_download.php?dir=spot_summary&file=spot_summary_2016.csv
2016-08-20,jepx-top8avg-kyushu,kyushu,8.9725,https://www.jepx.jp/_download.php?dir=spot_summary&file=spot_summary_2016.csv
2016-08-21,jepx-top8avg-kyushu,kyushu,10.831249999999999,https://www.jepx.jp/_download.php?dir=spot_summary&file=spot_summary_2016.csv
2016-08-22,jepx-top8avg-kyushu,kyushu,22.262500000000003,https://www.jepx.jp/_download.php?dir=spot_summary&file=spot_summary_2016.csv
2016-08-23,jepx-top8avg-kyushu,kyushu,16.915,https://www.jepx.jp/_download.php?dir=spot_summary&file=spot_summary_2016.csv
2016-08-24,jepx-top8avg-kyushu,kyushu,16.09,https://www.jepx.jp/_download.php?dir=spot_summary&file=spot_summary_2016.csv
2016-08-25,jepx-top8avg-kyushu,kyushu,13.265,https://www.jepx.jp/_download.php?dir=spot_summary&file=spot_summary_2016.csv
2016-08-26,jepx-top8avg-kyushu,kyushu,17.135,https://www.jepx.jp/_download.php?dir=spot_summary&file=spot_summary_2016.csv
2016-08-27,jepx-top8avg-kyushu,kyushu,9.96,https://www.jepx.jp/_download.php?dir=spot_summary&file=spot_summary_2016.csv
2016-08-28,jepx-top8avg-kyushu,kyushu,7.14875,https://www.jepx.jp/_download.php?dir=spot_summary&file=spot_summary_2016.csv
2016-08-29,jepx-top8avg-kyushu,kyushu,14.557500000000001,https://www.jepx.jp/_download.php?dir=spot_summary&file=spot_summary_2016.csv
2016-08-30,jepx-top8avg-kyushu,kyushu,11.1175,https://www.jepx.jp/_download.php?dir=spot_summary&file=spot_summary_2016.csv
2016-08-31,jepx-top8avg-kyushu,kyushu,11.723749999999999,https://www.jepx.jp/_download.php?dir=spot_summary&file=spot_summary_2016.csv
2016-09-01,jepx-top8avg-kyushu,kyushu,15.245000000000001,https://www.jepx.jp/_download.php?dir=spot_summary&file=spot_summary_2016.csv
2016-09-02,jepx-top8avg-kyushu,kyushu,11.82875,https://www.jepx.jp/_download.php?dir=spot_summary&file=spot_summary_2016.csv
2016-09-03,jepx-top8avg-kyushu,kyushu,8.30125,https://www.jepx.jp/_download.php?dir=spot_summary&file=spot_summary_2016.csv
2016-09-04,jepx-top8avg-kyushu,kyushu,8.31875,https://www.jepx.jp/_download.php?dir=spot_summary&file=spot_summary_2016.csv
2016-09-05,jepx-top8avg-kyushu,kyushu,13.86375,https://www.jepx.jp/_download.php?dir=spot_summary&file=spot_summary_2016.csv
2016-09-06,jepx-top8avg-kyushu,kyushu,13.11375,https://www.jepx.jp/_download.php?dir=spot_summary&file=spot_summary_2016.csv
2016-09-07,jepx-top8avg-kyushu,kyushu,14.46875,https://www.jepx.jp/_download.php?dir=spot_summary&file=spot_summary_2016.csv
2016-09-08,jepx-top8avg-kyushu,kyushu,14.54375,https://www.jepx.jp/_download.php?dir=spot_summary&file=spot_summary_2016.csv
2016-09-09,jepx-top8avg-kyushu,kyushu,12.30375,https://www.jepx.jp/_download.php?dir=spot_summary&file=spot_summary_2016.csv
2016-09-10,jepx-top8avg-kyushu,kyushu,8.5175,https://www.jepx.jp/_download.php?dir=spot_summary&file=spot_summary_2016.csv
2016-09-11,jepx-top8avg-kyushu,kyushu,6.88625,https://www.jepx.jp/_download.php?dir=spot_summary&file=spot_summary_2016.csv
2016-09-12,jepx-top8avg-kyushu,kyushu,15.28,https://www.jepx.jp/_download.php?dir=spot_summary&file=spot_summary_2016.csv
2016-09-13,jepx-top8avg-kyushu,kyushu,16.9175,https://www.jepx.jp/_download.php?dir=spot_summary&file=spot_summary_2016.csv
2016-09-14,jepx-top8avg-kyushu,kyushu,15.28,https://www.jepx.jp/_download.php?dir=spot_summary&file=spot_summary_2016.csv
2016-09-15,jepx-top8avg-kyushu,kyushu,13.445,https://www.jepx.jp/_download.php?dir=spot_summary&file=spot_summary_2016.csv
2016-09-16,jepx-top8avg-kyushu,kyushu,14.9475,https://www.jepx.jp/_download.php?dir=spot_summary&file=spot_summary_2016.csv
2016-09-17,jepx-top8avg-kyushu,kyushu,9.038749999999999,https://www.jepx.jp/_download.php?dir=spot_summary&file=spot_summary_2016.csv
2016-09-18,jepx-top8avg-kyushu,kyushu,5.98375,https://www.jepx.jp/_download.php?dir=spot_summary&file=spot_summary_2016.csv
2016-09-19,jepx-top8avg-kyushu,kyushu,9.6,https://www.jepx.jp/_download.php?dir=spot_summary&file=spot_summary_2016.csv
2016-09-20,jepx-top8avg-kyushu,kyushu,13.38375,https://www.jepx.jp/_download.php?dir=spot_summary&file=spot_summary_2016.csv
2016-09-21,jepx-top8avg-kyushu,kyushu,12.19625,https://www.jepx.jp/_download.php?dir=spot_summary&file=spot_summary_2016.csv
2016-09-22,jepx-top8avg-kyushu,kyushu,7.775,https://www.jepx.jp/_download.php?dir=spot_summary&file=spot_summary_2016.csv
2016-09-23,jepx-top8avg-kyushu,kyushu,11.278749999999999,https://www.jepx.jp/_download.php?dir=spot_summary&file=spot_summary_2016.csv
2016-09-24,jepx-top8avg-kyushu,kyushu,6.94375,https://www.jepx.jp/_download.php?dir=spot_summary&file=spot_summary_2016.csv
2016-09-25,jepx-top8avg-kyushu,kyushu,6.731249999999999,https://www.jepx.jp/_download.php?dir=spot_summary&file=spot_summary_2016.csv
2016-09-26,jepx-top8avg-kyushu,kyushu,12.0275,https://www.jepx.jp/_download.php?dir=spot_summary&file=spot_summary_2016.csv
2016-09-27,jepx-top8avg-kyushu,kyushu,14.71,https://www.jepx.jp/_download.php?dir=spot_summary&file=spot_summary_2016.csv
2016-09-28,jepx-top8avg-kyushu,kyushu,12.51875,https://www.jepx.jp/_download.php?dir=spot_summary&file=spot_summary_2016.csv
2016-09-29,jepx-top8avg-kyushu,kyushu,9.76375,https://www.jepx.jp/_download.php?dir=spot_summary&file=spot_summary_2016.csv
2016-09-30,jepx-top8avg-kyushu,kyushu,10.3525,https://www.jepx.jp/_download.php?dir=spot_summary&file=spot_summary_2016.csv
2016-10-01,jepx-top8avg-kyushu,kyushu,8.969999999999999,https://www.jepx.jp/_download.php?dir=spot_summary&file=spot_summary_2016.csv
2016-10-02,jepx-top8avg-kyushu,kyushu,7.02375,https://www.jepx.jp/_download.php?dir=spot_summary&file=spot_summary_2016.csv
2016-10-03,jepx-top8avg-kyushu,kyushu,13.11875,https://www.jepx.jp/_download.php?dir=spot_summary&file=spot_summary_2016.csv
2016-10-04,jepx-top8avg-kyushu,kyushu,16.47625,https://www.jepx.jp/_download.php?dir=spot_summary&file=spot_summary_2016.csv
2016-10-05,jepx-top8avg-kyushu,kyushu,14.5475,https://www.jepx.jp/_download.php?dir=spot_summary&file=spot_summary_2016.csv
2016-10-06,jepx-top8avg-kyushu,kyushu,12.383750000000001,https://www.jepx.jp/_download.php?dir=spot_summary&file=spot_summary_2016.csv
2016-10-07,jepx-top8avg-kyushu,kyushu,10.44,https://www.jepx.jp/_download.php?dir=spot_summary&file=spot_summary_2016.csv
2016-10-08,jepx-top8avg-kyushu,kyushu,9.725,https://www.jepx.jp/_download.php?dir=spot_summary&file=spot_summary_2016.csv
2016-10-09,jepx-top8avg-kyushu,kyushu,9.99875,https://www.jepx.jp/_download.php?dir=spot_summary&file=spot_summary_2016.csv
2016-10-10,jepx-top8avg-kyushu,kyushu,9.475,https://www.jepx.jp/_download.php?dir=spot_summary&file=spot_summary_2016.csv
2016-10-11,jepx-top8avg-kyushu,kyushu,11.681250000000002,https://www.jepx.jp/_download.php?dir=spot_summary&file=spot_summary_2016.csv
2016-10-12,jepx-top8avg-kyushu,kyushu,11.271250000000002,https://www.jepx.jp/_download.php?dir=spot_summary&file=spot_summary_2016.csv
2016-10-13,jepx-top8avg-kyushu,kyushu,11.22,https://www.jepx.jp/_download.php?dir=spot_summary&file=spot_summary_2016.csv
2016-10-14,jepx-top8avg-kyushu,kyushu,9.713750000000001,https://www.jepx.jp/_download.php?dir=spot_summary&file=spot_summary_2016.csv
2016-10-15,jepx-top8avg-kyushu,kyushu,7.727500000000001,https://www.jepx.jp/_download.php?dir=spot_summary&file=spot_summary_2016.csv
2016-10-16,jepx-top8avg-kyushu,kyushu,7.357500000000001,https://www.jepx.jp/_download.php?dir=spot_summary&file=spot_summary_2016.csv
2016-10-17,jepx-top8avg-kyushu,kyushu,11.305,https://www.jepx.jp/_download.php?dir=spot_summary&file=spot_summary_2016.csv
2016-10-18,jepx-top8avg-kyushu,kyushu,11.81,https://www.jepx.jp/_download.php?dir=spot_summary&file=spot_summary_2016.csv
2016-10-19,jepx-top8avg-kyushu,kyushu,11.25625,https://www.jepx.jp/_download.php?dir=spot_summary&file=spot_summary_2016.csv
2016-10-20,jepx-top8avg-kyushu,kyushu,11.993750000000002,https://www.jepx.jp/_download.php?dir=spot_summary&file=spot_summary_2016.csv
2016-10-21,jepx-top8avg-kyushu,kyushu,12.15625,https://www.jepx.jp/_download.php?dir=spot_summary&file=spot_summary_2016.csv
2016-10-22,jepx-top8avg-kyushu,kyushu,8.3925,https://www.jepx.jp/_download.php?dir=spot_summary&file=spot_summary_2016.csv
2016-10-23,jepx-top8avg-kyushu,kyushu,7.04625,https://www.jepx.jp/_download.php?dir=spot_summary&file=spot_summary_2016.csv
2016-10-24,jepx-top8avg-kyushu,kyushu,10.415,https://www.jepx.jp/_download.php?dir=spot_summary&file=spot_summary_2016.csv
2016-10-25,jepx-top8avg-kyushu,kyushu,11.27375,https://www.jepx.jp/_download.php?dir=spot_summary&file=spot_summary_2016.csv
2016-10-26,jepx-top8avg-kyushu,kyushu,11.805000000000001,https://www.jepx.jp/_download.php?dir=spot_summary&file=spot_summary_2016.csv
2016-10-27,jepx-top8avg-kyushu,kyushu,11.2175,https://www.jepx.jp/_download.php?dir=spot_summary&file=spot_summary_2016.csv
2016-10-28,jepx-top8avg-kyushu,kyushu,10.873750000000001,https://www.jepx.jp/_download.php?dir=spot_summary&file=spot_summary_2016.csv
2016-10-29,jepx-top8avg-kyushu,kyushu,7.6675,https://www.jepx.jp/_download.php?dir=spot_summary&file=spot_summary_2016.csv
2016-10-30,jepx-top8avg-kyushu,kyushu,6.7325,https://www.jepx.jp/_download.php?dir=spot_summary&file=spot_summary_2016.csv
2016-10-31,jepx-top8avg-kyushu,kyushu,9.96375,https://www.jepx.jp/_download.php?dir=spot_summary&file=spot_summary_2016.csv
2016-11-01,jepx-top8avg-kyushu,kyushu,11.05625,https://www.jepx.jp/_download.php?dir=spot_summary&file=spot_summary_2016.csv
2016-11-02,jepx-top8avg-kyushu,kyushu,10.620000000000001,https://www.jepx.jp/_download.php?dir=spot_summary&file=spot_summary_2016.csv
2016-11-03,jepx-top8avg-kyushu,kyushu,8.14875,https://www.jepx.jp/_download.php?dir=spot_summary&file=spot_summary_2016.csv
2016-11-04,jepx-top8avg-kyushu,kyushu,11.305,https://www.jepx.jp/_download.php?dir=spot_summary&file=spot_summary_2016.csv
2016-11-05,jepx-top8avg-kyushu,kyushu,8.7725,https://www.jepx.jp/_download.php?dir=spot_summary&file=spot_summary_2016.csv
2016-11-06,jepx-top8avg-kyushu,kyushu,7.706250000000001,https://www.jepx.jp/_download.php?dir=spot_summary&file=spot_summary_2016.csv
2016-11-07,jepx-top8avg-kyushu,kyushu,11.471250000000001,https://www.jepx.jp/_download.php?dir=spot_summary&file=spot_summary_2016.csv
2016-11-08,jepx-top8avg-kyushu,kyushu,11.16375,https://www.jepx.jp/_download.php?dir=spot_summary&file=spot_summary_2016.csv
2016-11-09,jepx-top8avg-kyushu,kyushu,11.3425,https://www.jepx.jp/_download.php?dir=spot_summary&file=spot_summary_2016.csv
2016-11-10,jepx-top8avg-kyushu,kyushu,12.697500000000002,https://www.jepx.jp/_download.php?dir=spot_summary&file=spot_summary_2016.csv
2016-11-11,jepx-top8avg-kyushu,kyushu,11.548750000000002,https://www.jepx.jp/_download.php?dir=spot_summary&file=spot_summary_2016.csv
2016-11-12,jepx-top8avg-kyushu,kyushu,8.98375,https://www.jepx.jp/_download.php?dir=spot_summary&file=spot_summary_2016.csv
2016-11-13,jepx-top8avg-kyushu,kyushu,7.9087499999999995,https://www.jepx.jp/_download.php?dir=spot_summary&file=spot_summary_2016.csv
2016-11-14,jepx-top8avg-kyushu,kyushu,10.92,https://www.jepx.jp/_download.php?dir=spot_summary&file=spot_summary_2016.csv
2016-11-15,jepx-top8avg-kyushu,kyushu,10.4775,https://www.jepx.jp/_download.php?dir=spot_summary&file=spot_summary_2016.csv
2016-11-16,jepx-top8avg-kyushu,kyushu,13.475000000000001,https://www.jepx.jp/_download.php?dir=spot_summary&file=spot_summary_2016.csv
2016-11-17,jepx-top8avg-kyushu,kyushu,12.321250000000001,https://www.jepx.jp/_download.php?dir=spot_summary&file=spot_summary_2016.csv
2016-11-18,jepx-top8avg-kyushu,kyushu,11.74625,https://www.jepx.jp/_download.php?dir=spot_summary&file=spot_summary_2016.csv
2016-11-19,jepx-top8avg-kyushu,kyushu,9.401250000000001,https://www.jepx.jp/_download.php?dir=spot_summary&file=spot_summary_2016.csv
2016-11-20,jepx-top8avg-kyushu,kyushu,7.7925,https://www.jepx.jp/_download.php?dir=spot_summary&file=spot_summary_2016.csv
2016-11-21,jepx-top8avg-kyushu,kyushu,11.52125,https://www.jepx.jp/_download.php?dir=spot_summary&file=spot_summary_2016.csv
2016-11-22,jepx-top8avg-kyushu,kyushu,11.115,https://www.jepx.jp/_download.php?dir=spot_summary&file=spot_summary_2016.csv
2016-11-23,jepx-top8avg-kyushu,kyushu,11.0525,https://www.jepx.jp/_download.php?dir=spot_summary&file=spot_summary_2016.csv
2016-11-24,jepx-top8avg-kyushu,kyushu,13.02375,https://www.jepx.jp/_download.php?dir=spot_summary&file=spot_summary_2016.csv
2016-11-25,jepx-top8avg-kyushu,kyushu,12.79375,https://www.jepx.jp/_download.php?dir=spot_summary&file=spot_summary_2016.csv
2016-11-26,jepx-top8avg-kyushu,kyushu,10.353750000000002,https://www.jepx.jp/_download.php?dir=spot_summary&file=spot_summary_2016.csv
2016-11-27,jepx-top8avg-kyushu,kyushu,9.83125,https://www.jepx.jp/_download.php?dir=spot_summary&file=spot_summary_2016.csv
2016-11-28,jepx-top8avg-kyushu,kyushu,12.776250000000001,https://www.jepx.jp/_download.php?dir=spot_summary&file=spot_summary_2016.csv
2016-11-29,jepx-top8avg-kyushu,kyushu,11.493749999999999,https://www.jepx.jp/_download.php?dir=spot_summary&file=spot_summary_2016.csv
2016-11-30,jepx-top8avg-kyushu,kyushu,14.54625,https://www.jepx.jp/_download.php?dir=spot_summary&file=spot_summary_2016.csv
2016-12-01,jepx-top8avg-kyushu,kyushu,11.842500000000001,https://www.jepx.jp/_download.php?dir=spot_summary&file=spot_summary_2016.csv
2016-12-02,jepx-top8avg-kyushu,kyushu,16.365000000000002,https://www.jepx.jp/_download.php?dir=spot_summary&file=spot_summary_2016.csv
2016-12-03,jepx-top8avg-kyushu,kyushu,9.445,https://www.jepx.jp/_download.php?dir=spot_summary&file=spot_summary_2016.csv
2016-12-04,jepx-top8avg-kyushu,kyushu,8.3625,https://www.jepx.jp/_download.php?dir=spot_summary&file=spot_summary_2016.csv
2016-12-05,jepx-top8avg-kyushu,kyushu,11.263750000000002,https://www.jepx.jp/_download.php?dir=spot_summary&file=spot_summary_2016.csv
2016-12-06,jepx-top8avg-kyushu,kyushu,11.6025,https://www.jepx.jp/_download.php?dir=spot_summary&file=spot_summary_2016.csv
2016-12-07,jepx-top8avg-kyushu,kyushu,12.83125,https://www.jepx.jp/_download.php?dir=spot_summary&file=spot_summary_2016.csv
2016-12-08,jepx-top8avg-kyushu,kyushu,12.41125,https://www.jepx.jp/_download.php?dir=spot_summary&file=spot_summary_2016.csv
2016-12-09,jepx-top8avg-kyushu,kyushu,11.5275,https://www.jepx.jp/_download.php?dir=spot_summary&file=spot_summary_2016.csv
2016-12-10,jepx-top8avg-kyushu,kyushu,10.9,https://www.jepx.jp/_download.php?dir=spot_summary&file=spot_summary_2016.csv
2016-12-11,jepx-top8avg-kyushu,kyushu,10.92875,https://www.jepx.jp/_download.php?dir=spot_summary&file=spot_summary_2016.csv
2016-12-12,jepx-top8avg-kyushu,kyushu,12.54375,https://www.jepx.jp/_download.php?dir=spot_summary&file=spot_summary_2016.csv
2016-12-13,jepx-top8avg-kyushu,kyushu,12.95,https://www.jepx.jp/_download.php?dir=spot_summary&file=spot_summary_2016.csv
2016-12-14,jepx-top8avg-kyushu,kyushu,14.317499999999999,https://www.jepx.jp/_download.php?dir=spot_summary&file=spot_summary_2016.csv
2016-12-15,jepx-top8avg-kyushu,kyushu,14.35,https://www.jepx.jp/_download.php?dir=spot_summary&file=spot_summary_2016.csv
2016-12-16,jepx-top8avg-kyushu,kyushu,15.05875,https://www.jepx.jp/_download.php?dir=spot_summary&file=spot_summary_2016.csv
2016-12-17,jepx-top8avg-kyushu,kyushu,12.415,https://www.jepx.jp/_download.php?dir=spot_summary&file=spot_summary_2016.csv
2016-12-18,jepx-top8avg-kyushu,kyushu,10.68375,https://www.jepx.jp/_download.php?dir=spot_summary&file=spot_summary_2016.csv
2016-12-19,jepx-top8avg-kyushu,kyushu,13.3275,https://www.jepx.jp/_download.php?dir=spot_summary&file=spot_summary_2016.csv
2016-12-20,jepx-top8avg-kyushu,kyushu,13.455,https://www.jepx.jp/_download.php?dir=spot_summary&file=spot_summary_2016.csv
2016-12-21,jepx-top8avg-kyushu,kyushu,12.1675,https://www.jepx.jp/_download.php?dir=spot_summary&file=spot_summary_2016.csv
2016-12-22,jepx-top8avg-kyushu,kyushu,11.28875,https://www.jepx.jp/_download.php?dir=spot_summary&file=spot_summary_2016.csv
2016-12-23,jepx-top8avg-kyushu,kyushu,10.01,https://www.jepx.jp/_download.php?dir=spot_summary&file=spot_summary_2016.csv
2016-12-24,jepx-top8avg-kyushu,kyushu,10.8825,https://www.jepx.jp/_download.php?dir=spot_summary&file=spot_summary_2016.csv
2016-12-25,jepx-top8avg-kyushu,kyushu,10.100000000000001,https://www.jepx.jp/_download.php?dir=spot_summary&file=spot_summary_2016.csv
2016-12-26,jepx-top8avg-kyushu,kyushu,13.80875,https://www.jepx.jp/_download.php?dir=spot_summary&file=spot_summary_2016.csv
2016-12-27,jepx-top8avg-kyushu,kyushu,11.385000000000002,https://www.jepx.jp/_download.php?dir=spot_summary&file=spot_summary_2016.csv
2016-12-28,jepx-top8avg-kyushu,kyushu,12.39875,https://www.jepx.jp/_download.php?dir=spot_summary&file=spot_summary_2016.csv
2016-12-29,jepx-top8avg-kyushu,kyushu,9.4475,https://www.jepx.jp/_download.php?dir=spot_summary&file=spot_summary_2016.csv
2016-12-30,jepx-top8avg-kyushu,kyushu,9.80875,https://www.jepx.jp/_download.php?dir=spot_summary&file=spot_summary_2016.csv
2016-12-31,jepx-top8avg-kyushu,kyushu,7.83375,https://www.jepx.jp/_download.php?dir=spot_summary&file=spot_summary_2016.csv
2017-01-01,jepx-top8avg-kyushu,kyushu,6.41125,https://www.jepx.jp/_download.php?dir=spot_summary&file=spot_summary_2016.csv
2017-01-02,jepx-top8avg-kyushu,kyushu,6.11,https://www.jepx.jp/_download.php?dir=spot_summary&file=spot_summary_2016.csv
2017-01-03,jepx-top8avg-kyushu,kyushu,7.51125,https://www.jepx.jp/_download.php?dir=spot_summary&file=spot_summary_2016.csv
2017-01-04,jepx-top8avg-kyushu,kyushu,9.010000000000002,https://www.jepx.jp/_download.php?dir=spot_summary&file=spot_summary_2016.csv
2017-01-05,jepx-top8avg-kyushu,kyushu,13.32125,https://www.jepx.jp/_download.php?dir=spot_summary&file=spot_summary_2016.csv
2017-01-06,jepx-top8avg-kyushu,kyushu,12.835,https://www.jepx.jp/_download.php?dir=spot_summary&file=spot_summary_2016.csv
2017-01-07,jepx-top8avg-kyushu,kyushu,11.675,https://www.jepx.jp/_download.php?dir=spot_summary&file=spot_summary_2016.csv
2017-01-08,jepx-top8avg-kyushu,kyushu,10.355,https://www.jepx.jp/_download.php?dir=spot_summary&file=spot_summary_2016.csv
2017-01-09,jepx-top8avg-kyushu,kyushu,12.065,https://www.jepx.jp/_download.php?dir=spot_summary&file=spot_summary_2016.csv
2017-01-10,jepx-top8avg-kyushu,kyushu,13.396249999999998,https://www.jepx.jp/_download.php?dir=spot_summary&file=spot_summary_2016.csv
2017-01-11,jepx-top8avg-kyushu,kyushu,14.0125,https://www.jepx.jp/_download.php?dir=spot_summary&file=spot_summary_2016.csv
2017-01-12,jepx-top8avg-kyushu,kyushu,13.075,https://www.jepx.jp/_download.php?dir=spot_summary&file=spot_summary_2016.csv
2017-01-13,jepx-top8avg-kyushu,kyushu,14.85125,https://www.jepx.jp/_download.php?dir=spot_summary&file=spot_summary_2016.csv
2017-01-14,jepx-top8avg-kyushu,kyushu,12.44,https://www.jepx.jp/_download.php?dir=spot_summary&file=spot_summary_2016.csv
2017-01-15,jepx-top8avg-kyushu,kyushu,13.6625,https://www.jepx.jp/_download.php?dir=spot_summary&file=spot_summary_2016.csv
2017-01-16,jepx-top8avg-kyushu,kyushu,20.8125,https://www.jepx.jp/_download.php?dir=spot_summary&file=spot_summary_2016.csv
2017-01-17,jepx-top8avg-kyushu,kyushu,15.149999999999999,https://www.jepx.jp/_download.php?dir=spot_summary&file=spot_summary_2016.csv
2017-01-18,jepx-top8avg-kyushu,kyushu,14.89875,https://www.jepx.jp/_download.php?dir=spot_summary&file=spot_summary_2016.csv
2017-01-19,jepx-top8avg-kyushu,kyushu,13.8425,https://www.jepx.jp/_download.php?dir=spot_summary&file=spot_summary_2016.csv
2017-01-20,jepx-top8avg-kyushu,kyushu,18.596249999999998,https://www.jepx.jp/_download.php?dir=spot_summary&file=spot_summary_2016.csv
2017-01-21,jepx-top8avg-kyushu,kyushu,12.11375,https://www.jepx.jp/_download.php?dir=spot_summary&file=spot_summary_2016.csv
2017-01-22,jepx-top8avg-kyushu,kyushu,11.25375,https://www.jepx.jp/_download.php?dir=spot_summary&file=spot_summary_2016.csv
2017-01-23,jepx-top8avg-kyushu,kyushu,19.02,https://www.jepx.jp/_download.php?dir=spot_summary&file=spot_summary_2016.csv
2017-01-24,jepx-top8avg-kyushu,kyushu,21.14875,https://www.jepx.jp/_download.php?dir=spot_summary&file=spot_summary_2016.csv
2017-01-25,jepx-top8avg-kyushu,kyushu,21.2875,https://www.jepx.jp/_download.php?dir=spot_summary&file=spot_summary_2016.csv
2017-01-26,jepx-top8avg-kyushu,kyushu,19.3425,https://www.jepx.jp/_download.php?dir=spot_summary&file=spot_summary_2016.csv
2017-01-27,jepx-top8avg-kyushu,kyushu,13.254999999999999,https://www.jepx.jp/_download.php?dir=spot_summary&file=spot_summary_2016.csv
2017-01-28,jepx-top8avg-kyushu,kyushu,11.646250000000002,https://www.jepx.jp/_download.php?dir=spot_summary&file=spot_summary_2016.csv
2017-01-29,jepx-top8avg-kyushu,kyushu,11.46125,https://www.jepx.jp/_download.php?dir=spot_summary&file=spot_summary_2016.csv
2017-01-30,jepx-top8avg-kyushu,kyushu,16.37875,https://www.jepx.jp/_download.php?dir=spot_summary&file=spot_summary_2016.csv
2017-01-31,jepx-top8avg-kyushu,kyushu,13.85125,https://www.jepx.jp/_download.php?dir=spot_summary&file=spot_summary_2016.csv
2017-02-01,jepx-top8avg-kyushu,kyushu,15.565000000000001,https://www.jepx.jp/_download.php?dir=spot_summary&file=spot_summary_2016.csv
2017-02-02,jepx-top8avg-kyushu,kyushu,15.27375,https://www.jepx.jp/_download.php?dir=spot_summary&file=spot_summary_2016.csv
2017-02-03,jepx-top8avg-kyushu,kyushu,14.715,https://www.jepx.jp/_download.php?dir=spot_summary&file=spot_summary_2016.csv
2017-02-04,jepx-top8avg-kyushu,kyushu,12.16375,https://www.jepx.jp/_download.php?dir=spot_summary&file=spot_summary_2016.csv
2017-02-05,jepx-top8avg-kyushu,kyushu,12.51125,https://www.jepx.jp/_download.php?dir=spot_summary&file=spot_summary_2016.csv
2017-02-06,jepx-top8avg-kyushu,kyushu,13.35625,https://www.jepx.jp/_download.php?dir=spot_summary&file=spot_summary_2016.csv
2017-02-07,jepx-top8avg-kyushu,kyushu,13.91625,https://www.jepx.jp/_download.php?dir=spot_summary&file=spot_summary_2016.csv
2017-02-08,jepx-top8avg-kyushu,kyushu,15.03875,https://www.jepx.jp/_download.php?dir=spot_summary&file=spot_summary_2016.csv
2017-02-09,jepx-top8avg-kyushu,kyushu,18.34375,https://www.jepx.jp/_download.php?dir=spot_summary&file=spot_summary_2016.csv
2017-02-10,jepx-top8avg-kyushu,kyushu,18.933750000000003,https://www.jepx.jp/_download.php?dir=spot_summary&file=spot_summary_2016.csv
2017-02-11,jepx-top8avg-kyushu,kyushu,12.715,https://www.jepx.jp/_download.php?dir=spot_summary&file=spot_summary_2016.csv
2017-02-12,jepx-top8avg-kyushu,kyushu,13.3625,https://www.jepx.jp/_download.php?dir=spot_summary&file=spot_summary_2016.csv
2017-02-13,jepx-top8avg-kyushu,kyushu,15.763749999999998,https://www.jepx.jp/_download.php?dir=spot_summary&file=spot_summary_2016.csv
2017-02-14,jepx-top8avg-kyushu,kyushu,16.091250000000002,https://www.jepx.jp/_download.php?dir=spot_summary&file=spot_summary_2016.csv
2017-02-15,jepx-top8avg-kyushu,kyushu,14.63625,https://www.jepx.jp/_download.php?dir=spot_summary&file=spot_summary_2016.csv
2017-02-16,jepx-top8avg-kyushu,kyushu,13.26875,https://www.jepx.jp/_download.php?dir=spot_summary&file=spot_summary_2016.csv
2017-02-17,jepx-top8avg-kyushu,kyushu,14.77875,https://www.jepx.jp/_download.php?dir=spot_summary&file=spot_summary_2016.csv
2017-02-18,jepx-top8avg-kyushu,kyushu,12.08375,https://www.jepx.jp/_download.php?dir=spot_summary&file=spot_summary_2016.csv
2017-02-19,jepx-top8avg-kyushu,kyushu,13.376249999999999,https://www.jepx.jp/_download.php?dir=spot_summary&file=spot_summary_2016.csv
2017-02-20,jepx-top8avg-kyushu,kyushu,17.98125,https://www.jepx.jp/_download.php?dir=spot_summary&file=spot_summary_2016.csv
2017-02-21,jepx-top8avg-kyushu,kyushu,14.75625,https://www.jepx.jp/_download.php?dir=spot_summary&file=spot_summary_2016.csv
2017-02-22,jepx-top8avg-kyushu,kyushu,14.80875,https://www.jepx.jp/_download.php?dir=spot_summary&file=spot_summary_2016.csv
2017-02-23,jepx-top8avg-kyushu,kyushu,17.896250000000002,https://www.jepx.jp/_download.php?dir=spot_summary&file=spot_summary_2016.csv
2017-02-24,jepx-top8avg-kyushu,kyushu,15.34,https://www.jepx.jp/_download.php?dir=spot_summary&file=spot_summary_2016.csv
2017-02-25,jepx-top8avg-kyushu,kyushu,11.2225,https://www.jepx.jp/_download.php?dir=spot_summary&file=spot_summary_2016.csv
2017-02-26,jepx-top8avg-kyushu,kyushu,11.705,https://www.jepx.jp/_download.php?dir=spot_summary&file=spot_summary_2016.csv
2017-02-27,jepx-top8avg-kyushu,kyushu,13.6875,https://www.jepx.jp/_download.php?dir=spot_summary&file=spot_summary_2016.csv
2017-02-28,jepx-top8avg-kyushu,kyushu,12.9825,https://www.jepx.jp/_download.php?dir=spot_summary&file=spot_summary_2016.csv
2017-03-01,jepx-top8avg-kyushu,kyushu,13.94125,https://www.jepx.jp/_download.php?dir=spot_summary&file=spot_summary_2016.csv
2017-03-02,jepx-top8avg-kyushu,kyushu,16.877499999999998,https://www.jepx.jp/_download.php?dir=spot_summary&file=spot_summary_2016.csv
2017-03-03,jepx-top8avg-kyushu,kyushu,13.6325,https://www.jepx.jp/_download.php?dir=spot_summary&file=spot_summary_2016.csv
2017-03-04,jepx-top8avg-kyushu,kyushu,10.63375,https://www.jepx.jp/_download.php?dir=spot_summary&file=spot_summary_2016.csv
2017-03-05,jepx-top8avg-kyushu,kyushu,11.67625,https://www.jepx.jp/_download.php?dir=spot_summary&file=spot_summary_2016.csv
2017-03-06,jepx-top8avg-kyushu,kyushu,16.689999999999998,https://www.jepx.jp/_download.php?dir=spot_summary&file=spot_summary_2016.csv
2017-03-07,jepx-top8avg-kyushu,kyushu,15.0075,https://www.jepx.jp/_download.php?dir=spot_summary&file=spot_summary_2016.csv
2017-03-08,jepx-top8avg-kyushu,kyushu,15.5975,https://www.jepx.jp/_download.php?dir=spot_summary&file=spot_summary_2016.csv
2017-03-09,jepx-top8avg-kyushu,kyushu,14.35625,https://www.jepx.jp/_download.php?dir=spot_summary&file=spot_summary_2016.csv
2017-03-10,jepx-top8avg-kyushu,kyushu,13.7625,https://www.jepx.jp/_download.php?dir=spot_summary&file=spot_summary_2016.csv
2017-03-11,jepx-top8avg-kyushu,kyushu,11.582500000000001,https://www.jepx.jp/_download.php?dir=spot_summary&file=spot_summary_2016.csv
2017-03-12,jepx-top8avg-kyushu,kyushu,11.54875,https://www.jepx.jp/_download.php?dir=spot_summary&file=spot_summary_2016.csv
2017-03-13,jepx-top8avg-kyushu,kyushu,16.061249999999998,https://www.jepx.jp/_download.php?dir=spot_summary&file=spot_summary_2016.csv
2017-03-14,jepx-top8avg-kyushu,kyushu,15.51,https://www.jepx.jp/_download.php?dir=spot_summary&file=spot_summary_2016.csv
2017-03-15,jepx-top8avg-kyushu,kyushu,18.7025,https://www.jepx.jp/_download.php?dir=spot_summary&file=spot_summary_2016.csv
2017-03-16,jepx-top8avg-kyushu,kyushu,15.51375,https://www.jepx.jp/_download.php?dir=spot_summary&file=spot_summary_2016.csv
2017-03-17,jepx-top8avg-kyushu,kyushu,14.29125,https://www.jepx.jp/_download.php?dir=spot_summary&file=spot_summary_2016.csv
2017-03-18,jepx-top8avg-kyushu,kyushu,11.8725,https://www.jepx.jp/_download.php?dir=spot_summary&file=spot_summary_2016.csv
2017-03-19,jepx-top8avg-kyushu,kyushu,10.853750000000002,https://www.jepx.jp/_download.php?dir=spot_summary&file=spot_summary_2016.csv
2017-03-20,jepx-top8avg-kyushu,kyushu,10.2775,https://www.jepx.jp/_download.php?dir=spot_summary&file=spot_summary_2016.csv
2017-03-21,jepx-top8avg-kyushu,kyushu,19.61875,https://www.jepx.jp/_download.php?dir=spot_summary&file=spot_summary_2016.csv
2017-03-22,jepx-top8avg-kyushu,kyushu,13.4775,https://www.jepx.jp/_download.php?dir=spot_summary&file=spot_summary_2016.csv
2017-03-23,jepx-top8avg-kyushu,kyushu,15.125,https://www.jepx.jp/_download.php?dir=spot_summary&file=spot_summary_2016.csv
2017-03-24,jepx-top8avg-kyushu,kyushu,15.22625,https://www.jepx.jp/_download.php?dir=spot_summary&file=spot_summary_2016.csv
2017-03-25,jepx-top8avg-kyushu,kyushu,11.611250000000002,https://www.jepx.jp/_download.php?dir=spot_summary&file=spot_summary_2016.csv
2017-03-26,jepx-top8avg-kyushu,kyushu,12.5175,https://www.jepx.jp/_download.php?dir=spot_summary&file=spot_summary_2016.csv
2017-03-27,jepx-top8avg-kyushu,kyushu,17.6175,https://www.jepx.jp/_download.php?dir=spot_summary&file=spot_summary_2016.csv
2017-03-28,jepx-top8avg-kyushu,kyushu,13.71625,https://www.jepx.jp/_download.php?dir=spot_summary&file=spot_summary_2016.csv
2017-03-29,jepx-top8avg-kyushu,kyushu,16.01375,https://www.jepx.jp/_download.php?dir=spot_summary&file=spot_summary_2016.csv
2017-03-30,jepx-top8avg-kyushu,kyushu,14.0875,https://www.jepx.jp/_download.php?dir=spot_summary&file=spot_summary_2016.csv
2017-03-31,jepx-top8avg-kyushu,kyushu,17.15,https://www.jepx.jp/_download.php?dir=spot_summary&file=spot_summary_2016.csv
2017-04-01,jepx-top8avg-kyushu,kyushu,10.07875,https://www.jepx.jp/_download.php?dir=spot_summary&file=spot_summary_2017.csv
2017-04-02,jepx-top8avg-kyushu,kyushu,10.2225,https://www.jepx.jp/_download.php?dir=spot_summary&file=spot_summary_2017.csv
2017-04-03,jepx-top8avg-kyushu,kyushu,14.497499999999999,https://www.jepx.jp/_download.php?dir=spot_summary&file=spot_summary_2017.csv
2017-04-04,jepx-top8avg-kyushu,kyushu,12.6725,https://www.jepx.jp/_download.php?dir=spot_summary&file=spot_summary_2017.csv
2017-04-05,jepx-top8avg-kyushu,kyushu,12.940000000000001,https://www.jepx.jp/_download.php?dir=spot_summary&file=spot_summary_2017.csv
2017-04-06,jepx-top8avg-kyushu,kyushu,13.13875,https://www.jepx.jp/_download.php?dir=spot_summary&file=spot_summary_2017.csv
2017-04-07,jepx-top8avg-kyushu,kyushu,13.87125,https://www.jepx.jp/_download.php?dir=spot_summary&file=spot_summary_2017.csv
2017-04-08,jepx-top8avg-kyushu,kyushu,11.567499999999999,https://www.jepx.jp/_download.php?dir=spot_summary&file=spot_summary_2017.csv
2017-04-09,jepx-top8avg-kyushu,kyushu,8.747499999999999,https://www.jepx.jp/_download.php?dir=spot_summary&file=spot_summary_2017.csv
2017-04-10,jepx-top8avg-kyushu,kyushu,13.765,https://www.jepx.jp/_download.php?dir=spot_summary&file=spot_summary_2017.csv
2017-04-11,jepx-top8avg-kyushu,kyushu,17.891250000000003,https://www.jepx.jp/_download.php?dir=spot_summary&file=spot_summary_2017.csv
2017-04-12,jepx-top8avg-kyushu,kyushu,12.49125,https://www.jepx.jp/_download.php?dir=spot_summary&file=spot_summary_2017.csv
2017-04-13,jepx-top8avg-kyushu,kyushu,12.315000000000001,https://www.jepx.jp/_download.php?dir=spot_summary&file=spot_summary_2017.csv
2017-04-14,jepx-top8avg-kyushu,kyushu,11.865,https://www.jepx.jp/_download.php?dir=spot_summary&file=spot_summary_2017.csv
2017-04-15,jepx-top8avg-kyushu,kyushu,9.028749999999999,https://www.jepx.jp/_download.php?dir=spot_summary&file=spot_summary_2017.csv
2017-04-16,jepx-top8avg-kyushu,kyushu,7.79,https://www.jepx.jp/_download.php?dir=spot_summary&file=spot_summary_2017.csv
2017-04-17,jepx-top8avg-kyushu,kyushu,13.635,https://www.jepx.jp/_download.php?dir=spot_summary&file=spot_summary_2017.csv
2017-04-18,jepx-top8avg-kyushu,kyushu,11.34,https://www.jepx.jp/_download.php?dir=spot_summary&file=spot_summary_2017.csv
2017-04-19,jepx-top8avg-kyushu,kyushu,10.42125,https://www.jepx.jp/_download.php?dir=spot_summary&file=spot_summary_2017.csv
2017-04-20,jepx-top8avg-kyushu,kyushu,9.693750000000001,https://www.jepx.jp/_download.php?dir=spot_summary&file=spot_summary_2017.csv
2017-04-21,jepx-top8avg-kyushu,kyushu,11.61,https://www.jepx.jp/_download.php?dir=spot_summary&file=spot_summary_2017.csv
2017-04-22,jepx-top8avg-kyushu,kyushu,7.8175,https://www.jepx.jp/_download.php?dir=spot_summary&file=spot_summary_2017.csv
2017-04-23,jepx-top8avg-kyushu,kyushu,7.8774999999999995,https://www.jepx.jp/_download.php?dir=spot_summary&file=spot_summary_2017.csv
2017-04-24,jepx-top8avg-kyushu,kyushu,9.39625,https://www.jepx.jp/_download.php?dir=spot_summary&file=spot_summary_2017.csv
2017-04-25,jepx-top8avg-kyushu,kyushu,9.95,https://www.jepx.jp/_download.php?dir=spot_summary&file=spot_summary_2017.csv
2017-04-26,jepx-top8avg-kyushu,kyushu,12.103749999999998,https://www.jepx.jp/_download.php?dir=spot_summary&file=spot_summary_2017.csv
2017-04-27,jepx-top8avg-kyushu,kyushu,8.57625,https://www.jepx.jp/_download.php?dir=spot_summary&file=spot_summary_2017.csv
2017-04-28,jepx-top8avg-kyushu,kyushu,8.485,https://www.jepx.jp/_download.php?dir=spot_summary&file=spot_summary_2017.csv
2017-04-29,jepx-top8avg-kyushu,kyushu,7.87875,https://www.jepx.jp/_download.php?dir=spot_summary&file=spot_summary_2017.csv
2017-04-30,jepx-top8avg-kyushu,kyushu,6.203749999999999,https://www.jepx.jp/_download.php?dir=spot_summary&file=spot_summary_2017.csv
2017-05-01,jepx-top8avg-kyushu,kyushu,11.588750000000001,https://www.jepx.jp/_download.php?dir=spot_summary&file=spot_summary_2017.csv
2017-05-02,jepx-top8avg-kyushu,kyushu,8.2925,https://www.jepx.jp/_download.php?dir=spot_summary&file=spot_summary_2017.csv
2017-05-03,jepx-top8avg-kyushu,kyushu,7.45875,https://www.jepx.jp/_download.php?dir=spot_summary&file=spot_summary_2017.csv
2017-05-04,jepx-top8avg-kyushu,kyushu,8.388750000000002,https://www.jepx.jp/_download.php?dir=spot_summary&file=spot_summary_2017.csv
2017-05-05,jepx-top8avg-kyushu,kyushu,6.84375,https://www.jepx.jp/_download.php?dir=spot_summary&file=spot_summary_2017.csv
2017-05-06,jepx-top8avg-kyushu,kyushu,7.125,https://www.jepx.jp/_download.php?dir=spot_summary&file=spot_summary_2017.csv
2017-05-07,jepx-top8avg-kyushu,kyushu,6.984999999999999,https://www.jepx.jp/_download.php?dir=spot_summary&file=spot_summary_2017.csv
2017-05-08,jepx-top8avg-kyushu,kyushu,11.0875,https://www.jepx.jp/_download.php?dir=spot_summary&file=spot_summary_2017.csv
2017-05-09,jepx-top8avg-kyushu,kyushu,11.31125,https://www.jepx.jp/_download.php?dir=spot_summary&file=spot_summary_2017.csv
2017-05-10,jepx-top8avg-kyushu,kyushu,8.04625,https://www.jepx.jp/_download.php?dir=spot_summary&file=spot_summary_2017.csv
2017-05-11,jepx-top8avg-kyushu,kyushu,8.03125,https://www.jepx.jp/_download.php?dir=spot_summary&file=spot_summary_2017.csv
2017-05-12,jepx-top8avg-kyushu,kyushu,10.465,https://www.jepx.jp/_download.php?dir=spot_summary&file=spot_summary_2017.csv
2017-05-13,jepx-top8avg-kyushu,kyushu,6.105,https://www.jepx.jp/_download.php?dir=spot_summary&file=spot_summary_2017.csv
2017-05-14,jepx-top8avg-kyushu,kyushu,6.4925,https://www.jepx.jp/_download.php?dir=spot_summary&file=spot_summary_2017.csv
2017-05-15,jepx-top8avg-kyushu,kyushu,8.192499999999999,https://www.jepx.jp/_download.php?dir=spot_summary&file=spot_summary_2017.csv
2017-05-16,jepx-top8avg-kyushu,kyushu,8.17,https://www.jepx.jp/_download.php?dir=spot_summary&file=spot_summary_2017.csv
2017-05-17,jepx-top8avg-kyushu,kyushu,7.0675,https://www.jepx.jp/_download.php?dir=spot_summary&file=spot_summary_2017.csv
2017-05-18,jepx-top8avg-kyushu,kyushu,6.540000000000001,https://www.jepx.jp/_download.php?dir=spot_summary&file=spot_summary_2017.csv
2017-05-19,jepx-top8avg-kyushu,kyushu,8.495000000000001,https://www.jepx.jp/_download.php?dir=spot_summary&file=spot_summary_2017.csv
2017-05-20,jepx-top8avg-kyushu,kyushu,8.91875,https://www.jepx.jp/_download.php?dir=spot_summary&file=spot_summary_2017.csv
2017-05-21,jepx-top8avg-kyushu,kyushu,8.67625,https://www.jepx.jp/_download.php?dir=spot_summary&file=spot_summary_2017.csv
2017-05-22,jepx-top8avg-kyushu,kyushu,8.31,https://www.jepx.jp/_download.php?dir=spot_summary&file=spot_summary_2017.csv
2017-05-23,jepx-top8avg-kyushu,kyushu,9.92,https://www.jepx.jp/_download.php?dir=spot_summary&file=spot_summary_2017.csv
2017-05-24,jepx-top8avg-kyushu,kyushu,11.17375,https://www.jepx.jp/_download.php?dir=spot_summary&file=spot_summary_2017.csv
2017-05-25,jepx-top8avg-kyushu,kyushu,12.52375,https://www.jepx.jp/_download.php?dir=spot_summary&file=spot_summary_2017.csv
2017-05-26,jepx-top8avg-kyushu,kyushu,7.92,https://www.jepx.jp/_download.php?dir=spot_summary&file=spot_summary_2017.csv
2017-05-27,jepx-top8avg-kyushu,kyushu,6.94,https://www.jepx.jp/_download.php?dir=spot_summary&file=spot_summary_2017.csv
2017-05-28,jepx-top8avg-kyushu,kyushu,7.83125,https://www.jepx.jp/_download.php?dir=spot_summary&file=spot_summary_2017.csv
2017-05-29,jepx-top8avg-kyushu,kyushu,9.3125,https://www.jepx.jp/_download.php?dir=spot_summary&file=spot_summary_2017.csv
2017-05-30,jepx-top8avg-kyushu,kyushu,10.91375,https://www.jepx.jp/_download.php?dir=spot_summary&file=spot_summary_2017.csv
2017-05-31,jepx-top8avg-kyushu,kyushu,12.063749999999999,https://www.jepx.jp/_download.php?dir=spot_summary&file=spot_summary_2017.csv
2017-06-01,jepx-top8avg-kyushu,kyushu,10.0575,https://www.jepx.jp/_download.php?dir=spot_summary&file=spot_summary_2017.csv
2017-06-02,jepx-top8avg-kyushu,kyushu,9.0375,https://www.jepx.jp/_download.php?dir=spot_summary&file=spot_summary_2017.csv
2017-06-03,jepx-top8avg-kyushu,kyushu,8.735,https://www.jepx.jp/_download.php?dir=spot_summary&file=spot_summary_2017.csv
2017-06-04,jepx-top8avg-kyushu,kyushu,8.82625,https://www.jepx.jp/_download.php?dir=spot_summary&file=spot_summary_2017.csv
2017-06-05,jepx-top8avg-kyushu,kyushu,9.247499999999999,https://www.jepx.jp/_download.php?dir=spot_summary&file=spot_summary_2017.csv
2017-06-06,jepx-top8avg-kyushu,kyushu,10.07875,https://www.jepx.jp/_download.php?dir=spot_summary&file=spot_summary_2017.csv
2017-06-07,jepx-top8avg-kyushu,kyushu,11.17125,https://www.jepx.jp/_download.php?dir=spot_summary&file=spot_summary_2017.csv
2017-06-08,jepx-top8avg-kyushu,kyushu,9.975,https://www.jepx.jp/_download.php?dir=spot_summary&file=spot_summary_2017.csv
2017-06-09,jepx-top8avg-kyushu,kyushu,10.12,https://www.jepx.jp/_download.php?dir=spot_summary&file=spot_summary_2017.csv
2017-06-10,jepx-top8avg-kyushu,kyushu,8.49375,https://www.jepx.jp/_download.php?dir=spot_summary&file=spot_summary_2017.csv
2017-06-11,jepx-top8avg-kyushu,kyushu,8.342500000000001,https://www.jepx.jp/_download.php?dir=spot_summary&file=spot_summary_2017.csv
2017-06-12,jepx-top8avg-kyushu,kyushu,9.39625,https://www.jepx.jp/_download.php?dir=spot_summary&file=spot_summary_2017.csv
2017-06-13,jepx-top8avg-kyushu,kyushu,8.75375,https://www.jepx.jp/_download.php?dir=spot_summary&file=spot_summary_2017.csv
2017-06-14,jepx-top8avg-kyushu,kyushu,8.8725,https://www.jepx.jp/_download.php?dir=spot_summary&file=spot_summary_2017.csv
2017-06-15,jepx-top8avg-kyushu,kyushu,8.973749999999999,https://www.jepx.jp/_download.php?dir=spot_summary&file=spot_summary_2017.csv
2017-06-16,jepx-top8avg-kyushu,kyushu,9.85375,https://www.jepx.jp/_download.php?dir=spot_summary&file=spot_summary_2017.csv
2017-06-17,jepx-top8avg-kyushu,kyushu,8.77125,https://www.jepx.jp/_download.php?dir=spot_summary&file=spot_summary_2017.csv
2017-06-18,jepx-top8avg-kyushu,kyushu,8.235,https://www.jepx.jp/_download.php?dir=spot_summary&file=spot_summary_2017.csv
2017-06-19,jepx-top8avg-kyushu,kyushu,9.688749999999999,https://www.jepx.jp/_download.php?dir=spot_summary&file=spot_summary_2017.csv
2017-06-20,jepx-top8avg-kyushu,kyushu,11.2025,https://www.jepx.jp/_download.php?dir=spot_summary&file=spot_summary_2017.csv
2017-06-21,jepx-top8avg-kyushu,kyushu,11.587499999999999,https://www.jepx.jp/_download.php?dir=spot_summary&file=spot_summary_2017.csv
2017-06-22,jepx-top8avg-kyushu,kyushu,11.37875,https://www.jepx.jp/_download.php?dir=spot_summary&file=spot_summary_2017.csv
2017-06-23,jepx-top8avg-kyushu,kyushu,12.330000000000002,https://www.jepx.jp/_download.php?dir=spot_summary&file=spot_summary_2017.csv
2017-06-24,jepx-top8avg-kyushu,kyushu,9.7375,https://www.jepx.jp/_download.php?dir=spot_summary&file=spot_summary_2017.csv
2017-06-25,jepx-top8avg-kyushu,kyushu,8.76375,https://www.jepx.jp/_download.php?dir=spot_summary&file=spot_summary_2017.csv
2017-06-26,jepx-top8avg-kyushu,kyushu,11.8025,https://www.jepx.jp/_download.php?dir=spot_summary&file=spot_summary_2017.csv
2017-06-27,jepx-top8avg-kyushu,kyushu,11.693750000000001,https://www.jepx.jp/_download.php?dir=spot_summary&file=spot_summary_2017.csv
2017-06-28,jepx-top8avg-kyushu,kyushu,12.25875,https://www.jepx.jp/_download.php?dir=spot_summary&file=spot_summary_2017.csv
2017-06-29,jepx-top8avg-kyushu,kyushu,11.693750000000001,https://www.jepx.jp/_download.php?dir=spot_summary&file=spot_summary_2017.csv
2017-06-30,jepx-top8avg-kyushu,kyushu,11.76875,https://www.jepx.jp/_download.php?dir=spot_summary&file=spot_summary_2017.csv
2017-07-01,jepx-top8avg-kyushu,kyushu,9.0275,https://www.jepx.jp/_download.php?dir=spot_summary&file=spot_summary_2017.csv
2017-07-02,jepx-top8avg-kyushu,kyushu,10.51875,https://www.jepx.jp/_download.php?dir=spot_summary&file=spot_summary_2017.csv
2017-07-03,jepx-top8avg-kyushu,kyushu,14.151250000000001,https://www.jepx.jp/_download.php?dir=spot_summary&file=spot_summary_2017.csv
2017-07-04,jepx-top8avg-kyushu,kyushu,20.0025,https://www.jepx.jp/_download.php?dir=spot_summary&file=spot_summary_2017.csv
2017-07-05,jepx-top8avg-kyushu,kyushu,20.72625,https://www.jepx.jp/_download.php?dir=spot_summary&file=spot_summary_2017.csv
2017-07-06,jepx-top8avg-kyushu,kyushu,18.908749999999998,https://www.jepx.jp/_download.php?dir=spot_summary&file=spot_summary_2017.csv
2017-07-07,jepx-top8avg-kyushu,kyushu,18.655,https://www.jepx.jp/_download.php?dir=spot_summary&file=spot_summary_2017.csv
2017-07-08,jepx-top8avg-kyushu,kyushu,9.120000000000001,https://www.jepx.jp/_download.php?dir=spot_summary&file=spot_summary_2017.csv
2017-07-09,jepx-top8avg-kyushu,kyushu,9.165,https://www.jepx.jp/_download.php?dir=spot_summary&file=spot_summary_2017.csv
2017-07-10,jepx-top8avg-kyushu,kyushu,12.655000000000001,https://www.jepx.jp/_download.php?dir=spot_summary&file=spot_summary_2017.csv
2017-07-11,jepx-top8avg-kyushu,kyushu,19.415,https://www.jepx.jp/_download.php?dir=spot_summary&file=spot_summary_2017.csv
2017-07-12,jepx-top8avg-kyushu,kyushu,21.2925,https://www.jepx.jp/_download.php?dir=spot_summary&file=spot_summary_2017.csv
2017-07-13,jepx-top8avg-kyushu,kyushu,21.12,https://www.jepx.jp/_download.php?dir=spot_summary&file=spot_summary_2017.csv
2017-07-14,jepx-top8avg-kyushu,kyushu,21.42,https://www.jepx.jp/_download.php?dir=spot_summary&file=spot_summary_2017.csv
2017-07-15,jepx-top8avg-kyushu,kyushu,11.541250000000002,https://www.jepx.jp/_download.php?dir=spot_summary&file=spot_summary_2017.csv
2017-07-16,jepx-top8avg-kyushu,kyushu,10.99625,https://www.jepx.jp/_download.php?dir=spot_summary&file=spot_summary_2017.csv
2017-07-17,jepx-top8avg-kyushu,kyushu,12.17,https://www.jepx.jp/_download.php?dir=spot_summary&file=spot_summary_2017.csv
2017-07-18,jepx-top8avg-kyushu,kyushu,22.918750000000003,https://www.jepx.jp/_download.php?dir=spot_summary&file=spot_summary_2017.csv
2017-07-19,jepx-top8avg-kyushu,kyushu,22.50625,https://www.jepx.jp/_download.php?dir=spot_summary&file=spot_summary_2017.csv
2017-07-20,jepx-top8avg-kyushu,kyushu,26.30875,https://www.jepx.jp/_download.php?dir=spot_summary&file=spot_summary_2017.csv
2017-07-21,jepx-top8avg-kyushu,kyushu,23.25,https://www.jepx.jp/_download.php?dir=spot_summary&file=spot_summary_2017.csv
2017-07-22,jepx-top8avg-kyushu,kyushu,11.32625,https://www.jepx.jp/_download.php?dir=spot_summary&file=spot_summary_2017.csv
2017-07-23,jepx-top8avg-kyushu,kyushu,10.5775,https://www.jepx.jp/_download.php?dir=spot_summary&file=spot_summary_2017.csv
2017-07-24,jepx-top8avg-kyushu,kyushu,24.252499999999998,https://www.jepx.jp/_download.php?dir=spot_summary&file=spot_summary_2017.csv
2017-07-25,jepx-top8avg-kyushu,kyushu,22.86875,https://www.jepx.jp/_download.php?dir=spot_summary&file=spot_summary_2017.csv
2017-07-26,jepx-top8avg-kyushu,kyushu,19.30625,https://www.jepx.jp/_download.php?dir=spot_summary&file=spot_summary_2017.csv
2017-07-27,jepx-top8avg-kyushu,kyushu,20.240000000000002,https://www.jepx.jp/_download.php?dir=spot_summary&file=spot_summary_2017.csv
2017-07-28,jepx-top8avg-kyushu,kyushu,17.67625,https://www.jepx.jp/_download.php?dir=spot_summary&file=spot_summary_2017.csv
2017-07-29,jepx-top8avg-kyushu,kyushu,12.17,https://www.jepx.jp/_download.php?dir=spot_summary&file=spot_summary_2017.csv
2017-07-30,jepx-top8avg-kyushu,kyushu,10.4825,https://www.jepx.jp/_download.php?dir=spot_summary&file=spot_summary_2017.csv
2017-07-31,jepx-top8avg-kyushu,kyushu,22.002499999999998,https://www.jepx.jp/_download.php?dir=spot_summary&file=spot_summary_2017.csv
2017-08-01,jepx-top8avg-kyushu,kyushu,24.9375,https://www.jepx.jp/_download.php?dir=spot_summary&file=spot_summary_2017.csv
2017-08-02,jepx-top8avg-kyushu,kyushu,16.2025,https://www.jepx.jp/_download.php?dir=spot_summary&file=spot_summary_2017.csv
2017-08-03,jepx-top8avg-kyushu,kyushu,16.8225,https://www.jepx.jp/_download.php?dir=spot_summary&file=spot_summary_2017.csv
2017-08-04,jepx-top8avg-kyushu,kyushu,19.21125,https://www.jepx.jp/_download.php?dir=spot_summary&file=spot_summary_2017.csv
2017-08-05,jepx-top8avg-kyushu,kyushu,11.01375,https://www.jepx.jp/_download.php?dir=spot_summary&file=spot_summary_2017.csv
2017-08-06,jepx-top8avg-kyushu,kyushu,11.186250000000001,https://www.jepx.jp/_download.php?dir=spot_summary&file=spot_summary_2017.csv
2017-08-07,jepx-top8avg-kyushu,kyushu,20.6575,https://www.jepx.jp/_download.php?dir=spot_summary&file=spot_summary_2017.csv
2017-08-08,jepx-top8avg-kyushu,kyushu,20.73,https://www.jepx.jp/_download.php?dir=spot_summary&file=spot_summary_2017.csv
2017-08-09,jepx-top8avg-kyushu,kyushu,19.81375,https://www.jepx.jp/_download.php?dir=spot_summary&file=spot_summary_2017.csv
2017-08-10,jepx-top8avg-kyushu,kyushu,22.575000000000003,https://www.jepx.jp/_download.php?dir=spot_summary&file=spot_summary_2017.csv
2017-08-11,jepx-top8avg-kyushu,kyushu,10.747499999999999,https://www.jepx.jp/_download.php?dir=spot_summary&file=spot_summary_2017.csv
2017-08-12,jepx-top8avg-kyushu,kyushu,10.00875,https://www.jepx.jp/_download.php?dir=spot_summary&file=spot_summary_2017.csv
2017-08-13,jepx-top8avg-kyushu,kyushu,10.693750000000001,https://www.jepx.jp/_download.php?dir=spot_summary&file=spot_summary_2017.csv
2017-08-14,jepx-top8avg-kyushu,kyushu,10.23,https://www.jepx.jp/_download.php?dir=spot_summary&file=spot_summary_2017.csv
2017-08-15,jepx-top8avg-kyushu,kyushu,9.07375,https://www.jepx.jp/_download.php?dir=spot_summary&file=spot_summary_2017.csv
2017-08-16,jepx-top8avg-kyushu,kyushu,10.23375,https://www.jepx.jp/_download.php?dir=spot_summary&file=spot_summary_2017.csv
2017-08-17,jepx-top8avg-kyushu,kyushu,12.23,https://www.jepx.jp/_download.php?dir=spot_summary&file=spot_summary_2017.csv
2017-08-18,jepx-top8avg-kyushu,kyushu,12.295,https://www.jepx.jp/_download.php?dir=spot_summary&file=spot_summary_2017.csv
2017-08-19,jepx-top8avg-kyushu,kyushu,10.11875,https://www.jepx.jp/_download.php?dir=spot_summary&file=spot_summary_2017.csv
2017-08-20,jepx-top8avg-kyushu,kyushu,9.1875,https://www.jepx.jp/_download.php?dir=spot_summary&file=spot_summary_2017.csv
2017-08-21,jepx-top8avg-kyushu,kyushu,12.629999999999999,https://www.jepx.jp/_download.php?dir=spot_summary&file=spot_summary_2017.csv
2017-08-22,jepx-top8avg-kyushu,kyushu,18.62625,https://www.jepx.jp/_download.php?dir=spot_summary&file=spot_summary_2017.csv
2017-08-23,jepx-top8avg-kyushu,kyushu,18.72625,https://www.jepx.jp/_download.php?dir=spot_summary&file=spot_summary_2017.csv
2017-08-24,jepx-top8avg-kyushu,kyushu,23.04125,https://www.jepx.jp/_download.php?dir=spot_summary&file=spot_summary_2017.csv
2017-08-25,jepx-top8avg-kyushu,kyushu,21.46875,https://www.jepx.jp/_download.php?dir=spot_summary&file=spot_summary_2017.csv
2017-08-26,jepx-top8avg-kyushu,kyushu,12.26,https://www.jepx.jp/_download.php?dir=spot_summary&file=spot_summary_2017.csv
2017-08-27,jepx-top8avg-kyushu,kyushu,10.375,https://www.jepx.jp/_download.php?dir=spot_summary&file=spot_summary_2017.csv
2017-08-28,jepx-top8avg-kyushu,kyushu,16.72,https://www.jepx.jp/_download.php?dir=spot_summary&file=spot_summary_2017.csv
2017-08-29,jepx-top8avg-kyushu,kyushu,20.7625,https://www.jepx.jp/_download.php?dir=spot_summary&file=spot_summary_2017.csv
2017-08-30,jepx-top8avg-kyushu,kyushu,17.31375,https://www.jepx.jp/_download.php?dir=spot_summary&file=spot_summary_2017.csv
2017-08-31,jepx-top8avg-kyushu,kyushu,12.32,https://www.jepx.jp/_download.php?dir=spot_summary&file=spot_summary_2017.csv
2017-09-01,jepx-top8avg-kyushu,kyushu,12.467500000000001,https://www.jepx.jp/_download.php?dir=spot_summary&file=spot_summary_2017.csv
2017-09-02,jepx-top8avg-kyushu,kyushu,8.670000000000002,https://www.jepx.jp/_download.php?dir=spot_summary&file=spot_summary_2017.csv
2017-09-03,jepx-top8avg-kyushu,kyushu,8.1625,https://www.jepx.jp/_download.php?dir=spot_summary&file=spot_summary_2017.csv
2017-09-04,jepx-top8avg-kyushu,kyushu,12.425,https://www.jepx.jp/_download.php?dir=spot_summary&file=spot_summary_2017.csv
2017-09-05,jepx-top8avg-kyushu,kyushu,12.45125,https://www.jepx.jp/_download.php?dir=spot_summary&file=spot_summary_2017.csv
2017-09-06,jepx-top8avg-kyushu,kyushu,12.3875,https://www.jepx.jp/_download.php?dir=spot_summary&file=spot_summary_2017.csv
2017-09-07,jepx-top8avg-kyushu,kyushu,12.32,https://www.jepx.jp/_download.php?dir=spot_summary&file=spot_summary_2017.csv
2017-09-08,jepx-top8avg-kyushu,kyushu,11.18125,https://www.jepx.jp/_download.php?dir=spot_summary&file=spot_summary_2017.csv
2017-09-09,jepx-top8avg-kyushu,kyushu,7.296250000000001,https://www.jepx.jp/_download.php?dir=spot_summary&file=spot_summary_2017.csv
2017-09-10,jepx-top8avg-kyushu,kyushu,7.25375,https://www.jepx.jp/_download.php?dir=spot_summary&file=spot_summary_2017.csv
2017-09-11,jepx-top8avg-kyushu,kyushu,12.32,https://www.jepx.jp/_download.php?dir=spot_summary&file=spot_summary_2017.csv
2017-09-12,jepx-top8avg-kyushu,kyushu,15.5475,https://www.jepx.jp/_download.php?dir=spot_summary&file=spot_summary_2017.csv
2017-09-13,jepx-top8avg-kyushu,kyushu,13.435,https://www.jepx.jp/_download.php?dir=spot_summary&file=spot_summary_2017.csv
2017-09-14,jepx-top8avg-kyushu,kyushu,12.3375,https://www.jepx.jp/_download.php?dir=spot_summary&file=spot_summary_2017.csv
2017-09-15,jepx-top8avg-kyushu,kyushu,12.3975,https://www.jepx.jp/_download.php?dir=spot_summary&file=spot_summary_2017.csv
2017-09-16,jepx-top8avg-kyushu,kyushu,7.21125,https://www.jepx.jp/_download.php?dir=spot_summary&file=spot_summary_2017.csv
2017-09-17,jepx-top8avg-kyushu,kyushu,7.4,https://www.jepx.jp/_download.php?dir=spot_summary&file=spot_summary_2017.csv
2017-09-18,jepx-top8avg-kyushu,kyushu,9.52,https://www.jepx.jp/_download.php?dir=spot_summary&file=spot_summary_2017.csv
2017-09-19,jepx-top8avg-kyushu,kyushu,12.408750000000001,https://www.jepx.jp/_download.php?dir=spot_summary&file=spot_summary_2017.csv
2017-09-20,jepx-top8avg-kyushu,kyushu,12.38875,https://www.jepx.jp/_download.php?dir=spot_summary&file=spot_summary_2017.csv
2017-09-21,jepx-top8avg-kyushu,kyushu,12.205,https://www.jepx.jp/_download.php?dir=spot_summary&file=spot_summary_2017.csv
2017-09-22,jepx-top8avg-kyushu,kyushu,10.421249999999999,https://www.jepx.jp/_download.php?dir=spot_summary&file=spot_summary_2017.csv
2017-09-23,jepx-top8avg-kyushu,kyushu,7.484999999999999,https://www.jepx.jp/_download.php?dir=spot_summary&file=spot_summary_2017.csv
2017-09-24,jepx-top8avg-kyushu,kyushu,6.07125,https://www.jepx.jp/_download.php?dir=spot_summary&file=spot_summary_2017.csv
2017-09-25,jepx-top8avg-kyushu,kyushu,12.1075,https://www.jepx.jp/_download.php?dir=spot_summary&file=spot_summary_2017.csv
2017-09-26,jepx-top8avg-kyushu,kyushu,10.850000000000001,https://www.jepx.jp/_download.php?dir=spot_summary&file=spot_summary_2017.csv
2017-09-27,jepx-top8avg-kyushu,kyushu,11.51625,https://www.jepx.jp/_download.php?dir=spot_summary&file=spot_summary_2017.csv
2017-09-28,jepx-top8avg-kyushu,kyushu,12.5375,https://www.jepx.jp/_download.php?dir=spot_summary&file=spot_summary_2017.csv
2017-09-29,jepx-top8avg-kyushu,kyushu,10.036249999999999,https://www.jepx.jp/_download.php?dir=spot_summary&file=spot_summary_2017.csv
2017-09-30,jepx-top8avg-kyushu,kyushu,8.962499999999999,https://www.jepx.jp/_download.php?dir=spot_summary&file=spot_summary_2017.csv
2017-10-01,jepx-top8avg-kyushu,kyushu,8.0425,https://www.jepx.jp/_download.php?dir=spot_summary&file=spot_summary_2017.csv
2017-10-02,jepx-top8avg-kyushu,kyushu,15.6525,https://www.jepx.jp/_download.php?dir=spot_summary&file=spot_summary_2017.csv
2017-10-03,jepx-top8avg-kyushu,kyushu,15.896250000000002,https://www.jepx.jp/_download.php?dir=spot_summary&file=spot_summary_2017.csv
2017-10-04,jepx-top8avg-kyushu,kyushu,11.317499999999999,https://www.jepx.jp/_download.php?dir=spot_summary&file=spot_summary_2017.csv
2017-10-05,jepx-top8avg-kyushu,kyushu,13.765,https://www.jepx.jp/_download.php?dir=spot_summary&file=spot_summary_2017.csv
2017-10-06,jepx-top8avg-kyushu,kyushu,13.49,https://www.jepx.jp/_download.php?dir=spot_summary&file=spot_summary_2017.csv
2017-10-07,jepx-top8avg-kyushu,kyushu,9.646249999999998,https://www.jepx.jp/_download.php?dir=spot_summary&file=spot_summary_2017.csv
2017-10-08,jepx-top8avg-kyushu,kyushu,8.51125,https://www.jepx.jp/_download.php?dir=spot_summary&file=spot_summary_2017.csv
2017-10-09,jepx-top8avg-kyushu,kyushu,10.155000000000001,https://www.jepx.jp/_download.php?dir=spot_summary&file=spot_summary_2017.csv
2017-10-10,jepx-top8avg-kyushu,kyushu,14.33625,https://www.jepx.jp/_download.php?dir=spot_summary&file=spot_summary_2017.csv
2017-10-11,jepx-top8avg-kyushu,kyushu,15.611249999999998,https://www.jepx.jp/_download.php?dir=spot_summary&file=spot_summary_2017.csv
2017-10-12,jepx-top8avg-kyushu,kyushu,14.39125,https://www.jepx.jp/_download.php?dir=spot_summary&file=spot_summary_2017.csv
2017-10-13,jepx-top8avg-kyushu,kyushu,14.08125,https://www.jepx.jp/_download.php?dir=spot_summary&file=spot_summary_2017.csv
2017-10-14,jepx-top8avg-kyushu,kyushu,10.49,https://www.jepx.jp/_download.php?dir=spot_summary&file=spot_summary_2017.csv
2017-10-15,jepx-top8avg-kyushu,kyushu,8.4825,https://www.jepx.jp/_download.php?dir=spot_summary&file=spot_summary_2017.csv
2017-10-16,jepx-top8avg-kyushu,kyushu,15.12125,https://www.jepx.jp/_download.php?dir=spot_summary&file=spot_summary_2017.csv
2017-10-17,jepx-top8avg-kyushu,kyushu,14.1025,https://www.jepx.jp/_download.php?dir=spot_summary&file=spot_summary_2017.csv
2017-10-18,jepx-top8avg-kyushu,kyushu,13.19875,https://www.jepx.jp/_download.php?dir=spot_summary&file=spot_summary_2017.csv
2017-10-19,jepx-top8avg-kyushu,kyushu,13.5025,https://www.jepx.jp/_download.php?dir=spot_summary&file=spot_summary_2017.csv
2017-10-20,jepx-top8avg-kyushu,kyushu,13.49,https://www.jepx.jp/_download.php?dir=spot_summary&file=spot_summary_2017.csv
2017-10-21,jepx-top8avg-kyushu,kyushu,9.4725,https://www.jepx.jp/_download.php?dir=spot_summary&file=spot_summary_2017.csv
2017-10-22,jepx-top8avg-kyushu,kyushu,8.13125,https://www.jepx.jp/_download.php?dir=spot_summary&file=spot_summary_2017.csv
2017-10-23,jepx-top8avg-kyushu,kyushu,11.625,https://www.jepx.jp/_download.php?dir=spot_summary&file=spot_summary_2017.csv
2017-10-24,jepx-top8avg-kyushu,kyushu,12.11,https://www.jepx.jp/_download.php?dir=spot_summary&file=spot_summary_2017.csv
2017-10-25,jepx-top8avg-kyushu,kyushu,11.072499999999998,https://www.jepx.jp/_download.php?dir=spot_summary&file=spot_summary_2017.csv
2017-10-26,jepx-top8avg-kyushu,kyushu,9.35125,https://www.jepx.jp/_download.php?dir=spot_summary&file=spot_summary_2017.csv
2017-10-27,jepx-top8avg-kyushu,kyushu,9.47125,https://www.jepx.jp/_download.php?dir=spot_summary&file=spot_summary_2017.csv
2017-10-28,jepx-top8avg-kyushu,kyushu,9.2075,https://www.jepx.jp/_download.php?dir=spot_summary&file=spot_summary_2017.csv
2017-10-29,jepx-top8avg-kyushu,kyushu,7.8725,https://www.jepx.jp/_download.php?dir=spot_summary&file=spot_summary_2017.csv
2017-10-30,jepx-top8avg-kyushu,kyushu,9.975,https://www.jepx.jp/_download.php?dir=spot_summary&file=spot_summary_2017.csv
2017-10-31,jepx-top8avg-kyushu,kyushu,10.14875,https://www.jepx.jp/_download.php?dir=spot_summary&file=spot_summary_2017.csv
2017-11-01,jepx-top8avg-kyushu,kyushu,10.305,https://www.jepx.jp/_download.php?dir=spot_summary&file=spot_summary_2017.csv
2017-11-02,jepx-top8avg-kyushu,kyushu,11.662500000000001,https://www.jepx.jp/_download.php?dir=spot_summary&file=spot_summary_2017.csv
2017-11-03,jepx-top8avg-kyushu,kyushu,9.286249999999999,https://www.jepx.jp/_download.php?dir=spot_summary&file=spot_summary_2017.csv
2017-11-04,jepx-top8avg-kyushu,kyushu,8.56625,https://www.jepx.jp/_download.php?dir=spot_summary&file=spot_summary_2017.csv
2017-11-05,jepx-top8avg-kyushu,kyushu,7.82625,https://www.jepx.jp/_download.php?dir=spot_summary&file=spot_summary_2017.csv
2017-11-06,jepx-top8avg-kyushu,kyushu,11.44625,https://www.jepx.jp/_download.php?dir=spot_summary&file=spot_summary_2017.csv
2017-11-07,jepx-top8avg-kyushu,kyushu,12.780000000000001,https://www.jepx.jp/_download.php?dir=spot_summary&file=spot_summary_2017.csv
2017-11-08,jepx-top8avg-kyushu,kyushu,12.48625,https://www.jepx.jp/_download.php?dir=spot_summary&file=spot_summary_2017.csv
2017-11-09,jepx-top8avg-kyushu,kyushu,12.139999999999999,https://www.jepx.jp/_download.php?dir=spot_summary&file=spot_summary_2017.csv
2017-11-10,jepx-top8avg-kyushu,kyushu,10.7825,https://www.jepx.jp/_download.php?dir=spot_summary&file=spot_summary_2017.csv
2017-11-11,jepx-top8avg-kyushu,kyushu,9.945,https://www.jepx.jp/_download.php?dir=spot_summary&file=spot_summary_2017.csv
2017-11-12,jepx-top8avg-kyushu,kyushu,9.478750000000002,https://www.jepx.jp/_download.php?dir=spot_summary&file=spot_summary_2017.csv
2017-11-13,jepx-top8avg-kyushu,kyushu,14.8225,https://www.jepx.jp/_download.php?dir=spot_summary&file=spot_summary_2017.csv
2017-11-14,jepx-top8avg-kyushu,kyushu,14.27375,https://www.jepx.jp/_download.php?dir=spot_summary&file=spot_summary_2017.csv
2017-11-15,jepx-top8avg-kyushu,kyushu,12.4,https://www.jepx.jp/_download.php?dir=spot_summary&file=spot_summary_2017.csv
2017-11-16,jepx-top8avg-kyushu,kyushu,19.0,https://www.jepx.jp/_download.php?dir=spot_summary&file=spot_summary_2017.csv
2017-11-17,jepx-top8avg-kyushu,kyushu,16.725,https://www.jepx.jp/_download.php?dir=spot_summary&file=spot_summary_2017.csv
2017-11-18,jepx-top8avg-kyushu,kyushu,11.8675,https://www.jepx.jp/_download.php?dir=spot_summary&file=spot_summary_2017.csv
2017-11-19,jepx-top8avg-kyushu,kyushu,10.067499999999999,https://www.jepx.jp/_download.php?dir=spot_summary&file=spot_summary_2017.csv
2017-11-20,jepx-top8avg-kyushu,kyushu,19.74375,https://www.jepx.jp/_download.php?dir=spot_summary&file=spot_summary_2017.csv
2017-11-21,jepx-top8avg-kyushu,kyushu,16.6175,https://www.jepx.jp/_download.php?dir=spot_summary&file=spot_summary_2017.csv
2017-11-22,jepx-top8avg-kyushu,kyushu,21.0125,https://www.jepx.jp/_download.php?dir=spot_summary&file=spot_summary_2017.csv
2017-11-23,jepx-top8avg-kyushu,kyushu,14.225,https://www.jepx.jp/_download.php?dir=spot_summary&file=spot_summary_2017.csv
2017-11-24,jepx-top8avg-kyushu,kyushu,21.625,https://www.jepx.jp/_download.php?dir=spot_summary&file=spot_summary_2017.csv
2017-11-25,jepx-top8avg-kyushu,kyushu,14.28875,https://www.jepx.jp/_download.php?dir=spot_summary&file=spot_summary_2017.csv
2017-11-26,jepx-top8avg-kyushu,kyushu,10.2375,https://www.jepx.jp/_download.php?dir=spot_summary&file=spot_summary_2017.csv
2017-11-27,jepx-top8avg-kyushu,kyushu,14.47625,https://www.jepx.jp/_download.php?dir=spot_summary&file=spot_summary_2017.csv
2017-11-28,jepx-top8avg-kyushu,kyushu,14.6975,https://www.jepx.jp/_download.php?dir=spot_summary&file=spot_summary_2017.csv
2017-11-29,jepx-top8avg-kyushu,kyushu,14.205000000000002,https://www.jepx.jp/_download.php?dir=spot_summary&file=spot_summary_2017.csv
2017-11-30,jepx-top8avg-kyushu,kyushu,20.22,https://www.jepx.jp/_download.php?dir=spot_summary&file=spot_summary_2017.csv
2017-12-01,jepx-top8avg-kyushu,kyushu,15.081249999999999,https://www.jepx.jp/_download.php?dir=spot_summary&file=spot_summary_2017.csv
2017-12-02,jepx-top8avg-kyushu,kyushu,12.81875,https://www.jepx.jp/_download.php?dir=spot_summary&file=spot_summary_2017.csv
2017-12-03,jepx-top8avg-kyushu,kyushu,12.3125,https://www.jepx.jp/_download.php?dir=spot_summary&file=spot_summary_2017.csv
2017-12-04,jepx-top8avg-kyushu,kyushu,18.01375,https://www.jepx.jp/_download.php?dir=spot_summary&file=spot_summary_2017.csv
2017-12-05,jepx-top8avg-kyushu,kyushu,18.66125,https://www.jepx.jp/_download.php?dir=spot_summary&file=spot_summary_2017.csv
2017-12-06,jepx-top8avg-kyushu,kyushu,20.643749999999997,https://www.jepx.jp/_download.php?dir=spot_summary&file=spot_summary_2017.csv
2017-12-07,jepx-top8avg-kyushu,kyushu,18.65375,https://www.jepx.jp/_download.php?dir=spot_summary&file=spot_summary_2017.csv
2017-12-08,jepx-top8avg-kyushu,kyushu,25.68875,https://www.jepx.jp/_download.php?dir=spot_summary&file=spot_summary_2017.csv
2017-12-09,jepx-top8avg-kyushu,kyushu,15.965,https://www.jepx.jp/_download.php?dir=spot_summary&file=spot_summary_2017.csv
2017-12-10,jepx-top8avg-kyushu,kyushu,12.184999999999999,https://www.jepx.jp/_download.php?dir=spot_summary&file=spot_summary_2017.csv
2017-12-11,jepx-top8avg-kyushu,kyushu,24.5475,https://www.jepx.jp/_download.php?dir=spot_summary&file=spot_summary_2017.csv
2017-12-12,jepx-top8avg-kyushu,kyushu,28.18875,https://www.jepx.jp/_download.php?dir=spot_summary&file=spot_summary_2017.csv
2017-12-13,jepx-top8avg-kyushu,kyushu,27.6175,https://www.jepx.jp/_download.php?dir=spot_summary&file=spot_summary_2017.csv
2017-12-14,jepx-top8avg-kyushu,kyushu,26.911250000000003,https://www.jepx.jp/_download.php?dir=spot_summary&file=spot_summary_2017.csv
2017-12-15,jepx-top8avg-kyushu,kyushu,26.590000000000003,https://www.jepx.jp/_download.php?dir=spot_summary&file=spot_summary_2017.csv
2017-12-16,jepx-top8avg-kyushu,kyushu,18.74125,https://www.jepx.jp/_download.php?dir=spot_summary&file=spot_summary_2017.csv
2017-12-17,jepx-top8avg-kyushu,kyushu,15.73875,https://www.jepx.jp/_download.php?dir=spot_summary&file=spot_summary_2017.csv
2017-12-18,jepx-top8avg-kyushu,kyushu,24.99875,https://www.jepx.jp/_download.php?dir=spot_summary&file=spot_summary_2017.csv
2017-12-19,jepx-top8avg-kyushu,kyushu,24.6125,https://www.jepx.jp/_download.php?dir=spot_summary&file=spot_summary_2017.csv
2017-12-20,jepx-top8avg-kyushu,kyushu,26.880000000000003,https://www.jepx.jp/_download.php?dir=spot_summary&file=spot_summary_2017.csv
2017-12-21,jepx-top8avg-kyushu,kyushu,25.32125,https://www.jepx.jp/_download.php?dir=spot_summary&file=spot_summary_2017.csv
2017-12-22,jepx-top8avg-kyushu,kyushu,23.63875,https://www.jepx.jp/_download.php?dir=spot_summary&file=spot_summary_2017.csv
2017-12-23,jepx-top8avg-kyushu,kyushu,13.64875,https://www.jepx.jp/_download.php?dir=spot_summary&file=spot_summary_2017.csv
2017-12-24,jepx-top8avg-kyushu,kyushu,12.295000000000002,https://www.jepx.jp/_download.php?dir=spot_summary&file=spot_summary_2017.csv
2017-12-25,jepx-top8avg-kyushu,kyushu,22.68625,https://www.jepx.jp/_download.php?dir=spot_summary&file=spot_summary_2017.csv
2017-12-26,jepx-top8avg-kyushu,kyushu,23.1825,https://www.jepx.jp/_download.php?dir=spot_summary&file=spot_summary_2017.csv
2017-12-27,jepx-top8avg-kyushu,kyushu,24.5575,https://www.jepx.jp/_download.php?dir=spot_summary&file=spot_summary_2017.csv
2017-12-28,jepx-top8avg-kyushu,kyushu,21.07375,https://www.jepx.jp/_download.php?dir=spot_summary&file=spot_summary_2017.csv
2017-12-29,jepx-top8avg-kyushu,kyushu,13.685,https://www.jepx.jp/_download.php?dir=spot_summary&file=spot_summary_2017.csv
2017-12-30,jepx-top8avg-kyushu,kyushu,15.3125,https://www.jepx.jp/_download.php?dir=spot_summary&file=spot_summary_2017.csv
2017-12-31,jepx-top8avg-kyushu,kyushu,11.3775,https://www.jepx.jp/_download.php?dir=spot_summary&file=spot_summary_2017.csv
2018-01-01,jepx-top8avg-kyushu,kyushu,10.0125,https://www.jepx.jp/_download.php?dir=spot_summary&file=spot_summary_2017.csv
2018-01-02,jepx-top8avg-kyushu,kyushu,12.93375,https://www.jepx.jp/_download.php?dir=spot_summary&file=spot_summary_2017.csv
2018-01-03,jepx-top8avg-kyushu,kyushu,11.9625,https://www.jepx.jp/_download.php?dir=spot_summary&file=spot_summary_2017.csv
2018-01-04,jepx-top8avg-kyushu,kyushu,10.80875,https://www.jepx.jp/_download.php?dir=spot_summary&file=spot_summary_2017.csv
2018-01-05,jepx-top8avg-kyushu,kyushu,24.415,https://www.jepx.jp/_download.php?dir=spot_summary&file=spot_summary_2017.csv
2018-01-06,jepx-top8avg-kyushu,kyushu,17.835,https://www.jepx.jp/_download.php?dir=spot_summary&file=spot_summary_2017.csv
2018-01-07,jepx-top8avg-kyushu,kyushu,12.708749999999998,https://www.jepx.jp/_download.php?dir=spot_summary&file=spot_summary_2017.csv
2018-01-08,jepx-top8avg-kyushu,kyushu,14.12,https://www.jepx.jp/_download.php?dir=spot_summary&file=spot_summary_2017.csv
2018-01-09,jepx-top8avg-kyushu,kyushu,22.445,https://www.jepx.jp/_download.php?dir=spot_summary&file=spot_summary_2017.csv
2018-01-10,jepx-top8avg-kyushu,kyushu,24.223750000000003,https://www.jepx.jp/_download.php?dir=spot_summary&file=spot_summary_2017.csv
2018-01-11,jepx-top8avg-kyushu,kyushu,24.23,https://www.jepx.jp/_download.php?dir=spot_summary&file=spot_summary_2017.csv
2018-01-12,jepx-top8avg-kyushu,kyushu,29.75625,https://www.jepx.jp/_download.php?dir=spot_summary&file=spot_summary_2017.csv
2018-01-13,jepx-top8avg-kyushu,kyushu,19.291249999999998,https://www.jepx.jp/_download.php?dir=spot_summary&file=spot_summary_2017.csv
2018-01-14,jepx-top8avg-kyushu,kyushu,14.2625,https://www.jepx.jp/_download.php?dir=spot_summary&file=spot_summary_2017.csv
2018-01-15,jepx-top8avg-kyushu,kyushu,21.083750000000002,https://www.jepx.jp/_download.php?dir=spot_summary&file=spot_summary_2017.csv
2018-01-16,jepx-top8avg-kyushu,kyushu,19.3125,https://www.jepx.jp/_download.php?dir=spot_summary&file=spot_summary_2017.csv
2018-01-17,jepx-top8avg-kyushu,kyushu,18.31375,https://www.jepx.jp/_download.php?dir=spot_summary&file=spot_summary_2017.csv
2018-01-18,jepx-top8avg-kyushu,kyushu,15.469999999999999,https://www.jepx.jp/_download.php?dir=spot_summary&file=spot_summary_2017.csv
2018-01-19,jepx-top8avg-kyushu,kyushu,16.25125,https://www.jepx.jp/_download.php?dir=spot_summary&file=spot_summary_2017.csv
2018-01-20,jepx-top8avg-kyushu,kyushu,12.405000000000001,https://www.jepx.jp/_download.php?dir=spot_summary&file=spot_summary_2017.csv
2018-01-21,jepx-top8avg-kyushu,kyushu,11.09375,https://www.jepx.jp/_download.php?dir=spot_summary&file=spot_summary_2017.csv
2018-01-22,jepx-top8avg-kyushu,kyushu,25.23,https://www.jepx.jp/_download.php?dir=spot_summary&file=spot_summary_2017.csv
2018-01-23,jepx-top8avg-kyushu,kyushu,24.12625,https://www.jepx.jp/_download.php?dir=spot_summary&file=spot_summary_2017.csv
2018-01-24,jepx-top8avg-kyushu,kyushu,29.7075,https://www.jepx.jp/_download.php?dir=spot_summary&file=spot_summary_2017.csv
2018-01-25,jepx-top8avg-kyushu,kyushu,30.181250000000002,https://www.jepx.jp/_download.php?dir=spot_summary&file=spot_summary_2017.csv
2018-01-26,jepx-top8avg-kyushu,kyushu,30.333750000000002,https://www.jepx.jp/_download.php?dir=spot_summary&file=spot_summary_2017.csv
2018-01-27,jepx-top8avg-kyushu,kyushu,18.795,https://www.jepx.jp/_download.php?dir=spot_summary&file=spot_summary_2017.csv
2018-01-28,jepx-top8avg-kyushu,kyushu,13.93,https://www.jepx.jp/_download.php?dir=spot_summary&file=spot_summary_2017.csv
2018-01-29,jepx-top8avg-kyushu,kyushu,20.9725,https://www.jepx.jp/_download.php?dir=spot_summary&file=spot_summary_2017.csv
2018-01-30,jepx-top8avg-kyushu,kyushu,24.4125,https://www.jepx.jp/_download.php?dir=spot_summary&file=spot_summary_2017.csv
2018-01-31,jepx-top8avg-kyushu,kyushu,27.310000000000002,https://www.jepx.jp/_download.php?dir=spot_summary&file=spot_summary_2017.csv
2018-02-01,jepx-top8avg-kyushu,kyushu,25.6875,https://www.jepx.jp/_download.php?dir=spot_summary&file=spot_summary_2017.csv
2018-02-02,jepx-top8avg-kyushu,kyushu,25.93,https://www.jepx.jp/_download.php?dir=spot_summary&file=spot_summary_2017.csv
2018-02-03,jepx-top8avg-kyushu,kyushu,16.52125,https://www.jepx.jp/_download.php?dir=spot_summary&file=spot_summary_2017.csv
2018-02-04,jepx-top8avg-kyushu,kyushu,16.7625,https://www.jepx.jp/_download.php?dir=spot_summary&file=spot_summary_2017.csv
2018-02-05,jepx-top8avg-kyushu,kyushu,38.068749999999994,https://www.jepx.jp/_download.php?dir=spot_summary&file=spot_summary_2017.csv
2018-02-06,jepx-top8avg-kyushu,kyushu,37.1275,https://www.jepx.jp/_download.php?dir=spot_summary&file=spot_summary_2017.csv
2018-02-07,jepx-top8avg-kyushu,kyushu,39.385000000000005,https://www.jepx.jp/_download.php?dir=spot_summary&file=spot_summary_2017.csv
2018-02-08,jepx-top8avg-kyushu,kyushu,31.76375,https://www.jepx.jp/_download.php?dir=spot_summary&file=spot_summary_2017.csv
2018-02-09,jepx-top8avg-kyushu,kyushu,21.30375,https://www.jepx.jp/_download.php?dir=spot_summary&file=spot_summary_2017.csv
2018-02-10,jepx-top8avg-kyushu,kyushu,18.01125,https://www.jepx.jp/_download.php?dir=spot_summary&file=spot_summary_2017.csv
2018-02-11,jepx-top8avg-kyushu,kyushu,16.70875,https://www.jepx.jp/_download.php?dir=spot_summary&file=spot_summary_2017.csv
2018-02-12,jepx-top8avg-kyushu,kyushu,18.72375,https://www.jepx.jp/_download.php?dir=spot_summary&file=spot_summary_2017.csv
2018-02-13,jepx-top8avg-kyushu,kyushu,23.50625,https://www.jepx.jp/_download.php?dir=spot_summary&file=spot_summary_2017.csv
2018-02-14,jepx-top8avg-kyushu,kyushu,22.401249999999997,https://www.jepx.jp/_download.php?dir=spot_summary&file=spot_summary_2017.csv
2018-02-15,jepx-top8avg-kyushu,kyushu,21.75,https://www.jepx.jp/_download.php?dir=spot_summary&file=spot_summary_2017.csv
2018-02-16,jepx-top8avg-kyushu,kyushu,19.795,https://www.jepx.jp/_download.php?dir=spot_summary&file=spot_summary_2017.csv
2018-02-17,jepx-top8avg-kyushu,kyushu,13.493749999999999,https://www.jepx.jp/_download.php?dir=spot_summary&file=spot_summary_2017.csv
2018-02-18,jepx-top8avg-kyushu,kyushu,17.045,https://www.jepx.jp/_download.php?dir=spot_summary&file=spot_summary_2017.csv
2018-02-19,jepx-top8avg-kyushu,kyushu,23.105,https://www.jepx.jp/_download.php?dir=spot_summary&file=spot_summary_2017.csv
2018-02-20,jepx-top8avg-kyushu,kyushu,18.372500000000002,https://www.jepx.jp/_download.php?dir=spot_summary&file=spot_summary_2017.csv
2018-02-21,jepx-top8avg-kyushu,kyushu,19.872500000000002,https://www.jepx.jp/_download.php?dir=spot_summary&file=spot_summary_2017.csv
2018-02-22,jepx-top8avg-kyushu,kyushu,17.90125,https://www.jepx.jp/_download.php?dir=spot_summary&file=spot_summary_2017.csv
2018-02-23,jepx-top8avg-kyushu,kyushu,18.475,https://www.jepx.jp/_download.php?dir=spot_summary&file=spot_summary_2017.csv
2018-02-24,jepx-top8avg-kyushu,kyushu,12.50375,https://www.jepx.jp/_download.php?dir=spot_summary&file=spot_summary_2017.csv
2018-02-25,jepx-top8avg-kyushu,kyushu,14.232499999999998,https://www.jepx.jp/_download.php?dir=spot_summary&file=spot_summary_2017.csv
2018-02-26,jepx-top8avg-kyushu,kyushu,18.92,https://www.jepx.jp/_download.php?dir=spot_summary&file=spot_summary_2017.csv
2018-02-27,jepx-top8avg-kyushu,kyushu,16.43,https://www.jepx.jp/_download.php?dir=spot_summary&file=spot_summary_2017.csv
2018-02-28,jepx-top8avg-kyushu,kyushu,15.43375,https://www.jepx.jp/_download.php?dir=spot_summary&file=spot_summary_2017.csv
2018-03-01,jepx-top8avg-kyushu,kyushu,12.67625,https://www.jepx.jp/_download.php?dir=spot_summary&file=spot_summary_2017.csv
2018-03-02,jepx-top8avg-kyushu,kyushu,13.01875,https://www.jepx.jp/_download.php?dir=spot_summary&file=spot_summary_2017.csv
2018-03-03,jepx-top8avg-kyushu,kyushu,10.90875,https://www.jepx.jp/_download.php?dir=spot_summary&file=spot_summary_2017.csv
2018-03-04,jepx-top8avg-kyushu,kyushu,10.05375,https://www.jepx.jp/_download.php?dir=spot_summary&file=spot_summary_2017.csv
2018-03-05,jepx-top8avg-kyushu,kyushu,13.035,https://www.jepx.jp/_download.php?dir=spot_summary&file=spot_summary_2017.csv
2018-03-06,jepx-top8avg-kyushu,kyushu,12.057500000000001,https://www.jepx.jp/_download.php?dir=spot_summary&file=spot_summary_2017.csv
2018-03-07,jepx-top8avg-kyushu,kyushu,15.035,https://www.jepx.jp/_download.php?dir=spot_summary&file=spot_summary_2017.csv
2018-03-08,jepx-top8avg-kyushu,kyushu,16.5275,https://www.jepx.jp/_download.php?dir=spot_summary&file=spot_summary_2017.csv
2018-03-09,jepx-top8avg-kyushu,kyushu,15.099999999999998,https://www.jepx.jp/_download.php?dir=spot_summary&file=spot_summary_2017.csv
2018-03-10,jepx-top8avg-kyushu,kyushu,10.42375,https://www.jepx.jp/_download.php?dir=spot_summary&file=spot_summary_2017.csv
2018-03-11,jepx-top8avg-kyushu,kyushu,10.61375,https://www.jepx.jp/_download.php?dir=spot_summary&file=spot_summary_2017.csv
2018-03-12,jepx-top8avg-kyushu,kyushu,13.322500000000002,https://www.jepx.jp/_download.php?dir=spot_summary&file=spot_summary_2017.csv
2018-03-13,jepx-top8avg-kyushu,kyushu,11.2775,https://www.jepx.jp/_download.php?dir=spot_summary&file=spot_summary_2017.csv
2018-03-14,jepx-top8avg-kyushu,kyushu,10.32875,https://www.jepx.jp/_download.php?dir=spot_summary&file=spot_summary_2017.csv
2018-03-15,jepx-top8avg-kyushu,kyushu,9.79625,https://www.jepx.jp/_download.php?dir=spot_summary&file=spot_summary_2017.csv
2018-03-16,jepx-top8avg-kyushu,kyushu,12.08,https://www.jepx.jp/_download.php?dir=spot_summary&file=spot_summary_2017.csv
2018-03-17,jepx-top8avg-kyushu,kyushu,11.700000000000001,https://www.jepx.jp/_download.php?dir=spot_summary&file=spot_summary_2017.csv
2018-03-18,jepx-top8avg-kyushu,kyushu,9.825,https://www.jepx.jp/_download.php?dir=spot_summary&file=spot_summary_2017.csv
2018-03-19,jepx-top8avg-kyushu,kyushu,11.385,https://www.jepx.jp/_download.php?dir=spot_summary&file=spot_summary_2017.csv
2018-03-20,jepx-top8avg-kyushu,kyushu,15.0175,https://www.jepx.jp/_download.php?dir=spot_summary&file=spot_summary_2017.csv
2018-03-21,jepx-top8avg-kyushu,kyushu,13.905000000000001,https://www.jepx.jp/_download.php?dir=spot_summary&file=spot_summary_2017.csv
2018-03-22,jepx-top8avg-kyushu,kyushu,15.2025,https://www.jepx.jp/_download.php?dir=spot_summary&file=spot_summary_2017.csv
2018-03-23,jepx-top8avg-kyushu,kyushu,13.08375,https://www.jepx.jp/_download.php?dir=spot_summary&file=spot_summary_2017.csv
2018-03-24,jepx-top8avg-kyushu,kyushu,9.739999999999998,https://www.jepx.jp/_download.php?dir=spot_summary&file=spot_summary_2017.csv
2018-03-25,jepx-top8avg-kyushu,kyushu,9.6725,https://www.jepx.jp/_download.php?dir=spot_summary&file=spot_summary_2017.csv
2018-03-26,jepx-top8avg-kyushu,kyushu,9.91,https://www.jepx.jp/_download.php?dir=spot_summary&file=spot_summary_2017.csv
2018-03-27,jepx-top8avg-kyushu,kyushu,9.352500000000001,https://www.jepx.jp/_download.php?dir=spot_summary&file=spot_summary_2017.csv
2018-03-28,jepx-top8avg-kyushu,kyushu,8.98,https://www.jepx.jp/_download.php?dir=spot_summary&file=spot_summary_2017.csv
2018-03-29,jepx-top8avg-kyushu,kyushu,8.915,https://www.jepx.jp/_download.php?dir=spot_summary&file=spot_summary_2017.csv
2018-03-30,jepx-top8avg-kyushu,kyushu,9.82375,https://www.jepx.jp/_download.php?dir=spot_summary&file=spot_summary_2017.csv
2018-03-31,jepx-top8avg-kyushu,kyushu,8.72,https://www.jepx.jp/_download.php?dir=spot_summary&file=spot_summary_2017.csv
2018-04-01,jepx-top8avg-kyushu,kyushu,8.705,https://www.jepx.jp/_download.php?dir=spot_summary&file=spot_summary_2018.csv
2018-04-02,jepx-top8avg-kyushu,kyushu,8.6525,https://www.jepx.jp/_download.php?dir=spot_summary&file=spot_summary_2018.csv
2018-04-03,jepx-top8avg-kyushu,kyushu,9.22625,https://www.jepx.jp/_download.php?dir=spot_summary&file=spot_summary_2018.csv
2018-04-04,jepx-top8avg-kyushu,kyushu,9.33625,https://www.jepx.jp/_download.php?dir=spot_summary&file=spot_summary_2018.csv
2018-04-05,jepx-top8avg-kyushu,kyushu,8.830000000000002,https://www.jepx.jp/_download.php?dir=spot_summary&file=spot_summary_2018.csv
2018-04-06,jepx-top8avg-kyushu,kyushu,13.1,https://www.jepx.jp/_download.php?dir=spot_summary&file=spot_summary_2018.csv
2018-04-07,jepx-top8avg-kyushu,kyushu,9.934999999999999,https://www.jepx.jp/_download.php?dir=spot_summary&file=spot_summary_2018.csv
2018-04-08,jepx-top8avg-kyushu,kyushu,10.1125,https://www.jepx.jp/_download.php?dir=spot_summary&file=spot_summary_2018.csv
2018-04-09,jepx-top8avg-kyushu,kyushu,13.071250000000001,https://www.jepx.jp/_download.php?dir=spot_summary&file=spot_summary_2018.csv
2018-04-10,jepx-top8avg-kyushu,kyushu,11.18875,https://www.jepx.jp/_download.php?dir=spot_summary&file=spot_summary_2018.csv
2018-04-11,jepx-top8avg-kyushu,kyushu,12.17125,https://www.jepx.jp/_download.php?dir=spot_summary&file=spot_summary_2018.csv
2018-04-12,jepx-top8avg-kyushu,kyushu,9.813749999999999,https://www.jepx.jp/_download.php?dir=spot_summary&file=spot_summary_2018.csv
2018-04-13,jepx-top8avg-kyushu,kyushu,10.05375,https://www.jepx.jp/_download.php?dir=spot_summary&file=spot_summary_2018.csv
2018-04-14,jepx-top8avg-kyushu,kyushu,11.16875,https://www.jepx.jp/_download.php?dir=spot_summary&file=spot_summary_2018.csv
2018-04-15,jepx-top8avg-kyushu,kyushu,9.1075,https://www.jepx.jp/_download.php?dir=spot_summary&file=spot_summary_2018.csv
2018-04-16,jepx-top8avg-kyushu,kyushu,10.1025,https://www.jepx.jp/_download.php?dir=spot_summary&file=spot_summary_2018.csv
2018-04-17,jepx-top8avg-kyushu,kyushu,14.21,https://www.jepx.jp/_download.php?dir=spot_summary&file=spot_summary_2018.csv
2018-04-18,jepx-top8avg-kyushu,kyushu,10.408750000000001,https://www.jepx.jp/_download.php?dir=spot_summary&file=spot_summary_2018.csv
2018-04-19,jepx-top8avg-kyushu,kyushu,9.9675,https://www.jepx.jp/_download.php?dir=spot_summary&file=spot_summary_2018.csv
2018-04-20,jepx-top8avg-kyushu,kyushu,9.82,https://www.jepx.jp/_download.php?dir=spot_summary&file=spot_summary_2018.csv
2018-04-21,jepx-top8avg-kyushu,kyushu,8.68,https://www.jepx.jp/_download.php?dir=spot_summary&file=spot_summary_2018.csv
2018-04-22,jepx-top8avg-kyushu,kyushu,9.2575,https://www.jepx.jp/_download.php?dir=spot_summary&file=spot_summary_2018.csv
2018-04-23,jepx-top8avg-kyushu,kyushu,9.850000000000001,https://www.jepx.jp/_download.php?dir=spot_summary&file=spot_summary_2018.csv
2018-04-24,jepx-top8avg-kyushu,kyushu,13.69625,https://www.jepx.jp/_download.php?dir=spot_summary&file=spot_summary_2018.csv
2018-04-25,jepx-top8avg-kyushu,kyushu,9.9775,https://www.jepx.jp/_download.php?dir=spot_summary&file=spot_summary_2018.csv
2018-04-26,jepx-top8avg-kyushu,kyushu,9.280000000000001,https://www.jepx.jp/_download.php?dir=spot_summary&file=spot_summary_2018.csv
2018-04-27,jepx-top8avg-kyushu,kyushu,9.645,https://www.jepx.jp/_download.php?dir=spot_summary&file=spot_summary_2018.csv
2018-04-28,jepx-top8avg-kyushu,kyushu,9.6675,https://www.jepx.jp/_download.php?dir=spot_summary&file=spot_summary_2018.csv
2018-04-29,jepx-top8avg-kyushu,kyushu,9.817499999999999,https://www.jepx.jp/_download.php?dir=spot_summary&file=spot_summary_2018.csv
2018-04-30,jepx-top8avg-kyushu,kyushu,9.29625,https://www.jepx.jp/_download.php?dir=spot_summary&file=spot_summary_2018.csv
2018-05-01,jepx-top8avg-kyushu,kyushu,11.31625,https://www.jepx.jp/_download.php?dir=spot_summary&file=spot_summary_2018.csv
2018-05-02,jepx-top8avg-kyushu,kyushu,12.7975,https://www.jepx.jp/_download.php?dir=spot_summary&file=spot_summary_2018.csv
2018-05-03,jepx-top8avg-kyushu,kyushu,9.985,https://www.jepx.jp/_download.php?dir=spot_summary&file=spot_summary_2018.csv
2018-05-04,jepx-top8avg-kyushu,kyushu,9.7925,https://www.jepx.jp/_download.php?dir=spot_summary&file=spot_summary_2018.csv
2018-05-05,jepx-top8avg-kyushu,kyushu,9.8175,https://www.jepx.jp/_download.php?dir=spot_summary&file=spot_summary_2018.csv
2018-05-06,jepx-top8avg-kyushu,kyushu,9.96125,https://www.jepx.jp/_download.php?dir=spot_summary&file=spot_summary_2018.csv
2018-05-07,jepx-top8avg-kyushu,kyushu,14.03,https://www.jepx.jp/_download.php?dir=spot_summary&file=spot_summary_2018.csv
2018-05-08,jepx-top8avg-kyushu,kyushu,11.196250000000001,https://www.jepx.jp/_download.php?dir=spot_summary&file=spot_summary_2018.csv
2018-05-09,jepx-top8avg-kyushu,kyushu,10.094999999999999,https://www.jepx.jp/_download.php?dir=spot_summary&file=spot_summary_2018.csv
2018-05-10,jepx-top8avg-kyushu,kyushu,9.76375,https://www.jepx.jp/_download.php?dir=spot_summary&file=spot_summary_2018.csv
2018-05-11,jepx-top8avg-kyushu,kyushu,9.1125,https://www.jepx.jp/_download.php?dir=spot_summary&file=spot_summary_2018.csv
2018-05-12,jepx-top8avg-kyushu,kyushu,9.64625,https://www.jepx.jp/_download.php?dir=spot_summary&file=spot_summary_2018.csv
2018-05-13,jepx-top8avg-kyushu,kyushu,9.08625,https://www.jepx.jp/_download.php?dir=spot_summary&file=spot_summary_2018.csv
2018-05-14,jepx-top8avg-kyushu,kyushu,9.10125,https://www.jepx.jp/_download.php?dir=spot_summary&file=spot_summary_2018.csv
2018-05-15,jepx-top8avg-kyushu,kyushu,9.93375,https://www.jepx.jp/_download.php?dir=spot_summary&file=spot_summary_2018.csv
2018-05-16,jepx-top8avg-kyushu,kyushu,10.473749999999999,https://www.jepx.jp/_download.php?dir=spot_summary&file=spot_summary_2018.csv
2018-05-17,jepx-top8avg-kyushu,kyushu,10.72625,https://www.jepx.jp/_download.php?dir=spot_summary&file=spot_summary_2018.csv
2018-05-18,jepx-top8avg-kyushu,kyushu,11.129999999999999,https://www.jepx.jp/_download.php?dir=spot_summary&file=spot_summary_2018.csv
2018-05-19,jepx-top8avg-kyushu,kyushu,9.40625,https://www.jepx.jp/_download.php?dir=spot_summary&file=spot_summary_2018.csv
2018-05-20,jepx-top8avg-kyushu,kyushu,8.899999999999999,https://www.jepx.jp/_download.php?dir=spot_summary&file=spot_summary_2018.csv
2018-05-21,jepx-top8avg-kyushu,kyushu,9.567499999999999,https://www.jepx.jp/_download.php?dir=spot_summary&file=spot_summary_2018.csv
2018-05-22,jepx-top8avg-kyushu,kyushu,10.1875,https://www.jepx.jp/_download.php?dir=spot_summary&file=spot_summary_2018.csv
2018-05-23,jepx-top8avg-kyushu,kyushu,14.06375,https://www.jepx.jp/_download.php?dir=spot_summary&file=spot_summary_2018.csv
2018-05-24,jepx-top8avg-kyushu,kyushu,10.245,https://www.jepx.jp/_download.php?dir=spot_summary&file=spot_summary_2018.csv
2018-05-25,jepx-top8avg-kyushu,kyushu,13.321250000000001,https://www.jepx.jp/_download.php?dir=spot_summary&file=spot_summary_2018.csv
2018-05-26,jepx-top8avg-kyushu,kyushu,10.2475,https://www.jepx.jp/_download.php?dir=spot_summary&file=spot_summary_2018.csv
2018-05-27,jepx-top8avg-kyushu,kyushu,10.4025,https://www.jepx.jp/_download.php?dir=spot_summary&file=spot_summary_2018.csv
2018-05-28,jepx-top8avg-kyushu,kyushu,12.553749999999999,https://www.jepx.jp/_download.php?dir=spot_summary&file=spot_summary_2018.csv
2018-05-29,jepx-top8avg-kyushu,kyushu,12.342500000000001,https://www.jepx.jp/_download.php?dir=spot_summary&file=spot_summary_2018.csv
2018-05-30,jepx-top8avg-kyushu,kyushu,12.173749999999998,https://www.jepx.jp/_download.php?dir=spot_summary&file=spot_summary_2018.csv
2018-05-31,jepx-top8avg-kyushu,kyushu,11.62125,https://www.jepx.jp/_download.php?dir=spot_summary&file=spot_summary_2018.csv
2018-06-01,jepx-top8avg-kyushu,kyushu,10.0075,https://www.jepx.jp/_download.php?dir=spot_summary&file=spot_summary_2018.csv
2018-06-02,jepx-top8avg-kyushu,kyushu,11.091249999999999,https://www.jepx.jp/_download.php?dir=spot_summary&file=spot_summary_2018.csv
2018-06-03,jepx-top8avg-kyushu,kyushu,11.03,https://www.jepx.jp/_download.php?dir=spot_summary&file=spot_summary_2018.csv
2018-06-04,jepx-top8avg-kyushu,kyushu,11.407499999999999,https://www.jepx.jp/_download.php?dir=spot_summary&file=spot_summary_2018.csv
2018-06-05,jepx-top8avg-kyushu,kyushu,11.95375,https://www.jepx.jp/_download.php?dir=spot_summary&file=spot_summary_2018.csv
2018-06-06,jepx-top8avg-kyushu,kyushu,12.08125,https://www.jepx.jp/_download.php?dir=spot_summary&file=spot_summary_2018.csv
2018-06-07,jepx-top8avg-kyushu,kyushu,11.57125,https://www.jepx.jp/_download.php?dir=spot_summary&file=spot_summary_2018.csv
2018-06-08,jepx-top8avg-kyushu,kyushu,11.3925,https://www.jepx.jp/_download.php?dir=spot_summary&file=spot_summary_2018.csv
2018-06-09,jepx-top8avg-kyushu,kyushu,10.9575,https://www.jepx.jp/_download.php?dir=spot_summary&file=spot_summary_2018.csv
2018-06-10,jepx-top8avg-kyushu,kyushu,10.30875,https://www.jepx.jp/_download.php?dir=spot_summary&file=spot_summary_2018.csv
2018-06-11,jepx-top8avg-kyushu,kyushu,10.89125,https://www.jepx.jp/_download.php?dir=spot_summary&file=spot_summary_2018.csv
2018-06-12,jepx-top8avg-kyushu,kyushu,10.89125,https://www.jepx.jp/_download.php?dir=spot_summary&file=spot_summary_2018.csv
2018-06-13,jepx-top8avg-kyushu,kyushu,10.73625,https://www.jepx.jp/_download.php?dir=spot_summary&file=spot_summary_2018.csv
2018-06-14,jepx-top8avg-kyushu,kyushu,10.7075,https://www.jepx.jp/_download.php?dir=spot_summary&file=spot_summary_2018.csv
2018-06-15,jepx-top8avg-kyushu,kyushu,9.8975,https://www.jepx.jp/_download.php?dir=spot_summary&file=spot_summary_2018.csv
2018-06-16,jepx-top8avg-kyushu,kyushu,10.075,https://www.jepx.jp/_download.php?dir=spot_summary&file=spot_summary_2018.csv
2018-06-17,jepx-top8avg-kyushu,kyushu,10.098749999999999,https://www.jepx.jp/_download.php?dir=spot_summary&file=spot_summary_2018.csv
2018-06-18,jepx-top8avg-kyushu,kyushu,10.598749999999999,https://www.jepx.jp/_download.php?dir=spot_summary&file=spot_summary_2018.csv
2018-06-19,jepx-top8avg-kyushu,kyushu,11.712499999999999,https://www.jepx.jp/_download.php?dir=spot_summary&file=spot_summary_2018.csv
2018-06-20,jepx-top8avg-kyushu,kyushu,10.75125,https://www.jepx.jp/_download.php?dir=spot_summary&file=spot_summary_2018.csv
2018-06-21,jepx-top8avg-kyushu,kyushu,10.341249999999999,https://www.jepx.jp/_download.php?dir=spot_summary&file=spot_summary_2018.csv
2018-06-22,jepx-top8avg-kyushu,kyushu,10.001249999999999,https://www.jepx.jp/_download.php?dir=spot_summary&file=spot_summary_2018.csv
2018-06-23,jepx-top8avg-kyushu,kyushu,8.94875,https://www.jepx.jp/_download.php?dir=spot_summary&file=spot_summary_2018.csv
2018-06-24,jepx-top8avg-kyushu,kyushu,8.355,https://www.jepx.jp/_download.php?dir=spot_summary&file=spot_summary_2018.csv
2018-06-25,jepx-top8avg-kyushu,kyushu,10.565000000000001,https://www.jepx.jp/_download.php?dir=spot_summary&file=spot_summary_2018.csv
2018-06-26,jepx-top8avg-kyushu,kyushu,10.3075,https://www.jepx.jp/_download.php?dir=spot_summary&file=spot_summary_2018.csv
2018-06-27,jepx-top8avg-kyushu,kyushu,10.9725,https://www.jepx.jp/_download.php?dir=spot_summary&file=spot_summary_2018.csv
2018-06-28,jepx-top8avg-kyushu,kyushu,13.46,https://www.jepx.jp/_download.php?dir=spot_summary&file=spot_summary_2018.csv
2018-06-29,jepx-top8avg-kyushu,kyushu,13.27375,https://www.jepx.jp/_download.php?dir=spot_summary&file=spot_summary_2018.csv
2018-06-30,jepx-top8avg-kyushu,kyushu,9.99125,https://www.jepx.jp/_download.php?dir=spot_summary&file=spot_summary_2018.csv
2018-07-01,jepx-top8avg-kyushu,kyushu,10.57625,https://www.jepx.jp/_download.php?dir=spot_summary&file=spot_summary_2018.csv
2018-07-02,jepx-top8avg-kyushu,kyushu,14.2575,https://www.jepx.jp/_download.php?dir=spot_summary&file=spot_summary_2018.csv
2018-07-03,jepx-top8avg-kyushu,kyushu,14.585,https://www.jepx.jp/_download.php?dir=spot_summary&file=spot_summary_2018.csv
2018-07-04,jepx-top8avg-kyushu,kyushu,12.7825,https://www.jepx.jp/_download.php?dir=spot_summary&file=spot_summary_2018.csv
2018-07-05,jepx-top8avg-kyushu,kyushu,12.39625,https://www.jepx.jp/_download.php?dir=spot_summary&file=spot_summary_2018.csv
2018-07-06,jepx-top8avg-kyushu,kyushu,11.411249999999999,https://www.jepx.jp/_download.php?dir=spot_summary&file=spot_summary_2018.csv
2018-07-07,jepx-top8avg-kyushu,kyushu,8.61,https://www.jepx.jp/_download.php?dir=spot_summary&file=spot_summary_2018.csv
2018-07-08,jepx-top8avg-kyushu,kyushu,8.33125,https://www.jepx.jp/_download.php?dir=spot_summary&file=spot_summary_2018.csv
2018-07-09,jepx-top8avg-kyushu,kyushu,11.8575,https://www.jepx.jp/_download.php?dir=spot_summary&file=spot_summary_2018.csv
2018-07-10,jepx-top8avg-kyushu,kyushu,11.97125,https://www.jepx.jp/_download.php?dir=spot_summary&file=spot_summary_2018.csv
2018-07-11,jepx-top8avg-kyushu,kyushu,14.165,https://www.jepx.jp/_download.php?dir=spot_summary&file=spot_summary_2018.csv
2018-07-12,jepx-top8avg-kyushu,kyushu,14.282499999999999,https://www.jepx.jp/_download.php?dir=spot_summary&file=spot_summary_2018.csv
2018-07-13,jepx-top8avg-kyushu,kyushu,14.30125,https://www.jepx.jp/_download.php?dir=spot_summary&file=spot_summary_2018.csv
2018-07-14,jepx-top8avg-kyushu,kyushu,11.305,https://www.jepx.jp/_download.php?dir=spot_summary&file=spot_summary_2018.csv
2018-07-15,jepx-top8avg-kyushu,kyushu,10.520000000000001,https://www.jepx.jp/_download.php?dir=spot_summary&file=spot_summary_2018.csv
2018-07-16,jepx-top8avg-kyushu,kyushu,13.09125,https://www.jepx.jp/_download.php?dir=spot_summary&file=spot_summary_2018.csv
2018-07-17,jepx-top8avg-kyushu,kyushu,17.205,https://www.jepx.jp/_download.php?dir=spot_summary&file=spot_summary_2018.csv
2018-07-18,jepx-top8avg-kyushu,kyushu,23.09375,https://www.jepx.jp/_download.php?dir=spot_summary&file=spot_summary_2018.csv
2018-07-19,jepx-top8avg-kyushu,kyushu,28.43375,https://www.jepx.jp/_download.php?dir=spot_summary&file=spot_summary_2018.csv
2018-07-20,jepx-top8avg-kyushu,kyushu,29.634999999999998,https://www.jepx.jp/_download.php?dir=spot_summary&file=spot_summary_2018.csv
2018-07-21,jepx-top8avg-kyushu,kyushu,12.83,https://www.jepx.jp/_download.php?dir=spot_summary&file=spot_summary_2018.csv
2018-07-22,jepx-top8avg-kyushu,kyushu,13.247499999999999,https://www.jepx.jp/_download.php?dir=spot_summary&file=spot_summary_2018.csv
2018-07-23,jepx-top8avg-kyushu,kyushu,39.96875,https://www.jepx.jp/_download.php?dir=spot_summary&file=spot_summary_2018.csv
2018-07-24,jepx-top8avg-kyushu,kyushu,59.713750000000005,https://www.jepx.jp/_download.php?dir=spot_summary&file=spot_summary_2018.csv
2018-07-25,jepx-top8avg-kyushu,kyushu,55.82875,https://www.jepx.jp/_download.php?dir=spot_summary&file=spot_summary_2018.csv
2018-07-26,jepx-top8avg-kyushu,kyushu,37.07625,https://www.jepx.jp/_download.php?dir=spot_summary&file=spot_summary_2018.csv
2018-07-27,jepx-top8avg-kyushu,kyushu,23.5925,https://www.jepx.jp/_download.php?dir=spot_summary&file=spot_summary_2018.csv
2018-07-28,jepx-top8avg-kyushu,kyushu,11.3175,https://www.jepx.jp/_download.php?dir=spot_summary&file=spot_summary_2018.csv
2018-07-29,jepx-top8avg-kyushu,kyushu,11.62,https://www.jepx.jp/_download.php?dir=spot_summary&file=spot_summary_2018.csv
2018-07-30,jepx-top8avg-kyushu,kyushu,14.434999999999999,https://www.jepx.jp/_download.php?dir=spot_summary&file=spot_summary_2018.csv
2018-07-31,jepx-top8avg-kyushu,kyushu,17.37375,https://www.jepx.jp/_download.php?dir=spot_summary&file=spot_summary_2018.csv
2018-08-01,jepx-top8avg-kyushu,kyushu,14.21125,https://www.jepx.jp/_download.php?dir=spot_summary&file=spot_summary_2018.csv
2018-08-02,jepx-top8avg-kyushu,kyushu,28.2225,https://www.jepx.jp/_download.php?dir=spot_summary&file=spot_summary_2018.csv
2018-08-03,jepx-top8avg-kyushu,kyushu,30.86625,https://www.jepx.jp/_download.php?dir=spot_summary&file=spot_summary_2018.csv
2018-08-04,jepx-top8avg-kyushu,kyushu,13.0675,https://www.jepx.jp/_download.php?dir=spot_summary&file=spot_summary_2018.csv
2018-08-05,jepx-top8avg-kyushu,kyushu,12.66,https://www.jepx.jp/_download.php?dir=spot_summary&file=spot_summary_2018.csv
2018-08-06,jepx-top8avg-kyushu,kyushu,45.86375,https://www.jepx.jp/_download.php?dir=spot_summary&file=spot_summary_2018.csv
2018-08-07,jepx-top8avg-kyushu,kyushu,20.01625,https://www.jepx.jp/_download.php?dir=spot_summary&file=spot_summary_2018.csv
2018-08-08,jepx-top8avg-kyushu,kyushu,23.45125,https://www.jepx.jp/_download.php?dir=spot_summary&file=spot_summary_2018.csv
2018-08-09,jepx-top8avg-kyushu,kyushu,15.443750000000001,https://www.jepx.jp/_download.php?dir=spot_summary&file=spot_summary_2018.csv
2018-08-10,jepx-top8avg-kyushu,kyushu,16.40875,https://www.jepx.jp/_download.php?dir=spot_summary&file=spot_summary_2018.csv
2018-08-11,jepx-top8avg-kyushu,kyushu,14.030000000000001,https://www.jepx.jp/_download.php?dir=spot_summary&file=spot_summary_2018.csv
2018-08-12,jepx-top8avg-kyushu,kyushu,12.592500000000001,https://www.jepx.jp/_download.php?dir=spot_summary&file=spot_summary_2018.csv
2018-08-13,jepx-top8avg-kyushu,kyushu,13.061250000000001,https://www.jepx.jp/_download.php?dir=spot_summary&file=spot_summary_2018.csv
2018-08-14,jepx-top8avg-kyushu,kyushu,13.34375,https://www.jepx.jp/_download.php?dir=spot_summary&file=spot_summary_2018.csv
2018-08-15,jepx-top8avg-kyushu,kyushu,12.46,https://www.jepx.jp/_download.php?dir=spot_summary&file=spot_summary_2018.csv
2018-08-16,jepx-top8avg-kyushu,kyushu,14.337499999999999,https://www.jepx.jp/_download.php?dir=spot_summary&file=spot_summary_2018.csv
2018-08-17,jepx-top8avg-kyushu,kyushu,12.3325,https://www.jepx.jp/_download.php?dir=spot_summary&file=spot_summary_2018.csv
2018-08-18,jepx-top8avg-kyushu,kyushu,11.098749999999999,https://www.jepx.jp/_download.php?dir=spot_summary&file=spot_summary_2018.csv
2018-08-19,jepx-top8avg-kyushu,kyushu,10.315,https://www.jepx.jp/_download.php?dir=spot_summary&file=spot_summary_2018.csv
2018-08-20,jepx-top8avg-kyushu,kyushu,13.70625,https://www.jepx.jp/_download.php?dir=spot_summary&file=spot_summary_2018.csv
2018-08-21,jepx-top8avg-kyushu,kyushu,13.8125,https://www.jepx.jp/_download.php?dir=spot_summary&file=spot_summary_2018.csv
2018-08-22,jepx-top8avg-kyushu,kyushu,16.55375,https://www.jepx.jp/_download.php?dir=spot_summary&file=spot_summary_2018.csv
2018-08-23,jepx-top8avg-kyushu,kyushu,24.225,https://www.jepx.jp/_download.php?dir=spot_summary&file=spot_summary_2018.csv
2018-08-24,jepx-top8avg-kyushu,kyushu,23.38,https://www.jepx.jp/_download.php?dir=spot_summary&file=spot_summary_2018.csv
2018-08-25,jepx-top8avg-kyushu,kyushu,12.776250000000001,https://www.jepx.jp/_download.php?dir=spot_summary&file=spot_summary_2018.csv
2018-08-26,jepx-top8avg-kyushu,kyushu,16.83625,https://www.jepx.jp/_download.php?dir=spot_summary&file=spot_summary_2018.csv
2018-08-27,jepx-top8avg-kyushu,kyushu,23.395,https://www.jepx.jp/_download.php?dir=spot_summary&file=spot_summary_2018.csv
2018-08-28,jepx-top8avg-kyushu,kyushu,20.2275,https://www.jepx.jp/_download.php?dir=spot_summary&file=spot_summary_2018.csv
2018-08-29,jepx-top8avg-kyushu,kyushu,17.585,https://www.jepx.jp/_download.php?dir=spot_summary&file=spot_summary_2018.csv
2018-08-30,jepx-top8avg-kyushu,kyushu,21.05625,https://www.jepx.jp/_download.php?dir=spot_summary&file=spot_summary_2018.csv
2018-08-31,jepx-top8avg-kyushu,kyushu,20.68,https://www.jepx.jp/_download.php?dir=spot_summary&file=spot_summary_2018.csv
2018-09-01,jepx-top8avg-kyushu,kyushu,10.95125,https://www.jepx.jp/_download.php?dir=spot_summary&file=spot_summary_2018.csv
2018-09-02,jepx-top8avg-kyushu,kyushu,11.385,https://www.jepx.jp/_download.php?dir=spot_summary&file=spot_summary_2018.csv
2018-09-03,jepx-top8avg-kyushu,kyushu,14.873750000000001,https://www.jepx.jp/_download.php?dir=spot_summary&file=spot_summary_2018.csv
2018-09-04,jepx-top8avg-kyushu,kyushu,16.21375,https://www.jepx.jp/_download.php?dir=spot_summary&file=spot_summary_2018.csv
2018-09-05,jepx-top8avg-kyushu,kyushu,15.4825,https://www.jepx.jp/_download.php?dir=spot_summary&file=spot_summary_2018.csv
2018-09-06,jepx-top8avg-kyushu,kyushu,16.54,https://www.jepx.jp/_download.php?dir=spot_summary&file=spot_summary_2018.csv
2018-09-07,jepx-top8avg-kyushu,kyushu,14.55375,https://www.jepx.jp/_download.php?dir=spot_summary&file=spot_summary_2018.csv
2018-09-08,jepx-top8avg-kyushu,kyushu,9.16875,https://www.jepx.jp/_download.php?dir=spot_summary&file=spot_summary_2018.csv
2018-09-09,jepx-top8avg-kyushu,kyushu,8.95,https://www.jepx.jp/_download.php?dir=spot_summary&file=spot_summary_2018.csv
2018-09-10,jepx-top8avg-kyushu,kyushu,8.965,https://www.jepx.jp/_download.php?dir=spot_summary&file=spot_summary_2018.csv
2018-09-11,jepx-top8avg-kyushu,kyushu,10.092500000000001,https://www.jepx.jp/_download.php?dir=spot_summary&file=spot_summary_2018.csv
2018-09-12,jepx-top8avg-kyushu,kyushu,10.618749999999999,https://www.jepx.jp/_download.php?dir=spot_summary&file=spot_summary_2018.csv
2018-09-13,jepx-top8avg-kyushu,kyushu,9.975000000000001,https://www.jepx.jp/_download.php?dir=spot_summary&file=spot_summary_2018.csv
2018-09-14,jepx-top8avg-kyushu,kyushu,9.463750000000001,https://www.jepx.jp/_download.php?dir=spot_summary&file=spot_summary_2018.csv
2018-09-15,jepx-top8avg-kyushu,kyushu,9.7075,https://www.jepx.jp/_download.php?dir=spot_summary&file=spot_summary_2018.csv
2018-09-16,jepx-top8avg-kyushu,kyushu,10.995000000000001,https://www.jepx.jp/_download.php?dir=spot_summary&file=spot_summary_2018.csv
2018-09-17,jepx-top8avg-kyushu,kyushu,11.765,https://www.jepx.jp/_download.php?dir=spot_summary&file=spot_summary_2018.csv
2018-09-18,jepx-top8avg-kyushu,kyushu,11.17125,https://www.jepx.jp/_download.php?dir=spot_summary&file=spot_summary_2018.csv
2018-09-19,jepx-top8avg-kyushu,kyushu,10.56625,https://www.jepx.jp/_download.php?dir=spot_summary&file=spot_summary_2018.csv
2018-09-20,jepx-top8avg-kyushu,kyushu,11.088750000000001,https://www.jepx.jp/_download.php?dir=spot_summary&file=spot_summary_2018.csv
2018-09-21,jepx-top8avg-kyushu,kyushu,11.39375,https://www.jepx.jp/_download.php?dir=spot_summary&file=spot_summary_2018.csv
2018-09-22,jepx-top8avg-kyushu,kyushu,10.075,https://www.jepx.jp/_download.php?dir=spot_summary&file=spot_summary_2018.csv
2018-09-23,jepx-top8avg-kyushu,kyushu,9.26625,https://www.jepx.jp/_download.php?dir=spot_summary&file=spot_summary_2018.csv
2018-09-24,jepx-top8avg-kyushu,kyushu,10.27875,https://www.jepx.jp/_download.php?dir=spot_summary&file=spot_summary_2018.csv
2018-09-25,jepx-top8avg-kyushu,kyushu,9.75,https://www.jepx.jp/_download.php?dir=spot_summary&file=spot_summary_2018.csv
2018-09-26,jepx-top8avg-kyushu,kyushu,9.48125,https://www.jepx.jp/_download.php?dir=spot_summary&file=spot_summary_2018.csv
2018-09-27,jepx-top8avg-kyushu,kyushu,8.5275,https://www.jepx.jp/_download.php?dir=spot_summary&file=spot_summary_2018.csv
2018-09-28,jepx-top8avg-kyushu,kyushu,9.118749999999999,https://www.jepx.jp/_download.php?dir=spot_summary&file=spot_summary_2018.csv
2018-09-29,jepx-top8avg-kyushu,kyushu,9.42,https://www.jepx.jp/_download.php?dir=spot_summary&file=spot_summary_2018.csv
2018-09-30,jepx-top8avg-kyushu,kyushu,8.38875,https://www.jepx.jp/_download.php?dir=spot_summary&file=spot_summary_2018.csv
2018-10-01,jepx-top8avg-kyushu,kyushu,11.661249999999999,https://www.jepx.jp/_download.php?dir=spot_summary&file=spot_summary_2018.csv
2018-10-02,jepx-top8avg-kyushu,kyushu,9.7925,https://www.jepx.jp/_download.php?dir=spot_summary&file=spot_summary_2018.csv
2018-10-03,jepx-top8avg-kyushu,kyushu,10.20125,https://www.jepx.jp/_download.php?dir=spot_summary&file=spot_summary_2018.csv
2018-10-04,jepx-top8avg-kyushu,kyushu,11.151250000000001,https://www.jepx.jp/_download.php?dir=spot_summary&file=spot_summary_2018.csv
2018-10-05,jepx-top8avg-kyushu,kyushu,11.3425,https://www.jepx.jp/_download.php?dir=spot_summary&file=spot_summary_2018.csv
2018-10-06,jepx-top8avg-kyushu,kyushu,8.64625,https://www.jepx.jp/_download.php?dir=spot_summary&file=spot_summary_2018.csv
2018-10-07,jepx-top8avg-kyushu,kyushu,8.307500000000001,https://www.jepx.jp/_download.php?dir=spot_summary&file=spot_summary_2018.csv
2018-10-08,jepx-top8avg-kyushu,kyushu,8.22625,https://www.jepx.jp/_download.php?dir=spot_summary&file=spot_summary_2018.csv
2018-10-09,jepx-top8avg-kyushu,kyushu,10.17625,https://www.jepx.jp/_download.php?dir=spot_summary&file=spot_summary_2018.csv
2018-10-10,jepx-top8avg-kyushu,kyushu,10.682500000000001,https://www.jepx.jp/_download.php?dir=spot_summary&file=spot_summary_2018.csv
2018-10-11,jepx-top8avg-kyushu,kyushu,9.39875,https://www.jepx.jp/_download.php?dir=spot_summary&file=spot_summary_2018.csv
2018-10-12,jepx-top8avg-kyushu,kyushu,11.35875,https://www.jepx.jp/_download.php?dir=spot_summary&file=spot_summary_2018.csv
2018-10-13,jepx-top8avg-kyushu,kyushu,10.35,https://www.jepx.jp/_download.php?dir=spot_summary&file=spot_summary_2018.csv
2018-10-14,jepx-top8avg-kyushu,kyushu,9.62125,https://www.jepx.jp/_download.php?dir=spot_summary&file=spot_summary_2018.csv
2018-10-15,jepx-top8avg-kyushu,kyushu,11.935,https://www.jepx.jp/_download.php?dir=spot_summary&file=spot_summary_2018.csv
2018-10-16,jepx-top8avg-kyushu,kyushu,11.92875,https://www.jepx.jp/_download.php?dir=spot_summary&file=spot_summary_2018.csv
2018-10-17,jepx-top8avg-kyushu,kyushu,12.120000000000001,https://www.jepx.jp/_download.php?dir=spot_summary&file=spot_summary_2018.csv
2018-10-18,jepx-top8avg-kyushu,kyushu,11.4675,https://www.jepx.jp/_download.php?dir=spot_summary&file=spot_summary_2018.csv
2018-10-19,jepx-top8avg-kyushu,kyushu,11.76125,https://www.jepx.jp/_download.php?dir=spot_summary&file=spot_summary_2018.csv
2018-10-20,jepx-top8avg-kyushu,kyushu,10.575,https://www.jepx.jp/_download.php?dir=spot_summary&file=spot_summary_2018.csv
2018-10-21,jepx-top8avg-kyushu,kyushu,10.37375,https://www.jepx.jp/_download.php?dir=spot_summary&file=spot_summary_2018.csv
2018-10-22,jepx-top8avg-kyushu,kyushu,11.1975,https://www.jepx.jp/_download.php?dir=spot_summary&file=spot_summary_2018.csv
2018-10-23,jepx-top8avg-kyushu,kyushu,11.91375,https://www.jepx.jp/_download.php?dir=spot_summary&file=spot_summary_2018.csv
2018-10-24,jepx-top8avg-kyushu,kyushu,10.7325,https://www.jepx.jp/_download.php?dir=spot_summary&file=spot_summary_2018.csv
2018-10-25,jepx-top8avg-kyushu,kyushu,11.427500000000002,https://www.jepx.jp/_download.php?dir=spot_summary&file=spot_summary_2018.csv
2018-10-26,jepx-top8avg-kyushu,kyushu,11.21125,https://www.jepx.jp/_download.php?dir=spot_summary&file=spot_summary_2018.csv
2018-10-27,jepx-top8avg-kyushu,kyushu,10.92625,https://www.jepx.jp/_download.php?dir=spot_summary&file=spot_summary_2018.csv
2018-10-28,jepx-top8avg-kyushu,kyushu,11.111249999999998,https://www.jepx.jp/_download.php?dir=spot_summary&file=spot_summary_2018.csv
2018-10-29,jepx-top8avg-kyushu,kyushu,11.24,https://www.jepx.jp/_download.php?dir=spot_summary&file=spot_summary_2018.csv
2018-10-30,jepx-top8avg-kyushu,kyushu,10.69875,https://www.jepx.jp/_download.php?dir=spot_summary&file=spot_summary_2018.csv
2018-10-31,jepx-top8avg-kyushu,kyushu,10.5075,https://www.jepx.jp/_download.php?dir=spot_summary&file=spot_summary_2018.csv
2018-11-01,jepx-top8avg-kyushu,kyushu,10.505,https://www.jepx.jp/_download.php?dir=spot_summary&file=spot_summary_2018.csv
2018-11-02,jepx-top8avg-kyushu,kyushu,10.8125,https://www.jepx.jp/_download.php?dir=spot_summary&file=spot_summary_2018.csv
2018-11-03,jepx-top8avg-kyushu,kyushu,9.985,https://www.jepx.jp/_download.php?dir=spot_summary&file=spot_summary_2018.csv
2018-11-04,jepx-top8avg-kyushu,kyushu,10.345,https://www.jepx.jp/_download.php?dir=spot_summary&file=spot_summary_2018.csv
2018-11-05,jepx-top8avg-kyushu,kyushu,11.542499999999999,https://www.jepx.jp/_download.php?dir=spot_summary&file=spot_summary_2018.csv
2018-11-06,jepx-top8avg-kyushu,kyushu,11.6875,https://www.jepx.jp/_download.php?dir=spot_summary&file=spot_summary_2018.csv
2018-11-07,jepx-top8avg-kyushu,kyushu,11.021249999999998,https://www.jepx.jp/_download.php?dir=spot_summary&file=spot_summary_2018.csv
2018-11-08,jepx-top8avg-kyushu,kyushu,10.3875,https://www.jepx.jp/_download.php?dir=spot_summary&file=spot_summary_2018.csv
2018-11-09,jepx-top8avg-kyushu,kyushu,10.157499999999999,https://www.jepx.jp/_download.php?dir=spot_summary&file=spot_summary_2018.csv
2018-11-10,jepx-top8avg-kyushu,kyushu,10.8125,https://www.jepx.jp/_download.php?dir=spot_summary&file=spot_summary_2018.csv
2018-11-11,jepx-top8avg-kyushu,kyushu,10.67125,https://www.jepx.jp/_download.php?dir=spot_summary&file=spot_summary_2018.csv
2018-11-12,jepx-top8avg-kyushu,kyushu,11.307500000000001,https://www.jepx.jp/_download.php?dir=spot_summary&file=spot_summary_2018.csv
2018-11-13,jepx-top8avg-kyushu,kyushu,10.938749999999999,https://www.jepx.jp/_download.php?dir=spot_summary&file=spot_summary_2018.csv
2018-11-14,jepx-top8avg-kyushu,kyushu,10.5325,https://www.jepx.jp/_download.php?dir=spot_summary&file=spot_summary_2018.csv
2018-11-15,jepx-top8avg-kyushu,kyushu,11.4175,https://www.jepx.jp/_download.php?dir=spot_summary&file=spot_summary_2018.csv
2018-11-16,jepx-top8avg-kyushu,kyushu,11.438749999999999,https://www.jepx.jp/_download.php?dir=spot_summary&file=spot_summary_2018.csv
2018-11-17,jepx-top8avg-kyushu,kyushu,9.451250000000002,https://www.jepx.jp/_download.php?dir=spot_summary&file=spot_summary_2018.csv
2018-11-18,jepx-top8avg-kyushu,kyushu,9.037500000000001,https://www.jepx.jp/_download.php?dir=spot_summary&file=spot_summary_2018.csv
2018-11-19,jepx-top8avg-kyushu,kyushu,12.435,https://www.jepx.jp/_download.php?dir=spot_summary&file=spot_summary_2018.csv
2018-11-20,jepx-top8avg-kyushu,kyushu,11.85,https://www.jepx.jp/_download.php?dir=spot_summary&file=spot_summary_2018.csv
2018-11-21,jepx-top8avg-kyushu,kyushu,12.35,https://www.jepx.jp/_download.php?dir=spot_summary&file=spot_summary_2018.csv
2018-11-22,jepx-top8avg-kyushu,kyushu,13.035,https://www.jepx.jp/_download.php?dir=spot_summary&file=spot_summary_2018.csv
2018-11-23,jepx-top8avg-kyushu,kyushu,9.517500000000002,https://www.jepx.jp/_download.php?dir=spot_summary&file=spot_summary_2018.csv
2018-11-24,jepx-top8avg-kyushu,kyushu,10.397499999999999,https://www.jepx.jp/_download.php?dir=spot_summary&file=spot_summary_2018.csv
2018-11-25,jepx-top8avg-kyushu,kyushu,10.10125,https://www.jepx.jp/_download.php?dir=spot_summary&file=spot_summary_2018.csv
2018-11-26,jepx-top8avg-kyushu,kyushu,10.59,https://www.jepx.jp/_download.php?dir=spot_summary&file=spot_summary_2018.csv
2018-11-27,jepx-top8avg-kyushu,kyushu,9.5525,https://www.jepx.jp/_download.php?dir=spot_summary&file=spot_summary_2018.csv
2018-11-28,jepx-top8avg-kyushu,kyushu,11.66625,https://www.jepx.jp/_download.php?dir=spot_summary&file=spot_summary_2018.csv
2018-11-29,jepx-top8avg-kyushu,kyushu,9.66375,https://www.jepx.jp/_download.php?dir=spot_summary&file=spot_summary_2018.csv
2018-11-30,jepx-top8avg-kyushu,kyushu,10.785,https://www.jepx.jp/_download.php?dir=spot_summary&file=spot_summary_2018.csv
2018-12-01,jepx-top8avg-kyushu,kyushu,8.8,https://www.jepx.jp/_download.php?dir=spot_summary&file=spot_summary_2018.csv
2018-12-02,jepx-top8avg-kyushu,kyushu,9.004999999999999,https://www.jepx.jp/_download.php?dir=spot_summary&file=spot_summary_2018.csv
2018-12-03,jepx-top8avg-kyushu,kyushu,9.55125,https://www.jepx.jp/_download.php?dir=spot_summary&file=spot_summary_2018.csv
2018-12-04,jepx-top8avg-kyushu,kyushu,9.3675,https://www.jepx.jp/_download.php?dir=spot_summary&file=spot_summary_2018.csv
2018-12-05,jepx-top8avg-kyushu,kyushu,9.7575,https://www.jepx.jp/_download.php?dir=spot_summary&file=spot_summary_2018.csv
2018-12-06,jepx-top8avg-kyushu,kyushu,9.870000000000001,https://www.jepx.jp/_download.php?dir=spot_summary&file=spot_summary_2018.csv
2018-12-07,jepx-top8avg-kyushu,kyushu,10.149999999999999,https://www.jepx.jp/_download.php?dir=spot_summary&file=spot_summary_2018.csv
2018-12-08,jepx-top8avg-kyushu,kyushu,10.256250000000001,https://www.jepx.jp/_download.php?dir=spot_summary&file=spot_summary_2018.csv
2018-12-09,jepx-top8avg-kyushu,kyushu,10.032499999999999,https://www.jepx.jp/_download.php?dir=spot_summary&file=spot_summary_2018.csv
2018-12-10,jepx-top8avg-kyushu,kyushu,11.64875,https://www.jepx.jp/_download.php?dir=spot_summary&file=spot_summary_2018.csv
2018-12-11,jepx-top8avg-kyushu,kyushu,12.040000000000001,https://www.jepx.jp/_download.php?dir=spot_summary&file=spot_summary_2018.csv
2018-12-12,jepx-top8avg-kyushu,kyushu,13.11,https://www.jepx.jp/_download.php?dir=spot_summary&file=spot_summary_2018.csv
2018-12-13,jepx-top8avg-kyushu,kyushu,15.301250000000001,https://www.jepx.jp/_download.php?dir=spot_summary&file=spot_summary_2018.csv
2018-12-14,jepx-top8avg-kyushu,kyushu,13.07,https://www.jepx.jp/_download.php?dir=spot_summary&file=spot_summary_2018.csv
2018-12-15,jepx-top8avg-kyushu,kyushu,10.616249999999999,https://www.jepx.jp/_download.php?dir=spot_summary&file=spot_summary_2018.csv
2018-12-16,jepx-top8avg-kyushu,kyushu,10.173749999999998,https://www.jepx.jp/_download.php?dir=spot_summary&file=spot_summary_2018.csv
2018-12-17,jepx-top8avg-kyushu,kyushu,10.505,https://www.jepx.jp/_download.php?dir=spot_summary&file=spot_summary_2018.csv
2018-12-18,jepx-top8avg-kyushu,kyushu,13.202499999999999,https://www.jepx.jp/_download.php?dir=spot_summary&file=spot_summary_2018.csv
2018-12-19,jepx-top8avg-kyushu,kyushu,10.38375,https://www.jepx.jp/_download.php?dir=spot_summary&file=spot_summary_2018.csv
2018-12-20,jepx-top8avg-kyushu,kyushu,11.587499999999999,https://www.jepx.jp/_download.php?dir=spot_summary&file=spot_summary_2018.csv
2018-12-21,jepx-top8avg-kyushu,kyushu,10.254999999999999,https://www.jepx.jp/_download.php?dir=spot_summary&file=spot_summary_2018.csv
2018-12-22,jepx-top8avg-kyushu,kyushu,9.1,https://www.jepx.jp/_download.php?dir=spot_summary&file=spot_summary_2018.csv
2018-12-23,jepx-top8avg-kyushu,kyushu,8.83125,https://www.jepx.jp/_download.php?dir=spot_summary&file=spot_summary_2018.csv
2018-12-24,jepx-top8avg-kyushu,kyushu,10.010000000000002,https://www.jepx.jp/_download.php?dir=spot_summary&file=spot_summary_2018.csv
2018-12-25,jepx-top8avg-kyushu,kyushu,11.18375,https://www.jepx.jp/_download.php?dir=spot_summary&file=spot_summary_2018.csv
2018-12-26,jepx-top8avg-kyushu,kyushu,11.90875,https://www.jepx.jp/_download.php?dir=spot_summary&file=spot_summary_2018.csv
2018-12-27,jepx-top8avg-kyushu,kyushu,10.7425,https://www.jepx.jp/_download.php?dir=spot_summary&file=spot_summary_2018.csv
2018-12-28,jepx-top8avg-kyushu,kyushu,10.387500000000001,https://www.jepx.jp/_download.php?dir=spot_summary&file=spot_summary_2018.csv
2018-12-29,jepx-top8avg-kyushu,kyushu,9.54125,https://www.jepx.jp/_download.php?dir=spot_summary&file=spot_summary_2018.csv
2018-12-30,jepx-top8avg-kyushu,kyushu,8.98,https://www.jepx.jp/_download.php?dir=spot_summary&file=spot_summary_2018.csv
2018-12-31,jepx-top8avg-kyushu,kyushu,9.3775,https://www.jepx.jp/_download.php?dir=spot_summary&file=spot_summary_2018.csv
2019-01-01,jepx-top8avg-kyushu,kyushu,9.0375,https://www.jepx.jp/_download.php?dir=spot_summary&file=spot_summary_2018.csv
2019-01-02,jepx-top8avg-kyushu,kyushu,9.0825,https://www.jepx.jp/_download.php?dir=spot_summary&file=spot_summary_2018.csv
2019-01-03,jepx-top8avg-kyushu,kyushu,9.14,https://www.jepx.jp/_download.php?dir=spot_summary&file=spot_summary_2018.csv
2019-01-04,jepx-top8avg-kyushu,kyushu,9.18,https://www.jepx.jp/_download.php?dir=spot_summary&file=spot_summary_2018.csv
2019-01-05,jepx-top8avg-kyushu,kyushu,9.36375,https://www.jepx.jp/_download.php?dir=spot_summary&file=spot_summary_2018.csv
2019-01-06,jepx-top8avg-kyushu,kyushu,8.905000000000001,https://www.jepx.jp/_download.php?dir=spot_summary&file=spot_summary_2018.csv
2019-01-07,jepx-top8avg-kyushu,kyushu,10.82,https://www.jepx.jp/_download.php?dir=spot_summary&file=spot_summary_2018.csv
2019-01-08,jepx-top8avg-kyushu,kyushu,10.145,https://www.jepx.jp/_download.php?dir=spot_summary&file=spot_summary_2018.csv
2019-01-09,jepx-top8avg-kyushu,kyushu,11.00375,https://www.jepx.jp/_download.php?dir=spot_summary&file=spot_summary_2018.csv
2019-01-10,jepx-top8avg-kyushu,kyushu,13.038749999999999,https://www.jepx.jp/_download.php?dir=spot_summary&file=spot_summary_2018.csv
2019-01-11,jepx-top8avg-kyushu,kyushu,11.0175,https://www.jepx.jp/_download.php?dir=spot_summary&file=spot_summary_2018.csv
2019-01-12,jepx-top8avg-kyushu,kyushu,9.8775,https://www.jepx.jp/_download.php?dir=spot_summary&file=spot_summary_2018.csv
2019-01-13,jepx-top8avg-kyushu,kyushu,9.02125,https://www.jepx.jp/_download.php?dir=spot_summary&file=spot_summary_2018.csv
2019-01-14,jepx-top8avg-kyushu,kyushu,10.79625,https://www.jepx.jp/_download.php?dir=spot_summary&file=spot_summary_2018.csv
2019-01-15,jepx-top8avg-kyushu,kyushu,11.17125,https://www.jepx.jp/_download.php?dir=spot_summary&file=spot_summary_2018.csv
2019-01-16,jepx-top8avg-kyushu,kyushu,10.445,https://www.jepx.jp/_download.php?dir=spot_summary&file=spot_summary_2018.csv
2019-01-17,jepx-top8avg-kyushu,kyushu,11.334999999999999,https://www.jepx.jp/_download.php?dir=spot_summary&file=spot_summary_2018.csv
2019-01-18,jepx-top8avg-kyushu,kyushu,11.035,https://www.jepx.jp/_download.php?dir=spot_summary&file=spot_summary_2018.csv
2019-01-19,jepx-top8avg-kyushu,kyushu,10.0975,https://www.jepx.jp/_download.php?dir=spot_summary&file=spot_summary_2018.csv
2019-01-20,jepx-top8avg-kyushu,kyushu,8.934999999999999,https://www.jepx.jp/_download.php?dir=spot_summary&file=spot_summary_2018.csv
2019-01-21,jepx-top8avg-kyushu,kyushu,10.11625,https://www.jepx.jp/_download.php?dir=spot_summary&file=spot_summary_2018.csv
2019-01-22,jepx-top8avg-kyushu,kyushu,11.31125,https://www.jepx.jp/_download.php?dir=spot_summary&file=spot_summary_2018.csv
2019-01-23,jepx-top8avg-kyushu,kyushu,9.946250000000001,https://www.jepx.jp/_download.php?dir=spot_summary&file=spot_summary_2018.csv
2019-01-24,jepx-top8avg-kyushu,kyushu,10.94125,https://www.jepx.jp/_download.php?dir=spot_summary&file=spot_summary_2018.csv
2019-01-25,jepx-top8avg-kyushu,kyushu,11.28375,https://www.jepx.jp/_download.php?dir=spot_summary&file=spot_summary_2018.csv
2019-01-26,jepx-top8avg-kyushu,kyushu,11.0525,https://www.jepx.jp/_download.php?dir=spot_summary&file=spot_summary_2018.csv
2019-01-27,jepx-top8avg-kyushu,kyushu,10.015,https://www.jepx.jp/_download.php?dir=spot_summary&file=spot_summary_2018.csv
2019-01-28,jepx-top8avg-kyushu,kyushu,12.30625,https://www.jepx.jp/_download.php?dir=spot_summary&file=spot_summary_2018.csv
2019-01-29,jepx-top8avg-kyushu,kyushu,11.0,https://www.jepx.jp/_download.php?dir=spot_summary&file=spot_summary_2018.csv
2019-01-30,jepx-top8avg-kyushu,kyushu,11.37,https://www.jepx.jp/_download.php?dir=spot_summary&file=spot_summary_2018.csv
2019-01-31,jepx-top8avg-kyushu,kyushu,13.879999999999999,https://www.jepx.jp/_download.php?dir=spot_summary&file=spot_summary_2018.csv
2019-02-01,jepx-top8avg-kyushu,kyushu,10.81125,https://www.jepx.jp/_download.php?dir=spot_summary&file=spot_summary_2018.csv
2019-02-02,jepx-top8avg-kyushu,kyushu,9.47625,https://www.jepx.jp/_download.php?dir=spot_summary&file=spot_summary_2018.csv
2019-02-03,jepx-top8avg-kyushu,kyushu,8.463750000000001,https://www.jepx.jp/_download.php?dir=spot_summary&file=spot_summary_2018.csv
2019-02-04,jepx-top8avg-kyushu,kyushu,8.842500000000001,https://www.jepx.jp/_download.php?dir=spot_summary&file=spot_summary_2018.csv
2019-02-05,jepx-top8avg-kyushu,kyushu,10.16,https://www.jepx.jp/_download.php?dir=spot_summary&file=spot_summary_2018.csv
2019-02-06,jepx-top8avg-kyushu,kyushu,9.043750000000001,https://www.jepx.jp/_download.php?dir=spot_summary&file=spot_summary_2018.csv
2019-02-07,jepx-top8avg-kyushu,kyushu,8.6475,https://www.jepx.jp/_download.php?dir=spot_summary&file=spot_summary_2018.csv
2019-02-08,jepx-top8avg-kyushu,kyushu,9.93,https://www.jepx.jp/_download.php?dir=spot_summary&file=spot_summary_2018.csv
2019-02-09,jepx-top8avg-kyushu,kyushu,9.62375,https://www.jepx.jp/_download.php?dir=spot_summary&file=spot_summary_2018.csv
2019-02-10,jepx-top8avg-kyushu,kyushu,8.5725,https://www.jepx.jp/_download.php?dir=spot_summary&file=spot_summary_2018.csv
2019-02-11,jepx-top8avg-kyushu,kyushu,10.42625,https://www.jepx.jp/_download.php?dir=spot_summary&file=spot_summary_2018.csv
2019-02-12,jepx-top8avg-kyushu,kyushu,9.0725,https://www.jepx.jp/_download.php?dir=spot_summary&file=spot_summary_2018.csv
2019-02-13,jepx-top8avg-kyushu,kyushu,9.16625,https://www.jepx.jp/_download.php?dir=spot_summary&file=spot_summary_2018.csv
2019-02-14,jepx-top8avg-kyushu,kyushu,10.6175,https://www.jepx.jp/_download.php?dir=spot_summary&file=spot_summary_2018.csv
2019-02-15,jepx-top8avg-kyushu,kyushu,9.243749999999999,https://www.jepx.jp/_download.php?dir=spot_summary&file=spot_summary_2018.csv
2019-02-16,jepx-top8avg-kyushu,kyushu,8.3625,https://www.jepx.jp/_download.php?dir=spot_summary&file=spot_summary_2018.csv
2019-02-17,jepx-top8avg-kyushu,kyushu,9.567499999999999,https://www.jepx.jp/_download.php?dir=spot_summary&file=spot_summary_2018.csv
2019-02-18,jepx-top8avg-kyushu,kyushu,9.18375,https://www.jepx.jp/_download.php?dir=spot_summary&file=spot_summary_2018.csv
2019-02-19,jepx-top8avg-kyushu,kyushu,10.54625,https://www.jepx.jp/_download.php?dir=spot_summary&file=spot_summary_2018.csv
2019-02-20,jepx-top8avg-kyushu,kyushu,7.83625,https://www.jepx.jp/_download.php?dir=spot_summary&file=spot_summary_2018.csv
2019-02-21,jepx-top8avg-kyushu,kyushu,8.91375,https://www.jepx.jp/_download.php?dir=spot_summary&file=spot_summary_2018.csv
2019-02-22,jepx-top8avg-kyushu,kyushu,9.375,https://www.jepx.jp/_download.php?dir=spot_summary&file=spot_summary_2018.csv
2019-02-23,jepx-top8avg-kyushu,kyushu,7.79625,https://www.jepx.jp/_download.php?dir=spot_summary&file=spot_summary_2018.csv
2019-02-24,jepx-top8avg-kyushu,kyushu,7.77375,https://www.jepx.jp/_download.php?dir=spot_summary&file=spot_summary_2018.csv
2019-02-25,jepx-top8avg-kyushu,kyushu,7.17375,https://www.jepx.jp/_download.php?dir=spot_summary&file=spot_summary_2018.csv
2019-02-26,jepx-top8avg-kyushu,kyushu,6.35875,https://www.jepx.jp/_download.php?dir=spot_summary&file=spot_summary_2018.csv
2019-02-27,jepx-top8avg-kyushu,kyushu,6.26375,https://www.jepx.jp/_download.php?dir=spot_summary&file=spot_summary_2018.csv
2019-02-28,jepx-top8avg-kyushu,kyushu,7.9399999999999995,https://www.jepx.jp/_download.php?dir=spot_summary&file=spot_summary_2018.csv
2019-03-01,jepx-top8avg-kyushu,kyushu,7.4875,https://www.jepx.jp/_download.php?dir=spot_summary&file=spot_summary_2018.csv
2019-03-02,jepx-top8avg-kyushu,kyushu,7.758750000000001,https://www.jepx.jp/_download.php?dir=spot_summary&file=spot_summary_2018.csv
2019-03-03,jepx-top8avg-kyushu,kyushu,8.2975,https://www.jepx.jp/_download.php?dir=spot_summary&file=spot_summary_2018.csv
2019-03-04,jepx-top8avg-kyushu,kyushu,8.635,https://www.jepx.jp/_download.php?dir=spot_summary&file=spot_summary_2018.csv
2019-03-05,jepx-top8avg-kyushu,kyushu,7.4125,https://www.jepx.jp/_download.php?dir=spot_summary&file=spot_summary_2018.csv
2019-03-06,jepx-top8avg-kyushu,kyushu,8.43875,https://www.jepx.jp/_download.php?dir=spot_summary&file=spot_summary_2018.csv
2019-03-07,jepx-top8avg-kyushu,kyushu,7.5024999999999995,https://www.jepx.jp/_download.php?dir=spot_summary&file=spot_summary_2018.csv
2019-03-08,jepx-top8avg-kyushu,kyushu,8.7575,https://www.jepx.jp/_download.php?dir=spot_summary&file=spot_summary_2018.csv
2019-03-09,jepx-top8avg-kyushu,kyushu,7.9975000000000005,https://www.jepx.jp/_download.php?dir=spot_summary&file=spot_summary_2018.csv
2019-03-10,jepx-top8avg-kyushu,kyushu,6.9799999999999995,https://www.jepx.jp/_download.php?dir=spot_summary&file=spot_summary_2018.csv
2019-03-11,jepx-top8avg-kyushu,kyushu,6.046250000000001,https://www.jepx.jp/_download.php?dir=spot_summary&file=spot_summary_2018.csv
2019-03-12,jepx-top8avg-kyushu,kyushu,6.484999999999999,https://www.jepx.jp/_download.php?dir=spot_summary&file=spot_summary_2018.csv
2019-03-13,jepx-top8avg-kyushu,kyushu,7.768750000000001,https://www.jepx.jp/_download.php?dir=spot_summary&file=spot_summary_2018.csv
2019-03-14,jepx-top8avg-kyushu,kyushu,7.505000000000001,https://www.jepx.jp/_download.php?dir=spot_summary&file=spot_summary_2018.csv
2019-03-15,jepx-top8avg-kyushu,kyushu,8.254999999999999,https://www.jepx.jp/_download.php?dir=spot_summary&file=spot_summary_2018.csv
2019-03-16,jepx-top8avg-kyushu,kyushu,8.71125,https://www.jepx.jp/_download.php?dir=spot_summary&file=spot_summary_2018.csv
2019-03-17,jepx-top8avg-kyushu,kyushu,8.780000000000001,https://www.jepx.jp/_download.php?dir=spot_summary&file=spot_summary_2018.csv
2019-03-18,jepx-top8avg-kyushu,kyushu,8.9075,https://www.jepx.jp/_download.php?dir=spot_summary&file=spot_summary_2018.csv
2019-03-19,jepx-top8avg-kyushu,kyushu,8.127500000000001,https://www.jepx.jp/_download.php?dir=spot_summary&file=spot_summary_2018.csv
2019-03-20,jepx-top8avg-kyushu,kyushu,6.915,https://www.jepx.jp/_download.php?dir=spot_summary&file=spot_summary_2018.csv
2019-03-21,jepx-top8avg-kyushu,kyushu,8.71625,https://www.jepx.jp/_download.php?dir=spot_summary&file=spot_summary_2018.csv
2019-03-22,jepx-top8avg-kyushu,kyushu,7.88875,https://www.jepx.jp/_download.php?dir=spot_summary&file=spot_summary_2018.csv
2019-03-23,jepx-top8avg-kyushu,kyushu,7.895,https://www.jepx.jp/_download.php?dir=spot_summary&file=spot_summary_2018.csv
2019-03-24,jepx-top8avg-kyushu,kyushu,8.9775,https://www.jepx.jp/_download.php?dir=spot_summary&file=spot_summary_2018.csv
2019-03-25,jepx-top8avg-kyushu,kyushu,8.665,https://www.jepx.jp/_download.php?dir=spot_summary&file=spot_summary_2018.csv
2019-03-26,jepx-top8avg-kyushu,kyushu,7.10125,https://www.jepx.jp/_download.php?dir=spot_summary&file=spot_summary_2018.csv
2019-03-27,jepx-top8avg-kyushu,kyushu,6.58375,https://www.jepx.jp/_download.php?dir=spot_summary&file=spot_summary_2018.csv
2019-03-28,jepx-top8avg-kyushu,kyushu,7.9125000000000005,https://www.jepx.jp/_download.php?dir=spot_summary&file=spot_summary_2018.csv
2019-03-29,jepx-top8avg-kyushu,kyushu,6.75,https://www.jepx.jp/_download.php?dir=spot_summary&file=spot_summary_2018.csv
2019-03-30,jepx-top8avg-kyushu,kyushu,7.89375,https://www.jepx.jp/_download.php?dir=spot_summary&file=spot_summary_2018.csv
2019-03-31,jepx-top8avg-kyushu,kyushu,7.465,https://www.jepx.jp/_download.php?dir=spot_summary&file=spot_summary_2018.csv
2019-04-01,jepx-top8avg-kyushu,kyushu,10.34,https://www.jepx.jp/_download.php?dir=spot_summary&file=spot_summary_2019.csv
2019-04-02,jepx-top8avg-kyushu,kyushu,9.67,https://www.jepx.jp/_download.php?dir=spot_summary&file=spot_summary_2019.csv
2019-04-03,jepx-top8avg-kyushu,kyushu,9.77,https://www.jepx.jp/_download.php?dir=spot_summary&file=spot_summary_2019.csv
2019-04-04,jepx-top8avg-kyushu,kyushu,9.682500000000001,https://www.jepx.jp/_download.php?dir=spot_summary&file=spot_summary_2019.csv
2019-04-05,jepx-top8avg-kyushu,kyushu,7.67,https://www.jepx.jp/_download.php?dir=spot_summary&file=spot_summary_2019.csv
2019-04-06,jepx-top8avg-kyushu,kyushu,8.085,https://www.jepx.jp/_download.php?dir=spot_summary&file=spot_summary_2019.csv
2019-04-07,jepx-top8avg-kyushu,kyushu,7.21625,https://www.jepx.jp/_download.php?dir=spot_summary&file=spot_summary_2019.csv
2019-04-08,jepx-top8avg-kyushu,kyushu,8.70125,https://www.jepx.jp/_download.php?dir=spot_summary&file=spot_summary_2019.csv
2019-04-09,jepx-top8avg-kyushu,kyushu,9.03875,https://www.jepx.jp/_download.php?dir=spot_summary&file=spot_summary_2019.csv
2019-04-10,jepx-top8avg-kyushu,kyushu,10.68875,https://www.jepx.jp/_download.php?dir=spot_summary&file=spot_summary_2019.csv
2019-04-11,jepx-top8avg-kyushu,kyushu,10.065000000000001,https://www.jepx.jp/_download.php?dir=spot_summary&file=spot_summary_2019.csv
2019-04-12,jepx-top8avg-kyushu,kyushu,10.35875,https://www.jepx.jp/_download.php?dir=spot_summary&file=spot_summary_2019.csv
2019-04-13,jepx-top8avg-kyushu,kyushu,9.7025,https://www.jepx.jp/_download.php?dir=spot_summary&file=spot_summary_2019.csv
2019-04-14,jepx-top8avg-kyushu,kyushu,8.655000000000001,https://www.jepx.jp/_download.php?dir=spot_summary&file=spot_summary_2019.csv
2019-04-15,jepx-top8avg-kyushu,kyushu,9.9075,https://www.jepx.jp/_download.php?dir=spot_summary&file=spot_summary_2019.csv
2019-04-16,jepx-top8avg-kyushu,kyushu,9.8725,https://www.jepx.jp/_download.php?dir=spot_summary&file=spot_summary_2019.csv
2019-04-17,jepx-top8avg-kyushu,kyushu,9.0075,https://www.jepx.jp/_download.php?dir=spot_summary&file=spot_summary_2019.csv
2019-04-18,jepx-top8avg-kyushu,kyushu,9.213750000000001,https://www.jepx.jp/_download.php?dir=spot_summary&file=spot_summary_2019.csv
2019-04-19,jepx-top8avg-kyushu,kyushu,9.135,https://www.jepx.jp/_download.php?dir=spot_summary&file=spot_summary_2019.csv
2019-04-20,jepx-top8avg-kyushu,kyushu,8.625,https://www.jepx.jp/_download.php?dir=spot_summary&file=spot_summary_2019.csv
2019-04-21,jepx-top8avg-kyushu,kyushu,8.5475,https://www.jepx.jp/_download.php?dir=spot_summary&file=spot_summary_2019.csv
2019-04-22,jepx-top8avg-kyushu,kyushu,9.11,https://www.jepx.jp/_download.php?dir=spot_summary&file=spot_summary_2019.csv
2019-04-23,jepx-top8avg-kyushu,kyushu,8.70875,https://www.jepx.jp/_download.php?dir=spot_summary&file=spot_summary_2019.csv
2019-04-24,jepx-top8avg-kyushu,kyushu,9.18625,https://www.jepx.jp/_download.php?dir=spot_summary&file=spot_summary_2019.csv
2019-04-25,jepx-top8avg-kyushu,kyushu,9.08625,https://www.jepx.jp/_download.php?dir=spot_summary&file=spot_summary_2019.csv
2019-04-26,jepx-top8avg-kyushu,kyushu,8.84625,https://www.jepx.jp/_download.php?dir=spot_summary&file=spot_summary_2019.csv
2019-04-27,jepx-top8avg-kyushu,kyushu,9.5525,https://www.jepx.jp/_download.php?dir=spot_summary&file=spot_summary_2019.csv
2019-04-28,jepx-top8avg-kyushu,kyushu,9.26875,https://www.jepx.jp/_download.php?dir=spot_summary&file=spot_summary_2019.csv
2019-04-29,jepx-top8avg-kyushu,kyushu,8.462499999999999,https://www.jepx.jp/_download.php?dir=spot_summary&file=spot_summary_2019.csv
2019-04-30,jepx-top8avg-kyushu,kyushu,9.81875,https://www.jepx.jp/_download.php?dir=spot_summary&file=spot_summary_2019.csv
2019-05-01,jepx-top8avg-kyushu,kyushu,10.73625,https://www.jepx.jp/_download.php?dir=spot_summary&file=spot_summary_2019.csv
2019-05-02,jepx-top8avg-kyushu,kyushu,9.036249999999999,https://www.jepx.jp/_download.php?dir=spot_summary&file=spot_summary_2019.csv
2019-05-03,jepx-top8avg-kyushu,kyushu,9.294999999999998,https://www.jepx.jp/_download.php?dir=spot_summary&file=spot_summary_2019.csv
2019-05-04,jepx-top8avg-kyushu,kyushu,8.126249999999999,https://www.jepx.jp/_download.php?dir=spot_summary&file=spot_summary_2019.csv
2019-05-05,jepx-top8avg-kyushu,kyushu,7.460000000000001,https://www.jepx.jp/_download.php?dir=spot_summary&file=spot_summary_2019.csv
2019-05-06,jepx-top8avg-kyushu,kyushu,7.834999999999999,https://www.jepx.jp/_download.php?dir=spot_summary&file=spot_summary_2019.csv
2019-05-07,jepx-top8avg-kyushu,kyushu,9.145,https://www.jepx.jp/_download.php?dir=spot_summary&file=spot_summary_2019.csv
2019-05-08,jepx-top8avg-kyushu,kyushu,9.56625,https://www.jepx.jp/_download.php?dir=spot_summary&file=spot_summary_2019.csv
2019-05-09,jepx-top8avg-kyushu,kyushu,10.1875,https://www.jepx.jp/_download.php?dir=spot_summary&file=spot_summary_2019.csv
2019-05-10,jepx-top8avg-kyushu,kyushu,8.94125,https://www.jepx.jp/_download.php?dir=spot_summary&file=spot_summary_2019.csv
2019-05-11,jepx-top8avg-kyushu,kyushu,8.774999999999999,https://www.jepx.jp/_download.php?dir=spot_summary&file=spot_summary_2019.csv
2019-05-12,jepx-top8avg-kyushu,kyushu,8.15875,https://www.jepx.jp/_download.php?dir=spot_summary&file=spot_summary_2019.csv
2019-05-13,jepx-top8avg-kyushu,kyushu,9.07875,https://www.jepx.jp/_download.php?dir=spot_summary&file=spot_summary_2019.csv
2019-05-14,jepx-top8avg-kyushu,kyushu,8.70375,https://www.jepx.jp/_download.php?dir=spot_summary&file=spot_summary_2019.csv
2019-05-15,jepx-top8avg-kyushu,kyushu,8.8875,https://www.jepx.jp/_download.php?dir=spot_summary&file=spot_summary_2019.csv
2019-05-16,jepx-top8avg-kyushu,kyushu,8.83625,https://www.jepx.jp/_download.php?dir=spot_summary&file=spot_summary_2019.csv
2019-05-17,jepx-top8avg-kyushu,kyushu,9.11,https://www.jepx.jp/_download.php?dir=spot_summary&file=spot_summary_2019.csv
2019-05-18,jepx-top8avg-kyushu,kyushu,8.58625,https://www.jepx.jp/_download.php?dir=spot_summary&file=spot_summary_2019.csv
2019-05-19,jepx-top8avg-kyushu,kyushu,8.322500000000002,https://www.jepx.jp/_download.php?dir=spot_summary&file=spot_summary_2019.csv
2019-05-20,jepx-top8avg-kyushu,kyushu,10.02,https://www.jepx.jp/_download.php?dir=spot_summary&file=spot_summary_2019.csv
2019-05-21,jepx-top8avg-kyushu,kyushu,8.76125,https://www.jepx.jp/_download.php?dir=spot_summary&file=spot_summary_2019.csv
2019-05-22,jepx-top8avg-kyushu,kyushu,9.305,https://www.jepx.jp/_download.php?dir=spot_summary&file=spot_summary_2019.csv
2019-05-23,jepx-top8avg-kyushu,kyushu,9.77125,https://www.jepx.jp/_download.php?dir=spot_summary&file=spot_summary_2019.csv
2019-05-24,jepx-top8avg-kyushu,kyushu,9.07125,https://www.jepx.jp/_download.php?dir=spot_summary&file=spot_summary_2019.csv
2019-05-25,jepx-top8avg-kyushu,kyushu,9.17,https://www.jepx.jp/_download.php?dir=spot_summary&file=spot_summary_2019.csv
2019-05-26,jepx-top8avg-kyushu,kyushu,9.27,https://www.jepx.jp/_download.php?dir=spot_summary&file=spot_summary_2019.csv
2019-05-27,jepx-top8avg-kyushu,kyushu,10.02875,https://www.jepx.jp/_download.php?dir=spot_summary&file=spot_summary_2019.csv
2019-05-28,jepx-top8avg-kyushu,kyushu,9.81,https://www.jepx.jp/_download.php?dir=spot_summary&file=spot_summary_2019.csv
2019-05-29,jepx-top8avg-kyushu,kyushu,9.07625,https://www.jepx.jp/_download.php?dir=spot_summary&file=spot_summary_2019.csv
2019-05-30,jepx-top8avg-kyushu,kyushu,10.02,https://www.jepx.jp/_download.php?dir=spot_summary&file=spot_summary_2019.csv
2019-05-31,jepx-top8avg-kyushu,kyushu,10.06,https://www.jepx.jp/_download.php?dir=spot_summary&file=spot_summary_2019.csv
2019-06-01,jepx-top8avg-kyushu,kyushu,8.067499999999999,https://www.jepx.jp/_download.php?dir=spot_summary&file=spot_summary_2019.csv
2019-06-02,jepx-top8avg-kyushu,kyushu,7.9925,https://www.jepx.jp/_download.php?dir=spot_summary&file=spot_summary_2019.csv
2019-06-03,jepx-top8avg-kyushu,kyushu,9.34,https://www.jepx.jp/_download.php?dir=spot_summary&file=spot_summary_2019.csv
2019-06-04,jepx-top8avg-kyushu,kyushu,9.35,https://www.jepx.jp/_download.php?dir=spot_summary&file=spot_summary_2019.csv
2019-06-05,jepx-top8avg-kyushu,kyushu,9.81625,https://www.jepx.jp/_download.php?dir=spot_summary&file=spot_summary_2019.csv
2019-06-06,jepx-top8avg-kyushu,kyushu,11.038749999999999,https://www.jepx.jp/_download.php?dir=spot_summary&file=spot_summary_2019.csv
2019-06-07,jepx-top8avg-kyushu,kyushu,12.82625,https://www.jepx.jp/_download.php?dir=spot_summary&file=spot_summary_2019.csv
2019-06-08,jepx-top8avg-kyushu,kyushu,8.885000000000002,https://www.jepx.jp/_download.php?dir=spot_summary&file=spot_summary_2019.csv
2019-06-09,jepx-top8avg-kyushu,kyushu,8.015,https://www.jepx.jp/_download.php?dir=spot_summary&file=spot_summary_2019.csv
2019-06-10,jepx-top8avg-kyushu,kyushu,9.26375,https://www.jepx.jp/_download.php?dir=spot_summary&file=spot_summary_2019.csv
2019-06-11,jepx-top8avg-kyushu,kyushu,9.4825,https://www.jepx.jp/_download.php?dir=spot_summary&file=spot_summary_2019.csv
2019-06-12,jepx-top8avg-kyushu,kyushu,9.4025,https://www.jepx.jp/_download.php?dir=spot_summary&file=spot_summary_2019.csv
2019-06-13,jepx-top8avg-kyushu,kyushu,9.28375,https://www.jepx.jp/_download.php?dir=spot_summary&file=spot_summary_2019.csv
2019-06-14,jepx-top8avg-kyushu,kyushu,9.991249999999999,https://www.jepx.jp/_download.php?dir=spot_summary&file=spot_summary_2019.csv
2019-06-15,jepx-top8avg-kyushu,kyushu,8.3375,https://www.jepx.jp/_download.php?dir=spot_summary&file=spot_summary_2019.csv
2019-06-16,jepx-top8avg-kyushu,kyushu,7.870000000000001,https://www.jepx.jp/_download.php?dir=spot_summary&file=spot_summary_2019.csv
2019-06-17,jepx-top8avg-kyushu,kyushu,9.0875,https://www.jepx.jp/_download.php?dir=spot_summary&file=spot_summary_2019.csv
2019-06-18,jepx-top8avg-kyushu,kyushu,9.16875,https://www.jepx.jp/_download.php?dir=spot_summary&file=spot_summary_2019.csv
2019-06-19,jepx-top8avg-kyushu,kyushu,9.00625,https://www.jepx.jp/_download.php?dir=spot_summary&file=spot_summary_2019.csv
2019-06-20,jepx-top8avg-kyushu,kyushu,9.190000000000001,https://www.jepx.jp/_download.php?dir=spot_summary&file=spot_summary_2019.csv
2019-06-21,jepx-top8avg-kyushu,kyushu,9.2225,https://www.jepx.jp/_download.php?dir=spot_summary&file=spot_summary_2019.csv
2019-06-22,jepx-top8avg-kyushu,kyushu,7.9174999999999995,https://www.jepx.jp/_download.php?dir=spot_summary&file=spot_summary_2019.csv
2019-06-23,jepx-top8avg-kyushu,kyushu,7.616249999999999,https://www.jepx.jp/_download.php?dir=spot_summary&file=spot_summary_2019.csv
2019-06-24,jepx-top8avg-kyushu,kyushu,8.48375,https://www.jepx.jp/_download.php?dir=spot_summary&file=spot_summary_2019.csv
2019-06-25,jepx-top8avg-kyushu,kyushu,8.945,https://www.jepx.jp/_download.php?dir=spot_summary&file=spot_summary_2019.csv
2019-06-26,jepx-top8avg-kyushu,kyushu,9.94,https://www.jepx.jp/_download.php?dir=spot_summary&file=spot_summary_2019.csv
2019-06-27,jepx-top8avg-kyushu,kyushu,12.31125,https://www.jepx.jp/_download.php?dir=spot_summary&file=spot_summary_2019.csv
2019-06-28,jepx-top8avg-kyushu,kyushu,9.87125,https://www.jepx.jp/_download.php?dir=spot_summary&file=spot_summary_2019.csv
2019-06-29,jepx-top8avg-kyushu,kyushu,8.6975,https://www.jepx.jp/_download.php?dir=spot_summary&file=spot_summary_2019.csv
2019-06-30,jepx-top8avg-kyushu,kyushu,8.57875,https://www.jepx.jp/_download.php?dir=spot_summary&file=spot_summary_2019.csv
2019-07-01,jepx-top8avg-kyushu,kyushu,9.46875,https://www.jepx.jp/_download.php?dir=spot_summary&file=spot_summary_2019.csv
2019-07-02,jepx-top8avg-kyushu,kyushu,9.16875,https://www.jepx.jp/_download.php?dir=spot_summary&file=spot_summary_2019.csv
2019-07-03,jepx-top8avg-kyushu,kyushu,9.1525,https://www.jepx.jp/_download.php?dir=spot_summary&file=spot_summary_2019.csv
2019-07-04,jepx-top8avg-kyushu,kyushu,8.56125,https://www.jepx.jp/_download.php?dir=spot_summary&file=spot_summary_2019.csv
2019-07-05,jepx-top8avg-kyushu,kyushu,8.6475,https://www.jepx.jp/_download.php?dir=spot_summary&file=spot_summary_2019.csv
2019-07-06,jepx-top8avg-kyushu,kyushu,7.38125,https://www.jepx.jp/_download.php?dir=spot_summary&file=spot_summary_2019.csv
2019-07-07,jepx-top8avg-kyushu,kyushu,7.356249999999999,https://www.jepx.jp/_download.php?dir=spot_summary&file=spot_summary_2019.csv
2019-07-08,jepx-top8avg-kyushu,kyushu,8.03375,https://www.jepx.jp/_download.php?dir=spot_summary&file=spot_summary_2019.csv
2019-07-09,jepx-top8avg-kyushu,kyushu,7.7,https://www.jepx.jp/_download.php?dir=spot_summary&file=spot_summary_2019.csv
2019-07-10,jepx-top8avg-kyushu,kyushu,7.89375,https://www.jepx.jp/_download.php?dir=spot_summary&file=spot_summary_2019.csv
2019-07-11,jepx-top8avg-kyushu,kyushu,7.68125,https://www.jepx.jp/_download.php?dir=spot_summary&file=spot_summary_2019.csv
2019-07-12,jepx-top8avg-kyushu,kyushu,8.559999999999999,https://www.jepx.jp/_download.php?dir=spot_summary&file=spot_summary_2019.csv
2019-07-13,jepx-top8avg-kyushu,kyushu,8.00625,https://www.jepx.jp/_download.php?dir=spot_summary&file=spot_summary_2019.csv
2019-07-14,jepx-top8avg-kyushu,kyushu,7.29,https://www.jepx.jp/_download.php?dir=spot_summary&file=spot_summary_2019.csv
2019-07-15,jepx-top8avg-kyushu,kyushu,7.994999999999999,https://www.jepx.jp/_download.php?dir=spot_summary&file=spot_summary_2019.csv
2019-07-16,jepx-top8avg-kyushu,kyushu,8.6775,https://www.jepx.jp/_download.php?dir=spot_summary&file=spot_summary_2019.csv
2019-07-17,jepx-top8avg-kyushu,kyushu,8.969999999999999,https://www.jepx.jp/_download.php?dir=spot_summary&file=spot_summary_2019.csv
2019-07-18,jepx-top8avg-kyushu,kyushu,9.098749999999999,https://www.jepx.jp/_download.php?dir=spot_summary&file=spot_summary_2019.csv
2019-07-19,jepx-top8avg-kyushu,kyushu,9.583749999999998,https://www.jepx.jp/_download.php?dir=spot_summary&file=spot_summary_2019.csv
2019-07-20,jepx-top8avg-kyushu,kyushu,7.93,https://www.jepx.jp/_download.php?dir=spot_summary&file=spot_summary_2019.csv
2019-07-21,jepx-top8avg-kyushu,kyushu,8.055,https://www.jepx.jp/_download.php?dir=spot_summary&file=spot_summary_2019.csv
2019-07-22,jepx-top8avg-kyushu,kyushu,8.80125,https://www.jepx.jp/_download.php?dir=spot_summary&file=spot_summary_2019.csv
2019-07-23,jepx-top8avg-kyushu,kyushu,9.153749999999999,https://www.jepx.jp/_download.php?dir=spot_summary&file=spot_summary_2019.csv
2019-07-24,jepx-top8avg-kyushu,kyushu,9.81625,https://www.jepx.jp/_download.php?dir=spot_summary&file=spot_summary_2019.csv
2019-07-25,jepx-top8avg-kyushu,kyushu,10.0375,https://www.jepx.jp/_download.php?dir=spot_summary&file=spot_summary_2019.csv
2019-07-26,jepx-top8avg-kyushu,kyushu,9.923750000000002,https://www.jepx.jp/_download.php?dir=spot_summary&file=spot_summary_2019.csv
2019-07-27,jepx-top8avg-kyushu,kyushu,8.82875,https://www.jepx.jp/_download.php?dir=spot_summary&file=spot_summary_2019.csv
2019-07-28,jepx-top8avg-kyushu,kyushu,9.8275,https://www.jepx.jp/_download.php?dir=spot_summary&file=spot_summary_2019.csv
2019-07-29,jepx-top8avg-kyushu,kyushu,12.58875,https://www.jepx.jp/_download.php?dir=spot_summary&file=spot_summary_2019.csv
2019-07-30,jepx-top8avg-kyushu,kyushu,11.6275,https://www.jepx.jp/_download.php?dir=spot_summary&file=spot_summary_2019.csv
2019-07-31,jepx-top8avg-kyushu,kyushu,12.969999999999999,https://www.jepx.jp/_download.php?dir=spot_summary&file=spot_summary_2019.csv
2019-08-01,jepx-top8avg-kyushu,kyushu,18.94125,https://www.jepx.jp/_download.php?dir=spot_summary&file=spot_summary_2019.csv
2019-08-02,jepx-top8avg-kyushu,kyushu,17.89875,https://www.jepx.jp/_download.php?dir=spot_summary&file=spot_summary_2019.csv
2019-08-03,jepx-top8avg-kyushu,kyushu,11.501249999999999,https://www.jepx.jp/_download.php?dir=spot_summary&file=spot_summary_2019.csv
2019-08-04,jepx-top8avg-kyushu,kyushu,13.5075,https://www.jepx.jp/_download.php?dir=spot_summary&file=spot_summary_2019.csv
2019-08-05,jepx-top8avg-kyushu,kyushu,16.47,https://www.jepx.jp/_download.php?dir=spot_summary&file=spot_summary_2019.csv
2019-08-06,jepx-top8avg-kyushu,kyushu,18.558749999999996,https://www.jepx.jp/_download.php?dir=spot_summary&file=spot_summary_2019.csv
2019-08-07,jepx-top8avg-kyushu,kyushu,20.17375,https://www.jepx.jp/_download.php?dir=spot_summary&file=spot_summary_2019.csv
2019-08-08,jepx-top8avg-kyushu,kyushu,28.62375,https://www.jepx.jp/_download.php?dir=spot_summary&file=spot_summary_2019.csv
2019-08-09,jepx-top8avg-kyushu,kyushu,25.4575,https://www.jepx.jp/_download.php?dir=spot_summary&file=spot_summary_2019.csv
2019-08-10,jepx-top8avg-kyushu,kyushu,15.743750000000002,https://www.jepx.jp/_download.php?dir=spot_summary&file=spot_summary_2019.csv
2019-08-11,jepx-top8avg-kyushu,kyushu,12.49375,https://www.jepx.jp/_download.php?dir=spot_summary&file=spot_summary_2019.csv
2019-08-12,jepx-top8avg-kyushu,kyushu,11.18,https://www.jepx.jp/_download.php?dir=spot_summary&file=spot_summary_2019.csv
2019-08-13,jepx-top8avg-kyushu,kyushu,9.8,https://www.jepx.jp/_download.php?dir=spot_summary&file=spot_summary_2019.csv
2019-08-14,jepx-top8avg-kyushu,kyushu,10.225,https://www.jepx.jp/_download.php?dir=spot_summary&file=spot_summary_2019.csv
2019-08-15,jepx-top8avg-kyushu,kyushu,9.04,https://www.jepx.jp/_download.php?dir=spot_summary&file=spot_summary_2019.csv
2019-08-16,jepx-top8avg-kyushu,kyushu,11.037500000000001,https://www.jepx.jp/_download.php?dir=spot_summary&file=spot_summary_2019.csv
2019-08-17,jepx-top8avg-kyushu,kyushu,16.535,https://www.jepx.jp/_download.php?dir=spot_summary&file=spot_summary_2019.csv
2019-08-18,jepx-top8avg-kyushu,kyushu,12.735000000000001,https://www.jepx.jp/_download.php?dir=spot_summary&file=spot_summary_2019.csv
2019-08-19,jepx-top8avg-kyushu,kyushu,27.6975,https://www.jepx.jp/_download.php?dir=spot_summary&file=spot_summary_2019.csv
2019-08-20,jepx-top8avg-kyushu,kyushu,21.5,https://www.jepx.jp/_download.php?dir=spot_summary&file=spot_summary_2019.csv
2019-08-21,jepx-top8avg-kyushu,kyushu,12.86875,https://www.jepx.jp/_download.php?dir=spot_summary&file=spot_summary_2019.csv
2019-08-22,jepx-top8avg-kyushu,kyushu,11.36625,https://www.jepx.jp/_download.php?dir=spot_summary&file=spot_summary_2019.csv
2019-08-23,jepx-top8avg-kyushu,kyushu,11.28625,https://www.jepx.jp/_download.php?dir=spot_summary&file=spot_summary_2019.csv
2019-08-24,jepx-top8avg-kyushu,kyushu,8.67625,https://www.jepx.jp/_download.php?dir=spot_summary&file=spot_summary_2019.csv
2019-08-25,jepx-top8avg-kyushu,kyushu,8.47625,https://www.jepx.jp/_download.php?dir=spot_summary&file=spot_summary_2019.csv
2019-08-26,jepx-top8avg-kyushu,kyushu,10.1125,https://www.jepx.jp/_download.php?dir=spot_summary&file=spot_summary_2019.csv
2019-08-27,jepx-top8avg-kyushu,kyushu,10.01,https://www.jepx.jp/_download.php?dir=spot_summary&file=spot_summary_2019.csv
2019-08-28,jepx-top8avg-kyushu,kyushu,9.21,https://www.jepx.jp/_download.php?dir=spot_summary&file=spot_summary_2019.csv
2019-08-29,jepx-top8avg-kyushu,kyushu,9.715,https://www.jepx.jp/_download.php?dir=spot_summary&file=spot_summary_2019.csv
2019-08-30,jepx-top8avg-kyushu,kyushu,9.14875,https://www.jepx.jp/_download.php?dir=spot_summary&file=spot_summary_2019.csv
2019-08-31,jepx-top8avg-kyushu,kyushu,8.02875,https://www.jepx.jp/_download.php?dir=spot_summary&file=spot_summary_2019.csv
2019-09-01,jepx-top8avg-kyushu,kyushu,8.22,https://www.jepx.jp/_download.php?dir=spot_summary&file=spot_summary_2019.csv
2019-09-02,jepx-top8avg-kyushu,kyushu,11.33375,https://www.jepx.jp/_download.php?dir=spot_summary&file=spot_summary_2019.csv
2019-09-03,jepx-top8avg-kyushu,kyushu,11.196250000000001,https://www.jepx.jp/_download.php?dir=spot_summary&file=spot_summary_2019.csv
2019-09-04,jepx-top8avg-kyushu,kyushu,10.0375,https://www.jepx.jp/_download.php?dir=spot_summary&file=spot_summary_2019.csv
2019-09-05,jepx-top8avg-kyushu,kyushu,10.16,https://www.jepx.jp/_download.php?dir=spot_summary&file=spot_summary_2019.csv
2019-09-06,jepx-top8avg-kyushu,kyushu,11.7125,https://www.jepx.jp/_download.php?dir=spot_summary&file=spot_summary_2019.csv
2019-09-07,jepx-top8avg-kyushu,kyushu,9.9975,https://www.jepx.jp/_download.php?dir=spot_summary&file=spot_summary_2019.csv
2019-09-08,jepx-top8avg-kyushu,kyushu,11.1375,https://www.jepx.jp/_download.php?dir=spot_summary&file=spot_summary_2019.csv
2019-09-09,jepx-top8avg-kyushu,kyushu,30.003750000000004,https://www.jepx.jp/_download.php?dir=spot_summary&file=spot_summary_2019.csv
2019-09-10,jepx-top8avg-kyushu,kyushu,42.78125,https://www.jepx.jp/_download.php?dir=spot_summary&file=spot_summary_2019.csv
2019-09-11,jepx-top8avg-kyushu,kyushu,28.24625,https://www.jepx.jp/_download.php?dir=spot_summary&file=spot_summary_2019.csv
2019-09-12,jepx-top8avg-kyushu,kyushu,33.50375,https://www.jepx.jp/_download.php?dir=spot_summary&file=spot_summary_2019.csv
2019-09-13,jepx-top8avg-kyushu,kyushu,10.565,https://www.jepx.jp/_download.php?dir=spot_summary&file=spot_summary_2019.csv
2019-09-14,jepx-top8avg-kyushu,kyushu,9.817499999999999,https://www.jepx.jp/_download.php?dir=spot_summary&file=spot_summary_2019.csv
2019-09-15,jepx-top8avg-kyushu,kyushu,10.195,https://www.jepx.jp/_download.php?dir=spot_summary&file=spot_summary_2019.csv
2019-09-16,jepx-top8avg-kyushu,kyushu,13.219999999999999,https://www.jepx.jp/_download.php?dir=spot_summary&file=spot_summary_2019.csv
2019-09-17,jepx-top8avg-kyushu,kyushu,24.208750000000002,https://www.jepx.jp/_download.php?dir=spot_summary&file=spot_summary_2019.csv
2019-09-18,jepx-top8avg-kyushu,kyushu,10.233749999999999,https://www.jepx.jp/_download.php?dir=spot_summary&file=spot_summary_2019.csv
2019-09-19,jepx-top8avg-kyushu,kyushu,9.8225,https://www.jepx.jp/_download.php?dir=spot_summary&file=spot_summary_2019.csv
2019-09-20,jepx-top8avg-kyushu,kyushu,9.29125,https://www.jepx.jp/_download.php?dir=spot_summary&file=spot_summary_2019.csv
2019-09-21,jepx-top8avg-kyushu,kyushu,9.01625,https://www.jepx.jp/_download.php?dir=spot_summary&file=spot_summary_2019.csv
2019-09-22,jepx-top8avg-kyushu,kyushu,9.03125,https://www.jepx.jp/_download.php?dir=spot_summary&file=spot_summary_2019.csv
2019-09-23,jepx-top8avg-kyushu,kyushu,9.3375,https://www.jepx.jp/_download.php?dir=spot_summary&file=spot_summary_2019.csv
2019-09-24,jepx-top8avg-kyushu,kyushu,10.666250000000002,https://www.jepx.jp/_download.php?dir=spot_summary&file=spot_summary_2019.csv
2019-09-25,jepx-top8avg-kyushu,kyushu,10.055,https://www.jepx.jp/_download.php?dir=spot_summary&file=spot_summary_2019.csv
2019-09-26,jepx-top8avg-kyushu,kyushu,9.903749999999999,https://www.jepx.jp/_download.php?dir=spot_summary&file=spot_summary_2019.csv
2019-09-27,jepx-top8avg-kyushu,kyushu,9.794999999999998,https://www.jepx.jp/_download.php?dir=spot_summary&file=spot_summary_2019.csv
2019-09-28,jepx-top8avg-kyushu,kyushu,10.001249999999999,https://www.jepx.jp/_download.php?dir=spot_summary&file=spot_summary_2019.csv
2019-09-29,jepx-top8avg-kyushu,kyushu,9.315000000000001,https://www.jepx.jp/_download.php?dir=spot_summary&file=spot_summary_2019.csv
2019-09-30,jepx-top8avg-kyushu,kyushu,13.585,https://www.jepx.jp/_download.php?dir=spot_summary&file=spot_summary_2019.csv
2019-10-01,jepx-top8avg-kyushu,kyushu,14.715,https://www.jepx.jp/_download.php?dir=spot_summary&file=spot_summary_2019.csv
2019-10-02,jepx-top8avg-kyushu,kyushu,18.036250000000003,https://www.jepx.jp/_download.php?dir=spot_summary&file=spot_summary_2019.csv
2019-10-03,jepx-top8avg-kyushu,kyushu,14.787500000000001,https://www.jepx.jp/_download.php?dir=spot_summary&file=spot_summary_2019.csv
2019-10-04,jepx-top8avg-kyushu,kyushu,18.785,https://www.jepx.jp/_download.php?dir=spot_summary&file=spot_summary_2019.csv
2019-10-05,jepx-top8avg-kyushu,kyushu,11.84625,https://www.jepx.jp/_download.php?dir=spot_summary&file=spot_summary_2019.csv
2019-10-06,jepx-top8avg-kyushu,kyushu,9.2275,https://www.jepx.jp/_download.php?dir=spot_summary&file=spot_summary_2019.csv
2019-10-07,jepx-top8avg-kyushu,kyushu,13.495000000000001,https://www.jepx.jp/_download.php?dir=spot_summary&file=spot_summary_2019.csv
2019-10-08,jepx-top8avg-kyushu,kyushu,11.11875,https://www.jepx.jp/_download.php?dir=spot_summary&file=spot_summary_2019.csv
2019-10-09,jepx-top8avg-kyushu,kyushu,11.38375,https://www.jepx.jp/_download.php?dir=spot_summary&file=spot_summary_2019.csv
2019-10-10,jepx-top8avg-kyushu,kyushu,10.133750000000001,https://www.jepx.jp/_download.php?dir=spot_summary&file=spot_summary_2019.csv
2019-10-11,jepx-top8avg-kyushu,kyushu,9.436250000000001,https://www.jepx.jp/_download.php?dir=spot_summary&file=spot_summary_2019.csv
2019-10-12,jepx-top8avg-kyushu,kyushu,8.735,https://www.jepx.jp/_download.php?dir=spot_summary&file=spot_summary_2019.csv
2019-10-13,jepx-top8avg-kyushu,kyushu,8.334999999999999,https://www.jepx.jp/_download.php?dir=spot_summary&file=spot_summary_2019.csv
2019-10-14,jepx-top8avg-kyushu,kyushu,9.4875,https://www.jepx.jp/_download.php?dir=spot_summary&file=spot_summary_2019.csv
2019-10-15,jepx-top8avg-kyushu,kyushu,10.223749999999999,https://www.jepx.jp/_download.php?dir=spot_summary&file=spot_summary_2019.csv
2019-10-16,jepx-top8avg-kyushu,kyushu,8.81,https://www.jepx.jp/_download.php?dir=spot_summary&file=spot_summary_2019.csv
2019-10-17,jepx-top8avg-kyushu,kyushu,9.39375,https://www.jepx.jp/_download.php?dir=spot_summary&file=spot_summary_2019.csv
2019-10-18,jepx-top8avg-kyushu,kyushu,11.11625,https://www.jepx.jp/_download.php?dir=spot_summary&file=spot_summary_2019.csv
2019-10-19,jepx-top8avg-kyushu,kyushu,8.4575,https://www.jepx.jp/_download.php?dir=spot_summary&file=spot_summary_2019.csv
2019-10-20,jepx-top8avg-kyushu,kyushu,7.94625,https://www.jepx.jp/_download.php?dir=spot_summary&file=spot_summary_2019.csv
2019-10-21,jepx-top8avg-kyushu,kyushu,9.535,https://www.jepx.jp/_download.php?dir=spot_summary&file=spot_summary_2019.csv
2019-10-22,jepx-top8avg-kyushu,kyushu,7.9825,https://www.jepx.jp/_download.php?dir=spot_summary&file=spot_summary_2019.csv
2019-10-23,jepx-top8avg-kyushu,kyushu,9.43,https://www.jepx.jp/_download.php?dir=spot_summary&file=spot_summary_2019.csv
2019-10-24,jepx-top8avg-kyushu,kyushu,10.475,https://www.jepx.jp/_download.php?dir=spot_summary&file=spot_summary_2019.csv
2019-10-25,jepx-top8avg-kyushu,kyushu,8.6175,https://www.jepx.jp/_download.php?dir=spot_summary&file=spot_summary_2019.csv
2019-10-26,jepx-top8avg-kyushu,kyushu,8.33625,https://www.jepx.jp/_download.php?dir=spot_summary&file=spot_summary_2019.csv
2019-10-27,jepx-top8avg-kyushu,kyushu,7.93375,https://www.jepx.jp/_download.php?dir=spot_summary&file=spot_summary_2019.csv
2019-10-28,jepx-top8avg-kyushu,kyushu,9.91875,https://www.jepx.jp/_download.php?dir=spot_summary&file=spot_summary_2019.csv
2019-10-29,jepx-top8avg-kyushu,kyushu,9.50125,https://www.jepx.jp/_download.php?dir=spot_summary&file=spot_summary_2019.csv
2019-10-30,jepx-top8avg-kyushu,kyushu,8.706249999999999,https://www.jepx.jp/_download.php?dir=spot_summary&file=spot_summary_2019.csv
2019-10-31,jepx-top8avg-kyushu,kyushu,8.756250000000001,https://www.jepx.jp/_download.php?dir=spot_summary&file=spot_summary_2019.csv
2019-11-01,jepx-top8avg-kyushu,kyushu,8.85625,https://www.jepx.jp/_download.php?dir=spot_summary&file=spot_summary_2019.csv
2019-11-02,jepx-top8avg-kyushu,kyushu,7.96625,https://www.jepx.jp/_download.php?dir=spot_summary&file=spot_summary_2019.csv
2019-11-03,jepx-top8avg-kyushu,kyushu,7.57375,https://www.jepx.jp/_download.php?dir=spot_summary&file=spot_summary_2019.csv
2019-11-04,jepx-top8avg-kyushu,kyushu,8.14375,https://www.jepx.jp/_download.php?dir=spot_summary&file=spot_summary_2019.csv
2019-11-05,jepx-top8avg-kyushu,kyushu,7.5975,https://www.jepx.jp/_download.php?dir=spot_summary&file=spot_summary_2019.csv
2019-11-06,jepx-top8avg-kyushu,kyushu,8.85,https://www.jepx.jp/_download.php?dir=spot_summary&file=spot_summary_2019.csv
2019-11-07,jepx-top8avg-kyushu,kyushu,9.633750000000001,https://www.jepx.jp/_download.php?dir=spot_summary&file=spot_summary_2019.csv
2019-11-08,jepx-top8avg-kyushu,kyushu,9.68125,https://www.jepx.jp/_download.php?dir=spot_summary&file=spot_summary_2019.csv
2019-11-09,jepx-top8avg-kyushu,kyushu,7.5375,https://www.jepx.jp/_download.php?dir=spot_summary&file=spot_summary_2019.csv
2019-11-10,jepx-top8avg-kyushu,kyushu,8.41375,https://www.jepx.jp/_download.php?dir=spot_summary&file=spot_summary_2019.csv
2019-11-11,jepx-top8avg-kyushu,kyushu,10.501249999999999,https://www.jepx.jp/_download.php?dir=spot_summary&file=spot_summary_2019.csv
2019-11-12,jepx-top8avg-kyushu,kyushu,9.848749999999999,https://www.jepx.jp/_download.php?dir=spot_summary&file=spot_summary_2019.csv
2019-11-13,jepx-top8avg-kyushu,kyushu,10.27,https://www.jepx.jp/_download.php?dir=spot_summary&file=spot_summary_2019.csv
2019-11-14,jepx-top8avg-kyushu,kyushu,9.75625,https://www.jepx.jp/_download.php?dir=spot_summary&file=spot_summary_2019.csv
2019-11-15,jepx-top8avg-kyushu,kyushu,11.106250000000001,https://www.jepx.jp/_download.php?dir=spot_summary&file=spot_summary_2019.csv
2019-11-16,jepx-top8avg-kyushu,kyushu,8.971250000000001,https://www.jepx.jp/_download.php?dir=spot_summary&file=spot_summary_2019.csv
2019-11-17,jepx-top8avg-kyushu,kyushu,7.75,https://www.jepx.jp/_download.php?dir=spot_summary&file=spot_summary_2019.csv
2019-11-18,jepx-top8avg-kyushu,kyushu,8.767500000000002,https://www.jepx.jp/_download.php?dir=spot_summary&file=spot_summary_2019.csv
2019-11-19,jepx-top8avg-kyushu,kyushu,10.616249999999999,https://www.jepx.jp/_download.php?dir=spot_summary&file=spot_summary_2019.csv
2019-11-20,jepx-top8avg-kyushu,kyushu,10.9275,https://www.jepx.jp/_download.php?dir=spot_summary&file=spot_summary_2019.csv
2019-11-21,jepx-top8avg-kyushu,kyushu,10.559999999999999,https://www.jepx.jp/_download.php?dir=spot_summary&file=spot_summary_2019.csv
2019-11-22,jepx-top8avg-kyushu,kyushu,9.959999999999999,https://www.jepx.jp/_download.php?dir=spot_summary&file=spot_summary_2019.csv
2019-11-23,jepx-top8avg-kyushu,kyushu,7.623749999999999,https://www.jepx.jp/_download.php?dir=spot_summary&file=spot_summary_2019.csv
2019-11-24,jepx-top8avg-kyushu,kyushu,8.0025,https://www.jepx.jp/_download.php?dir=spot_summary&file=spot_summary_2019.csv
2019-11-25,jepx-top8avg-kyushu,kyushu,8.31125,https://www.jepx.jp/_download.php?dir=spot_summary&file=spot_summary_2019.csv
2019-11-26,jepx-top8avg-kyushu,kyushu,10.01125,https://www.jepx.jp/_download.php?dir=spot_summary&file=spot_summary_2019.csv
2019-11-27,jepx-top8avg-kyushu,kyushu,10.01,https://www.jepx.jp/_download.php?dir=spot_summary&file=spot_summary_2019.csv
2019-11-28,jepx-top8avg-kyushu,kyushu,10.0525,https://www.jepx.jp/_download.php?dir=spot_summary&file=spot_summary_2019.csv
2019-11-29,jepx-top8avg-kyushu,kyushu,9.8675,https://www.jepx.jp/_download.php?dir=spot_summary&file=spot_summary_2019.csv
2019-11-30,jepx-top8avg-kyushu,kyushu,8.92,https://www.jepx.jp/_download.php?dir=spot_summary&file=spot_summary_2019.csv
2019-12-01,jepx-top8avg-kyushu,kyushu,8.28,https://www.jepx.jp/_download.php?dir=spot_summary&file=spot_summary_2019.csv
2019-12-02,jepx-top8avg-kyushu,kyushu,9.21,https://www.jepx.jp/_download.php?dir=spot_summary&file=spot_summary_2019.csv
2019-12-03,jepx-top8avg-kyushu,kyushu,10.18375,https://www.jepx.jp/_download.php?dir=spot_summary&file=spot_summary_2019.csv
2019-12-04,jepx-top8avg-kyushu,kyushu,10.348749999999999,https://www.jepx.jp/_download.php?dir=spot_summary&file=spot_summary_2019.csv
2019-12-05,jepx-top8avg-kyushu,kyushu,12.853750000000002,https://www.jepx.jp/_download.php?dir=spot_summary&file=spot_summary_2019.csv
2019-12-06,jepx-top8avg-kyushu,kyushu,13.7225,https://www.jepx.jp/_download.php?dir=spot_summary&file=spot_summary_2019.csv
2019-12-07,jepx-top8avg-kyushu,kyushu,11.5525,https://www.jepx.jp/_download.php?dir=spot_summary&file=spot_summary_2019.csv
2019-12-08,jepx-top8avg-kyushu,kyushu,10.506249999999998,https://www.jepx.jp/_download.php?dir=spot_summary&file=spot_summary_2019.csv
2019-12-09,jepx-top8avg-kyushu,kyushu,12.23875,https://www.jepx.jp/_download.php?dir=spot_summary&file=spot_summary_2019.csv
2019-12-10,jepx-top8avg-kyushu,kyushu,10.45125,https://www.jepx.jp/_download.php?dir=spot_summary&file=spot_summary_2019.csv
2019-12-11,jepx-top8avg-kyushu,kyushu,10.23125,https://www.jepx.jp/_download.php?dir=spot_summary&file=spot_summary_2019.csv
2019-12-12,jepx-top8avg-kyushu,kyushu,9.916250000000002,https://www.jepx.jp/_download.php?dir=spot_summary&file=spot_summary_2019.csv
2019-12-13,jepx-top8avg-kyushu,kyushu,11.309999999999999,https://www.jepx.jp/_download.php?dir=spot_summary&file=spot_summary_2019.csv
2019-12-14,jepx-top8avg-kyushu,kyushu,8.34,https://www.jepx.jp/_download.php?dir=spot_summary&file=spot_summary_2019.csv
2019-12-15,jepx-top8avg-kyushu,kyushu,8.8,https://www.jepx.jp/_download.php?dir=spot_summary&file=spot_summary_2019.csv
2019-12-16,jepx-top8avg-kyushu,kyushu,10.13,https://www.jepx.jp/_download.php?dir=spot_summary&file=spot_summary_2019.csv
2019-12-17,jepx-top8avg-kyushu,kyushu,10.2425,https://www.jepx.jp/_download.php?dir=spot_summary&file=spot_summary_2019.csv
2019-12-18,jepx-top8avg-kyushu,kyushu,9.626249999999999,https://www.jepx.jp/_download.php?dir=spot_summary&file=spot_summary_2019.csv
2019-12-19,jepx-top8avg-kyushu,kyushu,11.61375,https://www.jepx.jp/_download.php?dir=spot_summary&file=spot_summary_2019.csv
2019-12-20,jepx-top8avg-kyushu,kyushu,9.463750000000001,https://www.jepx.jp/_download.php?dir=spot_summary&file=spot_summary_2019.csv
2019-12-21,jepx-top8avg-kyushu,kyushu,8.8,https://www.jepx.jp/_download.php?dir=spot_summary&file=spot_summary_2019.csv
2019-12-22,jepx-top8avg-kyushu,kyushu,10.07875,https://www.jepx.jp/_download.php?dir=spot_summary&file=spot_summary_2019.csv
2019-12-23,jepx-top8avg-kyushu,kyushu,10.47,https://www.jepx.jp/_download.php?dir=spot_summary&file=spot_summary_2019.csv
2019-12-24,jepx-top8avg-kyushu,kyushu,10.58375,https://www.jepx.jp/_download.php?dir=spot_summary&file=spot_summary_2019.csv
2019-12-25,jepx-top8avg-kyushu,kyushu,10.498750000000001,https://www.jepx.jp/_download.php?dir=spot_summary&file=spot_summary_2019.csv
2019-12-26,jepx-top8avg-kyushu,kyushu,9.525,https://www.jepx.jp/_download.php?dir=spot_summary&file=spot_summary_2019.csv
2019-12-27,jepx-top8avg-kyushu,kyushu,8.682500000000001,https://www.jepx.jp/_download.php?dir=spot_summary&file=spot_summary_2019.csv
2019-12-28,jepx-top8avg-kyushu,kyushu,9.030000000000001,https://www.jepx.jp/_download.php?dir=spot_summary&file=spot_summary_2019.csv
2019-12-29,jepx-top8avg-kyushu,kyushu,8.8,https://www.jepx.jp/_download.php?dir=spot_summary&file=spot_summary_2019.csv
2019-12-30,jepx-top8avg-kyushu,kyushu,5.39875,https://www.jepx.jp/_download.php?dir=spot_summary&file=spot_summary_2019.csv
2019-12-31,jepx-top8avg-kyushu,kyushu,7.68,https://www.jepx.jp/_download.php?dir=spot_summary&file=spot_summary_2019.csv
2020-01-01,jepx-top8avg-kyushu,kyushu,6.33625,https://www.jepx.jp/_download.php?dir=spot_summary&file=spot_summary_2019.csv
2020-01-02,jepx-top8avg-kyushu,kyushu,7.35125,https://www.jepx.jp/_download.php?dir=spot_summary&file=spot_summary_2019.csv
2020-01-03,jepx-top8avg-kyushu,kyushu,7.1525,https://www.jepx.jp/_download.php?dir=spot_summary&file=spot_summary_2019.csv
2020-01-04,jepx-top8avg-kyushu,kyushu,8.13375,https://www.jepx.jp/_download.php?dir=spot_summary&file=spot_summary_2019.csv
2020-01-05,jepx-top8avg-kyushu,kyushu,8.193750000000001,https://www.jepx.jp/_download.php?dir=spot_summary&file=spot_summary_2019.csv
2020-01-06,jepx-top8avg-kyushu,kyushu,9.138750000000002,https://www.jepx.jp/_download.php?dir=spot_summary&file=spot_summary_2019.csv
2020-01-07,jepx-top8avg-kyushu,kyushu,8.63,https://www.jepx.jp/_download.php?dir=spot_summary&file=spot_summary_2019.csv
2020-01-08,jepx-top8avg-kyushu,kyushu,8.63,https://www.jepx.jp/_download.php?dir=spot_summary&file=spot_summary_2019.csv
2020-01-09,jepx-top8avg-kyushu,kyushu,9.434999999999999,https://www.jepx.jp/_download.php?dir=spot_summary&file=spot_summary_2019.csv
2020-01-10,jepx-top8avg-kyushu,kyushu,9.540000000000001,https://www.jepx.jp/_download.php?dir=spot_summary&file=spot_summary_2019.csv
2020-01-11,jepx-top8avg-kyushu,kyushu,8.4425,https://www.jepx.jp/_download.php?dir=spot_summary&file=spot_summary_2019.csv
2020-01-12,jepx-top8avg-kyushu,kyushu,8.45375,https://www.jepx.jp/_download.php?dir=spot_summary&file=spot_summary_2019.csv
2020-01-13,jepx-top8avg-kyushu,kyushu,8.63,https://www.jepx.jp/_download.php?dir=spot_summary&file=spot_summary_2019.csv
2020-01-14,jepx-top8avg-kyushu,kyushu,10.15875,https://www.jepx.jp/_download.php?dir=spot_summary&file=spot_summary_2019.csv
2020-01-15,jepx-top8avg-kyushu,kyushu,9.955,https://www.jepx.jp/_download.php?dir=spot_summary&file=spot_summary_2019.csv
2020-01-16,jepx-top8avg-kyushu,kyushu,10.95625,https://www.jepx.jp/_download.php?dir=spot_summary&file=spot_summary_2019.csv
2020-01-17,jepx-top8avg-kyushu,kyushu,10.725,https://www.jepx.jp/_download.php?dir=spot_summary&file=spot_summary_2019.csv
2020-01-18,jepx-top8avg-kyushu,kyushu,8.63,https://www.jepx.jp/_download.php?dir=spot_summary&file=spot_summary_2019.csv
2020-01-19,jepx-top8avg-kyushu,kyushu,8.18875,https://www.jepx.jp/_download.php?dir=spot_summary&file=spot_summary_2019.csv
2020-01-20,jepx-top8avg-kyushu,kyushu,9.5625,https://www.jepx.jp/_download.php?dir=spot_summary&file=spot_summary_2019.csv
2020-01-21,jepx-top8avg-kyushu,kyushu,10.26,https://www.jepx.jp/_download.php?dir=spot_summary&file=spot_summary_2019.csv
2020-01-22,jepx-top8avg-kyushu,kyushu,10.408750000000001,https://www.jepx.jp/_download.php?dir=spot_summary&file=spot_summary_2019.csv
2020-01-23,jepx-top8avg-kyushu,kyushu,8.63,https://www.jepx.jp/_download.php?dir=spot_summary&file=spot_summary_2019.csv
2020-01-24,jepx-top8avg-kyushu,kyushu,8.568750000000001,https://www.jepx.jp/_download.php?dir=spot_summary&file=spot_summary_2019.csv
2020-01-25,jepx-top8avg-kyushu,kyushu,8.262500000000001,https://www.jepx.jp/_download.php?dir=spot_summary&file=spot_summary_2019.csv
2020-01-26,jepx-top8avg-kyushu,kyushu,8.100000000000001,https://www.jepx.jp/_download.php?dir=spot_summary&file=spot_summary_2019.csv
2020-01-27,jepx-top8avg-kyushu,kyushu,9.10875,https://www.jepx.jp/_download.php?dir=spot_summary&file=spot_summary_2019.csv
2020-01-28,jepx-top8avg-kyushu,kyushu,8.4,https://www.jepx.jp/_download.php?dir=spot_summary&file=spot_summary_2019.csv
2020-01-29,jepx-top8avg-kyushu,kyushu,8.89625,https://www.jepx.jp/_download.php?dir=spot_summary&file=spot_summary_2019.csv
2020-01-30,jepx-top8avg-kyushu,kyushu,8.9525,https://www.jepx.jp/_download.php?dir=spot_summary&file=spot_summary_2019.csv
2020-01-31,jepx-top8avg-kyushu,kyushu,8.63,https://www.jepx.jp/_download.php?dir=spot_summary&file=spot_summary_2019.csv
2020-02-01,jepx-top8avg-kyushu,kyushu,7.425,https://www.jepx.jp/_download.php?dir=spot_summary&file=spot_summary_2019.csv
2020-02-02,jepx-top8avg-kyushu,kyushu,7.68375,https://www.jepx.jp/_download.php?dir=spot_summary&file=spot_summary_2019.csv
2020-02-03,jepx-top8avg-kyushu,kyushu,8.08,https://www.jepx.jp/_download.php?dir=spot_summary&file=spot_summary_2019.csv
2020-02-04,jepx-top8avg-kyushu,kyushu,8.8875,https://www.jepx.jp/_download.php?dir=spot_summary&file=spot_summary_2019.csv
2020-02-05,jepx-top8avg-kyushu,kyushu,8.705,https://www.jepx.jp/_download.php?dir=spot_summary&file=spot_summary_2019.csv
2020-02-06,jepx-top8avg-kyushu,kyushu,11.186250000000001,https://www.jepx.jp/_download.php?dir=spot_summary&file=spot_summary_2019.csv
2020-02-07,jepx-top8avg-kyushu,kyushu,13.88375,https://www.jepx.jp/_download.php?dir=spot_summary&file=spot_summary_2019.csv
2020-02-08,jepx-top8avg-kyushu,kyushu,7.92,https://www.jepx.jp/_download.php?dir=spot_summary&file=spot_summary_2019.csv
2020-02-09,jepx-top8avg-kyushu,kyushu,7.99375,https://www.jepx.jp/_download.php?dir=spot_summary&file=spot_summary_2019.csv
2020-02-10,jepx-top8avg-kyushu,kyushu,10.9125,https://www.jepx.jp/_download.php?dir=spot_summary&file=spot_summary_2019.csv
2020-02-11,jepx-top8avg-kyushu,kyushu,8.08,https://www.jepx.jp/_download.php?dir=spot_summary&file=spot_summary_2019.csv
2020-02-12,jepx-top8avg-kyushu,kyushu,8.03875,https://www.jepx.jp/_download.php?dir=spot_summary&file=spot_summary_2019.csv
2020-02-13,jepx-top8avg-kyushu,kyushu,7.16375,https://www.jepx.jp/_download.php?dir=spot_summary&file=spot_summary_2019.csv
2020-02-14,jepx-top8avg-kyushu,kyushu,7.327500000000001,https://www.jepx.jp/_download.php?dir=spot_summary&file=spot_summary_2019.csv
2020-02-15,jepx-top8avg-kyushu,kyushu,5.605,https://www.jepx.jp/_download.php?dir=spot_summary&file=spot_summary_2019.csv
2020-02-16,jepx-top8avg-kyushu,kyushu,5.32,https://www.jepx.jp/_download.php?dir=spot_summary&file=spot_summary_2019.csv
2020-02-17,jepx-top8avg-kyushu,kyushu,8.47625,https://www.jepx.jp/_download.php?dir=spot_summary&file=spot_summary_2019.csv
2020-02-18,jepx-top8avg-kyushu,kyushu,10.47,https://www.jepx.jp/_download.php?dir=spot_summary&file=spot_summary_2019.csv
2020-02-19,jepx-top8avg-kyushu,kyushu,9.16375,https://www.jepx.jp/_download.php?dir=spot_summary&file=spot_summary_2019.csv
2020-02-20,jepx-top8avg-kyushu,kyushu,8.463750000000001,https://www.jepx.jp/_download.php?dir=spot_summary&file=spot_summary_2019.csv
2020-02-21,jepx-top8avg-kyushu,kyushu,6.82375,https://www.jepx.jp/_download.php?dir=spot_summary&file=spot_summary_2019.csv
2020-02-22,jepx-top8avg-kyushu,kyushu,5.5575,https://www.jepx.jp/_download.php?dir=spot_summary&file=spot_summary_2019.csv
2020-02-23,jepx-top8avg-kyushu,kyushu,6.5425,https://www.jepx.jp/_download.php?dir=spot_summary&file=spot_summary_2019.csv
2020-02-24,jepx-top8avg-kyushu,kyushu,7.4825,https://www.jepx.jp/_download.php?dir=spot_summary&file=spot_summary_2019.csv
2020-02-25,jepx-top8avg-kyushu,kyushu,7.50375,https://www.jepx.jp/_download.php?dir=spot_summary&file=spot_summary_2019.csv
2020-02-26,jepx-top8avg-kyushu,kyushu,5.72875,https://www.jepx.jp/_download.php?dir=spot_summary&file=spot_summary_2019.csv
2020-02-27,jepx-top8avg-kyushu,kyushu,7.8275,https://www.jepx.jp/_download.php?dir=spot_summary&file=spot_summary_2019.csv
2020-02-28,jepx-top8avg-kyushu,kyushu,8.36,https://www.jepx.jp/_download.php?dir=spot_summary&file=spot_summary_2019.csv
2020-02-29,jepx-top8avg-kyushu,kyushu,7.54,https://www.jepx.jp/_download.php?dir=spot_summary&file=spot_summary_2019.csv
2020-03-01,jepx-top8avg-kyushu,kyushu,5.4425,https://www.jepx.jp/_download.php?dir=spot_summary&file=spot_summary_2019.csv
2020-03-02,jepx-top8avg-kyushu,kyushu,6.71,https://www.jepx.jp/_download.php?dir=spot_summary&file=spot_summary_2019.csv
2020-03-03,jepx-top8avg-kyushu,kyushu,7.8475,https://www.jepx.jp/_download.php?dir=spot_summary&file=spot_summary_2019.csv
2020-03-04,jepx-top8avg-kyushu,kyushu,9.506250000000001,https://www.jepx.jp/_download.php?dir=spot_summary&file=spot_summary_2019.csv
2020-03-05,jepx-top8avg-kyushu,kyushu,8.82625,https://www.jepx.jp/_download.php?dir=spot_summary&file=spot_summary_2019.csv
2020-03-06,jepx-top8avg-kyushu,kyushu,8.541249999999998,https://www.jepx.jp/_download.php?dir=spot_summary&file=spot_summary_2019.csv
2020-03-07,jepx-top8avg-kyushu,kyushu,6.655,https://www.jepx.jp/_download.php?dir=spot_summary&file=spot_summary_2019.csv
2020-03-08,jepx-top8avg-kyushu,kyushu,5.135,https://www.jepx.jp/_download.php?dir=spot_summary&file=spot_summary_2019.csv
2020-03-09,jepx-top8avg-kyushu,kyushu,5.83375,https://www.jepx.jp/_download.php?dir=spot_summary&file=spot_summary_2019.csv
2020-03-10,jepx-top8avg-kyushu,kyushu,5.42,https://www.jepx.jp/_download.php?dir=spot_summary&file=spot_summary_2019.csv
2020-03-11,jepx-top8avg-kyushu,kyushu,6.853750000000001,https://www.jepx.jp/_download.php?dir=spot_summary&file=spot_summary_2019.csv
2020-03-12,jepx-top8avg-kyushu,kyushu,7.29125,https://www.jepx.jp/_download.php?dir=spot_summary&file=spot_summary_2019.csv
2020-03-13,jepx-top8avg-kyushu,kyushu,5.891249999999999,https://www.jepx.jp/_download.php?dir=spot_summary&file=spot_summary_2019.csv
2020-03-14,jepx-top8avg-kyushu,kyushu,5.907500000000001,https://www.jepx.jp/_download.php?dir=spot_summary&file=spot_summary_2019.csv
2020-03-15,jepx-top8avg-kyushu,kyushu,5.3875,https://www.jepx.jp/_download.php?dir=spot_summary&file=spot_summary_2019.csv
2020-03-16,jepx-top8avg-kyushu,kyushu,10.243749999999999,https://www.jepx.jp/_download.php?dir=spot_summary&file=spot_summary_2019.csv
2020-03-17,jepx-top8avg-kyushu,kyushu,9.77125,https://www.jepx.jp/_download.php?dir=spot_summary&file=spot_summary_2019.csv
2020-03-18,jepx-top8avg-kyushu,kyushu,6.345000000000001,https://www.jepx.jp/_download.php?dir=spot_summary&file=spot_summary_2019.csv
2020-03-19,jepx-top8avg-kyushu,kyushu,5.1475,https://www.jepx.jp/_download.php?dir=spot_summary&file=spot_summary_2019.csv
2020-03-20,jepx-top8avg-kyushu,kyushu,6.4825,https://www.jepx.jp/_download.php?dir=spot_summary&file=spot_summary_2019.csv
2020-03-21,jepx-top8avg-kyushu,kyushu,6.16375,https://www.jepx.jp/_download.php?dir=spot_summary&file=spot_summary_2019.csv
2020-03-22,jepx-top8avg-kyushu,kyushu,5.084999999999999,https://www.jepx.jp/_download.php?dir=spot_summary&file=spot_summary_2019.csv
2020-03-23,jepx-top8avg-kyushu,kyushu,6.3675,https://www.jepx.jp/_download.php?dir=spot_summary&file=spot_summary_2019.csv
2020-03-24,jepx-top8avg-kyushu,kyushu,5.3675,https://www.jepx.jp/_download.php?dir=spot_summary&file=spot_summary_2019.csv
2020-03-25,jepx-top8avg-kyushu,kyushu,5.223749999999999,https://www.jepx.jp/_download.php?dir=spot_summary&file=spot_summary_2019.csv
2020-03-26,jepx-top8avg-kyushu,kyushu,4.98875,https://www.jepx.jp/_download.php?dir=spot_summary&file=spot_summary_2019.csv
2020-03-27,jepx-top8avg-kyushu,kyushu,5.31875,https://www.jepx.jp/_download.php?dir=spot_summary&file=spot_summary_2019.csv
2020-03-28,jepx-top8avg-kyushu,kyushu,5.109999999999999,https://www.jepx.jp/_download.php?dir=spot_summary&file=spot_summary_2019.csv
2020-03-29,jepx-top8avg-kyushu,kyushu,5.0975,https://www.jepx.jp/_download.php?dir=spot_summary&file=spot_summary_2019.csv
2020-03-30,jepx-top8avg-kyushu,kyushu,5.5675,https://www.jepx.jp/_download.php?dir=spot_summary&file=spot_summary_2019.csv
2020-03-31,jepx-top8avg-kyushu,kyushu,4.7775,https://www.jepx.jp/_download.php?dir=spot_summary&file=spot_summary_2019.csv
2020-04-01,jepx-top8avg-kyushu,kyushu,6.515000000000001,https://www.jepx.jp/_download.php?dir=spot_summary&file=spot_summary_2020.csv
2020-04-02,jepx-top8avg-kyushu,kyushu,7.266249999999999,https://www.jepx.jp/_download.php?dir=spot_summary&file=spot_summary_2020.csv
2020-04-03,jepx-top8avg-kyushu,kyushu,6.89875,https://www.jepx.jp/_download.php?dir=spot_summary&file=spot_summary_2020.csv
2020-04-04,jepx-top8avg-kyushu,kyushu,6.348750000000001,https://www.jepx.jp/_download.php?dir=spot_summary&file=spot_summary_2020.csv
2020-04-05,jepx-top8avg-kyushu,kyushu,5.64875,https://www.jepx.jp/_download.php?dir=spot_summary&file=spot_summary_2020.csv
2020-04-06,jepx-top8avg-kyushu,kyushu,8.3575,https://www.jepx.jp/_download.php?dir=spot_summary&file=spot_summary_2020.csv
2020-04-07,jepx-top8avg-kyushu,kyushu,6.436249999999999,https://www.jepx.jp/_download.php?dir=spot_summary&file=spot_summary_2020.csv
2020-04-08,jepx-top8avg-kyushu,kyushu,5.6875,https://www.jepx.jp/_download.php?dir=spot_summary&file=spot_summary_2020.csv
2020-04-09,jepx-top8avg-kyushu,kyushu,6.175000000000001,https://www.jepx.jp/_download.php?dir=spot_summary&file=spot_summary_2020.csv
2020-04-10,jepx-top8avg-kyushu,kyushu,5.66625,https://www.jepx.jp/_download.php?dir=spot_summary&file=spot_summary_2020.csv
2020-04-11,jepx-top8avg-kyushu,kyushu,7.11375,https://www.jepx.jp/_download.php?dir=spot_summary&file=spot_summary_2020.csv
2020-04-12,jepx-top8avg-kyushu,kyushu,6.4725,https://www.jepx.jp/_download.php?dir=spot_summary&file=spot_summary_2020.csv
2020-04-13,jepx-top8avg-kyushu,kyushu,7.0075,https://www.jepx.jp/_download.php?dir=spot_summary&file=spot_summary_2020.csv
2020-04-14,jepx-top8avg-kyushu,kyushu,6.26,https://www.jepx.jp/_download.php?dir=spot_summary&file=spot_summary_2020.csv
2020-04-15,jepx-top8avg-kyushu,kyushu,5.5175,https://www.jepx.jp/_download.php?dir=spot_summary&file=spot_summary_2020.csv
2020-04-16,jepx-top8avg-kyushu,kyushu,6.08125,https://www.jepx.jp/_download.php?dir=spot_summary&file=spot_summary_2020.csv
2020-04-17,jepx-top8avg-kyushu,kyushu,6.478750000000001,https://www.jepx.jp/_download.php?dir=spot_summary&file=spot_summary_2020.csv
2020-04-18,jepx-top8avg-kyushu,kyushu,5.748749999999999,https://www.jepx.jp/_download.php?dir=spot_summary&file=spot_summary_2020.csv
2020-04-19,jepx-top8avg-kyushu,kyushu,5.73,https://www.jepx.jp/_download.php?dir=spot_summary&file=spot_summary_2020.csv
2020-04-20,jepx-top8avg-kyushu,kyushu,5.57625,https://www.jepx.jp/_download.php?dir=spot_summary&file=spot_summary_2020.csv
2020-04-21,jepx-top8avg-kyushu,kyushu,4.880000000000001,https://www.jepx.jp/_download.php?dir=spot_summary&file=spot_summary_2020.csv
2020-04-22,jepx-top8avg-kyushu,kyushu,4.891249999999999,https://www.jepx.jp/_download.php?dir=spot_summary&file=spot_summary_2020.csv
2020-04-23,jepx-top8avg-kyushu,kyushu,5.391249999999999,https://www.jepx.jp/_download.php?dir=spot_summary&file=spot_summary_2020.csv
2020-04-24,jepx-top8avg-kyushu,kyushu,5.3625,https://www.jepx.jp/_download.php?dir=spot_summary&file=spot_summary_2020.csv
2020-04-25,jepx-top8avg-kyushu,kyushu,5.145,https://www.jepx.jp/_download.php?dir=spot_summary&file=spot_summary_2020.csv
2020-04-26,jepx-top8avg-kyushu,kyushu,5.04875,https://www.jepx.jp/_download.php?dir=spot_summary&file=spot_summary_2020.csv
2020-04-27,jepx-top8avg-kyushu,kyushu,5.015000000000001,https://www.jepx.jp/_download.php?dir=spot_summary&file=spot_summary_2020.csv
2020-04-28,jepx-top8avg-kyushu,kyushu,6.4350000000000005,https://www.jepx.jp/_download.php?dir=spot_summary&file=spot_summary_2020.csv
2020-04-29,jepx-top8avg-kyushu,kyushu,5.35375,https://www.jepx.jp/_download.php?dir=spot_summary&file=spot_summary_2020.csv
2020-04-30,jepx-top8avg-kyushu,kyushu,5.8375,https://www.jepx.jp/_download.php?dir=spot_summary&file=spot_summary_2020.csv
2020-05-01,jepx-top8avg-kyushu,kyushu,6.08,https://www.jepx.jp/_download.php?dir=spot_summary&file=spot_summary_2020.csv
2020-05-02,jepx-top8avg-kyushu,kyushu,6.43375,https://www.jepx.jp/_download.php?dir=spot_summary&file=spot_summary_2020.csv
2020-05-03,jepx-top8avg-kyushu,kyushu,4.795,https://www.jepx.jp/_download.php?dir=spot_summary&file=spot_summary_2020.csv
2020-05-04,jepx-top8avg-kyushu,kyushu,4.581250000000001,https://www.jepx.jp/_download.php?dir=spot_summary&file=spot_summary_2020.csv
2020-05-05,jepx-top8avg-kyushu,kyushu,6.11375,https://www.jepx.jp/_download.php?dir=spot_summary&file=spot_summary_2020.csv
2020-05-06,jepx-top8avg-kyushu,kyushu,5.175,https://www.jepx.jp/_download.php?dir=spot_summary&file=spot_summary_2020.csv
2020-05-07,jepx-top8avg-kyushu,kyushu,7.1850000000000005,https://www.jepx.jp/_download.php?dir=spot_summary&file=spot_summary_2020.csv
2020-05-08,jepx-top8avg-kyushu,kyushu,4.4825,https://www.jepx.jp/_download.php?dir=spot_summary&file=spot_summary_2020.csv
2020-05-09,jepx-top8avg-kyushu,kyushu,4.4575,https://www.jepx.jp/_download.php?dir=spot_summary&file=spot_summary_2020.csv
2020-05-10,jepx-top8avg-kyushu,kyushu,4.7925,https://www.jepx.jp/_download.php?dir=spot_summary&file=spot_summary_2020.csv
2020-05-11,jepx-top8avg-kyushu,kyushu,4.699999999999999,https://www.jepx.jp/_download.php?dir=spot_summary&file=spot_summary_2020.csv
2020-05-12,jepx-top8avg-kyushu,kyushu,4.17875,https://www.jepx.jp/_download.php?dir=spot_summary&file=spot_summary_2020.csv
2020-05-13,jepx-top8avg-kyushu,kyushu,4.29625,https://www.jepx.jp/_download.php?dir=spot_summary&file=spot_summary_2020.csv
2020-05-14,jepx-top8avg-kyushu,kyushu,6.237500000000001,https://www.jepx.jp/_download.php?dir=spot_summary&file=spot_summary_2020.csv
2020-05-15,jepx-top8avg-kyushu,kyushu,5.64875,https://www.jepx.jp/_download.php?dir=spot_summary&file=spot_summary_2020.csv
2020-05-16,jepx-top8avg-kyushu,kyushu,6.44,https://www.jepx.jp/_download.php?dir=spot_summary&file=spot_summary_2020.csv
2020-05-17,jepx-top8avg-kyushu,kyushu,5.72625,https://www.jepx.jp/_download.php?dir=spot_summary&file=spot_summary_2020.csv
2020-05-18,jepx-top8avg-kyushu,kyushu,7.6475,https://www.jepx.jp/_download.php?dir=spot_summary&file=spot_summary_2020.csv
2020-05-19,jepx-top8avg-kyushu,kyushu,4.859999999999999,https://www.jepx.jp/_download.php?dir=spot_summary&file=spot_summary_2020.csv
2020-05-20,jepx-top8avg-kyushu,kyushu,5.856249999999999,https://www.jepx.jp/_download.php?dir=spot_summary&file=spot_summary_2020.csv
2020-05-21,jepx-top8avg-kyushu,kyushu,6.3075,https://www.jepx.jp/_download.php?dir=spot_summary&file=spot_summary_2020.csv
2020-05-22,jepx-top8avg-kyushu,kyushu,6.651249999999999,https://www.jepx.jp/_download.php?dir=spot_summary&file=spot_summary_2020.csv
2020-05-23,jepx-top8avg-kyushu,kyushu,6.5825,https://www.jepx.jp/_download.php?dir=spot_summary&file=spot_summary_2020.csv
2020-05-24,jepx-top8avg-kyushu,kyushu,6.1425,https://www.jepx.jp/_download.php?dir=spot_summary&file=spot_summary_2020.csv
2020-05-25,jepx-top8avg-kyushu,kyushu,6.817500000000001,https://www.jepx.jp/_download.php?dir=spot_summary&file=spot_summary_2020.csv
2020-05-26,jepx-top8avg-kyushu,kyushu,7.6587499999999995,https://www.jepx.jp/_download.php?dir=spot_summary&file=spot_summary_2020.csv
2020-05-27,jepx-top8avg-kyushu,kyushu,7.24,https://www.jepx.jp/_download.php?dir=spot_summary&file=spot_summary_2020.csv
2020-05-28,jepx-top8avg-kyushu,kyushu,6.99,https://www.jepx.jp/_download.php?dir=spot_summary&file=spot_summary_2020.csv
2020-05-29,jepx-top8avg-kyushu,kyushu,5.9624999999999995,https://www.jepx.jp/_download.php?dir=spot_summary&file=spot_summary_2020.csv
2020-05-30,jepx-top8avg-kyushu,kyushu,6.2875,https://www.jepx.jp/_download.php?dir=spot_summary&file=spot_summary_2020.csv
2020-05-31,jepx-top8avg-kyushu,kyushu,5.7825,https://www.jepx.jp/_download.php?dir=spot_summary&file=spot_summary_2020.csv
2020-06-01,jepx-top8avg-kyushu,kyushu,4.95125,https://www.jepx.jp/_download.php?dir=spot_summary&file=spot_summary_2020.csv
2020-06-02,jepx-top8avg-kyushu,kyushu,4.188750000000001,https://www.jepx.jp/_download.php?dir=spot_summary&file=spot_summary_2020.csv
2020-06-03,jepx-top8avg-kyushu,kyushu,5.98875,https://www.jepx.jp/_download.php?dir=spot_summary&file=spot_summary_2020.csv
2020-06-04,jepx-top8avg-kyushu,kyushu,6.38625,https://www.jepx.jp/_download.php?dir=spot_summary&file=spot_summary_2020.csv
2020-06-05,jepx-top8avg-kyushu,kyushu,5.4925,https://www.jepx.jp/_download.php?dir=spot_summary&file=spot_summary_2020.csv
2020-06-06,jepx-top8avg-kyushu,kyushu,4.69375,https://www.jepx.jp/_download.php?dir=spot_summary&file=spot_summary_2020.csv
2020-06-07,jepx-top8avg-kyushu,kyushu,4.34875,https://www.jepx.jp/_download.php?dir=spot_summary&file=spot_summary_2020.csv
2020-06-08,jepx-top8avg-kyushu,kyushu,6.45125,https://www.jepx.jp/_download.php?dir=spot_summary&file=spot_summary_2020.csv
2020-06-09,jepx-top8avg-kyushu,kyushu,7.5962499999999995,https://www.jepx.jp/_download.php?dir=spot_summary&file=spot_summary_2020.csv
2020-06-10,jepx-top8avg-kyushu,kyushu,9.04875,https://www.jepx.jp/_download.php?dir=spot_summary&file=spot_summary_2020.csv
2020-06-11,jepx-top8avg-kyushu,kyushu,14.7525,https://www.jepx.jp/_download.php?dir=spot_summary&file=spot_summary_2020.csv
2020-06-12,jepx-top8avg-kyushu,kyushu,9.8275,https://www.jepx.jp/_download.php?dir=spot_summary&file=spot_summary_2020.csv
2020-06-13,jepx-top8avg-kyushu,kyushu,7.4025,https://www.jepx.jp/_download.php?dir=spot_summary&file=spot_summary_2020.csv
2020-06-14,jepx-top8avg-kyushu,kyushu,6.016249999999999,https://www.jepx.jp/_download.php?dir=spot_summary&file=spot_summary_2020.csv
2020-06-15,jepx-top8avg-kyushu,kyushu,8.4325,https://www.jepx.jp/_download.php?dir=spot_summary&file=spot_summary_2020.csv
2020-06-16,jepx-top8avg-kyushu,kyushu,8.344999999999999,https://www.jepx.jp/_download.php?dir=spot_summary&file=spot_summary_2020.csv
2020-06-17,jepx-top8avg-kyushu,kyushu,7.49375,https://www.jepx.jp/_download.php?dir=spot_summary&file=spot_summary_2020.csv
2020-06-18,jepx-top8avg-kyushu,kyushu,7.6825,https://www.jepx.jp/_download.php?dir=spot_summary&file=spot_summary_2020.csv
2020-06-19,jepx-top8avg-kyushu,kyushu,7.276249999999999,https://www.jepx.jp/_download.php?dir=spot_summary&file=spot_summary_2020.csv
2020-06-20,jepx-top8avg-kyushu,kyushu,4.25,https://www.jepx.jp/_download.php?dir=spot_summary&file=spot_summary_2020.csv
2020-06-21,jepx-top8avg-kyushu,kyushu,4.62,https://www.jepx.jp/_download.php?dir=spot_summary&file=spot_summary_2020.csv
2020-06-22,jepx-top8avg-kyushu,kyushu,6.6525,https://www.jepx.jp/_download.php?dir=spot_summary&file=spot_summary_2020.csv
2020-06-23,jepx-top8avg-kyushu,kyushu,6.415,https://www.jepx.jp/_download.php?dir=spot_summary&file=spot_summary_2020.csv
2020-06-24,jepx-top8avg-kyushu,kyushu,6.7925,https://www.jepx.jp/_download.php?dir=spot_summary&file=spot_summary_2020.csv
2020-06-25,jepx-top8avg-kyushu,kyushu,7.53875,https://www.jepx.jp/_download.php?dir=spot_summary&file=spot_summary_2020.csv
2020-06-26,jepx-top8avg-kyushu,kyushu,7.3925,https://www.jepx.jp/_download.php?dir=spot_summary&file=spot_summary_2020.csv
2020-06-27,jepx-top8avg-kyushu,kyushu,6.24125,https://www.jepx.jp/_download.php?dir=spot_summary&file=spot_summary_2020.csv
2020-06-28,jepx-top8avg-kyushu,kyushu,5.771249999999999,https://www.jepx.jp/_download.php?dir=spot_summary&file=spot_summary_2020.csv
2020-06-29,jepx-top8avg-kyushu,kyushu,6.1,https://www.jepx.jp/_download.php?dir=spot_summary&file=spot_summary_2020.csv
2020-06-30,jepx-top8avg-kyushu,kyushu,6.17625,https://www.jepx.jp/_download.php?dir=spot_summary&file=spot_summary_2020.csv
2020-07-01,jepx-top8avg-kyushu,kyushu,4.6875,https://www.jepx.jp/_download.php?dir=spot_summary&file=spot_summary_2020.csv
2020-07-02,jepx-top8avg-kyushu,kyushu,6.19125,https://www.jepx.jp/_download.php?dir=spot_summary&file=spot_summary_2020.csv
2020-07-03,jepx-top8avg-kyushu,kyushu,6.449999999999999,https://www.jepx.jp/_download.php?dir=spot_summary&file=spot_summary_2020.csv
2020-07-04,jepx-top8avg-kyushu,kyushu,4.8725,https://www.jepx.jp/_download.php?dir=spot_summary&file=spot_summary_2020.csv
2020-07-05,jepx-top8avg-kyushu,kyushu,5.00625,https://www.jepx.jp/_download.php?dir=spot_summary&file=spot_summary_2020.csv
2020-07-06,jepx-top8avg-kyushu,kyushu,7.21375,https://www.jepx.jp/_download.php?dir=spot_summary&file=spot_summary_2020.csv
2020-07-07,jepx-top8avg-kyushu,kyushu,7.3237499999999995,https://www.jepx.jp/_download.php?dir=spot_summary&file=spot_summary_2020.csv
2020-07-08,jepx-top8avg-kyushu,kyushu,6.69875,https://www.jepx.jp/_download.php?dir=spot_summary&file=spot_summary_2020.csv
2020-07-09,jepx-top8avg-kyushu,kyushu,7.24125,https://www.jepx.jp/_download.php?dir=spot_summary&file=spot_summary_2020.csv
2020-07-10,jepx-top8avg-kyushu,kyushu,6.68375,https://www.jepx.jp/_download.php?dir=spot_summary&file=spot_summary_2020.csv
2020-07-11,jepx-top8avg-kyushu,kyushu,5.015,https://www.jepx.jp/_download.php?dir=spot_summary&file=spot_summary_2020.csv
2020-07-12,jepx-top8avg-kyushu,kyushu,5.2875000000000005,https://www.jepx.jp/_download.php?dir=spot_summary&file=spot_summary_2020.csv
2020-07-13,jepx-top8avg-kyushu,kyushu,6.95125,https://www.jepx.jp/_download.php?dir=spot_summary&file=spot_summary_2020.csv
2020-07-14,jepx-top8avg-kyushu,kyushu,5.34625,https://www.jepx.jp/_download.php?dir=spot_summary&file=spot_summary_2020.csv
2020-07-15,jepx-top8avg-kyushu,kyushu,4.77,https://www.jepx.jp/_download.php?dir=spot_summary&file=spot_summary_2020.csv
2020-07-16,jepx-top8avg-kyushu,kyushu,4.3225,https://www.jepx.jp/_download.php?dir=spot_summary&file=spot_summary_2020.csv
2020-07-17,jepx-top8avg-kyushu,kyushu,4.67125,https://www.jepx.jp/_download.php?dir=spot_summary&file=spot_summary_2020.csv
2020-07-18,jepx-top8avg-kyushu,kyushu,4.31,https://www.jepx.jp/_download.php?dir=spot_summary&file=spot_summary_2020.csv
2020-07-19,jepx-top8avg-kyushu,kyushu,4.51875,https://www.jepx.jp/_download.php?dir=spot_summary&file=spot_summary_2020.csv
2020-07-20,jepx-top8avg-kyushu,kyushu,5.24,https://www.jepx.jp/_download.php?dir=spot_summary&file=spot_summary_2020.csv
2020-07-21,jepx-top8avg-kyushu,kyushu,4.90625,https://www.jepx.jp/_download.php?dir=spot_summary&file=spot_summary_2020.csv
2020-07-22,jepx-top8avg-kyushu,kyushu,6.94125,https://www.jepx.jp/_download.php?dir=spot_summary&file=spot_summary_2020.csv
2020-07-23,jepx-top8avg-kyushu,kyushu,4.947500000000001,https://www.jepx.jp/_download.php?dir=spot_summary&file=spot_summary_2020.csv
2020-07-24,jepx-top8avg-kyushu,kyushu,4.68,https://www.jepx.jp/_download.php?dir=spot_summary&file=spot_summary_2020.csv
2020-07-25,jepx-top8avg-kyushu,kyushu,4.692500000000001,https://www.jepx.jp/_download.php?dir=spot_summary&file=spot_summary_2020.csv
2020-07-26,jepx-top8avg-kyushu,kyushu,5.23625,https://www.jepx.jp/_download.php?dir=spot_summary&file=spot_summary_2020.csv
2020-07-27,jepx-top8avg-kyushu,kyushu,11.247499999999999,https://www.jepx.jp/_download.php?dir=spot_summary&file=spot_summary_2020.csv
2020-07-28,jepx-top8avg-kyushu,kyushu,7.5125,https://www.jepx.jp/_download.php?dir=spot_summary&file=spot_summary_2020.csv
2020-07-29,jepx-top8avg-kyushu,kyushu,6.25125,https://www.jepx.jp/_download.php?dir=spot_summary&file=spot_summary_2020.csv
2020-07-30,jepx-top8avg-kyushu,kyushu,6.800000000000001,https://www.jepx.jp/_download.php?dir=spot_summary&file=spot_summary_2020.csv
2020-07-31,jepx-top8avg-kyushu,kyushu,6.6875,https://www.jepx.jp/_download.php?dir=spot_summary&file=spot_summary_2020.csv
2020-08-01,jepx-top8avg-kyushu,kyushu,5.311249999999999,https://www.jepx.jp/_download.php?dir=spot_summary&file=spot_summary_2020.csv
2020-08-02,jepx-top8avg-kyushu,kyushu,5.078749999999999,https://www.jepx.jp/_download.php?dir=spot_summary&file=spot_summary_2020.csv
2020-08-03,jepx-top8avg-kyushu,kyushu,6.7475000000000005,https://www.jepx.jp/_download.php?dir=spot_summary&file=spot_summary_2020.csv
2020-08-04,jepx-top8avg-kyushu,kyushu,6.675000000000001,https://www.jepx.jp/_download.php?dir=spot_summary&file=spot_summary_2020.csv
2020-08-05,jepx-top8avg-kyushu,kyushu,11.20625,https://www.jepx.jp/_download.php?dir=spot_summary&file=spot_summary_2020.csv
2020-08-06,jepx-top8avg-kyushu,kyushu,8.73875,https://www.jepx.jp/_download.php?dir=spot_summary&file=spot_summary_2020.csv
2020-08-07,jepx-top8avg-kyushu,kyushu,9.36,https://www.jepx.jp/_download.php?dir=spot_summary&file=spot_summary_2020.csv
2020-08-08,jepx-top8avg-kyushu,kyushu,5.577500000000001,https://www.jepx.jp/_download.php?dir=spot_summary&file=spot_summary_2020.csv
2020-08-09,jepx-top8avg-kyushu,kyushu,6.483750000000001,https://www.jepx.jp/_download.php?dir=spot_summary&file=spot_summary_2020.csv
2020-08-10,jepx-top8avg-kyushu,kyushu,6.5625,https://www.jepx.jp/_download.php?dir=spot_summary&file=spot_summary_2020.csv
2020-08-11,jepx-top8avg-kyushu,kyushu,8.7725,https://www.jepx.jp/_download.php?dir=spot_summary&file=spot_summary_2020.csv
2020-08-12,jepx-top8avg-kyushu,kyushu,7.444999999999999,https://www.jepx.jp/_download.php?dir=spot_summary&file=spot_summary_2020.csv
2020-08-13,jepx-top8avg-kyushu,kyushu,6.5975,https://www.jepx.jp/_download.php?dir=spot_summary&file=spot_summary_2020.csv
2020-08-14,jepx-top8avg-kyushu,kyushu,6.23375,https://www.jepx.jp/_download.php?dir=spot_summary&file=spot_summary_2020.csv
2020-08-15,jepx-top8avg-kyushu,kyushu,8.290000000000001,https://www.jepx.jp/_download.php?dir=spot_summary&file=spot_summary_2020.csv
2020-08-16,jepx-top8avg-kyushu,kyushu,7.62,https://www.jepx.jp/_download.php?dir=spot_summary&file=spot_summary_2020.csv
2020-08-17,jepx-top8avg-kyushu,kyushu,40.618750000000006,https://www.jepx.jp/_download.php?dir=spot_summary&file=spot_summary_2020.csv
2020-08-18,jepx-top8avg-kyushu,kyushu,36.2525,https://www.jepx.jp/_download.php?dir=spot_summary&file=spot_summary_2020.csv
2020-08-19,jepx-top8avg-kyushu,kyushu,27.51125,https://www.jepx.jp/_download.php?dir=spot_summary&file=spot_summary_2020.csv
2020-08-20,jepx-top8avg-kyushu,kyushu,34.853750000000005,https://www.jepx.jp/_download.php?dir=spot_summary&file=spot_summary_2020.csv
2020-08-21,jepx-top8avg-kyushu,kyushu,31.3625,https://www.jepx.jp/_download.php?dir=spot_summary&file=spot_summary_2020.csv
2020-08-22,jepx-top8avg-kyushu,kyushu,8.3525,https://www.jepx.jp/_download.php?dir=spot_summary&file=spot_summary_2020.csv
2020-08-23,jepx-top8avg-kyushu,kyushu,7.501250000000001,https://www.jepx.jp/_download.php?dir=spot_summary&file=spot_summary_2020.csv
2020-08-24,jepx-top8avg-kyushu,kyushu,22.12125,https://www.jepx.jp/_download.php?dir=spot_summary&file=spot_summary_2020.csv
2020-08-25,jepx-top8avg-kyushu,kyushu,29.995,https://www.jepx.jp/_download.php?dir=spot_summary&file=spot_summary_2020.csv
2020-08-26,jepx-top8avg-kyushu,kyushu,41.665,https://www.jepx.jp/_download.php?dir=spot_summary&file=spot_summary_2020.csv
2020-08-27,jepx-top8avg-kyushu,kyushu,43.57125,https://www.jepx.jp/_download.php?dir=spot_summary&file=spot_summary_2020.csv
2020-08-28,jepx-top8avg-kyushu,kyushu,45.177499999999995,https://www.jepx.jp/_download.php?dir=spot_summary&file=spot_summary_2020.csv
2020-08-29,jepx-top8avg-kyushu,kyushu,12.25375,https://www.jepx.jp/_download.php?dir=spot_summary&file=spot_summary_2020.csv
2020-08-30,jepx-top8avg-kyushu,kyushu,13.1425,https://www.jepx.jp/_download.php?dir=spot_summary&file=spot_summary_2020.csv
2020-08-31,jepx-top8avg-kyushu,kyushu,42.38125,https://www.jepx.jp/_download.php?dir=spot_summary&file=spot_summary_2020.csv
2020-09-01,jepx-top8avg-kyushu,kyushu,48.7925,https://www.jepx.jp/_download.php?dir=spot_summary&file=spot_summary_2020.csv
2020-09-02,jepx-top8avg-kyushu,kyushu,47.045,https://www.jepx.jp/_download.php?dir=spot_summary&file=spot_summary_2020.csv
2020-09-03,jepx-top8avg-kyushu,kyushu,34.7975,https://www.jepx.jp/_download.php?dir=spot_summary&file=spot_summary_2020.csv
2020-09-04,jepx-top8avg-kyushu,kyushu,32.92,https://www.jepx.jp/_download.php?dir=spot_summary&file=spot_summary_2020.csv
2020-09-05,jepx-top8avg-kyushu,kyushu,10.81,https://www.jepx.jp/_download.php?dir=spot_summary&file=spot_summary_2020.csv
2020-09-06,jepx-top8avg-kyushu,kyushu,9.151250000000001,https://www.jepx.jp/_download.php?dir=spot_summary&file=spot_summary_2020.csv
2020-09-07,jepx-top8avg-kyushu,kyushu,17.675,https://www.jepx.jp/_download.php?dir=spot_summary&file=spot_summary_2020.csv
2020-09-08,jepx-top8avg-kyushu,kyushu,12.4625,https://www.jepx.jp/_download.php?dir=spot_summary&file=spot_summary_2020.csv
2020-09-09,jepx-top8avg-kyushu,kyushu,21.155,https://www.jepx.jp/_download.php?dir=spot_summary&file=spot_summary_2020.csv
2020-09-10,jepx-top8avg-kyushu,kyushu,10.92125,https://www.jepx.jp/_download.php?dir=spot_summary&file=spot_summary_2020.csv
2020-09-11,jepx-top8avg-kyushu,kyushu,12.43,https://www.jepx.jp/_download.php?dir=spot_summary&file=spot_summary_2020.csv
2020-09-12,jepx-top8avg-kyushu,kyushu,7.702500000000001,https://www.jepx.jp/_download.php?dir=spot_summary&file=spot_summary_2020.csv
2020-09-13,jepx-top8avg-kyushu,kyushu,6.03,https://www.jepx.jp/_download.php?dir=spot_summary&file=spot_summary_2020.csv
2020-09-14,jepx-top8avg-kyushu,kyushu,8.9525,https://www.jepx.jp/_download.php?dir=spot_summary&file=spot_summary_2020.csv
2020-09-15,jepx-top8avg-kyushu,kyushu,9.39875,https://www.jepx.jp/_download.php?dir=spot_summary&file=spot_summary_2020.csv
2020-09-16,jepx-top8avg-kyushu,kyushu,9.46875,https://www.jepx.jp/_download.php?dir=spot_summary&file=spot_summary_2020.csv
2020-09-17,jepx-top8avg-kyushu,kyushu,12.248750000000001,https://www.jepx.jp/_download.php?dir=spot_summary&file=spot_summary_2020.csv
2020-09-18,jepx-top8avg-kyushu,kyushu,12.3575,https://www.jepx.jp/_download.php?dir=spot_summary&file=spot_summary_2020.csv
2020-09-19,jepx-top8avg-kyushu,kyushu,7.80125,https://www.jepx.jp/_download.php?dir=spot_summary&file=spot_summary_2020.csv
2020-09-20,jepx-top8avg-kyushu,kyushu,5.195,https://www.jepx.jp/_download.php?dir=spot_summary&file=spot_summary_2020.csv
2020-09-21,jepx-top8avg-kyushu,kyushu,5.15625,https://www.jepx.jp/_download.php?dir=spot_summary&file=spot_summary_2020.csv
2020-09-22,jepx-top8avg-kyushu,kyushu,5.4275,https://www.jepx.jp/_download.php?dir=spot_summary&file=spot_summary_2020.csv
2020-09-23,jepx-top8avg-kyushu,kyushu,11.76,https://www.jepx.jp/_download.php?dir=spot_summary&file=spot_summary_2020.csv
2020-09-24,jepx-top8avg-kyushu,kyushu,9.920000000000002,https://www.jepx.jp/_download.php?dir=spot_summary&file=spot_summary_2020.csv
2020-09-25,jepx-top8avg-kyushu,kyushu,9.161249999999999,https://www.jepx.jp/_download.php?dir=spot_summary&file=spot_summary_2020.csv
2020-09-26,jepx-top8avg-kyushu,kyushu,5.74,https://www.jepx.jp/_download.php?dir=spot_summary&file=spot_summary_2020.csv
2020-09-27,jepx-top8avg-kyushu,kyushu,5.61625,https://www.jepx.jp/_download.php?dir=spot_summary&file=spot_summary_2020.csv
2020-09-28,jepx-top8avg-kyushu,kyushu,7.09,https://www.jepx.jp/_download.php?dir=spot_summary&file=spot_summary_2020.csv
2020-09-29,jepx-top8avg-kyushu,kyushu,7.175,https://www.jepx.jp/_download.php?dir=spot_summary&file=spot_summary_2020.csv
2020-09-30,jepx-top8avg-kyushu,kyushu,7.12375,https://www.jepx.jp/_download.php?dir=spot_summary&file=spot_summary_2020.csv
2020-10-01,jepx-top8avg-kyushu,kyushu,9.042499999999999,https://www.jepx.jp/_download.php?dir=spot_summary&file=spot_summary_2020.csv
2020-10-02,jepx-top8avg-kyushu,kyushu,9.57625,https://www.jepx.jp/_download.php?dir=spot_summary&file=spot_summary_2020.csv
2020-10-03,jepx-top8avg-kyushu,kyushu,6.3999999999999995,https://www.jepx.jp/_download.php?dir=spot_summary&file=spot_summary_2020.csv
2020-10-04,jepx-top8avg-kyushu,kyushu,6.235,https://www.jepx.jp/_download.php?dir=spot_summary&file=spot_summary_2020.csv
2020-10-05,jepx-top8avg-kyushu,kyushu,9.712499999999999,https://www.jepx.jp/_download.php?dir=spot_summary&file=spot_summary_2020.csv
2020-10-06,jepx-top8avg-kyushu,kyushu,9.10125,https://www.jepx.jp/_download.php?dir=spot_summary&file=spot_summary_2020.csv
2020-10-07,jepx-top8avg-kyushu,kyushu,10.905000000000001,https://www.jepx.jp/_download.php?dir=spot_summary&file=spot_summary_2020.csv
2020-10-08,jepx-top8avg-kyushu,kyushu,9.84125,https://www.jepx.jp/_download.php?dir=spot_summary&file=spot_summary_2020.csv
2020-10-09,jepx-top8avg-kyushu,kyushu,12.71625,https://www.jepx.jp/_download.php?dir=spot_summary&file=spot_summary_2020.csv
2020-10-10,jepx-top8avg-kyushu,kyushu,6.32125,https://www.jepx.jp/_download.php?dir=spot_summary&file=spot_summary_2020.csv
2020-10-11,jepx-top8avg-kyushu,kyushu,7.3100000000000005,https://www.jepx.jp/_download.php?dir=spot_summary&file=spot_summary_2020.csv
2020-10-12,jepx-top8avg-kyushu,kyushu,11.42375,https://www.jepx.jp/_download.php?dir=spot_summary&file=spot_summary_2020.csv
2020-10-13,jepx-top8avg-kyushu,kyushu,7.64625,https://www.jepx.jp/_download.php?dir=spot_summary&file=spot_summary_2020.csv
2020-10-14,jepx-top8avg-kyushu,kyushu,8.80375,https://www.jepx.jp/_download.php?dir=spot_summary&file=spot_summary_2020.csv
2020-10-15,jepx-top8avg-kyushu,kyushu,10.605,https://www.jepx.jp/_download.php?dir=spot_summary&file=spot_summary_2020.csv
2020-10-16,jepx-top8avg-kyushu,kyushu,7.856249999999999,https://www.jepx.jp/_download.php?dir=spot_summary&file=spot_summary_2020.csv
2020-10-17,jepx-top8avg-kyushu,kyushu,7.92625,https://www.jepx.jp/_download.php?dir=spot_summary&file=spot_summary_2020.csv
2020-10-18,jepx-top8avg-kyushu,kyushu,6.65875,https://www.jepx.jp/_download.php?dir=spot_summary&file=spot_summary_2020.csv
2020-10-19,jepx-top8avg-kyushu,kyushu,7.65625,https://www.jepx.jp/_download.php?dir=spot_summary&file=spot_summary_2020.csv
2020-10-20,jepx-top8avg-kyushu,kyushu,10.785,https://www.jepx.jp/_download.php?dir=spot_summary&file=spot_summary_2020.csv
2020-10-21,jepx-top8avg-kyushu,kyushu,10.91375,https://www.jepx.jp/_download.php?dir=spot_summary&file=spot_summary_2020.csv
2020-10-22,jepx-top8avg-kyushu,kyushu,12.68125,https://www.jepx.jp/_download.php?dir=spot_summary&file=spot_summary_2020.csv
2020-10-23,jepx-top8avg-kyushu,kyushu,11.26375,https://www.jepx.jp/_download.php?dir=spot_summary&file=spot_summary_2020.csv
2020-10-24,jepx-top8avg-kyushu,kyushu,6.1875,https://www.jepx.jp/_download.php?dir=spot_summary&file=spot_summary_2020.csv
2020-10-25,jepx-top8avg-kyushu,kyushu,5.7924999999999995,https://www.jepx.jp/_download.php?dir=spot_summary&file=spot_summary_2020.csv
2020-10-26,jepx-top8avg-kyushu,kyushu,11.07875,https://www.jepx.jp/_download.php?dir=spot_summary&file=spot_summary_2020.csv
2020-10-27,jepx-top8avg-kyushu,kyushu,11.280000000000001,https://www.jepx.jp/_download.php?dir=spot_summary&file=spot_summary_2020.csv
2020-10-28,jepx-top8avg-kyushu,kyushu,10.657499999999999,https://www.jepx.jp/_download.php?dir=spot_summary&file=spot_summary_2020.csv
2020-10-29,jepx-top8avg-kyushu,kyushu,13.215,https://www.jepx.jp/_download.php?dir=spot_summary&file=spot_summary_2020.csv
2020-10-30,jepx-top8avg-kyushu,kyushu,11.1025,https://www.jepx.jp/_download.php?dir=spot_summary&file=spot_summary_2020.csv
2020-10-31,jepx-top8avg-kyushu,kyushu,6.7212499999999995,https://www.jepx.jp/_download.php?dir=spot_summary&file=spot_summary_2020.csv
2020-11-01,jepx-top8avg-kyushu,kyushu,6.20125,https://www.jepx.jp/_download.php?dir=spot_summary&file=spot_summary_2020.csv
2020-11-02,jepx-top8avg-kyushu,kyushu,14.556249999999999,https://www.jepx.jp/_download.php?dir=spot_summary&file=spot_summary_2020.csv
2020-11-03,jepx-top8avg-kyushu,kyushu,6.43,https://www.jepx.jp/_download.php?dir=spot_summary&file=spot_summary_2020.csv
2020-11-04,jepx-top8avg-kyushu,kyushu,13.501249999999999,https://www.jepx.jp/_download.php?dir=spot_summary&file=spot_summary_2020.csv
2020-11-05,jepx-top8avg-kyushu,kyushu,12.7525,https://www.jepx.jp/_download.php?dir=spot_summary&file=spot_summary_2020.csv
2020-11-06,jepx-top8avg-kyushu,kyushu,15.58625,https://www.jepx.jp/_download.php?dir=spot_summary&file=spot_summary_2020.csv
2020-11-07,jepx-top8avg-kyushu,kyushu,7.99,https://www.jepx.jp/_download.php?dir=spot_summary&file=spot_summary_2020.csv
2020-11-08,jepx-top8avg-kyushu,kyushu,6.3,https://www.jepx.jp/_download.php?dir=spot_summary&file=spot_summary_2020.csv
2020-11-09,jepx-top8avg-kyushu,kyushu,14.896249999999998,https://www.jepx.jp/_download.php?dir=spot_summary&file=spot_summary_2020.csv
2020-11-10,jepx-top8avg-kyushu,kyushu,11.00125,https://www.jepx.jp/_download.php?dir=spot_summary&file=spot_summary_2020.csv
2020-11-11,jepx-top8avg-kyushu,kyushu,13.8475,https://www.jepx.jp/_download.php?dir=spot_summary&file=spot_summary_2020.csv
2020-11-12,jepx-top8avg-kyushu,kyushu,13.17125,https://www.jepx.jp/_download.php?dir=spot_summary&file=spot_summary_2020.csv
2020-11-13,jepx-top8avg-kyushu,kyushu,12.591249999999999,https://www.jepx.jp/_download.php?dir=spot_summary&file=spot_summary_2020.csv
2020-11-14,jepx-top8avg-kyushu,kyushu,6.9174999999999995,https://www.jepx.jp/_download.php?dir=spot_summary&file=spot_summary_2020.csv
2020-11-15,jepx-top8avg-kyushu,kyushu,6.17375,https://www.jepx.jp/_download.php?dir=spot_summary&file=spot_summary_2020.csv
2020-11-16,jepx-top8avg-kyushu,kyushu,14.112499999999999,https://www.jepx.jp/_download.php?dir=spot_summary&file=spot_summary_2020.csv
2020-11-17,jepx-top8avg-kyushu,kyushu,12.68125,https://www.jepx.jp/_download.php?dir=spot_summary&file=spot_summary_2020.csv
2020-11-18,jepx-top8avg-kyushu,kyushu,9.232500000000002,https://www.jepx.jp/_download.php?dir=spot_summary&file=spot_summary_2020.csv
2020-11-19,jepx-top8avg-kyushu,kyushu,9.684999999999999,https://www.jepx.jp/_download.php?dir=spot_summary&file=spot_summary_2020.csv
2020-11-20,jepx-top8avg-kyushu,kyushu,9.2075,https://www.jepx.jp/_download.php?dir=spot_summary&file=spot_summary_2020.csv
2020-11-21,jepx-top8avg-kyushu,kyushu,6.315,https://www.jepx.jp/_download.php?dir=spot_summary&file=spot_summary_2020.csv
2020-11-22,jepx-top8avg-kyushu,kyushu,6.23875,https://www.jepx.jp/_download.php?dir=spot_summary&file=spot_summary_2020.csv
2020-11-23,jepx-top8avg-kyushu,kyushu,6.61125,https://www.jepx.jp/_download.php?dir=spot_summary&file=spot_summary_2020.csv
2020-11-24,jepx-top8avg-kyushu,kyushu,10.64125,https://www.jepx.jp/_download.php?dir=spot_summary&file=spot_summary_2020.csv
2020-11-25,jepx-top8avg-kyushu,kyushu,8.6525,https://www.jepx.jp/_download.php?dir=spot_summary&file=spot_summary_2020.csv
2020-11-26,jepx-top8avg-kyushu,kyushu,8.91375,https://www.jepx.jp/_download.php?dir=spot_summary&file=spot_summary_2020.csv
2020-11-27,jepx-top8avg-kyushu,kyushu,8.715,https://www.jepx.jp/_download.php?dir=spot_summary&file=spot_summary_2020.csv
2020-11-28,jepx-top8avg-kyushu,kyushu,6.418749999999999,https://www.jepx.jp/_download.php?dir=spot_summary&file=spot_summary_2020.csv
2020-11-29,jepx-top8avg-kyushu,kyushu,6.90625,https://www.jepx.jp/_download.php?dir=spot_summary&file=spot_summary_2020.csv
2020-11-30,jepx-top8avg-kyushu,kyushu,11.18375,https://www.jepx.jp/_download.php?dir=spot_summary&file=spot_summary_2020.csv
2020-12-01,jepx-top8avg-kyushu,kyushu,8.86,https://www.jepx.jp/_download.php?dir=spot_summary&file=spot_summary_2020.csv
2020-12-02,jepx-top8avg-kyushu,kyushu,8.2575,https://www.jepx.jp/_download.php?dir=spot_summary&file=spot_summary_2020.csv
2020-12-03,jepx-top8avg-kyushu,kyushu,8.40625,https://www.jepx.jp/_download.php?dir=spot_summary&file=spot_summary_2020.csv
2020-12-04,jepx-top8avg-kyushu,kyushu,8.38125,https://www.jepx.jp/_download.php?dir=spot_summary&file=spot_summary_2020.csv
2020-12-05,jepx-top8avg-kyushu,kyushu,7.4875,https://www.jepx.jp/_download.php?dir=spot_summary&file=spot_summary_2020.csv
2020-12-06,jepx-top8avg-kyushu,kyushu,6.50375,https://www.jepx.jp/_download.php?dir=spot_summary&file=spot_summary_2020.csv
2020-12-07,jepx-top8avg-kyushu,kyushu,8.93375,https://www.jepx.jp/_download.php?dir=spot_summary&file=spot_summary_2020.csv
2020-12-08,jepx-top8avg-kyushu,kyushu,8.9275,https://www.jepx.jp/_download.php?dir=spot_summary&file=spot_summary_2020.csv
2020-12-09,jepx-top8avg-kyushu,kyushu,10.467500000000001,https://www.jepx.jp/_download.php?dir=spot_summary&file=spot_summary_2020.csv
2020-12-10,jepx-top8avg-kyushu,kyushu,8.94125,https://www.jepx.jp/_download.php?dir=spot_summary&file=spot_summary_2020.csv
2020-12-11,jepx-top8avg-kyushu,kyushu,9.785,https://www.jepx.jp/_download.php?dir=spot_summary&file=spot_summary_2020.csv
2020-12-12,jepx-top8avg-kyushu,kyushu,8.5025,https://www.jepx.jp/_download.php?dir=spot_summary&file=spot_summary_2020.csv
2020-12-13,jepx-top8avg-kyushu,kyushu,7.12125,https://www.jepx.jp/_download.php?dir=spot_summary&file=spot_summary_2020.csv
2020-12-14,jepx-top8avg-kyushu,kyushu,13.2925,https://www.jepx.jp/_download.php?dir=spot_summary&file=spot_summary_2020.csv
2020-12-15,jepx-top8avg-kyushu,kyushu,24.70375,https://www.jepx.jp/_download.php?dir=spot_summary&file=spot_summary_2020.csv
2020-12-16,jepx-top8avg-kyushu,kyushu,49.1375,https://www.jepx.jp/_download.php?dir=spot_summary&file=spot_summary_2020.csv
2020-12-17,jepx-top8avg-kyushu,kyushu,55.5225,https://www.jepx.jp/_download.php?dir=spot_summary&file=spot_summary_2020.csv
2020-12-18,jepx-top8avg-kyushu,kyushu,50.71125,https://www.jepx.jp/_download.php?dir=spot_summary&file=spot_summary_2020.csv
2020-12-19,jepx-top8avg-kyushu,kyushu,27.310000000000002,https://www.jepx.jp/_download.php?dir=spot_summary&file=spot_summary_2020.csv
2020-12-20,jepx-top8avg-kyushu,kyushu,19.740000000000002,https://www.jepx.jp/_download.php?dir=spot_summary&file=spot_summary_2020.csv
2020-12-21,jepx-top8avg-kyushu,kyushu,48.631249999999994,https://www.jepx.jp/_download.php?dir=spot_summary&file=spot_summary_2020.csv
2020-12-22,jepx-top8avg-kyushu,kyushu,36.535,https://www.jepx.jp/_download.php?dir=spot_summary&file=spot_summary_2020.csv
2020-12-23,jepx-top8avg-kyushu,kyushu,18.98875,https://www.jepx.jp/_download.php?dir=spot_summary&file=spot_summary_2020.csv
2020-12-24,jepx-top8avg-kyushu,kyushu,40.51625,https://www.jepx.jp/_download.php?dir=spot_summary&file=spot_summary_2020.csv
2020-12-25,jepx-top8avg-kyushu,kyushu,33.728750000000005,https://www.jepx.jp/_download.php?dir=spot_summary&file=spot_summary_2020.csv
2020-12-26,jepx-top8avg-kyushu,kyushu,80.0,https://www.jepx.jp/_download.php?dir=spot_summary&file=spot_summary_2020.csv
2020-12-27,jepx-top8avg-kyushu,kyushu,74.94624999999999,https://www.jepx.jp/_download.php?dir=spot_summary&file=spot_summary_2020.csv
2020-12-28,jepx-top8avg-kyushu,kyushu,70.11625,https://www.jepx.jp/_download.php?dir=spot_summary&file=spot_summary_2020.csv
2020-12-29,jepx-top8avg-kyushu,kyushu,45.005,https://www.jepx.jp/_download.php?dir=spot_summary&file=spot_summary_2020.csv
2020-12-30,jepx-top8avg-kyushu,kyushu,63.306250000000006,https://www.jepx.jp/_download.php?dir=spot_summary&file=spot_summary_2020.csv
2020-12-31,jepx-top8avg-kyushu,kyushu,57.25125,https://www.jepx.jp/_download.php?dir=spot_summary&file=spot_summary_2020.csv
2021-01-01,jepx-top8avg-kyushu,kyushu,57.105000000000004,https://www.jepx.jp/_download.php?dir=spot_summary&file=spot_summary_2020.csv
2021-01-02,jepx-top8avg-kyushu,kyushu,60.0,https://www.jepx.jp/_download.php?dir=spot_summary&file=spot_summary_2020.csv
2021-01-03,jepx-top8avg-kyushu,kyushu,62.699999999999996,https://www.jepx.jp/_download.php?dir=spot_summary&file=spot_summary_2020.csv
2021-01-04,jepx-top8avg-kyushu,kyushu,73.15,https://www.jepx.jp/_download.php?dir=spot_summary&file=spot_summary_2020.csv
2021-01-05,jepx-top8avg-kyushu,kyushu,80.00125,https://www.jepx.jp/_download.php?dir=spot_summary&file=spot_summary_2020.csv
2021-01-06,jepx-top8avg-kyushu,kyushu,89.75,https://www.jepx.jp/_download.php?dir=spot_summary&file=spot_summary_2020.csv
2021-01-07,jepx-top8avg-kyushu,kyushu,102.23375,https://www.jepx.jp/_download.php?dir=spot_summary&file=spot_summary_2020.csv
2021-01-08,jepx-top8avg-kyushu,kyushu,116.25375,https://www.jepx.jp/_download.php?dir=spot_summary&file=spot_summary_2020.csv
2021-01-09,jepx-top8avg-kyushu,kyushu,120.375,https://www.jepx.jp/_download.php?dir=spot_summary&file=spot_summary_2020.csv
2021-01-10,jepx-top8avg-kyushu,kyushu,137.305,https://www.jepx.jp/_download.php?dir=spot_summary&file=spot_summary_2020.csv
2021-01-11,jepx-top8avg-kyushu,kyushu,168.95,https://www.jepx.jp/_download.php?dir=spot_summary&file=spot_summary_2020.csv
2021-01-12,jepx-top8avg-kyushu,kyushu,193.3875,https://www.jepx.jp/_download.php?dir=spot_summary&file=spot_summary_2020.csv
2021-01-13,jepx-top8avg-kyushu,kyushu,200.3825,https://www.jepx.jp/_download.php?dir=spot_summary&file=spot_summary_2020.csv
2021-01-14,jepx-top8avg-kyushu,kyushu,220.19625,https://www.jepx.jp/_download.php?dir=spot_summary&file=spot_summary_2020.csv
2021-01-15,jepx-top8avg-kyushu,kyushu,224.6525,https://www.jepx.jp/_download.php?dir=spot_summary&file=spot_summary_2020.csv
2021-01-16,jepx-top8avg-kyushu,kyushu,100.01,https://www.jepx.jp/_download.php?dir=spot_summary&file=spot_summary_2020.csv
2021-01-17,jepx-top8avg-kyushu,kyushu,88.75874999999999,https://www.jepx.jp/_download.php?dir=spot_summary&file=spot_summary_2020.csv
2021-01-18,jepx-top8avg-kyushu,kyushu,194.44875000000002,https://www.jepx.jp/_download.php?dir=spot_summary&file=spot_summary_2020.csv
2021-01-19,jepx-top8avg-kyushu,kyushu,199.9975,https://www.jepx.jp/_download.php?dir=spot_summary&file=spot_summary_2020.csv
2021-01-20,jepx-top8avg-kyushu,kyushu,199.9975,https://www.jepx.jp/_download.php?dir=spot_summary&file=spot_summary_2020.csv
2021-01-21,jepx-top8avg-kyushu,kyushu,184.64375,https://www.jepx.jp/_download.php?dir=spot_summary&file=spot_summary_2020.csv
2021-01-22,jepx-top8avg-kyushu,kyushu,89.7575,https://www.jepx.jp/_download.php?dir=spot_summary&file=spot_summary_2020.csv
2021-01-23,jepx-top8avg-kyushu,kyushu,34.3575,https://www.jepx.jp/_download.php?dir=spot_summary&file=spot_summary_2020.csv
2021-01-24,jepx-top8avg-kyushu,kyushu,22.65625,https://www.jepx.jp/_download.php?dir=spot_summary&file=spot_summary_2020.csv
2021-01-25,jepx-top8avg-kyushu,kyushu,22.36125,https://www.jepx.jp/_download.php?dir=spot_summary&file=spot_summary_2020.csv
2021-01-26,jepx-top8avg-kyushu,kyushu,17.3275,https://www.jepx.jp/_download.php?dir=spot_summary&file=spot_summary_2020.csv
2021-01-27,jepx-top8avg-kyushu,kyushu,12.99875,https://www.jepx.jp/_download.php?dir=spot_summary&file=spot_summary_2020.csv
2021-01-28,jepx-top8avg-kyushu,kyushu,14.9025,https://www.jepx.jp/_download.php?dir=spot_summary&file=spot_summary_2020.csv
2021-01-29,jepx-top8avg-kyushu,kyushu,15.82125,https://www.jepx.jp/_download.php?dir=spot_summary&file=spot_summary_2020.csv
2021-01-30,jepx-top8avg-kyushu,kyushu,13.83625,https://www.jepx.jp/_download.php?dir=spot_summary&file=spot_summary_2020.csv
2021-01-31,jepx-top8avg-kyushu,kyushu,9.71375,https://www.jepx.jp/_download.php?dir=spot_summary&file=spot_summary_2020.csv
2021-02-01,jepx-top8avg-kyushu,kyushu,8.99625,https://www.jepx.jp/_download.php?dir=spot_summary&file=spot_summary_2020.csv
2021-02-02,jepx-top8avg-kyushu,kyushu,9.8025,https://www.jepx.jp/_download.php?dir=spot_summary&file=spot_summary_2020.csv
2021-02-03,jepx-top8avg-kyushu,kyushu,13.40625,https://www.jepx.jp/_download.php?dir=spot_summary&file=spot_summary_2020.csv
2021-02-04,jepx-top8avg-kyushu,kyushu,10.44375,https://www.jepx.jp/_download.php?dir=spot_summary&file=spot_summary_2020.csv
2021-02-05,jepx-top8avg-kyushu,kyushu,10.51625,https://www.jepx.jp/_download.php?dir=spot_summary&file=spot_summary_2020.csv
2021-02-06,jepx-top8avg-kyushu,kyushu,8.45875,https://www.jepx.jp/_download.php?dir=spot_summary&file=spot_summary_2020.csv
2021-02-07,jepx-top8avg-kyushu,kyushu,7.96875,https://www.jepx.jp/_download.php?dir=spot_summary&file=spot_summary_2020.csv
2021-02-08,jepx-top8avg-kyushu,kyushu,10.825,https://www.jepx.jp/_download.php?dir=spot_summary&file=spot_summary_2020.csv
2021-02-09,jepx-top8avg-kyushu,kyushu,12.475,https://www.jepx.jp/_download.php?dir=spot_summary&file=spot_summary_2020.csv
2021-02-10,jepx-top8avg-kyushu,kyushu,9.67875,https://www.jepx.jp/_download.php?dir=spot_summary&file=spot_summary_2020.csv
2021-02-11,jepx-top8avg-kyushu,kyushu,8.615,https://www.jepx.jp/_download.php?dir=spot_summary&file=spot_summary_2020.csv
2021-02-12,jepx-top8avg-kyushu,kyushu,8.4675,https://www.jepx.jp/_download.php?dir=spot_summary&file=spot_summary_2020.csv
2021-02-13,jepx-top8avg-kyushu,kyushu,7.01875,https://www.jepx.jp/_download.php?dir=spot_summary&file=spot_summary_2020.csv
2021-02-14,jepx-top8avg-kyushu,kyushu,5.9575,https://www.jepx.jp/_download.php?dir=spot_summary&file=spot_summary_2020.csv
2021-02-15,jepx-top8avg-kyushu,kyushu,7.35125,https://www.jepx.jp/_download.php?dir=spot_summary&file=spot_summary_2020.csv
2021-02-16,jepx-top8avg-kyushu,kyushu,8.344999999999999,https://www.jepx.jp/_download.php?dir=spot_summary&file=spot_summary_2020.csv
2021-02-17,jepx-top8avg-kyushu,kyushu,17.9325,https://www.jepx.jp/_download.php?dir=spot_summary&file=spot_summary_2020.csv
2021-02-18,jepx-top8avg-kyushu,kyushu,22.525,https://www.jepx.jp/_download.php?dir=spot_summary&file=spot_summary_2020.csv
2021-02-19,jepx-top8avg-kyushu,kyushu,10.37875,https://www.jepx.jp/_download.php?dir=spot_summary&file=spot_summary_2020.csv
2021-02-20,jepx-top8avg-kyushu,kyushu,7.151249999999999,https://www.jepx.jp/_download.php?dir=spot_summary&file=spot_summary_2020.csv
2021-02-21,jepx-top8avg-kyushu,kyushu,5.16,https://www.jepx.jp/_download.php?dir=spot_summary&file=spot_summary_2020.csv
2021-02-22,jepx-top8avg-kyushu,kyushu,5.52125,https://www.jepx.jp/_download.php?dir=spot_summary&file=spot_summary_2020.csv
2021-02-23,jepx-top8avg-kyushu,kyushu,8.07625,https://www.jepx.jp/_download.php?dir=spot_summary&file=spot_summary_2020.csv
2021-02-24,jepx-top8avg-kyushu,kyushu,9.45375,https://www.jepx.jp/_download.php?dir=spot_summary&file=spot_summary_2020.csv
2021-02-25,jepx-top8avg-kyushu,kyushu,9.05125,https://www.jepx.jp/_download.php?dir=spot_summary&file=spot_summary_2020.csv
2021-02-26,jepx-top8avg-kyushu,kyushu,12.21,https://www.jepx.jp/_download.php?dir=spot_summary&file=spot_summary_2020.csv
2021-02-27,jepx-top8avg-kyushu,kyushu,7.66,https://www.jepx.jp/_download.php?dir=spot_summary&file=spot_summary_2020.csv
2021-02-28,jepx-top8avg-kyushu,kyushu,7.05,https://www.jepx.jp/_download.php?dir=spot_summary&file=spot_summary_2020.csv
2021-03-01,jepx-top8avg-kyushu,kyushu,7.08875,https://www.jepx.jp/_download.php?dir=spot_summary&file=spot_summary_2020.csv
2021-03-02,jepx-top8avg-kyushu,kyushu,10.524999999999999,https://www.jepx.jp/_download.php?dir=spot_summary&file=spot_summary_2020.csv
2021-03-03,jepx-top8avg-kyushu,kyushu,10.879999999999999,https://www.jepx.jp/_download.php?dir=spot_summary&file=spot_summary_2020.csv
2021-03-04,jepx-top8avg-kyushu,kyushu,9.01375,https://www.jepx.jp/_download.php?dir=spot_summary&file=spot_summary_2020.csv
2021-03-05,jepx-top8avg-kyushu,kyushu,8.08,https://www.jepx.jp/_download.php?dir=spot_summary&file=spot_summary_2020.csv
2021-03-06,jepx-top8avg-kyushu,kyushu,7.733750000000001,https://www.jepx.jp/_download.php?dir=spot_summary&file=spot_summary_2020.csv
2021-03-07,jepx-top8avg-kyushu,kyushu,7.95375,https://www.jepx.jp/_download.php?dir=spot_summary&file=spot_summary_2020.csv
2021-03-08,jepx-top8avg-kyushu,kyushu,8.848749999999999,https://www.jepx.jp/_download.php?dir=spot_summary&file=spot_summary_2020.csv
2021-03-09,jepx-top8avg-kyushu,kyushu,11.954999999999998,https://www.jepx.jp/_download.php?dir=spot_summary&file=spot_summary_2020.csv
2021-03-10,jepx-top8avg-kyushu,kyushu,9.57,https://www.jepx.jp/_download.php?dir=spot_summary&file=spot_summary_2020.csv
2021-03-11,jepx-top8avg-kyushu,kyushu,10.736249999999998,https://www.jepx.jp/_download.php?dir=spot_summary&file=spot_summary_2020.csv
2021-03-12,jepx-top8avg-kyushu,kyushu,10.2325,https://www.jepx.jp/_download.php?dir=spot_summary&file=spot_summary_2020.csv
2021-03-13,jepx-top8avg-kyushu,kyushu,6.914999999999999,https://www.jepx.jp/_download.php?dir=spot_summary&file=spot_summary_2020.csv
2021-03-14,jepx-top8avg-kyushu,kyushu,7.5600000000000005,https://www.jepx.jp/_download.php?dir=spot_summary&file=spot_summary_2020.csv
2021-03-15,jepx-top8avg-kyushu,kyushu,7.6325,https://www.jepx.jp/_download.php?dir=spot_summary&file=spot_summary_2020.csv
2021-03-16,jepx-top8avg-kyushu,kyushu,8.70375,https://www.jepx.jp/_download.php?dir=spot_summary&file=spot_summary_2020.csv
2021-03-17,jepx-top8avg-kyushu,kyushu,8.115,https://www.jepx.jp/_download.php?dir=spot_summary&file=spot_summary_2020.csv
2021-03-18,jepx-top8avg-kyushu,kyushu,7.61625,https://www.jepx.jp/_download.php?dir=spot_summary&file=spot_summary_2020.csv
2021-03-19,jepx-top8avg-kyushu,kyushu,7.1775,https://www.jepx.jp/_download.php?dir=spot_summary&file=spot_summary_2020.csv
2021-03-20,jepx-top8avg-kyushu,kyushu,7.625,https://www.jepx.jp/_download.php?dir=spot_summary&file=spot_summary_2020.csv
2021-03-21,jepx-top8avg-kyushu,kyushu,7.19125,https://www.jepx.jp/_download.php?dir=spot_summary&file=spot_summary_2020.csv
2021-03-22,jepx-top8avg-kyushu,kyushu,8.81625,https://www.jepx.jp/_download.php?dir=spot_summary&file=spot_summary_2020.csv
2021-03-23,jepx-top8avg-kyushu,kyushu,8.07625,https://www.jepx.jp/_download.php?dir=spot_summary&file=spot_summary_2020.csv
2021-03-24,jepx-top8avg-kyushu,kyushu,7.3725,https://www.jepx.jp/_download.php?dir=spot_summary&file=spot_summary_2020.csv
2021-03-25,jepx-top8avg-kyushu,kyushu,7.0875,https://www.jepx.jp/_download.php?dir=spot_summary&file=spot_summary_2020.csv
2021-03-26,jepx-top8avg-kyushu,kyushu,6.59,https://www.jepx.jp/_download.php?dir=spot_summary&file=spot_summary_2020.csv
2021-03-27,jepx-top8avg-kyushu,kyushu,5.63,https://www.jepx.jp/_download.php?dir=spot_summary&file=spot_summary_2020.csv
2021-03-28,jepx-top8avg-kyushu,kyushu,5.311249999999999,https://www.jepx.jp/_download.php?dir=spot_summary&file=spot_summary_2020.csv
2021-03-29,jepx-top8avg-kyushu,kyushu,5.936249999999999,https://www.jepx.jp/_download.php?dir=spot_summary&file=spot_summary_2020.csv
2021-03-30,jepx-top8avg-kyushu,kyushu,6.1537500000000005,https://www.jepx.jp/_download.php?dir=spot_summary&file=spot_summary_2020.csv
2021-03-31,jepx-top8avg-kyushu,kyushu,5.67125,https://www.jepx.jp/_download.php?dir=spot_summary&file=spot_summary_2020.csv
2021-04-01,jepx-top8avg-kyushu,kyushu,6.665,https://www.jepx.jp/_download.php?dir=spot_summary&file=spot_summary_2021.csv
2021-04-02,jepx-top8avg-kyushu,kyushu,6.8825,https://www.jepx.jp/_download.php?dir=spot_summary&file=spot_summary_2021.csv
2021-04-03,jepx-top8avg-kyushu,kyushu,7.2,https://www.jepx.jp/_download.php?dir=spot_summary&file=spot_summary_2021.csv
2021-04-04,jepx-top8avg-kyushu,kyushu,6.98625,https://www.jepx.jp/_download.php?dir=spot_summary&file=spot_summary_2021.csv
2021-04-05,jepx-top8avg-kyushu,kyushu,7.585,https://www.jepx.jp/_download.php?dir=spot_summary&file=spot_summary_2021.csv
2021-04-06,jepx-top8avg-kyushu,kyushu,8.29375,https://www.jepx.jp/_download.php?dir=spot_summary&file=spot_summary_2021.csv
2021-04-07,jepx-top8avg-kyushu,kyushu,8.307500000000001,https://www.jepx.jp/_download.php?dir=spot_summary&file=spot_summary_2021.csv
2021-04-08,jepx-top8avg-kyushu,kyushu,8.97125,https://www.jepx.jp/_download.php?dir=spot_summary&file=spot_summary_2021.csv
2021-04-09,jepx-top8avg-kyushu,kyushu,9.126249999999999,https://www.jepx.jp/_download.php?dir=spot_summary&file=spot_summary_2021.csv
2021-04-10,jepx-top8avg-kyushu,kyushu,9.4025,https://www.jepx.jp/_download.php?dir=spot_summary&file=spot_summary_2021.csv
2021-04-11,jepx-top8avg-kyushu,kyushu,8.3775,https://www.jepx.jp/_download.php?dir=spot_summary&file=spot_summary_2021.csv
2021-04-12,jepx-top8avg-kyushu,kyushu,8.44,https://www.jepx.jp/_download.php?dir=spot_summary&file=spot_summary_2021.csv
2021-04-13,jepx-top8avg-kyushu,kyushu,8.629999999999999,https://www.jepx.jp/_download.php?dir=spot_summary&file=spot_summary_2021.csv
2021-04-14,jepx-top8avg-kyushu,kyushu,10.49625,https://www.jepx.jp/_download.php?dir=spot_summary&file=spot_summary_2021.csv
2021-04-15,jepx-top8avg-kyushu,kyushu,11.83625,https://www.jepx.jp/_download.php?dir=spot_summary&file=spot_summary_2021.csv
2021-04-16,jepx-top8avg-kyushu,kyushu,10.265,https://www.jepx.jp/_download.php?dir=spot_summary&file=spot_summary_2021.csv
2021-04-17,jepx-top8avg-kyushu,kyushu,8.247499999999999,https://www.jepx.jp/_download.php?dir=spot_summary&file=spot_summary_2021.csv
2021-04-18,jepx-top8avg-kyushu,kyushu,9.1425,https://www.jepx.jp/_download.php?dir=spot_summary&file=spot_summary_2021.csv
2021-04-19,jepx-top8avg-kyushu,kyushu,10.032499999999999,https://www.jepx.jp/_download.php?dir=spot_summary&file=spot_summary_2021.csv
2021-04-20,jepx-top8avg-kyushu,kyushu,9.77125,https://www.jepx.jp/_download.php?dir=spot_summary&file=spot_summary_2021.csv
2021-04-21,jepx-top8avg-kyushu,kyushu,10.29125,https://www.jepx.jp/_download.php?dir=spot_summary&file=spot_summary_2021.csv
2021-04-22,jepx-top8avg-kyushu,kyushu,9.850000000000001,https://www.jepx.jp/_download.php?dir=spot_summary&file=spot_summary_2021.csv
2021-04-23,jepx-top8avg-kyushu,kyushu,10.498750000000001,https://www.jepx.jp/_download.php?dir=spot_summary&file=spot_summary_2021.csv
2021-04-24,jepx-top8avg-kyushu,kyushu,9.22625,https://www.jepx.jp/_download.php?dir=spot_summary&file=spot_summary_2021.csv
2021-04-25,jepx-top8avg-kyushu,kyushu,8.75,https://www.jepx.jp/_download.php?dir=spot_summary&file=spot_summary_2021.csv
2021-04-26,jepx-top8avg-kyushu,kyushu,13.20625,https://www.jepx.jp/_download.php?dir=spot_summary&file=spot_summary_2021.csv
2021-04-27,jepx-top8avg-kyushu,kyushu,13.146249999999998,https://www.jepx.jp/_download.php?dir=spot_summary&file=spot_summary_2021.csv
2021-04-28,jepx-top8avg-kyushu,kyushu,17.79625,https://www.jepx.jp/_download.php?dir=spot_summary&file=spot_summary_2021.csv
2021-04-29,jepx-top8avg-kyushu,kyushu,11.313749999999999,https://www.jepx.jp/_download.php?dir=spot_summary&file=spot_summary_2021.csv
2021-04-30,jepx-top8avg-kyushu,kyushu,9.6375,https://www.jepx.jp/_download.php?dir=spot_summary&file=spot_summary_2021.csv
2021-05-01,jepx-top8avg-kyushu,kyushu,9.19,https://www.jepx.jp/_download.php?dir=spot_summary&file=spot_summary_2021.csv
2021-05-02,jepx-top8avg-kyushu,kyushu,8.533750000000001,https://www.jepx.jp/_download.php?dir=spot_summary&file=spot_summary_2021.csv
2021-05-03,jepx-top8avg-kyushu,kyushu,8.5475,https://www.jepx.jp/_download.php?dir=spot_summary&file=spot_summary_2021.csv
2021-05-04,jepx-top8avg-kyushu,kyushu,8.12875,https://www.jepx.jp/_download.php?dir=spot_summary&file=spot_summary_2021.csv
2021-05-05,jepx-top8avg-kyushu,kyushu,8.051250000000001,https://www.jepx.jp/_download.php?dir=spot_summary&file=spot_summary_2021.csv
2021-05-06,jepx-top8avg-kyushu,kyushu,8.815,https://www.jepx.jp/_download.php?dir=spot_summary&file=spot_summary_2021.csv
2021-05-07,jepx-top8avg-kyushu,kyushu,8.22625,https://www.jepx.jp/_download.php?dir=spot_summary&file=spot_summary_2021.csv
2021-05-08,jepx-top8avg-kyushu,kyushu,8.07875,https://www.jepx.jp/_download.php?dir=spot_summary&file=spot_summary_2021.csv
2021-05-09,jepx-top8avg-kyushu,kyushu,7.275,https://www.jepx.jp/_download.php?dir=spot_summary&file=spot_summary_2021.csv
2021-05-10,jepx-top8avg-kyushu,kyushu,9.57375,https://www.jepx.jp/_download.php?dir=spot_summary&file=spot_summary_2021.csv
2021-05-11,jepx-top8avg-kyushu,kyushu,10.54625,https://www.jepx.jp/_download.php?dir=spot_summary&file=spot_summary_2021.csv
2021-05-12,jepx-top8avg-kyushu,kyushu,10.74375,https://www.jepx.jp/_download.php?dir=spot_summary&file=spot_summary_2021.csv
2021-05-13,jepx-top8avg-kyushu,kyushu,9.432500000000001,https://www.jepx.jp/_download.php?dir=spot_summary&file=spot_summary_2021.csv
2021-05-14,jepx-top8avg-kyushu,kyushu,9.111249999999998,https://www.jepx.jp/_download.php?dir=spot_summary&file=spot_summary_2021.csv
2021-05-15,jepx-top8avg-kyushu,kyushu,8.19,https://www.jepx.jp/_download.php?dir=spot_summary&file=spot_summary_2021.csv
2021-05-16,jepx-top8avg-kyushu,kyushu,8.095,https://www.jepx.jp/_download.php?dir=spot_summary&file=spot_summary_2021.csv
2021-05-17,jepx-top8avg-kyushu,kyushu,11.99375,https://www.jepx.jp/_download.php?dir=spot_summary&file=spot_summary_2021.csv
2021-05-18,jepx-top8avg-kyushu,kyushu,10.59375,https://www.jepx.jp/_download.php?dir=spot_summary&file=spot_summary_2021.csv
2021-05-19,jepx-top8avg-kyushu,kyushu,10.57875,https://www.jepx.jp/_download.php?dir=spot_summary&file=spot_summary_2021.csv
2021-05-20,jepx-top8avg-kyushu,kyushu,15.7575,https://www.jepx.jp/_download.php?dir=spot_summary&file=spot_summary_2021.csv
2021-05-21,jepx-top8avg-kyushu,kyushu,13.0425,https://www.jepx.jp/_download.php?dir=spot_summary&file=spot_summary_2021.csv
2021-05-22,jepx-top8avg-kyushu,kyushu,8.5475,https://www.jepx.jp/_download.php?dir=spot_summary&file=spot_summary_2021.csv
2021-05-23,jepx-top8avg-kyushu,kyushu,8.3525,https://www.jepx.jp/_download.php?dir=spot_summary&file=spot_summary_2021.csv
2021-05-24,jepx-top8avg-kyushu,kyushu,14.63625,https://www.jepx.jp/_download.php?dir=spot_summary&file=spot_summary_2021.csv
2021-05-25,jepx-top8avg-kyushu,kyushu,9.48375,https://www.jepx.jp/_download.php?dir=spot_summary&file=spot_summary_2021.csv
2021-05-26,jepx-top8avg-kyushu,kyushu,8.5825,https://www.jepx.jp/_download.php?dir=spot_summary&file=spot_summary_2021.csv
2021-05-27,jepx-top8avg-kyushu,kyushu,9.598749999999999,https://www.jepx.jp/_download.php?dir=spot_summary&file=spot_summary_2021.csv
2021-05-28,jepx-top8avg-kyushu,kyushu,8.405,https://www.jepx.jp/_download.php?dir=spot_summary&file=spot_summary_2021.csv
2021-05-29,jepx-top8avg-kyushu,kyushu,7.68375,https://www.jepx.jp/_download.php?dir=spot_summary&file=spot_summary_2021.csv
2021-05-30,jepx-top8avg-kyushu,kyushu,6.775,https://www.jepx.jp/_download.php?dir=spot_summary&file=spot_summary_2021.csv
2021-05-31,jepx-top8avg-kyushu,kyushu,8.29125,https://www.jepx.jp/_download.php?dir=spot_summary&file=spot_summary_2021.csv
2021-06-01,jepx-top8avg-kyushu,kyushu,8.6875,https://www.jepx.jp/_download.php?dir=spot_summary&file=spot_summary_2021.csv
2021-06-02,jepx-top8avg-kyushu,kyushu,8.53875,https://www.jepx.jp/_download.php?dir=spot_summary&file=spot_summary_2021.csv
2021-06-03,jepx-top8avg-kyushu,kyushu,10.162500000000001,https://www.jepx.jp/_download.php?dir=spot_summary&file=spot_summary_2021.csv
2021-06-04,jepx-top8avg-kyushu,kyushu,13.04625,https://www.jepx.jp/_download.php?dir=spot_summary&file=spot_summary_2021.csv
2021-06-05,jepx-top8avg-kyushu,kyushu,7.9025,https://www.jepx.jp/_download.php?dir=spot_summary&file=spot_summary_2021.csv
2021-06-06,jepx-top8avg-kyushu,kyushu,7.88625,https://www.jepx.jp/_download.php?dir=spot_summary&file=spot_summary_2021.csv
2021-06-07,jepx-top8avg-kyushu,kyushu,8.94375,https://www.jepx.jp/_download.php?dir=spot_summary&file=spot_summary_2021.csv
2021-06-08,jepx-top8avg-kyushu,kyushu,8.58125,https://www.jepx.jp/_download.php?dir=spot_summary&file=spot_summary_2021.csv
2021-06-09,jepx-top8avg-kyushu,kyushu,10.530000000000001,https://www.jepx.jp/_download.php?dir=spot_summary&file=spot_summary_2021.csv
2021-06-10,jepx-top8avg-kyushu,kyushu,10.96125,https://www.jepx.jp/_download.php?dir=spot_summary&file=spot_summary_2021.csv
2021-06-11,jepx-top8avg-kyushu,kyushu,13.77875,https://www.jepx.jp/_download.php?dir=spot_summary&file=spot_summary_2021.csv
2021-06-12,jepx-top8avg-kyushu,kyushu,8.55875,https://www.jepx.jp/_download.php?dir=spot_summary&file=spot_summary_2021.csv
2021-06-13,jepx-top8avg-kyushu,kyushu,8.23625,https://www.jepx.jp/_download.php?dir=spot_summary&file=spot_summary_2021.csv
2021-06-14,jepx-top8avg-kyushu,kyushu,9.61125,https://www.jepx.jp/_download.php?dir=spot_summary&file=spot_summary_2021.csv
2021-06-15,jepx-top8avg-kyushu,kyushu,9.96875,https://www.jepx.jp/_download.php?dir=spot_summary&file=spot_summary_2021.csv
2021-06-16,jepx-top8avg-kyushu,kyushu,12.885,https://www.jepx.jp/_download.php?dir=spot_summary&file=spot_summary_2021.csv
2021-06-17,jepx-top8avg-kyushu,kyushu,10.537500000000001,https://www.jepx.jp/_download.php?dir=spot_summary&file=spot_summary_2021.csv
2021-06-18,jepx-top8avg-kyushu,kyushu,15.25125,https://www.jepx.jp/_download.php?dir=spot_summary&file=spot_summary_2021.csv
2021-06-19,jepx-top8avg-kyushu,kyushu,8.1875,https://www.jepx.jp/_download.php?dir=spot_summary&file=spot_summary_2021.csv
2021-06-20,jepx-top8avg-kyushu,kyushu,8.3825,https://www.jepx.jp/_download.php?dir=spot_summary&file=spot_summary_2021.csv
2021-06-21,jepx-top8avg-kyushu,kyushu,9.5975,https://www.jepx.jp/_download.php?dir=spot_summary&file=spot_summary_2021.csv
2021-06-22,jepx-top8avg-kyushu,kyushu,8.94875,https://www.jepx.jp/_download.php?dir=spot_summary&file=spot_summary_2021.csv
2021-06-23,jepx-top8avg-kyushu,kyushu,8.9275,https://www.jepx.jp/_download.php?dir=spot_summary&file=spot_summary_2021.csv
2021-06-24,jepx-top8avg-kyushu,kyushu,8.875,https://www.jepx.jp/_download.php?dir=spot_summary&file=spot_summary_2021.csv
2021-06-25,jepx-top8avg-kyushu,kyushu,8.695,https://www.jepx.jp/_download.php?dir=spot_summary&file=spot_summary_2021.csv
2021-06-26,jepx-top8avg-kyushu,kyushu,8.602500000000001,https://www.jepx.jp/_download.php?dir=spot_summary&file=spot_summary_2021.csv
2021-06-27,jepx-top8avg-kyushu,kyushu,8.6175,https://www.jepx.jp/_download.php?dir=spot_summary&file=spot_summary_2021.csv
2021-06-28,jepx-top8avg-kyushu,kyushu,9.24375,https://www.jepx.jp/_download.php?dir=spot_summary&file=spot_summary_2021.csv
2021-06-29,jepx-top8avg-kyushu,kyushu,8.76125,https://www.jepx.jp/_download.php?dir=spot_summary&file=spot_summary_2021.csv
2021-06-30,jepx-top8avg-kyushu,kyushu,9.50625,https://www.jepx.jp/_download.php?dir=spot_summary&file=spot_summary_2021.csv
2021-07-01,jepx-top8avg-kyushu,kyushu,9.690000000000001,https://www.jepx.jp/_download.php?dir=spot_summary&file=spot_summary_2021.csv
2021-07-02,jepx-top8avg-kyushu,kyushu,9.89875,https://www.jepx.jp/_download.php?dir=spot_summary&file=spot_summary_2021.csv
2021-07-03,jepx-top8avg-kyushu,kyushu,8.307500000000001,https://www.jepx.jp/_download.php?dir=spot_summary&file=spot_summary_2021.csv
2021-07-04,jepx-top8avg-kyushu,kyushu,8.21125,https://www.jepx.jp/_download.php?dir=spot_summary&file=spot_summary_2021.csv
2021-07-05,jepx-top8avg-kyushu,kyushu,10.942499999999999,https://www.jepx.jp/_download.php?dir=spot_summary&file=spot_summary_2021.csv
2021-07-06,jepx-top8avg-kyushu,kyushu,12.67375,https://www.jepx.jp/_download.php?dir=spot_summary&file=spot_summary_2021.csv
2021-07-07,jepx-top8avg-kyushu,kyushu,11.59,https://www.jepx.jp/_download.php?dir=spot_summary&file=spot_summary_2021.csv
2021-07-08,jepx-top8avg-kyushu,kyushu,12.55375,https://www.jepx.jp/_download.php?dir=spot_summary&file=spot_summary_2021.csv
2021-07-09,jepx-top8avg-kyushu,kyushu,10.079999999999998,https://www.jepx.jp/_download.php?dir=spot_summary&file=spot_summary_2021.csv
2021-07-10,jepx-top8avg-kyushu,kyushu,8.96875,https://www.jepx.jp/_download.php?dir=spot_summary&file=spot_summary_2021.csv
2021-07-11,jepx-top8avg-kyushu,kyushu,9.44625,https://www.jepx.jp/_download.php?dir=spot_summary&file=spot_summary_2021.csv
2021-07-12,jepx-top8avg-kyushu,kyushu,9.9225,https://www.jepx.jp/_download.php?dir=spot_summary&file=spot_summary_2021.csv
2021-07-13,jepx-top8avg-kyushu,kyushu,12.26375,https://www.jepx.jp/_download.php?dir=spot_summary&file=spot_summary_2021.csv
2021-07-14,jepx-top8avg-kyushu,kyushu,11.6625,https://www.jepx.jp/_download.php?dir=spot_summary&file=spot_summary_2021.csv
2021-07-15,jepx-top8avg-kyushu,kyushu,10.60625,https://www.jepx.jp/_download.php?dir=spot_summary&file=spot_summary_2021.csv
2021-07-16,jepx-top8avg-kyushu,kyushu,11.27125,https://www.jepx.jp/_download.php?dir=spot_summary&file=spot_summary_2021.csv
2021-07-17,jepx-top8avg-kyushu,kyushu,9.55125,https://www.jepx.jp/_download.php?dir=spot_summary&file=spot_summary_2021.csv
2021-07-18,jepx-top8avg-kyushu,kyushu,9.3575,https://www.jepx.jp/_download.php?dir=spot_summary&file=spot_summary_2021.csv
2021-07-19,jepx-top8avg-kyushu,kyushu,12.26875,https://www.jepx.jp/_download.php?dir=spot_summary&file=spot_summary_2021.csv
2021-07-20,jepx-top8avg-kyushu,kyushu,13.60125,https://www.jepx.jp/_download.php?dir=spot_summary&file=spot_summary_2021.csv
2021-07-21,jepx-top8avg-kyushu,kyushu,16.872500000000002,https://www.jepx.jp/_download.php?dir=spot_summary&file=spot_summary_2021.csv
2021-07-22,jepx-top8avg-kyushu,kyushu,13.638750000000002,https://www.jepx.jp/_download.php?dir=spot_summary&file=spot_summary_2021.csv
2021-07-23,jepx-top8avg-kyushu,kyushu,10.26,https://www.jepx.jp/_download.php?dir=spot_summary&file=spot_summary_2021.csv
2021-07-24,jepx-top8avg-kyushu,kyushu,11.39875,https://www.jepx.jp/_download.php?dir=spot_summary&file=spot_summary_2021.csv
2021-07-25,jepx-top8avg-kyushu,kyushu,9.5775,https://www.jepx.jp/_download.php?dir=spot_summary&file=spot_summary_2021.csv
2021-07-26,jepx-top8avg-kyushu,kyushu,13.592500000000001,https://www.jepx.jp/_download.php?dir=spot_summary&file=spot_summary_2021.csv
2021-07-27,jepx-top8avg-kyushu,kyushu,10.79375,https://www.jepx.jp/_download.php?dir=spot_summary&file=spot_summary_2021.csv
2021-07-28,jepx-top8avg-kyushu,kyushu,11.22,https://www.jepx.jp/_download.php?dir=spot_summary&file=spot_summary_2021.csv
2021-07-29,jepx-top8avg-kyushu,kyushu,12.53125,https://www.jepx.jp/_download.php?dir=spot_summary&file=spot_summary_2021.csv
2021-07-30,jepx-top8avg-kyushu,kyushu,12.693750000000001,https://www.jepx.jp/_download.php?dir=spot_summary&file=spot_summary_2021.csv
2021-07-31,jepx-top8avg-kyushu,kyushu,10.278749999999999,https://www.jepx.jp/_download.php?dir=spot_summary&file=spot_summary_2021.csv
2021-08-01,jepx-top8avg-kyushu,kyushu,9.75,https://www.jepx.jp/_download.php?dir=spot_summary&file=spot_summary_2021.csv
2021-08-02,jepx-top8avg-kyushu,kyushu,14.445,https://www.jepx.jp/_download.php?dir=spot_summary&file=spot_summary_2021.csv
2021-08-03,jepx-top8avg-kyushu,kyushu,13.278749999999999,https://www.jepx.jp/_download.php?dir=spot_summary&file=spot_summary_2021.csv
2021-08-04,jepx-top8avg-kyushu,kyushu,16.36625,https://www.jepx.jp/_download.php?dir=spot_summary&file=spot_summary_2021.csv
2021-08-05,jepx-top8avg-kyushu,kyushu,18.8975,https://www.jepx.jp/_download.php?dir=spot_summary&file=spot_summary_2021.csv
2021-08-06,jepx-top8avg-kyushu,kyushu,17.96875,https://www.jepx.jp/_download.php?dir=spot_summary&file=spot_summary_2021.csv
2021-08-07,jepx-top8avg-kyushu,kyushu,12.716249999999999,https://www.jepx.jp/_download.php?dir=spot_summary&file=spot_summary_2021.csv
2021-08-08,jepx-top8avg-kyushu,kyushu,10.6475,https://www.jepx.jp/_download.php?dir=spot_summary&file=spot_summary_2021.csv
2021-08-09,jepx-top8avg-kyushu,kyushu,12.99375,https://www.jepx.jp/_download.php?dir=spot_summary&file=spot_summary_2021.csv
2021-08-10,jepx-top8avg-kyushu,kyushu,12.67,https://www.jepx.jp/_download.php?dir=spot_summary&file=spot_summary_2021.csv
2021-08-11,jepx-top8avg-kyushu,kyushu,12.94,https://www.jepx.jp/_download.php?dir=spot_summary&file=spot_summary_2021.csv
2021-08-12,jepx-top8avg-kyushu,kyushu,10.181249999999999,https://www.jepx.jp/_download.php?dir=spot_summary&file=spot_summary_2021.csv
2021-08-13,jepx-top8avg-kyushu,kyushu,8.653749999999999,https://www.jepx.jp/_download.php?dir=spot_summary&file=spot_summary_2021.csv
2021-08-14,jepx-top8avg-kyushu,kyushu,8.75625,https://www.jepx.jp/_download.php?dir=spot_summary&file=spot_summary_2021.csv
2021-08-15,jepx-top8avg-kyushu,kyushu,7.4925,https://www.jepx.jp/_download.php?dir=spot_summary&file=spot_summary_2021.csv
2021-08-16,jepx-top8avg-kyushu,kyushu,8.9925,https://www.jepx.jp/_download.php?dir=spot_summary&file=spot_summary_2021.csv
2021-08-17,jepx-top8avg-kyushu,kyushu,8.563749999999999,https://www.jepx.jp/_download.php?dir=spot_summary&file=spot_summary_2021.csv
2021-08-18,jepx-top8avg-kyushu,kyushu,8.86,https://www.jepx.jp/_download.php?dir=spot_summary&file=spot_summary_2021.csv
2021-08-19,jepx-top8avg-kyushu,kyushu,8.5,https://www.jepx.jp/_download.php?dir=spot_summary&file=spot_summary_2021.csv
2021-08-20,jepx-top8avg-kyushu,kyushu,8.62125,https://www.jepx.jp/_download.php?dir=spot_summary&file=spot_summary_2021.csv
2021-08-21,jepx-top8avg-kyushu,kyushu,8.72625,https://www.jepx.jp/_download.php?dir=spot_summary&file=spot_summary_2021.csv
2021-08-22,jepx-top8avg-kyushu,kyushu,8.681249999999999,https://www.jepx.jp/_download.php?dir=spot_summary&file=spot_summary_2021.csv
2021-08-23,jepx-top8avg-kyushu,kyushu,8.86,https://www.jepx.jp/_download.php?dir=spot_summary&file=spot_summary_2021.csv
2021-08-24,jepx-top8avg-kyushu,kyushu,8.86,https://www.jepx.jp/_download.php?dir=spot_summary&file=spot_summary_2021.csv
2021-08-25,jepx-top8avg-kyushu,kyushu,9.0425,https://www.jepx.jp/_download.php?dir=spot_summary&file=spot_summary_2021.csv
2021-08-26,jepx-top8avg-kyushu,kyushu,11.07,https://www.jepx.jp/_download.php?dir=spot_summary&file=spot_summary_2021.csv
2021-08-27,jepx-top8avg-kyushu,kyushu,11.254999999999999,https://www.jepx.jp/_download.php?dir=spot_summary&file=spot_summary_2021.csv
2021-08-28,jepx-top8avg-kyushu,kyushu,10.32375,https://www.jepx.jp/_download.php?dir=spot_summary&file=spot_summary_2021.csv
2021-08-29,jepx-top8avg-kyushu,kyushu,10.186250000000001,https://www.jepx.jp/_download.php?dir=spot_summary&file=spot_summary_2021.csv
2021-08-30,jepx-top8avg-kyushu,kyushu,11.50625,https://www.jepx.jp/_download.php?dir=spot_summary&file=spot_summary_2021.csv
2021-08-31,jepx-top8avg-kyushu,kyushu,11.52625,https://www.jepx.jp/_download.php?dir=spot_summary&file=spot_summary_2021.csv
2021-09-01,jepx-top8avg-kyushu,kyushu,10.68125,https://www.jepx.jp/_download.php?dir=spot_summary&file=spot_summary_2021.csv
2021-09-02,jepx-top8avg-kyushu,kyushu,10.377500000000001,https://www.jepx.jp/_download.php?dir=spot_summary&file=spot_summary_2021.csv
2021-09-03,jepx-top8avg-kyushu,kyushu,10.131250000000001,https://www.jepx.jp/_download.php?dir=spot_summary&file=spot_summary_2021.csv
2021-09-04,jepx-top8avg-kyushu,kyushu,9.3975,https://www.jepx.jp/_download.php?dir=spot_summary&file=spot_summary_2021.csv
2021-09-05,jepx-top8avg-kyushu,kyushu,9.7525,https://www.jepx.jp/_download.php?dir=spot_summary&file=spot_summary_2021.csv
2021-09-06,jepx-top8avg-kyushu,kyushu,10.08,https://www.jepx.jp/_download.php?dir=spot_summary&file=spot_summary_2021.csv
2021-09-07,jepx-top8avg-kyushu,kyushu,10.39375,https://www.jepx.jp/_download.php?dir=spot_summary&file=spot_summary_2021.csv
2021-09-08,jepx-top8avg-kyushu,kyushu,9.45375,https://www.jepx.jp/_download.php?dir=spot_summary&file=spot_summary_2021.csv
2021-09-09,jepx-top8avg-kyushu,kyushu,10.012500000000001,https://www.jepx.jp/_download.php?dir=spot_summary&file=spot_summary_2021.csv
2021-09-10,jepx-top8avg-kyushu,kyushu,10.3375,https://www.jepx.jp/_download.php?dir=spot_summary&file=spot_summary_2021.csv
2021-09-11,jepx-top8avg-kyushu,kyushu,10.213750000000001,https://www.jepx.jp/_download.php?dir=spot_summary&file=spot_summary_2021.csv
2021-09-12,jepx-top8avg-kyushu,kyushu,9.45125,https://www.jepx.jp/_download.php?dir=spot_summary&file=spot_summary_2021.csv
2021-09-13,jepx-top8avg-kyushu,kyushu,10.745000000000001,https://www.jepx.jp/_download.php?dir=spot_summary&file=spot_summary_2021.csv
2021-09-14,jepx-top8avg-kyushu,kyushu,13.313749999999999,https://www.jepx.jp/_download.php?dir=spot_summary&file=spot_summary_2021.csv
2021-09-15,jepx-top8avg-kyushu,kyushu,10.7875,https://www.jepx.jp/_download.php?dir=spot_summary&file=spot_summary_2021.csv
2021-09-16,jepx-top8avg-kyushu,kyushu,10.969999999999999,https://www.jepx.jp/_download.php?dir=spot_summary&file=spot_summary_2021.csv
2021-09-17,jepx-top8avg-kyushu,kyushu,11.30375,https://www.jepx.jp/_download.php?dir=spot_summary&file=spot_summary_2021.csv
2021-09-18,jepx-top8avg-kyushu,kyushu,10.432500000000001,https://www.jepx.jp/_download.php?dir=spot_summary&file=spot_summary_2021.csv
2021-09-19,jepx-top8avg-kyushu,kyushu,10.752500000000001,https://www.jepx.jp/_download.php?dir=spot_summary&file=spot_summary_2021.csv
2021-09-20,jepx-top8avg-kyushu,kyushu,11.1825,https://www.jepx.jp/_download.php?dir=spot_summary&file=spot_summary_2021.csv
2021-09-21,jepx-top8avg-kyushu,kyushu,13.7,https://www.jepx.jp/_download.php?dir=spot_summary&file=spot_summary_2021.csv
2021-09-22,jepx-top8avg-kyushu,kyushu,11.291250000000002,https://www.jepx.jp/_download.php?dir=spot_summary&file=spot_summary_2021.csv
2021-09-23,jepx-top8avg-kyushu,kyushu,10.256250000000001,https://www.jepx.jp/_download.php?dir=spot_summary&file=spot_summary_2021.csv
2021-09-24,jepx-top8avg-kyushu,kyushu,11.432500000000001,https://www.jepx.jp/_download.php?dir=spot_summary&file=spot_summary_2021.csv
2021-09-25,jepx-top8avg-kyushu,kyushu,9.6775,https://www.jepx.jp/_download.php?dir=spot_summary&file=spot_summary_2021.csv
2021-09-26,jepx-top8avg-kyushu,kyushu,8.22125,https://www.jepx.jp/_download.php?dir=spot_summary&file=spot_summary_2021.csv
2021-09-27,jepx-top8avg-kyushu,kyushu,12.89375,https://www.jepx.jp/_download.php?dir=spot_summary&file=spot_summary_2021.csv
2021-09-28,jepx-top8avg-kyushu,kyushu,11.631250000000001,https://www.jepx.jp/_download.php?dir=spot_summary&file=spot_summary_2021.csv
2021-09-29,jepx-top8avg-kyushu,kyushu,10.94,https://www.jepx.jp/_download.php?dir=spot_summary&file=spot_summary_2021.csv
2021-09-30,jepx-top8avg-kyushu,kyushu,12.013750000000002,https://www.jepx.jp/_download.php?dir=spot_summary&file=spot_summary_2021.csv
2021-10-01,jepx-top8avg-kyushu,kyushu,11.61,https://www.jepx.jp/_download.php?dir=spot_summary&file=spot_summary_2021.csv
2021-10-02,jepx-top8avg-kyushu,kyushu,10.447499999999998,https://www.jepx.jp/_download.php?dir=spot_summary&file=spot_summary_2021.csv
2021-10-03,jepx-top8avg-kyushu,kyushu,12.271249999999998,https://www.jepx.jp/_download.php?dir=spot_summary&file=spot_summary_2021.csv
2021-10-04,jepx-top8avg-kyushu,kyushu,16.17125,https://www.jepx.jp/_download.php?dir=spot_summary&file=spot_summary_2021.csv
2021-10-05,jepx-top8avg-kyushu,kyushu,14.627500000000001,https://www.jepx.jp/_download.php?dir=spot_summary&file=spot_summary_2021.csv
2021-10-06,jepx-top8avg-kyushu,kyushu,15.97375,https://www.jepx.jp/_download.php?dir=spot_summary&file=spot_summary_2021.csv
2021-10-07,jepx-top8avg-kyushu,kyushu,15.08625,https://www.jepx.jp/_download.php?dir=spot_summary&file=spot_summary_2021.csv
2021-10-08,jepx-top8avg-kyushu,kyushu,11.24625,https://www.jepx.jp/_download.php?dir=spot_summary&file=spot_summary_2021.csv
2021-10-09,jepx-top8avg-kyushu,kyushu,10.5,https://www.jepx.jp/_download.php?dir=spot_summary&file=spot_summary_2021.csv
2021-10-10,jepx-top8avg-kyushu,kyushu,10.5,https://www.jepx.jp/_download.php?dir=spot_summary&file=spot_summary_2021.csv
2021-10-11,jepx-top8avg-kyushu,kyushu,19.84375,https://www.jepx.jp/_download.php?dir=spot_summary&file=spot_summary_2021.csv
2021-10-12,jepx-top8avg-kyushu,kyushu,24.7725,https://www.jepx.jp/_download.php?dir=spot_summary&file=spot_summary_2021.csv
2021-10-13,jepx-top8avg-kyushu,kyushu,17.56375,https://www.jepx.jp/_download.php?dir=spot_summary&file=spot_summary_2021.csv
2021-10-14,jepx-top8avg-kyushu,kyushu,15.80625,https://www.jepx.jp/_download.php?dir=spot_summary&file=spot_summary_2021.csv
2021-10-15,jepx-top8avg-kyushu,kyushu,24.20625,https://www.jepx.jp/_download.php?dir=spot_summary&file=spot_summary_2021.csv
2021-10-16,jepx-top8avg-kyushu,kyushu,11.24625,https://www.jepx.jp/_download.php?dir=spot_summary&file=spot_summary_2021.csv
2021-10-17,jepx-top8avg-kyushu,kyushu,11.9925,https://www.jepx.jp/_download.php?dir=spot_summary&file=spot_summary_2021.csv
2021-10-18,jepx-top8avg-kyushu,kyushu,11.495000000000001,https://www.jepx.jp/_download.php?dir=spot_summary&file=spot_summary_2021.csv
2021-10-19,jepx-top8avg-kyushu,kyushu,11.495000000000001,https://www.jepx.jp/_download.php?dir=spot_summary&file=spot_summary_2021.csv
2021-10-20,jepx-top8avg-kyushu,kyushu,20.165,https://www.jepx.jp/_download.php?dir=spot_summary&file=spot_summary_2021.csv
2021-10-21,jepx-top8avg-kyushu,kyushu,22.591250000000002,https://www.jepx.jp/_download.php?dir=spot_summary&file=spot_summary_2021.csv
2021-10-22,jepx-top8avg-kyushu,kyushu,14.848749999999999,https://www.jepx.jp/_download.php?dir=spot_summary&file=spot_summary_2021.csv
2021-10-23,jepx-top8avg-kyushu,kyushu,10.5,https://www.jepx.jp/_download.php?dir=spot_summary&file=spot_summary_2021.csv
2021-10-24,jepx-top8avg-kyushu,kyushu,10.5,https://www.jepx.jp/_download.php?dir=spot_summary&file=spot_summary_2021.csv
2021-10-25,jepx-top8avg-kyushu,kyushu,21.349999999999998,https://www.jepx.jp/_download.php?dir=spot_summary&file=spot_summary_2021.csv
2021-10-26,jepx-top8avg-kyushu,kyushu,16.7875,https://www.jepx.jp/_download.php?dir=spot_summary&file=spot_summary_2021.csv
2021-10-27,jepx-top8avg-kyushu,kyushu,18.8575,https://www.jepx.jp/_download.php?dir=spot_summary&file=spot_summary_2021.csv
2021-10-28,jepx-top8avg-kyushu,kyushu,18.0475,https://www.jepx.jp/_download.php?dir=spot_summary&file=spot_summary_2021.csv
2021-10-29,jepx-top8avg-kyushu,kyushu,21.76375,https://www.jepx.jp/_download.php?dir=spot_summary&file=spot_summary_2021.csv
2021-10-30,jepx-top8avg-kyushu,kyushu,21.39375,https://www.jepx.jp/_download.php?dir=spot_summary&file=spot_summary_2021.csv
2021-10-31,jepx-top8avg-kyushu,kyushu,20.665000000000003,https://www.jepx.jp/_download.php?dir=spot_summary&file=spot_summary_2021.csv
2021-11-01,jepx-top8avg-kyushu,kyushu,21.6575,https://www.jepx.jp/_download.php?dir=spot_summary&file=spot_summary_2021.csv
2021-11-02,jepx-top8avg-kyushu,kyushu,30.640000000000004,https://www.jepx.jp/_download.php?dir=spot_summary&file=spot_summary_2021.csv
2021-11-03,jepx-top8avg-kyushu,kyushu,22.98875,https://www.jepx.jp/_download.php?dir=spot_summary&file=spot_summary_2021.csv
2021-11-04,jepx-top8avg-kyushu,kyushu,26.18875,https://www.jepx.jp/_download.php?dir=spot_summary&file=spot_summary_2021.csv
2021-11-05,jepx-top8avg-kyushu,kyushu,22.825000000000003,https://www.jepx.jp/_download.php?dir=spot_summary&file=spot_summary_2021.csv
2021-11-06,jepx-top8avg-kyushu,kyushu,15.09,https://www.jepx.jp/_download.php?dir=spot_summary&file=spot_summary_2021.csv
2021-11-07,jepx-top8avg-kyushu,kyushu,13.61,https://www.jepx.jp/_download.php?dir=spot_summary&file=spot_summary_2021.csv
2021-11-08,jepx-top8avg-kyushu,kyushu,23.59375,https://www.jepx.jp/_download.php?dir=spot_summary&file=spot_summary_2021.csv
2021-11-09,jepx-top8avg-kyushu,kyushu,23.552500000000002,https://www.jepx.jp/_download.php?dir=spot_summary&file=spot_summary_2021.csv
2021-11-10,jepx-top8avg-kyushu,kyushu,27.10875,https://www.jepx.jp/_download.php?dir=spot_summary&file=spot_summary_2021.csv
2021-11-11,jepx-top8avg-kyushu,kyushu,29.24875,https://www.jepx.jp/_download.php?dir=spot_summary&file=spot_summary_2021.csv
2021-11-12,jepx-top8avg-kyushu,kyushu,30.10375,https://www.jepx.jp/_download.php?dir=spot_summary&file=spot_summary_2021.csv
2021-11-13,jepx-top8avg-kyushu,kyushu,30.4,https://www.jepx.jp/_download.php?dir=spot_summary&file=spot_summary_2021.csv
2021-11-14,jepx-top8avg-kyushu,kyushu,27.2825,https://www.jepx.jp/_download.php?dir=spot_summary&file=spot_summary_2021.csv
2021-11-15,jepx-top8avg-kyushu,kyushu,30.27375,https://www.jepx.jp/_download.php?dir=spot_summary&file=spot_summary_2021.csv
2021-11-16,jepx-top8avg-kyushu,kyushu,29.8575,https://www.jepx.jp/_download.php?dir=spot_summary&file=spot_summary_2021.csv
2021-11-17,jepx-top8avg-kyushu,kyushu,37.1225,https://www.jepx.jp/_download.php?dir=spot_summary&file=spot_summary_2021.csv
2021-11-18,jepx-top8avg-kyushu,kyushu,34.13375,https://www.jepx.jp/_download.php?dir=spot_summary&file=spot_summary_2021.csv
2021-11-19,jepx-top8avg-kyushu,kyushu,27.935000000000002,https://www.jepx.jp/_download.php?dir=spot_summary&file=spot_summary_2021.csv
2021-11-20,jepx-top8avg-kyushu,kyushu,29.868750000000002,https://www.jepx.jp/_download.php?dir=spot_summary&file=spot_summary_2021.csv
2021-11-21,jepx-top8avg-kyushu,kyushu,27.04125,https://www.jepx.jp/_download.php?dir=spot_summary&file=spot_summary_2021.csv
2021-11-22,jepx-top8avg-kyushu,kyushu,67.72,https://www.jepx.jp/_download.php?dir=spot_summary&file=spot_summary_2021.csv
2021-11-23,jepx-top8avg-kyushu,kyushu,30.5875,https://www.jepx.jp/_download.php?dir=spot_summary&file=spot_summary_2021.csv
2021-11-24,jepx-top8avg-kyushu,kyushu,34.035000000000004,https://www.jepx.jp/_download.php?dir=spot_summary&file=spot_summary_2021.csv
2021-11-25,jepx-top8avg-kyushu,kyushu,29.810000000000002,https://www.jepx.jp/_download.php?dir=spot_summary&file=spot_summary_2021.csv
2021-11-26,jepx-top8avg-kyushu,kyushu,27.01875,https://www.jepx.jp/_download.php?dir=spot_summary&file=spot_summary_2021.csv
2021-11-27,jepx-top8avg-kyushu,kyushu,28.956249999999997,https://www.jepx.jp/_download.php?dir=spot_summary&file=spot_summary_2021.csv
2021-11-28,jepx-top8avg-kyushu,kyushu,26.20125,https://www.jepx.jp/_download.php?dir=spot_summary&file=spot_summary_2021.csv
2021-11-29,jepx-top8avg-kyushu,kyushu,41.905,https://www.jepx.jp/_download.php?dir=spot_summary&file=spot_summary_2021.csv
2021-11-30,jepx-top8avg-kyushu,kyushu,29.439999999999998,https://www.jepx.jp/_download.php?dir=spot_summary&file=spot_summary_2021.csv
2021-12-01,jepx-top8avg-kyushu,kyushu,31.596249999999998,https://www.jepx.jp/_download.php?dir=spot_summary&file=spot_summary_2021.csv
2021-12-02,jepx-top8avg-kyushu,kyushu,32.47,https://www.jepx.jp/_download.php?dir=spot_summary&file=spot_summary_2021.csv
2021-12-03,jepx-top8avg-kyushu,kyushu,34.13249999999999,https://www.jepx.jp/_download.php?dir=spot_summary&file=spot_summary_2021.csv
2021-12-04,jepx-top8avg-kyushu,kyushu,23.46375,https://www.jepx.jp/_download.php?dir=spot_summary&file=spot_summary_2021.csv
2021-12-05,jepx-top8avg-kyushu,kyushu,26.783749999999998,https://www.jepx.jp/_download.php?dir=spot_summary&file=spot_summary_2021.csv
2021-12-06,jepx-top8avg-kyushu,kyushu,26.58625,https://www.jepx.jp/_download.php?dir=spot_summary&file=spot_summary_2021.csv
2021-12-07,jepx-top8avg-kyushu,kyushu,24.283749999999998,https://www.jepx.jp/_download.php?dir=spot_summary&file=spot_summary_2021.csv
2021-12-08,jepx-top8avg-kyushu,kyushu,28.229999999999997,https://www.jepx.jp/_download.php?dir=spot_summary&file=spot_summary_2021.csv
2021-12-09,jepx-top8avg-kyushu,kyushu,24.42625,https://www.jepx.jp/_download.php?dir=spot_summary&file=spot_summary_2021.csv
2021-12-10,jepx-top8avg-kyushu,kyushu,25.8275,https://www.jepx.jp/_download.php?dir=spot_summary&file=spot_summary_2021.csv
2021-12-11,jepx-top8avg-kyushu,kyushu,19.45,https://www.jepx.jp/_download.php?dir=spot_summary&file=spot_summary_2021.csv
2021-12-12,jepx-top8avg-kyushu,kyushu,16.8675,https://www.jepx.jp/_download.php?dir=spot_summary&file=spot_summary_2021.csv
2021-12-13,jepx-top8avg-kyushu,kyushu,28.113750000000003,https://www.jepx.jp/_download.php?dir=spot_summary&file=spot_summary_2021.csv
2021-12-14,jepx-top8avg-kyushu,kyushu,33.7575,https://www.jepx.jp/_download.php?dir=spot_summary&file=spot_summary_2021.csv
2021-12-15,jepx-top8avg-kyushu,kyushu,25.22125,https://www.jepx.jp/_download.php?dir=spot_summary&file=spot_summary_2021.csv
2021-12-16,jepx-top8avg-kyushu,kyushu,23.161250000000003,https://www.jepx.jp/_download.php?dir=spot_summary&file=spot_summary_2021.csv
2021-12-17,jepx-top8avg-kyushu,kyushu,24.92875,https://www.jepx.jp/_download.php?dir=spot_summary&file=spot_summary_2021.csv
2021-12-18,jepx-top8avg-kyushu,kyushu,32.258750000000006,https://www.jepx.jp/_download.php?dir=spot_summary&file=spot_summary_2021.csv
2021-12-19,jepx-top8avg-kyushu,kyushu,17.42,https://www.jepx.jp/_download.php?dir=spot_summary&file=spot_summary_2021.csv
2021-12-20,jepx-top8avg-kyushu,kyushu,28.465,https://www.jepx.jp/_download.php?dir=spot_summary&file=spot_summary_2021.csv
2021-12-21,jepx-top8avg-kyushu,kyushu,24.759999999999998,https://www.jepx.jp/_download.php?dir=spot_summary&file=spot_summary_2021.csv
2021-12-22,jepx-top8avg-kyushu,kyushu,22.932499999999997,https://www.jepx.jp/_download.php?dir=spot_summary&file=spot_summary_2021.csv
2021-12-23,jepx-top8avg-kyushu,kyushu,26.97125,https://www.jepx.jp/_download.php?dir=spot_summary&file=spot_summary_2021.csv
2021-12-24,jepx-top8avg-kyushu,kyushu,19.2625,https://www.jepx.jp/_download.php?dir=spot_summary&file=spot_summary_2021.csv
2021-12-25,jepx-top8avg-kyushu,kyushu,19.097499999999997,https://www.jepx.jp/_download.php?dir=spot_summary&file=spot_summary_2021.csv
2021-12-26,jepx-top8avg-kyushu,kyushu,30.28125,https://www.jepx.jp/_download.php?dir=spot_summary&file=spot_summary_2021.csv
2021-12-27,jepx-top8avg-kyushu,kyushu,41.166250000000005,https://www.jepx.jp/_download.php?dir=spot_summary&file=spot_summary_2021.csv
2021-12-28,jepx-top8avg-kyushu,kyushu,23.956249999999997,https://www.jepx.jp/_download.php?dir=spot_summary&file=spot_summary_2021.csv
2021-12-29,jepx-top8avg-kyushu,kyushu,18.53125,https://www.jepx.jp/_download.php?dir=spot_summary&file=spot_summary_2021.csv
2021-12-30,jepx-top8avg-kyushu,kyushu,17.404999999999998,https://www.jepx.jp/_download.php?dir=spot_summary&file=spot_summary_2021.csv
2021-12-31,jepx-top8avg-kyushu,kyushu,19.45,https://www.jepx.jp/_download.php?dir=spot_summary&file=spot_summary_2021.csv
2022-01-01,jepx-top8avg-kyushu,kyushu,15.46,https://www.jepx.jp/_download.php?dir=spot_summary&file=spot_summary_2021.csv
2022-01-02,jepx-top8avg-kyushu,kyushu,15.18375,https://www.jepx.jp/_download.php?dir=spot_summary&file=spot_summary_2021.csv
2022-01-03,jepx-top8avg-kyushu,kyushu,15.18375,https://www.jepx.jp/_download.php?dir=spot_summary&file=spot_summary_2021.csv
2022-01-04,jepx-top8avg-kyushu,kyushu,15.46,https://www.jepx.jp/_download.php?dir=spot_summary&file=spot_summary_2021.csv
2022-01-05,jepx-top8avg-kyushu,kyushu,41.21375,https://www.jepx.jp/_download.php?dir=spot_summary&file=spot_summary_2021.csv
2022-01-06,jepx-top8avg-kyushu,kyushu,49.66875,https://www.jepx.jp/_download.php?dir=spot_summary&file=spot_summary_2021.csv
2022-01-07,jepx-top8avg-kyushu,kyushu,41.38625,https://www.jepx.jp/_download.php?dir=spot_summary&file=spot_summary_2021.csv
2022-01-08,jepx-top8avg-kyushu,kyushu,15.46,https://www.jepx.jp/_download.php?dir=spot_summary&file=spot_summary_2021.csv
2022-01-09,jepx-top8avg-kyushu,kyushu,15.46,https://www.jepx.jp/_download.php?dir=spot_summary&file=spot_summary_2021.csv
2022-01-10,jepx-top8avg-kyushu,kyushu,15.46,https://www.jepx.jp/_download.php?dir=spot_summary&file=spot_summary_2021.csv
2022-01-11,jepx-top8avg-kyushu,kyushu,50.213750000000005,https://www.jepx.jp/_download.php?dir=spot_summary&file=spot_summary_2021.csv
2022-01-12,jepx-top8avg-kyushu,kyushu,30.41,https://www.jepx.jp/_download.php?dir=spot_summary&file=spot_summary_2021.csv
2022-01-13,jepx-top8avg-kyushu,kyushu,47.84875,https://www.jepx.jp/_download.php?dir=spot_summary&file=spot_summary_2021.csv
2022-01-14,jepx-top8avg-kyushu,kyushu,49.6275,https://www.jepx.jp/_download.php?dir=spot_summary&file=spot_summary_2021.csv
2022-01-15,jepx-top8avg-kyushu,kyushu,26.907500000000002,https://www.jepx.jp/_download.php?dir=spot_summary&file=spot_summary_2021.csv
2022-01-16,jepx-top8avg-kyushu,kyushu,15.46,https://www.jepx.jp/_download.php?dir=spot_summary&file=spot_summary_2021.csv
2022-01-17,jepx-top8avg-kyushu,kyushu,46.16125,https://www.jepx.jp/_download.php?dir=spot_summary&file=spot_summary_2021.csv
2022-01-18,jepx-top8avg-kyushu,kyushu,67.37875,https://www.jepx.jp/_download.php?dir=spot_summary&file=spot_summary_2021.csv
2022-01-19,jepx-top8avg-kyushu,kyushu,61.92,https://www.jepx.jp/_download.php?dir=spot_summary&file=spot_summary_2021.csv
2022-01-20,jepx-top8avg-kyushu,kyushu,71.03625,https://www.jepx.jp/_download.php?dir=spot_summary&file=spot_summary_2021.csv
2022-01-21,jepx-top8avg-kyushu,kyushu,77.24875,https://www.jepx.jp/_download.php?dir=spot_summary&file=spot_summary_2021.csv
2022-01-22,jepx-top8avg-kyushu,kyushu,29.2025,https://www.jepx.jp/_download.php?dir=spot_summary&file=spot_summary_2021.csv
2022-01-23,jepx-top8avg-kyushu,kyushu,26.356250000000003,https://www.jepx.jp/_download.php?dir=spot_summary&file=spot_summary_2021.csv
2022-01-24,jepx-top8avg-kyushu,kyushu,43.78875,https://www.jepx.jp/_download.php?dir=spot_summary&file=spot_summary_2021.csv
2022-01-25,jepx-top8avg-kyushu,kyushu,58.33,https://www.jepx.jp/_download.php?dir=spot_summary&file=spot_summary_2021.csv
2022-01-26,jepx-top8avg-kyushu,kyushu,30.791249999999998,https://www.jepx.jp/_download.php?dir=spot_summary&file=spot_summary_2021.csv
2022-01-27,jepx-top8avg-kyushu,kyushu,30.1875,https://www.jepx.jp/_download.php?dir=spot_summary&file=spot_summary_2021.csv
2022-01-28,jepx-top8avg-kyushu,kyushu,29.235,https://www.jepx.jp/_download.php?dir=spot_summary&file=spot_summary_2021.csv
2022-01-29,jepx-top8avg-kyushu,kyushu,22.658749999999998,https://www.jepx.jp/_download.php?dir=spot_summary&file=spot_summary_2021.csv
2022-01-30,jepx-top8avg-kyushu,kyushu,22.2025,https://www.jepx.jp/_download.php?dir=spot_summary&file=spot_summary_2021.csv
2022-01-31,jepx-top8avg-kyushu,kyushu,26.568749999999998,https://www.jepx.jp/_download.php?dir=spot_summary&file=spot_summary_2021.csv
2022-02-01,jepx-top8avg-kyushu,kyushu,29.4125,https://www.jepx.jp/_download.php?dir=spot_summary&file=spot_summary_2021.csv
2022-02-02,jepx-top8avg-kyushu,kyushu,29.25875,https://www.jepx.jp/_download.php?dir=spot_summary&file=spot_summary_2021.csv
2022-02-03,jepx-top8avg-kyushu,kyushu,29.5325,https://www.jepx.jp/_download.php?dir=spot_summary&file=spot_summary_2021.csv
2022-02-04,jepx-top8avg-kyushu,kyushu,25.85125,https://www.jepx.jp/_download.php?dir=spot_summary&file=spot_summary_2021.csv
2022-02-05,jepx-top8avg-kyushu,kyushu,24.7175,https://www.jepx.jp/_download.php?dir=spot_summary&file=spot_summary_2021.csv
2022-02-06,jepx-top8avg-kyushu,kyushu,23.529999999999998,https://www.jepx.jp/_download.php?dir=spot_summary&file=spot_summary_2021.csv
2022-02-07,jepx-top8avg-kyushu,kyushu,28.435,https://www.jepx.jp/_download.php?dir=spot_summary&file=spot_summary_2021.csv
2022-02-08,jepx-top8avg-kyushu,kyushu,28.4225,https://www.jepx.jp/_download.php?dir=spot_summary&file=spot_summary_2021.csv
2022-02-09,jepx-top8avg-kyushu,kyushu,28.958750000000002,https://www.jepx.jp/_download.php?dir=spot_summary&file=spot_summary_2021.csv
2022-02-10,jepx-top8avg-kyushu,kyushu,38.42375,https://www.jepx.jp/_download.php?dir=spot_summary&file=spot_summary_2021.csv
2022-02-11,jepx-top8avg-kyushu,kyushu,27.03125,https://www.jepx.jp/_download.php?dir=spot_summary&file=spot_summary_2021.csv
2022-02-12,jepx-top8avg-kyushu,kyushu,14.8,https://www.jepx.jp/_download.php?dir=spot_summary&file=spot_summary_2021.csv
2022-02-13,jepx-top8avg-kyushu,kyushu,18.105,https://www.jepx.jp/_download.php?dir=spot_summary&file=spot_summary_2021.csv
2022-02-14,jepx-top8avg-kyushu,kyushu,28.79,https://www.jepx.jp/_download.php?dir=spot_summary&file=spot_summary_2021.csv
2022-02-15,jepx-top8avg-kyushu,kyushu,29.863749999999996,https://www.jepx.jp/_download.php?dir=spot_summary&file=spot_summary_2021.csv
2022-02-16,jepx-top8avg-kyushu,kyushu,38.303749999999994,https://www.jepx.jp/_download.php?dir=spot_summary&file=spot_summary_2021.csv
2022-02-17,jepx-top8avg-kyushu,kyushu,56.478750000000005,https://www.jepx.jp/_download.php?dir=spot_summary&file=spot_summary_2021.csv
2022-02-18,jepx-top8avg-kyushu,kyushu,26.26375,https://www.jepx.jp/_download.php?dir=spot_summary&file=spot_summary_2021.csv
2022-02-19,jepx-top8avg-kyushu,kyushu,25.23375,https://www.jepx.jp/_download.php?dir=spot_summary&file=spot_summary_2021.csv
2022-02-20,jepx-top8avg-kyushu,kyushu,23.216250000000002,https://www.jepx.jp/_download.php?dir=spot_summary&file=spot_summary_2021.csv
2022-02-21,jepx-top8avg-kyushu,kyushu,36.94625,https://www.jepx.jp/_download.php?dir=spot_summary&file=spot_summary_2021.csv
2022-02-22,jepx-top8avg-kyushu,kyushu,37.14875,https://www.jepx.jp/_download.php?dir=spot_summary&file=spot_summary_2021.csv
2022-02-23,jepx-top8avg-kyushu,kyushu,34.84875,https://www.jepx.jp/_download.php?dir=spot_summary&file=spot_summary_2021.csv
2022-02-24,jepx-top8avg-kyushu,kyushu,35.28375,https://www.jepx.jp/_download.php?dir=spot_summary&file=spot_summary_2021.csv
2022-02-25,jepx-top8avg-kyushu,kyushu,24.51125,https://www.jepx.jp/_download.php?dir=spot_summary&file=spot_summary_2021.csv
2022-02-26,jepx-top8avg-kyushu,kyushu,23.275,https://www.jepx.jp/_download.php?dir=spot_summary&file=spot_summary_2021.csv
2022-02-27,jepx-top8avg-kyushu,kyushu,22.31625,https://www.jepx.jp/_download.php?dir=spot_summary&file=spot_summary_2021.csv
2022-02-28,jepx-top8avg-kyushu,kyushu,24.56875,https://www.jepx.jp/_download.php?dir=spot_summary&file=spot_summary_2021.csv
2022-03-01,jepx-top8avg-kyushu,kyushu,30.288749999999997,https://www.jepx.jp/_download.php?dir=spot_summary&file=spot_summary_2021.csv
2022-03-02,jepx-top8avg-kyushu,kyushu,30.121250000000003,https://www.jepx.jp/_download.php?dir=spot_summary&file=spot_summary_2021.csv
2022-03-03,jepx-top8avg-kyushu,kyushu,29.18625,https://www.jepx.jp/_download.php?dir=spot_summary&file=spot_summary_2021.csv
2022-03-04,jepx-top8avg-kyushu,kyushu,30.759999999999998,https://www.jepx.jp/_download.php?dir=spot_summary&file=spot_summary_2021.csv
2022-03-05,jepx-top8avg-kyushu,kyushu,32.6625,https://www.jepx.jp/_download.php?dir=spot_summary&file=spot_summary_2021.csv
2022-03-06,jepx-top8avg-kyushu,kyushu,44.5775,https://www.jepx.jp/_download.php?dir=spot_summary&file=spot_summary_2021.csv
2022-03-07,jepx-top8avg-kyushu,kyushu,54.901250000000005,https://www.jepx.jp/_download.php?dir=spot_summary&file=spot_summary_2021.csv
2022-03-08,jepx-top8avg-kyushu,kyushu,65.77625,https://www.jepx.jp/_download.php?dir=spot_summary&file=spot_summary_2021.csv
2022-03-09,jepx-top8avg-kyushu,kyushu,43.2675,https://www.jepx.jp/_download.php?dir=spot_summary&file=spot_summary_2021.csv
2022-03-10,jepx-top8avg-kyushu,kyushu,44.301249999999996,https://www.jepx.jp/_download.php?dir=spot_summary&file=spot_summary_2021.csv
2022-03-11,jepx-top8avg-kyushu,kyushu,40.93625,https://www.jepx.jp/_download.php?dir=spot_summary&file=spot_summary_2021.csv
2022-03-12,jepx-top8avg-kyushu,kyushu,27.483749999999997,https://www.jepx.jp/_download.php?dir=spot_summary&file=spot_summary_2021.csv
2022-03-13,jepx-top8avg-kyushu,kyushu,20.9,https://www.jepx.jp/_download.php?dir=spot_summary&file=spot_summary_2021.csv
2022-03-14,jepx-top8avg-kyushu,kyushu,24.4,https://www.jepx.jp/_download.php?dir=spot_summary&file=spot_summary_2021.csv
2022-03-15,jepx-top8avg-kyushu,kyushu,27.424999999999997,https://www.jepx.jp/_download.php?dir=spot_summary&file=spot_summary_2021.csv
2022-03-16,jepx-top8avg-kyushu,kyushu,16.1175,https://www.jepx.jp/_download.php?dir=spot_summary&file=spot_summary_2021.csv
2022-03-17,jepx-top8avg-kyushu,kyushu,15.186249999999998,https://www.jepx.jp/_download.php?dir=spot_summary&file=spot_summary_2021.csv
2022-03-18,jepx-top8avg-kyushu,kyushu,51.675,https://www.jepx.jp/_download.php?dir=spot_summary&file=spot_summary_2021.csv
2022-03-19,jepx-top8avg-kyushu,kyushu,28.42375,https://www.jepx.jp/_download.php?dir=spot_summary&file=spot_summary_2021.csv
2022-03-20,jepx-top8avg-kyushu,kyushu,33.3425,https://www.jepx.jp/_download.php?dir=spot_summary&file=spot_summary_2021.csv
2022-03-21,jepx-top8avg-kyushu,kyushu,41.0125,https://www.jepx.jp/_download.php?dir=spot_summary&file=spot_summary_2021.csv
2022-03-22,jepx-top8avg-kyushu,kyushu,71.9525,https://www.jepx.jp/_download.php?dir=spot_summary&file=spot_summary_2021.csv
2022-03-23,jepx-top8avg-kyushu,kyushu,61.4125,https://www.jepx.jp/_download.php?dir=spot_summary&file=spot_summary_2021.csv
2022-03-24,jepx-top8avg-kyushu,kyushu,39.84875,https://www.jepx.jp/_download.php?dir=spot_summary&file=spot_summary_2021.csv
2022-03-25,jepx-top8avg-kyushu,kyushu,36.2525,https://www.jepx.jp/_download.php?dir=spot_summary&file=spot_summary_2021.csv
2022-03-26,jepx-top8avg-kyushu,kyushu,29.165,https://www.jepx.jp/_download.php?dir=spot_summary&file=spot_summary_2021.csv
2022-03-27,jepx-top8avg-kyushu,kyushu,20.660000000000004,https://www.jepx.jp/_download.php?dir=spot_summary&file=spot_summary_2021.csv
2022-03-28,jepx-top8avg-kyushu,kyushu,32.13375,https://www.jepx.jp/_download.php?dir=spot_summary&file=spot_summary_2021.csv
2022-03-29,jepx-top8avg-kyushu,kyushu,26.681250000000002,https://www.jepx.jp/_download.php?dir=spot_summary&file=spot_summary_2021.csv
2022-03-30,jepx-top8avg-kyushu,kyushu,25.134999999999998,https://www.jepx.jp/_download.php?dir=spot_summary&file=spot_summary_2021.csv
2022-03-31,jepx-top8avg-kyushu,kyushu,29.845,https://www.jepx.jp/_download.php?dir=spot_summary&file=spot_summary_2021.csv
2022-04-01,jepx-top8avg-kyushu,kyushu,27.3825,https://www.jepx.jp/_download.php?dir=spot_summary&file=spot_summary_2022.csv
2022-04-02,jepx-top8avg-kyushu,kyushu,26.0625,https://www.jepx.jp/_download.php?dir=spot_summary&file=spot_summary_2022.csv
2022-04-03,jepx-top8avg-kyushu,kyushu,22.655,https://www.jepx.jp/_download.php?dir=spot_summary&file=spot_summary_2022.csv
2022-04-04,jepx-top8avg-kyushu,kyushu,38.2575,https://www.jepx.jp/_download.php?dir=spot_summary&file=spot_summary_2022.csv
2022-04-05,jepx-top8avg-kyushu,kyushu,29.105,https://www.jepx.jp/_download.php?dir=spot_summary&file=spot_summary_2022.csv
2022-04-06,jepx-top8avg-kyushu,kyushu,24.59375,https://www.jepx.jp/_download.php?dir=spot_summary&file=spot_summary_2022.csv
2022-04-07,jepx-top8avg-kyushu,kyushu,27.9925,https://www.jepx.jp/_download.php?dir=spot_summary&file=spot_summary_2022.csv
2022-04-08,jepx-top8avg-kyushu,kyushu,28.95125,https://www.jepx.jp/_download.php?dir=spot_summary&file=spot_summary_2022.csv
2022-04-09,jepx-top8avg-kyushu,kyushu,23.055,https://www.jepx.jp/_download.php?dir=spot_summary&file=spot_summary_2022.csv
2022-04-10,jepx-top8avg-kyushu,kyushu,20.5325,https://www.jepx.jp/_download.php?dir=spot_summary&file=spot_summary_2022.csv
2022-04-11,jepx-top8avg-kyushu,kyushu,25.79,https://www.jepx.jp/_download.php?dir=spot_summary&file=spot_summary_2022.csv
2022-04-12,jepx-top8avg-kyushu,kyushu,22.705,https://www.jepx.jp/_download.php?dir=spot_summary&file=spot_summary_2022.csv
2022-04-13,jepx-top8avg-kyushu,kyushu,25.64875,https://www.jepx.jp/_download.php?dir=spot_summary&file=spot_summary_2022.csv
2022-04-14,jepx-top8avg-kyushu,kyushu,33.80375,https://www.jepx.jp/_download.php?dir=spot_summary&file=spot_summary_2022.csv
2022-04-15,jepx-top8avg-kyushu,kyushu,36.883750000000006,https://www.jepx.jp/_download.php?dir=spot_summary&file=spot_summary_2022.csv
2022-04-16,jepx-top8avg-kyushu,kyushu,23.79,https://www.jepx.jp/_download.php?dir=spot_summary&file=spot_summary_2022.csv
2022-04-17,jepx-top8avg-kyushu,kyushu,22.39125,https://www.jepx.jp/_download.php?dir=spot_summary&file=spot_summary_2022.csv
2022-04-18,jepx-top8avg-kyushu,kyushu,24.82875,https://www.jepx.jp/_download.php?dir=spot_summary&file=spot_summary_2022.csv
2022-04-19,jepx-top8avg-kyushu,kyushu,22.65125,https://www.jepx.jp/_download.php?dir=spot_summary&file=spot_summary_2022.csv
2022-04-20,jepx-top8avg-kyushu,kyushu,24.552500000000002,https://www.jepx.jp/_download.php?dir=spot_summary&file=spot_summary_2022.csv
2022-04-21,jepx-top8avg-kyushu,kyushu,30.61875,https://www.jepx.jp/_download.php?dir=spot_summary&file=spot_summary_2022.csv
2022-04-22,jepx-top8avg-kyushu,kyushu,25.2625,https://www.jepx.jp/_download.php?dir=spot_summary&file=spot_summary_2022.csv
2022-04-23,jepx-top8avg-kyushu,kyushu,23.2125,https://www.jepx.jp/_download.php?dir=spot_summary&file=spot_summary_2022.csv
2022-04-24,jepx-top8avg-kyushu,kyushu,22.261249999999997,https://www.jepx.jp/_download.php?dir=spot_summary&file=spot_summary_2022.csv
2022-04-25,jepx-top8avg-kyushu,kyushu,28.29875,https://www.jepx.jp/_download.php?dir=spot_summary&file=spot_summary_2022.csv
2022-04-26,jepx-top8avg-kyushu,kyushu,31.20625,https://www.jepx.jp/_download.php?dir=spot_summary&file=spot_summary_2022.csv
2022-04-27,jepx-top8avg-kyushu,kyushu,27.8425,https://www.jepx.jp/_download.php?dir=spot_summary&file=spot_summary_2022.csv
2022-04-28,jepx-top8avg-kyushu,kyushu,26.735,https://www.jepx.jp/_download.php?dir=spot_summary&file=spot_summary_2022.csv
2022-04-29,jepx-top8avg-kyushu,kyushu,24.4625,https://www.jepx.jp/_download.php?dir=spot_summary&file=spot_summary_2022.csv
2022-04-30,jepx-top8avg-kyushu,kyushu,25.6775,https://www.jepx.jp/_download.php?dir=spot_summary&file=spot_summary_2022.csv
2022-05-01,jepx-top8avg-kyushu,kyushu,21.82,https://www.jepx.jp/_download.php?dir=spot_summary&file=spot_summary_2022.csv
2022-05-02,jepx-top8avg-kyushu,kyushu,26.25,https://www.jepx.jp/_download.php?dir=spot_summary&file=spot_summary_2022.csv
2022-05-03,jepx-top8avg-kyushu,kyushu,22.3625,https://www.jepx.jp/_download.php?dir=spot_summary&file=spot_summary_2022.csv
2022-05-04,jepx-top8avg-kyushu,kyushu,19.44625,https://www.jepx.jp/_download.php?dir=spot_summary&file=spot_summary_2022.csv
2022-05-05,jepx-top8avg-kyushu,kyushu,20.735,https://www.jepx.jp/_download.php?dir=spot_summary&file=spot_summary_2022.csv
2022-05-06,jepx-top8avg-kyushu,kyushu,20.706249999999997,https://www.jepx.jp/_download.php?dir=spot_summary&file=spot_summary_2022.csv
2022-05-07,jepx-top8avg-kyushu,kyushu,19.4925,https://www.jepx.jp/_download.php?dir=spot_summary&file=spot_summary_2022.csv
2022-05-08,jepx-top8avg-kyushu,kyushu,18.907500000000002,https://www.jepx.jp/_download.php?dir=spot_summary&file=spot_summary_2022.csv
2022-05-09,jepx-top8avg-kyushu,kyushu,21.335,https://www.jepx.jp/_download.php?dir=spot_summary&file=spot_summary_2022.csv
2022-05-10,jepx-top8avg-kyushu,kyushu,33.2025,https://www.jepx.jp/_download.php?dir=spot_summary&file=spot_summary_2022.csv
2022-05-11,jepx-top8avg-kyushu,kyushu,21.877499999999998,https://www.jepx.jp/_download.php?dir=spot_summary&file=spot_summary_2022.csv
2022-05-12,jepx-top8avg-kyushu,kyushu,30.746249999999996,https://www.jepx.jp/_download.php?dir=spot_summary&file=spot_summary_2022.csv
2022-05-13,jepx-top8avg-kyushu,kyushu,25.802500000000002,https://www.jepx.jp/_download.php?dir=spot_summary&file=spot_summary_2022.csv
2022-05-14,jepx-top8avg-kyushu,kyushu,22.26,https://www.jepx.jp/_download.php?dir=spot_summary&file=spot_summary_2022.csv
2022-05-15,jepx-top8avg-kyushu,kyushu,20.48625,https://www.jepx.jp/_download.php?dir=spot_summary&file=spot_summary_2022.csv
2022-05-16,jepx-top8avg-kyushu,kyushu,24.591250000000002,https://www.jepx.jp/_download.php?dir=spot_summary&file=spot_summary_2022.csv
2022-05-17,jepx-top8avg-kyushu,kyushu,23.52,https://www.jepx.jp/_download.php?dir=spot_summary&file=spot_summary_2022.csv
2022-05-18,jepx-top8avg-kyushu,kyushu,24.915,https://www.jepx.jp/_download.php?dir=spot_summary&file=spot_summary_2022.csv
2022-05-19,jepx-top8avg-kyushu,kyushu,23.71,https://www.jepx.jp/_download.php?dir=spot_summary&file=spot_summary_2022.csv
2022-05-20,jepx-top8avg-kyushu,kyushu,22.39875,https://www.jepx.jp/_download.php?dir=spot_summary&file=spot_summary_2022.csv
2022-05-21,jepx-top8avg-kyushu,kyushu,20.8425,https://www.jepx.jp/_download.php?dir=spot_summary&file=spot_summary_2022.csv
2022-05-22,jepx-top8avg-kyushu,kyushu,18.66375,https://www.jepx.jp/_download.php?dir=spot_summary&file=spot_summary_2022.csv
2022-05-23,jepx-top8avg-kyushu,kyushu,23.638749999999998,https://www.jepx.jp/_download.php?dir=spot_summary&file=spot_summary_2022.csv
2022-05-24,jepx-top8avg-kyushu,kyushu,22.612499999999997,https://www.jepx.jp/_download.php?dir=spot_summary&file=spot_summary_2022.csv
2022-05-25,jepx-top8avg-kyushu,kyushu,23.46875,https://www.jepx.jp/_download.php?dir=spot_summary&file=spot_summary_2022.csv
2022-05-26,jepx-top8avg-kyushu,kyushu,26.3575,https://www.jepx.jp/_download.php?dir=spot_summary&file=spot_summary_2022.csv
2022-05-27,jepx-top8avg-kyushu,kyushu,24.75125,https://www.jepx.jp/_download.php?dir=spot_summary&file=spot_summary_2022.csv
2022-05-28,jepx-top8avg-kyushu,kyushu,18.771250000000002,https://www.jepx.jp/_download.php?dir=spot_summary&file=spot_summary_2022.csv
2022-05-29,jepx-top8avg-kyushu,kyushu,17.42,https://www.jepx.jp/_download.php?dir=spot_summary&file=spot_summary_2022.csv
2022-05-30,jepx-top8avg-kyushu,kyushu,22.99125,https://www.jepx.jp/_download.php?dir=spot_summary&file=spot_summary_2022.csv
2022-05-31,jepx-top8avg-kyushu,kyushu,25.151249999999997,https://www.jepx.jp/_download.php?dir=spot_summary&file=spot_summary_2022.csv
2022-06-01,jepx-top8avg-kyushu,kyushu,25.240000000000002,https://www.jepx.jp/_download.php?dir=spot_summary&file=spot_summary_2022.csv
2022-06-02,jepx-top8avg-kyushu,kyushu,21.72625,https://www.jepx.jp/_download.php?dir=spot_summary&file=spot_summary_2022.csv
2022-06-03,jepx-top8avg-kyushu,kyushu,20.66375,https://www.jepx.jp/_download.php?dir=spot_summary&file=spot_summary_2022.csv
2022-06-04,jepx-top8avg-kyushu,kyushu,20.651249999999997,https://www.jepx.jp/_download.php?dir=spot_summary&file=spot_summary_2022.csv
2022-06-05,jepx-top8avg-kyushu,kyushu,18.0125,https://www.jepx.jp/_download.php?dir=spot_summary&file=spot_summary_2022.csv
2022-06-06,jepx-top8avg-kyushu,kyushu,18.29625,https://www.jepx.jp/_download.php?dir=spot_summary&file=spot_summary_2022.csv
2022-06-07,jepx-top8avg-kyushu,kyushu,20.138749999999998,https://www.jepx.jp/_download.php?dir=spot_summary&file=spot_summary_2022.csv
2022-06-08,jepx-top8avg-kyushu,kyushu,20.6825,https://www.jepx.jp/_download.php?dir=spot_summary&file=spot_summary_2022.csv
2022-06-09,jepx-top8avg-kyushu,kyushu,20.822499999999998,https://www.jepx.jp/_download.php?dir=spot_summary&file=spot_summary_2022.csv
2022-06-10,jepx-top8avg-kyushu,kyushu,25.3175,https://www.jepx.jp/_download.php?dir=spot_summary&file=spot_summary_2022.csv
2022-06-11,jepx-top8avg-kyushu,kyushu,17.91,https://www.jepx.jp/_download.php?dir=spot_summary&file=spot_summary_2022.csv
2022-06-12,jepx-top8avg-kyushu,kyushu,18.475,https://www.jepx.jp/_download.php?dir=spot_summary&file=spot_summary_2022.csv
2022-06-13,jepx-top8avg-kyushu,kyushu,25.5075,https://www.jepx.jp/_download.php?dir=spot_summary&file=spot_summary_2022.csv
2022-06-14,jepx-top8avg-kyushu,kyushu,24.939999999999998,https://www.jepx.jp/_download.php?dir=spot_summary&file=spot_summary_2022.csv
2022-06-15,jepx-top8avg-kyushu,kyushu,19.93625,https://www.jepx.jp/_download.php?dir=spot_summary&file=spot_summary_2022.csv
2022-06-16,jepx-top8avg-kyushu,kyushu,23.13625,https://www.jepx.jp/_download.php?dir=spot_summary&file=spot_summary_2022.csv
2022-06-17,jepx-top8avg-kyushu,kyushu,21.32375,https://www.jepx.jp/_download.php?dir=spot_summary&file=spot_summary_2022.csv
2022-06-18,jepx-top8avg-kyushu,kyushu,21.286250000000003,https://www.jepx.jp/_download.php?dir=spot_summary&file=spot_summary_2022.csv
2022-06-19,jepx-top8avg-kyushu,kyushu,17.50625,https://www.jepx.jp/_download.php?dir=spot_summary&file=spot_summary_2022.csv
2022-06-20,jepx-top8avg-kyushu,kyushu,26.2625,https://www.jepx.jp/_download.php?dir=spot_summary&file=spot_summary_2022.csv
2022-06-21,jepx-top8avg-kyushu,kyushu,27.14875,https://www.jepx.jp/_download.php?dir=spot_summary&file=spot_summary_2022.csv
2022-06-22,jepx-top8avg-kyushu,kyushu,28.97625,https://www.jepx.jp/_download.php?dir=spot_summary&file=spot_summary_2022.csv
2022-06-23,jepx-top8avg-kyushu,kyushu,27.103749999999998,https://www.jepx.jp/_download.php?dir=spot_summary&file=spot_summary_2022.csv
2022-06-24,jepx-top8avg-kyushu,kyushu,34.04625,https://www.jepx.jp/_download.php?dir=spot_summary&file=spot_summary_2022.csv
2022-06-25,jepx-top8avg-kyushu,kyushu,33.555,https://www.jepx.jp/_download.php?dir=spot_summary&file=spot_summary_2022.csv
2022-06-26,jepx-top8avg-kyushu,kyushu,20.447499999999998,https://www.jepx.jp/_download.php?dir=spot_summary&file=spot_summary_2022.csv
2022-06-27,jepx-top8avg-kyushu,kyushu,51.25125,https://www.jepx.jp/_download.php?dir=spot_summary&file=spot_summary_2022.csv
2022-06-28,jepx-top8avg-kyushu,kyushu,50.67,https://www.jepx.jp/_download.php?dir=spot_summary&file=spot_summary_2022.csv
2022-06-29,jepx-top8avg-kyushu,kyushu,78.255,https://www.jepx.jp/_download.php?dir=spot_summary&file=spot_summary_2022.csv
2022-06-30,jepx-top8avg-kyushu,kyushu,73.8775,https://www.jepx.jp/_download.php?dir=spot_summary&file=spot_summary_2022.csv
2022-07-01,jepx-top8avg-kyushu,kyushu,47.8375,https://www.jepx.jp/_download.php?dir=spot_summary&file=spot_summary_2022.csv
2022-07-02,jepx-top8avg-kyushu,kyushu,30.314999999999998,https://www.jepx.jp/_download.php?dir=spot_summary&file=spot_summary_2022.csv
2022-07-03,jepx-top8avg-kyushu,kyushu,19.545,https://www.jepx.jp/_download.php?dir=spot_summary&file=spot_summary_2022.csv
2022-07-04,jepx-top8avg-kyushu,kyushu,45.84,https://www.jepx.jp/_download.php?dir=spot_summary&file=spot_summary_2022.csv
2022-07-05,jepx-top8avg-kyushu,kyushu,45.11,https://www.jepx.jp/_download.php?dir=spot_summary&file=spot_summary_2022.csv
2022-07-06,jepx-top8avg-kyushu,kyushu,38.99625,https://www.jepx.jp/_download.php?dir=spot_summary&file=spot_summary_2022.csv
2022-07-07,jepx-top8avg-kyushu,kyushu,42.345,https://www.jepx.jp/_download.php?dir=spot_summary&file=spot_summary_2022.csv
2022-07-08,jepx-top8avg-kyushu,kyushu,32.49,https://www.jepx.jp/_download.php?dir=spot_summary&file=spot_summary_2022.csv
2022-07-09,jepx-top8avg-kyushu,kyushu,26.95375,https://www.jepx.jp/_download.php?dir=spot_summary&file=spot_summary_2022.csv
2022-07-10,jepx-top8avg-kyushu,kyushu,19.48,https://www.jepx.jp/_download.php?dir=spot_summary&file=spot_summary_2022.csv
2022-07-11,jepx-top8avg-kyushu,kyushu,35.166250000000005,https://www.jepx.jp/_download.php?dir=spot_summary&file=spot_summary_2022.csv
2022-07-12,jepx-top8avg-kyushu,kyushu,41.055,https://www.jepx.jp/_download.php?dir=spot_summary&file=spot_summary_2022.csv
2022-07-13,jepx-top8avg-kyushu,kyushu,36.4225,https://www.jepx.jp/_download.php?dir=spot_summary&file=spot_summary_2022.csv
2022-07-14,jepx-top8avg-kyushu,kyushu,29.747500000000002,https://www.jepx.jp/_download.php?dir=spot_summary&file=spot_summary_2022.csv
2022-07-15,jepx-top8avg-kyushu,kyushu,37.81,https://www.jepx.jp/_download.php?dir=spot_summary&file=spot_summary_2022.csv
2022-07-16,jepx-top8avg-kyushu,kyushu,23.7825,https://www.jepx.jp/_download.php?dir=spot_summary&file=spot_summary_2022.csv
2022-07-17,jepx-top8avg-kyushu,kyushu,28.8775,https://www.jepx.jp/_download.php?dir=spot_summary&file=spot_summary_2022.csv
2022-07-18,jepx-top8avg-kyushu,kyushu,27.692500000000003,https://www.jepx.jp/_download.php?dir=spot_summary&file=spot_summary_2022.csv
2022-07-19,jepx-top8avg-kyushu,kyushu,30.36375,https://www.jepx.jp/_download.php?dir=spot_summary&file=spot_summary_2022.csv
2022-07-20,jepx-top8avg-kyushu,kyushu,36.911249999999995,https://www.jepx.jp/_download.php?dir=spot_summary&file=spot_summary_2022.csv
2022-07-21,jepx-top8avg-kyushu,kyushu,25.785,https://www.jepx.jp/_download.php?dir=spot_summary&file=spot_summary_2022.csv
2022-07-22,jepx-top8avg-kyushu,kyushu,25.1375,https://www.jepx.jp/_download.php?dir=spot_summary&file=spot_summary_2022.csv
2022-07-23,jepx-top8avg-kyushu,kyushu,18.634999999999998,https://www.jepx.jp/_download.php?dir=spot_summary&file=spot_summary_2022.csv
2022-07-24,jepx-top8avg-kyushu,kyushu,12.3825,https://www.jepx.jp/_download.php?dir=spot_summary&file=spot_summary_2022.csv
2022-07-25,jepx-top8avg-kyushu,kyushu,25.495,https://www.jepx.jp/_download.php?dir=spot_summary&file=spot_summary_2022.csv
2022-07-26,jepx-top8avg-kyushu,kyushu,27.74375,https://www.jepx.jp/_download.php?dir=spot_summary&file=spot_summary_2022.csv
2022-07-27,jepx-top8avg-kyushu,kyushu,31.150000000000002,https://www.jepx.jp/_download.php?dir=spot_summary&file=spot_summary_2022.csv
2022-07-28,jepx-top8avg-kyushu,kyushu,30.744999999999997,https://www.jepx.jp/_download.php?dir=spot_summary&file=spot_summary_2022.csv
2022-07-29,jepx-top8avg-kyushu,kyushu,33.4875,https://www.jepx.jp/_download.php?dir=spot_summary&file=spot_summary_2022.csv
2022-07-30,jepx-top8avg-kyushu,kyushu,26.916249999999998,https://www.jepx.jp/_download.php?dir=spot_summary&file=spot_summary_2022.csv
2022-07-31,jepx-top8avg-kyushu,kyushu,21.7175,https://www.jepx.jp/_download.php?dir=spot_summary&file=spot_summary_2022.csv
2022-08-01,jepx-top8avg-kyushu,kyushu,36.60625,https://www.jepx.jp/_download.php?dir=spot_summary&file=spot_summary_2022.csv
2022-08-02,jepx-top8avg-kyushu,kyushu,44.25375,https://www.jepx.jp/_download.php?dir=spot_summary&file=spot_summary_2022.csv
2022-08-03,jepx-top8avg-kyushu,kyushu,36.661249999999995,https://www.jepx.jp/_download.php?dir=spot_summary&file=spot_summary_2022.csv
2022-08-04,jepx-top8avg-kyushu,kyushu,33.607499999999995,https://www.jepx.jp/_download.php?dir=spot_summary&file=spot_summary_2022.csv
2022-08-05,jepx-top8avg-kyushu,kyushu,35.34375,https://www.jepx.jp/_download.php?dir=spot_summary&file=spot_summary_2022.csv
2022-08-06,jepx-top8avg-kyushu,kyushu,29.0025,https://www.jepx.jp/_download.php?dir=spot_summary&file=spot_summary_2022.csv
2022-08-07,jepx-top8avg-kyushu,kyushu,28.151249999999997,https://www.jepx.jp/_download.php?dir=spot_summary&file=spot_summary_2022.csv
2022-08-08,jepx-top8avg-kyushu,kyushu,37.7825,https://www.jepx.jp/_download.php?dir=spot_summary&file=spot_summary_2022.csv
2022-08-09,jepx-top8avg-kyushu,kyushu,46.78875,https://www.jepx.jp/_download.php?dir=spot_summary&file=spot_summary_2022.csv
2022-08-10,jepx-top8avg-kyushu,kyushu,44.49875,https://www.jepx.jp/_download.php?dir=spot_summary&file=spot_summary_2022.csv
2022-08-11,jepx-top8avg-kyushu,kyushu,28.135,https://www.jepx.jp/_download.php?dir=spot_summary&file=spot_summary_2022.csv
2022-08-12,jepx-top8avg-kyushu,kyushu,35.379999999999995,https://www.jepx.jp/_download.php?dir=spot_summary&file=spot_summary_2022.csv
2022-08-13,jepx-top8avg-kyushu,kyushu,32.04375,https://www.jepx.jp/_download.php?dir=spot_summary&file=spot_summary_2022.csv
2022-08-14,jepx-top8avg-kyushu,kyushu,34.7375,https://www.jepx.jp/_download.php?dir=spot_summary&file=spot_summary_2022.csv
2022-08-15,jepx-top8avg-kyushu,kyushu,25.04625,https://www.jepx.jp/_download.php?dir=spot_summary&file=spot_summary_2022.csv
2022-08-16,jepx-top8avg-kyushu,kyushu,30.730000000000004,https://www.jepx.jp/_download.php?dir=spot_summary&file=spot_summary_2022.csv
2022-08-17,jepx-top8avg-kyushu,kyushu,36.435,https://www.jepx.jp/_download.php?dir=spot_summary&file=spot_summary_2022.csv
2022-08-18,jepx-top8avg-kyushu,kyushu,28.445,https://www.jepx.jp/_download.php?dir=spot_summary&file=spot_summary_2022.csv
2022-08-19,jepx-top8avg-kyushu,kyushu,27.67875,https://www.jepx.jp/_download.php?dir=spot_summary&file=spot_summary_2022.csv
2022-08-20,jepx-top8avg-kyushu,kyushu,18.78375,https://www.jepx.jp/_download.php?dir=spot_summary&file=spot_summary_2022.csv
2022-08-21,jepx-top8avg-kyushu,kyushu,21.755000000000003,https://www.jepx.jp/_download.php?dir=spot_summary&file=spot_summary_2022.csv
2022-08-22,jepx-top8avg-kyushu,kyushu,34.7275,https://www.jepx.jp/_download.php?dir=spot_summary&file=spot_summary_2022.csv
2022-08-23,jepx-top8avg-kyushu,kyushu,38.504999999999995,https://www.jepx.jp/_download.php?dir=spot_summary&file=spot_summary_2022.csv
2022-08-24,jepx-top8avg-kyushu,kyushu,36.004999999999995,https://www.jepx.jp/_download.php?dir=spot_summary&file=spot_summary_2022.csv
2022-08-25,jepx-top8avg-kyushu,kyushu,30.1575,https://www.jepx.jp/_download.php?dir=spot_summary&file=spot_summary_2022.csv
2022-08-26,jepx-top8avg-kyushu,kyushu,28.02125,https://www.jepx.jp/_download.php?dir=spot_summary&file=spot_summary_2022.csv
2022-08-27,jepx-top8avg-kyushu,kyushu,21.5975,https://www.jepx.jp/_download.php?dir=spot_summary&file=spot_summary_2022.csv
2022-08-28,jepx-top8avg-kyushu,kyushu,21.426249999999996,https://www.jepx.jp/_download.php?dir=spot_summary&file=spot_summary_2022.csv
2022-08-29,jepx-top8avg-kyushu,kyushu,28.68,https://www.jepx.jp/_download.php?dir=spot_summary&file=spot_summary_2022.csv
2022-08-30,jepx-top8avg-kyushu,kyushu,29.89375,https://www.jepx.jp/_download.php?dir=spot_summary&file=spot_summary_2022.csv
2022-08-31,jepx-top8avg-kyushu,kyushu,32.62625,https://www.jepx.jp/_download.php?dir=spot_summary&file=spot_summary_2022.csv
2022-09-01,jepx-top8avg-kyushu,kyushu,31.439999999999998,https://www.jepx.jp/_download.php?dir=spot_summary&file=spot_summary_2022.csv
2022-09-02,jepx-top8avg-kyushu,kyushu,32.34625,https://www.jepx.jp/_download.php?dir=spot_summary&file=spot_summary_2022.csv
2022-09-03,jepx-top8avg-kyushu,kyushu,22.74125,https://www.jepx.jp/_download.php?dir=spot_summary&file=spot_summary_2022.csv
2022-09-04,jepx-top8avg-kyushu,kyushu,20.27625,https://www.jepx.jp/_download.php?dir=spot_summary&file=spot_summary_2022.csv
2022-09-05,jepx-top8avg-kyushu,kyushu,42.245000000000005,https://www.jepx.jp/_download.php?dir=spot_summary&file=spot_summary_2022.csv
2022-09-06,jepx-top8avg-kyushu,kyushu,42.9625,https://www.jepx.jp/_download.php?dir=spot_summary&file=spot_summary_2022.csv
2022-09-07,jepx-top8avg-kyushu,kyushu,28.098750000000003,https://www.jepx.jp/_download.php?dir=spot_summary&file=spot_summary_2022.csv
2022-09-08,jepx-top8avg-kyushu,kyushu,26.19375,https://www.jepx.jp/_download.php?dir=spot_summary&file=spot_summary_2022.csv
2022-09-09,jepx-top8avg-kyushu,kyushu,22.021250000000002,https://www.jepx.jp/_download.php?dir=spot_summary&file=spot_summary_2022.csv
2022-09-10,jepx-top8avg-kyushu,kyushu,11.54875,https://www.jepx.jp/_download.php?dir=spot_summary&file=spot_summary_2022.csv
2022-09-11,jepx-top8avg-kyushu,kyushu,21.942500000000003,https://www.jepx.jp/_download.php?dir=spot_summary&file=spot_summary_2022.csv
2022-09-12,jepx-top8avg-kyushu,kyushu,29.82,https://www.jepx.jp/_download.php?dir=spot_summary&file=spot_summary_2022.csv
2022-09-13,jepx-top8avg-kyushu,kyushu,30.28,https://www.jepx.jp/_download.php?dir=spot_summary&file=spot_summary_2022.csv
2022-09-14,jepx-top8avg-kyushu,kyushu,44.04125,https://www.jepx.jp/_download.php?dir=spot_summary&file=spot_summary_2022.csv
2022-09-15,jepx-top8avg-kyushu,kyushu,51.5,https://www.jepx.jp/_download.php?dir=spot_summary&file=spot_summary_2022.csv
2022-09-16,jepx-top8avg-kyushu,kyushu,54.0325,https://www.jepx.jp/_download.php?dir=spot_summary&file=spot_summary_2022.csv
2022-09-17,jepx-top8avg-kyushu,kyushu,35.493750000000006,https://www.jepx.jp/_download.php?dir=spot_summary&file=spot_summary_2022.csv
2022-09-18,jepx-top8avg-kyushu,kyushu,28.76,https://www.jepx.jp/_download.php?dir=spot_summary&file=spot_summary_2022.csv
2022-09-19,jepx-top8avg-kyushu,kyushu,26.8625,https://www.jepx.jp/_download.php?dir=spot_summary&file=spot_summary_2022.csv
2022-09-20,jepx-top8avg-kyushu,kyushu,28.488750000000003,https://www.jepx.jp/_download.php?dir=spot_summary&file=spot_summary_2022.csv
2022-09-21,jepx-top8avg-kyushu,kyushu,23.813750000000002,https://www.jepx.jp/_download.php?dir=spot_summary&file=spot_summary_2022.csv
2022-09-22,jepx-top8avg-kyushu,kyushu,23.927500000000002,https://www.jepx.jp/_download.php?dir=spot_summary&file=spot_summary_2022.csv
2022-09-23,jepx-top8avg-kyushu,kyushu,19.1475,https://www.jepx.jp/_download.php?dir=spot_summary&file=spot_summary_2022.csv
2022-09-24,jepx-top8avg-kyushu,kyushu,16.705000000000002,https://www.jepx.jp/_download.php?dir=spot_summary&file=spot_summary_2022.csv
2022-09-25,jepx-top8avg-kyushu,kyushu,19.75375,https://www.jepx.jp/_download.php?dir=spot_summary&file=spot_summary_2022.csv
2022-09-26,jepx-top8avg-kyushu,kyushu,20.46125,https://www.jepx.jp/_download.php?dir=spot_summary&file=spot_summary_2022.csv
2022-09-27,jepx-top8avg-kyushu,kyushu,19.89,https://www.jepx.jp/_download.php?dir=spot_summary&file=spot_summary_2022.csv
2022-09-28,jepx-top8avg-kyushu,kyushu,19.799999999999997,https://www.jepx.jp/_download.php?dir=spot_summary&file=spot_summary_2022.csv
2022-09-29,jepx-top8avg-kyushu,kyushu,24.0975,https://www.jepx.jp/_download.php?dir=spot_summary&file=spot_summary_2022.csv
2022-09-30,jepx-top8avg-kyushu,kyushu,23.4375,https://www.jepx.jp/_download.php?dir=spot_summary&file=spot_summary_2022.csv
2022-10-01,jepx-top8avg-kyushu,kyushu,21.238750000000003,https://www.jepx.jp/_download.php?dir=spot_summary&file=spot_summary_2022.csv
2022-10-02,jepx-top8avg-kyushu,kyushu,28.07875,https://www.jepx.jp/_download.php?dir=spot_summary&file=spot_summary_2022.csv
2022-10-03,jepx-top8avg-kyushu,kyushu,40.256249999999994,https://www.jepx.jp/_download.php?dir=spot_summary&file=spot_summary_2022.csv
2022-10-04,jepx-top8avg-kyushu,kyushu,50.114999999999995,https://www.jepx.jp/_download.php?dir=spot_summary&file=spot_summary_2022.csv
2022-10-05,jepx-top8avg-kyushu,kyushu,33.17625,https://www.jepx.jp/_download.php?dir=spot_summary&file=spot_summary_2022.csv
2022-10-06,jepx-top8avg-kyushu,kyushu,33.16375,https://www.jepx.jp/_download.php?dir=spot_summary&file=spot_summary_2022.csv
2022-10-07,jepx-top8avg-kyushu,kyushu,32.63125,https://www.jepx.jp/_download.php?dir=spot_summary&file=spot_summary_2022.csv
2022-10-08,jepx-top8avg-kyushu,kyushu,28.2675,https://www.jepx.jp/_download.php?dir=spot_summary&file=spot_summary_2022.csv
2022-10-09,jepx-top8avg-kyushu,kyushu,21.83375,https://www.jepx.jp/_download.php?dir=spot_summary&file=spot_summary_2022.csv
2022-10-10,jepx-top8avg-kyushu,kyushu,23.2075,https://www.jepx.jp/_download.php?dir=spot_summary&file=spot_summary_2022.csv
2022-10-11,jepx-top8avg-kyushu,kyushu,25.138749999999998,https://www.jepx.jp/_download.php?dir=spot_summary&file=spot_summary_2022.csv
2022-10-12,jepx-top8avg-kyushu,kyushu,29.38375,https://www.jepx.jp/_download.php?dir=spot_summary&file=spot_summary_2022.csv
2022-10-13,jepx-top8avg-kyushu,kyushu,32.620000000000005,https://www.jepx.jp/_download.php?dir=spot_summary&file=spot_summary_2022.csv
2022-10-14,jepx-top8avg-kyushu,kyushu,32.228750000000005,https://www.jepx.jp/_download.php?dir=spot_summary&file=spot_summary_2022.csv
2022-10-15,jepx-top8avg-kyushu,kyushu,24.68125,https://www.jepx.jp/_download.php?dir=spot_summary&file=spot_summary_2022.csv
2022-10-16,jepx-top8avg-kyushu,kyushu,23.104999999999997,https://www.jepx.jp/_download.php?dir=spot_summary&file=spot_summary_2022.csv
2022-10-17,jepx-top8avg-kyushu,kyushu,28.755,https://www.jepx.jp/_download.php?dir=spot_summary&file=spot_summary_2022.csv
2022-10-18,jepx-top8avg-kyushu,kyushu,22.615000000000002,https://www.jepx.jp/_download.php?dir=spot_summary&file=spot_summary_2022.csv
2022-10-19,jepx-top8avg-kyushu,kyushu,28.80875,https://www.jepx.jp/_download.php?dir=spot_summary&file=spot_summary_2022.csv
2022-10-20,jepx-top8avg-kyushu,kyushu,27.9775,https://www.jepx.jp/_download.php?dir=spot_summary&file=spot_summary_2022.csv
2022-10-21,jepx-top8avg-kyushu,kyushu,21.84375,https://www.jepx.jp/_download.php?dir=spot_summary&file=spot_summary_2022.csv
2022-10-22,jepx-top8avg-kyushu,kyushu,24.2825,https://www.jepx.jp/_download.php?dir=spot_summary&file=spot_summary_2022.csv
2022-10-23,jepx-top8avg-kyushu,kyushu,27.6325,https://www.jepx.jp/_download.php?dir=spot_summary&file=spot_summary_2022.csv
2022-10-24,jepx-top8avg-kyushu,kyushu,30.802500000000002,https://www.jepx.jp/_download.php?dir=spot_summary&file=spot_summary_2022.csv
2022-10-25,jepx-top8avg-kyushu,kyushu,32.54875,https://www.jepx.jp/_download.php?dir=spot_summary&file=spot_summary_2022.csv
2022-10-26,jepx-top8avg-kyushu,kyushu,31.167499999999997,https://www.jepx.jp/_download.php?dir=spot_summary&file=spot_summary_2022.csv
2022-10-27,jepx-top8avg-kyushu,kyushu,32.21125,https://www.jepx.jp/_download.php?dir=spot_summary&file=spot_summary_2022.csv
2022-10-28,jepx-top8avg-kyushu,kyushu,31.188750000000006,https://www.jepx.jp/_download.php?dir=spot_summary&file=spot_summary_2022.csv
2022-10-29,jepx-top8avg-kyushu,kyushu,25.604999999999997,https://www.jepx.jp/_download.php?dir=spot_summary&file=spot_summary_2022.csv
2022-10-30,jepx-top8avg-kyushu,kyushu,22.214999999999996,https://www.jepx.jp/_download.php?dir=spot_summary&file=spot_summary_2022.csv
2022-10-31,jepx-top8avg-kyushu,kyushu,32.048750000000005,https://www.jepx.jp/_download.php?dir=spot_summary&file=spot_summary_2022.csv
2022-11-01,jepx-top8avg-kyushu,kyushu,37.915000000000006,https://www.jepx.jp/_download.php?dir=spot_summary&file=spot_summary_2022.csv
2022-11-02,jepx-top8avg-kyushu,kyushu,31.3425,https://www.jepx.jp/_download.php?dir=spot_summary&file=spot_summary_2022.csv
2022-11-03,jepx-top8avg-kyushu,kyushu,28.570000000000004,https://www.jepx.jp/_download.php?dir=spot_summary&file=spot_summary_2022.csv
2022-11-04,jepx-top8avg-kyushu,kyushu,28.943749999999998,https://www.jepx.jp/_download.php?dir=spot_summary&file=spot_summary_2022.csv
2022-11-05,jepx-top8avg-kyushu,kyushu,29.14,https://www.jepx.jp/_download.php?dir=spot_summary&file=spot_summary_2022.csv
2022-11-06,jepx-top8avg-kyushu,kyushu,26.556250000000002,https://www.jepx.jp/_download.php?dir=spot_summary&file=spot_summary_2022.csv
2022-11-07,jepx-top8avg-kyushu,kyushu,28.68625,https://www.jepx.jp/_download.php?dir=spot_summary&file=spot_summary_2022.csv
2022-11-08,jepx-top8avg-kyushu,kyushu,27.23,https://www.jepx.jp/_download.php?dir=spot_summary&file=spot_summary_2022.csv
2022-11-09,jepx-top8avg-kyushu,kyushu,25.62375,https://www.jepx.jp/_download.php?dir=spot_summary&file=spot_summary_2022.csv
2022-11-10,jepx-top8avg-kyushu,kyushu,25.802500000000002,https://www.jepx.jp/_download.php?dir=spot_summary&file=spot_summary_2022.csv
2022-11-11,jepx-top8avg-kyushu,kyushu,24.698749999999997,https://www.jepx.jp/_download.php?dir=spot_summary&file=spot_summary_2022.csv
2022-11-12,jepx-top8avg-kyushu,kyushu,14.52625,https://www.jepx.jp/_download.php?dir=spot_summary&file=spot_summary_2022.csv
2022-11-13,jepx-top8avg-kyushu,kyushu,16.865000000000002,https://www.jepx.jp/_download.php?dir=spot_summary&file=spot_summary_2022.csv
2022-11-14,jepx-top8avg-kyushu,kyushu,22.735,https://www.jepx.jp/_download.php?dir=spot_summary&file=spot_summary_2022.csv
2022-11-15,jepx-top8avg-kyushu,kyushu,21.365000000000002,https://www.jepx.jp/_download.php?dir=spot_summary&file=spot_summary_2022.csv
2022-11-16,jepx-top8avg-kyushu,kyushu,25.8275,https://www.jepx.jp/_download.php?dir=spot_summary&file=spot_summary_2022.csv
2022-11-17,jepx-top8avg-kyushu,kyushu,24.93375,https://www.jepx.jp/_download.php?dir=spot_summary&file=spot_summary_2022.csv
2022-11-18,jepx-top8avg-kyushu,kyushu,25.3625,https://www.jepx.jp/_download.php?dir=spot_summary&file=spot_summary_2022.csv
2022-11-19,jepx-top8avg-kyushu,kyushu,22.708750000000002,https://www.jepx.jp/_download.php?dir=spot_summary&file=spot_summary_2022.csv
2022-11-20,jepx-top8avg-kyushu,kyushu,18.512500000000003,https://www.jepx.jp/_download.php?dir=spot_summary&file=spot_summary_2022.csv
2022-11-21,jepx-top8avg-kyushu,kyushu,20.87125,https://www.jepx.jp/_download.php?dir=spot_summary&file=spot_summary_2022.csv
2022-11-22,jepx-top8avg-kyushu,kyushu,26.44875,https://www.jepx.jp/_download.php?dir=spot_summary&file=spot_summary_2022.csv
2022-11-23,jepx-top8avg-kyushu,kyushu,20.028750000000002,https://www.jepx.jp/_download.php?dir=spot_summary&file=spot_summary_2022.csv
2022-11-24,jepx-top8avg-kyushu,kyushu,21.00625,https://www.jepx.jp/_download.php?dir=spot_summary&file=spot_summary_2022.csv
2022-11-25,jepx-top8avg-kyushu,kyushu,23.197499999999998,https://www.jepx.jp/_download.php?dir=spot_summary&file=spot_summary_2022.csv
2022-11-26,jepx-top8avg-kyushu,kyushu,17.60625,https://www.jepx.jp/_download.php?dir=spot_summary&file=spot_summary_2022.csv
2022-11-27,jepx-top8avg-kyushu,kyushu,19.841250000000002,https://www.jepx.jp/_download.php?dir=spot_summary&file=spot_summary_2022.csv
2022-11-28,jepx-top8avg-kyushu,kyushu,20.98875,https://www.jepx.jp/_download.php?dir=spot_summary&file=spot_summary_2022.csv
2022-11-29,jepx-top8avg-kyushu,kyushu,21.11375,https://www.jepx.jp/_download.php?dir=spot_summary&file=spot_summary_2022.csv
2022-11-30,jepx-top8avg-kyushu,kyushu,21.23375,https://www.jepx.jp/_download.php?dir=spot_summary&file=spot_summary_2022.csv
2022-12-01,jepx-top8avg-kyushu,kyushu,24.51875,https://www.jepx.jp/_download.php?dir=spot_summary&file=spot_summary_2022.csv
2022-12-02,jepx-top8avg-kyushu,kyushu,25.33125,https://www.jepx.jp/_download.php?dir=spot_summary&file=spot_summary_2022.csv
2022-12-03,jepx-top8avg-kyushu,kyushu,24.560000000000002,https://www.jepx.jp/_download.php?dir=spot_summary&file=spot_summary_2022.csv
2022-12-04,jepx-top8avg-kyushu,kyushu,24.113750000000003,https://www.jepx.jp/_download.php?dir=spot_summary&file=spot_summary_2022.csv
2022-12-05,jepx-top8avg-kyushu,kyushu,27.38375,https://www.jepx.jp/_download.php?dir=spot_summary&file=spot_summary_2022.csv
2022-12-06,jepx-top8avg-kyushu,kyushu,24.695,https://www.jepx.jp/_download.php?dir=spot_summary&file=spot_summary_2022.csv
2022-12-07,jepx-top8avg-kyushu,kyushu,29.028750000000002,https://www.jepx.jp/_download.php?dir=spot_summary&file=spot_summary_2022.csv
2022-12-08,jepx-top8avg-kyushu,kyushu,27.025,https://www.jepx.jp/_download.php?dir=spot_summary&file=spot_summary_2022.csv
2022-12-09,jepx-top8avg-kyushu,kyushu,29.299999999999997,https://www.jepx.jp/_download.php?dir=spot_summary&file=spot_summary_2022.csv
2022-12-10,jepx-top8avg-kyushu,kyushu,22.788749999999997,https://www.jepx.jp/_download.php?dir=spot_summary&file=spot_summary_2022.csv
2022-12-11,jepx-top8avg-kyushu,kyushu,21.035,https://www.jepx.jp/_download.php?dir=spot_summary&file=spot_summary_2022.csv
2022-12-12,jepx-top8avg-kyushu,kyushu,27.395,https://www.jepx.jp/_download.php?dir=spot_summary&file=spot_summary_2022.csv
2022-12-13,jepx-top8avg-kyushu,kyushu,22.61625,https://www.jepx.jp/_download.php?dir=spot_summary&file=spot_summary_2022.csv
2022-12-14,jepx-top8avg-kyushu,kyushu,35.09375,https://www.jepx.jp/_download.php?dir=spot_summary&file=spot_summary_2022.csv
2022-12-15,jepx-top8avg-kyushu,kyushu,35.155,https://www.jepx.jp/_download.php?dir=spot_summary&file=spot_summary_2022.csv
2022-12-16,jepx-top8avg-kyushu,kyushu,32.037499999999994,https://www.jepx.jp/_download.php?dir=spot_summary&file=spot_summary_2022.csv
2022-12-17,jepx-top8avg-kyushu,kyushu,35.212500000000006,https://www.jepx.jp/_download.php?dir=spot_summary&file=spot_summary_2022.csv
2022-12-18,jepx-top8avg-kyushu,kyushu,33.845,https://www.jepx.jp/_download.php?dir=spot_summary&file=spot_summary_2022.csv
2022-12-19,jepx-top8avg-kyushu,kyushu,47.195,https://www.jepx.jp/_download.php?dir=spot_summary&file=spot_summary_2022.csv
2022-12-20,jepx-top8avg-kyushu,kyushu,45.3,https://www.jepx.jp/_download.php?dir=spot_summary&file=spot_summary_2022.csv
2022-12-21,jepx-top8avg-kyushu,kyushu,41.8675,https://www.jepx.jp/_download.php?dir=spot_summary&file=spot_summary_2022.csv
2022-12-22,jepx-top8avg-kyushu,kyushu,37.53125,https://www.jepx.jp/_download.php?dir=spot_summary&file=spot_summary_2022.csv
2022-12-23,jepx-top8avg-kyushu,kyushu,45.70125,https://www.jepx.jp/_download.php?dir=spot_summary&file=spot_summary_2022.csv
2022-12-24,jepx-top8avg-kyushu,kyushu,33.77375,https://www.jepx.jp/_download.php?dir=spot_summary&file=spot_summary_2022.csv
2022-12-25,jepx-top8avg-kyushu,kyushu,29.88875,https://www.jepx.jp/_download.php?dir=spot_summary&file=spot_summary_2022.csv
2022-12-26,jepx-top8avg-kyushu,kyushu,35.16,https://www.jepx.jp/_download.php?dir=spot_summary&file=spot_summary_2022.csv
2022-12-27,jepx-top8avg-kyushu,kyushu,35.93125,https://www.jepx.jp/_download.php?dir=spot_summary&file=spot_summary_2022.csv
2022-12-28,jepx-top8avg-kyushu,kyushu,30.841250000000002,https://www.jepx.jp/_download.php?dir=spot_summary&file=spot_summary_2022.csv
2022-12-29,jepx-top8avg-kyushu,kyushu,23.475,https://www.jepx.jp/_download.php?dir=spot_summary&file=spot_summary_2022.csv
2022-12-30,jepx-top8avg-kyushu,kyushu,29.935000000000002,https://www.jepx.jp/_download.php?dir=spot_summary&file=spot_summary_2022.csv
2022-12-31,jepx-top8avg-kyushu,kyushu,23.30375,https://www.jepx.jp/_download.php?dir=spot_summary&file=spot_summary_2022.csv
2023-01-01,jepx-top8avg-kyushu,kyushu,23.22,https://www.jepx.jp/_download.php?dir=spot_summary&file=spot_summary_2022.csv
2023-01-02,jepx-top8avg-kyushu,kyushu,22.997500000000002,https://www.jepx.jp/_download.php?dir=spot_summary&file=spot_summary_2022.csv
2023-01-03,jepx-top8avg-kyushu,kyushu,21.4925,https://www.jepx.jp/_download.php?dir=spot_summary&file=spot_summary_2022.csv
2023-01-04,jepx-top8avg-kyushu,kyushu,22.740000000000002,https://www.jepx.jp/_download.php?dir=spot_summary&file=spot_summary_2022.csv
2023-01-05,jepx-top8avg-kyushu,kyushu,25.49875,https://www.jepx.jp/_download.php?dir=spot_summary&file=spot_summary_2022.csv
2023-01-06,jepx-top8avg-kyushu,kyushu,25.75125,https://www.jepx.jp/_download.php?dir=spot_summary&file=spot_summary_2022.csv
2023-01-07,jepx-top8avg-kyushu,kyushu,23.612499999999997,https://www.jepx.jp/_download.php?dir=spot_summary&file=spot_summary_2022.csv
2023-01-08,jepx-top8avg-kyushu,kyushu,22.7925,https://www.jepx.jp/_download.php?dir=spot_summary&file=spot_summary_2022.csv
2023-01-09,jepx-top8avg-kyushu,kyushu,23.09375,https://www.jepx.jp/_download.php?dir=spot_summary&file=spot_summary_2022.csv
2023-01-10,jepx-top8avg-kyushu,kyushu,25.0475,https://www.jepx.jp/_download.php?dir=spot_summary&file=spot_summary_2022.csv
2023-01-11,jepx-top8avg-kyushu,kyushu,26.2325,https://www.jepx.jp/_download.php?dir=spot_summary&file=spot_summary_2022.csv
2023-01-12,jepx-top8avg-kyushu,kyushu,23.8125,https://www.jepx.jp/_download.php?dir=spot_summary&file=spot_summary_2022.csv
2023-01-13,jepx-top8avg-kyushu,kyushu,23.02375,https://www.jepx.jp/_download.php?dir=spot_summary&file=spot_summary_2022.csv
2023-01-14,jepx-top8avg-kyushu,kyushu,19.84125,https://www.jepx.jp/_download.php?dir=spot_summary&file=spot_summary_2022.csv
2023-01-15,jepx-top8avg-kyushu,kyushu,20.1425,https://www.jepx.jp/_download.php?dir=spot_summary&file=spot_summary_2022.csv
2023-01-16,jepx-top8avg-kyushu,kyushu,21.801250000000003,https://www.jepx.jp/_download.php?dir=spot_summary&file=spot_summary_2022.csv
2023-01-17,jepx-top8avg-kyushu,kyushu,23.3675,https://www.jepx.jp/_download.php?dir=spot_summary&file=spot_summary_2022.csv
2023-01-18,jepx-top8avg-kyushu,kyushu,23.055,https://www.jepx.jp/_download.php?dir=spot_summary&file=spot_summary_2022.csv
2023-01-19,jepx-top8avg-kyushu,kyushu,22.221249999999998,https://www.jepx.jp/_download.php?dir=spot_summary&file=spot_summary_2022.csv
2023-01-20,jepx-top8avg-kyushu,kyushu,21.32375,https://www.jepx.jp/_download.php?dir=spot_summary&file=spot_summary_2022.csv
2023-01-21,jepx-top8avg-kyushu,kyushu,20.49,https://www.jepx.jp/_download.php?dir=spot_summary&file=spot_summary_2022.csv
2023-01-22,jepx-top8avg-kyushu,kyushu,19.384999999999998,https://www.jepx.jp/_download.php?dir=spot_summary&file=spot_summary_2022.csv
2023-01-23,jepx-top8avg-kyushu,kyushu,23.8425,https://www.jepx.jp/_download.php?dir=spot_summary&file=spot_summary_2022.csv
2023-01-24,jepx-top8avg-kyushu,kyushu,28.283749999999998,https://www.jepx.jp/_download.php?dir=spot_summary&file=spot_summary_2022.csv
2023-01-25,jepx-top8avg-kyushu,kyushu,42.1075,https://www.jepx.jp/_download.php?dir=spot_summary&file=spot_summary_2022.csv
2023-01-26,jepx-top8avg-kyushu,kyushu,31.5325,https://www.jepx.jp/_download.php?dir=spot_summary&file=spot_summary_2022.csv
2023-01-27,jepx-top8avg-kyushu,kyushu,35.886250000000004,https://www.jepx.jp/_download.php?dir=spot_summary&file=spot_summary_2022.csv
2023-01-28,jepx-top8avg-kyushu,kyushu,22.207500000000003,https://www.jepx.jp/_download.php?dir=spot_summary&file=spot_summary_2022.csv
2023-01-29,jepx-top8avg-kyushu,kyushu,21.0925,https://www.jepx.jp/_download.php?dir=spot_summary&file=spot_summary_2022.csv
2023-01-30,jepx-top8avg-kyushu,kyushu,23.5,https://www.jepx.jp/_download.php?dir=spot_summary&file=spot_summary_2022.csv
2023-01-31,jepx-top8avg-kyushu,kyushu,23.6625,https://www.jepx.jp/_download.php?dir=spot_summary&file=spot_summary_2022.csv
2023-02-01,jepx-top8avg-kyushu,kyushu,21.778750000000002,https://www.jepx.jp/_download.php?dir=spot_summary&file=spot_summary_2022.csv
2023-02-02,jepx-top8avg-kyushu,kyushu,22.49125,https://www.jepx.jp/_download.php?dir=spot_summary&file=spot_summary_2022.csv
2023-02-03,jepx-top8avg-kyushu,kyushu,23.35875,https://www.jepx.jp/_download.php?dir=spot_summary&file=spot_summary_2022.csv
2023-02-04,jepx-top8avg-kyushu,kyushu,18.903750000000002,https://www.jepx.jp/_download.php?dir=spot_summary&file=spot_summary_2022.csv
2023-02-05,jepx-top8avg-kyushu,kyushu,18.585,https://www.jepx.jp/_download.php?dir=spot_summary&file=spot_summary_2022.csv
2023-02-06,jepx-top8avg-kyushu,kyushu,20.763749999999998,https://www.jepx.jp/_download.php?dir=spot_summary&file=spot_summary_2022.csv
2023-02-07,jepx-top8avg-kyushu,kyushu,20.98,https://www.jepx.jp/_download.php?dir=spot_summary&file=spot_summary_2022.csv
2023-02-08,jepx-top8avg-kyushu,kyushu,18.911250000000003,https://www.jepx.jp/_download.php?dir=spot_summary&file=spot_summary_2022.csv
2023-02-09,jepx-top8avg-kyushu,kyushu,19.55125,https://www.jepx.jp/_download.php?dir=spot_summary&file=spot_summary_2022.csv
2023-02-10,jepx-top8avg-kyushu,kyushu,25.151249999999997,https://www.jepx.jp/_download.php?dir=spot_summary&file=spot_summary_2022.csv
2023-02-11,jepx-top8avg-kyushu,kyushu,16.247500000000002,https://www.jepx.jp/_download.php?dir=spot_summary&file=spot_summary_2022.csv
2023-02-12,jepx-top8avg-kyushu,kyushu,16.01625,https://www.jepx.jp/_download.php?dir=spot_summary&file=spot_summary_2022.csv
2023-02-13,jepx-top8avg-kyushu,kyushu,19.4775,https://www.jepx.jp/_download.php?dir=spot_summary&file=spot_summary_2022.csv
2023-02-14,jepx-top8avg-kyushu,kyushu,20.15625,https://www.jepx.jp/_download.php?dir=spot_summary&file=spot_summary_2022.csv
2023-02-15,jepx-top8avg-kyushu,kyushu,20.911250000000003,https://www.jepx.jp/_download.php?dir=spot_summary&file=spot_summary_2022.csv
2023-02-16,jepx-top8avg-kyushu,kyushu,21.67375,https://www.jepx.jp/_download.php?dir=spot_summary&file=spot_summary_2022.csv
2023-02-17,jepx-top8avg-kyushu,kyushu,19.9825,https://www.jepx.jp/_download.php?dir=spot_summary&file=spot_summary_2022.csv
2023-02-18,jepx-top8avg-kyushu,kyushu,17.4075,https://www.jepx.jp/_download.php?dir=spot_summary&file=spot_summary_2022.csv
2023-02-19,jepx-top8avg-kyushu,kyushu,16.07,https://www.jepx.jp/_download.php?dir=spot_summary&file=spot_summary_2022.csv
2023-02-20,jepx-top8avg-kyushu,kyushu,17.38875,https://www.jepx.jp/_download.php?dir=spot_summary&file=spot_summary_2022.csv
2023-02-21,jepx-top8avg-kyushu,kyushu,20.91375,https://www.jepx.jp/_download.php?dir=spot_summary&file=spot_summary_2022.csv
2023-02-22,jepx-top8avg-kyushu,kyushu,18.515,https://www.jepx.jp/_download.php?dir=spot_summary&file=spot_summary_2022.csv
2023-02-23,jepx-top8avg-kyushu,kyushu,18.706249999999997,https://www.jepx.jp/_download.php?dir=spot_summary&file=spot_summary_2022.csv
2023-02-24,jepx-top8avg-kyushu,kyushu,18.3125,https://www.jepx.jp/_download.php?dir=spot_summary&file=spot_summary_2022.csv
2023-02-25,jepx-top8avg-kyushu,kyushu,20.197499999999998,https://www.jepx.jp/_download.php?dir=spot_summary&file=spot_summary_2022.csv
2023-02-26,jepx-top8avg-kyushu,kyushu,18.68125,https://www.jepx.jp/_download.php?dir=spot_summary&file=spot_summary_2022.csv
2023-02-27,jepx-top8avg-kyushu,kyushu,18.15625,https://www.jepx.jp/_download.php?dir=spot_summary&file=spot_summary_2022.csv
2023-02-28,jepx-top8avg-kyushu,kyushu,17.99375,https://www.jepx.jp/_download.php?dir=spot_summary&file=spot_summary_2022.csv
2023-03-01,jepx-top8avg-kyushu,kyushu,17.465,https://www.jepx.jp/_download.php?dir=spot_summary&file=spot_summary_2022.csv
2023-03-02,jepx-top8avg-kyushu,kyushu,19.215,https://www.jepx.jp/_download.php?dir=spot_summary&file=spot_summary_2022.csv
2023-03-03,jepx-top8avg-kyushu,kyushu,18.011249999999997,https://www.jepx.jp/_download.php?dir=spot_summary&file=spot_summary_2022.csv
2023-03-04,jepx-top8avg-kyushu,kyushu,16.6425,https://www.jepx.jp/_download.php?dir=spot_summary&file=spot_summary_2022.csv
2023-03-05,jepx-top8avg-kyushu,kyushu,15.4175,https://www.jepx.jp/_download.php?dir=spot_summary&file=spot_summary_2022.csv
2023-03-06,jepx-top8avg-kyushu,kyushu,16.9375,https://www.jepx.jp/_download.php?dir=spot_summary&file=spot_summary_2022.csv
2023-03-07,jepx-top8avg-kyushu,kyushu,16.299999999999997,https://www.jepx.jp/_download.php?dir=spot_summary&file=spot_summary_2022.csv
2023-03-08,jepx-top8avg-kyushu,kyushu,15.4575,https://www.jepx.jp/_download.php?dir=spot_summary&file=spot_summary_2022.csv
2023-03-09,jepx-top8avg-kyushu,kyushu,13.4025,https://www.jepx.jp/_download.php?dir=spot_summary&file=spot_summary_2022.csv
2023-03-10,jepx-top8avg-kyushu,kyushu,13.045000000000002,https://www.jepx.jp/_download.php?dir=spot_summary&file=spot_summary_2022.csv
2023-03-11,jepx-top8avg-kyushu,kyushu,13.2275,https://www.jepx.jp/_download.php?dir=spot_summary&file=spot_summary_2022.csv
2023-03-12,jepx-top8avg-kyushu,kyushu,13.555,https://www.jepx.jp/_download.php?dir=spot_summary&file=spot_summary_2022.csv
2023-03-13,jepx-top8avg-kyushu,kyushu,17.63375,https://www.jepx.jp/_download.php?dir=spot_summary&file=spot_summary_2022.csv
2023-03-14,jepx-top8avg-kyushu,kyushu,17.19625,https://www.jepx.jp/_download.php?dir=spot_summary&file=spot_summary_2022.csv
2023-03-15,jepx-top8avg-kyushu,kyushu,14.175,https://www.jepx.jp/_download.php?dir=spot_summary&file=spot_summary_2022.csv
2023-03-16,jepx-top8avg-kyushu,kyushu,14.811250000000001,https://www.jepx.jp/_download.php?dir=spot_summary&file=spot_summary_2022.csv
2023-03-17,jepx-top8avg-kyushu,kyushu,15.675,https://www.jepx.jp/_download.php?dir=spot_summary&file=spot_summary_2022.csv
2023-03-18,jepx-top8avg-kyushu,kyushu,16.62375,https://www.jepx.jp/_download.php?dir=spot_summary&file=spot_summary_2022.csv
2023-03-19,jepx-top8avg-kyushu,kyushu,16.89125,https://www.jepx.jp/_download.php?dir=spot_summary&file=spot_summary_2022.csv
2023-03-20,jepx-top8avg-kyushu,kyushu,14.01375,https://www.jepx.jp/_download.php?dir=spot_summary&file=spot_summary_2022.csv
2023-03-21,jepx-top8avg-kyushu,kyushu,13.27375,https://www.jepx.jp/_download.php?dir=spot_summary&file=spot_summary_2022.csv
2023-03-22,jepx-top8avg-kyushu,kyushu,13.63375,https://www.jepx.jp/_download.php?dir=spot_summary&file=spot_summary_2022.csv
2023-03-23,jepx-top8avg-kyushu,kyushu,14.19875,https://www.jepx.jp/_download.php?dir=spot_summary&file=spot_summary_2022.csv
2023-03-24,jepx-top8avg-kyushu,kyushu,12.879999999999999,https://www.jepx.jp/_download.php?dir=spot_summary&file=spot_summary_2022.csv
2023-03-25,jepx-top8avg-kyushu,kyushu,11.61375,https://www.jepx.jp/_download.php?dir=spot_summary&file=spot_summary_2022.csv
2023-03-26,jepx-top8avg-kyushu,kyushu,8.75,https://www.jepx.jp/_download.php?dir=spot_summary&file=spot_summary_2022.csv
2023-03-27,jepx-top8avg-kyushu,kyushu,13.72875,https://www.jepx.jp/_download.php?dir=spot_summary&file=spot_summary_2022.csv
2023-03-28,jepx-top8avg-kyushu,kyushu,13.684999999999999,https://www.jepx.jp/_download.php?dir=spot_summary&file=spot_summary_2022.csv
2023-03-29,jepx-top8avg-kyushu,kyushu,14.287500000000001,https://www.jepx.jp/_download.php?dir=spot_summary&file=spot_summary_2022.csv
2023-03-30,jepx-top8avg-kyushu,kyushu,13.123750000000001,https://www.jepx.jp/_download.php?dir=spot_summary&file=spot_summary_2022.csv
2023-03-31,jepx-top8avg-kyushu,kyushu,12.355,https://www.jepx.jp/_download.php?dir=spot_summary&file=spot_summary_2022.csv
2023-04-01,jepx-top8avg-kyushu,kyushu,14.5375,https://www.jepx.jp/_download.php?dir=spot_summary&file=spot_summary_2023.csv
2023-04-02,jepx-top8avg-kyushu,kyushu,11.182500000000001,https://www.jepx.jp/_download.php?dir=spot_summary&file=spot_summary_2023.csv
2023-04-03,jepx-top8avg-kyushu,kyushu,12.780000000000001,https://www.jepx.jp/_download.php?dir=spot_summary&file=spot_summary_2023.csv
2023-04-04,jepx-top8avg-kyushu,kyushu,12.54,https://www.jepx.jp/_download.php?dir=spot_summary&file=spot_summary_2023.csv
2023-04-05,jepx-top8avg-kyushu,kyushu,13.9025,https://www.jepx.jp/_download.php?dir=spot_summary&file=spot_summary_2023.csv
2023-04-06,jepx-top8avg-kyushu,kyushu,10.774999999999999,https://www.jepx.jp/_download.php?dir=spot_summary&file=spot_summary_2023.csv
2023-04-07,jepx-top8avg-kyushu,kyushu,14.51875,https://www.jepx.jp/_download.php?dir=spot_summary&file=spot_summary_2023.csv
2023-04-08,jepx-top8avg-kyushu,kyushu,15.7875,https://www.jepx.jp/_download.php?dir=spot_summary&file=spot_summary_2023.csv
2023-04-09,jepx-top8avg-kyushu,kyushu,15.125,https://www.jepx.jp/_download.php?dir=spot_summary&file=spot_summary_2023.csv
2023-04-10,jepx-top8avg-kyushu,kyushu,14.2175,https://www.jepx.jp/_download.php?dir=spot_summary&file=spot_summary_2023.csv
2023-04-11,jepx-top8avg-kyushu,kyushu,13.57375,https://www.jepx.jp/_download.php?dir=spot_summary&file=spot_summary_2023.csv
2023-04-12,jepx-top8avg-kyushu,kyushu,14.131250000000001,https://www.jepx.jp/_download.php?dir=spot_summary&file=spot_summary_2023.csv
2023-04-13,jepx-top8avg-kyushu,kyushu,13.68,https://www.jepx.jp/_download.php?dir=spot_summary&file=spot_summary_2023.csv
2023-04-14,jepx-top8avg-kyushu,kyushu,14.19125,https://www.jepx.jp/_download.php?dir=spot_summary&file=spot_summary_2023.csv
2023-04-15,jepx-top8avg-kyushu,kyushu,14.361249999999998,https://www.jepx.jp/_download.php?dir=spot_summary&file=spot_summary_2023.csv
2023-04-16,jepx-top8avg-kyushu,kyushu,13.838750000000001,https://www.jepx.jp/_download.php?dir=spot_summary&file=spot_summary_2023.csv
2023-04-17,jepx-top8avg-kyushu,kyushu,15.46625,https://www.jepx.jp/_download.php?dir=spot_summary&file=spot_summary_2023.csv
2023-04-18,jepx-top8avg-kyushu,kyushu,14.024999999999999,https://www.jepx.jp/_download.php?dir=spot_summary&file=spot_summary_2023.csv
2023-04-19,jepx-top8avg-kyushu,kyushu,14.38875,https://www.jepx.jp/_download.php?dir=spot_summary&file=spot_summary_2023.csv
2023-04-20,jepx-top8avg-kyushu,kyushu,13.49,https://www.jepx.jp/_download.php?dir=spot_summary&file=spot_summary_2023.csv
2023-04-21,jepx-top8avg-kyushu,kyushu,13.36125,https://www.jepx.jp/_download.php?dir=spot_summary&file=spot_summary_2023.csv
2023-04-22,jepx-top8avg-kyushu,kyushu,14.2275,https://www.jepx.jp/_download.php?dir=spot_summary&file=spot_summary_2023.csv
2023-04-23,jepx-top8avg-kyushu,kyushu,14.35125,https://www.jepx.jp/_download.php?dir=spot_summary&file=spot_summary_2023.csv
2023-04-24,jepx-top8avg-kyushu,kyushu,14.40375,https://www.jepx.jp/_download.php?dir=spot_summary&file=spot_summary_2023.csv
2023-04-25,jepx-top8avg-kyushu,kyushu,17.64875,https://www.jepx.jp/_download.php?dir=spot_summary&file=spot_summary_2023.csv
2023-04-26,jepx-top8avg-kyushu,kyushu,16.122500000000002,https://www.jepx.jp/_download.php?dir=spot_summary&file=spot_summary_2023.csv
2023-04-27,jepx-top8avg-kyushu,kyushu,15.01875,https://www.jepx.jp/_download.php?dir=spot_summary&file=spot_summary_2023.csv
2023-04-28,jepx-top8avg-kyushu,kyushu,14.096250000000001,https://www.jepx.jp/_download.php?dir=spot_summary&file=spot_summary_2023.csv
2023-04-29,jepx-top8avg-kyushu,kyushu,15.708749999999998,https://www.jepx.jp/_download.php?dir=spot_summary&file=spot_summary_2023.csv
2023-04-30,jepx-top8avg-kyushu,kyushu,14.1325,https://www.jepx.jp/_download.php?dir=spot_summary&file=spot_summary_2023.csv
2023-05-01,jepx-top8avg-kyushu,kyushu,15.4725,https://www.jepx.jp/_download.php?dir=spot_summary&file=spot_summary_2023.csv
2023-05-02,jepx-top8avg-kyushu,kyushu,14.991249999999999,https://www.jepx.jp/_download.php?dir=spot_summary&file=spot_summary_2023.csv
2023-05-03,jepx-top8avg-kyushu,kyushu,15.05125,https://www.jepx.jp/_download.php?dir=spot_summary&file=spot_summary_2023.csv
2023-05-04,jepx-top8avg-kyushu,kyushu,15.315,https://www.jepx.jp/_download.php?dir=spot_summary&file=spot_summary_2023.csv
2023-05-05,jepx-top8avg-kyushu,kyushu,16.035,https://www.jepx.jp/_download.php?dir=spot_summary&file=spot_summary_2023.csv
2023-05-06,jepx-top8avg-kyushu,kyushu,15.195,https://www.jepx.jp/_download.php?dir=spot_summary&file=spot_summary_2023.csv
2023-05-07,jepx-top8avg-kyushu,kyushu,12.62375,https://www.jepx.jp/_download.php?dir=spot_summary&file=spot_summary_2023.csv
2023-05-08,jepx-top8avg-kyushu,kyushu,14.358749999999999,https://www.jepx.jp/_download.php?dir=spot_summary&file=spot_summary_2023.csv
2023-05-09,jepx-top8avg-kyushu,kyushu,15.26625,https://www.jepx.jp/_download.php?dir=spot_summary&file=spot_summary_2023.csv
2023-05-10,jepx-top8avg-kyushu,kyushu,15.0425,https://www.jepx.jp/_download.php?dir=spot_summary&file=spot_summary_2023.csv
2023-05-11,jepx-top8avg-kyushu,kyushu,14.33125,https://www.jepx.jp/_download.php?dir=spot_summary&file=spot_summary_2023.csv
2023-05-12,jepx-top8avg-kyushu,kyushu,12.556249999999999,https://www.jepx.jp/_download.php?dir=spot_summary&file=spot_summary_2023.csv
2023-05-13,jepx-top8avg-kyushu,kyushu,13.440000000000001,https://www.jepx.jp/_download.php?dir=spot_summary&file=spot_summary_2023.csv
2023-05-14,jepx-top8avg-kyushu,kyushu,10.19375,https://www.jepx.jp/_download.php?dir=spot_summary&file=spot_summary_2023.csv
2023-05-15,jepx-top8avg-kyushu,kyushu,12.87375,https://www.jepx.jp/_download.php?dir=spot_summary&file=spot_summary_2023.csv
2023-05-16,jepx-top8avg-kyushu,kyushu,14.615,https://www.jepx.jp/_download.php?dir=spot_summary&file=spot_summary_2023.csv
2023-05-17,jepx-top8avg-kyushu,kyushu,14.276250000000001,https://www.jepx.jp/_download.php?dir=spot_summary&file=spot_summary_2023.csv
2023-05-18,jepx-top8avg-kyushu,kyushu,15.47125,https://www.jepx.jp/_download.php?dir=spot_summary&file=spot_summary_2023.csv
2023-05-19,jepx-top8avg-kyushu,kyushu,15.3875,https://www.jepx.jp/_download.php?dir=spot_summary&file=spot_summary_2023.csv
2023-05-20,jepx-top8avg-kyushu,kyushu,8.96625,https://www.jepx.jp/_download.php?dir=spot_summary&file=spot_summary_2023.csv
2023-05-21,jepx-top8avg-kyushu,kyushu,5.882499999999999,https://www.jepx.jp/_download.php?dir=spot_summary&file=spot_summary_2023.csv
2023-05-22,jepx-top8avg-kyushu,kyushu,12.32875,https://www.jepx.jp/_download.php?dir=spot_summary&file=spot_summary_2023.csv
2023-05-23,jepx-top8avg-kyushu,kyushu,9.2575,https://www.jepx.jp/_download.php?dir=spot_summary&file=spot_summary_2023.csv
2023-05-24,jepx-top8avg-kyushu,kyushu,12.415,https://www.jepx.jp/_download.php?dir=spot_summary&file=spot_summary_2023.csv
2023-05-25,jepx-top8avg-kyushu,kyushu,9.67,https://www.jepx.jp/_download.php?dir=spot_summary&file=spot_summary_2023.csv
2023-05-26,jepx-top8avg-kyushu,kyushu,10.5475,https://www.jepx.jp/_download.php?dir=spot_summary&file=spot_summary_2023.csv
2023-05-27,jepx-top8avg-kyushu,kyushu,12.31125,https://www.jepx.jp/_download.php?dir=spot_summary&file=spot_summary_2023.csv
2023-05-28,jepx-top8avg-kyushu,kyushu,8.29625,https://www.jepx.jp/_download.php?dir=spot_summary&file=spot_summary_2023.csv
2023-05-29,jepx-top8avg-kyushu,kyushu,15.186250000000001,https://www.jepx.jp/_download.php?dir=spot_summary&file=spot_summary_2023.csv
2023-05-30,jepx-top8avg-kyushu,kyushu,14.030000000000001,https://www.jepx.jp/_download.php?dir=spot_summary&file=spot_summary_2023.csv
2023-05-31,jepx-top8avg-kyushu,kyushu,11.26125,https://www.jepx.jp/_download.php?dir=spot_summary&file=spot_summary_2023.csv
2023-06-01,jepx-top8avg-kyushu,kyushu,10.135000000000002,https://www.jepx.jp/_download.php?dir=spot_summary&file=spot_summary_2023.csv
2023-06-02,jepx-top8avg-kyushu,kyushu,13.776250000000001,https://www.jepx.jp/_download.php?dir=spot_summary&file=spot_summary_2023.csv
2023-06-03,jepx-top8avg-kyushu,kyushu,8.6025,https://www.jepx.jp/_download.php?dir=spot_summary&file=spot_summary_2023.csv
2023-06-04,jepx-top8avg-kyushu,kyushu,7.10375,https://www.jepx.jp/_download.php?dir=spot_summary&file=spot_summary_2023.csv
2023-06-05,jepx-top8avg-kyushu,kyushu,10.02625,https://www.jepx.jp/_download.php?dir=spot_summary&file=spot_summary_2023.csv
2023-06-06,jepx-top8avg-kyushu,kyushu,9.08375,https://www.jepx.jp/_download.php?dir=spot_summary&file=spot_summary_2023.csv
2023-06-07,jepx-top8avg-kyushu,kyushu,8.92125,https://www.jepx.jp/_download.php?dir=spot_summary&file=spot_summary_2023.csv
2023-06-08,jepx-top8avg-kyushu,kyushu,9.58625,https://www.jepx.jp/_download.php?dir=spot_summary&file=spot_summary_2023.csv
2023-06-09,jepx-top8avg-kyushu,kyushu,10.24125,https://www.jepx.jp/_download.php?dir=spot_summary&file=spot_summary_2023.csv
2023-06-10,jepx-top8avg-kyushu,kyushu,8.13875,https://www.jepx.jp/_download.php?dir=spot_summary&file=spot_summary_2023.csv
2023-06-11,jepx-top8avg-kyushu,kyushu,8.280000000000001,https://www.jepx.jp/_download.php?dir=spot_summary&file=spot_summary_2023.csv
2023-06-12,jepx-top8avg-kyushu,kyushu,9.4025,https://www.jepx.jp/_download.php?dir=spot_summary&file=spot_summary_2023.csv
2023-06-13,jepx-top8avg-kyushu,kyushu,9.704999999999998,https://www.jepx.jp/_download.php?dir=spot_summary&file=spot_summary_2023.csv
2023-06-14,jepx-top8avg-kyushu,kyushu,11.21375,https://www.jepx.jp/_download.php?dir=spot_summary&file=spot_summary_2023.csv
2023-06-15,jepx-top8avg-kyushu,kyushu,9.6425,https://www.jepx.jp/_download.php?dir=spot_summary&file=spot_summary_2023.csv
2023-06-16,jepx-top8avg-kyushu,kyushu,11.7775,https://www.jepx.jp/_download.php?dir=spot_summary&file=spot_summary_2023.csv
2023-06-17,jepx-top8avg-kyushu,kyushu,12.78875,https://www.jepx.jp/_download.php?dir=spot_summary&file=spot_summary_2023.csv
2023-06-18,jepx-top8avg-kyushu,kyushu,10.43125,https://www.jepx.jp/_download.php?dir=spot_summary&file=spot_summary_2023.csv
2023-06-19,jepx-top8avg-kyushu,kyushu,12.25,https://www.jepx.jp/_download.php?dir=spot_summary&file=spot_summary_2023.csv
2023-06-20,jepx-top8avg-kyushu,kyushu,11.5225,https://www.jepx.jp/_download.php?dir=spot_summary&file=spot_summary_2023.csv
2023-06-21,jepx-top8avg-kyushu,kyushu,10.41875,https://www.jepx.jp/_download.php?dir=spot_summary&file=spot_summary_2023.csv
2023-06-22,jepx-top8avg-kyushu,kyushu,10.32125,https://www.jepx.jp/_download.php?dir=spot_summary&file=spot_summary_2023.csv
2023-06-23,jepx-top8avg-kyushu,kyushu,11.442499999999999,https://www.jepx.jp/_download.php?dir=spot_summary&file=spot_summary_2023.csv
2023-06-24,jepx-top8avg-kyushu,kyushu,9.248750000000001,https://www.jepx.jp/_download.php?dir=spot_summary&file=spot_summary_2023.csv
2023-06-25,jepx-top8avg-kyushu,kyushu,7.6362499999999995,https://www.jepx.jp/_download.php?dir=spot_summary&file=spot_summary_2023.csv
2023-06-26,jepx-top8avg-kyushu,kyushu,10.041250000000002,https://www.jepx.jp/_download.php?dir=spot_summary&file=spot_summary_2023.csv
2023-06-27,jepx-top8avg-kyushu,kyushu,14.8,https://www.jepx.jp/_download.php?dir=spot_summary&file=spot_summary_2023.csv
2023-06-28,jepx-top8avg-kyushu,kyushu,10.80125,https://www.jepx.jp/_download.php?dir=spot_summary&file=spot_summary_2023.csv
2023-06-29,jepx-top8avg-kyushu,kyushu,13.69375,https://www.jepx.jp/_download.php?dir=spot_summary&file=spot_summary_2023.csv
2023-06-30,jepx-top8avg-kyushu,kyushu,16.392500000000002,https://www.jepx.jp/_download.php?dir=spot_summary&file=spot_summary_2023.csv
2023-07-01,jepx-top8avg-kyushu,kyushu,10.9525,https://www.jepx.jp/_download.php?dir=spot_summary&file=spot_summary_2023.csv
2023-07-02,jepx-top8avg-kyushu,kyushu,9.861249999999998,https://www.jepx.jp/_download.php?dir=spot_summary&file=spot_summary_2023.csv
2023-07-03,jepx-top8avg-kyushu,kyushu,14.872499999999999,https://www.jepx.jp/_download.php?dir=spot_summary&file=spot_summary_2023.csv
2023-07-04,jepx-top8avg-kyushu,kyushu,14.985,https://www.jepx.jp/_download.php?dir=spot_summary&file=spot_summary_2023.csv
2023-07-05,jepx-top8avg-kyushu,kyushu,12.9475,https://www.jepx.jp/_download.php?dir=spot_summary&file=spot_summary_2023.csv
2023-07-06,jepx-top8avg-kyushu,kyushu,14.290000000000001,https://www.jepx.jp/_download.php?dir=spot_summary&file=spot_summary_2023.csv
2023-07-07,jepx-top8avg-kyushu,kyushu,15.170000000000002,https://www.jepx.jp/_download.php?dir=spot_summary&file=spot_summary_2023.csv
2023-07-08,jepx-top8avg-kyushu,kyushu,11.815000000000001,https://www.jepx.jp/_download.php?dir=spot_summary&file=spot_summary_2023.csv
2023-07-09,jepx-top8avg-kyushu,kyushu,10.5025,https://www.jepx.jp/_download.php?dir=spot_summary&file=spot_summary_2023.csv
2023-07-10,jepx-top8avg-kyushu,kyushu,14.486249999999998,https://www.jepx.jp/_download.php?dir=spot_summary&file=spot_summary_2023.csv
2023-07-11,jepx-top8avg-kyushu,kyushu,12.161249999999999,https://www.jepx.jp/_download.php?dir=spot_summary&file=spot_summary_2023.csv
2023-07-12,jepx-top8avg-kyushu,kyushu,13.1775,https://www.jepx.jp/_download.php?dir=spot_summary&file=spot_summary_2023.csv
2023-07-13,jepx-top8avg-kyushu,kyushu,14.568750000000001,https://www.jepx.jp/_download.php?dir=spot_summary&file=spot_summary_2023.csv
2023-07-14,jepx-top8avg-kyushu,kyushu,14.28125,https://www.jepx.jp/_download.php?dir=spot_summary&file=spot_summary_2023.csv
2023-07-15,jepx-top8avg-kyushu,kyushu,13.27,https://www.jepx.jp/_download.php?dir=spot_summary&file=spot_summary_2023.csv
2023-07-16,jepx-top8avg-kyushu,kyushu,13.21375,https://www.jepx.jp/_download.php?dir=spot_summary&file=spot_summary_2023.csv
2023-07-17,jepx-top8avg-kyushu,kyushu,16.93875,https://www.jepx.jp/_download.php?dir=spot_summary&file=spot_summary_2023.csv
2023-07-18,jepx-top8avg-kyushu,kyushu,18.21125,https://www.jepx.jp/_download.php?dir=spot_summary&file=spot_summary_2023.csv
2023-07-19,jepx-top8avg-kyushu,kyushu,15.15875,https://www.jepx.jp/_download.php?dir=spot_summary&file=spot_summary_2023.csv
2023-07-20,jepx-top8avg-kyushu,kyushu,15.18375,https://www.jepx.jp/_download.php?dir=spot_summary&file=spot_summary_2023.csv
2023-07-21,jepx-top8avg-kyushu,kyushu,15.568750000000001,https://www.jepx.jp/_download.php?dir=spot_summary&file=spot_summary_2023.csv
2023-07-22,jepx-top8avg-kyushu,kyushu,12.11375,https://www.jepx.jp/_download.php?dir=spot_summary&file=spot_summary_2023.csv
2023-07-23,jepx-top8avg-kyushu,kyushu,11.9225,https://www.jepx.jp/_download.php?dir=spot_summary&file=spot_summary_2023.csv
2023-07-24,jepx-top8avg-kyushu,kyushu,16.74125,https://www.jepx.jp/_download.php?dir=spot_summary&file=spot_summary_2023.csv
2023-07-25,jepx-top8avg-kyushu,kyushu,16.19375,https://www.jepx.jp/_download.php?dir=spot_summary&file=spot_summary_2023.csv
2023-07-26,jepx-top8avg-kyushu,kyushu,16.096249999999998,https://www.jepx.jp/_download.php?dir=spot_summary&file=spot_summary_2023.csv
2023-07-27,jepx-top8avg-kyushu,kyushu,18.11625,https://www.jepx.jp/_download.php?dir=spot_summary&file=spot_summary_2023.csv
2023-07-28,jepx-top8avg-kyushu,kyushu,16.8,https://www.jepx.jp/_download.php?dir=spot_summary&file=spot_summary_2023.csv
2023-07-29,jepx-top8avg-kyushu,kyushu,14.849999999999998,https://www.jepx.jp/_download.php?dir=spot_summary&file=spot_summary_2023.csv
2023-07-30,jepx-top8avg-kyushu,kyushu,14.55375,https://www.jepx.jp/_download.php?dir=spot_summary&file=spot_summary_2023.csv
2023-07-31,jepx-top8avg-kyushu,kyushu,18.09625,https://www.jepx.jp/_download.php?dir=spot_summary&file=spot_summary_2023.csv
2023-08-01,jepx-top8avg-kyushu,kyushu,17.2775,https://www.jepx.jp/_download.php?dir=spot_summary&file=spot_summary_2023.csv
2023-08-02,jepx-top8avg-kyushu,kyushu,16.835,https://www.jepx.jp/_download.php?dir=spot_summary&file=spot_summary_2023.csv
2023-08-03,jepx-top8avg-kyushu,kyushu,17.8375,https://www.jepx.jp/_download.php?dir=spot_summary&file=spot_summary_2023.csv
2023-08-04,jepx-top8avg-kyushu,kyushu,17.54,https://www.jepx.jp/_download.php?dir=spot_summary&file=spot_summary_2023.csv
2023-08-05,jepx-top8avg-kyushu,kyushu,12.61,https://www.jepx.jp/_download.php?dir=spot_summary&file=spot_summary_2023.csv
2023-08-06,jepx-top8avg-kyushu,kyushu,13.6325,https://www.jepx.jp/_download.php?dir=spot_summary&file=spot_summary_2023.csv
2023-08-07,jepx-top8avg-kyushu,kyushu,17.228749999999998,https://www.jepx.jp/_download.php?dir=spot_summary&file=spot_summary_2023.csv
2023-08-08,jepx-top8avg-kyushu,kyushu,17.45,https://www.jepx.jp/_download.php?dir=spot_summary&file=spot_summary_2023.csv
2023-08-09,jepx-top8avg-kyushu,kyushu,17.448749999999997,https://www.jepx.jp/_download.php?dir=spot_summary&file=spot_summary_2023.csv
2023-08-10,jepx-top8avg-kyushu,kyushu,16.853749999999998,https://www.jepx.jp/_download.php?dir=spot_summary&file=spot_summary_2023.csv
2023-08-11,jepx-top8avg-kyushu,kyushu,15.815000000000001,https://www.jepx.jp/_download.php?dir=spot_summary&file=spot_summary_2023.csv
2023-08-12,jepx-top8avg-kyushu,kyushu,16.155,https://www.jepx.jp/_download.php?dir=spot_summary&file=spot_summary_2023.csv
2023-08-13,jepx-top8avg-kyushu,kyushu,15.8325,https://www.jepx.jp/_download.php?dir=spot_summary&file=spot_summary_2023.csv
2023-08-14,jepx-top8avg-kyushu,kyushu,15.0125,https://www.jepx.jp/_download.php?dir=spot_summary&file=spot_summary_2023.csv
2023-08-15,jepx-top8avg-kyushu,kyushu,13.44875,https://www.jepx.jp/_download.php?dir=spot_summary&file=spot_summary_2023.csv
2023-08-16,jepx-top8avg-kyushu,kyushu,14.129999999999999,https://www.jepx.jp/_download.php?dir=spot_summary&file=spot_summary_2023.csv
2023-08-17,jepx-top8avg-kyushu,kyushu,14.813749999999999,https://www.jepx.jp/_download.php?dir=spot_summary&file=spot_summary_2023.csv
2023-08-18,jepx-top8avg-kyushu,kyushu,15.4525,https://www.jepx.jp/_download.php?dir=spot_summary&file=spot_summary_2023.csv
2023-08-19,jepx-top8avg-kyushu,kyushu,13.83875,https://www.jepx.jp/_download.php?dir=spot_summary&file=spot_summary_2023.csv
2023-08-20,jepx-top8avg-kyushu,kyushu,13.39125,https://www.jepx.jp/_download.php?dir=spot_summary&file=spot_summary_2023.csv
2023-08-21,jepx-top8avg-kyushu,kyushu,16.08125,https://www.jepx.jp/_download.php?dir=spot_summary&file=spot_summary_2023.csv
2023-08-22,jepx-top8avg-kyushu,kyushu,17.088749999999997,https://www.jepx.jp/_download.php?dir=spot_summary&file=spot_summary_2023.csv
2023-08-23,jepx-top8avg-kyushu,kyushu,17.105,https://www.jepx.jp/_download.php?dir=spot_summary&file=spot_summary_2023.csv
2023-08-24,jepx-top8avg-kyushu,kyushu,16.64,https://www.jepx.jp/_download.php?dir=spot_summary&file=spot_summary_2023.csv
2023-08-25,jepx-top8avg-kyushu,kyushu,15.9675,https://www.jepx.jp/_download.php?dir=spot_summary&file=spot_summary_2023.csv
2023-08-26,jepx-top8avg-kyushu,kyushu,14.67125,https://www.jepx.jp/_download.php?dir=spot_summary&file=spot_summary_2023.csv
2023-08-27,jepx-top8avg-kyushu,kyushu,13.1225,https://www.jepx.jp/_download.php?dir=spot_summary&file=spot_summary_2023.csv
2023-08-28,jepx-top8avg-kyushu,kyushu,19.00125,https://www.jepx.jp/_download.php?dir=spot_summary&file=spot_summary_2023.csv
2023-08-29,jepx-top8avg-kyushu,kyushu,19.105,https://www.jepx.jp/_download.php?dir=spot_summary&file=spot_summary_2023.csv
2023-08-30,jepx-top8avg-kyushu,kyushu,19.807499999999997,https://www.jepx.jp/_download.php?dir=spot_summary&file=spot_summary_2023.csv
2023-08-31,jepx-top8avg-kyushu,kyushu,22.56625,https://www.jepx.jp/_download.php?dir=spot_summary&file=spot_summary_2023.csv
2023-09-01,jepx-top8avg-kyushu,kyushu,19.62125,https://www.jepx.jp/_download.php?dir=spot_summary&file=spot_summary_2023.csv
2023-09-02,jepx-top8avg-kyushu,kyushu,15.421249999999999,https://www.jepx.jp/_download.php?dir=spot_summary&file=spot_summary_2023.csv
2023-09-03,jepx-top8avg-kyushu,kyushu,14.42,https://www.jepx.jp/_download.php?dir=spot_summary&file=spot_summary_2023.csv
2023-09-04,jepx-top8avg-kyushu,kyushu,18.6675,https://www.jepx.jp/_download.php?dir=spot_summary&file=spot_summary_2023.csv
2023-09-05,jepx-top8avg-kyushu,kyushu,19.06125,https://www.jepx.jp/_download.php?dir=spot_summary&file=spot_summary_2023.csv
2023-09-06,jepx-top8avg-kyushu,kyushu,15.49125,https://www.jepx.jp/_download.php?dir=spot_summary&file=spot_summary_2023.csv
2023-09-07,jepx-top8avg-kyushu,kyushu,16.0475,https://www.jepx.jp/_download.php?dir=spot_summary&file=spot_summary_2023.csv
2023-09-08,jepx-top8avg-kyushu,kyushu,14.7825,https://www.jepx.jp/_download.php?dir=spot_summary&file=spot_summary_2023.csv
2023-09-09,jepx-top8avg-kyushu,kyushu,13.2225,https://www.jepx.jp/_download.php?dir=spot_summary&file=spot_summary_2023.csv
2023-09-10,jepx-top8avg-kyushu,kyushu,13.094999999999999,https://www.jepx.jp/_download.php?dir=spot_summary&file=spot_summary_2023.csv
2023-09-11,jepx-top8avg-kyushu,kyushu,15.22125,https://www.jepx.jp/_download.php?dir=spot_summary&file=spot_summary_2023.csv
2023-09-12,jepx-top8avg-kyushu,kyushu,15.877500000000001,https://www.jepx.jp/_download.php?dir=spot_summary&file=spot_summary_2023.csv
2023-09-13,jepx-top8avg-kyushu,kyushu,16.236250000000002,https://www.jepx.jp/_download.php?dir=spot_summary&file=spot_summary_2023.csv
2023-09-14,jepx-top8avg-kyushu,kyushu,17.09125,https://www.jepx.jp/_download.php?dir=spot_summary&file=spot_summary_2023.csv
2023-09-15,jepx-top8avg-kyushu,kyushu,18.705,https://www.jepx.jp/_download.php?dir=spot_summary&file=spot_summary_2023.csv
2023-09-16,jepx-top8avg-kyushu,kyushu,16.44625,https://www.jepx.jp/_download.php?dir=spot_summary&file=spot_summary_2023.csv
2023-09-17,jepx-top8avg-kyushu,kyushu,20.3425,https://www.jepx.jp/_download.php?dir=spot_summary&file=spot_summary_2023.csv
2023-09-18,jepx-top8avg-kyushu,kyushu,21.3675,https://www.jepx.jp/_download.php?dir=spot_summary&file=spot_summary_2023.csv
2023-09-19,jepx-top8avg-kyushu,kyushu,34.2025,https://www.jepx.jp/_download.php?dir=spot_summary&file=spot_summary_2023.csv
2023-09-20,jepx-top8avg-kyushu,kyushu,31.506249999999998,https://www.jepx.jp/_download.php?dir=spot_summary&file=spot_summary_2023.csv
2023-09-21,jepx-top8avg-kyushu,kyushu,30.7425,https://www.jepx.jp/_download.php?dir=spot_summary&file=spot_summary_2023.csv
2023-09-22,jepx-top8avg-kyushu,kyushu,16.73625,https://www.jepx.jp/_download.php?dir=spot_summary&file=spot_summary_2023.csv
2023-09-23,jepx-top8avg-kyushu,kyushu,11.1675,https://www.jepx.jp/_download.php?dir=spot_summary&file=spot_summary_2023.csv
2023-09-24,jepx-top8avg-kyushu,kyushu,12.693750000000001,https://www.jepx.jp/_download.php?dir=spot_summary&file=spot_summary_2023.csv
2023-09-25,jepx-top8avg-kyushu,kyushu,15.502500000000001,https://www.jepx.jp/_download.php?dir=spot_summary&file=spot_summary_2023.csv
2023-09-26,jepx-top8avg-kyushu,kyushu,17.0925,https://www.jepx.jp/_download.php?dir=spot_summary&file=spot_summary_2023.csv
2023-09-27,jepx-top8avg-kyushu,kyushu,16.72375,https://www.jepx.jp/_download.php?dir=spot_summary&file=spot_summary_2023.csv
2023-09-28,jepx-top8avg-kyushu,kyushu,16.8525,https://www.jepx.jp/_download.php?dir=spot_summary&file=spot_summary_2023.csv
2023-09-29,jepx-top8avg-kyushu,kyushu,16.51125,https://www.jepx.jp/_download.php?dir=spot_summary&file=spot_summary_2023.csv
2023-09-30,jepx-top8avg-kyushu,kyushu,12.024999999999999,https://www.jepx.jp/_download.php?dir=spot_summary&file=spot_summary_2023.csv
2023-10-01,jepx-top8avg-kyushu,kyushu,10.7525,https://www.jepx.jp/_download.php?dir=spot_summary&file=spot_summary_2023.csv
2023-10-02,jepx-top8avg-kyushu,kyushu,13.785,https://www.jepx.jp/_download.php?dir=spot_summary&file=spot_summary_2023.csv
2023-10-03,jepx-top8avg-kyushu,kyushu,16.12375,https://www.jepx.jp/_download.php?dir=spot_summary&file=spot_summary_2023.csv
2023-10-04,jepx-top8avg-kyushu,kyushu,14.63125,https://www.jepx.jp/_download.php?dir=spot_summary&file=spot_summary_2023.csv
2023-10-05,jepx-top8avg-kyushu,kyushu,12.125,https://www.jepx.jp/_download.php?dir=spot_summary&file=spot_summary_2023.csv
2023-10-06,jepx-top8avg-kyushu,kyushu,11.0525,https://www.jepx.jp/_download.php?dir=spot_summary&file=spot_summary_2023.csv
2023-10-07,jepx-top8avg-kyushu,kyushu,12.3,https://www.jepx.jp/_download.php?dir=spot_summary&file=spot_summary_2023.csv
2023-10-08,jepx-top8avg-kyushu,kyushu,12.5075,https://www.jepx.jp/_download.php?dir=spot_summary&file=spot_summary_2023.csv
2023-10-09,jepx-top8avg-kyushu,kyushu,11.672500000000001,https://www.jepx.jp/_download.php?dir=spot_summary&file=spot_summary_2023.csv
2023-10-10,jepx-top8avg-kyushu,kyushu,12.18,https://www.jepx.jp/_download.php?dir=spot_summary&file=spot_summary_2023.csv
2023-10-11,jepx-top8avg-kyushu,kyushu,12.44625,https://www.jepx.jp/_download.php?dir=spot_summary&file=spot_summary_2023.csv
2023-10-12,jepx-top8avg-kyushu,kyushu,11.9825,https://www.jepx.jp/_download.php?dir=spot_summary&file=spot_summary_2023.csv
2023-10-13,jepx-top8avg-kyushu,kyushu,12.4125,https://www.jepx.jp/_download.php?dir=spot_summary&file=spot_summary_2023.csv
2023-10-14,jepx-top8avg-kyushu,kyushu,12.60125,https://www.jepx.jp/_download.php?dir=spot_summary&file=spot_summary_2023.csv
2023-10-15,jepx-top8avg-kyushu,kyushu,12.515,https://www.jepx.jp/_download.php?dir=spot_summary&file=spot_summary_2023.csv
2023-10-16,jepx-top8avg-kyushu,kyushu,16.580000000000002,https://www.jepx.jp/_download.php?dir=spot_summary&file=spot_summary_2023.csv
2023-10-17,jepx-top8avg-kyushu,kyushu,14.678749999999999,https://www.jepx.jp/_download.php?dir=spot_summary&file=spot_summary_2023.csv
2023-10-18,jepx-top8avg-kyushu,kyushu,17.48625,https://www.jepx.jp/_download.php?dir=spot_summary&file=spot_summary_2023.csv
2023-10-19,jepx-top8avg-kyushu,kyushu,18.81,https://www.jepx.jp/_download.php?dir=spot_summary&file=spot_summary_2023.csv
2023-10-20,jepx-top8avg-kyushu,kyushu,14.15375,https://www.jepx.jp/_download.php?dir=spot_summary&file=spot_summary_2023.csv
2023-10-21,jepx-top8avg-kyushu,kyushu,13.425,https://www.jepx.jp/_download.php?dir=spot_summary&file=spot_summary_2023.csv
2023-10-22,jepx-top8avg-kyushu,kyushu,12.5025,https://www.jepx.jp/_download.php?dir=spot_summary&file=spot_summary_2023.csv
2023-10-23,jepx-top8avg-kyushu,kyushu,15.49625,https://www.jepx.jp/_download.php?dir=spot_summary&file=spot_summary_2023.csv
2023-10-24,jepx-top8avg-kyushu,kyushu,16.6075,https://www.jepx.jp/_download.php?dir=spot_summary&file=spot_summary_2023.csv
2023-10-25,jepx-top8avg-kyushu,kyushu,15.986249999999998,https://www.jepx.jp/_download.php?dir=spot_summary&file=spot_summary_2023.csv
2023-10-26,jepx-top8avg-kyushu,kyushu,14.852500000000001,https://www.jepx.jp/_download.php?dir=spot_summary&file=spot_summary_2023.csv
2023-10-27,jepx-top8avg-kyushu,kyushu,15.705,https://www.jepx.jp/_download.php?dir=spot_summary&file=spot_summary_2023.csv
2023-10-28,jepx-top8avg-kyushu,kyushu,12.938749999999999,https://www.jepx.jp/_download.php?dir=spot_summary&file=spot_summary_2023.csv
2023-10-29,jepx-top8avg-kyushu,kyushu,11.147499999999999,https://www.jepx.jp/_download.php?dir=spot_summary&file=spot_summary_2023.csv
2023-10-30,jepx-top8avg-kyushu,kyushu,12.84625,https://www.jepx.jp/_download.php?dir=spot_summary&file=spot_summary_2023.csv
2023-10-31,jepx-top8avg-kyushu,kyushu,13.73875,https://www.jepx.jp/_download.php?dir=spot_summary&file=spot_summary_2023.csv
2023-11-01,jepx-top8avg-kyushu,kyushu,12.9375,https://www.jepx.jp/_download.php?dir=spot_summary&file=spot_summary_2023.csv
2023-11-02,jepx-top8avg-kyushu,kyushu,12.052499999999998,https://www.jepx.jp/_download.php?dir=spot_summary&file=spot_summary_2023.csv
2023-11-03,jepx-top8avg-kyushu,kyushu,11.67125,https://www.jepx.jp/_download.php?dir=spot_summary&file=spot_summary_2023.csv
2023-11-04,jepx-top8avg-kyushu,kyushu,12.355,https://www.jepx.jp/_download.php?dir=spot_summary&file=spot_summary_2023.csv
2023-11-05,jepx-top8avg-kyushu,kyushu,12.415000000000001,https://www.jepx.jp/_download.php?dir=spot_summary&file=spot_summary_2023.csv
2023-11-06,jepx-top8avg-kyushu,kyushu,15.83,https://www.jepx.jp/_download.php?dir=spot_summary&file=spot_summary_2023.csv
2023-11-07,jepx-top8avg-kyushu,kyushu,14.1725,https://www.jepx.jp/_download.php?dir=spot_summary&file=spot_summary_2023.csv
2023-11-08,jepx-top8avg-kyushu,kyushu,17.605,https://www.jepx.jp/_download.php?dir=spot_summary&file=spot_summary_2023.csv
2023-11-09,jepx-top8avg-kyushu,kyushu,15.908750000000001,https://www.jepx.jp/_download.php?dir=spot_summary&file=spot_summary_2023.csv
2023-11-10,jepx-top8avg-kyushu,kyushu,19.25125,https://www.jepx.jp/_download.php?dir=spot_summary&file=spot_summary_2023.csv
2023-11-11,jepx-top8avg-kyushu,kyushu,15.36125,https://www.jepx.jp/_download.php?dir=spot_summary&file=spot_summary_2023.csv
2023-11-12,jepx-top8avg-kyushu,kyushu,14.0125,https://www.jepx.jp/_download.php?dir=spot_summary&file=spot_summary_2023.csv
2023-11-13,jepx-top8avg-kyushu,kyushu,21.3775,https://www.jepx.jp/_download.php?dir=spot_summary&file=spot_summary_2023.csv
2023-11-14,jepx-top8avg-kyushu,kyushu,22.69,https://www.jepx.jp/_download.php?dir=spot_summary&file=spot_summary_2023.csv
2023-11-15,jepx-top8avg-kyushu,kyushu,22.05625,https://www.jepx.jp/_download.php?dir=spot_summary&file=spot_summary_2023.csv
2023-11-16,jepx-top8avg-kyushu,kyushu,20.93875,https://www.jepx.jp/_download.php?dir=spot_summary&file=spot_summary_2023.csv
2023-11-17,jepx-top8avg-kyushu,kyushu,20.64375,https://www.jepx.jp/_download.php?dir=spot_summary&file=spot_summary_2023.csv
2023-11-18,jepx-top8avg-kyushu,kyushu,22.09375,https://www.jepx.jp/_download.php?dir=spot_summary&file=spot_summary_2023.csv
2023-11-19,jepx-top8avg-kyushu,kyushu,16.435000000000002,https://www.jepx.jp/_download.php?dir=spot_summary&file=spot_summary_2023.csv
2023-11-20,jepx-top8avg-kyushu,kyushu,21.675,https://www.jepx.jp/_download.php?dir=spot_summary&file=spot_summary_2023.csv
2023-11-21,jepx-top8avg-kyushu,kyushu,20.96,https://www.jepx.jp/_download.php?dir=spot_summary&file=spot_summary_2023.csv
2023-11-22,jepx-top8avg-kyushu,kyushu,21.08,https://www.jepx.jp/_download.php?dir=spot_summary&file=spot_summary_2023.csv
2023-11-23,jepx-top8avg-kyushu,kyushu,15.463750000000001,https://www.jepx.jp/_download.php?dir=spot_summary&file=spot_summary_2023.csv
2023-11-24,jepx-top8avg-kyushu,kyushu,19.46,https://www.jepx.jp/_download.php?dir=spot_summary&file=spot_summary_2023.csv
2023-11-25,jepx-top8avg-kyushu,kyushu,20.375,https://www.jepx.jp/_download.php?dir=spot_summary&file=spot_summary_2023.csv
2023-11-26,jepx-top8avg-kyushu,kyushu,18.033749999999998,https://www.jepx.jp/_download.php?dir=spot_summary&file=spot_summary_2023.csv
2023-11-27,jepx-top8avg-kyushu,kyushu,20.195,https://www.jepx.jp/_download.php?dir=spot_summary&file=spot_summary_2023.csv
2023-11-28,jepx-top8avg-kyushu,kyushu,17.3575,https://www.jepx.jp/_download.php?dir=spot_summary&file=spot_summary_2023.csv
2023-11-29,jepx-top8avg-kyushu,kyushu,20.697499999999998,https://www.jepx.jp/_download.php?dir=spot_summary&file=spot_summary_2023.csv
2023-11-30,jepx-top8avg-kyushu,kyushu,20.17125,https://www.jepx.jp/_download.php?dir=spot_summary&file=spot_summary_2023.csv
2023-12-01,jepx-top8avg-kyushu,kyushu,21.0725,https://www.jepx.jp/_download.php?dir=spot_summary&file=spot_summary_2023.csv
2023-12-02,jepx-top8avg-kyushu,kyushu,15.600000000000001,https://www.jepx.jp/_download.php?dir=spot_summary&file=spot_summary_2023.csv
2023-12-03,jepx-top8avg-kyushu,kyushu,14.923750000000002,https://www.jepx.jp/_download.php?dir=spot_summary&file=spot_summary_2023.csv
2023-12-04,jepx-top8avg-kyushu,kyushu,17.911250000000003,https://www.jepx.jp/_download.php?dir=spot_summary&file=spot_summary_2023.csv
2023-12-05,jepx-top8avg-kyushu,kyushu,19.572499999999998,https://www.jepx.jp/_download.php?dir=spot_summary&file=spot_summary_2023.csv
2023-12-06,jepx-top8avg-kyushu,kyushu,18.2025,https://www.jepx.jp/_download.php?dir=spot_summary&file=spot_summary_2023.csv
2023-12-07,jepx-top8avg-kyushu,kyushu,16.265,https://www.jepx.jp/_download.php?dir=spot_summary&file=spot_summary_2023.csv
2023-12-08,jepx-top8avg-kyushu,kyushu,17.55875,https://www.jepx.jp/_download.php?dir=spot_summary&file=spot_summary_2023.csv
2023-12-09,jepx-top8avg-kyushu,kyushu,12.932500000000001,https://www.jepx.jp/_download.php?dir=spot_summary&file=spot_summary_2023.csv
2023-12-10,jepx-top8avg-kyushu,kyushu,11.721250000000001,https://www.jepx.jp/_download.php?dir=spot_summary&file=spot_summary_2023.csv
2023-12-11,jepx-top8avg-kyushu,kyushu,13.625,https://www.jepx.jp/_download.php?dir=spot_summary&file=spot_summary_2023.csv
2023-12-12,jepx-top8avg-kyushu,kyushu,12.90125,https://www.jepx.jp/_download.php?dir=spot_summary&file=spot_summary_2023.csv
2023-12-13,jepx-top8avg-kyushu,kyushu,14.17875,https://www.jepx.jp/_download.php?dir=spot_summary&file=spot_summary_2023.csv
2023-12-14,jepx-top8avg-kyushu,kyushu,13.901250000000001,https://www.jepx.jp/_download.php?dir=spot_summary&file=spot_summary_2023.csv
2023-12-15,jepx-top8avg-kyushu,kyushu,12.504999999999999,https://www.jepx.jp/_download.php?dir=spot_summary&file=spot_summary_2023.csv
2023-12-16,jepx-top8avg-kyushu,kyushu,12.38875,https://www.jepx.jp/_download.php?dir=spot_summary&file=spot_summary_2023.csv
2023-12-17,jepx-top8avg-kyushu,kyushu,15.11625,https://www.jepx.jp/_download.php?dir=spot_summary&file=spot_summary_2023.csv
2023-12-18,jepx-top8avg-kyushu,kyushu,24.5675,https://www.jepx.jp/_download.php?dir=spot_summary&file=spot_summary_2023.csv
2023-12-19,jepx-top8avg-kyushu,kyushu,20.3325,https://www.jepx.jp/_download.php?dir=spot_summary&file=spot_summary_2023.csv
2023-12-20,jepx-top8avg-kyushu,kyushu,16.47375,https://www.jepx.jp/_download.php?dir=spot_summary&file=spot_summary_2023.csv
2023-12-21,jepx-top8avg-kyushu,kyushu,24.092499999999998,https://www.jepx.jp/_download.php?dir=spot_summary&file=spot_summary_2023.csv
2023-12-22,jepx-top8avg-kyushu,kyushu,25.39875,https://www.jepx.jp/_download.php?dir=spot_summary&file=spot_summary_2023.csv
2023-12-23,jepx-top8avg-kyushu,kyushu,15.08,https://www.jepx.jp/_download.php?dir=spot_summary&file=spot_summary_2023.csv
2023-12-24,jepx-top8avg-kyushu,kyushu,13.11,https://www.jepx.jp/_download.php?dir=spot_summary&file=spot_summary_2023.csv
2023-12-25,jepx-top8avg-kyushu,kyushu,14.351249999999999,https://www.jepx.jp/_download.php?dir=spot_summary&file=spot_summary_2023.csv
2023-12-26,jepx-top8avg-kyushu,kyushu,13.265,https://www.jepx.jp/_download.php?dir=spot_summary&file=spot_summary_2023.csv
2023-12-27,jepx-top8avg-kyushu,kyushu,13.815,https://www.jepx.jp/_download.php?dir=spot_summary&file=spot_summary_2023.csv
2023-12-28,jepx-top8avg-kyushu,kyushu,12.37,https://www.jepx.jp/_download.php?dir=spot_summary&file=spot_summary_2023.csv
2023-12-29,jepx-top8avg-kyushu,kyushu,12.287500000000001,https://www.jepx.jp/_download.php?dir=spot_summary&file=spot_summary_2023.csv
2023-12-30,jepx-top8avg-kyushu,kyushu,11.17125,https://www.jepx.jp/_download.php?dir=spot_summary&file=spot_summary_2023.csv
2023-12-31,jepx-top8avg-kyushu,kyushu,11.254999999999999,https://www.jepx.jp/_download.php?dir=spot_summary&file=spot_summary_2023.csv
2024-01-01,jepx-top8avg-kyushu,kyushu,11.786249999999999,https://www.jepx.jp/_download.php?dir=spot_summary&file=spot_summary_2023.csv
2024-01-02,jepx-top8avg-kyushu,kyushu,11.4375,https://www.jepx.jp/_download.php?dir=spot_summary&file=spot_summary_2023.csv
2024-01-03,jepx-top8avg-kyushu,kyushu,11.49625,https://www.jepx.jp/_download.php?dir=spot_summary&file=spot_summary_2023.csv
2024-01-04,jepx-top8avg-kyushu,kyushu,11.23625,https://www.jepx.jp/_download.php?dir=spot_summary&file=spot_summary_2023.csv
2024-01-05,jepx-top8avg-kyushu,kyushu,11.838750000000001,https://www.jepx.jp/_download.php?dir=spot_summary&file=spot_summary_2023.csv
2024-01-06,jepx-top8avg-kyushu,kyushu,10.8125,https://www.jepx.jp/_download.php?dir=spot_summary&file=spot_summary_2023.csv
2024-01-07,jepx-top8avg-kyushu,kyushu,11.747499999999999,https://www.jepx.jp/_download.php?dir=spot_summary&file=spot_summary_2023.csv
2024-01-08,jepx-top8avg-kyushu,kyushu,13.18875,https://www.jepx.jp/_download.php?dir=spot_summary&file=spot_summary_2023.csv
2024-01-09,jepx-top8avg-kyushu,kyushu,13.9675,https://www.jepx.jp/_download.php?dir=spot_summary&file=spot_summary_2023.csv
2024-01-10,jepx-top8avg-kyushu,kyushu,14.105,https://www.jepx.jp/_download.php?dir=spot_summary&file=spot_summary_2023.csv
2024-01-11,jepx-top8avg-kyushu,kyushu,14.436250000000001,https://www.jepx.jp/_download.php?dir=spot_summary&file=spot_summary_2023.csv
2024-01-12,jepx-top8avg-kyushu,kyushu,12.9375,https://www.jepx.jp/_download.php?dir=spot_summary&file=spot_summary_2023.csv
2024-01-13,jepx-top8avg-kyushu,kyushu,12.47625,https://www.jepx.jp/_download.php?dir=spot_summary&file=spot_summary_2023.csv
2024-01-14,jepx-top8avg-kyushu,kyushu,10.923750000000002,https://www.jepx.jp/_download.php?dir=spot_summary&file=spot_summary_2023.csv
2024-01-15,jepx-top8avg-kyushu,kyushu,14.08375,https://www.jepx.jp/_download.php?dir=spot_summary&file=spot_summary_2023.csv
2024-01-16,jepx-top8avg-kyushu,kyushu,16.216250000000002,https://www.jepx.jp/_download.php?dir=spot_summary&file=spot_summary_2023.csv
2024-01-17,jepx-top8avg-kyushu,kyushu,15.0025,https://www.jepx.jp/_download.php?dir=spot_summary&file=spot_summary_2023.csv
2024-01-18,jepx-top8avg-kyushu,kyushu,14.96,https://www.jepx.jp/_download.php?dir=spot_summary&file=spot_summary_2023.csv
2024-01-19,jepx-top8avg-kyushu,kyushu,11.3675,https://www.jepx.jp/_download.php?dir=spot_summary&file=spot_summary_2023.csv
2024-01-20,jepx-top8avg-kyushu,kyushu,10.837499999999999,https://www.jepx.jp/_download.php?dir=spot_summary&file=spot_summary_2023.csv
2024-01-21,jepx-top8avg-kyushu,kyushu,9.29,https://www.jepx.jp/_download.php?dir=spot_summary&file=spot_summary_2023.csv
2024-01-22,jepx-top8avg-kyushu,kyushu,11.27375,https://www.jepx.jp/_download.php?dir=spot_summary&file=spot_summary_2023.csv
2024-01-23,jepx-top8avg-kyushu,kyushu,15.5825,https://www.jepx.jp/_download.php?dir=spot_summary&file=spot_summary_2023.csv
2024-01-24,jepx-top8avg-kyushu,kyushu,19.771250000000002,https://www.jepx.jp/_download.php?dir=spot_summary&file=spot_summary_2023.csv
2024-01-25,jepx-top8avg-kyushu,kyushu,20.1175,https://www.jepx.jp/_download.php?dir=spot_summary&file=spot_summary_2023.csv
2024-01-26,jepx-top8avg-kyushu,kyushu,16.21875,https://www.jepx.jp/_download.php?dir=spot_summary&file=spot_summary_2023.csv
2024-01-27,jepx-top8avg-kyushu,kyushu,12.4275,https://www.jepx.jp/_download.php?dir=spot_summary&file=spot_summary_2023.csv
2024-01-28,jepx-top8avg-kyushu,kyushu,10.004999999999999,https://www.jepx.jp/_download.php?dir=spot_summary&file=spot_summary_2023.csv
2024-01-29,jepx-top8avg-kyushu,kyushu,11.73375,https://www.jepx.jp/_download.php?dir=spot_summary&file=spot_summary_2023.csv
2024-01-30,jepx-top8avg-kyushu,kyushu,11.1025,https://www.jepx.jp/_download.php?dir=spot_summary&file=spot_summary_2023.csv
2024-01-31,jepx-top8avg-kyushu,kyushu,11.785,https://www.jepx.jp/_download.php?dir=spot_summary&file=spot_summary_2023.csv
2024-02-01,jepx-top8avg-kyushu,kyushu,11.4125,https://www.jepx.jp/_download.php?dir=spot_summary&file=spot_summary_2023.csv
2024-02-02,jepx-top8avg-kyushu,kyushu,12.93375,https://www.jepx.jp/_download.php?dir=spot_summary&file=spot_summary_2023.csv
2024-02-03,jepx-top8avg-kyushu,kyushu,11.05125,https://www.jepx.jp/_download.php?dir=spot_summary&file=spot_summary_2023.csv
2024-02-04,jepx-top8avg-kyushu,kyushu,11.385,https://www.jepx.jp/_download.php?dir=spot_summary&file=spot_summary_2023.csv
2024-02-05,jepx-top8avg-kyushu,kyushu,16.619999999999997,https://www.jepx.jp/_download.php?dir=spot_summary&file=spot_summary_2023.csv
2024-02-06,jepx-top8avg-kyushu,kyushu,13.64875,https://www.jepx.jp/_download.php?dir=spot_summary&file=spot_summary_2023.csv
2024-02-07,jepx-top8avg-kyushu,kyushu,13.85125,https://www.jepx.jp/_download.php?dir=spot_summary&file=spot_summary_2023.csv
2024-02-08,jepx-top8avg-kyushu,kyushu,12.34375,https://www.jepx.jp/_download.php?dir=spot_summary&file=spot_summary_2023.csv
2024-02-09,jepx-top8avg-kyushu,kyushu,12.15125,https://www.jepx.jp/_download.php?dir=spot_summary&file=spot_summary_2023.csv
2024-02-10,jepx-top8avg-kyushu,kyushu,10.5975,https://www.jepx.jp/_download.php?dir=spot_summary&file=spot_summary_2023.csv
2024-02-11,jepx-top8avg-kyushu,kyushu,11.16125,https://www.jepx.jp/_download.php?dir=spot_summary&file=spot_summary_2023.csv
2024-02-12,jepx-top8avg-kyushu,kyushu,10.49625,https://www.jepx.jp/_download.php?dir=spot_summary&file=spot_summary_2023.csv
2024-02-13,jepx-top8avg-kyushu,kyushu,9.79625,https://www.jepx.jp/_download.php?dir=spot_summary&file=spot_summary_2023.csv
2024-02-14,jepx-top8avg-kyushu,kyushu,9.3375,https://www.jepx.jp/_download.php?dir=spot_summary&file=spot_summary_2023.csv
2024-02-15,jepx-top8avg-kyushu,kyushu,10.181249999999999,https://www.jepx.jp/_download.php?dir=spot_summary&file=spot_summary_2023.csv
2024-02-16,jepx-top8avg-kyushu,kyushu,12.87875,https://www.jepx.jp/_download.php?dir=spot_summary&file=spot_summary_2023.csv
2024-02-17,jepx-top8avg-kyushu,kyushu,12.48625,https://www.jepx.jp/_download.php?dir=spot_summary&file=spot_summary_2023.csv
2024-02-18,jepx-top8avg-kyushu,kyushu,9.2725,https://www.jepx.jp/_download.php?dir=spot_summary&file=spot_summary_2023.csv
2024-02-19,jepx-top8avg-kyushu,kyushu,8.66875,https://www.jepx.jp/_download.php?dir=spot_summary&file=spot_summary_2023.csv
2024-02-20,jepx-top8avg-kyushu,kyushu,9.125,https://www.jepx.jp/_download.php?dir=spot_summary&file=spot_summary_2023.csv
2024-02-21,jepx-top8avg-kyushu,kyushu,10.86625,https://www.jepx.jp/_download.php?dir=spot_summary&file=spot_summary_2023.csv
2024-02-22,jepx-top8avg-kyushu,kyushu,11.74125,https://www.jepx.jp/_download.php?dir=spot_summary&file=spot_summary_2023.csv
2024-02-23,jepx-top8avg-kyushu,kyushu,10.594999999999999,https://www.jepx.jp/_download.php?dir=spot_summary&file=spot_summary_2023.csv
2024-02-24,jepx-top8avg-kyushu,kyushu,11.3925,https://www.jepx.jp/_download.php?dir=spot_summary&file=spot_summary_2023.csv
2024-02-25,jepx-top8avg-kyushu,kyushu,11.95,https://www.jepx.jp/_download.php?dir=spot_summary&file=spot_summary_2023.csv
2024-02-26,jepx-top8avg-kyushu,kyushu,11.32625,https://www.jepx.jp/_download.php?dir=spot_summary&file=spot_summary_2023.csv
2024-02-27,jepx-top8avg-kyushu,kyushu,12.485,https://www.jepx.jp/_download.php?dir=spot_summary&file=spot_summary_2023.csv
2024-02-28,jepx-top8avg-kyushu,kyushu,12.12875,https://www.jepx.jp/_download.php?dir=spot_summary&file=spot_summary_2023.csv
2024-02-29,jepx-top8avg-kyushu,kyushu,12.506250000000001,https://www.jepx.jp/_download.php?dir=spot_summary&file=spot_summary_2023.csv
2024-03-01,jepx-top8avg-kyushu,kyushu,13.805,https://www.jepx.jp/_download.php?dir=spot_summary&file=spot_summary_2023.csv
2024-03-02,jepx-top8avg-kyushu,kyushu,16.95125,https://www.jepx.jp/_download.php?dir=spot_summary&file=spot_summary_2023.csv
2024-03-03,jepx-top8avg-kyushu,kyushu,13.20375,https://www.jepx.jp/_download.php?dir=spot_summary&file=spot_summary_2023.csv
2024-03-04,jepx-top8avg-kyushu,kyushu,12.79625,https://www.jepx.jp/_download.php?dir=spot_summary&file=spot_summary_2023.csv
2024-03-05,jepx-top8avg-kyushu,kyushu,16.127499999999998,https://www.jepx.jp/_download.php?dir=spot_summary&file=spot_summary_2023.csv
2024-03-06,jepx-top8avg-kyushu,kyushu,16.473750000000003,https://www.jepx.jp/_download.php?dir=spot_summary&file=spot_summary_2023.csv
2024-03-07,jepx-top8avg-kyushu,kyushu,18.195,https://www.jepx.jp/_download.php?dir=spot_summary&file=spot_summary_2023.csv
2024-03-08,jepx-top8avg-kyushu,kyushu,17.0325,https://www.jepx.jp/_download.php?dir=spot_summary&file=spot_summary_2023.csv
2024-03-09,jepx-top8avg-kyushu,kyushu,15.10625,https://www.jepx.jp/_download.php?dir=spot_summary&file=spot_summary_2023.csv
2024-03-10,jepx-top8avg-kyushu,kyushu,12.977500000000001,https://www.jepx.jp/_download.php?dir=spot_summary&file=spot_summary_2023.csv
2024-03-11,jepx-top8avg-kyushu,kyushu,16.5475,https://www.jepx.jp/_download.php?dir=spot_summary&file=spot_summary_2023.csv
2024-03-12,jepx-top8avg-kyushu,kyushu,15.852500000000001,https://www.jepx.jp/_download.php?dir=spot_summary&file=spot_summary_2023.csv
2024-03-13,jepx-top8avg-kyushu,kyushu,15.463750000000001,https://www.jepx.jp/_download.php?dir=spot_summary&file=spot_summary_2023.csv
2024-03-14,jepx-top8avg-kyushu,kyushu,15.0475,https://www.jepx.jp/_download.php?dir=spot_summary&file=spot_summary_2023.csv
2024-03-15,jepx-top8avg-kyushu,kyushu,13.254999999999999,https://www.jepx.jp/_download.php?dir=spot_summary&file=spot_summary_2023.csv
2024-03-16,jepx-top8avg-kyushu,kyushu,11.85875,https://www.jepx.jp/_download.php?dir=spot_summary&file=spot_summary_2023.csv
2024-03-17,jepx-top8avg-kyushu,kyushu,12.276250000000001,https://www.jepx.jp/_download.php?dir=spot_summary&file=spot_summary_2023.csv
2024-03-18,jepx-top8avg-kyushu,kyushu,15.377500000000001,https://www.jepx.jp/_download.php?dir=spot_summary&file=spot_summary_2023.csv
2024-03-19,jepx-top8avg-kyushu,kyushu,16.56,https://www.jepx.jp/_download.php?dir=spot_summary&file=spot_summary_2023.csv
2024-03-20,jepx-top8avg-kyushu,kyushu,15.98375,https://www.jepx.jp/_download.php?dir=spot_summary&file=spot_summary_2023.csv
2024-03-21,jepx-top8avg-kyushu,kyushu,26.3625,https://www.jepx.jp/_download.php?dir=spot_summary&file=spot_summary_2023.csv
2024-03-22,jepx-top8avg-kyushu,kyushu,16.81,https://www.jepx.jp/_download.php?dir=spot_summary&file=spot_summary_2023.csv
2024-03-23,jepx-top8avg-kyushu,kyushu,14.015,https://www.jepx.jp/_download.php?dir=spot_summary&file=spot_summary_2023.csv
2024-03-24,jepx-top8avg-kyushu,kyushu,14.42375,https://www.jepx.jp/_download.php?dir=spot_summary&file=spot_summary_2023.csv
2024-03-25,jepx-top8avg-kyushu,kyushu,16.42,https://www.jepx.jp/_download.php?dir=spot_summary&file=spot_summary_2023.csv
2024-03-26,jepx-top8avg-kyushu,kyushu,17.62875,https://www.jepx.jp/_download.php?dir=spot_summary&file=spot_summary_2023.csv
2024-03-27,jepx-top8avg-kyushu,kyushu,16.56875,https://www.jepx.jp/_download.php?dir=spot_summary&file=spot_summary_2023.csv
2024-03-28,jepx-top8avg-kyushu,kyushu,15.33625,https://www.jepx.jp/_download.php?dir=spot_summary&file=spot_summary_2023.csv
2024-03-29,jepx-top8avg-kyushu,kyushu,10.18875,https://www.jepx.jp/_download.php?dir=spot_summary&file=spot_summary_2023.csv
2024-03-30,jepx-top8avg-kyushu,kyushu,10.85375,https://www.jepx.jp/_download.php?dir=spot_summary&file=spot_summary_2023.csv
2024-03-31,jepx-top8avg-kyushu,kyushu,10.86125,https://www.jepx.jp/_download.php?dir=spot_summary&file=spot_summary_2023.csv
2024-04-01,jepx-top8avg-kyushu,kyushu,13.36375,https://www.jepx.jp/_download.php?dir=spot_summary&file=spot_summary_2024.csv
2024-04-02,jepx-top8avg-kyushu,kyushu,13.57375,https://www.jepx.jp/_download.php?dir=spot_summary&file=spot_summary_2024.csv
2024-04-03,jepx-top8avg-kyushu,kyushu,18.64375,https://www.jepx.jp/_download.php?dir=spot_summary&file=spot_summary_2024.csv
2024-04-04,jepx-top8avg-kyushu,kyushu,13.00375,https://www.jepx.jp/_download.php?dir=spot_summary&file=spot_summary_2024.csv
2024-04-05,jepx-top8avg-kyushu,kyushu,14.01625,https://www.jepx.jp/_download.php?dir=spot_summary&file=spot_summary_2024.csv
2024-04-06,jepx-top8avg-kyushu,kyushu,12.875,https://www.jepx.jp/_download.php?dir=spot_summary&file=spot_summary_2024.csv
2024-04-07,jepx-top8avg-kyushu,kyushu,11.77,https://www.jepx.jp/_download.php?dir=spot_summary&file=spot_summary_2024.csv
2024-04-08,jepx-top8avg-kyushu,kyushu,13.475,https://www.jepx.jp/_download.php?dir=spot_summary&file=spot_summary_2024.csv
2024-04-09,jepx-top8avg-kyushu,kyushu,13.12875,https://www.jepx.jp/_download.php?dir=spot_summary&file=spot_summary_2024.csv
2024-04-10,jepx-top8avg-kyushu,kyushu,13.4125,https://www.jepx.jp/_download.php?dir=spot_summary&file=spot_summary_2024.csv
2024-04-11,jepx-top8avg-kyushu,kyushu,12.748750000000001,https://www.jepx.jp/_download.php?dir=spot_summary&file=spot_summary_2024.csv
2024-04-12,jepx-top8avg-kyushu,kyushu,12.129999999999999,https://www.jepx.jp/_download.php?dir=spot_summary&file=spot_summary_2024.csv
2024-04-13,jepx-top8avg-kyushu,kyushu,10.491249999999999,https://www.jepx.jp/_download.php?dir=spot_summary&file=spot_summary_2024.csv
2024-04-14,jepx-top8avg-kyushu,kyushu,9.8525,https://www.jepx.jp/_download.php?dir=spot_summary&file=spot_summary_2024.csv
2024-04-15,jepx-top8avg-kyushu,kyushu,9.0575,https://www.jepx.jp/_download.php?dir=spot_summary&file=spot_summary_2024.csv
2024-04-16,jepx-top8avg-kyushu,kyushu,9.9075,https://www.jepx.jp/_download.php?dir=spot_summary&file=spot_summary_2024.csv
2024-04-17,jepx-top8avg-kyushu,kyushu,9.037500000000001,https://www.jepx.jp/_download.php?dir=spot_summary&file=spot_summary_2024.csv
2024-04-18,jepx-top8avg-kyushu,kyushu,9.447500000000002,https://www.jepx.jp/_download.php?dir=spot_summary&file=spot_summary_2024.csv
2024-04-19,jepx-top8avg-kyushu,kyushu,9.3275,https://www.jepx.jp/_download.php?dir=spot_summary&file=spot_summary_2024.csv
2024-04-20,jepx-top8avg-kyushu,kyushu,10.26625,https://www.jepx.jp/_download.php?dir=spot_summary&file=spot_summary_2024.csv
2024-04-21,jepx-top8avg-kyushu,kyushu,8.48375,https://www.jepx.jp/_download.php?dir=spot_summary&file=spot_summary_2024.csv
2024-04-22,jepx-top8avg-kyushu,kyushu,13.885,https://www.jepx.jp/_download.php?dir=spot_summary&file=spot_summary_2024.csv
2024-04-23,jepx-top8avg-kyushu,kyushu,14.51375,https://www.jepx.jp/_download.php?dir=spot_summary&file=spot_summary_2024.csv
2024-04-24,jepx-top8avg-kyushu,kyushu,15.13625,https://www.jepx.jp/_download.php?dir=spot_summary&file=spot_summary_2024.csv
2024-04-25,jepx-top8avg-kyushu,kyushu,11.44125,https://www.jepx.jp/_download.php?dir=spot_summary&file=spot_summary_2024.csv
2024-04-26,jepx-top8avg-kyushu,kyushu,12.4675,https://www.jepx.jp/_download.php?dir=spot_summary&file=spot_summary_2024.csv
2024-04-27,jepx-top8avg-kyushu,kyushu,14.396249999999998,https://www.jepx.jp/_download.php?dir=spot_summary&file=spot_summary_2024.csv
2024-04-28,jepx-top8avg-kyushu,kyushu,11.819999999999999,https://www.jepx.jp/_download.php?dir=spot_summary&file=spot_summary_2024.csv
2024-04-29,jepx-top8avg-kyushu,kyushu,12.99125,https://www.jepx.jp/_download.php?dir=spot_summary&file=spot_summary_2024.csv
2024-04-30,jepx-top8avg-kyushu,kyushu,14.37875,https://www.jepx.jp/_download.php?dir=spot_summary&file=spot_summary_2024.csv
2024-05-01,jepx-top8avg-kyushu,kyushu,13.715,https://www.jepx.jp/_download.php?dir=spot_summary&file=spot_summary_2024.csv
2024-05-02,jepx-top8avg-kyushu,kyushu,14.376249999999999,https://www.jepx.jp/_download.php?dir=spot_summary&file=spot_summary_2024.csv
2024-05-03,jepx-top8avg-kyushu,kyushu,12.29875,https://www.jepx.jp/_download.php?dir=spot_summary&file=spot_summary_2024.csv
2024-05-04,jepx-top8avg-kyushu,kyushu,11.38625,https://www.jepx.jp/_download.php?dir=spot_summary&file=spot_summary_2024.csv
2024-05-05,jepx-top8avg-kyushu,kyushu,10.936250000000001,https://www.jepx.jp/_download.php?dir=spot_summary&file=spot_summary_2024.csv
2024-05-06,jepx-top8avg-kyushu,kyushu,10.387500000000001,https://www.jepx.jp/_download.php?dir=spot_summary&file=spot_summary_2024.csv
2024-05-07,jepx-top8avg-kyushu,kyushu,13.85625,https://www.jepx.jp/_download.php?dir=spot_summary&file=spot_summary_2024.csv
2024-05-08,jepx-top8avg-kyushu,kyushu,12.56375,https://www.jepx.jp/_download.php?dir=spot_summary&file=spot_summary_2024.csv
2024-05-09,jepx-top8avg-kyushu,kyushu,12.9875,https://www.jepx.jp/_download.php?dir=spot_summary&file=spot_summary_2024.csv
2024-05-10,jepx-top8avg-kyushu,kyushu,13.142500000000002,https://www.jepx.jp/_download.php?dir=spot_summary&file=spot_summary_2024.csv
2024-05-11,jepx-top8avg-kyushu,kyushu,11.7075,https://www.jepx.jp/_download.php?dir=spot_summary&file=spot_summary_2024.csv
2024-05-12,jepx-top8avg-kyushu,kyushu,13.013750000000002,https://www.jepx.jp/_download.php?dir=spot_summary&file=spot_summary_2024.csv
2024-05-13,jepx-top8avg-kyushu,kyushu,15.3125,https://www.jepx.jp/_download.php?dir=spot_summary&file=spot_summary_2024.csv
2024-05-14,jepx-top8avg-kyushu,kyushu,15.40125,https://www.jepx.jp/_download.php?dir=spot_summary&file=spot_summary_2024.csv
2024-05-15,jepx-top8avg-kyushu,kyushu,13.603750000000002,https://www.jepx.jp/_download.php?dir=spot_summary&file=spot_summary_2024.csv
2024-05-16,jepx-top8avg-kyushu,kyushu,12.399999999999999,https://www.jepx.jp/_download.php?dir=spot_summary&file=spot_summary_2024.csv
2024-05-17,jepx-top8avg-kyushu,kyushu,12.7875,https://www.jepx.jp/_download.php?dir=spot_summary&file=spot_summary_2024.csv
2024-05-18,jepx-top8avg-kyushu,kyushu,11.14875,https://www.jepx.jp/_download.php?dir=spot_summary&file=spot_summary_2024.csv
2024-05-19,jepx-top8avg-kyushu,kyushu,10.4425,https://www.jepx.jp/_download.php?dir=spot_summary&file=spot_summary_2024.csv
2024-05-20,jepx-top8avg-kyushu,kyushu,15.66875,https://www.jepx.jp/_download.php?dir=spot_summary&file=spot_summary_2024.csv
2024-05-21,jepx-top8avg-kyushu,kyushu,15.95125,https://www.jepx.jp/_download.php?dir=spot_summary&file=spot_summary_2024.csv
2024-05-22,jepx-top8avg-kyushu,kyushu,15.19125,https://www.jepx.jp/_download.php?dir=spot_summary&file=spot_summary_2024.csv
2024-05-23,jepx-top8avg-kyushu,kyushu,14.876249999999999,https://www.jepx.jp/_download.php?dir=spot_summary&file=spot_summary_2024.csv
2024-05-24,jepx-top8avg-kyushu,kyushu,14.478750000000002,https://www.jepx.jp/_download.php?dir=spot_summary&file=spot_summary_2024.csv
2024-05-25,jepx-top8avg-kyushu,kyushu,11.8975,https://www.jepx.jp/_download.php?dir=spot_summary&file=spot_summary_2024.csv
2024-05-26,jepx-top8avg-kyushu,kyushu,12.59,https://www.jepx.jp/_download.php?dir=spot_summary&file=spot_summary_2024.csv
2024-05-27,jepx-top8avg-kyushu,kyushu,17.18,https://www.jepx.jp/_download.php?dir=spot_summary&file=spot_summary_2024.csv
2024-05-28,jepx-top8avg-kyushu,kyushu,20.03875,https://www.jepx.jp/_download.php?dir=spot_summary&file=spot_summary_2024.csv
2024-05-29,jepx-top8avg-kyushu,kyushu,13.030000000000001,https://www.jepx.jp/_download.php?dir=spot_summary&file=spot_summary_2024.csv
2024-05-30,jepx-top8avg-kyushu,kyushu,13.725,https://www.jepx.jp/_download.php?dir=spot_summary&file=spot_summary_2024.csv
2024-05-31,jepx-top8avg-kyushu,kyushu,12.14875,https://www.jepx.jp/_download.php?dir=spot_summary&file=spot_summary_2024.csv
2024-06-01,jepx-top8avg-kyushu,kyushu,10.962499999999999,https://www.jepx.jp/_download.php?dir=spot_summary&file=spot_summary_2024.csv
2024-06-02,jepx-top8avg-kyushu,kyushu,10.2725,https://www.jepx.jp/_download.php?dir=spot_summary&file=spot_summary_2024.csv
2024-06-03,jepx-top8avg-kyushu,kyushu,12.403749999999999,https://www.jepx.jp/_download.php?dir=spot_summary&file=spot_summary_2024.csv
2024-06-04,jepx-top8avg-kyushu,kyushu,12.998750000000001,https://www.jepx.jp/_download.php?dir=spot_summary&file=spot_summary_2024.csv
2024-06-05,jepx-top8avg-kyushu,kyushu,13.195,https://www.jepx.jp/_download.php?dir=spot_summary&file=spot_summary_2024.csv
2024-06-06,jepx-top8avg-kyushu,kyushu,13.251249999999999,https://www.jepx.jp/_download.php?dir=spot_summary&file=spot_summary_2024.csv
2024-06-07,jepx-top8avg-kyushu,kyushu,12.925,https://www.jepx.jp/_download.php?dir=spot_summary&file=spot_summary_2024.csv
2024-06-08,jepx-top8avg-kyushu,kyushu,11.44875,https://www.jepx.jp/_download.php?dir=spot_summary&file=spot_summary_2024.csv
2024-06-09,jepx-top8avg-kyushu,kyushu,11.2625,https://www.jepx.jp/_download.php?dir=spot_summary&file=spot_summary_2024.csv
2024-06-10,jepx-top8avg-kyushu,kyushu,14.32625,https://www.jepx.jp/_download.php?dir=spot_summary&file=spot_summary_2024.csv
2024-06-11,jepx-top8avg-kyushu,kyushu,16.368750000000002,https://www.jepx.jp/_download.php?dir=spot_summary&file=spot_summary_2024.csv
2024-06-12,jepx-top8avg-kyushu,kyushu,16.40625,https://www.jepx.jp/_download.php?dir=spot_summary&file=spot_summary_2024.csv
2024-06-13,jepx-top8avg-kyushu,kyushu,19.125,https://www.jepx.jp/_download.php?dir=spot_summary&file=spot_summary_2024.csv
2024-06-14,jepx-top8avg-kyushu,kyushu,20.64875,https://www.jepx.jp/_download.php?dir=spot_summary&file=spot_summary_2024.csv
2024-06-15,jepx-top8avg-kyushu,kyushu,14.501249999999999,https://www.jepx.jp/_download.php?dir=spot_summary&file=spot_summary_2024.csv
2024-06-16,jepx-top8avg-kyushu,kyushu,15.11,https://www.jepx.jp/_download.php?dir=spot_summary&file=spot_summary_2024.csv
2024-06-17,jepx-top8avg-kyushu,kyushu,17.901249999999997,https://www.jepx.jp/_download.php?dir=spot_summary&file=spot_summary_2024.csv
2024-06-18,jepx-top8avg-kyushu,kyushu,16.7,https://www.jepx.jp/_download.php?dir=spot_summary&file=spot_summary_2024.csv
2024-06-19,jepx-top8avg-kyushu,kyushu,18.4675,https://www.jepx.jp/_download.php?dir=spot_summary&file=spot_summary_2024.csv
2024-06-20,jepx-top8avg-kyushu,kyushu,16.825000000000003,https://www.jepx.jp/_download.php?dir=spot_summary&file=spot_summary_2024.csv
2024-06-21,jepx-top8avg-kyushu,kyushu,13.665000000000001,https://www.jepx.jp/_download.php?dir=spot_summary&file=spot_summary_2024.csv
2024-06-22,jepx-top8avg-kyushu,kyushu,12.71625,https://www.jepx.jp/_download.php?dir=spot_summary&file=spot_summary_2024.csv
2024-06-23,jepx-top8avg-kyushu,kyushu,13.66875,https://www.jepx.jp/_download.php?dir=spot_summary&file=spot_summary_2024.csv
2024-06-24,jepx-top8avg-kyushu,kyushu,17.4975,https://www.jepx.jp/_download.php?dir=spot_summary&file=spot_summary_2024.csv
2024-06-25,jepx-top8avg-kyushu,kyushu,17.2075,https://www.jepx.jp/_download.php?dir=spot_summary&file=spot_summary_2024.csv
2024-06-26,jepx-top8avg-kyushu,kyushu,13.876249999999999,https://www.jepx.jp/_download.php?dir=spot_summary&file=spot_summary_2024.csv
2024-06-27,jepx-top8avg-kyushu,kyushu,13.546249999999999,https://www.jepx.jp/_download.php?dir=spot_summary&file=spot_summary_2024.csv
2024-06-28,jepx-top8avg-kyushu,kyushu,13.459999999999999,https://www.jepx.jp/_download.php?dir=spot_summary&file=spot_summary_2024.csv
2024-06-29,jepx-top8avg-kyushu,kyushu,10.083749999999998,https://www.jepx.jp/_download.php?dir=spot_summary&file=spot_summary_2024.csv
2024-06-30,jepx-top8avg-kyushu,kyushu,9.19125,https://www.jepx.jp/_download.php?dir=spot_summary&file=spot_summary_2024.csv
2024-07-01,jepx-top8avg-kyushu,kyushu,17.685000000000002,https://www.jepx.jp/_download.php?dir=spot_summary&file=spot_summary_2024.csv
2024-07-02,jepx-top8avg-kyushu,kyushu,14.06625,https://www.jepx.jp/_download.php?dir=spot_summary&file=spot_summary_2024.csv
2024-07-03,jepx-top8avg-kyushu,kyushu,18.8125,https://www.jepx.jp/_download.php?dir=spot_summary&file=spot_summary_2024.csv
2024-07-04,jepx-top8avg-kyushu,kyushu,19.552500000000002,https://www.jepx.jp/_download.php?dir=spot_summary&file=spot_summary_2024.csv
2024-07-05,jepx-top8avg-kyushu,kyushu,20.7725,https://www.jepx.jp/_download.php?dir=spot_summary&file=spot_summary_2024.csv
2024-07-06,jepx-top8avg-kyushu,kyushu,15.25,https://www.jepx.jp/_download.php?dir=spot_summary&file=spot_summary_2024.csv
2024-07-07,jepx-top8avg-kyushu,kyushu,19.60875,https://www.jepx.jp/_download.php?dir=spot_summary&file=spot_summary_2024.csv
2024-07-08,jepx-top8avg-kyushu,kyushu,27.5225,https://www.jepx.jp/_download.php?dir=spot_summary&file=spot_summary_2024.csv
2024-07-09,jepx-top8avg-kyushu,kyushu,29.88875,https://www.jepx.jp/_download.php?dir=spot_summary&file=spot_summary_2024.csv
2024-07-10,jepx-top8avg-kyushu,kyushu,29.53875,https://www.jepx.jp/_download.php?dir=spot_summary&file=spot_summary_2024.csv
2024-07-11,jepx-top8avg-kyushu,kyushu,20.75125,https://www.jepx.jp/_download.php?dir=spot_summary&file=spot_summary_2024.csv
2024-07-12,jepx-top8avg-kyushu,kyushu,16.24875,https://www.jepx.jp/_download.php?dir=spot_summary&file=spot_summary_2024.csv
2024-07-13,jepx-top8avg-kyushu,kyushu,12.95625,https://www.jepx.jp/_download.php?dir=spot_summary&file=spot_summary_2024.csv
2024-07-14,jepx-top8avg-kyushu,kyushu,10.495000000000001,https://www.jepx.jp/_download.php?dir=spot_summary&file=spot_summary_2024.csv
2024-07-15,jepx-top8avg-kyushu,kyushu,11.411249999999999,https://www.jepx.jp/_download.php?dir=spot_summary&file=spot_summary_2024.csv
2024-07-16,jepx-top8avg-kyushu,kyushu,13.1475,https://www.jepx.jp/_download.php?dir=spot_summary&file=spot_summary_2024.csv
2024-07-17,jepx-top8avg-kyushu,kyushu,15.001249999999999,https://www.jepx.jp/_download.php?dir=spot_summary&file=spot_summary_2024.csv
2024-07-18,jepx-top8avg-kyushu,kyushu,19.53875,https://www.jepx.jp/_download.php?dir=spot_summary&file=spot_summary_2024.csv
2024-07-19,jepx-top8avg-kyushu,kyushu,21.325000000000003,https://www.jepx.jp/_download.php?dir=spot_summary&file=spot_summary_2024.csv
2024-07-20,jepx-top8avg-kyushu,kyushu,17.41375,https://www.jepx.jp/_download.php?dir=spot_summary&file=spot_summary_2024.csv
2024-07-21,jepx-top8avg-kyushu,kyushu,20.1875,https://www.jepx.jp/_download.php?dir=spot_summary&file=spot_summary_2024.csv
2024-07-22,jepx-top8avg-kyushu,kyushu,26.9425,https://www.jepx.jp/_download.php?dir=spot_summary&file=spot_summary_2024.csv
2024-07-23,jepx-top8avg-kyushu,kyushu,27.3925,https://www.jepx.jp/_download.php?dir=spot_summary&file=spot_summary_2024.csv
2024-07-24,jepx-top8avg-kyushu,kyushu,24.305,https://www.jepx.jp/_download.php?dir=spot_summary&file=spot_summary_2024.csv
2024-07-25,jepx-top8avg-kyushu,kyushu,23.94625,https://www.jepx.jp/_download.php?dir=spot_summary&file=spot_summary_2024.csv
2024-07-26,jepx-top8avg-kyushu,kyushu,24.14,https://www.jepx.jp/_download.php?dir=spot_summary&file=spot_summary_2024.csv
2024-07-27,jepx-top8avg-kyushu,kyushu,20.14125,https://www.jepx.jp/_download.php?dir=spot_summary&file=spot_summary_2024.csv
2024-07-28,jepx-top8avg-kyushu,kyushu,21.82625,https://www.jepx.jp/_download.php?dir=spot_summary&file=spot_summary_2024.csv
2024-07-29,jepx-top8avg-kyushu,kyushu,29.427500000000002,https://www.jepx.jp/_download.php?dir=spot_summary&file=spot_summary_2024.csv
2024-07-30,jepx-top8avg-kyushu,kyushu,29.5875,https://www.jepx.jp/_download.php?dir=spot_summary&file=spot_summary_2024.csv
2024-07-31,jepx-top8avg-kyushu,kyushu,28.85875,https://www.jepx.jp/_download.php?dir=spot_summary&file=spot_summary_2024.csv
2024-08-01,jepx-top8avg-kyushu,kyushu,28.62125,https://www.jepx.jp/_download.php?dir=spot_summary&file=spot_summary_2024.csv
2024-08-02,jepx-top8avg-kyushu,kyushu,30.45125,https://www.jepx.jp/_download.php?dir=spot_summary&file=spot_summary_2024.csv
2024-08-03,jepx-top8avg-kyushu,kyushu,18.314999999999998,https://www.jepx.jp/_download.php?dir=spot_summary&file=spot_summary_2024.csv
2024-08-04,jepx-top8avg-kyushu,kyushu,18.275,https://www.jepx.jp/_download.php?dir=spot_summary&file=spot_summary_2024.csv
2024-08-05,jepx-top8avg-kyushu,kyushu,24.245,https://www.jepx.jp/_download.php?dir=spot_summary&file=spot_summary_2024.csv
2024-08-06,jepx-top8avg-kyushu,kyushu,23.56125,https://www.jepx.jp/_download.php?dir=spot_summary&file=spot_summary_2024.csv
2024-08-07,jepx-top8avg-kyushu,kyushu,21.652500000000003,https://www.jepx.jp/_download.php?dir=spot_summary&file=spot_summary_2024.csv
2024-08-08,jepx-top8avg-kyushu,kyushu,27.09125,https://www.jepx.jp/_download.php?dir=spot_summary&file=spot_summary_2024.csv
2024-08-09,jepx-top8avg-kyushu,kyushu,28.015,https://www.jepx.jp/_download.php?dir=spot_summary&file=spot_summary_2024.csv
2024-08-10,jepx-top8avg-kyushu,kyushu,18.41875,https://www.jepx.jp/_download.php?dir=spot_summary&file=spot_summary_2024.csv
2024-08-11,jepx-top8avg-kyushu,kyushu,19.448749999999997,https://www.jepx.jp/_download.php?dir=spot_summary&file=spot_summary_2024.csv
2024-08-12,jepx-top8avg-kyushu,kyushu,18.51375,https://www.jepx.jp/_download.php?dir=spot_summary&file=spot_summary_2024.csv
2024-08-13,jepx-top8avg-kyushu,kyushu,17.86875,https://www.jepx.jp/_download.php?dir=spot_summary&file=spot_summary_2024.csv
2024-08-14,jepx-top8avg-kyushu,kyushu,16.505000000000003,https://www.jepx.jp/_download.php?dir=spot_summary&file=spot_summary_2024.csv
2024-08-15,jepx-top8avg-kyushu,kyushu,17.765,https://www.jepx.jp/_download.php?dir=spot_summary&file=spot_summary_2024.csv
2024-08-16,jepx-top8avg-kyushu,kyushu,17.865,https://www.jepx.jp/_download.php?dir=spot_summary&file=spot_summary_2024.csv
2024-08-17,jepx-top8avg-kyushu,kyushu,17.27625,https://www.jepx.jp/_download.php?dir=spot_summary&file=spot_summary_2024.csv
2024-08-18,jepx-top8avg-kyushu,kyushu,18.24125,https://www.jepx.jp/_download.php?dir=spot_summary&file=spot_summary_2024.csv
2024-08-19,jepx-top8avg-kyushu,kyushu,24.77375,https://www.jepx.jp/_download.php?dir=spot_summary&file=spot_summary_2024.csv
2024-08-20,jepx-top8avg-kyushu,kyushu,22.355,https://www.jepx.jp/_download.php?dir=spot_summary&file=spot_summary_2024.csv
2024-08-21,jepx-top8avg-kyushu,kyushu,22.365000000000002,https://www.jepx.jp/_download.php?dir=spot_summary&file=spot_summary_2024.csv
2024-08-22,jepx-top8avg-kyushu,kyushu,22.3,https://www.jepx.jp/_download.php?dir=spot_summary&file=spot_summary_2024.csv
2024-08-23,jepx-top8avg-kyushu,kyushu,24.947499999999998,https://www.jepx.jp/_download.php?dir=spot_summary&file=spot_summary_2024.csv
2024-08-24,jepx-top8avg-kyushu,kyushu,18.439999999999998,https://www.jepx.jp/_download.php?dir=spot_summary&file=spot_summary_2024.csv
2024-08-25,jepx-top8avg-kyushu,kyushu,15.1625,https://www.jepx.jp/_download.php?dir=spot_summary&file=spot_summary_2024.csv
2024-08-26,jepx-top8avg-kyushu,kyushu,28.4925,https://www.jepx.jp/_download.php?dir=spot_summary&file=spot_summary_2024.csv
2024-08-27,jepx-top8avg-kyushu,kyushu,22.49,https://www.jepx.jp/_download.php?dir=spot_summary&file=spot_summary_2024.csv
2024-08-28,jepx-top8avg-kyushu,kyushu,22.49,https://www.jepx.jp/_download.php?dir=spot_summary&file=spot_summary_2024.csv
2024-08-29,jepx-top8avg-kyushu,kyushu,23.073749999999997,https://www.jepx.jp/_download.php?dir=spot_summary&file=spot_summary_2024.csv
2024-08-30,jepx-top8avg-kyushu,kyushu,43.08,https://www.jepx.jp/_download.php?dir=spot_summary&file=spot_summary_2024.csv
2024-08-31,jepx-top8avg-kyushu,kyushu,16.26875,https://www.jepx.jp/_download.php?dir=spot_summary&file=spot_summary_2024.csv
2024-09-01,jepx-top8avg-kyushu,kyushu,18.14875,https://www.jepx.jp/_download.php?dir=spot_summary&file=spot_summary_2024.csv
2024-09-02,jepx-top8avg-kyushu,kyushu,19.80125,https://www.jepx.jp/_download.php?dir=spot_summary&file=spot_summary_2024.csv
2024-09-03,jepx-top8avg-kyushu,kyushu,19.380000000000003,https://www.jepx.jp/_download.php?dir=spot_summary&file=spot_summary_2024.csv
2024-09-04,jepx-top8avg-kyushu,kyushu,17.35875,https://www.jepx.jp/_download.php?dir=spot_summary&file=spot_summary_2024.csv
2024-09-05,jepx-top8avg-kyushu,kyushu,17.8875,https://www.jepx.jp/_download.php?dir=spot_summary&file=spot_summary_2024.csv
2024-09-06,jepx-top8avg-kyushu,kyushu,18.34,https://www.jepx.jp/_download.php?dir=spot_summary&file=spot_summary_2024.csv
2024-09-07,jepx-top8avg-kyushu,kyushu,14.16,https://www.jepx.jp/_download.php?dir=spot_summary&file=spot_summary_2024.csv
2024-09-08,jepx-top8avg-kyushu,kyushu,14.53875,https://www.jepx.jp/_download.php?dir=spot_summary&file=spot_summary_2024.csv
2024-09-09,jepx-top8avg-kyushu,kyushu,27.3425,https://www.jepx.jp/_download.php?dir=spot_summary&file=spot_summary_2024.csv
2024-09-10,jepx-top8avg-kyushu,kyushu,29.548750000000002,https://www.jepx.jp/_download.php?dir=spot_summary&file=spot_summary_2024.csv
2024-09-11,jepx-top8avg-kyushu,kyushu,28.0625,https://www.jepx.jp/_download.php?dir=spot_summary&file=spot_summary_2024.csv
2024-09-12,jepx-top8avg-kyushu,kyushu,21.68,https://www.jepx.jp/_download.php?dir=spot_summary&file=spot_summary_2024.csv
2024-09-13,jepx-top8avg-kyushu,kyushu,25.39875,https://www.jepx.jp/_download.php?dir=spot_summary&file=spot_summary_2024.csv
2024-09-14,jepx-top8avg-kyushu,kyushu,19.68,https://www.jepx.jp/_download.php?dir=spot_summary&file=spot_summary_2024.csv
2024-09-15,jepx-top8avg-kyushu,kyushu,17.255,https://www.jepx.jp/_download.php?dir=spot_summary&file=spot_summary_2024.csv
2024-09-16,jepx-top8avg-kyushu,kyushu,19.348750000000003,https://www.jepx.jp/_download.php?dir=spot_summary&file=spot_summary_2024.csv
2024-09-17,jepx-top8avg-kyushu,kyushu,26.14125,https://www.jepx.jp/_download.php?dir=spot_summary&file=spot_summary_2024.csv
2024-09-18,jepx-top8avg-kyushu,kyushu,23.41375,https://www.jepx.jp/_download.php?dir=spot_summary&file=spot_summary_2024.csv
2024-09-19,jepx-top8avg-kyushu,kyushu,27.305,https://www.jepx.jp/_download.php?dir=spot_summary&file=spot_summary_2024.csv
2024-09-20,jepx-top8avg-kyushu,kyushu,28.495,https://www.jepx.jp/_download.php?dir=spot_summary&file=spot_summary_2024.csv
2024-09-21,jepx-top8avg-kyushu,kyushu,18.49,https://www.jepx.jp/_download.php?dir=spot_summary&file=spot_summary_2024.csv
2024-09-22,jepx-top8avg-kyushu,kyushu,11.219999999999999,https://www.jepx.jp/_download.php?dir=spot_summary&file=spot_summary_2024.csv
2024-09-23,jepx-top8avg-kyushu,kyushu,11.8675,https://www.jepx.jp/_download.php?dir=spot_summary&file=spot_summary_2024.csv
2024-09-24,jepx-top8avg-kyushu,kyushu,17.60125,https://www.jepx.jp/_download.php?dir=spot_summary&file=spot_summary_2024.csv
2024-09-25,jepx-top8avg-kyushu,kyushu,16.46125,https://www.jepx.jp/_download.php?dir=spot_summary&file=spot_summary_2024.csv
2024-09-26,jepx-top8avg-kyushu,kyushu,17.67625,https://www.jepx.jp/_download.php?dir=spot_summary&file=spot_summary_2024.csv
2024-09-27,jepx-top8avg-kyushu,kyushu,17.6825,https://www.jepx.jp/_download.php?dir=spot_summary&file=spot_summary_2024.csv
2024-09-28,jepx-top8avg-kyushu,kyushu,12.31625,https://www.jepx.jp/_download.php?dir=spot_summary&file=spot_summary_2024.csv
2024-09-29,jepx-top8avg-kyushu,kyushu,10.575,https://www.jepx.jp/_download.php?dir=spot_summary&file=spot_summary_2024.csv
2024-09-30,jepx-top8avg-kyushu,kyushu,15.931249999999999,https://www.jepx.jp/_download.php?dir=spot_summary&file=spot_summary_2024.csv
2024-10-01,jepx-top8avg-kyushu,kyushu,19.228749999999998,https://www.jepx.jp/_download.php?dir=spot_summary&file=spot_summary_2024.csv
2024-10-02,jepx-top8avg-kyushu,kyushu,18.83125,https://www.jepx.jp/_download.php?dir=spot_summary&file=spot_summary_2024.csv
2024-10-03,jepx-top8avg-kyushu,kyushu,19.48375,https://www.jepx.jp/_download.php?dir=spot_summary&file=spot_summary_2024.csv
2024-10-04,jepx-top8avg-kyushu,kyushu,18.585,https://www.jepx.jp/_download.php?dir=spot_summary&file=spot_summary_2024.csv
2024-10-05,jepx-top8avg-kyushu,kyushu,11.89875,https://www.jepx.jp/_download.php?dir=spot_summary&file=spot_summary_2024.csv
2024-10-06,jepx-top8avg-kyushu,kyushu,12.536249999999999,https://www.jepx.jp/_download.php?dir=spot_summary&file=spot_summary_2024.csv
2024-10-07,jepx-top8avg-kyushu,kyushu,18.613750000000003,https://www.jepx.jp/_download.php?dir=spot_summary&file=spot_summary_2024.csv
2024-10-08,jepx-top8avg-kyushu,kyushu,14.95125,https://www.jepx.jp/_download.php?dir=spot_summary&file=spot_summary_2024.csv
2024-10-09,jepx-top8avg-kyushu,kyushu,13.666250000000002,https://www.jepx.jp/_download.php?dir=spot_summary&file=spot_summary_2024.csv
2024-10-10,jepx-top8avg-kyushu,kyushu,13.4525,https://www.jepx.jp/_download.php?dir=spot_summary&file=spot_summary_2024.csv
2024-10-11,jepx-top8avg-kyushu,kyushu,12.88125,https://www.jepx.jp/_download.php?dir=spot_summary&file=spot_summary_2024.csv
2024-10-12,jepx-top8avg-kyushu,kyushu,11.348749999999999,https://www.jepx.jp/_download.php?dir=spot_summary&file=spot_summary_2024.csv
2024-10-13,jepx-top8avg-kyushu,kyushu,11.27375,https://www.jepx.jp/_download.php?dir=spot_summary&file=spot_summary_2024.csv
2024-10-14,jepx-top8avg-kyushu,kyushu,13.3225,https://www.jepx.jp/_download.php?dir=spot_summary&file=spot_summary_2024.csv
2024-10-15,jepx-top8avg-kyushu,kyushu,19.45125,https://www.jepx.jp/_download.php?dir=spot_summary&file=spot_summary_2024.csv
2024-10-16,jepx-top8avg-kyushu,kyushu,19.4825,https://www.jepx.jp/_download.php?dir=spot_summary&file=spot_summary_2024.csv
2024-10-17,jepx-top8avg-kyushu,kyushu,27.292500000000004,https://www.jepx.jp/_download.php?dir=spot_summary&file=spot_summary_2024.csv
2024-10-18,jepx-top8avg-kyushu,kyushu,31.075,https://www.jepx.jp/_download.php?dir=spot_summary&file=spot_summary_2024.csv
2024-10-19,jepx-top8avg-kyushu,kyushu,14.088750000000001,https://www.jepx.jp/_download.php?dir=spot_summary&file=spot_summary_2024.csv
2024-10-20,jepx-top8avg-kyushu,kyushu,12.775,https://www.jepx.jp/_download.php?dir=spot_summary&file=spot_summary_2024.csv
2024-10-21,jepx-top8avg-kyushu,kyushu,16.10125,https://www.jepx.jp/_download.php?dir=spot_summary&file=spot_summary_2024.csv
2024-10-22,jepx-top8avg-kyushu,kyushu,17.06875,https://www.jepx.jp/_download.php?dir=spot_summary&file=spot_summary_2024.csv
2024-10-23,jepx-top8avg-kyushu,kyushu,17.1475,https://www.jepx.jp/_download.php?dir=spot_summary&file=spot_summary_2024.csv
2024-10-24,jepx-top8avg-kyushu,kyushu,16.06375,https://www.jepx.jp/_download.php?dir=spot_summary&file=spot_summary_2024.csv
2024-10-25,jepx-top8avg-kyushu,kyushu,15.09375,https://www.jepx.jp/_download.php?dir=spot_summary&file=spot_summary_2024.csv
2024-10-26,jepx-top8avg-kyushu,kyushu,11.338750000000001,https://www.jepx.jp/_download.php?dir=spot_summary&file=spot_summary_2024.csv
2024-10-27,jepx-top8avg-kyushu,kyushu,10.158750000000001,https://www.jepx.jp/_download.php?dir=spot_summary&file=spot_summary_2024.csv
2024-10-28,jepx-top8avg-kyushu,kyushu,13.12875,https://www.jepx.jp/_download.php?dir=spot_summary&file=spot_summary_2024.csv
2024-10-29,jepx-top8avg-kyushu,kyushu,14.3275,https://www.jepx.jp/_download.php?dir=spot_summary&file=spot_summary_2024.csv
2024-10-30,jepx-top8avg-kyushu,kyushu,12.165,https://www.jepx.jp/_download.php?dir=spot_summary&file=spot_summary_2024.csv
2024-10-31,jepx-top8avg-kyushu,kyushu,12.53125,https://www.jepx.jp/_download.php?dir=spot_summary&file=spot_summary_2024.csv
2024-11-01,jepx-top8avg-kyushu,kyushu,13.78875,https://www.jepx.jp/_download.php?dir=spot_summary&file=spot_summary_2024.csv
2024-11-02,jepx-top8avg-kyushu,kyushu,10.888749999999998,https://www.jepx.jp/_download.php?dir=spot_summary&file=spot_summary_2024.csv
2024-11-03,jepx-top8avg-kyushu,kyushu,10.712499999999999,https://www.jepx.jp/_download.php?dir=spot_summary&file=spot_summary_2024.csv
2024-11-04,jepx-top8avg-kyushu,kyushu,11.10125,https://www.jepx.jp/_download.php?dir=spot_summary&file=spot_summary_2024.csv
2024-11-05,jepx-top8avg-kyushu,kyushu,12.11125,https://www.jepx.jp/_download.php?dir=spot_summary&file=spot_summary_2024.csv
2024-11-06,jepx-top8avg-kyushu,kyushu,13.833749999999998,https://www.jepx.jp/_download.php?dir=spot_summary&file=spot_summary_2024.csv
2024-11-07,jepx-top8avg-kyushu,kyushu,15.87375,https://www.jepx.jp/_download.php?dir=spot_summary&file=spot_summary_2024.csv
2024-11-08,jepx-top8avg-kyushu,kyushu,16.5775,https://www.jepx.jp/_download.php?dir=spot_summary&file=spot_summary_2024.csv
2024-11-09,jepx-top8avg-kyushu,kyushu,11.25875,https://www.jepx.jp/_download.php?dir=spot_summary&file=spot_summary_2024.csv
2024-11-10,jepx-top8avg-kyushu,kyushu,11.41375,https://www.jepx.jp/_download.php?dir=spot_summary&file=spot_summary_2024.csv
2024-11-11,jepx-top8avg-kyushu,kyushu,15.363750000000001,https://www.jepx.jp/_download.php?dir=spot_summary&file=spot_summary_2024.csv
2024-11-12,jepx-top8avg-kyushu,kyushu,15.7925,https://www.jepx.jp/_download.php?dir=spot_summary&file=spot_summary_2024.csv
2024-11-13,jepx-top8avg-kyushu,kyushu,15.207500000000001,https://www.jepx.jp/_download.php?dir=spot_summary&file=spot_summary_2024.csv
2024-11-14,jepx-top8avg-kyushu,kyushu,16.83,https://www.jepx.jp/_download.php?dir=spot_summary&file=spot_summary_2024.csv
2024-11-15,jepx-top8avg-kyushu,kyushu,19.134999999999998,https://www.jepx.jp/_download.php?dir=spot_summary&file=spot_summary_2024.csv
2024-11-16,jepx-top8avg-kyushu,kyushu,12.165,https://www.jepx.jp/_download.php?dir=spot_summary&file=spot_summary_2024.csv
2024-11-17,jepx-top8avg-kyushu,kyushu,11.7725,https://www.jepx.jp/_download.php?dir=spot_summary&file=spot_summary_2024.csv
2024-11-18,jepx-top8avg-kyushu,kyushu,19.4,https://www.jepx.jp/_download.php?dir=spot_summary&file=spot_summary_2024.csv
2024-11-19,jepx-top8avg-kyushu,kyushu,22.38625,https://www.jepx.jp/_download.php?dir=spot_summary&file=spot_summary_2024.csv
2024-11-20,jepx-top8avg-kyushu,kyushu,20.34,https://www.jepx.jp/_download.php?dir=spot_summary&file=spot_summary_2024.csv
2024-11-21,jepx-top8avg-kyushu,kyushu,18.21125,https://www.jepx.jp/_download.php?dir=spot_summary&file=spot_summary_2024.csv
2024-11-22,jepx-top8avg-kyushu,kyushu,17.195,https://www.jepx.jp/_download.php?dir=spot_summary&file=spot_summary_2024.csv
2024-11-23,jepx-top8avg-kyushu,kyushu,16.285,https://www.jepx.jp/_download.php?dir=spot_summary&file=spot_summary_2024.csv
2024-11-24,jepx-top8avg-kyushu,kyushu,13.276250000000001,https://www.jepx.jp/_download.php?dir=spot_summary&file=spot_summary_2024.csv
2024-11-25,jepx-top8avg-kyushu,kyushu,19.4175,https://www.jepx.jp/_download.php?dir=spot_summary&file=spot_summary_2024.csv
2024-11-26,jepx-top8avg-kyushu,kyushu,19.255,https://www.jepx.jp/_download.php?dir=spot_summary&file=spot_summary_2024.csv
2024-11-27,jepx-top8avg-kyushu,kyushu,17.28,https://www.jepx.jp/_download.php?dir=spot_summary&file=spot_summary_2024.csv
2024-11-28,jepx-top8avg-kyushu,kyushu,17.235,https://www.jepx.jp/_download.php?dir=spot_summary&file=spot_summary_2024.csv
2024-11-29,jepx-top8avg-kyushu,kyushu,14.501249999999999,https://www.jepx.jp/_download.php?dir=spot_summary&file=spot_summary_2024.csv
2024-11-30,jepx-top8avg-kyushu,kyushu,13.4275,https://www.jepx.jp/_download.php?dir=spot_summary&file=spot_summary_2024.csv
2024-12-01,jepx-top8avg-kyushu,kyushu,13.05875,https://www.jepx.jp/_download.php?dir=spot_summary&file=spot_summary_2024.csv
2024-12-02,jepx-top8avg-kyushu,kyushu,13.618749999999999,https://www.jepx.jp/_download.php?dir=spot_summary&file=spot_summary_2024.csv
2024-12-03,jepx-top8avg-kyushu,kyushu,14.6525,https://www.jepx.jp/_download.php?dir=spot_summary&file=spot_summary_2024.csv
2024-12-04,jepx-top8avg-kyushu,kyushu,15.7925,https://www.jepx.jp/_download.php?dir=spot_summary&file=spot_summary_2024.csv
2024-12-05,jepx-top8avg-kyushu,kyushu,16.4675,https://www.jepx.jp/_download.php?dir=spot_summary&file=spot_summary_2024.csv
2024-12-06,jepx-top8avg-kyushu,kyushu,16.395,https://www.jepx.jp/_download.php?dir=spot_summary&file=spot_summary_2024.csv
2024-12-07,jepx-top8avg-kyushu,kyushu,11.58125,https://www.jepx.jp/_download.php?dir=spot_summary&file=spot_summary_2024.csv
2024-12-08,jepx-top8avg-kyushu,kyushu,12.47,https://www.jepx.jp/_download.php?dir=spot_summary&file=spot_summary_2024.csv
2024-12-09,jepx-top8avg-kyushu,kyushu,15.965,https://www.jepx.jp/_download.php?dir=spot_summary&file=spot_summary_2024.csv
2024-12-10,jepx-top8avg-kyushu,kyushu,13.032499999999999,https://www.jepx.jp/_download.php?dir=spot_summary&file=spot_summary_2024.csv
2024-12-11,jepx-top8avg-kyushu,kyushu,15.695,https://www.jepx.jp/_download.php?dir=spot_summary&file=spot_summary_2024.csv
2024-12-12,jepx-top8avg-kyushu,kyushu,17.17,https://www.jepx.jp/_download.php?dir=spot_summary&file=spot_summary_2024.csv
2024-12-13,jepx-top8avg-kyushu,kyushu,15.5875,https://www.jepx.jp/_download.php?dir=spot_summary&file=spot_summary_2024.csv
2024-12-14,jepx-top8avg-kyushu,kyushu,14.6175,https://www.jepx.jp/_download.php?dir=spot_summary&file=spot_summary_2024.csv
2024-12-15,jepx-top8avg-kyushu,kyushu,15.11375,https://www.jepx.jp/_download.php?dir=spot_summary&file=spot_summary_2024.csv
2024-12-16,jepx-top8avg-kyushu,kyushu,16.55125,https://www.jepx.jp/_download.php?dir=spot_summary&file=spot_summary_2024.csv
2024-12-17,jepx-top8avg-kyushu,kyushu,14.1475,https://www.jepx.jp/_download.php?dir=spot_summary&file=spot_summary_2024.csv
2024-12-18,jepx-top8avg-kyushu,kyushu,16.651249999999997,https://www.jepx.jp/_download.php?dir=spot_summary&file=spot_summary_2024.csv
2024-12-19,jepx-top8avg-kyushu,kyushu,21.115000000000002,https://www.jepx.jp/_download.php?dir=spot_summary&file=spot_summary_2024.csv
2024-12-20,jepx-top8avg-kyushu,kyushu,19.955000000000002,https://www.jepx.jp/_download.php?dir=spot_summary&file=spot_summary_2024.csv
2024-12-21,jepx-top8avg-kyushu,kyushu,12.905000000000001,https://www.jepx.jp/_download.php?dir=spot_summary&file=spot_summary_2024.csv
2024-12-22,jepx-top8avg-kyushu,kyushu,17.08875,https://www.jepx.jp/_download.php?dir=spot_summary&file=spot_summary_2024.csv
2024-12-23,jepx-top8avg-kyushu,kyushu,18.846249999999998,https://www.jepx.jp/_download.php?dir=spot_summary&file=spot_summary_2024.csv
2024-12-24,jepx-top8avg-kyushu,kyushu,18.58,https://www.jepx.jp/_download.php?dir=spot_summary&file=spot_summary_2024.csv
2024-12-25,jepx-top8avg-kyushu,kyushu,18.7825,https://www.jepx.jp/_download.php?dir=spot_summary&file=spot_summary_2024.csv
2024-12-26,jepx-top8avg-kyushu,kyushu,15.8875,https://www.jepx.jp/_download.php?dir=spot_summary&file=spot_summary_2024.csv
2024-12-27,jepx-top8avg-kyushu,kyushu,11.6825,https://www.jepx.jp/_download.php?dir=spot_summary&file=spot_summary_2024.csv
2024-12-28,jepx-top8avg-kyushu,kyushu,14.17875,https://www.jepx.jp/_download.php?dir=spot_summary&file=spot_summary_2024.csv
2024-12-29,jepx-top8avg-kyushu,kyushu,12.5775,https://www.jepx.jp/_download.php?dir=spot_summary&file=spot_summary_2024.csv
2024-12-30,jepx-top8avg-kyushu,kyushu,11.436250000000001,https://www.jepx.jp/_download.php?dir=spot_summary&file=spot_summary_2024.csv
2024-12-31,jepx-top8avg-kyushu,kyushu,12.035,https://www.jepx.jp/_download.php?dir=spot_summary&file=spot_summary_2024.csv
2025-01-01,jepx-top8avg-kyushu,kyushu,10.778749999999999,https://www.jepx.jp/_download.php?dir=spot_summary&file=spot_summary_2024.csv
2025-01-02,jepx-top8avg-kyushu,kyushu,10.765,https://www.jepx.jp/_download.php?dir=spot_summary&file=spot_summary_2024.csv
2025-01-03,jepx-top8avg-kyushu,kyushu,10.188749999999999,https://www.jepx.jp/_download.php?dir=spot_summary&file=spot_summary_2024.csv
2025-01-04,jepx-top8avg-kyushu,kyushu,11.7675,https://www.jepx.jp/_download.php?dir=spot_summary&file=spot_summary_2024.csv
2025-01-05,jepx-top8avg-kyushu,kyushu,12.111249999999998,https://www.jepx.jp/_download.php?dir=spot_summary&file=spot_summary_2024.csv
2025-01-06,jepx-top8avg-kyushu,kyushu,16.543750000000003,https://www.jepx.jp/_download.php?dir=spot_summary&file=spot_summary_2024.csv
2025-01-07,jepx-top8avg-kyushu,kyushu,16.676250000000003,https://www.jepx.jp/_download.php?dir=spot_summary&file=spot_summary_2024.csv
2025-01-08,jepx-top8avg-kyushu,kyushu,17.37625,https://www.jepx.jp/_download.php?dir=spot_summary&file=spot_summary_2024.csv
2025-01-09,jepx-top8avg-kyushu,kyushu,25.62,https://www.jepx.jp/_download.php?dir=spot_summary&file=spot_summary_2024.csv
2025-01-10,jepx-top8avg-kyushu,kyushu,21.28625,https://www.jepx.jp/_download.php?dir=spot_summary&file=spot_summary_2024.csv
2025-01-11,jepx-top8avg-kyushu,kyushu,16.991249999999997,https://www.jepx.jp/_download.php?dir=spot_summary&file=spot_summary_2024.csv
2025-01-12,jepx-top8avg-kyushu,kyushu,16.088749999999997,https://www.jepx.jp/_download.php?dir=spot_summary&file=spot_summary_2024.csv
2025-01-13,jepx-top8avg-kyushu,kyushu,15.9725,https://www.jepx.jp/_download.php?dir=spot_summary&file=spot_summary_2024.csv
2025-01-14,jepx-top8avg-kyushu,kyushu,15.982500000000002,https://www.jepx.jp/_download.php?dir=spot_summary&file=spot_summary_2024.csv
2025-01-15,jepx-top8avg-kyushu,kyushu,16.943749999999998,https://www.jepx.jp/_download.php?dir=spot_summary&file=spot_summary_2024.csv
2025-01-16,jepx-top8avg-kyushu,kyushu,19.49875,https://www.jepx.jp/_download.php?dir=spot_summary&file=spot_summary_2024.csv
2025-01-17,jepx-top8avg-kyushu,kyushu,19.28375,https://www.jepx.jp/_download.php?dir=spot_summary&file=spot_summary_2024.csv
2025-01-18,jepx-top8avg-kyushu,kyushu,15.954999999999998,https://www.jepx.jp/_download.php?dir=spot_summary&file=spot_summary_2024.csv
2025-01-19,jepx-top8avg-kyushu,kyushu,11.966249999999999,https://www.jepx.jp/_download.php?dir=spot_summary&file=spot_summary_2024.csv
2025-01-20,jepx-top8avg-kyushu,kyushu,15.475000000000001,https://www.jepx.jp/_download.php?dir=spot_summary&file=spot_summary_2024.csv
2025-01-21,jepx-top8avg-kyushu,kyushu,15.40625,https://www.jepx.jp/_download.php?dir=spot_summary&file=spot_summary_2024.csv
2025-01-22,jepx-top8avg-kyushu,kyushu,14.96,https://www.jepx.jp/_download.php?dir=spot_summary&file=spot_summary_2024.csv
2025-01-23,jepx-top8avg-kyushu,kyushu,14.745000000000001,https://www.jepx.jp/_download.php?dir=spot_summary&file=spot_summary_2024.csv
2025-01-24,jepx-top8avg-kyushu,kyushu,12.737499999999999,https://www.jepx.jp/_download.php?dir=spot_summary&file=spot_summary_2024.csv
2025-01-25,jepx-top8avg-kyushu,kyushu,12.84375,https://www.jepx.jp/_download.php?dir=spot_summary&file=spot_summary_2024.csv
2025-01-26,jepx-top8avg-kyushu,kyushu,10.438749999999999,https://www.jepx.jp/_download.php?dir=spot_summary&file=spot_summary_2024.csv
2025-01-27,jepx-top8avg-kyushu,kyushu,15.49375,https://www.jepx.jp/_download.php?dir=spot_summary&file=spot_summary_2024.csv
2025-01-28,jepx-top8avg-kyushu,kyushu,14.77,https://www.jepx.jp/_download.php?dir=spot_summary&file=spot_summary_2024.csv
2025-01-29,jepx-top8avg-kyushu,kyushu,16.119999999999997,https://www.jepx.jp/_download.php?dir=spot_summary&file=spot_summary_2024.csv
2025-01-30,jepx-top8avg-kyushu,kyushu,17.165,https://www.jepx.jp/_download.php?dir=spot_summary&file=spot_summary_2024.csv
2025-01-31,jepx-top8avg-kyushu,kyushu,17.619999999999997,https://www.jepx.jp/_download.php?dir=spot_summary&file=spot_summary_2024.csv
2025-02-01,jepx-top8avg-kyushu,kyushu,14.4475,https://www.jepx.jp/_download.php?dir=spot_summary&file=spot_summary_2024.csv
2025-02-02,jepx-top8avg-kyushu,kyushu,13.46125,https://www.jepx.jp/_download.php?dir=spot_summary&file=spot_summary_2024.csv
2025-02-03,jepx-top8avg-kyushu,kyushu,14.56125,https://www.jepx.jp/_download.php?dir=spot_summary&file=spot_summary_2024.csv
2025-02-04,jepx-top8avg-kyushu,kyushu,19.189999999999998,https://www.jepx.jp/_download.php?dir=spot_summary&file=spot_summary_2024.csv
2025-02-05,jepx-top8avg-kyushu,kyushu,23.81625,https://www.jepx.jp/_download.php?dir=spot_summary&file=spot_summary_2024.csv
2025-02-06,jepx-top8avg-kyushu,kyushu,24.86,https://www.jepx.jp/_download.php?dir=spot_summary&file=spot_summary_2024.csv
2025-02-07,jepx-top8avg-kyushu,kyushu,25.38875,https://www.jepx.jp/_download.php?dir=spot_summary&file=spot_summary_2024.csv
2025-02-08,jepx-top8avg-kyushu,kyushu,21.228749999999998,https://www.jepx.jp/_download.php?dir=spot_summary&file=spot_summary_2024.csv
2025-02-09,jepx-top8avg-kyushu,kyushu,17.04625,https://www.jepx.jp/_download.php?dir=spot_summary&file=spot_summary_2024.csv
2025-02-10,jepx-top8avg-kyushu,kyushu,21.4525,https://www.jepx.jp/_download.php?dir=spot_summary&file=spot_summary_2024.csv
2025-02-11,jepx-top8avg-kyushu,kyushu,18.92875,https://www.jepx.jp/_download.php?dir=spot_summary&file=spot_summary_2024.csv
2025-02-12,jepx-top8avg-kyushu,kyushu,22.59875,https://www.jepx.jp/_download.php?dir=spot_summary&file=spot_summary_2024.csv
2025-02-13,jepx-top8avg-kyushu,kyushu,20.1175,https://www.jepx.jp/_download.php?dir=spot_summary&file=spot_summary_2024.csv
2025-02-14,jepx-top8avg-kyushu,kyushu,16.083750000000002,https://www.jepx.jp/_download.php?dir=spot_summary&file=spot_summary_2024.csv
2025-02-15,jepx-top8avg-kyushu,kyushu,13.99,https://www.jepx.jp/_download.php?dir=spot_summary&file=spot_summary_2024.csv
2025-02-16,jepx-top8avg-kyushu,kyushu,11.86375,https://www.jepx.jp/_download.php?dir=spot_summary&file=spot_summary_2024.csv
2025-02-17,jepx-top8avg-kyushu,kyushu,18.57875,https://www.jepx.jp/_download.php?dir=spot_summary&file=spot_summary_2024.csv
2025-02-18,jepx-top8avg-kyushu,kyushu,20.762500000000003,https://www.jepx.jp/_download.php?dir=spot_summary&file=spot_summary_2024.csv
2025-02-19,jepx-top8avg-kyushu,kyushu,21.32,https://www.jepx.jp/_download.php?dir=spot_summary&file=spot_summary_2024.csv
2025-02-20,jepx-top8avg-kyushu,kyushu,21.1725,https://www.jepx.jp/_download.php?dir=spot_summary&file=spot_summary_2024.csv
2025-02-21,jepx-top8avg-kyushu,kyushu,20.5925,https://www.jepx.jp/_download.php?dir=spot_summary&file=spot_summary_2024.csv
2025-02-22,jepx-top8avg-kyushu,kyushu,24.41,https://www.jepx.jp/_download.php?dir=spot_summary&file=spot_summary_2024.csv
2025-02-23,jepx-top8avg-kyushu,kyushu,18.465000000000003,https://www.jepx.jp/_download.php?dir=spot_summary&file=spot_summary_2024.csv
2025-02-24,jepx-top8avg-kyushu,kyushu,23.912499999999998,https://www.jepx.jp/_download.php?dir=spot_summary&file=spot_summary_2024.csv
2025-02-25,jepx-top8avg-kyushu,kyushu,21.7675,https://www.jepx.jp/_download.php?dir=spot_summary&file=spot_summary_2024.csv
2025-02-26,jepx-top8avg-kyushu,kyushu,16.626250000000002,https://www.jepx.jp/_download.php?dir=spot_summary&file=spot_summary_2024.csv
2025-02-27,jepx-top8avg-kyushu,kyushu,15.65375,https://www.jepx.jp/_download.php?dir=spot_summary&file=spot_summary_2024.csv
2025-02-28,jepx-top8avg-kyushu,kyushu,14.26125,https://www.jepx.jp/_download.php?dir=spot_summary&file=spot_summary_2024.csv
2025-03-01,jepx-top8avg-kyushu,kyushu,12.66375,https://www.jepx.jp/_download.php?dir=spot_summary&file=spot_summary_2024.csv
2025-03-02,jepx-top8avg-kyushu,kyushu,10.6175,https://www.jepx.jp/_download.php?dir=spot_summary&file=spot_summary_2024.csv
2025-03-03,jepx-top8avg-kyushu,kyushu,19.9375,https://www.jepx.jp/_download.php?dir=spot_summary&file=spot_summary_2024.csv
2025-03-04,jepx-top8avg-kyushu,kyushu,37.715,https://www.jepx.jp/_download.php?dir=spot_summary&file=spot_summary_2024.csv
2025-03-05,jepx-top8avg-kyushu,kyushu,21.175,https://www.jepx.jp/_download.php?dir=spot_summary&file=spot_summary_2024.csv
2025-03-06,jepx-top8avg-kyushu,kyushu,27.83125,https://www.jepx.jp/_download.php?dir=spot_summary&file=spot_summary_2024.csv
2025-03-07,jepx-top8avg-kyushu,kyushu,27.42375,https://www.jepx.jp/_download.php?dir=spot_summary&file=spot_summary_2024.csv
2025-03-08,jepx-top8avg-kyushu,kyushu,19.41375,https://www.jepx.jp/_download.php?dir=spot_summary&file=spot_summary_2024.csv
2025-03-09,jepx-top8avg-kyushu,kyushu,16.096249999999998,https://www.jepx.jp/_download.php?dir=spot_summary&file=spot_summary_2024.csv
2025-03-10,jepx-top8avg-kyushu,kyushu,19.55,https://www.jepx.jp/_download.php?dir=spot_summary&file=spot_summary_2024.csv
2025-03-11,jepx-top8avg-kyushu,kyushu,18.012500000000003,https://www.jepx.jp/_download.php?dir=spot_summary&file=spot_summary_2024.csv
2025-03-12,jepx-top8avg-kyushu,kyushu,15.19625,https://www.jepx.jp/_download.php?dir=spot_summary&file=spot_summary_2024.csv
2025-03-13,jepx-top8avg-kyushu,kyushu,13.49625,https://www.jepx.jp/_download.php?dir=spot_summary&file=spot_summary_2024.csv
2025-03-14,jepx-top8avg-kyushu,kyushu,14.16875,https://www.jepx.jp/_download.php?dir=spot_summary&file=spot_summary_2024.csv
2025-03-15,jepx-top8avg-kyushu,kyushu,13.522499999999999,https://www.jepx.jp/_download.php?dir=spot_summary&file=spot_summary_2024.csv
2025-03-16,jepx-top8avg-kyushu,kyushu,14.62375,https://www.jepx.jp/_download.php?dir=spot_summary&file=spot_summary_2024.csv
2025-03-17,jepx-top8avg-kyushu,kyushu,20.895,https://www.jepx.jp/_download.php?dir=spot_summary&file=spot_summary_2024.csv
2025-03-18,jepx-top8avg-kyushu,kyushu,20.697499999999998,https://www.jepx.jp/_download.php?dir=spot_summary&file=spot_summary_2024.csv
2025-03-19,jepx-top8avg-kyushu,kyushu,20.3675,https://www.jepx.jp/_download.php?dir=spot_summary&file=spot_summary_2024.csv
2025-03-20,jepx-top8avg-kyushu,kyushu,17.23,https://www.jepx.jp/_download.php?dir=spot_summary&file=spot_summary_2024.csv
2025-03-21,jepx-top8avg-kyushu,kyushu,12.684999999999999,https://www.jepx.jp/_download.php?dir=spot_summary&file=spot_summary_2024.csv
2025-03-22,jepx-top8avg-kyushu,kyushu,11.89875,https://www.jepx.jp/_download.php?dir=spot_summary&file=spot_summary_2024.csv
2025-03-23,jepx-top8avg-kyushu,kyushu,9.350000000000001,https://www.jepx.jp/_download.php?dir=spot_summary&file=spot_summary_2024.csv
2025-03-24,jepx-top8avg-kyushu,kyushu,10.67125,https://www.jepx.jp/_download.php?dir=spot_summary&file=spot_summary_2024.csv
2025-03-25,jepx-top8avg-kyushu,kyushu,10.146249999999998,https://www.jepx.jp/_download.php?dir=spot_summary&file=spot_summary_2024.csv
2025-03-26,jepx-top8avg-kyushu,kyushu,10.196250000000001,https://www.jepx.jp/_download.php?dir=spot_summary&file=spot_summary_2024.csv
2025-03-27,jepx-top8avg-kyushu,kyushu,10.126249999999999,https://www.jepx.jp/_download.php?dir=spot_summary&file=spot_summary_2024.csv
2025-03-28,jepx-top8avg-kyushu,kyushu,9.8275,https://www.jepx.jp/_download.php?dir=spot_summary&file=spot_summary_2024.csv
2025-03-29,jepx-top8avg-kyushu,kyushu,11.9475,https://www.jepx.jp/_download.php?dir=spot_summary&file=spot_summary_2024.csv
2025-03-30,jepx-top8avg-kyushu,kyushu,12.905,https://www.jepx.jp/_download.php?dir=spot_summary&file=spot_summary_2024.csv
2025-03-31,jepx-top8avg-kyushu,kyushu,15.13625,https://www.jepx.jp/_download.php?dir=spot_summary&file=spot_summary_2024.csv
2025-04-01,jepx-top8avg-kyushu,kyushu,16.051250000000003,https://www.jepx.jp/_download.php?dir=spot_summary&file=spot_summary_2025.csv
2025-04-02,jepx-top8avg-kyushu,kyushu,13.43375,https://www.jepx.jp/_download.php?dir=spot_summary&file=spot_summary_2025.csv
2025-04-03,jepx-top8avg-kyushu,kyushu,14.030000000000001,https://www.jepx.jp/_download.php?dir=spot_summary&file=spot_summary_2025.csv
2025-04-04,jepx-top8avg-kyushu,kyushu,15.48375,https://www.jepx.jp/_download.php?dir=spot_summary&file=spot_summary_2025.csv
2025-04-05,jepx-top8avg-kyushu,kyushu,12.5125,https://www.jepx.jp/_download.php?dir=spot_summary&file=spot_summary_2025.csv
2025-04-06,jepx-top8avg-kyushu,kyushu,12.13875,https://www.jepx.jp/_download.php?dir=spot_summary&file=spot_summary_2025.csv
2025-04-07,jepx-top8avg-kyushu,kyushu,14.017499999999998,https://www.jepx.jp/_download.php?dir=spot_summary&file=spot_summary_2025.csv
2025-04-08,jepx-top8avg-kyushu,kyushu,12.815000000000001,https://www.jepx.jp/_download.php?dir=spot_summary&file=spot_summary_2025.csv
2025-04-09,jepx-top8avg-kyushu,kyushu,13.75875,https://www.jepx.jp/_download.php?dir=spot_summary&file=spot_summary_2025.csv
2025-04-10,jepx-top8avg-kyushu,kyushu,13.495000000000001,https://www.jepx.jp/_download.php?dir=spot_summary&file=spot_summary_2025.csv
2025-04-11,jepx-top8avg-kyushu,kyushu,13.438749999999999,https://www.jepx.jp/_download.php?dir=spot_summary&file=spot_summary_2025.csv
2025-04-12,jepx-top8avg-kyushu,kyushu,12.497499999999999,https://www.jepx.jp/_download.php?dir=spot_summary&file=spot_summary_2025.csv
2025-04-13,jepx-top8avg-kyushu,kyushu,12.1175,https://www.jepx.jp/_download.php?dir=spot_summary&file=spot_summary_2025.csv
2025-04-14,jepx-top8avg-kyushu,kyushu,13.98375,https://www.jepx.jp/_download.php?dir=spot_summary&file=spot_summary_2025.csv
2025-04-15,jepx-top8avg-kyushu,kyushu,15.465,https://www.jepx.jp/_download.php?dir=spot_summary&file=spot_summary_2025.csv
2025-04-16,jepx-top8avg-kyushu,kyushu,13.51625,https://www.jepx.jp/_download.php?dir=spot_summary&file=spot_summary_2025.csv
2025-04-17,jepx-top8avg-kyushu,kyushu,12.035,https://www.jepx.jp/_download.php?dir=spot_summary&file=spot_summary_2025.csv
2025-04-18,jepx-top8avg-kyushu,kyushu,11.588750000000001,https://www.jepx.jp/_download.php?dir=spot_summary&file=spot_summary_2025.csv
2025-04-19,jepx-top8avg-kyushu,kyushu,10.46875,https://www.jepx.jp/_download.php?dir=spot_summary&file=spot_summary_2025.csv
2025-04-20,jepx-top8avg-kyushu,kyushu,10.7,https://www.jepx.jp/_download.php?dir=spot_summary&file=spot_summary_2025.csv
2025-04-21,jepx-top8avg-kyushu,kyushu,13.2675,https://www.jepx.jp/_download.php?dir=spot_summary&file=spot_summary_2025.csv
2025-04-22,jepx-top8avg-kyushu,kyushu,14.042499999999999,https://www.jepx.jp/_download.php?dir=spot_summary&file=spot_summary_2025.csv
2025-04-23,jepx-top8avg-kyushu,kyushu,15.89375,https://www.jepx.jp/_download.php?dir=spot_summary&file=spot_summary_2025.csv
2025-04-24,jepx-top8avg-kyushu,kyushu,12.17125,https://www.jepx.jp/_download.php?dir=spot_summary&file=spot_summary_2025.csv
2025-04-25,jepx-top8avg-kyushu,kyushu,12.618749999999999,https://www.jepx.jp/_download.php?dir=spot_summary&file=spot_summary_2025.csv
2025-04-26,jepx-top8avg-kyushu,kyushu,11.60125,https://www.jepx.jp/_download.php?dir=spot_summary&file=spot_summary_2025.csv
2025-04-27,jepx-top8avg-kyushu,kyushu,12.870000000000001,https://www.jepx.jp/_download.php?dir=spot_summary&file=spot_summary_2025.csv
2025-04-28,jepx-top8avg-kyushu,kyushu,13.84125,https://www.jepx.jp/_download.php?dir=spot_summary&file=spot_summary_2025.csv
2025-04-29,jepx-top8avg-kyushu,kyushu,13.3025,https://www.jepx.jp/_download.php?dir=spot_summary&file=spot_summary_2025.csv
2025-04-30,jepx-top8avg-kyushu,kyushu,12.69625,https://www.jepx.jp/_download.php?dir=spot_summary&file=spot_summary_2025.csv
2025-05-01,jepx-top8avg-kyushu,kyushu,14.33125,https://www.jepx.jp/_download.php?dir=spot_summary&file=spot_summary_2025.csv
2025-05-02,jepx-top8avg-kyushu,kyushu,14.322500000000002,https://www.jepx.jp/_download.php?dir=spot_summary&file=spot_summary_2025.csv
2025-05-03,jepx-top8avg-kyushu,kyushu,13.245,https://www.jepx.jp/_download.php?dir=spot_summary&file=spot_summary_2025.csv
2025-05-04,jepx-top8avg-kyushu,kyushu,12.465,https://www.jepx.jp/_download.php?dir=spot_summary&file=spot_summary_2025.csv
2025-05-05,jepx-top8avg-kyushu,kyushu,12.05125,https://www.jepx.jp/_download.php?dir=spot_summary&file=spot_summary_2025.csv
2025-05-06,jepx-top8avg-kyushu,kyushu,15.7575,https://www.jepx.jp/_download.php?dir=spot_summary&file=spot_summary_2025.csv
2025-05-07,jepx-top8avg-kyushu,kyushu,13.16375,https://www.jepx.jp/_download.php?dir=spot_summary&file=spot_summary_2025.csv
2025-05-08,jepx-top8avg-kyushu,kyushu,13.1225,https://www.jepx.jp/_download.php?dir=spot_summary&file=spot_summary_2025.csv
2025-05-09,jepx-top8avg-kyushu,kyushu,14.43,https://www.jepx.jp/_download.php?dir=spot_summary&file=spot_summary_2025.csv
2025-05-10,jepx-top8avg-kyushu,kyushu,9.850000000000001,https://www.jepx.jp/_download.php?dir=spot_summary&file=spot_summary_2025.csv
2025-05-11,jepx-top8avg-kyushu,kyushu,9.98375,https://www.jepx.jp/_download.php?dir=spot_summary&file=spot_summary_2025.csv
2025-05-12,jepx-top8avg-kyushu,kyushu,11.54125,https://www.jepx.jp/_download.php?dir=spot_summary&file=spot_summary_2025.csv
2025-05-13,jepx-top8avg-kyushu,kyushu,11.05625,https://www.jepx.jp/_download.php?dir=spot_summary&file=spot_summary_2025.csv
2025-05-14,jepx-top8avg-kyushu,kyushu,9.2225,https://www.jepx.jp/_download.php?dir=spot_summary&file=spot_summary_2025.csv
2025-05-15,jepx-top8avg-kyushu,kyushu,10.498750000000001,https://www.jepx.jp/_download.php?dir=spot_summary&file=spot_summary_2025.csv
2025-05-16,jepx-top8avg-kyushu,kyushu,12.245000000000001,https://www.jepx.jp/_download.php?dir=spot_summary&file=spot_summary_2025.csv
2025-05-17,jepx-top8avg-kyushu,kyushu,10.5075,https://www.jepx.jp/_download.php?dir=spot_summary&file=spot_summary_2025.csv
2025-05-18,jepx-top8avg-kyushu,kyushu,10.1975,https://www.jepx.jp/_download.php?dir=spot_summary&file=spot_summary_2025.csv
2025-05-19,jepx-top8avg-kyushu,kyushu,12.25375,https://www.jepx.jp/_download.php?dir=spot_summary&file=spot_summary_2025.csv
2025-05-20,jepx-top8avg-kyushu,kyushu,14.942499999999999,https://www.jepx.jp/_download.php?dir=spot_summary&file=spot_summary_2025.csv
2025-05-21,jepx-top8avg-kyushu,kyushu,17.25,https://www.jepx.jp/_download.php?dir=spot_summary&file=spot_summary_2025.csv
2025-05-22,jepx-top8avg-kyushu,kyushu,14.17625,https://www.jepx.jp/_download.php?dir=spot_summary&file=spot_summary_2025.csv
2025-05-23,jepx-top8avg-kyushu,kyushu,8.52375,https://www.jepx.jp/_download.php?dir=spot_summary&file=spot_summary_2025.csv
2025-05-24,jepx-top8avg-kyushu,kyushu,9.908750000000001,https://www.jepx.jp/_download.php?dir=spot_summary&file=spot_summary_2025.csv
2025-05-25,jepx-top8avg-kyushu,kyushu,7.44125,https://www.jepx.jp/_download.php?dir=spot_summary&file=spot_summary_2025.csv
2025-05-26,jepx-top8avg-kyushu,kyushu,10.9525,https://www.jepx.jp/_download.php?dir=spot_summary&file=spot_summary_2025.csv
2025-05-27,jepx-top8avg-kyushu,kyushu,10.11125,https://www.jepx.jp/_download.php?dir=spot_summary&file=spot_summary_2025.csv
2025-05-28,jepx-top8avg-kyushu,kyushu,9.48125,https://www.jepx.jp/_download.php?dir=spot_summary&file=spot_summary_2025.csv
2025-05-29,jepx-top8avg-kyushu,kyushu,12.16375,https://www.jepx.jp/_download.php?dir=spot_summary&file=spot_summary_2025.csv
2025-05-30,jepx-top8avg-kyushu,kyushu,10.51125,https://www.jepx.jp/_download.php?dir=spot_summary&file=spot_summary_2025.csv
2025-05-31,jepx-top8avg-kyushu,kyushu,8.225,https://www.jepx.jp/_download.php?dir=spot_summary&file=spot_summary_2025.csv
2025-06-01,jepx-top8avg-kyushu,kyushu,10.16875,https://www.jepx.jp/_download.php?dir=spot_summary&file=spot_summary_2025.csv
2025-06-02,jepx-top8avg-kyushu,kyushu,12.5975,https://www.jepx.jp/_download.php?dir=spot_summary&file=spot_summary_2025.csv
2025-06-03,jepx-top8avg-kyushu,kyushu,15.725,https://www.jepx.jp/_download.php?dir=spot_summary&file=spot_summary_2025.csv
2025-06-04,jepx-top8avg-kyushu,kyushu,11.93625,https://www.jepx.jp/_download.php?dir=spot_summary&file=spot_summary_2025.csv
2025-06-05,jepx-top8avg-kyushu,kyushu,10.70625,https://www.jepx.jp/_download.php?dir=spot_summary&file=spot_summary_2025.csv
2025-06-06,jepx-top8avg-kyushu,kyushu,9.985,https://www.jepx.jp/_download.php?dir=spot_summary&file=spot_summary_2025.csv
2025-06-07,jepx-top8avg-kyushu,kyushu,10.217500000000001,https://www.jepx.jp/_download.php?dir=spot_summary&file=spot_summary_2025.csv
2025-06-08,jepx-top8avg-kyushu,kyushu,9.445,https://www.jepx.jp/_download.php?dir=spot_summary&file=spot_summary_2025.csv
2025-06-09,jepx-top8avg-kyushu,kyushu,12.27,https://www.jepx.jp/_download.php?dir=spot_summary&file=spot_summary_2025.csv
2025-06-10,jepx-top8avg-kyushu,kyushu,15.92875,https://www.jepx.jp/_download.php?dir=spot_summary&file=spot_summary_2025.csv
2025-06-11,jepx-top8avg-kyushu,kyushu,16.0775,https://www.jepx.jp/_download.php?dir=spot_summary&file=spot_summary_2025.csv
2025-06-12,jepx-top8avg-kyushu,kyushu,11.69625,https://www.jepx.jp/_download.php?dir=spot_summary&file=spot_summary_2025.csv
2025-06-13,jepx-top8avg-kyushu,kyushu,13.04625,https://www.jepx.jp/_download.php?dir=spot_summary&file=spot_summary_2025.csv
2025-06-14,jepx-top8avg-kyushu,kyushu,9.8425,https://www.jepx.jp/_download.php?dir=spot_summary&file=spot_summary_2025.csv
2025-06-15,jepx-top8avg-kyushu,kyushu,12.83,https://www.jepx.jp/_download.php?dir=spot_summary&file=spot_summary_2025.csv
2025-06-16,jepx-top8avg-kyushu,kyushu,21.10125,https://www.jepx.jp/_download.php?dir=spot_summary&file=spot_summary_2025.csv
2025-06-17,jepx-top8avg-kyushu,kyushu,24.31125,https://www.jepx.jp/_download.php?dir=spot_summary&file=spot_summary_2025.csv
2025-06-18,jepx-top8avg-kyushu,kyushu,24.542499999999997,https://www.jepx.jp/_download.php?dir=spot_summary&file=spot_summary_2025.csv
2025-06-19,jepx-top8avg-kyushu,kyushu,25.106250000000003,https://www.jepx.jp/_download.php?dir=spot_summary&file=spot_summary_2025.csv
2025-06-20,jepx-top8avg-kyushu,kyushu,22.5475,https://www.jepx.jp/_download.php?dir=spot_summary&file=spot_summary_2025.csv
2025-06-21,jepx-top8avg-kyushu,kyushu,15.661250000000003,https://www.jepx.jp/_download.php?dir=spot_summary&file=spot_summary_2025.csv
2025-06-22,jepx-top8avg-kyushu,kyushu,15.7875,https://www.jepx.jp/_download.php?dir=spot_summary&file=spot_summary_2025.csv
2025-06-23,jepx-top8avg-kyushu,kyushu,20.055,https://www.jepx.jp/_download.php?dir=spot_summary&file=spot_summary_2025.csv
2025-06-24,jepx-top8avg-kyushu,kyushu,23.36875,https://www.jepx.jp/_download.php?dir=spot_summary&file=spot_summary_2025.csv
2025-06-25,jepx-top8avg-kyushu,kyushu,21.986250000000002,https://www.jepx.jp/_download.php?dir=spot_summary&file=spot_summary_2025.csv
2025-06-26,jepx-top8avg-kyushu,kyushu,17.07875,https://www.jepx.jp/_download.php?dir=spot_summary&file=spot_summary_2025.csv
2025-06-27,jepx-top8avg-kyushu,kyushu,17.55,https://www.jepx.jp/_download.php?dir=spot_summary&file=spot_summary_2025.csv
2025-06-28,jepx-top8avg-kyushu,kyushu,14.52125,https://www.jepx.jp/_download.php?dir=spot_summary&file=spot_summary_2025.csv
2025-06-29,jepx-top8avg-kyushu,kyushu,14.868749999999999,https://www.jepx.jp/_download.php?dir=spot_summary&file=spot_summary_2025.csv
2025-06-30,jepx-top8avg-kyushu,kyushu,19.323749999999997,https://www.jepx.jp/_download.php?dir=spot_summary&file=spot_summary_2025.csv
2025-07-01,jepx-top8avg-kyushu,kyushu,18.932499999999997,https://www.jepx.jp/_download.php?dir=spot_summary&file=spot_summary_2025.csv
2025-07-02,jepx-top8avg-kyushu,kyushu,26.096249999999998,https://www.jepx.jp/_download.php?dir=spot_summary&file=spot_summary_2025.csv
2025-07-03,jepx-top8avg-kyushu,kyushu,21.791249999999998,https://www.jepx.jp/_download.php?dir=spot_summary&file=spot_summary_2025.csv
2025-07-04,jepx-top8avg-kyushu,kyushu,25.1175,https://www.jepx.jp/_download.php?dir=spot_summary&file=spot_summary_2025.csv
2025-07-05,jepx-top8avg-kyushu,kyushu,18.177500000000002,https://www.jepx.jp/_download.php?dir=spot_summary&file=spot_summary_2025.csv
2025-07-06,jepx-top8avg-kyushu,kyushu,18.759999999999998,https://www.jepx.jp/_download.php?dir=spot_summary&file=spot_summary_2025.csv
2025-07-07,jepx-top8avg-kyushu,kyushu,27.1,https://www.jepx.jp/_download.php?dir=spot_summary&file=spot_summary_2025.csv
2025-07-08,jepx-top8avg-kyushu,kyushu,25.71,https://www.jepx.jp/_download.php?dir=spot_summary&file=spot_summary_2025.csv
2025-07-09,jepx-top8avg-kyushu,kyushu,20.81875,https://www.jepx.jp/_download.php?dir=spot_summary&file=spot_summary_2025.csv
2025-07-10,jepx-top8avg-kyushu,kyushu,20.596249999999998,https://www.jepx.jp/_download.php?dir=spot_summary&file=spot_summary_2025.csv
2025-07-11,jepx-top8avg-kyushu,kyushu,17.295,https://www.jepx.jp/_download.php?dir=spot_summary&file=spot_summary_2025.csv
2025-07-12,jepx-top8avg-kyushu,kyushu,14.372499999999999,https://www.jepx.jp/_download.php?dir=spot_summary&file=spot_summary_2025.csv
2025-07-13,jepx-top8avg-kyushu,kyushu,14.76875,https://www.jepx.jp/_download.php?dir=spot_summary&file=spot_summary_2025.csv
2025-07-14,jepx-top8avg-kyushu,kyushu,17.216250000000002,https://www.jepx.jp/_download.php?dir=spot_summary&file=spot_summary_2025.csv
2025-07-15,jepx-top8avg-kyushu,kyushu,17.34125,https://www.jepx.jp/_download.php?dir=spot_summary&file=spot_summary_2025.csv
2025-07-16,jepx-top8avg-kyushu,kyushu,16.777500000000003,https://www.jepx.jp/_download.php?dir=spot_summary&file=spot_summary_2025.csv
2025-07-17,jepx-top8avg-kyushu,kyushu,15.32125,https://www.jepx.jp/_download.php?dir=spot_summary&file=spot_summary_2025.csv
2025-07-18,jepx-top8avg-kyushu,kyushu,16.9325,https://www.jepx.jp/_download.php?dir=spot_summary&file=spot_summary_2025.csv
2025-07-19,jepx-top8avg-kyushu,kyushu,12.521249999999998,https://www.jepx.jp/_download.php?dir=spot_summary&file=spot_summary_2025.csv
2025-07-20,jepx-top8avg-kyushu,kyushu,12.3325,https://www.jepx.jp/_download.php?dir=spot_summary&file=spot_summary_2025.csv
2025-07-21,jepx-top8avg-kyushu,kyushu,15.616249999999999,https://www.jepx.jp/_download.php?dir=spot_summary&file=spot_summary_2025.csv
2025-07-22,jepx-top8avg-kyushu,kyushu,18.66,https://www.jepx.jp/_download.php?dir=spot_summary&file=spot_summary_2025.csv
2025-07-23,jepx-top8avg-kyushu,kyushu,18.66625,https://www.jepx.jp/_download.php?dir=spot_summary&file=spot_summary_2025.csv
2025-07-24,jepx-top8avg-kyushu,kyushu,19.085,https://www.jepx.jp/_download.php?dir=spot_summary&file=spot_summary_2025.csv
2025-07-25,jepx-top8avg-kyushu,kyushu,18.911250000000003,https://www.jepx.jp/_download.php?dir=spot_summary&file=spot_summary_2025.csv
2025-07-26,jepx-top8avg-kyushu,kyushu,15.548749999999998,https://www.jepx.jp/_download.php?dir=spot_summary&file=spot_summary_2025.csv
2025-07-27,jepx-top8avg-kyushu,kyushu,16.285,https://www.jepx.jp/_download.php?dir=spot_summary&file=spot_summary_2025.csv
2025-07-28,jepx-top8avg-kyushu,kyushu,22.122500000000002,https://www.jepx.jp/_download.php?dir=spot_summary&file=spot_summary_2025.csv
2025-07-29,jepx-top8avg-kyushu,kyushu,23.299999999999997,https://www.jepx.jp/_download.php?dir=spot_summary&file=spot_summary_2025.csv
2025-07-30,jepx-top8avg-kyushu,kyushu,21.60875,https://www.jepx.jp/_download.php?dir=spot_summary&file=spot_summary_2025.csv
2025-07-31,jepx-top8avg-kyushu,kyushu,18.61875,https://www.jepx.jp/_download.php?dir=spot_summary&file=spot_summary_2025.csv
2025-08-01,jepx-top8avg-kyushu,kyushu,16.0875,https://www.jepx.jp/_download.php?dir=spot_summary&file=spot_summary_2025.csv
2025-08-02,jepx-top8avg-kyushu,kyushu,16.231250000000003,https://www.jepx.jp/_download.php?dir=spot_summary&file=spot_summary_2025.csv
2025-08-03,jepx-top8avg-kyushu,kyushu,15.57,https://www.jepx.jp/_download.php?dir=spot_summary&file=spot_summary_2025.csv
2025-08-04,jepx-top8avg-kyushu,kyushu,18.49625,https://www.jepx.jp/_download.php?dir=spot_summary&file=spot_summary_2025.csv
2025-08-05,jepx-top8avg-kyushu,kyushu,22.035,https://www.jepx.jp/_download.php?dir=spot_summary&file=spot_summary_2025.csv
2025-08-06,jepx-top8avg-kyushu,kyushu,19.24625,https://www.jepx.jp/_download.php?dir=spot_summary&file=spot_summary_2025.csv
2025-08-07,jepx-top8avg-kyushu,kyushu,20.79625,https://www.jepx.jp/_download.php?dir=spot_summary&file=spot_summary_2025.csv
2025-08-08,jepx-top8avg-kyushu,kyushu,17.768749999999997,https://www.jepx.jp/_download.php?dir=spot_summary&file=spot_summary_2025.csv
2025-08-09,jepx-top8avg-kyushu,kyushu,14.008750000000001,https://www.jepx.jp/_download.php?dir=spot_summary&file=spot_summary_2025.csv
2025-08-10,jepx-top8avg-kyushu,kyushu,10.7425,https://www.jepx.jp/_download.php?dir=spot_summary&file=spot_summary_2025.csv
2025-08-11,jepx-top8avg-kyushu,kyushu,10.36625,https://www.jepx.jp/_download.php?dir=spot_summary&file=spot_summary_2025.csv
2025-08-12,jepx-top8avg-kyushu,kyushu,11.673749999999998,https://www.jepx.jp/_download.php?dir=spot_summary&file=spot_summary_2025.csv
2025-08-13,jepx-top8avg-kyushu,kyushu,11.9025,https://www.jepx.jp/_download.php?dir=spot_summary&file=spot_summary_2025.csv
2025-08-14,jepx-top8avg-kyushu,kyushu,12.07875,https://www.jepx.jp/_download.php?dir=spot_summary&file=spot_summary_2025.csv
2025-08-15,jepx-top8avg-kyushu,kyushu,10.41625,https://www.jepx.jp/_download.php?dir=spot_summary&file=spot_summary_2025.csv
2025-08-16,jepx-top8avg-kyushu,kyushu,11.287500000000001,https://www.jepx.jp/_download.php?dir=spot_summary&file=spot_summary_2025.csv
2025-08-17,jepx-top8avg-kyushu,kyushu,12.366249999999999,https://www.jepx.jp/_download.php?dir=spot_summary&file=spot_summary_2025.csv
2025-08-18,jepx-top8avg-kyushu,kyushu,17.28,https://www.jepx.jp/_download.php?dir=spot_summary&file=spot_summary_2025.csv
2025-08-19,jepx-top8avg-kyushu,kyushu,17.28875,https://www.jepx.jp/_download.php?dir=spot_summary&file=spot_summary_2025.csv
2025-08-20,jepx-top8avg-kyushu,kyushu,16.993750000000002,https://www.jepx.jp/_download.php?dir=spot_summary&file=spot_summary_2025.csv
2025-08-21,jepx-top8avg-kyushu,kyushu,17.29875,https://www.jepx.jp/_download.php?dir=spot_summary&file=spot_summary_2025.csv
2025-08-22,jepx-top8avg-kyushu,kyushu,18.277500000000003,https://www.jepx.jp/_download.php?dir=spot_summary&file=spot_summary_2025.csv
2025-08-23,jepx-top8avg-kyushu,kyushu,13.165,https://www.jepx.jp/_download.php?dir=spot_summary&file=spot_summary_2025.csv
2025-08-24,jepx-top8avg-kyushu,kyushu,12.907499999999999,https://www.jepx.jp/_download.php?dir=spot_summary&file=spot_summary_2025.csv
2025-08-25,jepx-top8avg-kyushu,kyushu,17.9525,https://www.jepx.jp/_download.php?dir=spot_summary&file=spot_summary_2025.csv
2025-08-26,jepx-top8avg-kyushu,kyushu,17.8675,https://www.jepx.jp/_download.php?dir=spot_summary&file=spot_summary_2025.csv
2025-08-27,jepx-top8avg-kyushu,kyushu,17.072499999999998,https://www.jepx.jp/_download.php?dir=spot_summary&file=spot_summary_2025.csv
2025-08-28,jepx-top8avg-kyushu,kyushu,17.285,https://www.jepx.jp/_download.php?dir=spot_summary&file=spot_summary_2025.csv
2025-08-29,jepx-top8avg-kyushu,kyushu,17.166249999999998,https://www.jepx.jp/_download.php?dir=spot_summary&file=spot_summary_2025.csv
2025-08-30,jepx-top8avg-kyushu,kyushu,14.53375,https://www.jepx.jp/_download.php?dir=spot_summary&file=spot_summary_2025.csv
2025-08-31,jepx-top8avg-kyushu,kyushu,14.62125,https://www.jepx.jp/_download.php?dir=spot_summary&file=spot_summary_2025.csv
2025-09-01,jepx-top8avg-kyushu,kyushu,19.915,https://www.jepx.jp/_download.php?dir=spot_summary&file=spot_summary_2025.csv
2025-09-02,jepx-top8avg-kyushu,kyushu,20.02,https://www.jepx.jp/_download.php?dir=spot_summary&file=spot_summary_2025.csv
2025-09-03,jepx-top8avg-kyushu,kyushu,26.29,https://www.jepx.jp/_download.php?dir=spot_summary&file=spot_summary_2025.csv
2025-09-04,jepx-top8avg-kyushu,kyushu,19.32125,https://www.jepx.jp/_download.php?dir=spot_summary&file=spot_summary_2025.csv
2025-09-05,jepx-top8avg-kyushu,kyushu,18.0675,https://www.jepx.jp/_download.php?dir=spot_summary&file=spot_summary_2025.csv
2025-09-06,jepx-top8avg-kyushu,kyushu,14.80875,https://www.jepx.jp/_download.php?dir=spot_summary&file=spot_summary_2025.csv
2025-09-07,jepx-top8avg-kyushu,kyushu,14.46,https://www.jepx.jp/_download.php?dir=spot_summary&file=spot_summary_2025.csv
2025-09-08,jepx-top8avg-kyushu,kyushu,19.4625,https://www.jepx.jp/_download.php?dir=spot_summary&file=spot_summary_2025.csv
2025-09-09,jepx-top8avg-kyushu,kyushu,19.1025,https://www.jepx.jp/_download.php?dir=spot_summary&file=spot_summary_2025.csv
2025-09-10,jepx-top8avg-kyushu,kyushu,20.16125,https://www.jepx.jp/_download.php?dir=spot_summary&file=spot_summary_2025.csv
2025-09-11,jepx-top8avg-kyushu,kyushu,17.356250000000003,https://www.jepx.jp/_download.php?dir=spot_summary&file=spot_summary_2025.csv
2025-09-12,jepx-top8avg-kyushu,kyushu,13.645,https://www.jepx.jp/_download.php?dir=spot_summary&file=spot_summary_2025.csv
2025-09-13,jepx-top8avg-kyushu,kyushu,12.7025,https://www.jepx.jp/_download.php?dir=spot_summary&file=spot_summary_2025.csv
2025-09-14,jepx-top8avg-kyushu,kyushu,15.58625,https://www.jepx.jp/_download.php?dir=spot_summary&file=spot_summary_2025.csv
2025-09-15,jepx-top8avg-kyushu,kyushu,18.07125,https://www.jepx.jp/_download.php?dir=spot_summary&file=spot_summary_2025.csv
2025-09-16,jepx-top8avg-kyushu,kyushu,19.509999999999998,https://www.jepx.jp/_download.php?dir=spot_summary&file=spot_summary_2025.csv
2025-09-17,jepx-top8avg-kyushu,kyushu,17.91375,https://www.jepx.jp/_download.php?dir=spot_summary&file=spot_summary_2025.csv
2025-09-18,jepx-top8avg-kyushu,kyushu,20.5825,https://www.jepx.jp/_download.php?dir=spot_summary&file=spot_summary_2025.csv
2025-09-19,jepx-top8avg-kyushu,kyushu,14.362499999999999,https://www.jepx.jp/_download.php?dir=spot_summary&file=spot_summary_2025.csv
2025-09-20,jepx-top8avg-kyushu,kyushu,12.94,https://www.jepx.jp/_download.php?dir=spot_summary&file=spot_summary_2025.csv
2025-09-21,jepx-top8avg-kyushu,kyushu,10.541250000000002,https://www.jepx.jp/_download.php?dir=spot_summary&file=spot_summary_2025.csv
2025-09-22,jepx-top8avg-kyushu,kyushu,12.25875,https://www.jepx.jp/_download.php?dir=spot_summary&file=spot_summary_2025.csv
2025-09-23,jepx-top8avg-kyushu,kyushu,8.809999999999999,https://www.jepx.jp/_download.php?dir=spot_summary&file=spot_summary_2025.csv
2025-09-24,jepx-top8avg-kyushu,kyushu,12.44625,https://www.jepx.jp/_download.php?dir=spot_summary&file=spot_summary_2025.csv
2025-09-25,jepx-top8avg-kyushu,kyushu,13.00875,https://www.jepx.jp/_download.php?dir=spot_summary&file=spot_summary_2025.csv
2025-09-26,jepx-top8avg-kyushu,kyushu,13.530000000000001,https://www.jepx.jp/_download.php?dir=spot_summary&file=spot_summary_2025.csv
2025-09-27,jepx-top8avg-kyushu,kyushu,10.93375,https://www.jepx.jp/_download.php?dir=spot_summary&file=spot_summary_2025.csv
2025-09-28,jepx-top8avg-kyushu,kyushu,10.865,https://www.jepx.jp/_download.php?dir=spot_summary&file=spot_summary_2025.csv
2025-09-29,jepx-top8avg-kyushu,kyushu,11.945,https://www.jepx.jp/_download.php?dir=spot_summary&file=spot_summary_2025.csv
2025-09-30,jepx-top8avg-kyushu,kyushu,12.158750000000001,https://www.jepx.jp/_download.php?dir=spot_summary&file=spot_summary_2025.csv
2025-10-01,jepx-top8avg-kyushu,kyushu,16.6525,https://www.jepx.jp/_download.php?dir=spot_summary&file=spot_summary_2025.csv
2025-10-02,jepx-top8avg-kyushu,kyushu,14.63375,https://www.jepx.jp/_download.php?dir=spot_summary&file=spot_summary_2025.csv
2025-10-03,jepx-top8avg-kyushu,kyushu,16.0175,https://www.jepx.jp/_download.php?dir=spot_summary&file=spot_summary_2025.csv
2025-10-04,jepx-top8avg-kyushu,kyushu,12.002500000000001,https://www.jepx.jp/_download.php?dir=spot_summary&file=spot_summary_2025.csv
2025-10-05,jepx-top8avg-kyushu,kyushu,13.032499999999999,https://www.jepx.jp/_download.php?dir=spot_summary&file=spot_summary_2025.csv
2025-10-06,jepx-top8avg-kyushu,kyushu,16.955000000000002,https://www.jepx.jp/_download.php?dir=spot_summary&file=spot_summary_2025.csv
2025-10-07,jepx-top8avg-kyushu,kyushu,16.26125,https://www.jepx.jp/_download.php?dir=spot_summary&file=spot_summary_2025.csv
2025-10-08,jepx-top8avg-kyushu,kyushu,18.83625,https://www.jepx.jp/_download.php?dir=spot_summary&file=spot_summary_2025.csv
2025-10-09,jepx-top8avg-kyushu,kyushu,16.2425,https://www.jepx.jp/_download.php?dir=spot_summary&file=spot_summary_2025.csv
2025-10-10,jepx-top8avg-kyushu,kyushu,14.64875,https://www.jepx.jp/_download.php?dir=spot_summary&file=spot_summary_2025.csv
2025-10-11,jepx-top8avg-kyushu,kyushu,13.73625,https://www.jepx.jp/_download.php?dir=spot_summary&file=spot_summary_2025.csv
2025-10-12,jepx-top8avg-kyushu,kyushu,13.575,https://www.jepx.jp/_download.php?dir=spot_summary&file=spot_summary_2025.csv
2025-10-13,jepx-top8avg-kyushu,kyushu,17.85125,https://www.jepx.jp/_download.php?dir=spot_summary&file=spot_summary_2025.csv
2025-10-14,jepx-top8avg-kyushu,kyushu,18.57125,https://www.jepx.jp/_download.php?dir=spot_summary&file=spot_summary_2025.csv
2025-10-15,jepx-top8avg-kyushu,kyushu,21.28625,https://www.jepx.jp/_download.php?dir=spot_summary&file=spot_summary_2025.csv
2025-10-16,jepx-top8avg-kyushu,kyushu,32.9025,https://www.jepx.jp/_download.php?dir=spot_summary&file=spot_summary_2025.csv
2025-10-17,jepx-top8avg-kyushu,kyushu,18.284999999999997,https://www.jepx.jp/_download.php?dir=spot_summary&file=spot_summary_2025.csv
2025-10-18,jepx-top8avg-kyushu,kyushu,14.286249999999999,https://www.jepx.jp/_download.php?dir=spot_summary&file=spot_summary_2025.csv
2025-10-19,jepx-top8avg-kyushu,kyushu,13.06875,https://www.jepx.jp/_download.php?dir=spot_summary&file=spot_summary_2025.csv
2025-10-20,jepx-top8avg-kyushu,kyushu,15.245,https://www.jepx.jp/_download.php?dir=spot_summary&file=spot_summary_2025.csv
2025-10-21,jepx-top8avg-kyushu,kyushu,16.310000000000002,https://www.jepx.jp/_download.php?dir=spot_summary&file=spot_summary_2025.csv
2025-10-22,jepx-top8avg-kyushu,kyushu,16.758750000000003,https://www.jepx.jp/_download.php?dir=spot_summary&file=spot_summary_2025.csv
2025-10-23,jepx-top8avg-kyushu,kyushu,12.5875,https://www.jepx.jp/_download.php?dir=spot_summary&file=spot_summary_2025.csv
2025-10-24,jepx-top8avg-kyushu,kyushu,12.18375,https://www.jepx.jp/_download.php?dir=spot_summary&file=spot_summary_2025.csv
2025-10-25,jepx-top8avg-kyushu,kyushu,12.335,https://www.jepx.jp/_download.php?dir=spot_summary&file=spot_summary_2025.csv
2025-10-26,jepx-top8avg-kyushu,kyushu,12.03125,https://www.jepx.jp/_download.php?dir=spot_summary&file=spot_summary_2025.csv
2025-10-27,jepx-top8avg-kyushu,kyushu,12.015,https://www.jepx.jp/_download.php?dir=spot_summary&file=spot_summary_2025.csv
2025-10-28,jepx-top8avg-kyushu,kyushu,13.7475,https://www.jepx.jp/_download.php?dir=spot_summary&file=spot_summary_2025.csv
2025-10-29,jepx-top8avg-kyushu,kyushu,12.6775,https://www.jepx.jp/_download.php?dir=spot_summary&file=spot_summary_2025.csv
2025-10-30,jepx-top8avg-kyushu,kyushu,15.972499999999998,https://www.jepx.jp/_download.php?dir=spot_summary&file=spot_summary_2025.csv
2025-10-31,jepx-top8avg-kyushu,kyushu,16.99125,https://www.jepx.jp/_download.php?dir=spot_summary&file=spot_summary_2025.csv
2025-11-01,jepx-top8avg-kyushu,kyushu,10.26125,https://www.jepx.jp/_download.php?dir=spot_summary&file=spot_summary_2025.csv
2025-11-02,jepx-top8avg-kyushu,kyushu,9.83125,https://www.jepx.jp/_download.php?dir=spot_summary&file=spot_summary_2025.csv
2025-11-03,jepx-top8avg-kyushu,kyushu,12.07,https://www.jepx.jp/_download.php?dir=spot_summary&file=spot_summary_2025.csv
2025-11-04,jepx-top8avg-kyushu,kyushu,12.5325,https://www.jepx.jp/_download.php?dir=spot_summary&file=spot_summary_2025.csv
2025-11-05,jepx-top8avg-kyushu,kyushu,14.03,https://www.jepx.jp/_download.php?dir=spot_summary&file=spot_summary_2025.csv
2025-11-06,jepx-top8avg-kyushu,kyushu,11.965,https://www.jepx.jp/_download.php?dir=spot_summary&file=spot_summary_2025.csv
2025-11-07,jepx-top8avg-kyushu,kyushu,13.30875,https://www.jepx.jp/_download.php?dir=spot_summary&file=spot_summary_2025.csv
2025-11-08,jepx-top8avg-kyushu,kyushu,12.673750000000002,https://www.jepx.jp/_download.php?dir=spot_summary&file=spot_summary_2025.csv
2025-11-09,jepx-top8avg-kyushu,kyushu,13.107499999999998,https://www.jepx.jp/_download.php?dir=spot_summary&file=spot_summary_2025.csv
2025-11-10,jepx-top8avg-kyushu,kyushu,13.7525,https://www.jepx.jp/_download.php?dir=spot_summary&file=spot_summary_2025.csv
2025-11-11,jepx-top8avg-kyushu,kyushu,14.73625,https://www.jepx.jp/_download.php?dir=spot_summary&file=spot_summary_2025.csv
2025-11-12,jepx-top8avg-kyushu,kyushu,14.955,https://www.jepx.jp/_download.php?dir=spot_summary&file=spot_summary_2025.csv
2025-11-13,jepx-top8avg-kyushu,kyushu,16.36,https://www.jepx.jp/_download.php?dir=spot_summary&file=spot_summary_2025.csv
2025-11-14,jepx-top8avg-kyushu,kyushu,14.723749999999999,https://www.jepx.jp/_download.php?dir=spot_summary&file=spot_summary_2025.csv
2025-11-15,jepx-top8avg-kyushu,kyushu,13.22625,https://www.jepx.jp/_download.php?dir=spot_summary&file=spot_summary_2025.csv
2025-11-16,jepx-top8avg-kyushu,kyushu,11.9025,https://www.jepx.jp/_download.php?dir=spot_summary&file=spot_summary_2025.csv
2025-11-17,jepx-top8avg-kyushu,kyushu,12.0925,https://www.jepx.jp/_download.php?dir=spot_summary&file=spot_summary_2025.csv
2025-11-18,jepx-top8avg-kyushu,kyushu,16.528750000000002,https://www.jepx.jp/_download.php?dir=spot_summary&file=spot_summary_2025.csv
2025-11-19,jepx-top8avg-kyushu,kyushu,17.396250000000002,https://www.jepx.jp/_download.php?dir=spot_summary&file=spot_summary_2025.csv
2025-11-20,jepx-top8avg-kyushu,kyushu,16.485,https://www.jepx.jp/_download.php?dir=spot_summary&file=spot_summary_2025.csv
2025-11-21,jepx-top8avg-kyushu,kyushu,14.15625,https://www.jepx.jp/_download.php?dir=spot_summary&file=spot_summary_2025.csv
2025-11-22,jepx-top8avg-kyushu,kyushu,12.32875,https://www.jepx.jp/_download.php?dir=spot_summary&file=spot_summary_2025.csv
2025-11-23,jepx-top8avg-kyushu,kyushu,12.17125,https://www.jepx.jp/_download.php?dir=spot_summary&file=spot_summary_2025.csv
2025-11-24,jepx-top8avg-kyushu,kyushu,11.82875,https://www.jepx.jp/_download.php?dir=spot_summary&file=spot_summary_2025.csv
2025-11-25,jepx-top8avg-kyushu,kyushu,12.737499999999999,https://www.jepx.jp/_download.php?dir=spot_summary&file=spot_summary_2025.csv
2025-11-26,jepx-top8avg-kyushu,kyushu,14.462499999999999,https://www.jepx.jp/_download.php?dir=spot_summary&file=spot_summary_2025.csv
2025-11-27,jepx-top8avg-kyushu,kyushu,14.7975,https://www.jepx.jp/_download.php?dir=spot_summary&file=spot_summary_2025.csv
2025-11-28,jepx-top8avg-kyushu,kyushu,13.31625,https://www.jepx.jp/_download.php?dir=spot_summary&file=spot_summary_2025.csv
2025-11-29,jepx-top8avg-kyushu,kyushu,12.0475,https://www.jepx.jp/_download.php?dir=spot_summary&file=spot_summary_2025.csv
2025-11-30,jepx-top8avg-kyushu,kyushu,10.20625,https://www.jepx.jp/_download.php?dir=spot_summary&file=spot_summary_2025.csv
2025-12-01,jepx-top8avg-kyushu,kyushu,12.29125,https://www.jepx.jp/_download.php?dir=spot_summary&file=spot_summary_2025.csv
2025-12-02,jepx-top8avg-kyushu,kyushu,12.675,https://www.jepx.jp/_download.php?dir=spot_summary&file=spot_summary_2025.csv
2025-12-03,jepx-top8avg-kyushu,kyushu,16.38375,https://www.jepx.jp/_download.php?dir=spot_summary&file=spot_summary_2025.csv
2025-12-04,jepx-top8avg-kyushu,kyushu,17.542499999999997,https://www.jepx.jp/_download.php?dir=spot_summary&file=spot_summary_2025.csv
2025-12-05,jepx-top8avg-kyushu,kyushu,18.13,https://www.jepx.jp/_download.php?dir=spot_summary&file=spot_summary_2025.csv
2025-12-06,jepx-top8avg-kyushu,kyushu,14.49,https://www.jepx.jp/_download.php?dir=spot_summary&file=spot_summary_2025.csv
2025-12-07,jepx-top8avg-kyushu,kyushu,11.52125,https://www.jepx.jp/_download.php?dir=spot_summary&file=spot_summary_2025.csv
2025-12-08,jepx-top8avg-kyushu,kyushu,13.045,https://www.jepx.jp/_download.php?dir=spot_summary&file=spot_summary_2025.csv
2025-12-09,jepx-top8avg-kyushu,kyushu,16.98,https://www.jepx.jp/_download.php?dir=spot_summary&file=spot_summary_2025.csv
2025-12-10,jepx-top8avg-kyushu,kyushu,16.92125,https://www.jepx.jp/_download.php?dir=spot_summary&file=spot_summary_2025.csv
2025-12-11,jepx-top8avg-kyushu,kyushu,14.85375,https://www.jepx.jp/_download.php?dir=spot_summary&file=spot_summary_2025.csv
2025-12-12,jepx-top8avg-kyushu,kyushu,16.52875,https://www.jepx.jp/_download.php?dir=spot_summary&file=spot_summary_2025.csv
2025-12-13,jepx-top8avg-kyushu,kyushu,13.725,https://www.jepx.jp/_download.php?dir=spot_summary&file=spot_summary_2025.csv
2025-12-14,jepx-top8avg-kyushu,kyushu,11.09375,https://www.jepx.jp/_download.php?dir=spot_summary&file=spot_summary_2025.csv
2025-12-15,jepx-top8avg-kyushu,kyushu,14.24625,https://www.jepx.jp/_download.php?dir=spot_summary&file=spot_summary_2025.csv
2025-12-16,jepx-top8avg-kyushu,kyushu,13.254999999999999,https://www.jepx.jp/_download.php?dir=spot_summary&file=spot_summary_2025.csv
2025-12-17,jepx-top8avg-kyushu,kyushu,13.1175,https://www.jepx.jp/_download.php?dir=spot_summary&file=spot_summary_2025.csv
2025-12-18,jepx-top8avg-kyushu,kyushu,12.067499999999999,https://www.jepx.jp/_download.php?dir=spot_summary&file=spot_summary_2025.csv
2025-12-19,jepx-top8avg-kyushu,kyushu,12.3475,https://www.jepx.jp/_download.php?dir=spot_summary&file=spot_summary_2025.csv
2025-12-20,jepx-top8avg-kyushu,kyushu,9.153749999999999,https://www.jepx.jp/_download.php?dir=spot_summary&file=spot_summary_2025.csv
2025-12-21,jepx-top8avg-kyushu,kyushu,9.4325,https://www.jepx.jp/_download.php?dir=spot_summary&file=spot_summary_2025.csv
2025-12-22,jepx-top8avg-kyushu,kyushu,11.7675,https://www.jepx.jp/_download.php?dir=spot_summary&file=spot_summary_2025.csv
2025-12-23,jepx-top8avg-kyushu,kyushu,12.162500000000001,https://www.jepx.jp/_download.php?dir=spot_summary&file=spot_summary_2025.csv
2025-12-24,jepx-top8avg-kyushu,kyushu,12.682500000000001,https://www.jepx.jp/_download.php?dir=spot_summary&file=spot_summary_2025.csv
2025-12-25,jepx-top8avg-kyushu,kyushu,11.39375,https://www.jepx.jp/_download.php?dir=spot_summary&file=spot_summary_2025.csv
2025-12-26,jepx-top8avg-kyushu,kyushu,11.38625,https://www.jepx.jp/_download.php?dir=spot_summary&file=spot_summary_2025.csv
2025-12-27,jepx-top8avg-kyushu,kyushu,10.79125,https://www.jepx.jp/_download.php?dir=spot_summary&file=spot_summary_2025.csv
2025-12-28,jepx-top8avg-kyushu,kyushu,9.71625,https://www.jepx.jp/_download.php?dir=spot_summary&file=spot_summary_2025.csv
2025-12-29,jepx-top8avg-kyushu,kyushu,9.4325,https://www.jepx.jp/_download.php?dir=spot_summary&file=spot_summary_2025.csv
2025-12-30,jepx-top8avg-kyushu,kyushu,9.175,https://www.jepx.jp/_download.php?dir=spot_summary&file=spot_summary_2025.csv
2025-12-31,jepx-top8avg-kyushu,kyushu,9.29625,https://www.jepx.jp/_download.php?dir=spot_summary&file=spot_summary_2025.csv
2026-01-01,jepx-top8avg-kyushu,kyushu,10.3025,https://www.jepx.jp/_download.php?dir=spot_summary&file=spot_summary_2025.csv
2026-01-02,jepx-top8avg-kyushu,kyushu,11.23875,https://www.jepx.jp/_download.php?dir=spot_summary&file=spot_summary_2025.csv
2026-01-03,jepx-top8avg-kyushu,kyushu,10.521249999999998,https://www.jepx.jp/_download.php?dir=spot_summary&file=spot_summary_2025.csv
2026-01-04,jepx-top8avg-kyushu,kyushu,11.1125,https://www.jepx.jp/_download.php?dir=spot_summary&file=spot_summary_2025.csv
2026-01-05,jepx-top8avg-kyushu,kyushu,12.73,https://www.jepx.jp/_download.php?dir=spot_summary&file=spot_summary_2025.csv
2026-01-06,jepx-top8avg-kyushu,kyushu,14.58625,https://www.jepx.jp/_download.php?dir=spot_summary&file=spot_summary_2025.csv
2026-01-07,jepx-top8avg-kyushu,kyushu,13.72125,https://www.jepx.jp/_download.php?dir=spot_summary&file=spot_summary_2025.csv
2026-01-08,jepx-top8avg-kyushu,kyushu,15.37,https://www.jepx.jp/_download.php?dir=spot_summary&file=spot_summary_2025.csv
2026-01-09,jepx-top8avg-kyushu,kyushu,16.56875,https://www.jepx.jp/_download.php?dir=spot_summary&file=spot_summary_2025.csv
2026-01-10,jepx-top8avg-kyushu,kyushu,9.98375,https://www.jepx.jp/_download.php?dir=spot_summary&file=spot_summary_2025.csv
2026-01-11,jepx-top8avg-kyushu,kyushu,11.2725,https://www.jepx.jp/_download.php?dir=spot_summary&file=spot_summary_2025.csv
2026-01-12,jepx-top8avg-kyushu,kyushu,11.69125,https://www.jepx.jp/_download.php?dir=spot_summary&file=spot_summary_2025.csv
2026-01-13,jepx-top8avg-kyushu,kyushu,12.0625,https://www.jepx.jp/_download.php?dir=spot_summary&file=spot_summary_2025.csv
2026-01-14,jepx-top8avg-kyushu,kyushu,14.8775,https://www.jepx.jp/_download.php?dir=spot_summary&file=spot_summary_2025.csv
2026-01-15,jepx-top8avg-kyushu,kyushu,13.30875,https://www.jepx.jp/_download.php?dir=spot_summary&file=spot_summary_2025.csv
2026-01-16,jepx-top8avg-kyushu,kyushu,11.18,https://www.jepx.jp/_download.php?dir=spot_summary&file=spot_summary_2025.csv
2026-01-17,jepx-top8avg-kyushu,kyushu,10.002500000000001,https://www.jepx.jp/_download.php?dir=spot_summary&file=spot_summary_2025.csv
2026-01-18,jepx-top8avg-kyushu,kyushu,10.99625,https://www.jepx.jp/_download.php?dir=spot_summary&file=spot_summary_2025.csv
2026-01-19,jepx-top8avg-kyushu,kyushu,13.806249999999999,https://www.jepx.jp/_download.php?dir=spot_summary&file=spot_summary_2025.csv
2026-01-20,jepx-top8avg-kyushu,kyushu,15.186250000000001,https://www.jepx.jp/_download.php?dir=spot_summary&file=spot_summary_2025.csv
2026-01-21,jepx-top8avg-kyushu,kyushu,16.315,https://www.jepx.jp/_download.php?dir=spot_summary&file=spot_summary_2025.csv
2026-01-22,jepx-top8avg-kyushu,kyushu,19.61125,https://www.jepx.jp/_download.php?dir=spot_summary&file=spot_summary_2025.csv
2026-01-23,jepx-top8avg-kyushu,kyushu,17.97,https://www.jepx.jp/_download.php?dir=spot_summary&file=spot_summary_2025.csv
2026-01-24,jepx-top8avg-kyushu,kyushu,15.3175,https://www.jepx.jp/_download.php?dir=spot_summary&file=spot_summary_2025.csv
2026-01-25,jepx-top8avg-kyushu,kyushu,15.998750000000001,https://www.jepx.jp/_download.php?dir=spot_summary&file=spot_summary_2025.csv
2026-01-26,jepx-top8avg-kyushu,kyushu,23.66625,https://www.jepx.jp/_download.php?dir=spot_summary&file=spot_summary_2025.csv
2026-01-27,jepx-top8avg-kyushu,kyushu,17.71625,https://www.jepx.jp/_download.php?dir=spot_summary&file=spot_summary_2025.csv
2026-01-28,jepx-top8avg-kyushu,kyushu,17.18125,https://www.jepx.jp/_download.php?dir=spot_summary&file=spot_summary_2025.csv
2026-01-29,jepx-top8avg-kyushu,kyushu,17.82,https://www.jepx.jp/_download.php?dir=spot_summary&file=spot_summary_2025.csv
2026-01-30,jepx-top8avg-kyushu,kyushu,18.115,https://www.jepx.jp/_download.php?dir=spot_summary&file=spot_summary_2025.csv
2026-01-31,jepx-top8avg-kyushu,kyushu,14.625,https://www.jepx.jp/_download.php?dir=spot_summary&file=spot_summary_2025.csv
2026-02-01,jepx-top8avg-kyushu,kyushu,12.647499999999999,https://www.jepx.jp/_download.php?dir=spot_summary&file=spot_summary_2025.csv
2026-02-02,jepx-top8avg-kyushu,kyushu,16.724999999999998,https://www.jepx.jp/_download.php?dir=spot_summary&file=spot_summary_2025.csv
2026-02-03,jepx-top8avg-kyushu,kyushu,17.168750000000003,https://www.jepx.jp/_download.php?dir=spot_summary&file=spot_summary_2025.csv
2026-02-04,jepx-top8avg-kyushu,kyushu,15.578750000000001,https://www.jepx.jp/_download.php?dir=spot_summary&file=spot_summary_2025.csv
2026-02-05,jepx-top8avg-kyushu,kyushu,14.55875,https://www.jepx.jp/_download.php?dir=spot_summary&file=spot_summary_2025.csv
2026-02-06,jepx-top8avg-kyushu,kyushu,12.073749999999999,https://www.jepx.jp/_download.php?dir=spot_summary&file=spot_summary_2025.csv
2026-02-07,jepx-top8avg-kyushu,kyushu,13.8125,https://www.jepx.jp/_download.php?dir=spot_summary&file=spot_summary_2025.csv
2026-02-08,jepx-top8avg-kyushu,kyushu,16.97,https://www.jepx.jp/_download.php?dir=spot_summary&file=spot_summary_2025.csv
2026-02-09,jepx-top8avg-kyushu,kyushu,18.75875,https://www.jepx.jp/_download.php?dir=spot_summary&file=spot_summary_2025.csv
2026-02-10,jepx-top8avg-kyushu,kyushu,18.1025,https://www.jepx.jp/_download.php?dir=spot_summary&file=spot_summary_2025.csv
2026-02-11,jepx-top8avg-kyushu,kyushu,13.48375,https://www.jepx.jp/_download.php?dir=spot_summary&file=spot_summary_2025.csv
2026-02-12,jepx-top8avg-kyushu,kyushu,14.748750000000001,https://www.jepx.jp/_download.php?dir=spot_summary&file=spot_summary_2025.csv
2026-02-13,jepx-top8avg-kyushu,kyushu,14.285,https://www.jepx.jp/_download.php?dir=spot_summary&file=spot_summary_2025.csv
2026-02-14,jepx-top8avg-kyushu,kyushu,11.416250000000002,https://www.jepx.jp/_download.php?dir=spot_summary&file=spot_summary_2025.csv
2026-02-15,jepx-top8avg-kyushu,kyushu,8.7525,https://www.jepx.jp/_download.php?dir=spot_summary&file=spot_summary_2025.csv
2026-02-16,jepx-top8avg-kyushu,kyushu,12.1225,https://www.jepx.jp/_download.php?dir=spot_summary&file=spot_summary_2025.csv
2026-02-17,jepx-top8avg-kyushu,kyushu,12.5725,https://www.jepx.jp/_download.php?dir=spot_summary&file=spot_summary_2025.csv
2026-02-18,jepx-top8avg-kyushu,kyushu,12.4125,https://www.jepx.jp/_download.php?dir=spot_summary&file=spot_summary_2025.csv
2026-02-19,jepx-top8avg-kyushu,kyushu,13.698749999999999,https://www.jepx.jp/_download.php?dir=spot_summary&file=spot_summary_2025.csv
2026-02-20,jepx-top8avg-kyushu,kyushu,13.0125,https://www.jepx.jp/_download.php?dir=spot_summary&file=spot_summary_2025.csv
2026-02-21,jepx-top8avg-kyushu,kyushu,11.10875,https://www.jepx.jp/_download.php?dir=spot_summary&file=spot_summary_2025.csv
2026-02-22,jepx-top8avg-kyushu,kyushu,8.811250000000001,https://www.jepx.jp/_download.php?dir=spot_summary&file=spot_summary_2025.csv
2026-02-23,jepx-top8avg-kyushu,kyushu,10.2375,https://www.jepx.jp/_download.php?dir=spot_summary&file=spot_summary_2025.csv
2026-02-24,jepx-top8avg-kyushu,kyushu,10.787500000000001,https://www.jepx.jp/_download.php?dir=spot_summary&file=spot_summary_2025.csv
2026-02-25,jepx-top8avg-kyushu,kyushu,11.493749999999999,https://www.jepx.jp/_download.php?dir=spot_summary&file=spot_summary_2025.csv
2026-02-26,jepx-top8avg-kyushu,kyushu,9.700000000000001,https://www.jepx.jp/_download.php?dir=spot_summary&file=spot_summary_2025.csv
2026-02-27,jepx-top8avg-kyushu,kyushu,10.1625,https://www.jepx.jp/_download.php?dir=spot_summary&file=spot_summary_2025.csv
2026-02-28,jepx-top8avg-kyushu,kyushu,8.87125,https://www.jepx.jp/_download.php?dir=spot_summary&file=spot_summary_2025.csv
2026-03-01,jepx-top8avg-kyushu,kyushu,8.9,https://www.jepx.jp/_download.php?dir=spot_summary&file=spot_summary_2025.csv
2026-03-02,jepx-top8avg-kyushu,kyushu,10.55125,https://www.jepx.jp/_download.php?dir=spot_summary&file=spot_summary_2025.csv
2026-03-03,jepx-top8avg-kyushu,kyushu,12.20125,https://www.jepx.jp/_download.php?dir=spot_summary&file=spot_summary_2025.csv
2026-03-04,jepx-top8avg-kyushu,kyushu,13.287500000000001,https://www.jepx.jp/_download.php?dir=spot_summary&file=spot_summary_2025.csv
2026-03-05,jepx-top8avg-kyushu,kyushu,12.81875,https://www.jepx.jp/_download.php?dir=spot_summary&file=spot_summary_2025.csv
2026-03-06,jepx-top8avg-kyushu,kyushu,11.77375,https://www.jepx.jp/_download.php?dir=spot_summary&file=spot_summary_2025.csv
2026-03-07,jepx-top8avg-kyushu,kyushu,11.7625,https://www.jepx.jp/_download.php?dir=spot_summary&file=spot_summary_2025.csv
2026-03-08,jepx-top8avg-kyushu,kyushu,12.91,https://www.jepx.jp/_download.php?dir=spot_summary&file=spot_summary_2025.csv
2026-03-09,jepx-top8avg-kyushu,kyushu,15.1675,https://www.jepx.jp/_download.php?dir=spot_summary&file=spot_summary_2025.csv
2026-03-10,jepx-top8avg-kyushu,kyushu,21.22375,https://www.jepx.jp/_download.php?dir=spot_summary&file=spot_summary_2025.csv
2026-03-11,jepx-top8avg-kyushu,kyushu,16.041249999999998,https://www.jepx.jp/_download.php?dir=spot_summary&file=spot_summary_2025.csv
2026-03-12,jepx-top8avg-kyushu,kyushu,17.00875,https://www.jepx.jp/_download.php?dir=spot_summary&file=spot_summary_2025.csv
2026-03-13,jepx-top8avg-kyushu,kyushu,18.2675,https://www.jepx.jp/_download.php?dir=spot_summary&file=spot_summary_2025.csv
2026-03-14,jepx-top8avg-kyushu,kyushu,23.3925,https://www.jepx.jp/_download.php?dir=spot_summary&file=spot_summary_2025.csv
2026-03-15,jepx-top8avg-kyushu,kyushu,18.13375,https://www.jepx.jp/_download.php?dir=spot_summary&file=spot_summary_2025.csv
2026-03-16,jepx-top8avg-kyushu,kyushu,18.3025,https://www.jepx.jp/_download.php?dir=spot_summary&file=spot_summary_2025.csv
2026-03-17,jepx-top8avg-kyushu,kyushu,20.994999999999997,https://www.jepx.jp/_download.php?dir=spot_summary&file=spot_summary_2025.csv
2026-03-18,jepx-top8avg-kyushu,kyushu,19.122500000000002,https://www.jepx.jp/_download.php?dir=spot_summary&file=spot_summary_2025.csv
2026-03-19,jepx-top8avg-kyushu,kyushu,17.09375,https://www.jepx.jp/_download.php?dir=spot_summary&file=spot_summary_2025.csv
2026-03-20,jepx-top8avg-kyushu,kyushu,17.805,https://www.jepx.jp/_download.php?dir=spot_summary&file=spot_summary_2025.csv
2026-03-21,jepx-top8avg-kyushu,kyushu,17.728749999999998,https://www.jepx.jp/_download.php?dir=spot_summary&file=spot_summary_2025.csv
2026-03-22,jepx-top8avg-kyushu,kyushu,15.11125,https://www.jepx.jp/_download.php?dir=spot_summary&file=spot_summary_2025.csv
2026-03-23,jepx-top8avg-kyushu,kyushu,18.598750000000003,https://www.jepx.jp/_download.php?dir=spot_summary&file=spot_summary_2025.csv
2026-03-24,jepx-top8avg-kyushu,kyushu,20.1025,https://www.jepx.jp/_download.php?dir=spot_summary&file=spot_summary_2025.csv
2026-03-25,jepx-top8avg-kyushu,kyushu,19.5625,https://www.jepx.jp/_download.php?dir=spot_summary&file=spot_summary_2025.csv
2026-03-26,jepx-top8avg-kyushu,kyushu,19.9,https://www.jepx.jp/_download.php?dir=spot_summary&file=spot_summary_2025.csv
2026-03-27,jepx-top8avg-kyushu,kyushu,17.88625,https://www.jepx.jp/_download.php?dir=spot_summary&file=spot_summary_2025.csv
2026-03-28,jepx-top8avg-kyushu,kyushu,15.79,https://www.jepx.jp/_download.php?dir=spot_summary&file=spot_summary_2025.csv
2026-03-29,jepx-top8avg-kyushu,kyushu,14.125,https://www.jepx.jp/_download.php?dir=spot_summary&file=spot_summary_2025.csv
2026-03-30,jepx-top8avg-kyushu,kyushu,16.51625,https://www.jepx.jp/_download.php?dir=spot_summary&file=spot_summary_2025.csv
2026-03-31,jepx-top8avg-kyushu,kyushu,15.061250000000001,https://www.jepx.jp/_download.php?dir=spot_summary&file=spot_summary_2025.csv
2026-04-01,jepx-top8avg-kyushu,kyushu,21.3125,https://www.jepx.jp/_download.php?dir=spot_summary&file=spot_summary_2026.csv
2026-04-02,jepx-top8avg-kyushu,kyushu,18.810000000000002,https://www.jepx.jp/_download.php?dir=spot_summary&file=spot_summary_2026.csv
2026-04-03,jepx-top8avg-kyushu,kyushu,18.55375,https://www.jepx.jp/_download.php?dir=spot_summary&file=spot_summary_2026.csv
2026-04-04,jepx-top8avg-kyushu,kyushu,16.93625,https://www.jepx.jp/_download.php?dir=spot_summary&file=spot_summary_2026.csv
2026-04-05,jepx-top8avg-kyushu,kyushu,14.32125,https://www.jepx.jp/_download.php?dir=spot_summary&file=spot_summary_2026.csv
2026-04-06,jepx-top8avg-kyushu,kyushu,15.732499999999998,https://www.jepx.jp/_download.php?dir=spot_summary&file=spot_summary_2026.csv
2026-04-07,jepx-top8avg-kyushu,kyushu,20.907500000000002,https://www.jepx.jp/_download.php?dir=spot_summary&file=spot_summary_2026.csv
2026-04-08,jepx-top8avg-kyushu,kyushu,23.305,https://www.jepx.jp/_download.php?dir=spot_summary&file=spot_summary_2026.csv
2026-04-09,jepx-top8avg-kyushu,kyushu,19.7425,https://www.jepx.jp/_download.php?dir=spot_summary&file=spot_summary_2026.csv
2026-04-10,jepx-top8avg-kyushu,kyushu,21.975,https://www.jepx.jp/_download.php?dir=spot_summary&file=spot_summary_2026.csv
2026-04-11,jepx-top8avg-kyushu,kyushu,16.20375,https://www.jepx.jp/_download.php?dir=spot_summary&file=spot_summary_2026.csv
2026-04-12,jepx-top8avg-kyushu,kyushu,17.1425,https://www.jepx.jp/_download.php?dir=spot_summary&file=spot_summary_2026.csv
2026-04-13,jepx-top8avg-kyushu,kyushu,17.61875,https://www.jepx.jp/_download.php?dir=spot_summary&file=spot_summary_2026.csv
2026-04-14,jepx-top8avg-kyushu,kyushu,18.4625,https://www.jepx.jp/_download.php?dir=spot_summary&file=spot_summary_2026.csv
2026-04-15,jepx-top8avg-kyushu,kyushu,21.345,https://www.jepx.jp/_download.php?dir=spot_summary&file=spot_summary_2026.csv
2026-04-16,jepx-top8avg-kyushu,kyushu,16.878750000000004,https://www.jepx.jp/_download.php?dir=spot_summary&file=spot_summary_2026.csv
2026-04-17,jepx-top8avg-kyushu,kyushu,15.29875,https://www.jepx.jp/_download.php?dir=spot_summary&file=spot_summary_2026.csv
2026-04-18,jepx-top8avg-kyushu,kyushu,10.37,https://www.jepx.jp/_download.php?dir=spot_summary&file=spot_summary_2026.csv
2026-04-19,jepx-top8avg-kyushu,kyushu,9.702499999999999,https://www.jepx.jp/_download.php?dir=spot_summary&file=spot_summary_2026.csv
2026-04-20,jepx-top8avg-kyushu,kyushu,14.055,https://www.jepx.jp/_download.php?dir=spot_summary&file=spot_summary_2026.csv
2026-04-21,jepx-top8avg-kyushu,kyushu,14.786249999999999,https://www.jepx.jp/_download.php?dir=spot_summary&file=spot_summary_2026.csv
2026-04-22,jepx-top8avg-kyushu,kyushu,17.036250000000003,https://www.jepx.jp/_download.php?dir=spot_summary&file=spot_summary_2026.csv
2026-04-23,jepx-top8avg-kyushu,kyushu,23.442500000000003,https://www.jepx.jp/_download.php?dir=spot_summary&file=spot_summary_2026.csv
2026-04-24,jepx-top8avg-kyushu,kyushu,14.435,https://www.jepx.jp/_download.php?dir=spot_summary&file=spot_summary_2026.csv
2026-04-25,jepx-top8avg-kyushu,kyushu,11.526250000000001,https://www.jepx.jp/_download.php?dir=spot_summary&file=spot_summary_2026.csv
2026-04-26,jepx-top8avg-kyushu,kyushu,12.2025,https://www.jepx.jp/_download.php?dir=spot_summary&file=spot_summary_2026.csv
2026-04-27,jepx-top8avg-kyushu,kyushu,14.79125,https://www.jepx.jp/_download.php?dir=spot_summary&file=spot_summary_2026.csv
2026-04-28,jepx-top8avg-kyushu,kyushu,15.8775,https://www.jepx.jp/_download.php?dir=spot_summary&file=spot_summary_2026.csv
2026-04-29,jepx-top8avg-kyushu,kyushu,16.0625,https://www.jepx.jp/_download.php?dir=spot_summary&file=spot_summary_2026.csv
2026-04-30,jepx-top8avg-kyushu,kyushu,16.5425,https://www.jepx.jp/_download.php?dir=spot_summary&file=spot_summary_2026.csv
2026-05-01,jepx-top8avg-kyushu,kyushu,15.205,https://www.jepx.jp/_download.php?dir=spot_summary&file=spot_summary_2026.csv
2026-05-02,jepx-top8avg-kyushu,kyushu,15.1575,https://www.jepx.jp/_download.php?dir=spot_summary&file=spot_summary_2026.csv
2026-05-03,jepx-top8avg-kyushu,kyushu,13.93,https://www.jepx.jp/_download.php?dir=spot_summary&file=spot_summary_2026.csv
2026-05-04,jepx-top8avg-kyushu,kyushu,9.9825,https://www.jepx.jp/_download.php?dir=spot_summary&file=spot_summary_2026.csv
2026-05-05,jepx-top8avg-kyushu,kyushu,13.4475,https://www.jepx.jp/_download.php?dir=spot_summary&file=spot_summary_2026.csv
2026-05-06,jepx-top8avg-kyushu,kyushu,12.18,https://www.jepx.jp/_download.php?dir=spot_summary&file=spot_summary_2026.csv
2026-05-07,jepx-top8avg-kyushu,kyushu,16.49625,https://www.jepx.jp/_download.php?dir=spot_summary&file=spot_summary_2026.csv
2026-05-08,jepx-top8avg-kyushu,kyushu,15.3025,https://www.jepx.jp/_download.php?dir=spot_summary&file=spot_summary_2026.csv
2026-05-09,jepx-top8avg-kyushu,kyushu,16.6375,https://www.jepx.jp/_download.php?dir=spot_summary&file=spot_summary_2026.csv
2026-05-10,jepx-top8avg-kyushu,kyushu,15.459999999999999,https://www.jepx.jp/_download.php?dir=spot_summary&file=spot_summary_2026.csv
2026-05-11,jepx-top8avg-kyushu,kyushu,16.987499999999997,https://www.jepx.jp/_download.php?dir=spot_summary&file=spot_summary_2026.csv
2026-05-12,jepx-top8avg-kyushu,kyushu,18.00125,https://www.jepx.jp/_download.php?dir=spot_summary&file=spot_summary_2026.csv
2026-05-13,jepx-top8avg-kyushu,kyushu,17.96,https://www.jepx.jp/_download.php?dir=spot_summary&file=spot_summary_2026.csv
2026-05-14,jepx-top8avg-kyushu,kyushu,23.58375,https://www.jepx.jp/_download.php?dir=spot_summary&file=spot_summary_2026.csv
2026-05-15,jepx-top8avg-kyushu,kyushu,22.2275,https://www.jepx.jp/_download.php?dir=spot_summary&file=spot_summary_2026.csv
2026-05-16,jepx-top8avg-kyushu,kyushu,18.10625,https://www.jepx.jp/_download.php?dir=spot_summary&file=spot_summary_2026.csv
2026-05-17,jepx-top8avg-kyushu,kyushu,14.1425,https://www.jepx.jp/_download.php?dir=spot_summary&file=spot_summary_2026.csv
2026-05-18,jepx-top8avg-kyushu,kyushu,20.0075,https://www.jepx.jp/_download.php?dir=spot_summary&file=spot_summary_2026.csv
2026-05-19,jepx-top8avg-kyushu,kyushu,18.658749999999998,https://www.jepx.jp/_download.php?dir=spot_summary&file=spot_summary_2026.csv
2026-05-20,jepx-top8avg-kyushu,kyushu,23.5775,https://www.jepx.jp/_download.php?dir=spot_summary&file=spot_summary_2026.csv
2026-05-21,jepx-top8avg-kyushu,kyushu,17.917499999999997,https://www.jepx.jp/_download.php?dir=spot_summary&file=spot_summary_2026.csv
2026-05-22,jepx-top8avg-kyushu,kyushu,20.592499999999998,https://www.jepx.jp/_download.php?dir=spot_summary&file=spot_summary_2026.csv
2026-05-23,jepx-top8avg-kyushu,kyushu,17.3625,https://www.jepx.jp/_download.php?dir=spot_summary&file=spot_summary_2026.csv
2026-05-24,jepx-top8avg-kyushu,kyushu,19.426250000000003,https://www.jepx.jp/_download.php?dir=spot_summary&file=spot_summary_2026.csv
2026-05-25,jepx-top8avg-kyushu,kyushu,26.695,https://www.jepx.jp/_download.php?dir=spot_summary&file=spot_summary_2026.csv
2026-05-26,jepx-top8avg-kyushu,kyushu,21.799999999999997,https://www.jepx.jp/_download.php?dir=spot_summary&file=spot_summary_2026.csv
2026-05-27,jepx-top8avg-kyushu,kyushu,30.4625,https://www.jepx.jp/_download.php?dir=spot_summary&file=spot_summary_2026.csv
2026-05-28,jepx-top8avg-kyushu,kyushu,21.66125,https://www.jepx.jp/_download.php?dir=spot_summary&file=spot_summary_2026.csv
2026-05-29,jepx-top8avg-kyushu,kyushu,18.447499999999998,https://www.jepx.jp/_download.php?dir=spot_summary&file=spot_summary_2026.csv
2026-05-30,jepx-top8avg-kyushu,kyushu,17.67125,https://www.jepx.jp/_download.php?dir=spot_summary&file=spot_summary_2026.csv
2026-05-31,jepx-top8avg-kyushu,kyushu,15.76625,https://www.jepx.jp/_download.php?dir=spot_summary&file=spot_summary_2026.csv
2026-06-01,jepx-top8avg-kyushu,kyushu,19.091250000000002,https://www.jepx.jp/_download.php?dir=spot_summary&file=spot_summary_2026.csv
2026-06-02,jepx-top8avg-kyushu,kyushu,26.1825,https://www.jepx.jp/_download.php?dir=spot_summary&file=spot_summary_2026.csv
2026-06-03,jepx-top8avg-kyushu,kyushu,18.66,https://www.jepx.jp/_download.php?dir=spot_summary&file=spot_summary_2026.csv
2026-06-04,jepx-top8avg-kyushu,kyushu,18.215,https://www.jepx.jp/_download.php?dir=spot_summary&file=spot_summary_2026.csv
2026-06-05,jepx-top8avg-kyushu,kyushu,13.5825,https://www.jepx.jp/_download.php?dir=spot_summary&file=spot_summary_2026.csv
2026-06-06,jepx-top8avg-kyushu,kyushu,13.01,https://www.jepx.jp/_download.php?dir=spot_summary&file=spot_summary_2026.csv
2026-06-07,jepx-top8avg-kyushu,kyushu,14.41625,https://www.jepx.jp/_download.php?dir=spot_summary&file=spot_summary_2026.csv
2026-06-08,jepx-top8avg-kyushu,kyushu,15.2975,https://www.jepx.jp/_download.php?dir=spot_summary&file=spot_summary_2026.csv
2026-06-09,jepx-top8avg-kyushu,kyushu,14.364999999999998,https://www.jepx.jp/_download.php?dir=spot_summary&file=spot_summary_2026.csv
2026-06-10,jepx-top8avg-kyushu,kyushu,12.7325,https://www.jepx.jp/_download.php?dir=spot_summary&file=spot_summary_2026.csv
2026-06-11,jepx-top8avg-kyushu,kyushu,11.73125,https://www.jepx.jp/_download.php?dir=spot_summary&file=spot_summary_2026.csv
2026-06-12,jepx-top8avg-kyushu,kyushu,14.116249999999999,https://www.jepx.jp/_download.php?dir=spot_summary&file=spot_summary_2026.csv
2026-06-13,jepx-top8avg-kyushu,kyushu,12.97,https://www.jepx.jp/_download.php?dir=spot_summary&file=spot_summary_2026.csv
2026-06-14,jepx-top8avg-kyushu,kyushu,13.12875,https://www.jepx.jp/_download.php?dir=spot_summary&file=spot_summary_2026.csv
2026-06-15,jepx-top8avg-kyushu,kyushu,14.60625,https://www.jepx.jp/_download.php?dir=spot_summary&file=spot_summary_2026.csv
2026-06-16,jepx-top8avg-kyushu,kyushu,15.629999999999999,https://www.jepx.jp/_download.php?dir=spot_summary&file=spot_summary_2026.csv
2026-06-17,jepx-top8avg-kyushu,kyushu,15.95125,https://www.jepx.jp/_download.php?dir=spot_summary&file=spot_summary_2026.csv
2026-06-18,jepx-top8avg-kyushu,kyushu,17.5075,https://www.jepx.jp/_download.php?dir=spot_summary&file=spot_summary_2026.csv
2026-06-19,jepx-top8avg-kyushu,kyushu,18.325000000000003,https://www.jepx.jp/_download.php?dir=spot_summary&file=spot_summary_2026.csv
2026-06-20,jepx-top8avg-kyushu,kyushu,13.95375,https://www.jepx.jp/_download.php?dir=spot_summary&file=spot_summary_2026.csv
2026-06-21,jepx-top8avg-kyushu,kyushu,11.838750000000001,https://www.jepx.jp/_download.php?dir=spot_summary&file=spot_summary_2026.csv
2026-06-22,jepx-top8avg-kyushu,kyushu,13.93375,https://www.jepx.jp/_download.php?dir=spot_summary&file=spot_summary_2026.csv
2026-06-23,jepx-top8avg-kyushu,kyushu,11.29375,https://www.jepx.jp/_download.php?dir=spot_summary&file=spot_summary_2026.csv
2026-06-24,jepx-top8avg-kyushu,kyushu,13.53375,https://www.jepx.jp/_download.php?dir=spot_summary&file=spot_summary_2026.csv
2026-06-25,jepx-top8avg-kyushu,kyushu,14.39875,https://www.jepx.jp/_download.php?dir=spot_summary&file=spot_summary_2026.csv
2026-06-26,jepx-top8avg-kyushu,kyushu,14.35625,https://www.jepx.jp/_download.php?dir=spot_summary&file=spot_summary_2026.csv
2026-06-27,jepx-top8avg-kyushu,kyushu,10.32375,https://www.jepx.jp/_download.php?dir=spot_summary&file=spot_summary_2026.csv
2026-06-28,jepx-top8avg-kyushu,kyushu,10.6625,https://www.jepx.jp/_download.php?dir=spot_summary&file=spot_summary_2026.csv
2026-06-29,jepx-top8avg-kyushu,kyushu,14.2575,https://www.jepx.jp/_download.php?dir=spot_summary&file=spot_summary_2026.csv
2026-06-30,jepx-top8avg-kyushu,kyushu,14.555,https://www.jepx.jp/_download.php?dir=spot_summary&file=spot_summary_2026.csv
2026-07-01,jepx-top8avg-kyushu,kyushu,15.965,https://www.jepx.jp/_download.php?dir=spot_summary&file=spot_summary_2026.csv
2026-07-02,jepx-top8avg-kyushu,kyushu,14.26125,https://www.jepx.jp/_download.php?dir=spot_summary&file=spot_summary_2026.csv
2026-07-03,jepx-top8avg-kyushu,kyushu,14.701249999999998,https://www.jepx.jp/_download.php?dir=spot_summary&file=spot_summary_2026.csv
2026-07-04,jepx-top8avg-kyushu,kyushu,10.642499999999998,https://www.jepx.jp/_download.php?dir=spot_summary&file=spot_summary_2026.csv
2026-07-05,jepx-top8avg-kyushu,kyushu,10.655,https://www.jepx.jp/_download.php?dir=spot_summary&file=spot_summary_2026.csv
2026-07-06,jepx-top8avg-kyushu,kyushu,14.44125,https://www.jepx.jp/_download.php?dir=spot_summary&file=spot_summary_2026.csv
2026-07-07,jepx-top8avg-kyushu,kyushu,17.090000000000003,https://www.jepx.jp/_download.php?dir=spot_summary&file=spot_summary_2026.csv
2026-07-08,jepx-top8avg-kyushu,kyushu,15.09,https://www.jepx.jp/_download.php?dir=spot_summary&file=spot_summary_2026.csv
2026-07-09,jepx-top8avg-kyushu,kyushu,15.061250000000001,https://www.jepx.jp/_download.php?dir=spot_summary&file=spot_summary_2026.csv
2026-07-10,jepx-top8avg-kyushu,kyushu,20.33625,https://www.jepx.jp/_download.php?dir=spot_summary&file=spot_summary_2026.csv
2026-07-11,jepx-top8avg-kyushu,kyushu,19.2075,https://www.jepx.jp/_download.php?dir=spot_summary&file=spot_summary_2026.csv
2026-07-12,jepx-top8avg-kyushu,kyushu,20.945,https://www.jepx.jp/_download.php?dir=spot_summary&file=spot_summary_2026.csv
2026-07-13,jepx-top8avg-kyushu,kyushu,29.1475,https://www.jepx.jp/_download.php?dir=spot_summary&file=spot_summary_2026.csv
2026-07-14,jepx-top8avg-kyushu,kyushu,33.3575,https://www.jepx.jp/_download.php?dir=spot_summary&file=spot_summary_2026.csv
2026-07-15,jepx-top8avg-kyushu,kyushu,29.19375,https://www.jepx.jp/_download.php?dir=spot_summary&file=spot_summary_2026.csv
2026-07-16,jepx-top8avg-kyushu,kyushu,30.277499999999996,https://www.jepx.jp/_download.php?dir=spot_summary&file=spot_summary_2026.csv
2026-07-17,jepx-top8avg-kyushu,kyushu,27.447499999999998,https://www.jepx.jp/_download.php?dir=spot_summary&file=spot_summary_2026.csv
2026-07-18,jepx-top8avg-kyushu,kyushu,23.215000000000003,https://www.jepx.jp/_download.php?dir=spot_summary&file=spot_summary_2026.csv
2026-07-19,jepx-top8avg-kyushu,kyushu,23.99375,https://www.jepx.jp/_download.php?dir=spot_summary&file=spot_summary_2026.csv
2026-07-20,jepx-top8avg-kyushu,kyushu,29.985,https://www.jepx.jp/_download.php?dir=spot_summary&file=spot_summary_2026.csv
2026-07-21,jepx-top8avg-kyushu,kyushu,31.403750000000002,https://www.jepx.jp/_download.php?dir=spot_summary&file=spot_summary_2026.csv
2026-07-22,jepx-top8avg-kyushu,kyushu,33.620000000000005,https://www.jepx.jp/_download.php?dir=spot_summary&file=spot_summary_2026.csv
2026-07-23,jepx-top8avg-kyushu,kyushu,45.207499999999996,https://www.jepx.jp/_download.php?dir=spot_summary&file=spot_summary_2026.csv
2026-07-24,jepx-top8avg-kyushu,kyushu,48.64,https://www.jepx.jp/_download.php?dir=spot_summary&file=spot_summary_2026.csv
2026-07-25,jepx-top8avg-kyushu,kyushu,29.65625,https://www.jepx.jp/_download.php?dir=spot_summary&file=spot_summary_2026.csv
2026-07-26,jepx-top8avg-kyushu,kyushu,27.380000000000003,https://www.jepx.jp/_download.php?dir=spot_summary&file=spot_summary_2026.csv
2026-07-27,jepx-top8avg-kyushu,kyushu,30.783749999999998,https://www.jepx.jp/_download.php?dir=spot_summary&file=spot_summary_2026.csv
2026-07-28,jepx-top8avg-kyushu,kyushu,32.19125,https://www.jepx.jp/_download.php?dir=spot_summary&file=spot_summary_2026.csv
2026-07-29,jepx-top8avg-kyushu,kyushu,31.6975,https://www.jepx.jp/_download.php?dir=spot_summary&file=spot_summary_2026.csv
2026-07-30,jepx-top8avg-kyushu,kyushu,33.15375,https://www.jepx.jp/_download.php?dir=spot_summary&file=spot_summary_2026.csv
2026-07-31,jepx-top8avg-kyushu,kyushu,30.783749999999998,https://www.jepx.jp/_download.php?dir=spot_summary&file=spot_summary_2026.csv
2026-08-01,jepx-top8avg-kyushu,kyushu,28.947499999999998,https://www.jepx.jp/_download.php?dir=spot_summary&file=spot_summary_2026.csv
2026-08-02,jepx-top8avg-kyushu,kyushu,26.6875,https://www.jepx.jp/_download.php?dir=spot_summary&file=spot_summary_2026.csv
2026-08-03,jepx-top8avg-kyushu,kyushu,30.045,https://www.jepx.jp/_download.php?dir=spot_summary&file=spot_summary_2026.csv
2026-08-04,jepx-top8avg-kyushu,kyushu,30.74375,https://www.jepx.jp/_download.php?dir=spot_summary&file=spot_summary_2026.csv
2026-08-05,jepx-top8avg-kyushu,kyushu,35.5725,https://www.jepx.jp/_download.php?dir=spot_summary&file=spot_summary_2026.csv
2026-08-06,jepx-top8avg-kyushu,kyushu,35.261250000000004,https://www.jepx.jp/_download.php?dir=spot_summary&file=spot_summary_2026.csv
2026-08-07,jepx-top8avg-kyushu,kyushu,30.1875,https://www.jepx.jp/_download.php?dir=spot_summary&file=spot_summary_2026.csv
2026-08-08,jepx-top8avg-kyushu,kyushu,27.93375,https://www.jepx.jp/_download.php?dir=spot_summary&file=spot_summary_2026.csv
2026-08-09,jepx-top8avg-kyushu,kyushu,19.4675,https://www.jepx.jp/_download.php?dir=spot_summary&file=spot_summary_2026.csv
2026-08-10,jepx-top8avg-kyushu,kyushu,23.12625,https://www.jepx.jp/_download.php?dir=spot_summary&file=spot_summary_2026.csv
2026-08-11,jepx-top8avg-kyushu,kyushu,14.13875,https://www.jepx.jp/_download.php?dir=spot_summary&file=spot_summary_2026.csv
2026-08-12,jepx-top8avg-kyushu,kyushu,16.03,https://www.jepx.jp/_download.php?dir=spot_summary&file=spot_summary_2026.csv
2026-08-13,jepx-top8avg-kyushu,kyushu,14.73,https://www.jepx.jp/_download.php?dir=spot_summary&file=spot_summary_2026.csv
2026-08-14,jepx-top8avg-kyushu,kyushu,14.99875,https://www.jepx.jp/_download.php?dir=spot_summary&file=spot_summary_2026.csv
2026-08-15,jepx-top8avg-kyushu,kyushu,16.205,https://www.jepx.jp/_download.php?dir=spot_summary&file=spot_summary_2026.csv
2026-08-16,jepx-top8avg-kyushu,kyushu,16.9725,https://www.jepx.jp/_download.php?dir=spot_summary&file=spot_summary_2026.csv
2026-08-17,jepx-top8avg-kyushu,kyushu,26.1,https://www.jepx.jp/_download.php?dir=spot_summary&file=spot_summary_2026.csv
2026-08-18,jepx-top8avg-kyushu,kyushu,31.0,https://www.jepx.jp/_download.php?dir=spot_summary&file=spot_summary_2026.csv
2026-08-19,jepx-top8avg-kyushu,kyushu,32.045,https://www.jepx.jp/_download.php?dir=spot_summary&file=spot_summary_2026.csv
2026-08-20,jepx-top8avg-kyushu,kyushu,30.39,https://www.jepx.jp/_download.php?dir=spot_summary&file=spot_summary_2026.csv
2026-08-21,jepx-top8avg-kyushu,kyushu,32.286249999999995,https://www.jepx.jp/_download.php?dir=spot_summary&file=spot_summary_2026.csv
2026-08-22,jepx-top8avg-kyushu,kyushu,29.606250000000003,https://www.jepx.jp/_download.php?dir=spot_summary&file=spot_summary_2026.csv
2026-08-23,jepx-top8avg-kyushu,kyushu,27.67125,https://www.jepx.jp/_download.php?dir=spot_summary&file=spot_summary_2026.csv
2026-08-24,jepx-top8avg-kyushu,kyushu,34.4925,https://www.jepx.jp/_download.php?dir=spot_summary&file=spot_summary_2026.csv
2026-08-25,jepx-top8avg-kyushu,kyushu,46.098749999999995,https://www.jepx.jp/_download.php?dir=spot_summary&file=spot_summary_2026.csv
2026-08-26,jepx-top8avg-kyushu,kyushu,53.1875,https://www.jepx.jp/_download.php?dir=spot_summary&file=spot_summary_2026.csv
2026-08-27,jepx-top8avg-kyushu,kyushu,36.02125,https://www.jepx.jp/_download.php?dir=spot_summary&file=spot_summary_2026.csv
2026-08-28,jepx-top8avg-kyushu,kyushu,33.510000000000005,https://www.jepx.jp/_download.php?dir=spot_summary&file=spot_summary_2026.csv
2026-08-29,jepx-top8avg-kyushu,kyushu,30.9725,https://www.jepx.jp/_download.php?dir=spot_summary&file=spot_summary_2026.csv
2026-08-30,jepx-top8avg-kyushu,kyushu,30.34375,https://www.jepx.jp/_download.php?dir=spot_summary&file=spot_summary_2026.csv
2026-08-31,jepx-top8avg-kyushu,kyushu,41.4825,https://www.jepx.jp/_download.php?dir=spot_summary&file=spot_summary_2026.csv
2026-09-01,jepx-top8avg-kyushu,kyushu,46.681250000000006,https://www.jepx.jp/_download.php?dir=spot_summary&file=spot_summary_2026.csv
2026-09-02,jepx-top8avg-kyushu,kyushu,46.37875,https://www.jepx.jp/_download.php?dir=spot_summary&file=spot_summary_2026.csv
2026-09-03,jepx-top8avg-kyushu,kyushu,34.712500000000006,https://www.jepx.jp/_download.php?dir=spot_summary&file=spot_summary_2026.csv
2026-09-04,jepx-top8avg-kyushu,kyushu,30.7725,https://www.jepx.jp/_download.php?dir=spot_summary&file=spot_summary_2026.csv
2026-09-05,jepx-top8avg-kyushu,kyushu,18.7425,https://www.jepx.jp/_download.php?dir=spot_summary&file=spot_summary_2026.csv
2026-09-06,jepx-top8avg-kyushu,kyushu,18.005,https://www.jepx.jp/_download.php?dir=spot_summary&file=spot_summary_2026.csv
2026-09-07,jepx-top8avg-kyushu,kyushu,28.21875,https://www.jepx.jp/_download.php?dir=spot_summary&file=spot_summary_2026.csv
2026-09-08,jepx-top8avg-kyushu,kyushu,31.1575,https://www.jepx.jp/_download.php?dir=spot_summary&file=spot_summary_2026.csv
2026-09-09,jepx-top8avg-kyushu,kyushu,19.027500000000003,https://www.jepx.jp/_download.php?dir=spot_summary&file=spot_summary_2026.csv
2026-09-10,jepx-top8avg-kyushu,kyushu,16.837500000000002,https://www.jepx.jp/_download.php?dir=spot_summary&file=spot_summary_2026.csv
2026-09-11,jepx-top8avg-kyushu,kyushu,18.771250000000002,https://www.jepx.jp/_download.php?dir=spot_summary&file=spot_summary_2026.csv
2026-09-12,jepx-top8avg-kyushu,kyushu,19.584999999999997,https://www.jepx.jp/_download.php?dir=spot_summary&file=spot_summary_2026.csv
2026-09-13,jepx-top8avg-kyushu,kyushu,20.887500000000003,https://www.jepx.jp/_download.php?dir=spot_summary&file=spot_summary_2026.csv
2026-09-14,jepx-top8avg-kyushu,kyushu,31.36,https://www.jepx.jp/_download.php?dir=spot_summary&file=spot_summary_2026.csv
2026-09-15,jepx-top8avg-kyushu,kyushu,22.368750000000002,https://www.jepx.jp/_download.php?dir=spot_summary&file=spot_summary_2026.csv
2026-09-16,jepx-top8avg-kyushu,kyushu,18.88375,https://www.jepx.jp/_download.php?dir=spot_summary&file=spot_summary_2026.csv
2026-09-17,jepx-top8avg-kyushu,kyushu,19.48625,https://www.jepx.jp/_download.php?dir=spot_summary&file=spot_summary_2026.csv
2026-09-18,jepx-top8avg-kyushu,kyushu,17.9125,https://www.jepx.jp/_download.php?dir=spot_summary&file=spot_summary_2026.csv
2026-09-19,jepx-top8avg-kyushu,kyushu,17.791249999999998,https://www.jepx.jp/_download.php?dir=spot_summary&file=spot_summary_2026.csv
2026-09-20,jepx-top8avg-kyushu,kyushu,15.82375,https://www.jepx.jp/_download.php?dir=spot_summary&file=spot_summary_2026.csv
2026-09-21,jepx-top8avg-kyushu,kyushu,14.778749999999999,https://www.jepx.jp/_download.php?dir=spot_summary&file=spot_summary_2026.csv
2026-09-22,jepx-top8avg-kyushu,kyushu,13.776250000000001,https://www.jepx.jp/_download.php?dir=spot_summary&file=spot_summary_2026.csv
2026-09-23,jepx-top8avg-kyushu,kyushu,14.42,https://www.jepx.jp/_download.php?dir=spot_summary&file=spot_summary_2026.csv
2026-09-24,jepx-top8avg-kyushu,kyushu,20.95,https://www.jepx.jp/_download.php?dir=spot_summary&file=spot_summary_2026.csv
2026-09-25,jepx-top8avg-kyushu,kyushu,18.25125,https://www.jepx.jp/_download.php?dir=spot_summary&file=spot_summary_2026.csv
2026-09-26,jepx-top8avg-kyushu,kyushu,19.82125,https://www.jepx.jp/_download.php?dir=spot_summary&file=spot_summary_2026.csv
2026-09-27,jepx-top8avg-kyushu,kyushu,16.973750000000003,https://www.jepx.jp/_download.php?dir=spot_summary&file=spot_summary_2026.csv
