date,indicator_id,region,value,source_url
1960-01-01,fuel-ng-europe-ttf,eu,0.40477399635,https://thedocs.worldbank.org/en/doc/18675f1d1639c7a34d463f59263ba0a2-0050012025/related/CMO-Historical-Data-Monthly.xlsx
1960-02-01,fuel-ng-europe-ttf,eu,0.40477399635,https://thedocs.worldbank.org/en/doc/18675f1d1639c7a34d463f59263ba0a2-0050012025/related/CMO-Historical-Data-Monthly.xlsx
1960-03-01,fuel-ng-europe-ttf,eu,0.40477399635,https://thedocs.worldbank.org/en/doc/18675f1d1639c7a34d463f59263ba0a2-0050012025/related/CMO-Historical-Data-Monthly.xlsx
1960-04-01,fuel-ng-europe-ttf,eu,0.40477399635,https://thedocs.worldbank.org/en/doc/18675f1d1639c7a34d463f59263ba0a2-0050012025/related/CMO-Historical-Data-Monthly.xlsx
1960-05-01,fuel-ng-europe-ttf,eu,0.40477399635,https://thedocs.worldbank.org/en/doc/18675f1d1639c7a34d463f59263ba0a2-0050012025/related/CMO-Historical-Data-Monthly.xlsx
1960-06-01,fuel-ng-europe-ttf,eu,0.40477399635,https://thedocs.worldbank.org/en/doc/18675f1d1639c7a34d463f59263ba0a2-0050012025/related/CMO-Historical-Data-Monthly.xlsx
1960-07-01,fuel-ng-europe-ttf,eu,0.40477399635,https://thedocs.worldbank.org/en/doc/18675f1d1639c7a34d463f59263ba0a2-0050012025/related/CMO-Historical-Data-Monthly.xlsx
1960-08-01,fuel-ng-europe-ttf,eu,0.40477399635,https://thedocs.worldbank.org/en/doc/18675f1d1639c7a34d463f59263ba0a2-0050012025/related/CMO-Historical-Data-Monthly.xlsx
1960-09-01,fuel-ng-europe-ttf,eu,0.40477399635,https://thedocs.worldbank.org/en/doc/18675f1d1639c7a34d463f59263ba0a2-0050012025/related/CMO-Historical-Data-Monthly.xlsx
1960-10-01,fuel-ng-europe-ttf,eu,0.40477399635,https://thedocs.worldbank.org/en/doc/18675f1d1639c7a34d463f59263ba0a2-0050012025/related/CMO-Historical-Data-Monthly.xlsx
1960-11-01,fuel-ng-europe-ttf,eu,0.40477399635,https://thedocs.worldbank.org/en/doc/18675f1d1639c7a34d463f59263ba0a2-0050012025/related/CMO-Historical-Data-Monthly.xlsx
1960-12-01,fuel-ng-europe-ttf,eu,0.40477399635,https://thedocs.worldbank.org/en/doc/18675f1d1639c7a34d463f59263ba0a2-0050012025/related/CMO-Historical-Data-Monthly.xlsx
1961-01-01,fuel-ng-europe-ttf,eu,0.40477399635,https://thedocs.worldbank.org/en/doc/18675f1d1639c7a34d463f59263ba0a2-0050012025/related/CMO-Historical-Data-Monthly.xlsx
1961-02-01,fuel-ng-europe-ttf,eu,0.40477399635,https://thedocs.worldbank.org/en/doc/18675f1d1639c7a34d463f59263ba0a2-0050012025/related/CMO-Historical-Data-Monthly.xlsx
1961-03-01,fuel-ng-europe-ttf,eu,0.40477399635,https://thedocs.worldbank.org/en/doc/18675f1d1639c7a34d463f59263ba0a2-0050012025/related/CMO-Historical-Data-Monthly.xlsx
1961-04-01,fuel-ng-europe-ttf,eu,0.40477399635,https://thedocs.worldbank.org/en/doc/18675f1d1639c7a34d463f59263ba0a2-0050012025/related/CMO-Historical-Data-Monthly.xlsx
1961-05-01,fuel-ng-europe-ttf,eu,0.40477399635,https://thedocs.worldbank.org/en/doc/18675f1d1639c7a34d463f59263ba0a2-0050012025/related/CMO-Historical-Data-Monthly.xlsx
1961-06-01,fuel-ng-europe-ttf,eu,0.40477399635,https://thedocs.worldbank.org/en/doc/18675f1d1639c7a34d463f59263ba0a2-0050012025/related/CMO-Historical-Data-Monthly.xlsx
1961-07-01,fuel-ng-europe-ttf,eu,0.40477399635,https://thedocs.worldbank.org/en/doc/18675f1d1639c7a34d463f59263ba0a2-0050012025/related/CMO-Historical-Data-Monthly.xlsx
1961-08-01,fuel-ng-europe-ttf,eu,0.40477399635,https://thedocs.worldbank.org/en/doc/18675f1d1639c7a34d463f59263ba0a2-0050012025/related/CMO-Historical-Data-Monthly.xlsx
1961-09-01,fuel-ng-europe-ttf,eu,0.40477399635,https://thedocs.worldbank.org/en/doc/18675f1d1639c7a34d463f59263ba0a2-0050012025/related/CMO-Historical-Data-Monthly.xlsx
1961-10-01,fuel-ng-europe-ttf,eu,0.40477399635,https://thedocs.worldbank.org/en/doc/18675f1d1639c7a34d463f59263ba0a2-0050012025/related/CMO-Historical-Data-Monthly.xlsx
1961-11-01,fuel-ng-europe-ttf,eu,0.40477399635,https://thedocs.worldbank.org/en/doc/18675f1d1639c7a34d463f59263ba0a2-0050012025/related/CMO-Historical-Data-Monthly.xlsx
1961-12-01,fuel-ng-europe-ttf,eu,0.40477399635,https://thedocs.worldbank.org/en/doc/18675f1d1639c7a34d463f59263ba0a2-0050012025/related/CMO-Historical-Data-Monthly.xlsx
1962-01-01,fuel-ng-europe-ttf,eu,0.40477399635,https://thedocs.worldbank.org/en/doc/18675f1d1639c7a34d463f59263ba0a2-0050012025/related/CMO-Historical-Data-Monthly.xlsx
1962-02-01,fuel-ng-europe-ttf,eu,0.40477399635,https://thedocs.worldbank.org/en/doc/18675f1d1639c7a34d463f59263ba0a2-0050012025/related/CMO-Historical-Data-Monthly.xlsx
1962-03-01,fuel-ng-europe-ttf,eu,0.40477399635,https://thedocs.worldbank.org/en/doc/18675f1d1639c7a34d463f59263ba0a2-0050012025/related/CMO-Historical-Data-Monthly.xlsx
1962-04-01,fuel-ng-europe-ttf,eu,0.40477399635,https://thedocs.worldbank.org/en/doc/18675f1d1639c7a34d463f59263ba0a2-0050012025/related/CMO-Historical-Data-Monthly.xlsx
1962-05-01,fuel-ng-europe-ttf,eu,0.40477399635,https://thedocs.worldbank.org/en/doc/18675f1d1639c7a34d463f59263ba0a2-0050012025/related/CMO-Historical-Data-Monthly.xlsx
1962-06-01,fuel-ng-europe-ttf,eu,0.40477399635,https://thedocs.worldbank.org/en/doc/18675f1d1639c7a34d463f59263ba0a2-0050012025/related/CMO-Historical-Data-Monthly.xlsx
1962-07-01,fuel-ng-europe-ttf,eu,0.40477399635,https://thedocs.worldbank.org/en/doc/18675f1d1639c7a34d463f59263ba0a2-0050012025/related/CMO-Historical-Data-Monthly.xlsx
1962-08-01,fuel-ng-europe-ttf,eu,0.40477399635,https://thedocs.worldbank.org/en/doc/18675f1d1639c7a34d463f59263ba0a2-0050012025/related/CMO-Historical-Data-Monthly.xlsx
1962-09-01,fuel-ng-europe-ttf,eu,0.40477399635,https://thedocs.worldbank.org/en/doc/18675f1d1639c7a34d463f59263ba0a2-0050012025/related/CMO-Historical-Data-Monthly.xlsx
1962-10-01,fuel-ng-europe-ttf,eu,0.40477399635,https://thedocs.worldbank.org/en/doc/18675f1d1639c7a34d463f59263ba0a2-0050012025/related/CMO-Historical-Data-Monthly.xlsx
1962-11-01,fuel-ng-europe-ttf,eu,0.40477399635,https://thedocs.worldbank.org/en/doc/18675f1d1639c7a34d463f59263ba0a2-0050012025/related/CMO-Historical-Data-Monthly.xlsx
1962-12-01,fuel-ng-europe-ttf,eu,0.40477399635,https://thedocs.worldbank.org/en/doc/18675f1d1639c7a34d463f59263ba0a2-0050012025/related/CMO-Historical-Data-Monthly.xlsx
1963-01-01,fuel-ng-europe-ttf,eu,0.39135113795,https://thedocs.worldbank.org/en/doc/18675f1d1639c7a34d463f59263ba0a2-0050012025/related/CMO-Historical-Data-Monthly.xlsx
1963-02-01,fuel-ng-europe-ttf,eu,0.39135113795,https://thedocs.worldbank.org/en/doc/18675f1d1639c7a34d463f59263ba0a2-0050012025/related/CMO-Historical-Data-Monthly.xlsx
1963-03-01,fuel-ng-europe-ttf,eu,0.39135113795,https://thedocs.worldbank.org/en/doc/18675f1d1639c7a34d463f59263ba0a2-0050012025/related/CMO-Historical-Data-Monthly.xlsx
1963-04-01,fuel-ng-europe-ttf,eu,0.39135113795,https://thedocs.worldbank.org/en/doc/18675f1d1639c7a34d463f59263ba0a2-0050012025/related/CMO-Historical-Data-Monthly.xlsx
1963-05-01,fuel-ng-europe-ttf,eu,0.39135113795,https://thedocs.worldbank.org/en/doc/18675f1d1639c7a34d463f59263ba0a2-0050012025/related/CMO-Historical-Data-Monthly.xlsx
1963-06-01,fuel-ng-europe-ttf,eu,0.39135113795,https://thedocs.worldbank.org/en/doc/18675f1d1639c7a34d463f59263ba0a2-0050012025/related/CMO-Historical-Data-Monthly.xlsx
1963-07-01,fuel-ng-europe-ttf,eu,0.39135113795,https://thedocs.worldbank.org/en/doc/18675f1d1639c7a34d463f59263ba0a2-0050012025/related/CMO-Historical-Data-Monthly.xlsx
1963-08-01,fuel-ng-europe-ttf,eu,0.39135113795,https://thedocs.worldbank.org/en/doc/18675f1d1639c7a34d463f59263ba0a2-0050012025/related/CMO-Historical-Data-Monthly.xlsx
1963-09-01,fuel-ng-europe-ttf,eu,0.39135113795,https://thedocs.worldbank.org/en/doc/18675f1d1639c7a34d463f59263ba0a2-0050012025/related/CMO-Historical-Data-Monthly.xlsx
1963-10-01,fuel-ng-europe-ttf,eu,0.39135113795,https://thedocs.worldbank.org/en/doc/18675f1d1639c7a34d463f59263ba0a2-0050012025/related/CMO-Historical-Data-Monthly.xlsx
1963-11-01,fuel-ng-europe-ttf,eu,0.39135113795,https://thedocs.worldbank.org/en/doc/18675f1d1639c7a34d463f59263ba0a2-0050012025/related/CMO-Historical-Data-Monthly.xlsx
1963-12-01,fuel-ng-europe-ttf,eu,0.39135113795,https://thedocs.worldbank.org/en/doc/18675f1d1639c7a34d463f59263ba0a2-0050012025/related/CMO-Historical-Data-Monthly.xlsx
1964-01-01,fuel-ng-europe-ttf,eu,0.38414980236,https://thedocs.worldbank.org/en/doc/18675f1d1639c7a34d463f59263ba0a2-0050012025/related/CMO-Historical-Data-Monthly.xlsx
1964-02-01,fuel-ng-europe-ttf,eu,0.38414980236,https://thedocs.worldbank.org/en/doc/18675f1d1639c7a34d463f59263ba0a2-0050012025/related/CMO-Historical-Data-Monthly.xlsx
1964-03-01,fuel-ng-europe-ttf,eu,0.38414980236,https://thedocs.worldbank.org/en/doc/18675f1d1639c7a34d463f59263ba0a2-0050012025/related/CMO-Historical-Data-Monthly.xlsx
1964-04-01,fuel-ng-europe-ttf,eu,0.38414980236,https://thedocs.worldbank.org/en/doc/18675f1d1639c7a34d463f59263ba0a2-0050012025/related/CMO-Historical-Data-Monthly.xlsx
1964-05-01,fuel-ng-europe-ttf,eu,0.38414980236,https://thedocs.worldbank.org/en/doc/18675f1d1639c7a34d463f59263ba0a2-0050012025/related/CMO-Historical-Data-Monthly.xlsx
1964-06-01,fuel-ng-europe-ttf,eu,0.38414980236,https://thedocs.worldbank.org/en/doc/18675f1d1639c7a34d463f59263ba0a2-0050012025/related/CMO-Historical-Data-Monthly.xlsx
1964-07-01,fuel-ng-europe-ttf,eu,0.38414980236,https://thedocs.worldbank.org/en/doc/18675f1d1639c7a34d463f59263ba0a2-0050012025/related/CMO-Historical-Data-Monthly.xlsx
1964-08-01,fuel-ng-europe-ttf,eu,0.38414980236,https://thedocs.worldbank.org/en/doc/18675f1d1639c7a34d463f59263ba0a2-0050012025/related/CMO-Historical-Data-Monthly.xlsx
1964-09-01,fuel-ng-europe-ttf,eu,0.38414980236,https://thedocs.worldbank.org/en/doc/18675f1d1639c7a34d463f59263ba0a2-0050012025/related/CMO-Historical-Data-Monthly.xlsx
1964-10-01,fuel-ng-europe-ttf,eu,0.38414980236,https://thedocs.worldbank.org/en/doc/18675f1d1639c7a34d463f59263ba0a2-0050012025/related/CMO-Historical-Data-Monthly.xlsx
1964-11-01,fuel-ng-europe-ttf,eu,0.38414980236,https://thedocs.worldbank.org/en/doc/18675f1d1639c7a34d463f59263ba0a2-0050012025/related/CMO-Historical-Data-Monthly.xlsx
1964-12-01,fuel-ng-europe-ttf,eu,0.38414980236,https://thedocs.worldbank.org/en/doc/18675f1d1639c7a34d463f59263ba0a2-0050012025/related/CMO-Historical-Data-Monthly.xlsx
1965-01-01,fuel-ng-europe-ttf,eu,0.41076610522,https://thedocs.worldbank.org/en/doc/18675f1d1639c7a34d463f59263ba0a2-0050012025/related/CMO-Historical-Data-Monthly.xlsx
1965-02-01,fuel-ng-europe-ttf,eu,0.41076610522,https://thedocs.worldbank.org/en/doc/18675f1d1639c7a34d463f59263ba0a2-0050012025/related/CMO-Historical-Data-Monthly.xlsx
1965-03-01,fuel-ng-europe-ttf,eu,0.41076610522,https://thedocs.worldbank.org/en/doc/18675f1d1639c7a34d463f59263ba0a2-0050012025/related/CMO-Historical-Data-Monthly.xlsx
1965-04-01,fuel-ng-europe-ttf,eu,0.41076610522,https://thedocs.worldbank.org/en/doc/18675f1d1639c7a34d463f59263ba0a2-0050012025/related/CMO-Historical-Data-Monthly.xlsx
1965-05-01,fuel-ng-europe-ttf,eu,0.41076610522,https://thedocs.worldbank.org/en/doc/18675f1d1639c7a34d463f59263ba0a2-0050012025/related/CMO-Historical-Data-Monthly.xlsx
1965-06-01,fuel-ng-europe-ttf,eu,0.41076610522,https://thedocs.worldbank.org/en/doc/18675f1d1639c7a34d463f59263ba0a2-0050012025/related/CMO-Historical-Data-Monthly.xlsx
1965-07-01,fuel-ng-europe-ttf,eu,0.41076610522,https://thedocs.worldbank.org/en/doc/18675f1d1639c7a34d463f59263ba0a2-0050012025/related/CMO-Historical-Data-Monthly.xlsx
1965-08-01,fuel-ng-europe-ttf,eu,0.41076610522,https://thedocs.worldbank.org/en/doc/18675f1d1639c7a34d463f59263ba0a2-0050012025/related/CMO-Historical-Data-Monthly.xlsx
1965-09-01,fuel-ng-europe-ttf,eu,0.41076610522,https://thedocs.worldbank.org/en/doc/18675f1d1639c7a34d463f59263ba0a2-0050012025/related/CMO-Historical-Data-Monthly.xlsx
1965-10-01,fuel-ng-europe-ttf,eu,0.41076610522,https://thedocs.worldbank.org/en/doc/18675f1d1639c7a34d463f59263ba0a2-0050012025/related/CMO-Historical-Data-Monthly.xlsx
1965-11-01,fuel-ng-europe-ttf,eu,0.41076610522,https://thedocs.worldbank.org/en/doc/18675f1d1639c7a34d463f59263ba0a2-0050012025/related/CMO-Historical-Data-Monthly.xlsx
1965-12-01,fuel-ng-europe-ttf,eu,0.41076610522,https://thedocs.worldbank.org/en/doc/18675f1d1639c7a34d463f59263ba0a2-0050012025/related/CMO-Historical-Data-Monthly.xlsx
1966-01-01,fuel-ng-europe-ttf,eu,0.42492866514,https://thedocs.worldbank.org/en/doc/18675f1d1639c7a34d463f59263ba0a2-0050012025/related/CMO-Historical-Data-Monthly.xlsx
1966-02-01,fuel-ng-europe-ttf,eu,0.42492866514,https://thedocs.worldbank.org/en/doc/18675f1d1639c7a34d463f59263ba0a2-0050012025/related/CMO-Historical-Data-Monthly.xlsx
1966-03-01,fuel-ng-europe-ttf,eu,0.42492866514,https://thedocs.worldbank.org/en/doc/18675f1d1639c7a34d463f59263ba0a2-0050012025/related/CMO-Historical-Data-Monthly.xlsx
1966-04-01,fuel-ng-europe-ttf,eu,0.42492866514,https://thedocs.worldbank.org/en/doc/18675f1d1639c7a34d463f59263ba0a2-0050012025/related/CMO-Historical-Data-Monthly.xlsx
1966-05-01,fuel-ng-europe-ttf,eu,0.42492866514,https://thedocs.worldbank.org/en/doc/18675f1d1639c7a34d463f59263ba0a2-0050012025/related/CMO-Historical-Data-Monthly.xlsx
1966-06-01,fuel-ng-europe-ttf,eu,0.42492866514,https://thedocs.worldbank.org/en/doc/18675f1d1639c7a34d463f59263ba0a2-0050012025/related/CMO-Historical-Data-Monthly.xlsx
1966-07-01,fuel-ng-europe-ttf,eu,0.42492866514,https://thedocs.worldbank.org/en/doc/18675f1d1639c7a34d463f59263ba0a2-0050012025/related/CMO-Historical-Data-Monthly.xlsx
1966-08-01,fuel-ng-europe-ttf,eu,0.42492866514,https://thedocs.worldbank.org/en/doc/18675f1d1639c7a34d463f59263ba0a2-0050012025/related/CMO-Historical-Data-Monthly.xlsx
1966-09-01,fuel-ng-europe-ttf,eu,0.42492866514,https://thedocs.worldbank.org/en/doc/18675f1d1639c7a34d463f59263ba0a2-0050012025/related/CMO-Historical-Data-Monthly.xlsx
1966-10-01,fuel-ng-europe-ttf,eu,0.42492866514,https://thedocs.worldbank.org/en/doc/18675f1d1639c7a34d463f59263ba0a2-0050012025/related/CMO-Historical-Data-Monthly.xlsx
1966-11-01,fuel-ng-europe-ttf,eu,0.42492866514,https://thedocs.worldbank.org/en/doc/18675f1d1639c7a34d463f59263ba0a2-0050012025/related/CMO-Historical-Data-Monthly.xlsx
1966-12-01,fuel-ng-europe-ttf,eu,0.42492866514,https://thedocs.worldbank.org/en/doc/18675f1d1639c7a34d463f59263ba0a2-0050012025/related/CMO-Historical-Data-Monthly.xlsx
1967-01-01,fuel-ng-europe-ttf,eu,0.45664737628,https://thedocs.worldbank.org/en/doc/18675f1d1639c7a34d463f59263ba0a2-0050012025/related/CMO-Historical-Data-Monthly.xlsx
1967-02-01,fuel-ng-europe-ttf,eu,0.45664737628,https://thedocs.worldbank.org/en/doc/18675f1d1639c7a34d463f59263ba0a2-0050012025/related/CMO-Historical-Data-Monthly.xlsx
1967-03-01,fuel-ng-europe-ttf,eu,0.45664737628,https://thedocs.worldbank.org/en/doc/18675f1d1639c7a34d463f59263ba0a2-0050012025/related/CMO-Historical-Data-Monthly.xlsx
1967-04-01,fuel-ng-europe-ttf,eu,0.45664737628,https://thedocs.worldbank.org/en/doc/18675f1d1639c7a34d463f59263ba0a2-0050012025/related/CMO-Historical-Data-Monthly.xlsx
1967-05-01,fuel-ng-europe-ttf,eu,0.45664737628,https://thedocs.worldbank.org/en/doc/18675f1d1639c7a34d463f59263ba0a2-0050012025/related/CMO-Historical-Data-Monthly.xlsx
1967-06-01,fuel-ng-europe-ttf,eu,0.45664737628,https://thedocs.worldbank.org/en/doc/18675f1d1639c7a34d463f59263ba0a2-0050012025/related/CMO-Historical-Data-Monthly.xlsx
1967-07-01,fuel-ng-europe-ttf,eu,0.45664737628,https://thedocs.worldbank.org/en/doc/18675f1d1639c7a34d463f59263ba0a2-0050012025/related/CMO-Historical-Data-Monthly.xlsx
1967-08-01,fuel-ng-europe-ttf,eu,0.45664737628,https://thedocs.worldbank.org/en/doc/18675f1d1639c7a34d463f59263ba0a2-0050012025/related/CMO-Historical-Data-Monthly.xlsx
1967-09-01,fuel-ng-europe-ttf,eu,0.45664737628,https://thedocs.worldbank.org/en/doc/18675f1d1639c7a34d463f59263ba0a2-0050012025/related/CMO-Historical-Data-Monthly.xlsx
1967-10-01,fuel-ng-europe-ttf,eu,0.45664737628,https://thedocs.worldbank.org/en/doc/18675f1d1639c7a34d463f59263ba0a2-0050012025/related/CMO-Historical-Data-Monthly.xlsx
1967-11-01,fuel-ng-europe-ttf,eu,0.45664737628,https://thedocs.worldbank.org/en/doc/18675f1d1639c7a34d463f59263ba0a2-0050012025/related/CMO-Historical-Data-Monthly.xlsx
1967-12-01,fuel-ng-europe-ttf,eu,0.45664737628,https://thedocs.worldbank.org/en/doc/18675f1d1639c7a34d463f59263ba0a2-0050012025/related/CMO-Historical-Data-Monthly.xlsx
1968-01-01,fuel-ng-europe-ttf,eu,0.45180187737,https://thedocs.worldbank.org/en/doc/18675f1d1639c7a34d463f59263ba0a2-0050012025/related/CMO-Historical-Data-Monthly.xlsx
1968-02-01,fuel-ng-europe-ttf,eu,0.45180187737,https://thedocs.worldbank.org/en/doc/18675f1d1639c7a34d463f59263ba0a2-0050012025/related/CMO-Historical-Data-Monthly.xlsx
1968-03-01,fuel-ng-europe-ttf,eu,0.45180187737,https://thedocs.worldbank.org/en/doc/18675f1d1639c7a34d463f59263ba0a2-0050012025/related/CMO-Historical-Data-Monthly.xlsx
1968-04-01,fuel-ng-europe-ttf,eu,0.45180187737,https://thedocs.worldbank.org/en/doc/18675f1d1639c7a34d463f59263ba0a2-0050012025/related/CMO-Historical-Data-Monthly.xlsx
1968-05-01,fuel-ng-europe-ttf,eu,0.45180187737,https://thedocs.worldbank.org/en/doc/18675f1d1639c7a34d463f59263ba0a2-0050012025/related/CMO-Historical-Data-Monthly.xlsx
1968-06-01,fuel-ng-europe-ttf,eu,0.45180187737,https://thedocs.worldbank.org/en/doc/18675f1d1639c7a34d463f59263ba0a2-0050012025/related/CMO-Historical-Data-Monthly.xlsx
1968-07-01,fuel-ng-europe-ttf,eu,0.45180187737,https://thedocs.worldbank.org/en/doc/18675f1d1639c7a34d463f59263ba0a2-0050012025/related/CMO-Historical-Data-Monthly.xlsx
1968-08-01,fuel-ng-europe-ttf,eu,0.45180187737,https://thedocs.worldbank.org/en/doc/18675f1d1639c7a34d463f59263ba0a2-0050012025/related/CMO-Historical-Data-Monthly.xlsx
1968-09-01,fuel-ng-europe-ttf,eu,0.45180187737,https://thedocs.worldbank.org/en/doc/18675f1d1639c7a34d463f59263ba0a2-0050012025/related/CMO-Historical-Data-Monthly.xlsx
1968-10-01,fuel-ng-europe-ttf,eu,0.45180187737,https://thedocs.worldbank.org/en/doc/18675f1d1639c7a34d463f59263ba0a2-0050012025/related/CMO-Historical-Data-Monthly.xlsx
1968-11-01,fuel-ng-europe-ttf,eu,0.45180187737,https://thedocs.worldbank.org/en/doc/18675f1d1639c7a34d463f59263ba0a2-0050012025/related/CMO-Historical-Data-Monthly.xlsx
1968-12-01,fuel-ng-europe-ttf,eu,0.45180187737,https://thedocs.worldbank.org/en/doc/18675f1d1639c7a34d463f59263ba0a2-0050012025/related/CMO-Historical-Data-Monthly.xlsx
1969-01-01,fuel-ng-europe-ttf,eu,0.45181991824,https://thedocs.worldbank.org/en/doc/18675f1d1639c7a34d463f59263ba0a2-0050012025/related/CMO-Historical-Data-Monthly.xlsx
1969-02-01,fuel-ng-europe-ttf,eu,0.45181991824,https://thedocs.worldbank.org/en/doc/18675f1d1639c7a34d463f59263ba0a2-0050012025/related/CMO-Historical-Data-Monthly.xlsx
1969-03-01,fuel-ng-europe-ttf,eu,0.45181991824,https://thedocs.worldbank.org/en/doc/18675f1d1639c7a34d463f59263ba0a2-0050012025/related/CMO-Historical-Data-Monthly.xlsx
1969-04-01,fuel-ng-europe-ttf,eu,0.45181991824,https://thedocs.worldbank.org/en/doc/18675f1d1639c7a34d463f59263ba0a2-0050012025/related/CMO-Historical-Data-Monthly.xlsx
1969-05-01,fuel-ng-europe-ttf,eu,0.45181991824,https://thedocs.worldbank.org/en/doc/18675f1d1639c7a34d463f59263ba0a2-0050012025/related/CMO-Historical-Data-Monthly.xlsx
1969-06-01,fuel-ng-europe-ttf,eu,0.45181991824,https://thedocs.worldbank.org/en/doc/18675f1d1639c7a34d463f59263ba0a2-0050012025/related/CMO-Historical-Data-Monthly.xlsx
1969-07-01,fuel-ng-europe-ttf,eu,0.45181991824,https://thedocs.worldbank.org/en/doc/18675f1d1639c7a34d463f59263ba0a2-0050012025/related/CMO-Historical-Data-Monthly.xlsx
1969-08-01,fuel-ng-europe-ttf,eu,0.45181991824,https://thedocs.worldbank.org/en/doc/18675f1d1639c7a34d463f59263ba0a2-0050012025/related/CMO-Historical-Data-Monthly.xlsx
1969-09-01,fuel-ng-europe-ttf,eu,0.45181991824,https://thedocs.worldbank.org/en/doc/18675f1d1639c7a34d463f59263ba0a2-0050012025/related/CMO-Historical-Data-Monthly.xlsx
1969-10-01,fuel-ng-europe-ttf,eu,0.45181991824,https://thedocs.worldbank.org/en/doc/18675f1d1639c7a34d463f59263ba0a2-0050012025/related/CMO-Historical-Data-Monthly.xlsx
1969-11-01,fuel-ng-europe-ttf,eu,0.45181991824,https://thedocs.worldbank.org/en/doc/18675f1d1639c7a34d463f59263ba0a2-0050012025/related/CMO-Historical-Data-Monthly.xlsx
1969-12-01,fuel-ng-europe-ttf,eu,0.45181991824,https://thedocs.worldbank.org/en/doc/18675f1d1639c7a34d463f59263ba0a2-0050012025/related/CMO-Historical-Data-Monthly.xlsx
1970-01-01,fuel-ng-europe-ttf,eu,0.44721801014,https://thedocs.worldbank.org/en/doc/18675f1d1639c7a34d463f59263ba0a2-0050012025/related/CMO-Historical-Data-Monthly.xlsx
1970-02-01,fuel-ng-europe-ttf,eu,0.44721801014,https://thedocs.worldbank.org/en/doc/18675f1d1639c7a34d463f59263ba0a2-0050012025/related/CMO-Historical-Data-Monthly.xlsx
1970-03-01,fuel-ng-europe-ttf,eu,0.44721801014,https://thedocs.worldbank.org/en/doc/18675f1d1639c7a34d463f59263ba0a2-0050012025/related/CMO-Historical-Data-Monthly.xlsx
1970-04-01,fuel-ng-europe-ttf,eu,0.44721801014,https://thedocs.worldbank.org/en/doc/18675f1d1639c7a34d463f59263ba0a2-0050012025/related/CMO-Historical-Data-Monthly.xlsx
1970-05-01,fuel-ng-europe-ttf,eu,0.44721801014,https://thedocs.worldbank.org/en/doc/18675f1d1639c7a34d463f59263ba0a2-0050012025/related/CMO-Historical-Data-Monthly.xlsx
1970-06-01,fuel-ng-europe-ttf,eu,0.44721801014,https://thedocs.worldbank.org/en/doc/18675f1d1639c7a34d463f59263ba0a2-0050012025/related/CMO-Historical-Data-Monthly.xlsx
1970-07-01,fuel-ng-europe-ttf,eu,0.44721801014,https://thedocs.worldbank.org/en/doc/18675f1d1639c7a34d463f59263ba0a2-0050012025/related/CMO-Historical-Data-Monthly.xlsx
1970-08-01,fuel-ng-europe-ttf,eu,0.44721801014,https://thedocs.worldbank.org/en/doc/18675f1d1639c7a34d463f59263ba0a2-0050012025/related/CMO-Historical-Data-Monthly.xlsx
1970-09-01,fuel-ng-europe-ttf,eu,0.44721801014,https://thedocs.worldbank.org/en/doc/18675f1d1639c7a34d463f59263ba0a2-0050012025/related/CMO-Historical-Data-Monthly.xlsx
1970-10-01,fuel-ng-europe-ttf,eu,0.44721801014,https://thedocs.worldbank.org/en/doc/18675f1d1639c7a34d463f59263ba0a2-0050012025/related/CMO-Historical-Data-Monthly.xlsx
1970-11-01,fuel-ng-europe-ttf,eu,0.44721801014,https://thedocs.worldbank.org/en/doc/18675f1d1639c7a34d463f59263ba0a2-0050012025/related/CMO-Historical-Data-Monthly.xlsx
1970-12-01,fuel-ng-europe-ttf,eu,0.44721801014,https://thedocs.worldbank.org/en/doc/18675f1d1639c7a34d463f59263ba0a2-0050012025/related/CMO-Historical-Data-Monthly.xlsx
1971-01-01,fuel-ng-europe-ttf,eu,0.50224354379,https://thedocs.worldbank.org/en/doc/18675f1d1639c7a34d463f59263ba0a2-0050012025/related/CMO-Historical-Data-Monthly.xlsx
1971-02-01,fuel-ng-europe-ttf,eu,0.50224354379,https://thedocs.worldbank.org/en/doc/18675f1d1639c7a34d463f59263ba0a2-0050012025/related/CMO-Historical-Data-Monthly.xlsx
1971-03-01,fuel-ng-europe-ttf,eu,0.50224354379,https://thedocs.worldbank.org/en/doc/18675f1d1639c7a34d463f59263ba0a2-0050012025/related/CMO-Historical-Data-Monthly.xlsx
1971-04-01,fuel-ng-europe-ttf,eu,0.50224354379,https://thedocs.worldbank.org/en/doc/18675f1d1639c7a34d463f59263ba0a2-0050012025/related/CMO-Historical-Data-Monthly.xlsx
1971-05-01,fuel-ng-europe-ttf,eu,0.50224354379,https://thedocs.worldbank.org/en/doc/18675f1d1639c7a34d463f59263ba0a2-0050012025/related/CMO-Historical-Data-Monthly.xlsx
1971-06-01,fuel-ng-europe-ttf,eu,0.50224354379,https://thedocs.worldbank.org/en/doc/18675f1d1639c7a34d463f59263ba0a2-0050012025/related/CMO-Historical-Data-Monthly.xlsx
1971-07-01,fuel-ng-europe-ttf,eu,0.50224354379,https://thedocs.worldbank.org/en/doc/18675f1d1639c7a34d463f59263ba0a2-0050012025/related/CMO-Historical-Data-Monthly.xlsx
1971-08-01,fuel-ng-europe-ttf,eu,0.50224354379,https://thedocs.worldbank.org/en/doc/18675f1d1639c7a34d463f59263ba0a2-0050012025/related/CMO-Historical-Data-Monthly.xlsx
1971-09-01,fuel-ng-europe-ttf,eu,0.50224354379,https://thedocs.worldbank.org/en/doc/18675f1d1639c7a34d463f59263ba0a2-0050012025/related/CMO-Historical-Data-Monthly.xlsx
1971-10-01,fuel-ng-europe-ttf,eu,0.50224354379,https://thedocs.worldbank.org/en/doc/18675f1d1639c7a34d463f59263ba0a2-0050012025/related/CMO-Historical-Data-Monthly.xlsx
1971-11-01,fuel-ng-europe-ttf,eu,0.50224354379,https://thedocs.worldbank.org/en/doc/18675f1d1639c7a34d463f59263ba0a2-0050012025/related/CMO-Historical-Data-Monthly.xlsx
1971-12-01,fuel-ng-europe-ttf,eu,0.50224354379,https://thedocs.worldbank.org/en/doc/18675f1d1639c7a34d463f59263ba0a2-0050012025/related/CMO-Historical-Data-Monthly.xlsx
1972-01-01,fuel-ng-europe-ttf,eu,0.54216598655,https://thedocs.worldbank.org/en/doc/18675f1d1639c7a34d463f59263ba0a2-0050012025/related/CMO-Historical-Data-Monthly.xlsx
1972-02-01,fuel-ng-europe-ttf,eu,0.54216598655,https://thedocs.worldbank.org/en/doc/18675f1d1639c7a34d463f59263ba0a2-0050012025/related/CMO-Historical-Data-Monthly.xlsx
1972-03-01,fuel-ng-europe-ttf,eu,0.54216598655,https://thedocs.worldbank.org/en/doc/18675f1d1639c7a34d463f59263ba0a2-0050012025/related/CMO-Historical-Data-Monthly.xlsx
1972-04-01,fuel-ng-europe-ttf,eu,0.54216598655,https://thedocs.worldbank.org/en/doc/18675f1d1639c7a34d463f59263ba0a2-0050012025/related/CMO-Historical-Data-Monthly.xlsx
1972-05-01,fuel-ng-europe-ttf,eu,0.54216598655,https://thedocs.worldbank.org/en/doc/18675f1d1639c7a34d463f59263ba0a2-0050012025/related/CMO-Historical-Data-Monthly.xlsx
1972-06-01,fuel-ng-europe-ttf,eu,0.54216598655,https://thedocs.worldbank.org/en/doc/18675f1d1639c7a34d463f59263ba0a2-0050012025/related/CMO-Historical-Data-Monthly.xlsx
1972-07-01,fuel-ng-europe-ttf,eu,0.54216598655,https://thedocs.worldbank.org/en/doc/18675f1d1639c7a34d463f59263ba0a2-0050012025/related/CMO-Historical-Data-Monthly.xlsx
1972-08-01,fuel-ng-europe-ttf,eu,0.54216598655,https://thedocs.worldbank.org/en/doc/18675f1d1639c7a34d463f59263ba0a2-0050012025/related/CMO-Historical-Data-Monthly.xlsx
1972-09-01,fuel-ng-europe-ttf,eu,0.54216598655,https://thedocs.worldbank.org/en/doc/18675f1d1639c7a34d463f59263ba0a2-0050012025/related/CMO-Historical-Data-Monthly.xlsx
1972-10-01,fuel-ng-europe-ttf,eu,0.54216598655,https://thedocs.worldbank.org/en/doc/18675f1d1639c7a34d463f59263ba0a2-0050012025/related/CMO-Historical-Data-Monthly.xlsx
1972-11-01,fuel-ng-europe-ttf,eu,0.54216598655,https://thedocs.worldbank.org/en/doc/18675f1d1639c7a34d463f59263ba0a2-0050012025/related/CMO-Historical-Data-Monthly.xlsx
1972-12-01,fuel-ng-europe-ttf,eu,0.54216598655,https://thedocs.worldbank.org/en/doc/18675f1d1639c7a34d463f59263ba0a2-0050012025/related/CMO-Historical-Data-Monthly.xlsx
1973-01-01,fuel-ng-europe-ttf,eu,0.69350672431,https://thedocs.worldbank.org/en/doc/18675f1d1639c7a34d463f59263ba0a2-0050012025/related/CMO-Historical-Data-Monthly.xlsx
1973-02-01,fuel-ng-europe-ttf,eu,0.69350672431,https://thedocs.worldbank.org/en/doc/18675f1d1639c7a34d463f59263ba0a2-0050012025/related/CMO-Historical-Data-Monthly.xlsx
1973-03-01,fuel-ng-europe-ttf,eu,0.69350672431,https://thedocs.worldbank.org/en/doc/18675f1d1639c7a34d463f59263ba0a2-0050012025/related/CMO-Historical-Data-Monthly.xlsx
1973-04-01,fuel-ng-europe-ttf,eu,0.69350672431,https://thedocs.worldbank.org/en/doc/18675f1d1639c7a34d463f59263ba0a2-0050012025/related/CMO-Historical-Data-Monthly.xlsx
1973-05-01,fuel-ng-europe-ttf,eu,0.69350672431,https://thedocs.worldbank.org/en/doc/18675f1d1639c7a34d463f59263ba0a2-0050012025/related/CMO-Historical-Data-Monthly.xlsx
1973-06-01,fuel-ng-europe-ttf,eu,0.69350672431,https://thedocs.worldbank.org/en/doc/18675f1d1639c7a34d463f59263ba0a2-0050012025/related/CMO-Historical-Data-Monthly.xlsx
1973-07-01,fuel-ng-europe-ttf,eu,0.69350672431,https://thedocs.worldbank.org/en/doc/18675f1d1639c7a34d463f59263ba0a2-0050012025/related/CMO-Historical-Data-Monthly.xlsx
1973-08-01,fuel-ng-europe-ttf,eu,0.69350672431,https://thedocs.worldbank.org/en/doc/18675f1d1639c7a34d463f59263ba0a2-0050012025/related/CMO-Historical-Data-Monthly.xlsx
1973-09-01,fuel-ng-europe-ttf,eu,0.69350672431,https://thedocs.worldbank.org/en/doc/18675f1d1639c7a34d463f59263ba0a2-0050012025/related/CMO-Historical-Data-Monthly.xlsx
1973-10-01,fuel-ng-europe-ttf,eu,0.69350672431,https://thedocs.worldbank.org/en/doc/18675f1d1639c7a34d463f59263ba0a2-0050012025/related/CMO-Historical-Data-Monthly.xlsx
1973-11-01,fuel-ng-europe-ttf,eu,0.69350672431,https://thedocs.worldbank.org/en/doc/18675f1d1639c7a34d463f59263ba0a2-0050012025/related/CMO-Historical-Data-Monthly.xlsx
1973-12-01,fuel-ng-europe-ttf,eu,0.69350672431,https://thedocs.worldbank.org/en/doc/18675f1d1639c7a34d463f59263ba0a2-0050012025/related/CMO-Historical-Data-Monthly.xlsx
1974-01-01,fuel-ng-europe-ttf,eu,1.73,https://thedocs.worldbank.org/en/doc/18675f1d1639c7a34d463f59263ba0a2-0050012025/related/CMO-Historical-Data-Monthly.xlsx
1974-02-01,fuel-ng-europe-ttf,eu,1.73,https://thedocs.worldbank.org/en/doc/18675f1d1639c7a34d463f59263ba0a2-0050012025/related/CMO-Historical-Data-Monthly.xlsx
1974-03-01,fuel-ng-europe-ttf,eu,1.73,https://thedocs.worldbank.org/en/doc/18675f1d1639c7a34d463f59263ba0a2-0050012025/related/CMO-Historical-Data-Monthly.xlsx
1974-04-01,fuel-ng-europe-ttf,eu,1.73,https://thedocs.worldbank.org/en/doc/18675f1d1639c7a34d463f59263ba0a2-0050012025/related/CMO-Historical-Data-Monthly.xlsx
1974-05-01,fuel-ng-europe-ttf,eu,1.73,https://thedocs.worldbank.org/en/doc/18675f1d1639c7a34d463f59263ba0a2-0050012025/related/CMO-Historical-Data-Monthly.xlsx
1974-06-01,fuel-ng-europe-ttf,eu,1.73,https://thedocs.worldbank.org/en/doc/18675f1d1639c7a34d463f59263ba0a2-0050012025/related/CMO-Historical-Data-Monthly.xlsx
1974-07-01,fuel-ng-europe-ttf,eu,1.73,https://thedocs.worldbank.org/en/doc/18675f1d1639c7a34d463f59263ba0a2-0050012025/related/CMO-Historical-Data-Monthly.xlsx
1974-08-01,fuel-ng-europe-ttf,eu,1.73,https://thedocs.worldbank.org/en/doc/18675f1d1639c7a34d463f59263ba0a2-0050012025/related/CMO-Historical-Data-Monthly.xlsx
1974-09-01,fuel-ng-europe-ttf,eu,1.73,https://thedocs.worldbank.org/en/doc/18675f1d1639c7a34d463f59263ba0a2-0050012025/related/CMO-Historical-Data-Monthly.xlsx
1974-10-01,fuel-ng-europe-ttf,eu,1.73,https://thedocs.worldbank.org/en/doc/18675f1d1639c7a34d463f59263ba0a2-0050012025/related/CMO-Historical-Data-Monthly.xlsx
1974-11-01,fuel-ng-europe-ttf,eu,1.73,https://thedocs.worldbank.org/en/doc/18675f1d1639c7a34d463f59263ba0a2-0050012025/related/CMO-Historical-Data-Monthly.xlsx
1974-12-01,fuel-ng-europe-ttf,eu,1.73,https://thedocs.worldbank.org/en/doc/18675f1d1639c7a34d463f59263ba0a2-0050012025/related/CMO-Historical-Data-Monthly.xlsx
1975-01-01,fuel-ng-europe-ttf,eu,1.68209359077,https://thedocs.worldbank.org/en/doc/18675f1d1639c7a34d463f59263ba0a2-0050012025/related/CMO-Historical-Data-Monthly.xlsx
1975-02-01,fuel-ng-europe-ttf,eu,1.68209359077,https://thedocs.worldbank.org/en/doc/18675f1d1639c7a34d463f59263ba0a2-0050012025/related/CMO-Historical-Data-Monthly.xlsx
1975-03-01,fuel-ng-europe-ttf,eu,1.68209359077,https://thedocs.worldbank.org/en/doc/18675f1d1639c7a34d463f59263ba0a2-0050012025/related/CMO-Historical-Data-Monthly.xlsx
1975-04-01,fuel-ng-europe-ttf,eu,1.68209359077,https://thedocs.worldbank.org/en/doc/18675f1d1639c7a34d463f59263ba0a2-0050012025/related/CMO-Historical-Data-Monthly.xlsx
1975-05-01,fuel-ng-europe-ttf,eu,1.68209359077,https://thedocs.worldbank.org/en/doc/18675f1d1639c7a34d463f59263ba0a2-0050012025/related/CMO-Historical-Data-Monthly.xlsx
1975-06-01,fuel-ng-europe-ttf,eu,1.68209359077,https://thedocs.worldbank.org/en/doc/18675f1d1639c7a34d463f59263ba0a2-0050012025/related/CMO-Historical-Data-Monthly.xlsx
1975-07-01,fuel-ng-europe-ttf,eu,1.68209359077,https://thedocs.worldbank.org/en/doc/18675f1d1639c7a34d463f59263ba0a2-0050012025/related/CMO-Historical-Data-Monthly.xlsx
1975-08-01,fuel-ng-europe-ttf,eu,1.68209359077,https://thedocs.worldbank.org/en/doc/18675f1d1639c7a34d463f59263ba0a2-0050012025/related/CMO-Historical-Data-Monthly.xlsx
1975-09-01,fuel-ng-europe-ttf,eu,1.68209359077,https://thedocs.worldbank.org/en/doc/18675f1d1639c7a34d463f59263ba0a2-0050012025/related/CMO-Historical-Data-Monthly.xlsx
1975-10-01,fuel-ng-europe-ttf,eu,1.68209359077,https://thedocs.worldbank.org/en/doc/18675f1d1639c7a34d463f59263ba0a2-0050012025/related/CMO-Historical-Data-Monthly.xlsx
1975-11-01,fuel-ng-europe-ttf,eu,1.68209359077,https://thedocs.worldbank.org/en/doc/18675f1d1639c7a34d463f59263ba0a2-0050012025/related/CMO-Historical-Data-Monthly.xlsx
1975-12-01,fuel-ng-europe-ttf,eu,1.68209359077,https://thedocs.worldbank.org/en/doc/18675f1d1639c7a34d463f59263ba0a2-0050012025/related/CMO-Historical-Data-Monthly.xlsx
1976-01-01,fuel-ng-europe-ttf,eu,1.73511329971,https://thedocs.worldbank.org/en/doc/18675f1d1639c7a34d463f59263ba0a2-0050012025/related/CMO-Historical-Data-Monthly.xlsx
1976-02-01,fuel-ng-europe-ttf,eu,1.73511329971,https://thedocs.worldbank.org/en/doc/18675f1d1639c7a34d463f59263ba0a2-0050012025/related/CMO-Historical-Data-Monthly.xlsx
1976-03-01,fuel-ng-europe-ttf,eu,1.73511329971,https://thedocs.worldbank.org/en/doc/18675f1d1639c7a34d463f59263ba0a2-0050012025/related/CMO-Historical-Data-Monthly.xlsx
1976-04-01,fuel-ng-europe-ttf,eu,1.73511329971,https://thedocs.worldbank.org/en/doc/18675f1d1639c7a34d463f59263ba0a2-0050012025/related/CMO-Historical-Data-Monthly.xlsx
1976-05-01,fuel-ng-europe-ttf,eu,1.73511329971,https://thedocs.worldbank.org/en/doc/18675f1d1639c7a34d463f59263ba0a2-0050012025/related/CMO-Historical-Data-Monthly.xlsx
1976-06-01,fuel-ng-europe-ttf,eu,1.73511329971,https://thedocs.worldbank.org/en/doc/18675f1d1639c7a34d463f59263ba0a2-0050012025/related/CMO-Historical-Data-Monthly.xlsx
1976-07-01,fuel-ng-europe-ttf,eu,1.73511329971,https://thedocs.worldbank.org/en/doc/18675f1d1639c7a34d463f59263ba0a2-0050012025/related/CMO-Historical-Data-Monthly.xlsx
1976-08-01,fuel-ng-europe-ttf,eu,1.73511329971,https://thedocs.worldbank.org/en/doc/18675f1d1639c7a34d463f59263ba0a2-0050012025/related/CMO-Historical-Data-Monthly.xlsx
1976-09-01,fuel-ng-europe-ttf,eu,1.73511329971,https://thedocs.worldbank.org/en/doc/18675f1d1639c7a34d463f59263ba0a2-0050012025/related/CMO-Historical-Data-Monthly.xlsx
1976-10-01,fuel-ng-europe-ttf,eu,1.73511329971,https://thedocs.worldbank.org/en/doc/18675f1d1639c7a34d463f59263ba0a2-0050012025/related/CMO-Historical-Data-Monthly.xlsx
1976-11-01,fuel-ng-europe-ttf,eu,1.73511329971,https://thedocs.worldbank.org/en/doc/18675f1d1639c7a34d463f59263ba0a2-0050012025/related/CMO-Historical-Data-Monthly.xlsx
1976-12-01,fuel-ng-europe-ttf,eu,1.73511329971,https://thedocs.worldbank.org/en/doc/18675f1d1639c7a34d463f59263ba0a2-0050012025/related/CMO-Historical-Data-Monthly.xlsx
1977-01-01,fuel-ng-europe-ttf,eu,1.79162260682,https://thedocs.worldbank.org/en/doc/18675f1d1639c7a34d463f59263ba0a2-0050012025/related/CMO-Historical-Data-Monthly.xlsx
1977-02-01,fuel-ng-europe-ttf,eu,1.79162260682,https://thedocs.worldbank.org/en/doc/18675f1d1639c7a34d463f59263ba0a2-0050012025/related/CMO-Historical-Data-Monthly.xlsx
1977-03-01,fuel-ng-europe-ttf,eu,1.79162260682,https://thedocs.worldbank.org/en/doc/18675f1d1639c7a34d463f59263ba0a2-0050012025/related/CMO-Historical-Data-Monthly.xlsx
1977-04-01,fuel-ng-europe-ttf,eu,1.79162260682,https://thedocs.worldbank.org/en/doc/18675f1d1639c7a34d463f59263ba0a2-0050012025/related/CMO-Historical-Data-Monthly.xlsx
1977-05-01,fuel-ng-europe-ttf,eu,1.79162260682,https://thedocs.worldbank.org/en/doc/18675f1d1639c7a34d463f59263ba0a2-0050012025/related/CMO-Historical-Data-Monthly.xlsx
1977-06-01,fuel-ng-europe-ttf,eu,1.79162260682,https://thedocs.worldbank.org/en/doc/18675f1d1639c7a34d463f59263ba0a2-0050012025/related/CMO-Historical-Data-Monthly.xlsx
1977-07-01,fuel-ng-europe-ttf,eu,1.79162260682,https://thedocs.worldbank.org/en/doc/18675f1d1639c7a34d463f59263ba0a2-0050012025/related/CMO-Historical-Data-Monthly.xlsx
1977-08-01,fuel-ng-europe-ttf,eu,1.79162260682,https://thedocs.worldbank.org/en/doc/18675f1d1639c7a34d463f59263ba0a2-0050012025/related/CMO-Historical-Data-Monthly.xlsx
1977-09-01,fuel-ng-europe-ttf,eu,1.79162260682,https://thedocs.worldbank.org/en/doc/18675f1d1639c7a34d463f59263ba0a2-0050012025/related/CMO-Historical-Data-Monthly.xlsx
1977-10-01,fuel-ng-europe-ttf,eu,1.79162260682,https://thedocs.worldbank.org/en/doc/18675f1d1639c7a34d463f59263ba0a2-0050012025/related/CMO-Historical-Data-Monthly.xlsx
1977-11-01,fuel-ng-europe-ttf,eu,1.79162260682,https://thedocs.worldbank.org/en/doc/18675f1d1639c7a34d463f59263ba0a2-0050012025/related/CMO-Historical-Data-Monthly.xlsx
1977-12-01,fuel-ng-europe-ttf,eu,1.79162260682,https://thedocs.worldbank.org/en/doc/18675f1d1639c7a34d463f59263ba0a2-0050012025/related/CMO-Historical-Data-Monthly.xlsx
1978-01-01,fuel-ng-europe-ttf,eu,2.30221809927,https://thedocs.worldbank.org/en/doc/18675f1d1639c7a34d463f59263ba0a2-0050012025/related/CMO-Historical-Data-Monthly.xlsx
1978-02-01,fuel-ng-europe-ttf,eu,2.30221809927,https://thedocs.worldbank.org/en/doc/18675f1d1639c7a34d463f59263ba0a2-0050012025/related/CMO-Historical-Data-Monthly.xlsx
1978-03-01,fuel-ng-europe-ttf,eu,2.30221809927,https://thedocs.worldbank.org/en/doc/18675f1d1639c7a34d463f59263ba0a2-0050012025/related/CMO-Historical-Data-Monthly.xlsx
1978-04-01,fuel-ng-europe-ttf,eu,2.30221809927,https://thedocs.worldbank.org/en/doc/18675f1d1639c7a34d463f59263ba0a2-0050012025/related/CMO-Historical-Data-Monthly.xlsx
1978-05-01,fuel-ng-europe-ttf,eu,2.30221809927,https://thedocs.worldbank.org/en/doc/18675f1d1639c7a34d463f59263ba0a2-0050012025/related/CMO-Historical-Data-Monthly.xlsx
1978-06-01,fuel-ng-europe-ttf,eu,2.30221809927,https://thedocs.worldbank.org/en/doc/18675f1d1639c7a34d463f59263ba0a2-0050012025/related/CMO-Historical-Data-Monthly.xlsx
1978-07-01,fuel-ng-europe-ttf,eu,2.30221809927,https://thedocs.worldbank.org/en/doc/18675f1d1639c7a34d463f59263ba0a2-0050012025/related/CMO-Historical-Data-Monthly.xlsx
1978-08-01,fuel-ng-europe-ttf,eu,2.30221809927,https://thedocs.worldbank.org/en/doc/18675f1d1639c7a34d463f59263ba0a2-0050012025/related/CMO-Historical-Data-Monthly.xlsx
1978-09-01,fuel-ng-europe-ttf,eu,2.30221809927,https://thedocs.worldbank.org/en/doc/18675f1d1639c7a34d463f59263ba0a2-0050012025/related/CMO-Historical-Data-Monthly.xlsx
1978-10-01,fuel-ng-europe-ttf,eu,2.30221809927,https://thedocs.worldbank.org/en/doc/18675f1d1639c7a34d463f59263ba0a2-0050012025/related/CMO-Historical-Data-Monthly.xlsx
1978-11-01,fuel-ng-europe-ttf,eu,2.30221809927,https://thedocs.worldbank.org/en/doc/18675f1d1639c7a34d463f59263ba0a2-0050012025/related/CMO-Historical-Data-Monthly.xlsx
1978-12-01,fuel-ng-europe-ttf,eu,2.30221809927,https://thedocs.worldbank.org/en/doc/18675f1d1639c7a34d463f59263ba0a2-0050012025/related/CMO-Historical-Data-Monthly.xlsx
1979-01-01,fuel-ng-europe-ttf,eu,3.25948857485,https://thedocs.worldbank.org/en/doc/18675f1d1639c7a34d463f59263ba0a2-0050012025/related/CMO-Historical-Data-Monthly.xlsx
1979-02-01,fuel-ng-europe-ttf,eu,3.25948857485,https://thedocs.worldbank.org/en/doc/18675f1d1639c7a34d463f59263ba0a2-0050012025/related/CMO-Historical-Data-Monthly.xlsx
1979-03-01,fuel-ng-europe-ttf,eu,3.25948857485,https://thedocs.worldbank.org/en/doc/18675f1d1639c7a34d463f59263ba0a2-0050012025/related/CMO-Historical-Data-Monthly.xlsx
1979-04-01,fuel-ng-europe-ttf,eu,3.25948857485,https://thedocs.worldbank.org/en/doc/18675f1d1639c7a34d463f59263ba0a2-0050012025/related/CMO-Historical-Data-Monthly.xlsx
1979-05-01,fuel-ng-europe-ttf,eu,3.25948857485,https://thedocs.worldbank.org/en/doc/18675f1d1639c7a34d463f59263ba0a2-0050012025/related/CMO-Historical-Data-Monthly.xlsx
1979-06-01,fuel-ng-europe-ttf,eu,3.25948857485,https://thedocs.worldbank.org/en/doc/18675f1d1639c7a34d463f59263ba0a2-0050012025/related/CMO-Historical-Data-Monthly.xlsx
1979-07-01,fuel-ng-europe-ttf,eu,3.25948857485,https://thedocs.worldbank.org/en/doc/18675f1d1639c7a34d463f59263ba0a2-0050012025/related/CMO-Historical-Data-Monthly.xlsx
1979-08-01,fuel-ng-europe-ttf,eu,3.25948857485,https://thedocs.worldbank.org/en/doc/18675f1d1639c7a34d463f59263ba0a2-0050012025/related/CMO-Historical-Data-Monthly.xlsx
1979-09-01,fuel-ng-europe-ttf,eu,3.25948857485,https://thedocs.worldbank.org/en/doc/18675f1d1639c7a34d463f59263ba0a2-0050012025/related/CMO-Historical-Data-Monthly.xlsx
1979-10-01,fuel-ng-europe-ttf,eu,3.25948857485,https://thedocs.worldbank.org/en/doc/18675f1d1639c7a34d463f59263ba0a2-0050012025/related/CMO-Historical-Data-Monthly.xlsx
1979-11-01,fuel-ng-europe-ttf,eu,3.25948857485,https://thedocs.worldbank.org/en/doc/18675f1d1639c7a34d463f59263ba0a2-0050012025/related/CMO-Historical-Data-Monthly.xlsx
1979-12-01,fuel-ng-europe-ttf,eu,3.25948857485,https://thedocs.worldbank.org/en/doc/18675f1d1639c7a34d463f59263ba0a2-0050012025/related/CMO-Historical-Data-Monthly.xlsx
1980-01-01,fuel-ng-europe-ttf,eu,4.22,https://thedocs.worldbank.org/en/doc/18675f1d1639c7a34d463f59263ba0a2-0050012025/related/CMO-Historical-Data-Monthly.xlsx
1980-02-01,fuel-ng-europe-ttf,eu,4.22,https://thedocs.worldbank.org/en/doc/18675f1d1639c7a34d463f59263ba0a2-0050012025/related/CMO-Historical-Data-Monthly.xlsx
1980-03-01,fuel-ng-europe-ttf,eu,4.22,https://thedocs.worldbank.org/en/doc/18675f1d1639c7a34d463f59263ba0a2-0050012025/related/CMO-Historical-Data-Monthly.xlsx
1980-04-01,fuel-ng-europe-ttf,eu,4.22,https://thedocs.worldbank.org/en/doc/18675f1d1639c7a34d463f59263ba0a2-0050012025/related/CMO-Historical-Data-Monthly.xlsx
1980-05-01,fuel-ng-europe-ttf,eu,4.22,https://thedocs.worldbank.org/en/doc/18675f1d1639c7a34d463f59263ba0a2-0050012025/related/CMO-Historical-Data-Monthly.xlsx
1980-06-01,fuel-ng-europe-ttf,eu,4.22,https://thedocs.worldbank.org/en/doc/18675f1d1639c7a34d463f59263ba0a2-0050012025/related/CMO-Historical-Data-Monthly.xlsx
1980-07-01,fuel-ng-europe-ttf,eu,4.22,https://thedocs.worldbank.org/en/doc/18675f1d1639c7a34d463f59263ba0a2-0050012025/related/CMO-Historical-Data-Monthly.xlsx
1980-08-01,fuel-ng-europe-ttf,eu,4.22,https://thedocs.worldbank.org/en/doc/18675f1d1639c7a34d463f59263ba0a2-0050012025/related/CMO-Historical-Data-Monthly.xlsx
1980-09-01,fuel-ng-europe-ttf,eu,4.22,https://thedocs.worldbank.org/en/doc/18675f1d1639c7a34d463f59263ba0a2-0050012025/related/CMO-Historical-Data-Monthly.xlsx
1980-10-01,fuel-ng-europe-ttf,eu,4.22,https://thedocs.worldbank.org/en/doc/18675f1d1639c7a34d463f59263ba0a2-0050012025/related/CMO-Historical-Data-Monthly.xlsx
1980-11-01,fuel-ng-europe-ttf,eu,4.22,https://thedocs.worldbank.org/en/doc/18675f1d1639c7a34d463f59263ba0a2-0050012025/related/CMO-Historical-Data-Monthly.xlsx
1980-12-01,fuel-ng-europe-ttf,eu,4.22,https://thedocs.worldbank.org/en/doc/18675f1d1639c7a34d463f59263ba0a2-0050012025/related/CMO-Historical-Data-Monthly.xlsx
1981-01-01,fuel-ng-europe-ttf,eu,4.6,https://thedocs.worldbank.org/en/doc/18675f1d1639c7a34d463f59263ba0a2-0050012025/related/CMO-Historical-Data-Monthly.xlsx
1981-02-01,fuel-ng-europe-ttf,eu,4.6,https://thedocs.worldbank.org/en/doc/18675f1d1639c7a34d463f59263ba0a2-0050012025/related/CMO-Historical-Data-Monthly.xlsx
1981-03-01,fuel-ng-europe-ttf,eu,4.6,https://thedocs.worldbank.org/en/doc/18675f1d1639c7a34d463f59263ba0a2-0050012025/related/CMO-Historical-Data-Monthly.xlsx
1981-04-01,fuel-ng-europe-ttf,eu,4.6,https://thedocs.worldbank.org/en/doc/18675f1d1639c7a34d463f59263ba0a2-0050012025/related/CMO-Historical-Data-Monthly.xlsx
1981-05-01,fuel-ng-europe-ttf,eu,4.6,https://thedocs.worldbank.org/en/doc/18675f1d1639c7a34d463f59263ba0a2-0050012025/related/CMO-Historical-Data-Monthly.xlsx
1981-06-01,fuel-ng-europe-ttf,eu,4.6,https://thedocs.worldbank.org/en/doc/18675f1d1639c7a34d463f59263ba0a2-0050012025/related/CMO-Historical-Data-Monthly.xlsx
1981-07-01,fuel-ng-europe-ttf,eu,4.6,https://thedocs.worldbank.org/en/doc/18675f1d1639c7a34d463f59263ba0a2-0050012025/related/CMO-Historical-Data-Monthly.xlsx
1981-08-01,fuel-ng-europe-ttf,eu,4.6,https://thedocs.worldbank.org/en/doc/18675f1d1639c7a34d463f59263ba0a2-0050012025/related/CMO-Historical-Data-Monthly.xlsx
1981-09-01,fuel-ng-europe-ttf,eu,4.6,https://thedocs.worldbank.org/en/doc/18675f1d1639c7a34d463f59263ba0a2-0050012025/related/CMO-Historical-Data-Monthly.xlsx
1981-10-01,fuel-ng-europe-ttf,eu,4.6,https://thedocs.worldbank.org/en/doc/18675f1d1639c7a34d463f59263ba0a2-0050012025/related/CMO-Historical-Data-Monthly.xlsx
1981-11-01,fuel-ng-europe-ttf,eu,4.6,https://thedocs.worldbank.org/en/doc/18675f1d1639c7a34d463f59263ba0a2-0050012025/related/CMO-Historical-Data-Monthly.xlsx
1981-12-01,fuel-ng-europe-ttf,eu,4.6,https://thedocs.worldbank.org/en/doc/18675f1d1639c7a34d463f59263ba0a2-0050012025/related/CMO-Historical-Data-Monthly.xlsx
1982-01-01,fuel-ng-europe-ttf,eu,4.45,https://thedocs.worldbank.org/en/doc/18675f1d1639c7a34d463f59263ba0a2-0050012025/related/CMO-Historical-Data-Monthly.xlsx
1982-02-01,fuel-ng-europe-ttf,eu,4.45,https://thedocs.worldbank.org/en/doc/18675f1d1639c7a34d463f59263ba0a2-0050012025/related/CMO-Historical-Data-Monthly.xlsx
1982-03-01,fuel-ng-europe-ttf,eu,4.45,https://thedocs.worldbank.org/en/doc/18675f1d1639c7a34d463f59263ba0a2-0050012025/related/CMO-Historical-Data-Monthly.xlsx
1982-04-01,fuel-ng-europe-ttf,eu,4.45,https://thedocs.worldbank.org/en/doc/18675f1d1639c7a34d463f59263ba0a2-0050012025/related/CMO-Historical-Data-Monthly.xlsx
1982-05-01,fuel-ng-europe-ttf,eu,4.45,https://thedocs.worldbank.org/en/doc/18675f1d1639c7a34d463f59263ba0a2-0050012025/related/CMO-Historical-Data-Monthly.xlsx
1982-06-01,fuel-ng-europe-ttf,eu,4.45,https://thedocs.worldbank.org/en/doc/18675f1d1639c7a34d463f59263ba0a2-0050012025/related/CMO-Historical-Data-Monthly.xlsx
1982-07-01,fuel-ng-europe-ttf,eu,4.45,https://thedocs.worldbank.org/en/doc/18675f1d1639c7a34d463f59263ba0a2-0050012025/related/CMO-Historical-Data-Monthly.xlsx
1982-08-01,fuel-ng-europe-ttf,eu,4.45,https://thedocs.worldbank.org/en/doc/18675f1d1639c7a34d463f59263ba0a2-0050012025/related/CMO-Historical-Data-Monthly.xlsx
1982-09-01,fuel-ng-europe-ttf,eu,4.45,https://thedocs.worldbank.org/en/doc/18675f1d1639c7a34d463f59263ba0a2-0050012025/related/CMO-Historical-Data-Monthly.xlsx
1982-10-01,fuel-ng-europe-ttf,eu,4.45,https://thedocs.worldbank.org/en/doc/18675f1d1639c7a34d463f59263ba0a2-0050012025/related/CMO-Historical-Data-Monthly.xlsx
1982-11-01,fuel-ng-europe-ttf,eu,4.45,https://thedocs.worldbank.org/en/doc/18675f1d1639c7a34d463f59263ba0a2-0050012025/related/CMO-Historical-Data-Monthly.xlsx
1982-12-01,fuel-ng-europe-ttf,eu,4.45,https://thedocs.worldbank.org/en/doc/18675f1d1639c7a34d463f59263ba0a2-0050012025/related/CMO-Historical-Data-Monthly.xlsx
1983-01-01,fuel-ng-europe-ttf,eu,4.05,https://thedocs.worldbank.org/en/doc/18675f1d1639c7a34d463f59263ba0a2-0050012025/related/CMO-Historical-Data-Monthly.xlsx
1983-02-01,fuel-ng-europe-ttf,eu,4.05,https://thedocs.worldbank.org/en/doc/18675f1d1639c7a34d463f59263ba0a2-0050012025/related/CMO-Historical-Data-Monthly.xlsx
1983-03-01,fuel-ng-europe-ttf,eu,4.05,https://thedocs.worldbank.org/en/doc/18675f1d1639c7a34d463f59263ba0a2-0050012025/related/CMO-Historical-Data-Monthly.xlsx
1983-04-01,fuel-ng-europe-ttf,eu,4.05,https://thedocs.worldbank.org/en/doc/18675f1d1639c7a34d463f59263ba0a2-0050012025/related/CMO-Historical-Data-Monthly.xlsx
1983-05-01,fuel-ng-europe-ttf,eu,4.05,https://thedocs.worldbank.org/en/doc/18675f1d1639c7a34d463f59263ba0a2-0050012025/related/CMO-Historical-Data-Monthly.xlsx
1983-06-01,fuel-ng-europe-ttf,eu,4.05,https://thedocs.worldbank.org/en/doc/18675f1d1639c7a34d463f59263ba0a2-0050012025/related/CMO-Historical-Data-Monthly.xlsx
1983-07-01,fuel-ng-europe-ttf,eu,4.05,https://thedocs.worldbank.org/en/doc/18675f1d1639c7a34d463f59263ba0a2-0050012025/related/CMO-Historical-Data-Monthly.xlsx
1983-08-01,fuel-ng-europe-ttf,eu,4.05,https://thedocs.worldbank.org/en/doc/18675f1d1639c7a34d463f59263ba0a2-0050012025/related/CMO-Historical-Data-Monthly.xlsx
1983-09-01,fuel-ng-europe-ttf,eu,4.05,https://thedocs.worldbank.org/en/doc/18675f1d1639c7a34d463f59263ba0a2-0050012025/related/CMO-Historical-Data-Monthly.xlsx
1983-10-01,fuel-ng-europe-ttf,eu,4.05,https://thedocs.worldbank.org/en/doc/18675f1d1639c7a34d463f59263ba0a2-0050012025/related/CMO-Historical-Data-Monthly.xlsx
1983-11-01,fuel-ng-europe-ttf,eu,4.05,https://thedocs.worldbank.org/en/doc/18675f1d1639c7a34d463f59263ba0a2-0050012025/related/CMO-Historical-Data-Monthly.xlsx
1983-12-01,fuel-ng-europe-ttf,eu,4.05,https://thedocs.worldbank.org/en/doc/18675f1d1639c7a34d463f59263ba0a2-0050012025/related/CMO-Historical-Data-Monthly.xlsx
1984-01-01,fuel-ng-europe-ttf,eu,3.76,https://thedocs.worldbank.org/en/doc/18675f1d1639c7a34d463f59263ba0a2-0050012025/related/CMO-Historical-Data-Monthly.xlsx
1984-02-01,fuel-ng-europe-ttf,eu,3.76,https://thedocs.worldbank.org/en/doc/18675f1d1639c7a34d463f59263ba0a2-0050012025/related/CMO-Historical-Data-Monthly.xlsx
1984-03-01,fuel-ng-europe-ttf,eu,3.76,https://thedocs.worldbank.org/en/doc/18675f1d1639c7a34d463f59263ba0a2-0050012025/related/CMO-Historical-Data-Monthly.xlsx
1984-04-01,fuel-ng-europe-ttf,eu,3.76,https://thedocs.worldbank.org/en/doc/18675f1d1639c7a34d463f59263ba0a2-0050012025/related/CMO-Historical-Data-Monthly.xlsx
1984-05-01,fuel-ng-europe-ttf,eu,3.76,https://thedocs.worldbank.org/en/doc/18675f1d1639c7a34d463f59263ba0a2-0050012025/related/CMO-Historical-Data-Monthly.xlsx
1984-06-01,fuel-ng-europe-ttf,eu,3.76,https://thedocs.worldbank.org/en/doc/18675f1d1639c7a34d463f59263ba0a2-0050012025/related/CMO-Historical-Data-Monthly.xlsx
1984-07-01,fuel-ng-europe-ttf,eu,3.76,https://thedocs.worldbank.org/en/doc/18675f1d1639c7a34d463f59263ba0a2-0050012025/related/CMO-Historical-Data-Monthly.xlsx
1984-08-01,fuel-ng-europe-ttf,eu,3.76,https://thedocs.worldbank.org/en/doc/18675f1d1639c7a34d463f59263ba0a2-0050012025/related/CMO-Historical-Data-Monthly.xlsx
1984-09-01,fuel-ng-europe-ttf,eu,3.76,https://thedocs.worldbank.org/en/doc/18675f1d1639c7a34d463f59263ba0a2-0050012025/related/CMO-Historical-Data-Monthly.xlsx
1984-10-01,fuel-ng-europe-ttf,eu,3.76,https://thedocs.worldbank.org/en/doc/18675f1d1639c7a34d463f59263ba0a2-0050012025/related/CMO-Historical-Data-Monthly.xlsx
1984-11-01,fuel-ng-europe-ttf,eu,3.76,https://thedocs.worldbank.org/en/doc/18675f1d1639c7a34d463f59263ba0a2-0050012025/related/CMO-Historical-Data-Monthly.xlsx
1984-12-01,fuel-ng-europe-ttf,eu,3.76,https://thedocs.worldbank.org/en/doc/18675f1d1639c7a34d463f59263ba0a2-0050012025/related/CMO-Historical-Data-Monthly.xlsx
1985-01-01,fuel-ng-europe-ttf,eu,3.65,https://thedocs.worldbank.org/en/doc/18675f1d1639c7a34d463f59263ba0a2-0050012025/related/CMO-Historical-Data-Monthly.xlsx
1985-02-01,fuel-ng-europe-ttf,eu,3.65,https://thedocs.worldbank.org/en/doc/18675f1d1639c7a34d463f59263ba0a2-0050012025/related/CMO-Historical-Data-Monthly.xlsx
1985-03-01,fuel-ng-europe-ttf,eu,3.65,https://thedocs.worldbank.org/en/doc/18675f1d1639c7a34d463f59263ba0a2-0050012025/related/CMO-Historical-Data-Monthly.xlsx
1985-04-01,fuel-ng-europe-ttf,eu,3.65,https://thedocs.worldbank.org/en/doc/18675f1d1639c7a34d463f59263ba0a2-0050012025/related/CMO-Historical-Data-Monthly.xlsx
1985-05-01,fuel-ng-europe-ttf,eu,3.65,https://thedocs.worldbank.org/en/doc/18675f1d1639c7a34d463f59263ba0a2-0050012025/related/CMO-Historical-Data-Monthly.xlsx
1985-06-01,fuel-ng-europe-ttf,eu,3.65,https://thedocs.worldbank.org/en/doc/18675f1d1639c7a34d463f59263ba0a2-0050012025/related/CMO-Historical-Data-Monthly.xlsx
1985-07-01,fuel-ng-europe-ttf,eu,3.65,https://thedocs.worldbank.org/en/doc/18675f1d1639c7a34d463f59263ba0a2-0050012025/related/CMO-Historical-Data-Monthly.xlsx
1985-08-01,fuel-ng-europe-ttf,eu,3.65,https://thedocs.worldbank.org/en/doc/18675f1d1639c7a34d463f59263ba0a2-0050012025/related/CMO-Historical-Data-Monthly.xlsx
1985-09-01,fuel-ng-europe-ttf,eu,3.65,https://thedocs.worldbank.org/en/doc/18675f1d1639c7a34d463f59263ba0a2-0050012025/related/CMO-Historical-Data-Monthly.xlsx
1985-10-01,fuel-ng-europe-ttf,eu,3.65,https://thedocs.worldbank.org/en/doc/18675f1d1639c7a34d463f59263ba0a2-0050012025/related/CMO-Historical-Data-Monthly.xlsx
1985-11-01,fuel-ng-europe-ttf,eu,3.65,https://thedocs.worldbank.org/en/doc/18675f1d1639c7a34d463f59263ba0a2-0050012025/related/CMO-Historical-Data-Monthly.xlsx
1985-12-01,fuel-ng-europe-ttf,eu,3.65,https://thedocs.worldbank.org/en/doc/18675f1d1639c7a34d463f59263ba0a2-0050012025/related/CMO-Historical-Data-Monthly.xlsx
1986-01-01,fuel-ng-europe-ttf,eu,3.65,https://thedocs.worldbank.org/en/doc/18675f1d1639c7a34d463f59263ba0a2-0050012025/related/CMO-Historical-Data-Monthly.xlsx
1986-02-01,fuel-ng-europe-ttf,eu,3.65,https://thedocs.worldbank.org/en/doc/18675f1d1639c7a34d463f59263ba0a2-0050012025/related/CMO-Historical-Data-Monthly.xlsx
1986-03-01,fuel-ng-europe-ttf,eu,3.65,https://thedocs.worldbank.org/en/doc/18675f1d1639c7a34d463f59263ba0a2-0050012025/related/CMO-Historical-Data-Monthly.xlsx
1986-04-01,fuel-ng-europe-ttf,eu,3.65,https://thedocs.worldbank.org/en/doc/18675f1d1639c7a34d463f59263ba0a2-0050012025/related/CMO-Historical-Data-Monthly.xlsx
1986-05-01,fuel-ng-europe-ttf,eu,3.65,https://thedocs.worldbank.org/en/doc/18675f1d1639c7a34d463f59263ba0a2-0050012025/related/CMO-Historical-Data-Monthly.xlsx
1986-06-01,fuel-ng-europe-ttf,eu,3.65,https://thedocs.worldbank.org/en/doc/18675f1d1639c7a34d463f59263ba0a2-0050012025/related/CMO-Historical-Data-Monthly.xlsx
1986-07-01,fuel-ng-europe-ttf,eu,3.65,https://thedocs.worldbank.org/en/doc/18675f1d1639c7a34d463f59263ba0a2-0050012025/related/CMO-Historical-Data-Monthly.xlsx
1986-08-01,fuel-ng-europe-ttf,eu,3.65,https://thedocs.worldbank.org/en/doc/18675f1d1639c7a34d463f59263ba0a2-0050012025/related/CMO-Historical-Data-Monthly.xlsx
1986-09-01,fuel-ng-europe-ttf,eu,3.65,https://thedocs.worldbank.org/en/doc/18675f1d1639c7a34d463f59263ba0a2-0050012025/related/CMO-Historical-Data-Monthly.xlsx
1986-10-01,fuel-ng-europe-ttf,eu,3.65,https://thedocs.worldbank.org/en/doc/18675f1d1639c7a34d463f59263ba0a2-0050012025/related/CMO-Historical-Data-Monthly.xlsx
1986-11-01,fuel-ng-europe-ttf,eu,3.65,https://thedocs.worldbank.org/en/doc/18675f1d1639c7a34d463f59263ba0a2-0050012025/related/CMO-Historical-Data-Monthly.xlsx
1986-12-01,fuel-ng-europe-ttf,eu,3.65,https://thedocs.worldbank.org/en/doc/18675f1d1639c7a34d463f59263ba0a2-0050012025/related/CMO-Historical-Data-Monthly.xlsx
1987-01-01,fuel-ng-europe-ttf,eu,2.59,https://thedocs.worldbank.org/en/doc/18675f1d1639c7a34d463f59263ba0a2-0050012025/related/CMO-Historical-Data-Monthly.xlsx
1987-02-01,fuel-ng-europe-ttf,eu,2.59,https://thedocs.worldbank.org/en/doc/18675f1d1639c7a34d463f59263ba0a2-0050012025/related/CMO-Historical-Data-Monthly.xlsx
1987-03-01,fuel-ng-europe-ttf,eu,2.59,https://thedocs.worldbank.org/en/doc/18675f1d1639c7a34d463f59263ba0a2-0050012025/related/CMO-Historical-Data-Monthly.xlsx
1987-04-01,fuel-ng-europe-ttf,eu,2.59,https://thedocs.worldbank.org/en/doc/18675f1d1639c7a34d463f59263ba0a2-0050012025/related/CMO-Historical-Data-Monthly.xlsx
1987-05-01,fuel-ng-europe-ttf,eu,2.59,https://thedocs.worldbank.org/en/doc/18675f1d1639c7a34d463f59263ba0a2-0050012025/related/CMO-Historical-Data-Monthly.xlsx
1987-06-01,fuel-ng-europe-ttf,eu,2.59,https://thedocs.worldbank.org/en/doc/18675f1d1639c7a34d463f59263ba0a2-0050012025/related/CMO-Historical-Data-Monthly.xlsx
1987-07-01,fuel-ng-europe-ttf,eu,2.59,https://thedocs.worldbank.org/en/doc/18675f1d1639c7a34d463f59263ba0a2-0050012025/related/CMO-Historical-Data-Monthly.xlsx
1987-08-01,fuel-ng-europe-ttf,eu,2.59,https://thedocs.worldbank.org/en/doc/18675f1d1639c7a34d463f59263ba0a2-0050012025/related/CMO-Historical-Data-Monthly.xlsx
1987-09-01,fuel-ng-europe-ttf,eu,2.59,https://thedocs.worldbank.org/en/doc/18675f1d1639c7a34d463f59263ba0a2-0050012025/related/CMO-Historical-Data-Monthly.xlsx
1987-10-01,fuel-ng-europe-ttf,eu,2.59,https://thedocs.worldbank.org/en/doc/18675f1d1639c7a34d463f59263ba0a2-0050012025/related/CMO-Historical-Data-Monthly.xlsx
1987-11-01,fuel-ng-europe-ttf,eu,2.59,https://thedocs.worldbank.org/en/doc/18675f1d1639c7a34d463f59263ba0a2-0050012025/related/CMO-Historical-Data-Monthly.xlsx
1987-12-01,fuel-ng-europe-ttf,eu,2.59,https://thedocs.worldbank.org/en/doc/18675f1d1639c7a34d463f59263ba0a2-0050012025/related/CMO-Historical-Data-Monthly.xlsx
1988-01-01,fuel-ng-europe-ttf,eu,2.36,https://thedocs.worldbank.org/en/doc/18675f1d1639c7a34d463f59263ba0a2-0050012025/related/CMO-Historical-Data-Monthly.xlsx
1988-02-01,fuel-ng-europe-ttf,eu,2.36,https://thedocs.worldbank.org/en/doc/18675f1d1639c7a34d463f59263ba0a2-0050012025/related/CMO-Historical-Data-Monthly.xlsx
1988-03-01,fuel-ng-europe-ttf,eu,2.36,https://thedocs.worldbank.org/en/doc/18675f1d1639c7a34d463f59263ba0a2-0050012025/related/CMO-Historical-Data-Monthly.xlsx
1988-04-01,fuel-ng-europe-ttf,eu,2.36,https://thedocs.worldbank.org/en/doc/18675f1d1639c7a34d463f59263ba0a2-0050012025/related/CMO-Historical-Data-Monthly.xlsx
1988-05-01,fuel-ng-europe-ttf,eu,2.36,https://thedocs.worldbank.org/en/doc/18675f1d1639c7a34d463f59263ba0a2-0050012025/related/CMO-Historical-Data-Monthly.xlsx
1988-06-01,fuel-ng-europe-ttf,eu,2.36,https://thedocs.worldbank.org/en/doc/18675f1d1639c7a34d463f59263ba0a2-0050012025/related/CMO-Historical-Data-Monthly.xlsx
1988-07-01,fuel-ng-europe-ttf,eu,2.36,https://thedocs.worldbank.org/en/doc/18675f1d1639c7a34d463f59263ba0a2-0050012025/related/CMO-Historical-Data-Monthly.xlsx
1988-08-01,fuel-ng-europe-ttf,eu,2.36,https://thedocs.worldbank.org/en/doc/18675f1d1639c7a34d463f59263ba0a2-0050012025/related/CMO-Historical-Data-Monthly.xlsx
1988-09-01,fuel-ng-europe-ttf,eu,2.36,https://thedocs.worldbank.org/en/doc/18675f1d1639c7a34d463f59263ba0a2-0050012025/related/CMO-Historical-Data-Monthly.xlsx
1988-10-01,fuel-ng-europe-ttf,eu,2.36,https://thedocs.worldbank.org/en/doc/18675f1d1639c7a34d463f59263ba0a2-0050012025/related/CMO-Historical-Data-Monthly.xlsx
1988-11-01,fuel-ng-europe-ttf,eu,2.36,https://thedocs.worldbank.org/en/doc/18675f1d1639c7a34d463f59263ba0a2-0050012025/related/CMO-Historical-Data-Monthly.xlsx
1988-12-01,fuel-ng-europe-ttf,eu,2.36,https://thedocs.worldbank.org/en/doc/18675f1d1639c7a34d463f59263ba0a2-0050012025/related/CMO-Historical-Data-Monthly.xlsx
1989-01-01,fuel-ng-europe-ttf,eu,2.09,https://thedocs.worldbank.org/en/doc/18675f1d1639c7a34d463f59263ba0a2-0050012025/related/CMO-Historical-Data-Monthly.xlsx
1989-02-01,fuel-ng-europe-ttf,eu,2.09,https://thedocs.worldbank.org/en/doc/18675f1d1639c7a34d463f59263ba0a2-0050012025/related/CMO-Historical-Data-Monthly.xlsx
1989-03-01,fuel-ng-europe-ttf,eu,2.09,https://thedocs.worldbank.org/en/doc/18675f1d1639c7a34d463f59263ba0a2-0050012025/related/CMO-Historical-Data-Monthly.xlsx
1989-04-01,fuel-ng-europe-ttf,eu,2.09,https://thedocs.worldbank.org/en/doc/18675f1d1639c7a34d463f59263ba0a2-0050012025/related/CMO-Historical-Data-Monthly.xlsx
1989-05-01,fuel-ng-europe-ttf,eu,2.09,https://thedocs.worldbank.org/en/doc/18675f1d1639c7a34d463f59263ba0a2-0050012025/related/CMO-Historical-Data-Monthly.xlsx
1989-06-01,fuel-ng-europe-ttf,eu,2.09,https://thedocs.worldbank.org/en/doc/18675f1d1639c7a34d463f59263ba0a2-0050012025/related/CMO-Historical-Data-Monthly.xlsx
1989-07-01,fuel-ng-europe-ttf,eu,2.09,https://thedocs.worldbank.org/en/doc/18675f1d1639c7a34d463f59263ba0a2-0050012025/related/CMO-Historical-Data-Monthly.xlsx
1989-08-01,fuel-ng-europe-ttf,eu,2.09,https://thedocs.worldbank.org/en/doc/18675f1d1639c7a34d463f59263ba0a2-0050012025/related/CMO-Historical-Data-Monthly.xlsx
1989-09-01,fuel-ng-europe-ttf,eu,2.09,https://thedocs.worldbank.org/en/doc/18675f1d1639c7a34d463f59263ba0a2-0050012025/related/CMO-Historical-Data-Monthly.xlsx
1989-10-01,fuel-ng-europe-ttf,eu,2.09,https://thedocs.worldbank.org/en/doc/18675f1d1639c7a34d463f59263ba0a2-0050012025/related/CMO-Historical-Data-Monthly.xlsx
1989-11-01,fuel-ng-europe-ttf,eu,2.09,https://thedocs.worldbank.org/en/doc/18675f1d1639c7a34d463f59263ba0a2-0050012025/related/CMO-Historical-Data-Monthly.xlsx
1989-12-01,fuel-ng-europe-ttf,eu,2.09,https://thedocs.worldbank.org/en/doc/18675f1d1639c7a34d463f59263ba0a2-0050012025/related/CMO-Historical-Data-Monthly.xlsx
1990-01-01,fuel-ng-europe-ttf,eu,2.82,https://thedocs.worldbank.org/en/doc/18675f1d1639c7a34d463f59263ba0a2-0050012025/related/CMO-Historical-Data-Monthly.xlsx
1990-02-01,fuel-ng-europe-ttf,eu,2.82,https://thedocs.worldbank.org/en/doc/18675f1d1639c7a34d463f59263ba0a2-0050012025/related/CMO-Historical-Data-Monthly.xlsx
1990-03-01,fuel-ng-europe-ttf,eu,2.82,https://thedocs.worldbank.org/en/doc/18675f1d1639c7a34d463f59263ba0a2-0050012025/related/CMO-Historical-Data-Monthly.xlsx
1990-04-01,fuel-ng-europe-ttf,eu,2.82,https://thedocs.worldbank.org/en/doc/18675f1d1639c7a34d463f59263ba0a2-0050012025/related/CMO-Historical-Data-Monthly.xlsx
1990-05-01,fuel-ng-europe-ttf,eu,2.82,https://thedocs.worldbank.org/en/doc/18675f1d1639c7a34d463f59263ba0a2-0050012025/related/CMO-Historical-Data-Monthly.xlsx
1990-06-01,fuel-ng-europe-ttf,eu,2.82,https://thedocs.worldbank.org/en/doc/18675f1d1639c7a34d463f59263ba0a2-0050012025/related/CMO-Historical-Data-Monthly.xlsx
1990-07-01,fuel-ng-europe-ttf,eu,2.82,https://thedocs.worldbank.org/en/doc/18675f1d1639c7a34d463f59263ba0a2-0050012025/related/CMO-Historical-Data-Monthly.xlsx
1990-08-01,fuel-ng-europe-ttf,eu,2.82,https://thedocs.worldbank.org/en/doc/18675f1d1639c7a34d463f59263ba0a2-0050012025/related/CMO-Historical-Data-Monthly.xlsx
1990-09-01,fuel-ng-europe-ttf,eu,2.82,https://thedocs.worldbank.org/en/doc/18675f1d1639c7a34d463f59263ba0a2-0050012025/related/CMO-Historical-Data-Monthly.xlsx
1990-10-01,fuel-ng-europe-ttf,eu,2.82,https://thedocs.worldbank.org/en/doc/18675f1d1639c7a34d463f59263ba0a2-0050012025/related/CMO-Historical-Data-Monthly.xlsx
1990-11-01,fuel-ng-europe-ttf,eu,2.82,https://thedocs.worldbank.org/en/doc/18675f1d1639c7a34d463f59263ba0a2-0050012025/related/CMO-Historical-Data-Monthly.xlsx
1990-12-01,fuel-ng-europe-ttf,eu,2.82,https://thedocs.worldbank.org/en/doc/18675f1d1639c7a34d463f59263ba0a2-0050012025/related/CMO-Historical-Data-Monthly.xlsx
1991-01-01,fuel-ng-europe-ttf,eu,3.44,https://thedocs.worldbank.org/en/doc/18675f1d1639c7a34d463f59263ba0a2-0050012025/related/CMO-Historical-Data-Monthly.xlsx
1991-02-01,fuel-ng-europe-ttf,eu,3.41,https://thedocs.worldbank.org/en/doc/18675f1d1639c7a34d463f59263ba0a2-0050012025/related/CMO-Historical-Data-Monthly.xlsx
1991-03-01,fuel-ng-europe-ttf,eu,3.33,https://thedocs.worldbank.org/en/doc/18675f1d1639c7a34d463f59263ba0a2-0050012025/related/CMO-Historical-Data-Monthly.xlsx
1991-04-01,fuel-ng-europe-ttf,eu,3.47,https://thedocs.worldbank.org/en/doc/18675f1d1639c7a34d463f59263ba0a2-0050012025/related/CMO-Historical-Data-Monthly.xlsx
1991-05-01,fuel-ng-europe-ttf,eu,3.37,https://thedocs.worldbank.org/en/doc/18675f1d1639c7a34d463f59263ba0a2-0050012025/related/CMO-Historical-Data-Monthly.xlsx
1991-06-01,fuel-ng-europe-ttf,eu,3.29,https://thedocs.worldbank.org/en/doc/18675f1d1639c7a34d463f59263ba0a2-0050012025/related/CMO-Historical-Data-Monthly.xlsx
1991-07-01,fuel-ng-europe-ttf,eu,3.0,https://thedocs.worldbank.org/en/doc/18675f1d1639c7a34d463f59263ba0a2-0050012025/related/CMO-Historical-Data-Monthly.xlsx
1991-08-01,fuel-ng-europe-ttf,eu,2.98,https://thedocs.worldbank.org/en/doc/18675f1d1639c7a34d463f59263ba0a2-0050012025/related/CMO-Historical-Data-Monthly.xlsx
1991-09-01,fuel-ng-europe-ttf,eu,2.97,https://thedocs.worldbank.org/en/doc/18675f1d1639c7a34d463f59263ba0a2-0050012025/related/CMO-Historical-Data-Monthly.xlsx
1991-10-01,fuel-ng-europe-ttf,eu,2.71,https://thedocs.worldbank.org/en/doc/18675f1d1639c7a34d463f59263ba0a2-0050012025/related/CMO-Historical-Data-Monthly.xlsx
1991-11-01,fuel-ng-europe-ttf,eu,2.7,https://thedocs.worldbank.org/en/doc/18675f1d1639c7a34d463f59263ba0a2-0050012025/related/CMO-Historical-Data-Monthly.xlsx
1991-12-01,fuel-ng-europe-ttf,eu,2.7,https://thedocs.worldbank.org/en/doc/18675f1d1639c7a34d463f59263ba0a2-0050012025/related/CMO-Historical-Data-Monthly.xlsx
1992-01-01,fuel-ng-europe-ttf,eu,2.57,https://thedocs.worldbank.org/en/doc/18675f1d1639c7a34d463f59263ba0a2-0050012025/related/CMO-Historical-Data-Monthly.xlsx
1992-02-01,fuel-ng-europe-ttf,eu,2.5,https://thedocs.worldbank.org/en/doc/18675f1d1639c7a34d463f59263ba0a2-0050012025/related/CMO-Historical-Data-Monthly.xlsx
1992-03-01,fuel-ng-europe-ttf,eu,2.58,https://thedocs.worldbank.org/en/doc/18675f1d1639c7a34d463f59263ba0a2-0050012025/related/CMO-Historical-Data-Monthly.xlsx
1992-04-01,fuel-ng-europe-ttf,eu,2.47,https://thedocs.worldbank.org/en/doc/18675f1d1639c7a34d463f59263ba0a2-0050012025/related/CMO-Historical-Data-Monthly.xlsx
1992-05-01,fuel-ng-europe-ttf,eu,2.49,https://thedocs.worldbank.org/en/doc/18675f1d1639c7a34d463f59263ba0a2-0050012025/related/CMO-Historical-Data-Monthly.xlsx
1992-06-01,fuel-ng-europe-ttf,eu,2.5,https://thedocs.worldbank.org/en/doc/18675f1d1639c7a34d463f59263ba0a2-0050012025/related/CMO-Historical-Data-Monthly.xlsx
1992-07-01,fuel-ng-europe-ttf,eu,2.55,https://thedocs.worldbank.org/en/doc/18675f1d1639c7a34d463f59263ba0a2-0050012025/related/CMO-Historical-Data-Monthly.xlsx
1992-08-01,fuel-ng-europe-ttf,eu,2.56,https://thedocs.worldbank.org/en/doc/18675f1d1639c7a34d463f59263ba0a2-0050012025/related/CMO-Historical-Data-Monthly.xlsx
1992-09-01,fuel-ng-europe-ttf,eu,2.57,https://thedocs.worldbank.org/en/doc/18675f1d1639c7a34d463f59263ba0a2-0050012025/related/CMO-Historical-Data-Monthly.xlsx
1992-10-01,fuel-ng-europe-ttf,eu,2.63,https://thedocs.worldbank.org/en/doc/18675f1d1639c7a34d463f59263ba0a2-0050012025/related/CMO-Historical-Data-Monthly.xlsx
1992-11-01,fuel-ng-europe-ttf,eu,2.64,https://thedocs.worldbank.org/en/doc/18675f1d1639c7a34d463f59263ba0a2-0050012025/related/CMO-Historical-Data-Monthly.xlsx
1992-12-01,fuel-ng-europe-ttf,eu,2.64,https://thedocs.worldbank.org/en/doc/18675f1d1639c7a34d463f59263ba0a2-0050012025/related/CMO-Historical-Data-Monthly.xlsx
1993-01-01,fuel-ng-europe-ttf,eu,2.76,https://thedocs.worldbank.org/en/doc/18675f1d1639c7a34d463f59263ba0a2-0050012025/related/CMO-Historical-Data-Monthly.xlsx
1993-02-01,fuel-ng-europe-ttf,eu,2.74,https://thedocs.worldbank.org/en/doc/18675f1d1639c7a34d463f59263ba0a2-0050012025/related/CMO-Historical-Data-Monthly.xlsx
1993-03-01,fuel-ng-europe-ttf,eu,2.75,https://thedocs.worldbank.org/en/doc/18675f1d1639c7a34d463f59263ba0a2-0050012025/related/CMO-Historical-Data-Monthly.xlsx
1993-04-01,fuel-ng-europe-ttf,eu,2.68,https://thedocs.worldbank.org/en/doc/18675f1d1639c7a34d463f59263ba0a2-0050012025/related/CMO-Historical-Data-Monthly.xlsx
1993-05-01,fuel-ng-europe-ttf,eu,2.68,https://thedocs.worldbank.org/en/doc/18675f1d1639c7a34d463f59263ba0a2-0050012025/related/CMO-Historical-Data-Monthly.xlsx
1993-06-01,fuel-ng-europe-ttf,eu,2.68,https://thedocs.worldbank.org/en/doc/18675f1d1639c7a34d463f59263ba0a2-0050012025/related/CMO-Historical-Data-Monthly.xlsx
1993-07-01,fuel-ng-europe-ttf,eu,2.66,https://thedocs.worldbank.org/en/doc/18675f1d1639c7a34d463f59263ba0a2-0050012025/related/CMO-Historical-Data-Monthly.xlsx
1993-08-01,fuel-ng-europe-ttf,eu,2.65,https://thedocs.worldbank.org/en/doc/18675f1d1639c7a34d463f59263ba0a2-0050012025/related/CMO-Historical-Data-Monthly.xlsx
1993-09-01,fuel-ng-europe-ttf,eu,2.62,https://thedocs.worldbank.org/en/doc/18675f1d1639c7a34d463f59263ba0a2-0050012025/related/CMO-Historical-Data-Monthly.xlsx
1993-10-01,fuel-ng-europe-ttf,eu,2.62,https://thedocs.worldbank.org/en/doc/18675f1d1639c7a34d463f59263ba0a2-0050012025/related/CMO-Historical-Data-Monthly.xlsx
1993-11-01,fuel-ng-europe-ttf,eu,2.62,https://thedocs.worldbank.org/en/doc/18675f1d1639c7a34d463f59263ba0a2-0050012025/related/CMO-Historical-Data-Monthly.xlsx
1993-12-01,fuel-ng-europe-ttf,eu,2.6,https://thedocs.worldbank.org/en/doc/18675f1d1639c7a34d463f59263ba0a2-0050012025/related/CMO-Historical-Data-Monthly.xlsx
1994-01-01,fuel-ng-europe-ttf,eu,2.47,https://thedocs.worldbank.org/en/doc/18675f1d1639c7a34d463f59263ba0a2-0050012025/related/CMO-Historical-Data-Monthly.xlsx
1994-02-01,fuel-ng-europe-ttf,eu,2.36,https://thedocs.worldbank.org/en/doc/18675f1d1639c7a34d463f59263ba0a2-0050012025/related/CMO-Historical-Data-Monthly.xlsx
1994-03-01,fuel-ng-europe-ttf,eu,2.36,https://thedocs.worldbank.org/en/doc/18675f1d1639c7a34d463f59263ba0a2-0050012025/related/CMO-Historical-Data-Monthly.xlsx
1994-04-01,fuel-ng-europe-ttf,eu,2.36,https://thedocs.worldbank.org/en/doc/18675f1d1639c7a34d463f59263ba0a2-0050012025/related/CMO-Historical-Data-Monthly.xlsx
1994-05-01,fuel-ng-europe-ttf,eu,2.36,https://thedocs.worldbank.org/en/doc/18675f1d1639c7a34d463f59263ba0a2-0050012025/related/CMO-Historical-Data-Monthly.xlsx
1994-06-01,fuel-ng-europe-ttf,eu,2.36,https://thedocs.worldbank.org/en/doc/18675f1d1639c7a34d463f59263ba0a2-0050012025/related/CMO-Historical-Data-Monthly.xlsx
1994-07-01,fuel-ng-europe-ttf,eu,2.42,https://thedocs.worldbank.org/en/doc/18675f1d1639c7a34d463f59263ba0a2-0050012025/related/CMO-Historical-Data-Monthly.xlsx
1994-08-01,fuel-ng-europe-ttf,eu,2.46,https://thedocs.worldbank.org/en/doc/18675f1d1639c7a34d463f59263ba0a2-0050012025/related/CMO-Historical-Data-Monthly.xlsx
1994-09-01,fuel-ng-europe-ttf,eu,2.48,https://thedocs.worldbank.org/en/doc/18675f1d1639c7a34d463f59263ba0a2-0050012025/related/CMO-Historical-Data-Monthly.xlsx
1994-10-01,fuel-ng-europe-ttf,eu,2.56,https://thedocs.worldbank.org/en/doc/18675f1d1639c7a34d463f59263ba0a2-0050012025/related/CMO-Historical-Data-Monthly.xlsx
1994-11-01,fuel-ng-europe-ttf,eu,2.57,https://thedocs.worldbank.org/en/doc/18675f1d1639c7a34d463f59263ba0a2-0050012025/related/CMO-Historical-Data-Monthly.xlsx
1994-12-01,fuel-ng-europe-ttf,eu,2.56,https://thedocs.worldbank.org/en/doc/18675f1d1639c7a34d463f59263ba0a2-0050012025/related/CMO-Historical-Data-Monthly.xlsx
1995-01-01,fuel-ng-europe-ttf,eu,2.66,https://thedocs.worldbank.org/en/doc/18675f1d1639c7a34d463f59263ba0a2-0050012025/related/CMO-Historical-Data-Monthly.xlsx
1995-02-01,fuel-ng-europe-ttf,eu,2.66,https://thedocs.worldbank.org/en/doc/18675f1d1639c7a34d463f59263ba0a2-0050012025/related/CMO-Historical-Data-Monthly.xlsx
1995-03-01,fuel-ng-europe-ttf,eu,2.65,https://thedocs.worldbank.org/en/doc/18675f1d1639c7a34d463f59263ba0a2-0050012025/related/CMO-Historical-Data-Monthly.xlsx
1995-04-01,fuel-ng-europe-ttf,eu,2.71,https://thedocs.worldbank.org/en/doc/18675f1d1639c7a34d463f59263ba0a2-0050012025/related/CMO-Historical-Data-Monthly.xlsx
1995-05-01,fuel-ng-europe-ttf,eu,2.71,https://thedocs.worldbank.org/en/doc/18675f1d1639c7a34d463f59263ba0a2-0050012025/related/CMO-Historical-Data-Monthly.xlsx
1995-06-01,fuel-ng-europe-ttf,eu,2.73,https://thedocs.worldbank.org/en/doc/18675f1d1639c7a34d463f59263ba0a2-0050012025/related/CMO-Historical-Data-Monthly.xlsx
1995-07-01,fuel-ng-europe-ttf,eu,2.8,https://thedocs.worldbank.org/en/doc/18675f1d1639c7a34d463f59263ba0a2-0050012025/related/CMO-Historical-Data-Monthly.xlsx
1995-08-01,fuel-ng-europe-ttf,eu,2.8,https://thedocs.worldbank.org/en/doc/18675f1d1639c7a34d463f59263ba0a2-0050012025/related/CMO-Historical-Data-Monthly.xlsx
1995-09-01,fuel-ng-europe-ttf,eu,2.78,https://thedocs.worldbank.org/en/doc/18675f1d1639c7a34d463f59263ba0a2-0050012025/related/CMO-Historical-Data-Monthly.xlsx
1995-10-01,fuel-ng-europe-ttf,eu,2.75,https://thedocs.worldbank.org/en/doc/18675f1d1639c7a34d463f59263ba0a2-0050012025/related/CMO-Historical-Data-Monthly.xlsx
1995-11-01,fuel-ng-europe-ttf,eu,2.75,https://thedocs.worldbank.org/en/doc/18675f1d1639c7a34d463f59263ba0a2-0050012025/related/CMO-Historical-Data-Monthly.xlsx
1995-12-01,fuel-ng-europe-ttf,eu,2.73,https://thedocs.worldbank.org/en/doc/18675f1d1639c7a34d463f59263ba0a2-0050012025/related/CMO-Historical-Data-Monthly.xlsx
1996-01-01,fuel-ng-europe-ttf,eu,2.75,https://thedocs.worldbank.org/en/doc/18675f1d1639c7a34d463f59263ba0a2-0050012025/related/CMO-Historical-Data-Monthly.xlsx
1996-02-01,fuel-ng-europe-ttf,eu,2.77,https://thedocs.worldbank.org/en/doc/18675f1d1639c7a34d463f59263ba0a2-0050012025/related/CMO-Historical-Data-Monthly.xlsx
1996-03-01,fuel-ng-europe-ttf,eu,2.67,https://thedocs.worldbank.org/en/doc/18675f1d1639c7a34d463f59263ba0a2-0050012025/related/CMO-Historical-Data-Monthly.xlsx
1996-04-01,fuel-ng-europe-ttf,eu,3.1,https://thedocs.worldbank.org/en/doc/18675f1d1639c7a34d463f59263ba0a2-0050012025/related/CMO-Historical-Data-Monthly.xlsx
1996-05-01,fuel-ng-europe-ttf,eu,2.81,https://thedocs.worldbank.org/en/doc/18675f1d1639c7a34d463f59263ba0a2-0050012025/related/CMO-Historical-Data-Monthly.xlsx
1996-06-01,fuel-ng-europe-ttf,eu,2.81,https://thedocs.worldbank.org/en/doc/18675f1d1639c7a34d463f59263ba0a2-0050012025/related/CMO-Historical-Data-Monthly.xlsx
1996-07-01,fuel-ng-europe-ttf,eu,2.78,https://thedocs.worldbank.org/en/doc/18675f1d1639c7a34d463f59263ba0a2-0050012025/related/CMO-Historical-Data-Monthly.xlsx
1996-08-01,fuel-ng-europe-ttf,eu,2.79,https://thedocs.worldbank.org/en/doc/18675f1d1639c7a34d463f59263ba0a2-0050012025/related/CMO-Historical-Data-Monthly.xlsx
1996-09-01,fuel-ng-europe-ttf,eu,2.79,https://thedocs.worldbank.org/en/doc/18675f1d1639c7a34d463f59263ba0a2-0050012025/related/CMO-Historical-Data-Monthly.xlsx
1996-10-01,fuel-ng-europe-ttf,eu,2.94,https://thedocs.worldbank.org/en/doc/18675f1d1639c7a34d463f59263ba0a2-0050012025/related/CMO-Historical-Data-Monthly.xlsx
1996-11-01,fuel-ng-europe-ttf,eu,2.96,https://thedocs.worldbank.org/en/doc/18675f1d1639c7a34d463f59263ba0a2-0050012025/related/CMO-Historical-Data-Monthly.xlsx
1996-12-01,fuel-ng-europe-ttf,eu,2.96,https://thedocs.worldbank.org/en/doc/18675f1d1639c7a34d463f59263ba0a2-0050012025/related/CMO-Historical-Data-Monthly.xlsx
1997-01-01,fuel-ng-europe-ttf,eu,2.89,https://thedocs.worldbank.org/en/doc/18675f1d1639c7a34d463f59263ba0a2-0050012025/related/CMO-Historical-Data-Monthly.xlsx
1997-02-01,fuel-ng-europe-ttf,eu,2.89,https://thedocs.worldbank.org/en/doc/18675f1d1639c7a34d463f59263ba0a2-0050012025/related/CMO-Historical-Data-Monthly.xlsx
1997-03-01,fuel-ng-europe-ttf,eu,2.83,https://thedocs.worldbank.org/en/doc/18675f1d1639c7a34d463f59263ba0a2-0050012025/related/CMO-Historical-Data-Monthly.xlsx
1997-04-01,fuel-ng-europe-ttf,eu,2.77,https://thedocs.worldbank.org/en/doc/18675f1d1639c7a34d463f59263ba0a2-0050012025/related/CMO-Historical-Data-Monthly.xlsx
1997-05-01,fuel-ng-europe-ttf,eu,2.74,https://thedocs.worldbank.org/en/doc/18675f1d1639c7a34d463f59263ba0a2-0050012025/related/CMO-Historical-Data-Monthly.xlsx
1997-06-01,fuel-ng-europe-ttf,eu,2.76,https://thedocs.worldbank.org/en/doc/18675f1d1639c7a34d463f59263ba0a2-0050012025/related/CMO-Historical-Data-Monthly.xlsx
1997-07-01,fuel-ng-europe-ttf,eu,2.67,https://thedocs.worldbank.org/en/doc/18675f1d1639c7a34d463f59263ba0a2-0050012025/related/CMO-Historical-Data-Monthly.xlsx
1997-08-01,fuel-ng-europe-ttf,eu,2.67,https://thedocs.worldbank.org/en/doc/18675f1d1639c7a34d463f59263ba0a2-0050012025/related/CMO-Historical-Data-Monthly.xlsx
1997-09-01,fuel-ng-europe-ttf,eu,2.7,https://thedocs.worldbank.org/en/doc/18675f1d1639c7a34d463f59263ba0a2-0050012025/related/CMO-Historical-Data-Monthly.xlsx
1997-10-01,fuel-ng-europe-ttf,eu,2.63,https://thedocs.worldbank.org/en/doc/18675f1d1639c7a34d463f59263ba0a2-0050012025/related/CMO-Historical-Data-Monthly.xlsx
1997-11-01,fuel-ng-europe-ttf,eu,2.66,https://thedocs.worldbank.org/en/doc/18675f1d1639c7a34d463f59263ba0a2-0050012025/related/CMO-Historical-Data-Monthly.xlsx
1997-12-01,fuel-ng-europe-ttf,eu,2.65,https://thedocs.worldbank.org/en/doc/18675f1d1639c7a34d463f59263ba0a2-0050012025/related/CMO-Historical-Data-Monthly.xlsx
1998-01-01,fuel-ng-europe-ttf,eu,2.65,https://thedocs.worldbank.org/en/doc/18675f1d1639c7a34d463f59263ba0a2-0050012025/related/CMO-Historical-Data-Monthly.xlsx
1998-02-01,fuel-ng-europe-ttf,eu,2.63,https://thedocs.worldbank.org/en/doc/18675f1d1639c7a34d463f59263ba0a2-0050012025/related/CMO-Historical-Data-Monthly.xlsx
1998-03-01,fuel-ng-europe-ttf,eu,2.61,https://thedocs.worldbank.org/en/doc/18675f1d1639c7a34d463f59263ba0a2-0050012025/related/CMO-Historical-Data-Monthly.xlsx
1998-04-01,fuel-ng-europe-ttf,eu,2.54,https://thedocs.worldbank.org/en/doc/18675f1d1639c7a34d463f59263ba0a2-0050012025/related/CMO-Historical-Data-Monthly.xlsx
1998-05-01,fuel-ng-europe-ttf,eu,2.51,https://thedocs.worldbank.org/en/doc/18675f1d1639c7a34d463f59263ba0a2-0050012025/related/CMO-Historical-Data-Monthly.xlsx
1998-06-01,fuel-ng-europe-ttf,eu,2.5,https://thedocs.worldbank.org/en/doc/18675f1d1639c7a34d463f59263ba0a2-0050012025/related/CMO-Historical-Data-Monthly.xlsx
1998-07-01,fuel-ng-europe-ttf,eu,2.4,https://thedocs.worldbank.org/en/doc/18675f1d1639c7a34d463f59263ba0a2-0050012025/related/CMO-Historical-Data-Monthly.xlsx
1998-08-01,fuel-ng-europe-ttf,eu,2.37,https://thedocs.worldbank.org/en/doc/18675f1d1639c7a34d463f59263ba0a2-0050012025/related/CMO-Historical-Data-Monthly.xlsx
1998-09-01,fuel-ng-europe-ttf,eu,2.33,https://thedocs.worldbank.org/en/doc/18675f1d1639c7a34d463f59263ba0a2-0050012025/related/CMO-Historical-Data-Monthly.xlsx
1998-10-01,fuel-ng-europe-ttf,eu,2.17,https://thedocs.worldbank.org/en/doc/18675f1d1639c7a34d463f59263ba0a2-0050012025/related/CMO-Historical-Data-Monthly.xlsx
1998-11-01,fuel-ng-europe-ttf,eu,2.15,https://thedocs.worldbank.org/en/doc/18675f1d1639c7a34d463f59263ba0a2-0050012025/related/CMO-Historical-Data-Monthly.xlsx
1998-12-01,fuel-ng-europe-ttf,eu,2.13,https://thedocs.worldbank.org/en/doc/18675f1d1639c7a34d463f59263ba0a2-0050012025/related/CMO-Historical-Data-Monthly.xlsx
1999-01-01,fuel-ng-europe-ttf,eu,2.02,https://thedocs.worldbank.org/en/doc/18675f1d1639c7a34d463f59263ba0a2-0050012025/related/CMO-Historical-Data-Monthly.xlsx
1999-02-01,fuel-ng-europe-ttf,eu,2.01,https://thedocs.worldbank.org/en/doc/18675f1d1639c7a34d463f59263ba0a2-0050012025/related/CMO-Historical-Data-Monthly.xlsx
1999-03-01,fuel-ng-europe-ttf,eu,1.95,https://thedocs.worldbank.org/en/doc/18675f1d1639c7a34d463f59263ba0a2-0050012025/related/CMO-Historical-Data-Monthly.xlsx
1999-04-01,fuel-ng-europe-ttf,eu,1.87,https://thedocs.worldbank.org/en/doc/18675f1d1639c7a34d463f59263ba0a2-0050012025/related/CMO-Historical-Data-Monthly.xlsx
1999-05-01,fuel-ng-europe-ttf,eu,1.89,https://thedocs.worldbank.org/en/doc/18675f1d1639c7a34d463f59263ba0a2-0050012025/related/CMO-Historical-Data-Monthly.xlsx
1999-06-01,fuel-ng-europe-ttf,eu,1.91,https://thedocs.worldbank.org/en/doc/18675f1d1639c7a34d463f59263ba0a2-0050012025/related/CMO-Historical-Data-Monthly.xlsx
1999-07-01,fuel-ng-europe-ttf,eu,2.0,https://thedocs.worldbank.org/en/doc/18675f1d1639c7a34d463f59263ba0a2-0050012025/related/CMO-Historical-Data-Monthly.xlsx
1999-08-01,fuel-ng-europe-ttf,eu,2.08,https://thedocs.worldbank.org/en/doc/18675f1d1639c7a34d463f59263ba0a2-0050012025/related/CMO-Historical-Data-Monthly.xlsx
1999-09-01,fuel-ng-europe-ttf,eu,2.2,https://thedocs.worldbank.org/en/doc/18675f1d1639c7a34d463f59263ba0a2-0050012025/related/CMO-Historical-Data-Monthly.xlsx
1999-10-01,fuel-ng-europe-ttf,eu,2.47,https://thedocs.worldbank.org/en/doc/18675f1d1639c7a34d463f59263ba0a2-0050012025/related/CMO-Historical-Data-Monthly.xlsx
1999-11-01,fuel-ng-europe-ttf,eu,2.51,https://thedocs.worldbank.org/en/doc/18675f1d1639c7a34d463f59263ba0a2-0050012025/related/CMO-Historical-Data-Monthly.xlsx
1999-12-01,fuel-ng-europe-ttf,eu,2.66,https://thedocs.worldbank.org/en/doc/18675f1d1639c7a34d463f59263ba0a2-0050012025/related/CMO-Historical-Data-Monthly.xlsx
2000-01-01,fuel-ng-europe-ttf,eu,3.36,https://thedocs.worldbank.org/en/doc/18675f1d1639c7a34d463f59263ba0a2-0050012025/related/CMO-Historical-Data-Monthly.xlsx
2000-02-01,fuel-ng-europe-ttf,eu,3.46,https://thedocs.worldbank.org/en/doc/18675f1d1639c7a34d463f59263ba0a2-0050012025/related/CMO-Historical-Data-Monthly.xlsx
2000-03-01,fuel-ng-europe-ttf,eu,3.51,https://thedocs.worldbank.org/en/doc/18675f1d1639c7a34d463f59263ba0a2-0050012025/related/CMO-Historical-Data-Monthly.xlsx
2000-04-01,fuel-ng-europe-ttf,eu,3.68,https://thedocs.worldbank.org/en/doc/18675f1d1639c7a34d463f59263ba0a2-0050012025/related/CMO-Historical-Data-Monthly.xlsx
2000-05-01,fuel-ng-europe-ttf,eu,3.55,https://thedocs.worldbank.org/en/doc/18675f1d1639c7a34d463f59263ba0a2-0050012025/related/CMO-Historical-Data-Monthly.xlsx
2000-06-01,fuel-ng-europe-ttf,eu,3.6,https://thedocs.worldbank.org/en/doc/18675f1d1639c7a34d463f59263ba0a2-0050012025/related/CMO-Historical-Data-Monthly.xlsx
2000-07-01,fuel-ng-europe-ttf,eu,3.96,https://thedocs.worldbank.org/en/doc/18675f1d1639c7a34d463f59263ba0a2-0050012025/related/CMO-Historical-Data-Monthly.xlsx
2000-08-01,fuel-ng-europe-ttf,eu,4.01,https://thedocs.worldbank.org/en/doc/18675f1d1639c7a34d463f59263ba0a2-0050012025/related/CMO-Historical-Data-Monthly.xlsx
2000-09-01,fuel-ng-europe-ttf,eu,4.03,https://thedocs.worldbank.org/en/doc/18675f1d1639c7a34d463f59263ba0a2-0050012025/related/CMO-Historical-Data-Monthly.xlsx
2000-10-01,fuel-ng-europe-ttf,eu,4.31,https://thedocs.worldbank.org/en/doc/18675f1d1639c7a34d463f59263ba0a2-0050012025/related/CMO-Historical-Data-Monthly.xlsx
2000-11-01,fuel-ng-europe-ttf,eu,4.39,https://thedocs.worldbank.org/en/doc/18675f1d1639c7a34d463f59263ba0a2-0050012025/related/CMO-Historical-Data-Monthly.xlsx
2000-12-01,fuel-ng-europe-ttf,eu,4.44,https://thedocs.worldbank.org/en/doc/18675f1d1639c7a34d463f59263ba0a2-0050012025/related/CMO-Historical-Data-Monthly.xlsx
2001-01-01,fuel-ng-europe-ttf,eu,4.65,https://thedocs.worldbank.org/en/doc/18675f1d1639c7a34d463f59263ba0a2-0050012025/related/CMO-Historical-Data-Monthly.xlsx
2001-02-01,fuel-ng-europe-ttf,eu,4.59,https://thedocs.worldbank.org/en/doc/18675f1d1639c7a34d463f59263ba0a2-0050012025/related/CMO-Historical-Data-Monthly.xlsx
2001-03-01,fuel-ng-europe-ttf,eu,4.57,https://thedocs.worldbank.org/en/doc/18675f1d1639c7a34d463f59263ba0a2-0050012025/related/CMO-Historical-Data-Monthly.xlsx
2001-04-01,fuel-ng-europe-ttf,eu,4.48,https://thedocs.worldbank.org/en/doc/18675f1d1639c7a34d463f59263ba0a2-0050012025/related/CMO-Historical-Data-Monthly.xlsx
2001-05-01,fuel-ng-europe-ttf,eu,4.36,https://thedocs.worldbank.org/en/doc/18675f1d1639c7a34d463f59263ba0a2-0050012025/related/CMO-Historical-Data-Monthly.xlsx
2001-06-01,fuel-ng-europe-ttf,eu,4.33,https://thedocs.worldbank.org/en/doc/18675f1d1639c7a34d463f59263ba0a2-0050012025/related/CMO-Historical-Data-Monthly.xlsx
2001-07-01,fuel-ng-europe-ttf,eu,3.75,https://thedocs.worldbank.org/en/doc/18675f1d1639c7a34d463f59263ba0a2-0050012025/related/CMO-Historical-Data-Monthly.xlsx
2001-08-01,fuel-ng-europe-ttf,eu,3.79,https://thedocs.worldbank.org/en/doc/18675f1d1639c7a34d463f59263ba0a2-0050012025/related/CMO-Historical-Data-Monthly.xlsx
2001-09-01,fuel-ng-europe-ttf,eu,3.79,https://thedocs.worldbank.org/en/doc/18675f1d1639c7a34d463f59263ba0a2-0050012025/related/CMO-Historical-Data-Monthly.xlsx
2001-10-01,fuel-ng-europe-ttf,eu,3.52,https://thedocs.worldbank.org/en/doc/18675f1d1639c7a34d463f59263ba0a2-0050012025/related/CMO-Historical-Data-Monthly.xlsx
2001-11-01,fuel-ng-europe-ttf,eu,3.46,https://thedocs.worldbank.org/en/doc/18675f1d1639c7a34d463f59263ba0a2-0050012025/related/CMO-Historical-Data-Monthly.xlsx
2001-12-01,fuel-ng-europe-ttf,eu,3.4,https://thedocs.worldbank.org/en/doc/18675f1d1639c7a34d463f59263ba0a2-0050012025/related/CMO-Historical-Data-Monthly.xlsx
2002-01-01,fuel-ng-europe-ttf,eu,3.06,https://thedocs.worldbank.org/en/doc/18675f1d1639c7a34d463f59263ba0a2-0050012025/related/CMO-Historical-Data-Monthly.xlsx
2002-02-01,fuel-ng-europe-ttf,eu,3.03,https://thedocs.worldbank.org/en/doc/18675f1d1639c7a34d463f59263ba0a2-0050012025/related/CMO-Historical-Data-Monthly.xlsx
2002-03-01,fuel-ng-europe-ttf,eu,2.97,https://thedocs.worldbank.org/en/doc/18675f1d1639c7a34d463f59263ba0a2-0050012025/related/CMO-Historical-Data-Monthly.xlsx
2002-04-01,fuel-ng-europe-ttf,eu,2.81,https://thedocs.worldbank.org/en/doc/18675f1d1639c7a34d463f59263ba0a2-0050012025/related/CMO-Historical-Data-Monthly.xlsx
2002-05-01,fuel-ng-europe-ttf,eu,2.83,https://thedocs.worldbank.org/en/doc/18675f1d1639c7a34d463f59263ba0a2-0050012025/related/CMO-Historical-Data-Monthly.xlsx
2002-06-01,fuel-ng-europe-ttf,eu,2.9,https://thedocs.worldbank.org/en/doc/18675f1d1639c7a34d463f59263ba0a2-0050012025/related/CMO-Historical-Data-Monthly.xlsx
2002-07-01,fuel-ng-europe-ttf,eu,2.95,https://thedocs.worldbank.org/en/doc/18675f1d1639c7a34d463f59263ba0a2-0050012025/related/CMO-Historical-Data-Monthly.xlsx
2002-08-01,fuel-ng-europe-ttf,eu,3.01,https://thedocs.worldbank.org/en/doc/18675f1d1639c7a34d463f59263ba0a2-0050012025/related/CMO-Historical-Data-Monthly.xlsx
2002-09-01,fuel-ng-europe-ttf,eu,3.08,https://thedocs.worldbank.org/en/doc/18675f1d1639c7a34d463f59263ba0a2-0050012025/related/CMO-Historical-Data-Monthly.xlsx
2002-10-01,fuel-ng-europe-ttf,eu,3.28,https://thedocs.worldbank.org/en/doc/18675f1d1639c7a34d463f59263ba0a2-0050012025/related/CMO-Historical-Data-Monthly.xlsx
2002-11-01,fuel-ng-europe-ttf,eu,3.34,https://thedocs.worldbank.org/en/doc/18675f1d1639c7a34d463f59263ba0a2-0050012025/related/CMO-Historical-Data-Monthly.xlsx
2002-12-01,fuel-ng-europe-ttf,eu,3.36,https://thedocs.worldbank.org/en/doc/18675f1d1639c7a34d463f59263ba0a2-0050012025/related/CMO-Historical-Data-Monthly.xlsx
2003-01-01,fuel-ng-europe-ttf,eu,3.61,https://thedocs.worldbank.org/en/doc/18675f1d1639c7a34d463f59263ba0a2-0050012025/related/CMO-Historical-Data-Monthly.xlsx
2003-02-01,fuel-ng-europe-ttf,eu,3.67,https://thedocs.worldbank.org/en/doc/18675f1d1639c7a34d463f59263ba0a2-0050012025/related/CMO-Historical-Data-Monthly.xlsx
2003-03-01,fuel-ng-europe-ttf,eu,3.74,https://thedocs.worldbank.org/en/doc/18675f1d1639c7a34d463f59263ba0a2-0050012025/related/CMO-Historical-Data-Monthly.xlsx
2003-04-01,fuel-ng-europe-ttf,eu,4.03,https://thedocs.worldbank.org/en/doc/18675f1d1639c7a34d463f59263ba0a2-0050012025/related/CMO-Historical-Data-Monthly.xlsx
2003-05-01,fuel-ng-europe-ttf,eu,4.04,https://thedocs.worldbank.org/en/doc/18675f1d1639c7a34d463f59263ba0a2-0050012025/related/CMO-Historical-Data-Monthly.xlsx
2003-06-01,fuel-ng-europe-ttf,eu,4.05,https://thedocs.worldbank.org/en/doc/18675f1d1639c7a34d463f59263ba0a2-0050012025/related/CMO-Historical-Data-Monthly.xlsx
2003-07-01,fuel-ng-europe-ttf,eu,4.04,https://thedocs.worldbank.org/en/doc/18675f1d1639c7a34d463f59263ba0a2-0050012025/related/CMO-Historical-Data-Monthly.xlsx
2003-08-01,fuel-ng-europe-ttf,eu,3.98,https://thedocs.worldbank.org/en/doc/18675f1d1639c7a34d463f59263ba0a2-0050012025/related/CMO-Historical-Data-Monthly.xlsx
2003-09-01,fuel-ng-europe-ttf,eu,3.97,https://thedocs.worldbank.org/en/doc/18675f1d1639c7a34d463f59263ba0a2-0050012025/related/CMO-Historical-Data-Monthly.xlsx
2003-10-01,fuel-ng-europe-ttf,eu,3.88,https://thedocs.worldbank.org/en/doc/18675f1d1639c7a34d463f59263ba0a2-0050012025/related/CMO-Historical-Data-Monthly.xlsx
2003-11-01,fuel-ng-europe-ttf,eu,3.9,https://thedocs.worldbank.org/en/doc/18675f1d1639c7a34d463f59263ba0a2-0050012025/related/CMO-Historical-Data-Monthly.xlsx
2003-12-01,fuel-ng-europe-ttf,eu,3.97,https://thedocs.worldbank.org/en/doc/18675f1d1639c7a34d463f59263ba0a2-0050012025/related/CMO-Historical-Data-Monthly.xlsx
2004-01-01,fuel-ng-europe-ttf,eu,3.87,https://thedocs.worldbank.org/en/doc/18675f1d1639c7a34d463f59263ba0a2-0050012025/related/CMO-Historical-Data-Monthly.xlsx
2004-02-01,fuel-ng-europe-ttf,eu,3.89,https://thedocs.worldbank.org/en/doc/18675f1d1639c7a34d463f59263ba0a2-0050012025/related/CMO-Historical-Data-Monthly.xlsx
2004-03-01,fuel-ng-europe-ttf,eu,3.86,https://thedocs.worldbank.org/en/doc/18675f1d1639c7a34d463f59263ba0a2-0050012025/related/CMO-Historical-Data-Monthly.xlsx
2004-04-01,fuel-ng-europe-ttf,eu,3.92,https://thedocs.worldbank.org/en/doc/18675f1d1639c7a34d463f59263ba0a2-0050012025/related/CMO-Historical-Data-Monthly.xlsx
2004-05-01,fuel-ng-europe-ttf,eu,3.95,https://thedocs.worldbank.org/en/doc/18675f1d1639c7a34d463f59263ba0a2-0050012025/related/CMO-Historical-Data-Monthly.xlsx
2004-06-01,fuel-ng-europe-ttf,eu,4.01,https://thedocs.worldbank.org/en/doc/18675f1d1639c7a34d463f59263ba0a2-0050012025/related/CMO-Historical-Data-Monthly.xlsx
2004-07-01,fuel-ng-europe-ttf,eu,4.28,https://thedocs.worldbank.org/en/doc/18675f1d1639c7a34d463f59263ba0a2-0050012025/related/CMO-Historical-Data-Monthly.xlsx
2004-08-01,fuel-ng-europe-ttf,eu,4.34,https://thedocs.worldbank.org/en/doc/18675f1d1639c7a34d463f59263ba0a2-0050012025/related/CMO-Historical-Data-Monthly.xlsx
2004-09-01,fuel-ng-europe-ttf,eu,4.41,https://thedocs.worldbank.org/en/doc/18675f1d1639c7a34d463f59263ba0a2-0050012025/related/CMO-Historical-Data-Monthly.xlsx
2004-10-01,fuel-ng-europe-ttf,eu,4.83,https://thedocs.worldbank.org/en/doc/18675f1d1639c7a34d463f59263ba0a2-0050012025/related/CMO-Historical-Data-Monthly.xlsx
2004-11-01,fuel-ng-europe-ttf,eu,4.96,https://thedocs.worldbank.org/en/doc/18675f1d1639c7a34d463f59263ba0a2-0050012025/related/CMO-Historical-Data-Monthly.xlsx
2004-12-01,fuel-ng-europe-ttf,eu,5.01,https://thedocs.worldbank.org/en/doc/18675f1d1639c7a34d463f59263ba0a2-0050012025/related/CMO-Historical-Data-Monthly.xlsx
2005-01-01,fuel-ng-europe-ttf,eu,5.46,https://thedocs.worldbank.org/en/doc/18675f1d1639c7a34d463f59263ba0a2-0050012025/related/CMO-Historical-Data-Monthly.xlsx
2005-02-01,fuel-ng-europe-ttf,eu,5.49,https://thedocs.worldbank.org/en/doc/18675f1d1639c7a34d463f59263ba0a2-0050012025/related/CMO-Historical-Data-Monthly.xlsx
2005-03-01,fuel-ng-europe-ttf,eu,5.52,https://thedocs.worldbank.org/en/doc/18675f1d1639c7a34d463f59263ba0a2-0050012025/related/CMO-Historical-Data-Monthly.xlsx
2005-04-01,fuel-ng-europe-ttf,eu,5.86,https://thedocs.worldbank.org/en/doc/18675f1d1639c7a34d463f59263ba0a2-0050012025/related/CMO-Historical-Data-Monthly.xlsx
2005-05-01,fuel-ng-europe-ttf,eu,5.89,https://thedocs.worldbank.org/en/doc/18675f1d1639c7a34d463f59263ba0a2-0050012025/related/CMO-Historical-Data-Monthly.xlsx
2005-06-01,fuel-ng-europe-ttf,eu,5.91,https://thedocs.worldbank.org/en/doc/18675f1d1639c7a34d463f59263ba0a2-0050012025/related/CMO-Historical-Data-Monthly.xlsx
2005-07-01,fuel-ng-europe-ttf,eu,6.42,https://thedocs.worldbank.org/en/doc/18675f1d1639c7a34d463f59263ba0a2-0050012025/related/CMO-Historical-Data-Monthly.xlsx
2005-08-01,fuel-ng-europe-ttf,eu,6.56,https://thedocs.worldbank.org/en/doc/18675f1d1639c7a34d463f59263ba0a2-0050012025/related/CMO-Historical-Data-Monthly.xlsx
2005-09-01,fuel-ng-europe-ttf,eu,6.58,https://thedocs.worldbank.org/en/doc/18675f1d1639c7a34d463f59263ba0a2-0050012025/related/CMO-Historical-Data-Monthly.xlsx
2005-10-01,fuel-ng-europe-ttf,eu,7.28,https://thedocs.worldbank.org/en/doc/18675f1d1639c7a34d463f59263ba0a2-0050012025/related/CMO-Historical-Data-Monthly.xlsx
2005-11-01,fuel-ng-europe-ttf,eu,7.46,https://thedocs.worldbank.org/en/doc/18675f1d1639c7a34d463f59263ba0a2-0050012025/related/CMO-Historical-Data-Monthly.xlsx
2005-12-01,fuel-ng-europe-ttf,eu,7.49,https://thedocs.worldbank.org/en/doc/18675f1d1639c7a34d463f59263ba0a2-0050012025/related/CMO-Historical-Data-Monthly.xlsx
2006-01-01,fuel-ng-europe-ttf,eu,7.96,https://thedocs.worldbank.org/en/doc/18675f1d1639c7a34d463f59263ba0a2-0050012025/related/CMO-Historical-Data-Monthly.xlsx
2006-02-01,fuel-ng-europe-ttf,eu,7.95,https://thedocs.worldbank.org/en/doc/18675f1d1639c7a34d463f59263ba0a2-0050012025/related/CMO-Historical-Data-Monthly.xlsx
2006-03-01,fuel-ng-europe-ttf,eu,7.99,https://thedocs.worldbank.org/en/doc/18675f1d1639c7a34d463f59263ba0a2-0050012025/related/CMO-Historical-Data-Monthly.xlsx
2006-04-01,fuel-ng-europe-ttf,eu,8.24,https://thedocs.worldbank.org/en/doc/18675f1d1639c7a34d463f59263ba0a2-0050012025/related/CMO-Historical-Data-Monthly.xlsx
2006-05-01,fuel-ng-europe-ttf,eu,8.28,https://thedocs.worldbank.org/en/doc/18675f1d1639c7a34d463f59263ba0a2-0050012025/related/CMO-Historical-Data-Monthly.xlsx
2006-06-01,fuel-ng-europe-ttf,eu,8.29,https://thedocs.worldbank.org/en/doc/18675f1d1639c7a34d463f59263ba0a2-0050012025/related/CMO-Historical-Data-Monthly.xlsx
2006-07-01,fuel-ng-europe-ttf,eu,8.58,https://thedocs.worldbank.org/en/doc/18675f1d1639c7a34d463f59263ba0a2-0050012025/related/CMO-Historical-Data-Monthly.xlsx
2006-08-01,fuel-ng-europe-ttf,eu,8.71,https://thedocs.worldbank.org/en/doc/18675f1d1639c7a34d463f59263ba0a2-0050012025/related/CMO-Historical-Data-Monthly.xlsx
2006-09-01,fuel-ng-europe-ttf,eu,8.77,https://thedocs.worldbank.org/en/doc/18675f1d1639c7a34d463f59263ba0a2-0050012025/related/CMO-Historical-Data-Monthly.xlsx
2006-10-01,fuel-ng-europe-ttf,eu,8.97,https://thedocs.worldbank.org/en/doc/18675f1d1639c7a34d463f59263ba0a2-0050012025/related/CMO-Historical-Data-Monthly.xlsx
2006-11-01,fuel-ng-europe-ttf,eu,8.99,https://thedocs.worldbank.org/en/doc/18675f1d1639c7a34d463f59263ba0a2-0050012025/related/CMO-Historical-Data-Monthly.xlsx
2006-12-01,fuel-ng-europe-ttf,eu,8.92,https://thedocs.worldbank.org/en/doc/18675f1d1639c7a34d463f59263ba0a2-0050012025/related/CMO-Historical-Data-Monthly.xlsx
2007-01-01,fuel-ng-europe-ttf,eu,8.59,https://thedocs.worldbank.org/en/doc/18675f1d1639c7a34d463f59263ba0a2-0050012025/related/CMO-Historical-Data-Monthly.xlsx
2007-02-01,fuel-ng-europe-ttf,eu,8.56,https://thedocs.worldbank.org/en/doc/18675f1d1639c7a34d463f59263ba0a2-0050012025/related/CMO-Historical-Data-Monthly.xlsx
2007-03-01,fuel-ng-europe-ttf,eu,8.37,https://thedocs.worldbank.org/en/doc/18675f1d1639c7a34d463f59263ba0a2-0050012025/related/CMO-Historical-Data-Monthly.xlsx
2007-04-01,fuel-ng-europe-ttf,eu,8.0,https://thedocs.worldbank.org/en/doc/18675f1d1639c7a34d463f59263ba0a2-0050012025/related/CMO-Historical-Data-Monthly.xlsx
2007-05-01,fuel-ng-europe-ttf,eu,7.98,https://thedocs.worldbank.org/en/doc/18675f1d1639c7a34d463f59263ba0a2-0050012025/related/CMO-Historical-Data-Monthly.xlsx
2007-06-01,fuel-ng-europe-ttf,eu,8.03,https://thedocs.worldbank.org/en/doc/18675f1d1639c7a34d463f59263ba0a2-0050012025/related/CMO-Historical-Data-Monthly.xlsx
2007-07-01,fuel-ng-europe-ttf,eu,8.13,https://thedocs.worldbank.org/en/doc/18675f1d1639c7a34d463f59263ba0a2-0050012025/related/CMO-Historical-Data-Monthly.xlsx
2007-08-01,fuel-ng-europe-ttf,eu,8.34,https://thedocs.worldbank.org/en/doc/18675f1d1639c7a34d463f59263ba0a2-0050012025/related/CMO-Historical-Data-Monthly.xlsx
2007-09-01,fuel-ng-europe-ttf,eu,8.54,https://thedocs.worldbank.org/en/doc/18675f1d1639c7a34d463f59263ba0a2-0050012025/related/CMO-Historical-Data-Monthly.xlsx
2007-10-01,fuel-ng-europe-ttf,eu,9.16,https://thedocs.worldbank.org/en/doc/18675f1d1639c7a34d463f59263ba0a2-0050012025/related/CMO-Historical-Data-Monthly.xlsx
2007-11-01,fuel-ng-europe-ttf,eu,9.47,https://thedocs.worldbank.org/en/doc/18675f1d1639c7a34d463f59263ba0a2-0050012025/related/CMO-Historical-Data-Monthly.xlsx
2007-12-01,fuel-ng-europe-ttf,eu,9.49,https://thedocs.worldbank.org/en/doc/18675f1d1639c7a34d463f59263ba0a2-0050012025/related/CMO-Historical-Data-Monthly.xlsx
2008-01-01,fuel-ng-europe-ttf,eu,10.7,https://thedocs.worldbank.org/en/doc/18675f1d1639c7a34d463f59263ba0a2-0050012025/related/CMO-Historical-Data-Monthly.xlsx
2008-02-01,fuel-ng-europe-ttf,eu,10.84,https://thedocs.worldbank.org/en/doc/18675f1d1639c7a34d463f59263ba0a2-0050012025/related/CMO-Historical-Data-Monthly.xlsx
2008-03-01,fuel-ng-europe-ttf,eu,11.04,https://thedocs.worldbank.org/en/doc/18675f1d1639c7a34d463f59263ba0a2-0050012025/related/CMO-Historical-Data-Monthly.xlsx
2008-04-01,fuel-ng-europe-ttf,eu,12.19,https://thedocs.worldbank.org/en/doc/18675f1d1639c7a34d463f59263ba0a2-0050012025/related/CMO-Historical-Data-Monthly.xlsx
2008-05-01,fuel-ng-europe-ttf,eu,12.38,https://thedocs.worldbank.org/en/doc/18675f1d1639c7a34d463f59263ba0a2-0050012025/related/CMO-Historical-Data-Monthly.xlsx
2008-06-01,fuel-ng-europe-ttf,eu,12.63,https://thedocs.worldbank.org/en/doc/18675f1d1639c7a34d463f59263ba0a2-0050012025/related/CMO-Historical-Data-Monthly.xlsx
2008-07-01,fuel-ng-europe-ttf,eu,14.37,https://thedocs.worldbank.org/en/doc/18675f1d1639c7a34d463f59263ba0a2-0050012025/related/CMO-Historical-Data-Monthly.xlsx
2008-08-01,fuel-ng-europe-ttf,eu,14.64,https://thedocs.worldbank.org/en/doc/18675f1d1639c7a34d463f59263ba0a2-0050012025/related/CMO-Historical-Data-Monthly.xlsx
2008-09-01,fuel-ng-europe-ttf,eu,14.85,https://thedocs.worldbank.org/en/doc/18675f1d1639c7a34d463f59263ba0a2-0050012025/related/CMO-Historical-Data-Monthly.xlsx
2008-10-01,fuel-ng-europe-ttf,eu,15.93,https://thedocs.worldbank.org/en/doc/18675f1d1639c7a34d463f59263ba0a2-0050012025/related/CMO-Historical-Data-Monthly.xlsx
2008-11-01,fuel-ng-europe-ttf,eu,15.81,https://thedocs.worldbank.org/en/doc/18675f1d1639c7a34d463f59263ba0a2-0050012025/related/CMO-Historical-Data-Monthly.xlsx
2008-12-01,fuel-ng-europe-ttf,eu,15.5,https://thedocs.worldbank.org/en/doc/18675f1d1639c7a34d463f59263ba0a2-0050012025/related/CMO-Historical-Data-Monthly.xlsx
2009-01-01,fuel-ng-europe-ttf,eu,13.89,https://thedocs.worldbank.org/en/doc/18675f1d1639c7a34d463f59263ba0a2-0050012025/related/CMO-Historical-Data-Monthly.xlsx
2009-02-01,fuel-ng-europe-ttf,eu,11.04,https://thedocs.worldbank.org/en/doc/18675f1d1639c7a34d463f59263ba0a2-0050012025/related/CMO-Historical-Data-Monthly.xlsx
2009-03-01,fuel-ng-europe-ttf,eu,10.9,https://thedocs.worldbank.org/en/doc/18675f1d1639c7a34d463f59263ba0a2-0050012025/related/CMO-Historical-Data-Monthly.xlsx
2009-04-01,fuel-ng-europe-ttf,eu,8.51,https://thedocs.worldbank.org/en/doc/18675f1d1639c7a34d463f59263ba0a2-0050012025/related/CMO-Historical-Data-Monthly.xlsx
2009-05-01,fuel-ng-europe-ttf,eu,8.09,https://thedocs.worldbank.org/en/doc/18675f1d1639c7a34d463f59263ba0a2-0050012025/related/CMO-Historical-Data-Monthly.xlsx
2009-06-01,fuel-ng-europe-ttf,eu,7.95,https://thedocs.worldbank.org/en/doc/18675f1d1639c7a34d463f59263ba0a2-0050012025/related/CMO-Historical-Data-Monthly.xlsx
2009-07-01,fuel-ng-europe-ttf,eu,6.67,https://thedocs.worldbank.org/en/doc/18675f1d1639c7a34d463f59263ba0a2-0050012025/related/CMO-Historical-Data-Monthly.xlsx
2009-08-01,fuel-ng-europe-ttf,eu,6.92,https://thedocs.worldbank.org/en/doc/18675f1d1639c7a34d463f59263ba0a2-0050012025/related/CMO-Historical-Data-Monthly.xlsx
2009-09-01,fuel-ng-europe-ttf,eu,7.13,https://thedocs.worldbank.org/en/doc/18675f1d1639c7a34d463f59263ba0a2-0050012025/related/CMO-Historical-Data-Monthly.xlsx
2009-10-01,fuel-ng-europe-ttf,eu,7.6,https://thedocs.worldbank.org/en/doc/18675f1d1639c7a34d463f59263ba0a2-0050012025/related/CMO-Historical-Data-Monthly.xlsx
2009-11-01,fuel-ng-europe-ttf,eu,7.81,https://thedocs.worldbank.org/en/doc/18675f1d1639c7a34d463f59263ba0a2-0050012025/related/CMO-Historical-Data-Monthly.xlsx
2009-12-01,fuel-ng-europe-ttf,eu,8.01,https://thedocs.worldbank.org/en/doc/18675f1d1639c7a34d463f59263ba0a2-0050012025/related/CMO-Historical-Data-Monthly.xlsx
2010-01-01,fuel-ng-europe-ttf,eu,8.8,https://thedocs.worldbank.org/en/doc/18675f1d1639c7a34d463f59263ba0a2-0050012025/related/CMO-Historical-Data-Monthly.xlsx
2010-02-01,fuel-ng-europe-ttf,eu,8.8,https://thedocs.worldbank.org/en/doc/18675f1d1639c7a34d463f59263ba0a2-0050012025/related/CMO-Historical-Data-Monthly.xlsx
2010-03-01,fuel-ng-europe-ttf,eu,8.93,https://thedocs.worldbank.org/en/doc/18675f1d1639c7a34d463f59263ba0a2-0050012025/related/CMO-Historical-Data-Monthly.xlsx
2010-04-01,fuel-ng-europe-ttf,eu,7.52,https://thedocs.worldbank.org/en/doc/18675f1d1639c7a34d463f59263ba0a2-0050012025/related/CMO-Historical-Data-Monthly.xlsx
2010-05-01,fuel-ng-europe-ttf,eu,7.27,https://thedocs.worldbank.org/en/doc/18675f1d1639c7a34d463f59263ba0a2-0050012025/related/CMO-Historical-Data-Monthly.xlsx
2010-06-01,fuel-ng-europe-ttf,eu,7.74,https://thedocs.worldbank.org/en/doc/18675f1d1639c7a34d463f59263ba0a2-0050012025/related/CMO-Historical-Data-Monthly.xlsx
2010-07-01,fuel-ng-europe-ttf,eu,8.04,https://thedocs.worldbank.org/en/doc/18675f1d1639c7a34d463f59263ba0a2-0050012025/related/CMO-Historical-Data-Monthly.xlsx
2010-08-01,fuel-ng-europe-ttf,eu,8.45,https://thedocs.worldbank.org/en/doc/18675f1d1639c7a34d463f59263ba0a2-0050012025/related/CMO-Historical-Data-Monthly.xlsx
2010-09-01,fuel-ng-europe-ttf,eu,8.28,https://thedocs.worldbank.org/en/doc/18675f1d1639c7a34d463f59263ba0a2-0050012025/related/CMO-Historical-Data-Monthly.xlsx
2010-10-01,fuel-ng-europe-ttf,eu,8.29,https://thedocs.worldbank.org/en/doc/18675f1d1639c7a34d463f59263ba0a2-0050012025/related/CMO-Historical-Data-Monthly.xlsx
2010-11-01,fuel-ng-europe-ttf,eu,8.59,https://thedocs.worldbank.org/en/doc/18675f1d1639c7a34d463f59263ba0a2-0050012025/related/CMO-Historical-Data-Monthly.xlsx
2010-12-01,fuel-ng-europe-ttf,eu,8.74,https://thedocs.worldbank.org/en/doc/18675f1d1639c7a34d463f59263ba0a2-0050012025/related/CMO-Historical-Data-Monthly.xlsx
2011-01-01,fuel-ng-europe-ttf,eu,9.61,https://thedocs.worldbank.org/en/doc/18675f1d1639c7a34d463f59263ba0a2-0050012025/related/CMO-Historical-Data-Monthly.xlsx
2011-02-01,fuel-ng-europe-ttf,eu,9.36,https://thedocs.worldbank.org/en/doc/18675f1d1639c7a34d463f59263ba0a2-0050012025/related/CMO-Historical-Data-Monthly.xlsx
2011-03-01,fuel-ng-europe-ttf,eu,9.37,https://thedocs.worldbank.org/en/doc/18675f1d1639c7a34d463f59263ba0a2-0050012025/related/CMO-Historical-Data-Monthly.xlsx
2011-04-01,fuel-ng-europe-ttf,eu,10.36,https://thedocs.worldbank.org/en/doc/18675f1d1639c7a34d463f59263ba0a2-0050012025/related/CMO-Historical-Data-Monthly.xlsx
2011-05-01,fuel-ng-europe-ttf,eu,10.3,https://thedocs.worldbank.org/en/doc/18675f1d1639c7a34d463f59263ba0a2-0050012025/related/CMO-Historical-Data-Monthly.xlsx
2011-06-01,fuel-ng-europe-ttf,eu,10.26,https://thedocs.worldbank.org/en/doc/18675f1d1639c7a34d463f59263ba0a2-0050012025/related/CMO-Historical-Data-Monthly.xlsx
2011-07-01,fuel-ng-europe-ttf,eu,10.99,https://thedocs.worldbank.org/en/doc/18675f1d1639c7a34d463f59263ba0a2-0050012025/related/CMO-Historical-Data-Monthly.xlsx
2011-08-01,fuel-ng-europe-ttf,eu,10.81,https://thedocs.worldbank.org/en/doc/18675f1d1639c7a34d463f59263ba0a2-0050012025/related/CMO-Historical-Data-Monthly.xlsx
2011-09-01,fuel-ng-europe-ttf,eu,10.85,https://thedocs.worldbank.org/en/doc/18675f1d1639c7a34d463f59263ba0a2-0050012025/related/CMO-Historical-Data-Monthly.xlsx
2011-10-01,fuel-ng-europe-ttf,eu,11.42,https://thedocs.worldbank.org/en/doc/18675f1d1639c7a34d463f59263ba0a2-0050012025/related/CMO-Historical-Data-Monthly.xlsx
2011-11-01,fuel-ng-europe-ttf,eu,11.32,https://thedocs.worldbank.org/en/doc/18675f1d1639c7a34d463f59263ba0a2-0050012025/related/CMO-Historical-Data-Monthly.xlsx
2011-12-01,fuel-ng-europe-ttf,eu,11.53,https://thedocs.worldbank.org/en/doc/18675f1d1639c7a34d463f59263ba0a2-0050012025/related/CMO-Historical-Data-Monthly.xlsx
2012-01-01,fuel-ng-europe-ttf,eu,11.45,https://thedocs.worldbank.org/en/doc/18675f1d1639c7a34d463f59263ba0a2-0050012025/related/CMO-Historical-Data-Monthly.xlsx
2012-02-01,fuel-ng-europe-ttf,eu,11.12,https://thedocs.worldbank.org/en/doc/18675f1d1639c7a34d463f59263ba0a2-0050012025/related/CMO-Historical-Data-Monthly.xlsx
2012-03-01,fuel-ng-europe-ttf,eu,11.97,https://thedocs.worldbank.org/en/doc/18675f1d1639c7a34d463f59263ba0a2-0050012025/related/CMO-Historical-Data-Monthly.xlsx
2012-04-01,fuel-ng-europe-ttf,eu,11.42,https://thedocs.worldbank.org/en/doc/18675f1d1639c7a34d463f59263ba0a2-0050012025/related/CMO-Historical-Data-Monthly.xlsx
2012-05-01,fuel-ng-europe-ttf,eu,11.64,https://thedocs.worldbank.org/en/doc/18675f1d1639c7a34d463f59263ba0a2-0050012025/related/CMO-Historical-Data-Monthly.xlsx
2012-06-01,fuel-ng-europe-ttf,eu,11.49,https://thedocs.worldbank.org/en/doc/18675f1d1639c7a34d463f59263ba0a2-0050012025/related/CMO-Historical-Data-Monthly.xlsx
2012-07-01,fuel-ng-europe-ttf,eu,11.13,https://thedocs.worldbank.org/en/doc/18675f1d1639c7a34d463f59263ba0a2-0050012025/related/CMO-Historical-Data-Monthly.xlsx
2012-08-01,fuel-ng-europe-ttf,eu,11.18,https://thedocs.worldbank.org/en/doc/18675f1d1639c7a34d463f59263ba0a2-0050012025/related/CMO-Historical-Data-Monthly.xlsx
2012-09-01,fuel-ng-europe-ttf,eu,11.08,https://thedocs.worldbank.org/en/doc/18675f1d1639c7a34d463f59263ba0a2-0050012025/related/CMO-Historical-Data-Monthly.xlsx
2012-10-01,fuel-ng-europe-ttf,eu,11.58,https://thedocs.worldbank.org/en/doc/18675f1d1639c7a34d463f59263ba0a2-0050012025/related/CMO-Historical-Data-Monthly.xlsx
2012-11-01,fuel-ng-europe-ttf,eu,11.83,https://thedocs.worldbank.org/en/doc/18675f1d1639c7a34d463f59263ba0a2-0050012025/related/CMO-Historical-Data-Monthly.xlsx
2012-12-01,fuel-ng-europe-ttf,eu,11.79,https://thedocs.worldbank.org/en/doc/18675f1d1639c7a34d463f59263ba0a2-0050012025/related/CMO-Historical-Data-Monthly.xlsx
2013-01-01,fuel-ng-europe-ttf,eu,11.87,https://thedocs.worldbank.org/en/doc/18675f1d1639c7a34d463f59263ba0a2-0050012025/related/CMO-Historical-Data-Monthly.xlsx
2013-02-01,fuel-ng-europe-ttf,eu,11.77,https://thedocs.worldbank.org/en/doc/18675f1d1639c7a34d463f59263ba0a2-0050012025/related/CMO-Historical-Data-Monthly.xlsx
2013-03-01,fuel-ng-europe-ttf,eu,11.87,https://thedocs.worldbank.org/en/doc/18675f1d1639c7a34d463f59263ba0a2-0050012025/related/CMO-Historical-Data-Monthly.xlsx
2013-04-01,fuel-ng-europe-ttf,eu,12.88,https://thedocs.worldbank.org/en/doc/18675f1d1639c7a34d463f59263ba0a2-0050012025/related/CMO-Historical-Data-Monthly.xlsx
2013-05-01,fuel-ng-europe-ttf,eu,12.29,https://thedocs.worldbank.org/en/doc/18675f1d1639c7a34d463f59263ba0a2-0050012025/related/CMO-Historical-Data-Monthly.xlsx
2013-06-01,fuel-ng-europe-ttf,eu,11.92,https://thedocs.worldbank.org/en/doc/18675f1d1639c7a34d463f59263ba0a2-0050012025/related/CMO-Historical-Data-Monthly.xlsx
2013-07-01,fuel-ng-europe-ttf,eu,11.6,https://thedocs.worldbank.org/en/doc/18675f1d1639c7a34d463f59263ba0a2-0050012025/related/CMO-Historical-Data-Monthly.xlsx
2013-08-01,fuel-ng-europe-ttf,eu,11.64,https://thedocs.worldbank.org/en/doc/18675f1d1639c7a34d463f59263ba0a2-0050012025/related/CMO-Historical-Data-Monthly.xlsx
2013-09-01,fuel-ng-europe-ttf,eu,11.25,https://thedocs.worldbank.org/en/doc/18675f1d1639c7a34d463f59263ba0a2-0050012025/related/CMO-Historical-Data-Monthly.xlsx
2013-10-01,fuel-ng-europe-ttf,eu,11.37,https://thedocs.worldbank.org/en/doc/18675f1d1639c7a34d463f59263ba0a2-0050012025/related/CMO-Historical-Data-Monthly.xlsx
2013-11-01,fuel-ng-europe-ttf,eu,11.42,https://thedocs.worldbank.org/en/doc/18675f1d1639c7a34d463f59263ba0a2-0050012025/related/CMO-Historical-Data-Monthly.xlsx
2013-12-01,fuel-ng-europe-ttf,eu,11.55,https://thedocs.worldbank.org/en/doc/18675f1d1639c7a34d463f59263ba0a2-0050012025/related/CMO-Historical-Data-Monthly.xlsx
2014-01-01,fuel-ng-europe-ttf,eu,11.59,https://thedocs.worldbank.org/en/doc/18675f1d1639c7a34d463f59263ba0a2-0050012025/related/CMO-Historical-Data-Monthly.xlsx
2014-02-01,fuel-ng-europe-ttf,eu,11.3,https://thedocs.worldbank.org/en/doc/18675f1d1639c7a34d463f59263ba0a2-0050012025/related/CMO-Historical-Data-Monthly.xlsx
2014-03-01,fuel-ng-europe-ttf,eu,10.88,https://thedocs.worldbank.org/en/doc/18675f1d1639c7a34d463f59263ba0a2-0050012025/related/CMO-Historical-Data-Monthly.xlsx
2014-04-01,fuel-ng-europe-ttf,eu,10.73,https://thedocs.worldbank.org/en/doc/18675f1d1639c7a34d463f59263ba0a2-0050012025/related/CMO-Historical-Data-Monthly.xlsx
2014-05-01,fuel-ng-europe-ttf,eu,10.2,https://thedocs.worldbank.org/en/doc/18675f1d1639c7a34d463f59263ba0a2-0050012025/related/CMO-Historical-Data-Monthly.xlsx
2014-06-01,fuel-ng-europe-ttf,eu,9.77,https://thedocs.worldbank.org/en/doc/18675f1d1639c7a34d463f59263ba0a2-0050012025/related/CMO-Historical-Data-Monthly.xlsx
2014-07-01,fuel-ng-europe-ttf,eu,9.27,https://thedocs.worldbank.org/en/doc/18675f1d1639c7a34d463f59263ba0a2-0050012025/related/CMO-Historical-Data-Monthly.xlsx
2014-08-01,fuel-ng-europe-ttf,eu,9.14,https://thedocs.worldbank.org/en/doc/18675f1d1639c7a34d463f59263ba0a2-0050012025/related/CMO-Historical-Data-Monthly.xlsx
2014-09-01,fuel-ng-europe-ttf,eu,9.24,https://thedocs.worldbank.org/en/doc/18675f1d1639c7a34d463f59263ba0a2-0050012025/related/CMO-Historical-Data-Monthly.xlsx
2014-10-01,fuel-ng-europe-ttf,eu,9.77,https://thedocs.worldbank.org/en/doc/18675f1d1639c7a34d463f59263ba0a2-0050012025/related/CMO-Historical-Data-Monthly.xlsx
2014-11-01,fuel-ng-europe-ttf,eu,8.9,https://thedocs.worldbank.org/en/doc/18675f1d1639c7a34d463f59263ba0a2-0050012025/related/CMO-Historical-Data-Monthly.xlsx
2014-12-01,fuel-ng-europe-ttf,eu,9.83,https://thedocs.worldbank.org/en/doc/18675f1d1639c7a34d463f59263ba0a2-0050012025/related/CMO-Historical-Data-Monthly.xlsx
2015-01-01,fuel-ng-europe-ttf,eu,9.25,https://thedocs.worldbank.org/en/doc/18675f1d1639c7a34d463f59263ba0a2-0050012025/related/CMO-Historical-Data-Monthly.xlsx
2015-02-01,fuel-ng-europe-ttf,eu,8.27,https://thedocs.worldbank.org/en/doc/18675f1d1639c7a34d463f59263ba0a2-0050012025/related/CMO-Historical-Data-Monthly.xlsx
2015-03-01,fuel-ng-europe-ttf,eu,8.27,https://thedocs.worldbank.org/en/doc/18675f1d1639c7a34d463f59263ba0a2-0050012025/related/CMO-Historical-Data-Monthly.xlsx
2015-04-01,fuel-ng-europe-ttf,eu,6.77444566675,https://thedocs.worldbank.org/en/doc/18675f1d1639c7a34d463f59263ba0a2-0050012025/related/CMO-Historical-Data-Monthly.xlsx
2015-05-01,fuel-ng-europe-ttf,eu,6.68399731108,https://thedocs.worldbank.org/en/doc/18675f1d1639c7a34d463f59263ba0a2-0050012025/related/CMO-Historical-Data-Monthly.xlsx
2015-06-01,fuel-ng-europe-ttf,eu,6.66672592954,https://thedocs.worldbank.org/en/doc/18675f1d1639c7a34d463f59263ba0a2-0050012025/related/CMO-Historical-Data-Monthly.xlsx
2015-07-01,fuel-ng-europe-ttf,eu,6.69403713465,https://thedocs.worldbank.org/en/doc/18675f1d1639c7a34d463f59263ba0a2-0050012025/related/CMO-Historical-Data-Monthly.xlsx
2015-08-01,fuel-ng-europe-ttf,eu,6.34573758328,https://thedocs.worldbank.org/en/doc/18675f1d1639c7a34d463f59263ba0a2-0050012025/related/CMO-Historical-Data-Monthly.xlsx
2015-09-01,fuel-ng-europe-ttf,eu,6.27869866034,https://thedocs.worldbank.org/en/doc/18675f1d1639c7a34d463f59263ba0a2-0050012025/related/CMO-Historical-Data-Monthly.xlsx
2015-10-01,fuel-ng-europe-ttf,eu,6.0269578206,https://thedocs.worldbank.org/en/doc/18675f1d1639c7a34d463f59263ba0a2-0050012025/related/CMO-Historical-Data-Monthly.xlsx
2015-11-01,fuel-ng-europe-ttf,eu,5.50083385123,https://thedocs.worldbank.org/en/doc/18675f1d1639c7a34d463f59263ba0a2-0050012025/related/CMO-Historical-Data-Monthly.xlsx
2015-12-01,fuel-ng-europe-ttf,eu,5.09276298262,https://thedocs.worldbank.org/en/doc/18675f1d1639c7a34d463f59263ba0a2-0050012025/related/CMO-Historical-Data-Monthly.xlsx
2016-01-01,fuel-ng-europe-ttf,eu,4.39818627541,https://thedocs.worldbank.org/en/doc/18675f1d1639c7a34d463f59263ba0a2-0050012025/related/CMO-Historical-Data-Monthly.xlsx
2016-02-01,fuel-ng-europe-ttf,eu,3.96837858928,https://thedocs.worldbank.org/en/doc/18675f1d1639c7a34d463f59263ba0a2-0050012025/related/CMO-Historical-Data-Monthly.xlsx
2016-03-01,fuel-ng-europe-ttf,eu,3.9101802431,https://thedocs.worldbank.org/en/doc/18675f1d1639c7a34d463f59263ba0a2-0050012025/related/CMO-Historical-Data-Monthly.xlsx
2016-04-01,fuel-ng-europe-ttf,eu,3.97007508979,https://thedocs.worldbank.org/en/doc/18675f1d1639c7a34d463f59263ba0a2-0050012025/related/CMO-Historical-Data-Monthly.xlsx
2016-05-01,fuel-ng-europe-ttf,eu,4.32919186506,https://thedocs.worldbank.org/en/doc/18675f1d1639c7a34d463f59263ba0a2-0050012025/related/CMO-Historical-Data-Monthly.xlsx
2016-06-01,fuel-ng-europe-ttf,eu,4.75572046689,https://thedocs.worldbank.org/en/doc/18675f1d1639c7a34d463f59263ba0a2-0050012025/related/CMO-Historical-Data-Monthly.xlsx
2016-07-01,fuel-ng-europe-ttf,eu,4.67473769135,https://thedocs.worldbank.org/en/doc/18675f1d1639c7a34d463f59263ba0a2-0050012025/related/CMO-Historical-Data-Monthly.xlsx
2016-08-01,fuel-ng-europe-ttf,eu,4.0474899302,https://thedocs.worldbank.org/en/doc/18675f1d1639c7a34d463f59263ba0a2-0050012025/related/CMO-Historical-Data-Monthly.xlsx
2016-09-01,fuel-ng-europe-ttf,eu,4.25361416995,https://thedocs.worldbank.org/en/doc/18675f1d1639c7a34d463f59263ba0a2-0050012025/related/CMO-Historical-Data-Monthly.xlsx
2016-10-01,fuel-ng-europe-ttf,eu,5.33681888345,https://thedocs.worldbank.org/en/doc/18675f1d1639c7a34d463f59263ba0a2-0050012025/related/CMO-Historical-Data-Monthly.xlsx
2016-11-01,fuel-ng-europe-ttf,eu,5.69317950115,https://thedocs.worldbank.org/en/doc/18675f1d1639c7a34d463f59263ba0a2-0050012025/related/CMO-Historical-Data-Monthly.xlsx
2016-12-01,fuel-ng-europe-ttf,eu,5.4235014224,https://thedocs.worldbank.org/en/doc/18675f1d1639c7a34d463f59263ba0a2-0050012025/related/CMO-Historical-Data-Monthly.xlsx
2017-01-01,fuel-ng-europe-ttf,eu,6.1443492548,https://thedocs.worldbank.org/en/doc/18675f1d1639c7a34d463f59263ba0a2-0050012025/related/CMO-Historical-Data-Monthly.xlsx
2017-02-01,fuel-ng-europe-ttf,eu,6.0515836448,https://thedocs.worldbank.org/en/doc/18675f1d1639c7a34d463f59263ba0a2-0050012025/related/CMO-Historical-Data-Monthly.xlsx
2017-03-01,fuel-ng-europe-ttf,eu,5.00094507654,https://thedocs.worldbank.org/en/doc/18675f1d1639c7a34d463f59263ba0a2-0050012025/related/CMO-Historical-Data-Monthly.xlsx
2017-04-01,fuel-ng-europe-ttf,eu,5.0109139183,https://thedocs.worldbank.org/en/doc/18675f1d1639c7a34d463f59263ba0a2-0050012025/related/CMO-Historical-Data-Monthly.xlsx
2017-05-01,fuel-ng-europe-ttf,eu,5.05843597847,https://thedocs.worldbank.org/en/doc/18675f1d1639c7a34d463f59263ba0a2-0050012025/related/CMO-Historical-Data-Monthly.xlsx
2017-06-01,fuel-ng-europe-ttf,eu,4.88676678563,https://thedocs.worldbank.org/en/doc/18675f1d1639c7a34d463f59263ba0a2-0050012025/related/CMO-Historical-Data-Monthly.xlsx
2017-07-01,fuel-ng-europe-ttf,eu,5.00392083226,https://thedocs.worldbank.org/en/doc/18675f1d1639c7a34d463f59263ba0a2-0050012025/related/CMO-Historical-Data-Monthly.xlsx
2017-08-01,fuel-ng-europe-ttf,eu,5.47660118187,https://thedocs.worldbank.org/en/doc/18675f1d1639c7a34d463f59263ba0a2-0050012025/related/CMO-Historical-Data-Monthly.xlsx
2017-09-01,fuel-ng-europe-ttf,eu,5.96114997199,https://thedocs.worldbank.org/en/doc/18675f1d1639c7a34d463f59263ba0a2-0050012025/related/CMO-Historical-Data-Monthly.xlsx
2017-10-01,fuel-ng-europe-ttf,eu,6.17632034854,https://thedocs.worldbank.org/en/doc/18675f1d1639c7a34d463f59263ba0a2-0050012025/related/CMO-Historical-Data-Monthly.xlsx
2017-11-01,fuel-ng-europe-ttf,eu,6.69459903982,https://thedocs.worldbank.org/en/doc/18675f1d1639c7a34d463f59263ba0a2-0050012025/related/CMO-Historical-Data-Monthly.xlsx
2017-12-01,fuel-ng-europe-ttf,eu,7.13893361413,https://thedocs.worldbank.org/en/doc/18675f1d1639c7a34d463f59263ba0a2-0050012025/related/CMO-Historical-Data-Monthly.xlsx
2018-01-01,fuel-ng-europe-ttf,eu,6.66225501314,https://thedocs.worldbank.org/en/doc/18675f1d1639c7a34d463f59263ba0a2-0050012025/related/CMO-Historical-Data-Monthly.xlsx
2018-02-01,fuel-ng-europe-ttf,eu,6.7187497665,https://thedocs.worldbank.org/en/doc/18675f1d1639c7a34d463f59263ba0a2-0050012025/related/CMO-Historical-Data-Monthly.xlsx
2018-03-01,fuel-ng-europe-ttf,eu,6.69738764036,https://thedocs.worldbank.org/en/doc/18675f1d1639c7a34d463f59263ba0a2-0050012025/related/CMO-Historical-Data-Monthly.xlsx
2018-04-01,fuel-ng-europe-ttf,eu,6.92785820242,https://thedocs.worldbank.org/en/doc/18675f1d1639c7a34d463f59263ba0a2-0050012025/related/CMO-Historical-Data-Monthly.xlsx
2018-05-01,fuel-ng-europe-ttf,eu,7.48735405732,https://thedocs.worldbank.org/en/doc/18675f1d1639c7a34d463f59263ba0a2-0050012025/related/CMO-Historical-Data-Monthly.xlsx
2018-06-01,fuel-ng-europe-ttf,eu,7.44894284404,https://thedocs.worldbank.org/en/doc/18675f1d1639c7a34d463f59263ba0a2-0050012025/related/CMO-Historical-Data-Monthly.xlsx
2018-07-01,fuel-ng-europe-ttf,eu,7.59883923025,https://thedocs.worldbank.org/en/doc/18675f1d1639c7a34d463f59263ba0a2-0050012025/related/CMO-Historical-Data-Monthly.xlsx
2018-08-01,fuel-ng-europe-ttf,eu,8.08490993844,https://thedocs.worldbank.org/en/doc/18675f1d1639c7a34d463f59263ba0a2-0050012025/related/CMO-Historical-Data-Monthly.xlsx
2018-09-01,fuel-ng-europe-ttf,eu,9.52157703121,https://thedocs.worldbank.org/en/doc/18675f1d1639c7a34d463f59263ba0a2-0050012025/related/CMO-Historical-Data-Monthly.xlsx
2018-10-01,fuel-ng-europe-ttf,eu,8.79096072974,https://thedocs.worldbank.org/en/doc/18675f1d1639c7a34d463f59263ba0a2-0050012025/related/CMO-Historical-Data-Monthly.xlsx
2018-11-01,fuel-ng-europe-ttf,eu,8.26507901291,https://thedocs.worldbank.org/en/doc/18675f1d1639c7a34d463f59263ba0a2-0050012025/related/CMO-Historical-Data-Monthly.xlsx
2018-12-01,fuel-ng-europe-ttf,eu,7.97624238009,https://thedocs.worldbank.org/en/doc/18675f1d1639c7a34d463f59263ba0a2-0050012025/related/CMO-Historical-Data-Monthly.xlsx
2019-01-01,fuel-ng-europe-ttf,eu,7.26234323345,https://thedocs.worldbank.org/en/doc/18675f1d1639c7a34d463f59263ba0a2-0050012025/related/CMO-Historical-Data-Monthly.xlsx
2019-02-01,fuel-ng-europe-ttf,eu,6.0057971222,https://thedocs.worldbank.org/en/doc/18675f1d1639c7a34d463f59263ba0a2-0050012025/related/CMO-Historical-Data-Monthly.xlsx
2019-03-01,fuel-ng-europe-ttf,eu,5.17873567413,https://thedocs.worldbank.org/en/doc/18675f1d1639c7a34d463f59263ba0a2-0050012025/related/CMO-Historical-Data-Monthly.xlsx
2019-04-01,fuel-ng-europe-ttf,eu,4.92218081968,https://thedocs.worldbank.org/en/doc/18675f1d1639c7a34d463f59263ba0a2-0050012025/related/CMO-Historical-Data-Monthly.xlsx
2019-05-01,fuel-ng-europe-ttf,eu,4.34105529405,https://thedocs.worldbank.org/en/doc/18675f1d1639c7a34d463f59263ba0a2-0050012025/related/CMO-Historical-Data-Monthly.xlsx
2019-06-01,fuel-ng-europe-ttf,eu,3.58800651227,https://thedocs.worldbank.org/en/doc/18675f1d1639c7a34d463f59263ba0a2-0050012025/related/CMO-Historical-Data-Monthly.xlsx
2019-07-01,fuel-ng-europe-ttf,eu,3.62037140561,https://thedocs.worldbank.org/en/doc/18675f1d1639c7a34d463f59263ba0a2-0050012025/related/CMO-Historical-Data-Monthly.xlsx
2019-08-01,fuel-ng-europe-ttf,eu,3.67677516041,https://thedocs.worldbank.org/en/doc/18675f1d1639c7a34d463f59263ba0a2-0050012025/related/CMO-Historical-Data-Monthly.xlsx
2019-09-01,fuel-ng-europe-ttf,eu,4.20525568494,https://thedocs.worldbank.org/en/doc/18675f1d1639c7a34d463f59263ba0a2-0050012025/related/CMO-Historical-Data-Monthly.xlsx
2019-10-01,fuel-ng-europe-ttf,eu,5.05721785787,https://thedocs.worldbank.org/en/doc/18675f1d1639c7a34d463f59263ba0a2-0050012025/related/CMO-Historical-Data-Monthly.xlsx
2019-11-01,fuel-ng-europe-ttf,eu,5.15000421731,https://thedocs.worldbank.org/en/doc/18675f1d1639c7a34d463f59263ba0a2-0050012025/related/CMO-Historical-Data-Monthly.xlsx
2019-12-01,fuel-ng-europe-ttf,eu,4.62047221239,https://thedocs.worldbank.org/en/doc/18675f1d1639c7a34d463f59263ba0a2-0050012025/related/CMO-Historical-Data-Monthly.xlsx
2020-01-01,fuel-ng-europe-ttf,eu,3.63338434727,https://thedocs.worldbank.org/en/doc/18675f1d1639c7a34d463f59263ba0a2-0050012025/related/CMO-Historical-Data-Monthly.xlsx
2020-02-01,fuel-ng-europe-ttf,eu,2.90777364106,https://thedocs.worldbank.org/en/doc/18675f1d1639c7a34d463f59263ba0a2-0050012025/related/CMO-Historical-Data-Monthly.xlsx
2020-03-01,fuel-ng-europe-ttf,eu,2.71886838175,https://thedocs.worldbank.org/en/doc/18675f1d1639c7a34d463f59263ba0a2-0050012025/related/CMO-Historical-Data-Monthly.xlsx
2020-04-01,fuel-ng-europe-ttf,eu,2.12031866732,https://thedocs.worldbank.org/en/doc/18675f1d1639c7a34d463f59263ba0a2-0050012025/related/CMO-Historical-Data-Monthly.xlsx
2020-05-01,fuel-ng-europe-ttf,eu,1.57516497792,https://thedocs.worldbank.org/en/doc/18675f1d1639c7a34d463f59263ba0a2-0050012025/related/CMO-Historical-Data-Monthly.xlsx
2020-06-01,fuel-ng-europe-ttf,eu,1.75217111218,https://thedocs.worldbank.org/en/doc/18675f1d1639c7a34d463f59263ba0a2-0050012025/related/CMO-Historical-Data-Monthly.xlsx
2020-07-01,fuel-ng-europe-ttf,eu,1.80103549647,https://thedocs.worldbank.org/en/doc/18675f1d1639c7a34d463f59263ba0a2-0050012025/related/CMO-Historical-Data-Monthly.xlsx
2020-08-01,fuel-ng-europe-ttf,eu,2.86189667673,https://thedocs.worldbank.org/en/doc/18675f1d1639c7a34d463f59263ba0a2-0050012025/related/CMO-Historical-Data-Monthly.xlsx
2020-09-01,fuel-ng-europe-ttf,eu,3.95213946267,https://thedocs.worldbank.org/en/doc/18675f1d1639c7a34d463f59263ba0a2-0050012025/related/CMO-Historical-Data-Monthly.xlsx
2020-10-01,fuel-ng-europe-ttf,eu,4.88959040816,https://thedocs.worldbank.org/en/doc/18675f1d1639c7a34d463f59263ba0a2-0050012025/related/CMO-Historical-Data-Monthly.xlsx
2020-11-01,fuel-ng-europe-ttf,eu,4.83583900516,https://thedocs.worldbank.org/en/doc/18675f1d1639c7a34d463f59263ba0a2-0050012025/related/CMO-Historical-Data-Monthly.xlsx
2020-12-01,fuel-ng-europe-ttf,eu,5.85610629604,https://thedocs.worldbank.org/en/doc/18675f1d1639c7a34d463f59263ba0a2-0050012025/related/CMO-Historical-Data-Monthly.xlsx
2021-01-01,fuel-ng-europe-ttf,eu,7.2683017493,https://thedocs.worldbank.org/en/doc/18675f1d1639c7a34d463f59263ba0a2-0050012025/related/CMO-Historical-Data-Monthly.xlsx
2021-02-01,fuel-ng-europe-ttf,eu,6.15850716652,https://thedocs.worldbank.org/en/doc/18675f1d1639c7a34d463f59263ba0a2-0050012025/related/CMO-Historical-Data-Monthly.xlsx
2021-03-01,fuel-ng-europe-ttf,eu,6.12706957935,https://thedocs.worldbank.org/en/doc/18675f1d1639c7a34d463f59263ba0a2-0050012025/related/CMO-Historical-Data-Monthly.xlsx
2021-04-01,fuel-ng-europe-ttf,eu,7.14681628809,https://thedocs.worldbank.org/en/doc/18675f1d1639c7a34d463f59263ba0a2-0050012025/related/CMO-Historical-Data-Monthly.xlsx
2021-05-01,fuel-ng-europe-ttf,eu,8.90875692439,https://thedocs.worldbank.org/en/doc/18675f1d1639c7a34d463f59263ba0a2-0050012025/related/CMO-Historical-Data-Monthly.xlsx
2021-06-01,fuel-ng-europe-ttf,eu,10.30105100564,https://thedocs.worldbank.org/en/doc/18675f1d1639c7a34d463f59263ba0a2-0050012025/related/CMO-Historical-Data-Monthly.xlsx
2021-07-01,fuel-ng-europe-ttf,eu,12.50994243239,https://thedocs.worldbank.org/en/doc/18675f1d1639c7a34d463f59263ba0a2-0050012025/related/CMO-Historical-Data-Monthly.xlsx
2021-08-01,fuel-ng-europe-ttf,eu,15.42647593843,https://thedocs.worldbank.org/en/doc/18675f1d1639c7a34d463f59263ba0a2-0050012025/related/CMO-Historical-Data-Monthly.xlsx
2021-09-01,fuel-ng-europe-ttf,eu,22.84059607792,https://thedocs.worldbank.org/en/doc/18675f1d1639c7a34d463f59263ba0a2-0050012025/related/CMO-Historical-Data-Monthly.xlsx
2021-10-01,fuel-ng-europe-ttf,eu,31.05246636754,https://thedocs.worldbank.org/en/doc/18675f1d1639c7a34d463f59263ba0a2-0050012025/related/CMO-Historical-Data-Monthly.xlsx
2021-11-01,fuel-ng-europe-ttf,eu,27.62343200775,https://thedocs.worldbank.org/en/doc/18675f1d1639c7a34d463f59263ba0a2-0050012025/related/CMO-Historical-Data-Monthly.xlsx
2021-12-01,fuel-ng-europe-ttf,eu,38.02711984318,https://thedocs.worldbank.org/en/doc/18675f1d1639c7a34d463f59263ba0a2-0050012025/related/CMO-Historical-Data-Monthly.xlsx
2022-01-01,fuel-ng-europe-ttf,eu,28.26067331655,https://thedocs.worldbank.org/en/doc/18675f1d1639c7a34d463f59263ba0a2-0050012025/related/CMO-Historical-Data-Monthly.xlsx
2022-02-01,fuel-ng-europe-ttf,eu,27.2297159067,https://thedocs.worldbank.org/en/doc/18675f1d1639c7a34d463f59263ba0a2-0050012025/related/CMO-Historical-Data-Monthly.xlsx
2022-03-01,fuel-ng-europe-ttf,eu,42.39297079612,https://thedocs.worldbank.org/en/doc/18675f1d1639c7a34d463f59263ba0a2-0050012025/related/CMO-Historical-Data-Monthly.xlsx
2022-04-01,fuel-ng-europe-ttf,eu,32.20418722871,https://thedocs.worldbank.org/en/doc/18675f1d1639c7a34d463f59263ba0a2-0050012025/related/CMO-Historical-Data-Monthly.xlsx
2022-05-01,fuel-ng-europe-ttf,eu,29.17072267381,https://thedocs.worldbank.org/en/doc/18675f1d1639c7a34d463f59263ba0a2-0050012025/related/CMO-Historical-Data-Monthly.xlsx
2022-06-01,fuel-ng-europe-ttf,eu,33.55773104275,https://thedocs.worldbank.org/en/doc/18675f1d1639c7a34d463f59263ba0a2-0050012025/related/CMO-Historical-Data-Monthly.xlsx
2022-07-01,fuel-ng-europe-ttf,eu,51.33003047298,https://thedocs.worldbank.org/en/doc/18675f1d1639c7a34d463f59263ba0a2-0050012025/related/CMO-Historical-Data-Monthly.xlsx
2022-08-01,fuel-ng-europe-ttf,eu,70.04363980339,https://thedocs.worldbank.org/en/doc/18675f1d1639c7a34d463f59263ba0a2-0050012025/related/CMO-Historical-Data-Monthly.xlsx
2022-09-01,fuel-ng-europe-ttf,eu,59.10262225038,https://thedocs.worldbank.org/en/doc/18675f1d1639c7a34d463f59263ba0a2-0050012025/related/CMO-Historical-Data-Monthly.xlsx
2022-10-01,fuel-ng-europe-ttf,eu,39.02204993845,https://thedocs.worldbank.org/en/doc/18675f1d1639c7a34d463f59263ba0a2-0050012025/related/CMO-Historical-Data-Monthly.xlsx
2022-11-01,fuel-ng-europe-ttf,eu,35.72328224044,https://thedocs.worldbank.org/en/doc/18675f1d1639c7a34d463f59263ba0a2-0050012025/related/CMO-Historical-Data-Monthly.xlsx
2022-12-01,fuel-ng-europe-ttf,eu,36.04426003614,https://thedocs.worldbank.org/en/doc/18675f1d1639c7a34d463f59263ba0a2-0050012025/related/CMO-Historical-Data-Monthly.xlsx
2023-01-01,fuel-ng-europe-ttf,eu,20.18397092135,https://thedocs.worldbank.org/en/doc/18675f1d1639c7a34d463f59263ba0a2-0050012025/related/CMO-Historical-Data-Monthly.xlsx
2023-02-01,fuel-ng-europe-ttf,eu,16.53713727891,https://thedocs.worldbank.org/en/doc/18675f1d1639c7a34d463f59263ba0a2-0050012025/related/CMO-Historical-Data-Monthly.xlsx
2023-03-01,fuel-ng-europe-ttf,eu,13.81207686229,https://thedocs.worldbank.org/en/doc/18675f1d1639c7a34d463f59263ba0a2-0050012025/related/CMO-Historical-Data-Monthly.xlsx
2023-04-01,fuel-ng-europe-ttf,eu,13.52052961513,https://thedocs.worldbank.org/en/doc/18675f1d1639c7a34d463f59263ba0a2-0050012025/related/CMO-Historical-Data-Monthly.xlsx
2023-05-01,fuel-ng-europe-ttf,eu,10.10875599841,https://thedocs.worldbank.org/en/doc/18675f1d1639c7a34d463f59263ba0a2-0050012025/related/CMO-Historical-Data-Monthly.xlsx
2023-06-01,fuel-ng-europe-ttf,eu,10.35062473915,https://thedocs.worldbank.org/en/doc/18675f1d1639c7a34d463f59263ba0a2-0050012025/related/CMO-Historical-Data-Monthly.xlsx
2023-07-01,fuel-ng-europe-ttf,eu,9.54528398968,https://thedocs.worldbank.org/en/doc/18675f1d1639c7a34d463f59263ba0a2-0050012025/related/CMO-Historical-Data-Monthly.xlsx
2023-08-01,fuel-ng-europe-ttf,eu,11.19194456369,https://thedocs.worldbank.org/en/doc/18675f1d1639c7a34d463f59263ba0a2-0050012025/related/CMO-Historical-Data-Monthly.xlsx
2023-09-01,fuel-ng-europe-ttf,eu,11.54929514615,https://thedocs.worldbank.org/en/doc/18675f1d1639c7a34d463f59263ba0a2-0050012025/related/CMO-Historical-Data-Monthly.xlsx
2023-10-01,fuel-ng-europe-ttf,eu,14.56950705657,https://thedocs.worldbank.org/en/doc/18675f1d1639c7a34d463f59263ba0a2-0050012025/related/CMO-Historical-Data-Monthly.xlsx
2023-11-01,fuel-ng-europe-ttf,eu,14.48505487638,https://thedocs.worldbank.org/en/doc/18675f1d1639c7a34d463f59263ba0a2-0050012025/related/CMO-Historical-Data-Monthly.xlsx
2023-12-01,fuel-ng-europe-ttf,eu,11.50665790666,https://thedocs.worldbank.org/en/doc/18675f1d1639c7a34d463f59263ba0a2-0050012025/related/CMO-Historical-Data-Monthly.xlsx
2024-01-01,fuel-ng-europe-ttf,eu,9.55961355312,https://thedocs.worldbank.org/en/doc/18675f1d1639c7a34d463f59263ba0a2-0050012025/related/CMO-Historical-Data-Monthly.xlsx
2024-02-01,fuel-ng-europe-ttf,eu,8.14838086764,https://thedocs.worldbank.org/en/doc/18675f1d1639c7a34d463f59263ba0a2-0050012025/related/CMO-Historical-Data-Monthly.xlsx
2024-03-01,fuel-ng-europe-ttf,eu,8.55372632183,https://thedocs.worldbank.org/en/doc/18675f1d1639c7a34d463f59263ba0a2-0050012025/related/CMO-Historical-Data-Monthly.xlsx
2024-04-01,fuel-ng-europe-ttf,eu,9.08511900567,https://thedocs.worldbank.org/en/doc/18675f1d1639c7a34d463f59263ba0a2-0050012025/related/CMO-Historical-Data-Monthly.xlsx
2024-05-01,fuel-ng-europe-ttf,eu,10.12306554509,https://thedocs.worldbank.org/en/doc/18675f1d1639c7a34d463f59263ba0a2-0050012025/related/CMO-Historical-Data-Monthly.xlsx
2024-06-01,fuel-ng-europe-ttf,eu,10.86897789978,https://thedocs.worldbank.org/en/doc/18675f1d1639c7a34d463f59263ba0a2-0050012025/related/CMO-Historical-Data-Monthly.xlsx
2024-07-01,fuel-ng-europe-ttf,eu,10.34681932853,https://thedocs.worldbank.org/en/doc/18675f1d1639c7a34d463f59263ba0a2-0050012025/related/CMO-Historical-Data-Monthly.xlsx
2024-08-01,fuel-ng-europe-ttf,eu,12.37459819711,https://thedocs.worldbank.org/en/doc/18675f1d1639c7a34d463f59263ba0a2-0050012025/related/CMO-Historical-Data-Monthly.xlsx
2024-09-01,fuel-ng-europe-ttf,eu,11.7842591911,https://thedocs.worldbank.org/en/doc/18675f1d1639c7a34d463f59263ba0a2-0050012025/related/CMO-Historical-Data-Monthly.xlsx
2024-10-01,fuel-ng-europe-ttf,eu,12.92013302544,https://thedocs.worldbank.org/en/doc/18675f1d1639c7a34d463f59263ba0a2-0050012025/related/CMO-Historical-Data-Monthly.xlsx
2024-11-01,fuel-ng-europe-ttf,eu,13.92640045783,https://thedocs.worldbank.org/en/doc/18675f1d1639c7a34d463f59263ba0a2-0050012025/related/CMO-Historical-Data-Monthly.xlsx
2024-12-01,fuel-ng-europe-ttf,eu,13.85662099801,https://thedocs.worldbank.org/en/doc/18675f1d1639c7a34d463f59263ba0a2-0050012025/related/CMO-Historical-Data-Monthly.xlsx
2025-01-01,fuel-ng-europe-ttf,eu,14.66351159521,https://thedocs.worldbank.org/en/doc/18675f1d1639c7a34d463f59263ba0a2-0050012025/related/CMO-Historical-Data-Monthly.xlsx
2025-02-01,fuel-ng-europe-ttf,eu,15.34053214373,https://thedocs.worldbank.org/en/doc/18675f1d1639c7a34d463f59263ba0a2-0050012025/related/CMO-Historical-Data-Monthly.xlsx
2025-03-01,fuel-ng-europe-ttf,eu,13.23540689614,https://thedocs.worldbank.org/en/doc/18675f1d1639c7a34d463f59263ba0a2-0050012025/related/CMO-Historical-Data-Monthly.xlsx
2025-04-01,fuel-ng-europe-ttf,eu,11.59029271163,https://thedocs.worldbank.org/en/doc/18675f1d1639c7a34d463f59263ba0a2-0050012025/related/CMO-Historical-Data-Monthly.xlsx
2025-05-01,fuel-ng-europe-ttf,eu,11.66346590514,https://thedocs.worldbank.org/en/doc/18675f1d1639c7a34d463f59263ba0a2-0050012025/related/CMO-Historical-Data-Monthly.xlsx
2025-06-01,fuel-ng-europe-ttf,eu,12.36749611794,https://thedocs.worldbank.org/en/doc/18675f1d1639c7a34d463f59263ba0a2-0050012025/related/CMO-Historical-Data-Monthly.xlsx
2025-07-01,fuel-ng-europe-ttf,eu,11.62054157322,https://thedocs.worldbank.org/en/doc/18675f1d1639c7a34d463f59263ba0a2-0050012025/related/CMO-Historical-Data-Monthly.xlsx
2025-08-01,fuel-ng-europe-ttf,eu,11.14799164024,https://thedocs.worldbank.org/en/doc/18675f1d1639c7a34d463f59263ba0a2-0050012025/related/CMO-Historical-Data-Monthly.xlsx
2025-09-01,fuel-ng-europe-ttf,eu,11.11631534669,https://thedocs.worldbank.org/en/doc/18675f1d1639c7a34d463f59263ba0a2-0050012025/related/CMO-Historical-Data-Monthly.xlsx
2025-10-01,fuel-ng-europe-ttf,eu,10.88817270675,https://thedocs.worldbank.org/en/doc/18675f1d1639c7a34d463f59263ba0a2-0050012025/related/CMO-Historical-Data-Monthly.xlsx
2025-11-01,fuel-ng-europe-ttf,eu,10.42040288015,https://thedocs.worldbank.org/en/doc/18675f1d1639c7a34d463f59263ba0a2-0050012025/related/CMO-Historical-Data-Monthly.xlsx
2025-12-01,fuel-ng-europe-ttf,eu,9.48260496782,https://thedocs.worldbank.org/en/doc/18675f1d1639c7a34d463f59263ba0a2-0050012025/related/CMO-Historical-Data-Monthly.xlsx
